1.979301536916636683e+00
1.801212887714471300e+00
1.768986272933481985e+00
1.723447771896531533e+00
1.739153068271183322e+00
1.658873522309564752e+00
1.701193284815896156e+00
1.750325409216977324e+00
1.748933883748317486e+00
1.793883843423828228e+00
1.779211512724143907e+00
1.782060075447103209e+00
1.714105551128316307e+00
1.914465786695338734e+00
1.904654855484984255e+00
1.624099586148110230e+00
1.655091784039432579e+00
1.733057278941654511e+00
1.724317104891433416e+00
1.896121364531044184e+00
1.816038541218247371e+00
1.980729526288969256e+00
1.982151024041456155e+00
1.679726761575549787e+00
1.677105912935700438e+00
1.776065146134504280e+00
1.756288156109968801e+00
1.861959720078443459e+00
1.826151756261418235e+00
1.846136561590002945e+00
1.737884886802036233e+00
1.637875029338961230e+00
1.943154207866420347e+00
1.746672932149899271e+00
1.595768794220813414e+00
1.675145105792072542e+00
1.800383008258424677e+00
1.635869912482987409e+00
1.739978117090182019e+00
1.664897428871992435e+00
1.708254045241987207e+00
1.660557669564376448e+00
1.716708593744333822e+00
1.680954886283572369e+00
1.737921466711744634e+00
1.778049275117138617e+00
1.778382202806813916e+00
1.727828541510717963e+00
1.729065520044216653e+00
1.754379829927762424e+00
1.798340264880461614e+00
1.921111441967010780e+00
1.878740979190652416e+00
1.745300035885404277e+00
1.664445094331151953e+00
1.658180453345892591e+00
1.593865619664792899e+00
1.772968049390532430e+00
1.774275581696017623e+00
1.727511924144340627e+00
1.670195938242191591e+00
1.801347225315633294e+00
1.638107540944907514e+00
1.778370393021512896e+00
1.692360844651726648e+00
1.682822029322952773e+00
1.736053185151776423e+00
1.839318721308330185e+00
1.850037407870096962e+00
2.080634095330391453e+00
1.947494478729816070e+00
2.125069002515214134e+00
2.013531839353699393e+00
1.842542240588998181e+00
1.974328871170944577e+00
1.855209310164890546e+00
1.894691532207142037e+00
2.100273851393248847e+00
1.995312967882765465e+00
2.175468206559958873e+00
1.857271385223512095e+00
1.819800754513583696e+00
1.836907118370582959e+00
1.826999413337054401e+00
1.745148672441642512e+00
1.620603532852588735e+00
1.797622803188586138e+00
1.815227973756724289e+00
1.792394722193685119e+00
1.828647765661873370e+00
1.767198423481263214e+00
1.871005203717943433e+00
1.905102065559201252e+00
1.883240721603410162e+00
1.759167028178130199e+00
1.652516792499595821e+00
1.445479923357698260e+00
1.483598609030906124e+00
1.432386405235873239e+00
1.454212557911161330e+00
1.511578063354882984e+00
1.487872681315533629e+00
1.431214924380230569e+00
1.372660212570809612e+00
1.392872096260878712e+00
1.408503089918246909e+00
1.512722681480017428e+00
1.470305212651749072e+00
1.409598375722298513e+00
1.417234190549021777e+00
1.385291933123902641e+00
1.459203353204034492e+00
1.450791838060172534e+00
1.497888549096491495e+00
1.458748479726880376e+00
1.451358562803641838e+00
1.456711130684736677e+00
1.502691192237502138e+00
1.487783612249663934e+00
1.478187187707947103e+00
1.381668892948688443e+00
1.448355599266313964e+00
1.438562301870594418e+00
1.451553683250626170e+00
1.469442646559676602e+00
1.467436145339869213e+00
1.461199710724382816e+00
1.496460323075311516e+00
1.548765492824799583e+00
1.578262421763923840e+00
1.557882813469750660e+00
1.525299426821151494e+00
1.503646426471522801e+00
1.484679070746151242e+00
1.484229479954926267e+00
1.471640477635513422e+00
1.527276743831670336e+00
1.563971111560834348e+00
1.487524877901560627e+00
1.512997435391566059e+00
1.547569213896494267e+00
1.525002804303062565e+00
1.497997426441145308e+00
1.485167111595053990e+00
1.555389574487072935e+00
1.512328577542918939e+00
1.454872641643512488e+00
1.405225916162606614e+00
1.427773707308472639e+00
1.449393438442943882e+00
1.486812150093737017e+00
1.533393922201384374e+00
1.604476955388246084e+00
1.527912313837781477e+00
1.555816350922742508e+00
1.509701046263573376e+00
1.516169231118091210e+00
1.530688995218102422e+00
1.552315464934397760e+00
1.524040303767838722e+00
1.546659648564602696e+00
1.561855254681584926e+00
1.555894691988527700e+00
1.527274100557352687e+00
1.527233426618886725e+00
1.684852839595664342e+00
1.787515615254437362e+00
1.961164432124229418e+00
1.981708064906817057e+00
1.955606667147655298e+00
1.928125631689668884e+00
1.967029851238561999e+00
1.784759047738223359e+00
1.937122698588487069e+00
2.067087812697231186e+00
1.877169120845787686e+00
1.960191732410781373e+00
2.063874785049413685e+00
1.815266195812803796e+00
1.990410580440865385e+00
2.050755310099218409e+00
2.023319953970287521e+00
1.941000414714262323e+00
2.015053699175910928e+00
1.825485038312817165e+00
1.881465544987357630e+00
1.849072504395299354e+00
1.827644110365022501e+00
1.968721385911399668e+00
1.761579470733808606e+00
1.837607241534774172e+00
1.898810740408433784e+00
1.868806316500508435e+00
2.130179857756052009e+00
2.163589535129518460e+00
2.044088135139005669e+00
2.022963335309898802e+00
2.190319032039392155e+00
1.983769166488408731e+00
1.737480652591794072e+00
1.779007780902542635e+00
1.934808618519192613e+00
1.782319257807050361e+00
1.856902294893505445e+00
1.892286882705375595e+00
1.991272116352850396e+00
1.956330592195355544e+00
1.942878421488916318e+00
2.002846372094913452e+00
1.975184852583909079e+00
1.996375730376967361e+00
1.782561273378733713e+00
1.725297856694645748e+00
1.836874567415008430e+00
1.848738004248127620e+00
1.974679531850832337e+00
2.066961434433136624e+00
1.995420158091389728e+00
2.119359944655411887e+00
2.039828810738807174e+00
1.827653146306860821e+00
1.825226179186521414e+00
1.511582061695056156e+00
1.823976990196284786e+00
1.922564742749083955e+00
1.901856926871588138e+00
1.871524393871446090e+00
1.820151071754297245e+00
1.896336327299140700e+00
1.928520710297183305e+00
1.813179414476204787e+00
1.782113204374490945e+00
1.855033323918674704e+00
1.992554327275392723e+00
2.152348639766250127e+00
1.973903810973496986e+00
2.018073293968779769e+00
2.075784933323966630e+00
1.669965348786559334e+00
1.899609612552787707e+00
1.900389559589648059e+00
1.937204274794245729e+00
1.867640783611846267e+00
1.911338757553330270e+00
1.714698384156277733e+00
1.798012718305822100e+00
1.804380084250652772e+00
1.897692720269140043e+00
1.963972584048440551e+00
2.059454641452353574e+00
2.027187751850782593e+00
1.757351765673626609e+00
1.982386926951562156e+00
1.918213200917408434e+00
1.963842344294238540e+00
1.816268254107258784e+00
1.987372479785924240e+00
1.917213971345304913e+00
1.955347814767333992e+00
2.007725441711934344e+00
2.098263265320820636e+00
2.116844893045473075e+00
1.875865631446507420e+00
2.057536318482722670e+00
1.760323064337167676e+00
1.629265187033295925e+00
1.576418795339784351e+00
1.588239643965900338e+00
1.556473144901975969e+00
1.820529532452245691e+00
1.782989496924705319e+00
1.696024434929721547e+00
1.681153956685493611e+00
1.520318153897845193e+00
1.521547697543099709e+00
1.618225469647467163e+00
1.603459453464387119e+00
1.516484616431712729e+00
1.515027920331515121e+00
1.575421506345150657e+00
1.548684520834989975e+00
1.443774690623930157e+00
1.403317869026996956e+00
1.346094420050895080e+00
1.397550791811992488e+00
1.396555993700779208e+00
1.461075850334635495e+00
1.410382572415463054e+00
1.435708506360054759e+00
1.412697714505658952e+00
1.386546780033597326e+00
1.351632031108238374e+00
1.455033205930841289e+00
1.415229302245685661e+00
1.421064106157724272e+00
1.428548383819598699e+00
1.423837944869078109e+00
1.418041940857214023e+00
1.379785834645721021e+00
1.575686647209768809e+00
1.461204446597591744e+00
1.455432894256641241e+00
1.434843602346395519e+00
1.492801911187563668e+00
1.402671406399167875e+00
1.370504014340865773e+00
1.374406566848757283e+00
1.383265621630421105e+00
1.378603753281944622e+00
1.375018811242218586e+00
1.435925571418295688e+00
1.425428345981789358e+00
1.509634646974236993e+00
1.400066676405866462e+00
1.411840795974898866e+00
1.583695241383629604e+00
1.559091601087446932e+00
1.470789892372314611e+00
1.494553539070905046e+00
1.367553882169228352e+00
1.328591954881192638e+00
1.321957723798907969e+00
1.322831917552071967e+00
1.333941697013070415e+00
1.314307733507855458e+00
1.326102367552988825e+00
1.326636807622257885e+00
1.302638990231514748e+00
1.364591917591710502e+00
1.342387766729681520e+00
1.347128397760981589e+00
1.307810479022352146e+00
1.391116167969501216e+00
1.376090128661695111e+00
1.461400560728388642e+00
1.464916691714669872e+00
1.436541412076991930e+00
1.483622480679737787e+00
1.348759356657859731e+00
1.359847917232919645e+00
1.415270941658165693e+00
1.522132316541666253e+00
1.615962082559508683e+00
1.590604813205211965e+00
1.491299296176221922e+00
1.554690339758595385e+00
1.530938434955442018e+00
1.545681041626078667e+00
1.605904737114643765e+00
1.583810119754747614e+00
1.590717241340422916e+00
1.590367620649158598e+00
1.618098205873724327e+00
1.506800661923055618e+00
1.567940133429820415e+00
1.665311944819543033e+00
1.651612581256726164e+00
1.639081942550879356e+00
1.568856992542567719e+00
1.613719717985311108e+00
1.587266599897884545e+00
1.554894198559361396e+00
1.527497582534737441e+00
1.540071841796000429e+00
1.560290293005535567e+00
1.535638294639950274e+00
1.605165693171955343e+00
1.641951760898620050e+00
1.648252268228917350e+00
1.615241934569251914e+00
1.632258383088829090e+00
1.602891388041506104e+00
1.624718117682017349e+00
1.581747201749111209e+00
1.506571919024652040e+00
1.511192693044850710e+00
1.459216107349506020e+00
1.491234059311427718e+00
1.558587605556743583e+00
1.504435076870105803e+00
1.556760965664284901e+00
1.517257485553318963e+00
1.518392928810179621e+00
1.552655411766214799e+00
1.609279122946651874e+00
1.584854476781669241e+00
1.611904418630434321e+00
1.603173937434323904e+00
1.592370467233567233e+00
1.518828584218498534e+00
1.484289926746704236e+00
1.603158425144288302e+00
1.576781047679443493e+00
1.501065769659441829e+00
1.460176997365464802e+00
1.458142935869566115e+00
1.475979403594166683e+00
1.474495337579360577e+00
1.468256410376095777e+00
1.465824537597492316e+00
1.358730232254808712e+00
1.404305511041843202e+00
1.345594615067049027e+00
1.357936804928724817e+00
1.410447213508946973e+00
1.438101107722180805e+00
1.393911328125511551e+00
1.364855459835309759e+00
1.519026555304649806e+00
1.415234798061880239e+00
1.468936120206043805e+00
1.490480350537434662e+00
1.558695885378149626e+00
1.666088930083178932e+00
1.617755521755357417e+00
1.680333500027276550e+00
1.655471537524120240e+00
1.692670457022885211e+00
1.661284005327982927e+00
1.627146356743801592e+00
1.689978554505022990e+00
1.657500694245907624e+00
1.648270859461962168e+00
1.620577156060422741e+00
1.695928543818850720e+00
1.670078418961085776e+00
1.614433548039222233e+00
1.652904191839557946e+00
1.599830000880420267e+00
1.598295833731542936e+00
1.506209666267957381e+00
1.685258363648370450e+00
1.736662142175339874e+00
1.685217686864044717e+00
1.638253483700989444e+00
1.586815101786402060e+00
1.531983781012010493e+00
1.563569812490781974e+00
1.395256583504267400e+00
1.524405444290759526e+00
1.570802557943240529e+00
1.684183053617908321e+00
1.629947999595105390e+00
1.651701315090091660e+00
1.767313728004090478e+00
1.722264958714997185e+00
1.592208904428546568e+00
1.600194450007115243e+00
1.633063484686110955e+00
1.565725415395675890e+00
1.552384263946873899e+00
1.506995287614648626e+00
1.523831296723463291e+00
1.557195598465013875e+00
1.512560675190177450e+00
1.477496419575545339e+00
1.502000191222750525e+00
1.501883183458841753e+00
1.546790658086530490e+00
1.618969472901340190e+00
1.598337402533202223e+00
1.594229668665011923e+00
1.522944583412653818e+00
1.495537329123041159e+00
1.440244959872041264e+00
1.475565026192757756e+00
1.598754763615384711e+00
1.613924079929193622e+00
1.594232453555552986e+00
1.594278411890020397e+00
1.569981234442252349e+00
1.629699575464633510e+00
1.625074438167835034e+00
1.640984330397086133e+00
1.626052999956614009e+00
1.507177565095609406e+00
1.637056244648470438e+00
1.512630234922521799e+00
1.653667736895534812e+00
1.541240622734078025e+00
1.534334778460967330e+00
1.595552011061745823e+00
1.643242020503965506e+00
1.631188492889819708e+00
1.637336662130075338e+00
1.562201620612004183e+00
1.622803132773039891e+00
1.534674272416034047e+00
1.620223575356304568e+00
1.652689784847733323e+00
1.662824413229338827e+00
1.639761685448151596e+00
1.505254551093839765e+00
1.535318948272096140e+00
1.602138126333161328e+00
1.641525223471182349e+00
1.627872474061012875e+00
1.584335033407446636e+00
1.597888799294963968e+00
1.654771681833182795e+00
1.618628283741570417e+00
1.651936184757563986e+00
1.693518040617304710e+00
1.606154906396516147e+00
1.629050418419897062e+00
1.594831772790794133e+00
1.448398603777215854e+00
1.437146108153984025e+00
1.449587213906700089e+00
1.464297640589225402e+00
1.499067045626588213e+00
1.517614350534896239e+00
1.443863210578101963e+00
1.516334590993319020e+00
1.550966436865231834e+00
1.481263797838227925e+00
1.501414144086557378e+00
1.502424294100940028e+00
1.535781490464495747e+00
1.549502066591151861e+00
1.545299557731464990e+00
1.457923123872685300e+00
1.429442662845365142e+00
1.515590651445433368e+00
1.480251303375062832e+00
1.522962796368571903e+00
1.481454695094823304e+00
1.468162753129794496e+00
1.560882137925001967e+00
1.503931178180640149e+00
1.472980786268475839e+00
1.484382201637517218e+00
1.490588372094324265e+00
1.446014263152095358e+00
1.503587118458014071e+00
1.510715521649662607e+00
1.561126271945804778e+00
1.615783044257455670e+00
1.568447100012030804e+00
1.599163571810587436e+00
1.599734122869374442e+00
1.533426601412395618e+00
1.567789929610637012e+00
1.592467770445337161e+00
1.638201720447983067e+00
1.595010741815485744e+00
1.565121426204486133e+00
1.496816508947766744e+00
1.475068833752012143e+00
1.533665033157293633e+00
1.547319681843082551e+00
1.508999933354102652e+00
1.509163651995250266e+00
1.469490390755436193e+00
1.532941356518126685e+00
1.457517192481502244e+00
1.461414205583454029e+00
1.467463090919544966e+00
1.459885304733726130e+00
1.444208442684258742e+00
1.508445112384066311e+00
1.437782089829096499e+00
1.501952084427582879e+00
1.499069383132965338e+00
1.550167058912820695e+00
1.444462071275328885e+00
1.528105413638845889e+00
1.517527252527852033e+00
1.472332124216577887e+00
1.500701102357195005e+00
1.479851458535488273e+00
1.457431863383804371e+00
1.414376927627017499e+00
1.456627403292838352e+00
1.467921791333950399e+00
1.454806867203914278e+00
1.447439733947969653e+00
1.426918330289949299e+00
1.402128650892264794e+00
1.459540078948682096e+00
1.427131019483802721e+00
1.444855964481512878e+00
1.418585658663209292e+00
1.450603831849135217e+00
1.421034771684936970e+00
1.449047153046123304e+00
1.462789524317602341e+00
1.426749178389045802e+00
1.436708529979220605e+00
1.422528300369251042e+00
1.429616439441771636e+00
1.388526680776684286e+00
1.414628677142177215e+00
1.458621419851379164e+00
1.430136125524456014e+00
1.416845564584665595e+00
1.538007965124181142e+00
1.524303129802815793e+00
1.661505683233364561e+00
1.605676792055318991e+00
1.678622898742851532e+00
1.583735748570837210e+00
1.661078863005938322e+00
1.537417770088794100e+00
1.498469077980988828e+00
1.567521277568085791e+00
1.590484904006803202e+00
1.580219705297788657e+00
1.577220796387239776e+00
1.641402160087373607e+00
1.556149880481009218e+00
1.514614405144766973e+00
1.430477032738070475e+00
1.448202598311594258e+00
1.521490510667712570e+00
1.528097309889579591e+00
1.543101852080835945e+00
1.443179620563015630e+00
1.542544372538885211e+00
1.494154720455875607e+00
1.450072867234844631e+00
1.493747031529080393e+00
1.533979878073389314e+00
1.505210514389035747e+00
1.568541785095000307e+00
1.449275134476205151e+00
1.385132654828401089e+00
1.544756447536861366e+00
1.515970564173929169e+00
1.480606410061670930e+00
1.462406786727766583e+00
1.405528458920578982e+00
1.539983003483498036e+00
1.669922322357321409e+00
1.572208857785890368e+00
1.559715747162579547e+00
1.661247183607645228e+00
1.653924545428709036e+00
1.559905256724134937e+00
1.515638373156555474e+00
1.448864009323368007e+00
1.460417022616765204e+00
1.480691421541129316e+00
1.505370649146604789e+00
1.482047055641287914e+00
1.464676279658422287e+00
1.421266631693095972e+00
1.458489400796064484e+00
1.430804620212265732e+00
1.623407738664684352e+00
1.630367405781943280e+00
1.648527748693578987e+00
1.661273499669245313e+00
1.705298287126365553e+00
1.743485392239862541e+00
1.722742524374089479e+00
1.787829797156058387e+00
1.668584687234782038e+00
1.775978631576013544e+00
1.648334933945863723e+00
1.628007265091539368e+00
1.778207714600972933e+00
1.649036483034301614e+00
1.579400507026677669e+00
1.772725036329732884e+00
1.771586368462759964e+00
1.736035433798371663e+00
1.770851547921983293e+00
1.740858414421487588e+00
1.674097888058583727e+00
1.646351313342107048e+00
1.661007838015049698e+00
1.704213093522786604e+00
1.578932949706841837e+00
1.530903221467014852e+00
1.488755353960612871e+00
1.418764558169518963e+00
1.477967231789849789e+00
1.590410842624980559e+00
1.547010866505472704e+00
1.608544531026818936e+00
1.522375361863817167e+00
1.560383842458669568e+00
1.563769585380092364e+00
1.510202847890179223e+00
1.608758801482131906e+00
1.670106037948295707e+00
1.637811826696890849e+00
1.795376134346099439e+00
1.726760318789368087e+00
1.674946710115190251e+00
1.574503629067590005e+00
1.702058113476941470e+00
1.655944866328327825e+00
1.772316170479905750e+00
1.786493046245488880e+00
1.857066510085056077e+00
1.875873492752504701e+00
1.783772075500298371e+00
1.741590916386927423e+00
1.632689540214542268e+00
1.660850906738019717e+00
1.733251714022769674e+00
1.727924203020052785e+00
1.766600592924534308e+00
1.647159217524724273e+00
1.626616889607453764e+00
1.619524812216452059e+00
1.658149312841141310e+00
1.587640393280427942e+00
1.662313574715055475e+00
1.524626021794649011e+00
1.457567098426654217e+00
1.574835297014714142e+00
1.570471967652988576e+00
1.523023544697317710e+00
1.489659279099880829e+00
1.515557814045447982e+00
1.589874900129612190e+00
1.525044278297710276e+00
1.591501905383754911e+00
1.534964257198918380e+00
1.724074656560299790e+00
1.662710146431743086e+00
1.554690608567477872e+00
1.642643240270962979e+00
1.662396495206564628e+00
1.678908647346721406e+00
1.546739262269434478e+00
1.624954398255155308e+00
1.587809688679057141e+00
1.639067583444099752e+00
1.693218219120885104e+00
1.587393525403965278e+00
1.706330232923807033e+00
1.646339440366835882e+00
1.701043829414881081e+00
1.613613471235030739e+00
1.705782060439121173e+00
1.645704349233193087e+00
1.610886710707634562e+00
1.694376378103790159e+00
1.626437679348150311e+00
1.645228560458066536e+00
1.706959922019066322e+00
1.641252531271092385e+00
1.632215426701665528e+00
1.731741360000635943e+00
1.720978400859765500e+00
1.675584578691919235e+00
1.620322800201666746e+00
1.789909833972491038e+00
1.672924545884164838e+00
1.694969779790272302e+00
1.634681847313959269e+00
1.667689036489976351e+00
1.628827255428079157e+00
1.589393592651733744e+00
1.661065640602676696e+00
1.620750138809203822e+00
1.595988333418213445e+00
1.588513527789004343e+00
1.553691913504335442e+00
1.639807450223740748e+00
1.595069724902146380e+00
1.644864745870491696e+00
1.687841361103698423e+00
1.673433278044700989e+00
1.641372587834453167e+00
1.693567411764332009e+00
1.772358321674498471e+00
1.725895068740278981e+00
1.614050967332613107e+00
1.683183868767156977e+00
1.606191781650129435e+00
1.715322234441131410e+00
1.682131931803855229e+00
1.716506004188395051e+00
1.605344904823832186e+00
1.639673862676628957e+00
1.549352118467873796e+00
1.564734946522499781e+00
1.476426668327700531e+00
1.641968079852782258e+00
1.626922058201788701e+00
1.499663009813271719e+00
1.574448884358064404e+00
1.615500961242066325e+00
1.607916732964356665e+00
1.587036148615620368e+00
1.593438430568683062e+00
1.628454867200947787e+00
1.637239479578587176e+00
1.554087412649963751e+00
1.616409045096453889e+00
1.602499468373104863e+00
1.590229520496306392e+00
1.605183921751424325e+00
1.561510045960683213e+00
1.630880282556689709e+00
1.693931541549387187e+00
1.576727552581112191e+00
1.595343888253772713e+00
1.519359432952346545e+00
1.538592190201685694e+00
1.522810210755817240e+00
1.559534025773944732e+00
1.622668279634678745e+00
1.614307387689121631e+00
1.636717833896649710e+00
1.613298223576808743e+00
1.554150365084514540e+00
1.614773550475880448e+00
1.629017929754132288e+00
1.516641156605453178e+00
1.568995055369689418e+00
1.502632893816231219e+00
1.542847689719909932e+00
1.613257147224495869e+00
1.627746418169408793e+00
1.637600681296347949e+00
1.547613820145569141e+00
1.473486707610740964e+00
1.530984339355392576e+00
1.546831706867598522e+00
1.551645929051563400e+00
1.509143003156823593e+00
1.474190022464645144e+00
1.483764227594343010e+00
1.387591476583138306e+00
1.470132842557563047e+00
1.483857945793071398e+00
1.457383541833562779e+00
1.456790052569662208e+00
1.461198707694637555e+00
1.565380383035892775e+00
1.462576050615449486e+00
1.425542374740468077e+00
1.453694724479527078e+00
1.463479173740742212e+00
1.526616502789077012e+00
1.522103021173917048e+00
1.508684892499829289e+00
1.568841263509161754e+00
1.483947593612420235e+00
1.576227093768002296e+00
1.475184884500968518e+00
1.390959643767884613e+00
1.457343517130155197e+00
1.365124107332196690e+00
1.531898309860137530e+00
1.432188484176796672e+00
1.454890990364425374e+00
1.508230406167178073e+00
1.422159158138673885e+00
1.433110896525710443e+00
1.474201114156015402e+00
1.491198678692281732e+00
1.473389012690253574e+00
1.447379800160373708e+00
1.390016940942794044e+00
1.382008625001556412e+00
1.376424569495708461e+00
1.435092766902062777e+00
1.393968136826601256e+00
1.413314266076984849e+00
1.414426812873049943e+00
1.407196420062116538e+00
1.333889583331490991e+00
1.379577501303792308e+00
1.323860448419138969e+00
1.340110740488250851e+00
1.352785254886426758e+00
1.388646254370491828e+00
1.356291705144221149e+00
1.325662100225887485e+00
1.462052082905924477e+00
1.506340081139277975e+00
1.406093959292337381e+00
1.501349119555487999e+00
1.461841293168067546e+00
1.407903403776875395e+00
1.465036628310679934e+00
1.437886636404013485e+00
1.455193936172397784e+00
1.447147516396367184e+00
1.477141829419611252e+00
1.326673284674493303e+00
1.338412432183526679e+00
1.334811735576702407e+00
1.311069714338393144e+00
1.285514193717406162e+00
1.301083666173301179e+00
1.301942517273187994e+00
1.306290075229125769e+00
1.340349705554937154e+00
1.318782508894825956e+00
1.459557285937640891e+00
1.425808117455314328e+00
1.410590476404692373e+00
1.395338717253089333e+00
1.455568460065366443e+00
1.298757155068160474e+00
1.415030917900079954e+00
1.368554898652226903e+00
1.380198512653592502e+00
1.314762936602092758e+00
1.337843736462438704e+00
1.375761756244315626e+00
1.483226772839890684e+00
1.468488562227269867e+00
1.470890566167988744e+00
1.440826501961512962e+00
1.441995505341779671e+00
1.391125991807953710e+00
1.413340003863398531e+00
1.423322655178627993e+00
1.398898563350426727e+00
1.406071332112857730e+00
1.489452043302837092e+00
1.454200599538845617e+00
1.362555443860338666e+00
1.378447494453832300e+00
1.472528160961543042e+00
1.332724499427392573e+00
1.395788971983254134e+00
1.359688152883870682e+00
1.373185611105251835e+00
1.347185168379888776e+00
1.350113660298141394e+00
1.304419005090109662e+00
1.405309257894239439e+00
1.369824317045241546e+00
1.421896948694434837e+00
1.478435733999913015e+00
1.400001177429972543e+00
1.494542636339832420e+00
1.541398596210526994e+00
1.609372611639378281e+00
1.463924407019901563e+00
1.371117505970282480e+00
1.548742249720711728e+00
1.581170014791232203e+00
1.622294140869902090e+00
1.657630066093614518e+00
1.559460676072223384e+00
1.572297032849898191e+00
1.500604636798112734e+00
1.601782697533646438e+00
1.489300566147451210e+00
1.605959716853829988e+00
1.612715287616770521e+00
1.472959100221637563e+00
1.352131148383306058e+00
1.386667038245267047e+00
1.459220012334775163e+00
1.419640109106076631e+00
1.432124544904040064e+00
1.544897394272808588e+00
1.543748764391174921e+00
1.436772270988798006e+00
1.475069239433056456e+00
1.410634045503360356e+00
1.440924559324913590e+00
1.587068036413584737e+00
1.529566543777883814e+00
1.593291114270230402e+00
1.579886206391235781e+00
1.571011912367527907e+00
1.644615666786499286e+00
1.512228806486910049e+00
1.463185372686136132e+00
1.545614835049487823e+00
1.391620221117777056e+00
1.412114316762487665e+00
1.527048842858543587e+00
1.492443755500205249e+00
1.476889341703560898e+00
1.432539282192877295e+00
1.370175710817774783e+00
1.348739289884279824e+00
1.369422974380829272e+00
1.409291644555106693e+00
1.365096044631721517e+00
1.409188117857815614e+00
1.394649733874056441e+00
1.559688914671907067e+00
1.543908808510519926e+00
1.557011568285508574e+00
1.552405981682476233e+00
1.449779418118488428e+00
1.518573226805176590e+00
1.479958897537215989e+00
1.465335560115091251e+00
1.518385404272321715e+00
1.439397954392917400e+00
1.491335560092217793e+00
1.580499088763732685e+00
1.557023209203265646e+00
1.516497792943111156e+00
1.447397027927103563e+00
1.534386720781098168e+00
1.477711441921113922e+00
1.533718330615007064e+00
1.496069088085077992e+00
1.410259803867141892e+00
1.421729787662693312e+00
1.538580999221718315e+00
1.447520958468006436e+00
1.525251490546398969e+00
1.429793654275551607e+00
1.560950801024393542e+00
1.544967927998767587e+00
1.496720944476359838e+00
1.430926978771875246e+00
1.345923662737054105e+00
1.436492617959499896e+00
1.570040205398392841e+00
1.572197539155395063e+00
1.630926747670593313e+00
1.620904133891534427e+00
1.511784877990503206e+00
1.483585751930846408e+00
1.541322500353437652e+00
1.611206350377403895e+00
1.574912343223303424e+00
1.630286018192848685e+00
1.544752496579840040e+00
1.526444787097887668e+00
1.638262308006060097e+00
1.635594395008665325e+00
1.625770991651451558e+00
1.628160439203514498e+00
1.619682606589748497e+00
1.566065821451047890e+00
1.638709064882534649e+00
1.507460091851316575e+00
1.475891326745067955e+00
1.501029230402366910e+00
1.488102316046122198e+00
1.370168089381836873e+00
1.327950353051048804e+00
1.322037713206961174e+00
1.330027619835135955e+00
1.307343205960858290e+00
1.381734254240057913e+00
1.368691961069455232e+00
1.364572463028857596e+00
1.372011429870851895e+00
1.349081729143252639e+00
1.347607866443815361e+00
1.362528378203671675e+00
1.344940977457176778e+00
1.334264014178992985e+00
1.361795040356365449e+00
1.360884264756994755e+00
1.352663620838185254e+00
1.332426161915114760e+00
1.339524336567955887e+00
1.308384710948533813e+00
1.333023116978360401e+00
1.297068005241641009e+00
1.332110759154716328e+00
1.343016877442017254e+00
1.327475050466709661e+00
1.341481113168334405e+00
1.318128956661160922e+00
1.324512301835764738e+00
1.316558701438776513e+00
1.321146579331474502e+00
1.323225391702249176e+00
1.290075478514278506e+00
1.345328884137622749e+00
1.315908818149696291e+00
1.340480648446704448e+00
1.313497711120035660e+00
1.349087811728080899e+00
1.369827606696856437e+00
1.325778417441702217e+00
1.344156177163045029e+00
1.317114496962164427e+00
1.310182597172478092e+00
1.311536738205318242e+00
1.305437564719327037e+00
1.286216255168872946e+00
1.288633251725771478e+00
1.309217151426643300e+00
1.296477594987556881e+00
1.332965748338793777e+00
1.345109160909948809e+00
1.329383948951924133e+00
1.350012877477001050e+00
1.346774844176823471e+00
1.315953403639647412e+00
1.314025280856543798e+00
1.314217054888334735e+00
1.332662940825093623e+00
1.370053234826803079e+00
1.341457930393585629e+00
1.381836829728412042e+00
1.330395218163094473e+00
1.352926432624686592e+00
1.359467283500435553e+00
1.321344717873327301e+00
1.357784561236178300e+00
1.309757826397127678e+00
1.300906372603156003e+00
1.310434826960005017e+00
1.316835918471912503e+00
1.265345188908410634e+00
1.292629709938353688e+00
1.299589719256992515e+00
1.280713731276902356e+00
1.301685674218381772e+00
1.287513977743923066e+00
1.283420262402209300e+00
1.283421669889355465e+00
1.280511080497820808e+00
1.274281568465506664e+00
1.322821400784502277e+00
1.302052684870967925e+00
1.284101847911224281e+00
1.304848834555165649e+00
1.299042686281288494e+00
1.317757446309127722e+00
1.328910939029823934e+00
1.305653453140308562e+00
1.302137272796582979e+00
1.308225778691731511e+00
1.328265668519571507e+00
1.344509095036903412e+00
1.387523449804400455e+00
1.323036281318486163e+00
1.304685088505542767e+00
1.278300101820540879e+00
1.286247326892717258e+00
1.305491018845283069e+00
1.311225394538213296e+00
1.272313463832550839e+00
1.299734239171475902e+00
1.254686401578742228e+00
1.322931334664641856e+00
1.283379736674280736e+00
1.299795771667630495e+00
1.293244318673818505e+00
1.340962765716350091e+00
1.310543035875233686e+00
1.317665902089052210e+00
1.337112921423910139e+00
1.302189011185119760e+00
1.325952879336935508e+00
1.396543115706539551e+00
1.337570357126076193e+00
1.345477466646955333e+00
1.282067655697064712e+00
1.294074368413571152e+00
1.299908563520824956e+00
1.341396049968222703e+00
1.314729162845909904e+00
1.337071683576203318e+00
1.323677905541731148e+00
1.302079151218485942e+00
1.293656403025364110e+00
1.287580367044995455e+00
1.260733595880704216e+00
1.326691860055929428e+00
1.289856627995840332e+00
1.283709906005672474e+00
1.281468130725583077e+00
1.279468459166020589e+00
1.290868906190917542e+00
1.311260665695612948e+00
1.318323163095871164e+00
1.295266926106831029e+00
1.304803944293066120e+00
1.276005824287330892e+00
1.306528690856824326e+00
1.305941268458379989e+00
1.300958188659551151e+00
1.271655764603311312e+00
1.281714391105796880e+00
1.310316537316303043e+00
1.285228415386438838e+00
1.296284416272052598e+00
1.311839473733052319e+00
1.347378789422486456e+00
1.369417214196018140e+00
1.363996238422930496e+00
1.345552455869191144e+00
1.351023677866884487e+00
1.364531465997649518e+00
1.345021182511475066e+00
1.378746583430524364e+00
1.349470324294676615e+00
1.358431509677957338e+00
1.354841714895857141e+00
1.391454559208109787e+00
1.357339777325455410e+00
1.355934433284740726e+00
1.320702119846569378e+00
1.272915637545386947e+00
1.320246225283751684e+00
1.358373792210008091e+00
1.353735380527571364e+00
1.370779831914251679e+00
1.317105802397182890e+00
1.312763775097211427e+00
1.328809801689864623e+00
1.322699785425674124e+00
1.273748150256373890e+00
1.309774674236078518e+00
1.303189892186623622e+00
1.322506734152851804e+00
1.324155046240724332e+00
1.340798345419326409e+00
1.342542361765338033e+00
1.327717498818986597e+00
1.323166196136068340e+00
1.355802708544449731e+00
1.354967768560842556e+00
1.330605288246876405e+00
1.350379087043721338e+00
1.348045843715308223e+00
1.343853746342633437e+00
1.352537709985771386e+00
1.328767976087203539e+00
1.391267314157761836e+00
1.369228170733468808e+00
1.371432147780611066e+00
1.409765764624650863e+00
1.398846751332568417e+00
1.397691067747929505e+00
1.427787096537001199e+00
1.399759037550275309e+00
1.362097102045266794e+00
1.442642944615663891e+00
1.390420760000949052e+00
1.415951767306472764e+00
1.474166129088009924e+00
1.444866935486684323e+00
1.533951335287618400e+00
1.573197918232702275e+00
1.426081512264540940e+00
1.583335575549641439e+00
1.470896411021343386e+00
1.428483055708148264e+00
1.582378728107527666e+00
1.480650606780314682e+00
1.514881831075363339e+00
1.478607762803227255e+00
1.520843864075619445e+00
1.507303868199909358e+00
1.619063640772095747e+00
1.575007791528409085e+00
1.569320171039655154e+00
1.512671412242024838e+00
1.484477539140428570e+00
1.395647205861067386e+00
1.368397882731794635e+00
1.352343656029310281e+00
1.389177574659067327e+00
1.343013268811430461e+00
1.300899350383934339e+00
1.262573824911355169e+00
1.260821043072058556e+00
1.237563672729429687e+00
1.245222842651744211e+00
1.248170377175552126e+00
1.247064958208925933e+00
1.266857327192568938e+00
1.238164375800746342e+00
1.259386241899529191e+00
1.248069970273042006e+00
1.246344334521405361e+00
1.217186506564564841e+00
1.222066338720820822e+00
1.261194318365381983e+00
1.266783153339357648e+00
1.246901327416194860e+00
1.263915412452127462e+00
1.277157167442187768e+00
1.274982855640757862e+00
1.275658611437458179e+00
1.281765581276468113e+00
1.274931327534852610e+00
1.252607506329316722e+00
1.259442484715909805e+00
1.264564316748346018e+00
1.223455153027878328e+00
1.234688510245368187e+00
1.231549912509531941e+00
1.231406263822296010e+00
1.231555194555873367e+00
1.278154296326433847e+00
1.270413072955179912e+00
1.289797544075625080e+00
1.264811327102242977e+00
1.291634319177241474e+00
1.280490599691627596e+00
1.271314686021319140e+00
1.274305009676544920e+00
1.275873978355160698e+00
1.268868513059512759e+00
1.273489860252021488e+00
1.279260662055614173e+00
1.280226812165184080e+00
1.229357237514592249e+00
1.248973576516116291e+00
1.239758573013623133e+00
1.249134125209682367e+00
1.220745052165642885e+00
1.256463135555246469e+00
1.233427283447122269e+00
1.258594735548119070e+00
1.251856421296287714e+00
1.237078427800553548e+00
1.244360220998360855e+00
1.235883135913532271e+00
1.264877233252963196e+00
1.225880798464012988e+00
1.225152792769760302e+00
1.240128251182956109e+00
1.234516296513692657e+00
1.232606197440235363e+00
1.195672516207880065e+00
1.206218615122461202e+00
1.223231583981440274e+00
1.215609555588488044e+00
1.232142862440584352e+00
1.245886054255335607e+00
1.215451665453127994e+00
1.197979481214888731e+00
1.217303212496358755e+00
1.207967595760230939e+00
1.190633468019463459e+00
1.198938011174443208e+00
1.201759808357805381e+00
1.208282816833118334e+00
1.226757593153454895e+00
1.201984856532881674e+00
1.203410195159950735e+00
1.204420848082942364e+00
1.213397334512886117e+00
1.226574748690669070e+00
1.207891953360609616e+00
1.213822022103814735e+00
1.201470716746105616e+00
1.213234816307522612e+00
1.211507751762654683e+00
1.176186398683487955e+00
1.188730403589586482e+00
1.184502588857820671e+00
1.202806383021381098e+00
1.206285640509924040e+00
1.212326228831720032e+00
1.209664768871900220e+00
1.197771522524193388e+00
1.202759212627457774e+00
1.199130368245293177e+00
1.210577557120483094e+00
1.230253585683974915e+00
1.223684171934461107e+00
1.244182110775289063e+00
1.217466969037613866e+00
1.237672712691901156e+00
1.252837263011910007e+00
1.230447061318980406e+00
1.252546755841457138e+00
1.235857809963413878e+00
1.227903521928039421e+00
1.250499037891201759e+00
1.215178428975517866e+00
1.221555801919491424e+00
1.232511527544790875e+00
1.211543090390876376e+00
1.239204574466296283e+00
1.265671489929570459e+00
1.263777514569411453e+00
1.279195342542733593e+00
1.281191689257132005e+00
1.266830985559549871e+00
1.271369502534232199e+00
1.258714362363814399e+00
1.248579229937184509e+00
1.234575413652029496e+00
1.256670655938789238e+00
1.253136054094553753e+00
1.251731361213016758e+00
1.257852182145286823e+00
1.275905734111633771e+00
1.270487924614597697e+00
1.282918586687429752e+00
1.285454606890173546e+00
1.313888027448625984e+00
1.284376869942655652e+00
1.278243307518600380e+00
1.242818639283099102e+00
1.285341755549221476e+00
1.260046024158360423e+00
1.253299315650789669e+00
1.273002010809160867e+00
1.274586927191052821e+00
1.292172859991447709e+00
1.258950148377531608e+00
1.237991177868844161e+00
1.218591985716229953e+00
1.223434376998251638e+00
1.236827457433310240e+00
1.247933407147501228e+00
1.277828928872703829e+00
1.315663234238964696e+00
1.254458462939409769e+00
1.250860091960135811e+00
1.278049595171361297e+00
1.258352770388063480e+00
1.291768955163647092e+00
1.314387553071002523e+00
1.277139099192018845e+00
1.308600056404312983e+00
1.284961640019409934e+00
1.300488930154289458e+00
1.283068872804791205e+00
1.279719465518557975e+00
1.285885144950434933e+00
1.252905422502246902e+00
1.280797427200848881e+00
1.296080511570406157e+00
1.298464253226713216e+00
1.310080970153768787e+00
1.312605227762122073e+00
1.267038228744282069e+00
1.335288161412692576e+00
1.297868084947142231e+00
1.304256829401610585e+00
1.313165902227638293e+00
1.307165717428817375e+00
1.317627280331962192e+00
1.307483203984968645e+00
1.344302591561761462e+00
1.350317483292813980e+00
1.332174233994219525e+00
1.303323783403462555e+00
1.325430314937057652e+00
1.322748675233964555e+00
1.307547271329243088e+00
1.297614818564704064e+00
1.320744454813846946e+00
1.324351377905013338e+00
1.285391757010979630e+00
1.281738192296680623e+00
1.263823743237316277e+00
1.282693240973694637e+00
1.277429249317290072e+00
1.281021071830884983e+00
1.259262560281659393e+00
1.259595147684834826e+00
1.274684170558176399e+00
1.333025028023322012e+00
1.307589158088579673e+00
1.338650140316344661e+00
1.313353892174133453e+00
1.389670118613764105e+00
1.335610031604541170e+00
1.310842314268220399e+00
1.368885463806623237e+00
1.385344685142848586e+00
1.359754121525536874e+00
1.333328208329686460e+00
1.354749243961307359e+00
1.378202807431900379e+00
1.326185735202674687e+00
1.323866614578768530e+00
1.342506657981176188e+00
1.317589931344585130e+00
1.346167930769349930e+00
1.286315054218972964e+00
1.292042714184079344e+00
1.339541262194249072e+00
1.306284369689991509e+00
1.298705470813739993e+00
1.308938783735618339e+00
1.318449043006471255e+00
1.336908690461081850e+00
1.415813942358742583e+00
1.334633800715721019e+00
1.363584751057487221e+00
1.358655010554768117e+00
1.358022956605215770e+00
1.370210620711669103e+00
1.329063454773802055e+00
1.363537533493987208e+00
1.336827794944950742e+00
1.377095337389337981e+00
1.350590116710719046e+00
1.388674640673544625e+00
1.357759542286777421e+00
1.272163057546435327e+00
1.308650623598832663e+00
1.387006541845253960e+00
1.368824651649844126e+00
1.348318845716289571e+00
1.361505401988599040e+00
1.354166184736443679e+00
1.336452741114005915e+00
1.350687076471997594e+00
1.311716816989080492e+00
1.350051848326181192e+00
1.326212525523635444e+00
1.349005606422826853e+00
1.361207365670598746e+00
1.288362888296461950e+00
1.325348071201259526e+00
1.366825451491561871e+00
1.343050195597383700e+00
1.393603793882510100e+00
1.379508527780706872e+00
1.336022085547670546e+00
1.331626246442487060e+00
1.332788807781346785e+00
1.317766057857304274e+00
1.320927999045997225e+00
1.308811624531514672e+00
1.326952317151365524e+00
1.360521128942765667e+00
1.364588841694551746e+00
1.322134018418404944e+00
1.365416895782830098e+00
1.320263387442351721e+00
1.313034509566272767e+00
1.276913542627890585e+00
1.286126662756136740e+00
1.315847395805455067e+00
1.271126284687723373e+00
1.316144971514631612e+00
1.270322218347383458e+00
1.264650825433096148e+00
1.258126680972586398e+00
1.307239985012123462e+00
1.306306601500565323e+00
1.302227160842574616e+00
1.312443535117531868e+00
1.271034472930702153e+00
1.271860664405827013e+00
1.281230688359068504e+00
1.270764318813420779e+00
1.357514448040647137e+00
1.386417934584966760e+00
1.424654691581026977e+00
1.363476300335020541e+00
1.424881605178478505e+00
1.354439582687556820e+00
1.338270452222207529e+00
1.343989855875401540e+00
1.353854927870513647e+00
1.393385497700539544e+00
1.398560788262143362e+00
1.410570759165795662e+00
1.349191675032952453e+00
1.394500124397321184e+00
1.341655392574983452e+00
1.381111199134687162e+00
1.345257062769447121e+00
1.370807657043273009e+00
1.373968164652778823e+00
1.378568090675061031e+00
1.425460938241931652e+00
1.357135191853746647e+00
1.395722540399331191e+00
1.405110120367765170e+00
1.393405145278773682e+00
1.383897257625036570e+00
1.357353496771614765e+00
1.393920540958827115e+00
1.408906515584672503e+00
1.363467171484657348e+00
1.407367658286063472e+00
1.382780792659456415e+00
1.439478709860508188e+00
1.408542666789925235e+00
1.438539348559874975e+00
1.407519782026483313e+00
1.412628726813735414e+00
1.410585604226767042e+00
1.394498218453398275e+00
1.381163715272834658e+00
1.364772885197114372e+00
1.387883144902031685e+00
1.412250947880826057e+00
1.404035310563953143e+00
1.363166617715114715e+00
1.385574470613932130e+00
1.417463066947519446e+00
1.428952360229902130e+00
1.433077270192310904e+00
1.387758856942228336e+00
1.354056725125937444e+00
1.373553117945092827e+00
1.394585125218421817e+00
1.382896667487591991e+00
1.393899615479874177e+00
1.337019723778739566e+00
1.361919235967467889e+00
1.414545754424567203e+00
1.436967234364254331e+00
1.374881333479373469e+00
1.396254467850932546e+00
1.408705420488038262e+00
1.399228297888199135e+00
1.473533662498256014e+00
1.409797148929159860e+00
1.400577553372091666e+00
1.409727877748180758e+00
1.413863808727624960e+00
1.404374284341956436e+00
1.415710890718214543e+00
1.402797061599523332e+00
1.423173251139362216e+00
1.368345721739672838e+00
1.425909473409763484e+00
1.420549248226659289e+00
1.388563826246483890e+00
1.394127524928812978e+00
1.394972107931072403e+00
1.409199328774031201e+00
1.363603317641167045e+00
1.395575287535294917e+00
1.407500634957924879e+00
1.425076110782067751e+00
1.406788757447467120e+00
1.417499659205246232e+00
1.434778952077270020e+00
1.445110071300153898e+00
1.446054987460062113e+00
1.381262052663755124e+00
1.401524010351878902e+00
1.398915418639897101e+00
1.427639855968073412e+00
1.430526985239965132e+00
1.435684544832512843e+00
1.456745169422806629e+00
1.402378416338195599e+00
1.486209367108004109e+00
1.422358233932301763e+00
1.454505340887707554e+00
1.449914020662995684e+00
1.404181790980546296e+00
1.412988588576804094e+00
1.399077290799226825e+00
1.431588450442912164e+00
1.411356498628240974e+00
1.405327280381451160e+00
1.370887828594250957e+00
1.393750706163337183e+00
1.414140393328651601e+00
1.423053476851950272e+00
1.473274212320168308e+00
1.380552603075001716e+00
1.406969153844996212e+00
1.478024115230744284e+00
1.365689752492951436e+00
1.418267269553857846e+00
1.381661409081069047e+00
1.384087751086506834e+00
1.471563381324372477e+00
1.487577330338587078e+00
1.380513448964624912e+00
1.413898715893126212e+00
1.471087293248407146e+00
1.409791545626573495e+00
1.470631245493618788e+00
1.380529566483744031e+00
1.389779577412240563e+00
1.489696318727551816e+00
1.455605994025672700e+00
1.494530370560400501e+00
1.508455013068998207e+00
1.566682635946132551e+00
1.522658813995751315e+00
1.731721589293427233e+00
1.691155268646258980e+00
1.606943814176019503e+00
1.596804765303485585e+00
1.539364838994698115e+00
1.636341093363519850e+00
1.468394673897420954e+00
1.580019878382526999e+00
1.752065120074295823e+00
1.753489658175812815e+00
1.798585066084504636e+00
1.789949160915788928e+00
1.556292969825046502e+00
1.797594212952025705e+00
1.707595984929297650e+00
1.657319425679056435e+00
1.662316731183395291e+00
1.580605282696882830e+00
1.603459840127370084e+00
1.634920668462817916e+00
1.627352120576164740e+00
1.624390368451622990e+00
1.581828779539853347e+00
1.537886861842062913e+00
1.624926269286754099e+00
1.555835175195088516e+00
1.522161888027471655e+00
1.517986139727402595e+00
1.536717169619143064e+00
1.552195097023697956e+00
1.573881027673920574e+00
1.617650078338503050e+00
1.619806434089864799e+00
1.536232942759865994e+00
1.595693627160091665e+00
1.685582861568234225e+00
1.654882326991159447e+00
1.557948482768238607e+00
1.528707122053865497e+00
1.563334919738111672e+00
1.497763583562711442e+00
1.574034293421003428e+00
1.518485427976281832e+00
1.535019880486746313e+00
1.540678422978246420e+00
1.589855482094653327e+00
1.612258085890361903e+00
1.414123654944768660e+00
1.331371222511828822e+00
1.393744594879357424e+00
1.489729100771439718e+00
1.514495262528722908e+00
1.543658424152626996e+00
1.405942551490169556e+00
1.653374197160275116e+00
1.449405428006053098e+00
1.481188794959074739e+00
1.449471690391862300e+00
1.529400521663057066e+00
1.555808706473230663e+00
1.498753410317394508e+00
1.404431585586376263e+00
1.379736119909987346e+00
1.316727503865365412e+00
1.417688470783531107e+00
1.465489082244071373e+00
1.512406728925622224e+00
1.502772596983880105e+00
1.519785090070872924e+00
1.453317086132651870e+00
1.495545034801388784e+00
1.495910588639437266e+00
1.510720323986691982e+00
1.511195904657789857e+00
1.551104555875947311e+00
1.584999138965267784e+00
1.572096342708640737e+00
1.596138092853799373e+00
1.540520600045959698e+00
1.446372419745793891e+00
1.479936486968534082e+00
1.459046970597433601e+00
1.436370322357406915e+00
1.389884073255854613e+00
1.270825016657602502e+00
1.307559827229352045e+00
1.335495040142419709e+00
1.313328198968258587e+00
1.393503225241861765e+00
1.340442213036779684e+00
1.382478817307793539e+00
1.367752855486241259e+00
1.357824545879984246e+00
1.361333160326327008e+00
1.404029166521004512e+00
1.353754799334390135e+00
1.294016941428697054e+00
1.358576327378736792e+00
1.325948375155315828e+00
1.331692353811272156e+00
1.374820755776341885e+00
1.367147404180627746e+00
1.356030542186659638e+00
1.388149630201435114e+00
1.362904982774764129e+00
1.390665495932279283e+00
1.317327808084194363e+00
1.344539526279476815e+00
1.289699497673456596e+00
1.281256181832394647e+00
1.297955452779571583e+00
1.269655174910542250e+00
1.329200308845991385e+00
1.396649440379321705e+00
1.338350472731202556e+00
1.325206726095385257e+00
1.352798120554917549e+00
1.385721055334380836e+00
1.393317841906500654e+00
1.386727907513403357e+00
1.392650605978841050e+00
1.374492093851958474e+00
1.331626816354414711e+00
1.432691800928567405e+00
1.471463437812998265e+00
1.421460290608538291e+00
1.368108967046993030e+00
1.412063911798090654e+00
1.419462995245416748e+00
1.439733048315681163e+00
1.349491858609088490e+00
1.337144930356845451e+00
1.411012652842008164e+00
1.383993572218453538e+00
1.416091266999846665e+00
1.351799497763145341e+00
1.377488846781863119e+00
1.386547269020139028e+00
1.390930985619002636e+00
1.397824089923610069e+00
1.436644244815116656e+00
1.424425128828191056e+00
1.459332735235594258e+00
1.434018424367436317e+00
1.429926382909092908e+00
1.383806993967269916e+00
1.391742128173217630e+00
1.369687002499976547e+00
1.390243857949479356e+00
1.401444586069968912e+00
1.410572593083992521e+00
1.395475660853505939e+00
1.409101927848291025e+00
1.414439895618286647e+00
1.424664870837973440e+00
1.396275060441583893e+00
1.414342176277565866e+00
1.386655039989539429e+00
1.388160715923191457e+00
1.395695551150602398e+00
1.400829169747928038e+00
1.399163075107546783e+00
1.397723442607828659e+00
1.360156769770958007e+00
1.379485414647452002e+00
1.390719276543132210e+00
1.404403989264044750e+00
1.402370788795156864e+00
1.377943886617968072e+00
1.398095634181559577e+00
1.421595640855072507e+00
1.393506258109625140e+00
1.382092718366799255e+00
1.388000057359887851e+00
1.398149715428184336e+00
1.396891492151955960e+00
1.399058438678450145e+00
1.410247359771093612e+00
1.396581815906163593e+00
1.433533954284639478e+00
1.373603727734110214e+00
1.403371831260496361e+00
1.401092372654281215e+00
1.388683904457172158e+00
1.408131913529989898e+00
1.412688753935785968e+00
1.422817460142565604e+00
1.416497357996260753e+00
1.387073384663927822e+00
1.379667646388055058e+00
1.400909485499894691e+00
1.383746267022092580e+00
1.412070653021593847e+00
1.315571358238886601e+00
1.330873941878052191e+00
1.309627426741337475e+00
1.317059391625741815e+00
1.338420009344017059e+00
1.312185022775643528e+00
1.319464838947098428e+00
1.356559501980495908e+00
1.380010304338544325e+00
1.349560937560233098e+00
1.385599212635905353e+00
1.318711727617734253e+00
1.290748944582149838e+00
1.377782039637149181e+00
1.340209194385284963e+00
1.369115112024671177e+00
1.331423507020161656e+00
1.342217482976706622e+00
1.311477550553465266e+00
1.372970029929675206e+00
1.367356141663445435e+00
1.340602001442026348e+00
1.345603434414821997e+00
1.335731856798323181e+00
1.325906841911602685e+00
1.297413515937910988e+00
1.327409319139648769e+00
1.362227941540196774e+00
1.394194290718973051e+00
1.346064627616300413e+00
1.309687119057628024e+00
1.345224114677614269e+00
1.334399750630951287e+00
1.307838556266105678e+00
1.310135135456304445e+00
1.325941407821870532e+00
1.296248963836916346e+00
1.319163764433705976e+00
1.286410381275010284e+00
1.291924605775166546e+00
1.303205603244494304e+00
1.286835747354170056e+00
1.307882333137940778e+00
1.318050905295840014e+00
1.295183243027826725e+00
1.317614559220450676e+00
1.315906504173629976e+00
1.273521185653123000e+00
1.269285570221759807e+00
1.255077519428807520e+00
1.250603990974765933e+00
1.273940960952415491e+00
1.278225912588432323e+00
1.342637343539756944e+00
1.364561472251698993e+00
1.391256293015063150e+00
1.463821177719286215e+00
1.429041263782300231e+00
1.520549759477761054e+00
1.388637747167360992e+00
1.618775643995003177e+00
1.690938248042068714e+00
1.546013212953291305e+00
1.589489662650694246e+00
1.471081353084730203e+00
1.486847268638268327e+00
1.516079390862262732e+00
1.514741784253855084e+00
1.474509715486094885e+00
1.472492140894001267e+00
1.571138485755653180e+00
1.549248540089724013e+00
1.527236585003193703e+00
1.509251956777549308e+00
1.499376259973234315e+00
1.401684222677705538e+00
1.389233053722349620e+00
1.382606903244851582e+00
1.346246352733755147e+00
1.384321779024545673e+00
1.390944707088747956e+00
1.341909303363334915e+00
1.383699882797692515e+00
1.414071459322903790e+00
1.401268461933609322e+00
1.368061672103548787e+00
1.352122420080404286e+00
1.381514169346985232e+00
1.375662086550306862e+00
1.386772001670837806e+00
1.361242145944584481e+00
1.337113584508423880e+00
1.378067944272187928e+00
1.356318562266319860e+00
1.374762616775230484e+00
1.414997606635478355e+00
1.387377565021440162e+00
1.347699372588020417e+00
1.364718660371414094e+00
1.372136190640825815e+00
1.428647697558277363e+00
1.408772934270947852e+00
1.430377090422588759e+00
1.481825676383679680e+00
1.436909057074357454e+00
1.437286298361315273e+00
1.398223570638133628e+00
1.350695375830511802e+00
1.343050940096080392e+00
1.365788073282776960e+00
1.375268223321354011e+00
1.383775137782020215e+00
1.395136039794359739e+00
1.383840879221496012e+00
1.402660015208585964e+00
1.406296471975583051e+00
1.400688164693492554e+00
1.380200764193237672e+00
1.334510126249023099e+00
1.359614353535657294e+00
1.391960735604734767e+00
1.376820963727342528e+00
1.379012902492918080e+00
1.377110523041194634e+00
1.427472332310630421e+00
1.373316960039857149e+00
1.389346994448635630e+00
1.411354003061796591e+00
1.417317284229848040e+00
1.385672353710264648e+00
1.398711516860273063e+00
1.365727513152947825e+00
1.325346243802955071e+00
1.363453388103560204e+00
1.365992785755140826e+00
1.359403299377067054e+00
1.355282431960282752e+00
1.385079249385031908e+00
1.350280347669890579e+00
1.355271977893906410e+00
1.392956067991109048e+00
1.415722314471300258e+00
1.404266636609630137e+00
1.404397604010016787e+00
1.381241477406745632e+00
1.363214082255194359e+00
1.376395677993790034e+00
1.362456173552525351e+00
1.347510696021380516e+00
1.327768105735610549e+00
1.364856401563666166e+00
1.346842516125960509e+00
1.482445333054164482e+00
1.441007498099242001e+00
1.614343174767637779e+00
1.558796299970029331e+00
1.633708225387741519e+00
1.581383901863342212e+00
1.358127767842000955e+00
1.423555916508185248e+00
1.393853316400124775e+00
1.383933422380856371e+00
1.405350069123780798e+00
1.417706325630730735e+00
1.385144203646206718e+00
1.347426590094353394e+00
1.334002213485369515e+00
1.353175084126146510e+00
1.422928688560736177e+00
1.485214429932928626e+00
1.592134525524092625e+00
1.595261989748899545e+00
1.532717041381297385e+00
1.471087135204647289e+00
1.477596740100354467e+00
1.379615877325288453e+00
1.419300624131218491e+00
1.435665496050090306e+00
1.366240954988418466e+00
1.389282715133864921e+00
1.413567128307854581e+00
1.432386316681894645e+00
1.352861191393946116e+00
1.491041033983313335e+00
1.437346165357028527e+00
1.467367382623750549e+00
1.446161546855938340e+00
1.459657551274408549e+00
1.573577607612060891e+00
1.538032361808897130e+00
1.667611816662860180e+00
1.710148392542921059e+00
1.672423717716218006e+00
1.654019820329591939e+00
1.617575520737940531e+00
1.677060636513858949e+00
1.695367715772891248e+00
1.708409177451102989e+00
1.695380910561631760e+00
1.657170177271337419e+00
1.709625474137404177e+00
1.747464304597319051e+00
1.850199902155056142e+00
1.861256359747528677e+00
1.735214267575535985e+00
1.773687043810434405e+00
1.699063495844826077e+00
1.582339089401075594e+00
1.530162583745523497e+00
1.524544610415944135e+00
1.485453302503341622e+00
1.580595527458365623e+00
1.608825095660034954e+00
1.672954090383618864e+00
1.778525633865255973e+00
1.768761491745300507e+00
1.627460842821135012e+00
1.697510719486436281e+00
1.646438177783565715e+00
1.560465725811869930e+00
1.662946234612479701e+00
1.699873039022501642e+00
1.602921384414254691e+00
1.618567447171413098e+00
1.675356498166643338e+00
1.583585539034820133e+00
1.519629094269787428e+00
1.497711666988052137e+00
1.460165935925181735e+00
1.494753352691022164e+00
1.453673765341455759e+00
1.506812622984564864e+00
1.499896206725606529e+00
1.542068839504150635e+00
1.690955694940851073e+00
1.594508964781975680e+00
1.521604885872648305e+00
1.583217521113371440e+00
1.638001131248906672e+00
1.523893837381132821e+00
1.765296897526291930e+00
1.607498617045681755e+00
1.461366063088724410e+00
1.413271136292200358e+00
1.462936785424500119e+00
1.576464406166883325e+00
1.683287775950899068e+00
1.539166416983266616e+00
1.414475625060380937e+00
1.433458148809583665e+00
1.560380760457198868e+00
1.497855692718407017e+00
1.577387520521070341e+00
1.570396294401983139e+00
1.371239870578705666e+00
1.324032141352446068e+00
1.401891769220721562e+00
1.383942352271835263e+00
1.377293034645075132e+00
1.389157569441122897e+00
1.384011115370219036e+00
1.341853343875683002e+00
1.328607002567018691e+00
1.365032460976523199e+00
1.363661698149225332e+00
1.351396126349324156e+00
1.410879931167108969e+00
1.375281964327211615e+00
1.369999296284661439e+00
1.422809575503752644e+00
1.428873929288089206e+00
1.395552494113288411e+00
1.420325718477896348e+00
1.392618552646083696e+00
1.460748502290237338e+00
1.422450356427940266e+00
1.370442205900775923e+00
1.370174302031246238e+00
1.333112870373543979e+00
1.341984895072305672e+00
1.341737105698731058e+00
1.311621879262953483e+00
1.302806398266479704e+00
1.347987374780738268e+00
1.330366478734192892e+00
1.330683198962127056e+00
1.319664262340609406e+00
1.327876806456093073e+00
1.368122087108877283e+00
1.369225785615499236e+00
1.383481979441097298e+00
1.347073881139980722e+00
1.349032575160860059e+00
1.359526433680266155e+00
1.368176603339840147e+00
1.439586773060737013e+00
1.473304423294756749e+00
1.417502429263814090e+00
1.405919568229899941e+00
1.456382867998458064e+00
1.456804614753743232e+00
1.513479211964989579e+00
1.351249291636722694e+00
1.433892351673273557e+00
1.378922832943170640e+00
1.429178495033875063e+00
1.379562292618130348e+00
1.581541005805882527e+00
1.560366241666393039e+00
1.474120971949622438e+00
1.491153307143239459e+00
1.378152616952454057e+00
1.383079317859506663e+00
1.420150931065139677e+00
1.454768076579722846e+00
1.494167739445151799e+00
1.400456196362626748e+00
1.343492098986487804e+00
1.369043240181468502e+00
1.360346663974483894e+00
1.341857690248472235e+00
1.369234007342029269e+00
1.359749337901908994e+00
1.380593080155591235e+00
1.345205404786221193e+00
1.393620699096327353e+00
1.400000949321701160e+00
1.353661167358893191e+00
1.477361123073528404e+00
1.504348910824031549e+00
1.529287282371452728e+00
1.458601072220746975e+00
1.519726148172575453e+00
1.501037418913478083e+00
1.461497755892854356e+00
1.491542133836104789e+00
1.651311900931923704e+00
1.623383605276106811e+00
1.682905214884697465e+00
1.720620107303096225e+00
1.641904307014137476e+00
1.670829150514701045e+00
1.448117791137568444e+00
1.493419099083363344e+00
1.545799595012256944e+00
1.536448857285877212e+00
1.640631516729571748e+00
1.594941207037940956e+00
1.556405959679121764e+00
1.550887149587547365e+00
1.543703466174082051e+00
1.635055013439267846e+00
1.654154515399979264e+00
1.634677950728911311e+00
1.703992361394476296e+00
1.653677884969072531e+00
1.581591082015186611e+00
1.668743458702997673e+00
1.596211030555021004e+00
1.663461257599743170e+00
1.624856866606148920e+00
1.543975090578882270e+00
1.634457453762881762e+00
1.507672936253095175e+00
1.549670724852927561e+00
1.659743950252865030e+00
1.582897458829437998e+00
1.644775334057739347e+00
1.588918868349237234e+00
1.603122110628406816e+00
1.354450715817856032e+00
1.359009618202208447e+00
1.397268077223624783e+00
1.454178410260846599e+00
1.382353727989157122e+00
1.337197814404449403e+00
1.348707555945729331e+00
1.380076750654115614e+00
1.400161841073961355e+00
1.354736347877277147e+00
1.389181923771859006e+00
1.444036278998358069e+00
1.509960654969650706e+00
1.644635970545078818e+00
1.568190194526080772e+00
1.577524175770363080e+00
1.532967996538604050e+00
1.538052297796114409e+00
1.648033754794275607e+00
1.593540727685884395e+00
1.547944477038456057e+00
1.355335825661611482e+00
1.397186592598861576e+00
1.363065910019201299e+00
1.371088152590790754e+00
1.399354768985233255e+00
1.418351275892907326e+00
1.416807069853122547e+00
1.411702446221357210e+00
1.364732303178225470e+00
1.378229804143065396e+00
1.356828679438931262e+00
1.367800452912595333e+00
1.347848066954663748e+00
1.374551965931948061e+00
1.315650503229729651e+00
1.336446633883645818e+00
1.355631867963383641e+00
1.324279158376612919e+00
1.368261306385098353e+00
1.403178806033724468e+00
1.409825583087438661e+00
1.357512751428661346e+00
1.352210619684439896e+00
1.364802522729456458e+00
1.419021002508805473e+00
1.361874541890063517e+00
1.423726351070833784e+00
1.436058793144532331e+00
1.377397127911722974e+00
1.333239581174318733e+00
1.428474945015221431e+00
1.412362613816080970e+00
1.461542377143534077e+00
1.504166055860226781e+00
1.467545972862159376e+00
1.497379463995566429e+00
1.521424405499795407e+00
1.479567332982181904e+00
1.451331564512636563e+00
1.449097060016172334e+00
1.370507159627639027e+00
1.391540807213574871e+00
1.407818959984862506e+00
1.417988600185108083e+00
1.360662290364728078e+00
1.406746785449302095e+00
1.390200783436370546e+00
1.365379558598337484e+00
1.371775814181523945e+00
1.347221638480651462e+00
1.381466740534269766e+00
1.358489738301741578e+00
1.376217587213968807e+00
1.386187100329506983e+00
1.380411371509246310e+00
1.389124403788815743e+00
1.357118676837793858e+00
1.352998937693633330e+00
1.309870253281746999e+00
1.300012681475321896e+00
1.346502378412412826e+00
1.280957523932397146e+00
1.309038504928982993e+00
1.343166323107821247e+00
1.381036507033185146e+00
1.351196114126918868e+00
1.343962786806126797e+00
1.342965251043927832e+00
1.375364735332492261e+00
1.336889678105074530e+00
1.303944132146921620e+00
1.339186941109779871e+00
1.322338751804591483e+00
1.319901580856152723e+00
1.354081375929114595e+00
1.354225023976816988e+00
1.340780775135032687e+00
1.336402280865558900e+00
1.339647126799304422e+00
1.329570213007564838e+00
1.329622882015957241e+00
1.328350577796512111e+00
1.322655009750742350e+00
1.340897004688963667e+00
1.312853564988180066e+00
1.310959195319621573e+00
1.343033205487387916e+00
1.320045837487335838e+00
1.351298541548076271e+00
1.335385559868694116e+00
1.361338046360341059e+00
1.347256375088746516e+00
1.325362026717464392e+00
1.297461720675221919e+00
1.313173681960503547e+00
1.306198801226492456e+00
1.328446181478810884e+00
1.328609968228358085e+00
1.349386353651989445e+00
1.396009260443761280e+00
1.351317749155314552e+00
1.346390865742371101e+00
1.338546260540247834e+00
1.360549276176369782e+00
1.301111748817322500e+00
1.326149455551227652e+00
1.320263913536514400e+00
1.323418196703374905e+00
1.291518192937924914e+00
1.340817620240549513e+00
1.302181086891466055e+00
1.317585021718635785e+00
1.310443210599544717e+00
1.291144004951548574e+00
1.326750270095444328e+00
1.333635587265852518e+00
1.297239335380994785e+00
1.316817622066117632e+00
1.302710396728258058e+00
1.317345194106780637e+00
1.335200269266914042e+00
1.355120728877053038e+00
1.385840219582594957e+00
1.399445182402007992e+00
1.370519077548207676e+00
1.322875727639160504e+00
1.509166808214179589e+00
1.496714749518985643e+00
1.600542402829704391e+00
1.506668800525975183e+00
1.509887652361270094e+00
1.587655138587519721e+00
1.557083990991106504e+00
1.506672882012923376e+00
1.468999462888070040e+00
1.427875861994937656e+00
1.460235140002630327e+00
1.382045597465449971e+00
1.475393034021882377e+00
1.393971463553474788e+00
1.563652438841412584e+00
1.577816893886992089e+00
1.601080160522931672e+00
1.564352905042350805e+00
1.563890660468345128e+00
1.538791421748670230e+00
1.547197744248174134e+00
1.638620476673173787e+00
1.673409033804226898e+00
1.615668626377554817e+00
1.526328742768158220e+00
1.534978429461113070e+00
1.495729307718019596e+00
1.393630758545292281e+00
1.418660910691739607e+00
1.439298024709033008e+00
1.423359782220951608e+00
1.439731427646038453e+00
1.463365520408597797e+00
1.526089401125380496e+00
1.455640065490935608e+00
1.477186798912631716e+00
1.539380188920596026e+00
1.560580594955074396e+00
1.557401736825993366e+00
1.626225987654331018e+00
1.510089469103189641e+00
1.598885994684837719e+00
1.626977876532625045e+00
1.461150521858158635e+00
1.544224611619109622e+00
1.509434290876805917e+00
1.515046154102083653e+00
1.492992312005957833e+00
1.577237222400009742e+00
1.544464714441108555e+00
1.542202213302141356e+00
1.555482798320704907e+00
1.538509524918352245e+00
1.580864400928045699e+00
1.544063397079718181e+00
1.501281329984973212e+00
1.483291370697588762e+00
1.503560391718125944e+00
1.503409548800712869e+00
1.433695757434033213e+00
1.463506414131395816e+00
1.411532455831939981e+00
1.451977291648381296e+00
1.453949692098462032e+00
1.462403842037532931e+00
1.363730838136876233e+00
1.456466532129703451e+00
1.542370817184554710e+00
1.484252305930242377e+00
1.548148429053706865e+00
1.532494746895347149e+00
1.539446412565470546e+00
1.508657408021934598e+00
1.443056959146297613e+00
1.381337054997749281e+00
1.319259237986440958e+00
1.329729113108608418e+00
1.437902833652129786e+00
1.444648544392171940e+00
1.351374255160442184e+00
1.300223155936666819e+00
1.343570668016110359e+00
1.344149259630892601e+00
1.279261457664357948e+00
1.352074583203810354e+00
1.331786206308730680e+00
1.332326780979581571e+00
1.347314949641140958e+00
1.353832882510351165e+00
1.366674542745970333e+00
1.414113149766620614e+00
1.389095742867631156e+00
1.434532459746313160e+00
1.448515372864505268e+00
1.517111683809808653e+00
1.545687792449823128e+00
1.597136868285973232e+00
1.556105667179134455e+00
1.572484984657943174e+00
1.567455225032490684e+00
1.461678358217116225e+00
1.373939363921574675e+00
1.407690853427473021e+00
1.408281201564533625e+00
1.444402634075777847e+00
1.387219830022151879e+00
1.423365831486924860e+00
1.481740853189614571e+00
1.447100679303331416e+00
1.535340837070092057e+00
1.553768156398826594e+00
1.432540365274233451e+00
1.394623647509301678e+00
1.494400314312345657e+00
1.455915468411466795e+00
1.392665994622891423e+00
1.343976973591995971e+00
1.328964663594780271e+00
1.347721772354054659e+00
1.320627481504861089e+00
1.354079083709757603e+00
1.309237912466369780e+00
1.284868637099982225e+00
1.304776208522007375e+00
1.331210125455446036e+00
1.318576553357834857e+00
1.335827265162047750e+00
1.349870825398024055e+00
1.405690610019587838e+00
1.370149063228663699e+00
1.380895580217828877e+00
1.343970613334318998e+00
1.395102970854415148e+00
1.347435685372248448e+00
1.333137978344457908e+00
1.358156166763321071e+00
1.341933741800687363e+00
1.438107389083095100e+00
1.417727143319791994e+00
1.500056134806956987e+00
1.494439528025855557e+00
1.428273056718845746e+00
1.520329176366505886e+00
1.541350894248876946e+00
1.538750304488546217e+00
1.534627834080968034e+00
1.382624587893767520e+00
1.453480556132314971e+00
1.531706221542834534e+00
1.654381403618988333e+00
1.657709342945675735e+00
1.628245315825185058e+00
1.591466688974134458e+00
1.522433762609854080e+00
1.499947222446611050e+00
1.564168666709048194e+00
1.454521090065479916e+00
1.485744841468100264e+00
1.443590876438130888e+00
1.475895980031766808e+00
1.419180613105469613e+00
1.465240976051032318e+00
1.427586378816745327e+00
1.450117114579102084e+00
1.473019460636666889e+00
1.480041514913770007e+00
1.382593613927325826e+00
1.341283484464342202e+00
1.367296187419198006e+00
1.450877984708660806e+00
1.498637270076812023e+00
1.598876316952304810e+00
1.568041512795344428e+00
1.456587446821776322e+00
1.396606220049745772e+00
1.577834687655389923e+00
1.584403235401692367e+00
1.605128677305267537e+00
1.530038208362921370e+00
1.528970035941402683e+00
1.508477879782234909e+00
1.524633312816910058e+00
1.536146163250518226e+00
1.537675764969507641e+00
1.530264207582800129e+00
1.516928540663976310e+00
1.514350322970182905e+00
1.522100266293673121e+00
1.512817260277848019e+00
1.557089969935560037e+00
1.532574716228677358e+00
1.521117299307109816e+00
1.554721876308791106e+00
1.508460895103671096e+00
1.594901783091665193e+00
1.576379108818408925e+00
1.571449075257856265e+00
1.460091088795636205e+00
1.534520437477737476e+00
1.612366281898935716e+00
1.659658421775932702e+00
1.605182733344502566e+00
1.645983436941250266e+00
1.646058437729283952e+00
1.614887689028948969e+00
1.555483336069306555e+00
1.484849952232167869e+00
1.510087381554823027e+00
1.462002345381578916e+00
1.606546336629876892e+00
1.642797746155743921e+00
1.632683750690769875e+00
1.592188862181522335e+00
1.557218341963819475e+00
1.474417480573084083e+00
1.490589714485186068e+00
1.354915149800221430e+00
1.453745587671471107e+00
1.468242072231692674e+00
1.467341598563546734e+00
1.575173208856838869e+00
1.579871519326019991e+00
1.594702233374648337e+00
1.595680905139605477e+00
1.592847009409516179e+00
1.634596430854857063e+00
1.593048057764792080e+00
1.535867926913841552e+00
1.532049667006786686e+00
1.561680481901339013e+00
1.607206520740317224e+00
1.587460416103542382e+00
1.507514811446487135e+00
1.476239170107767285e+00
1.586522636304434020e+00
1.553839631676163346e+00
1.564545206872582916e+00
1.551852420559573842e+00
1.544266895071823908e+00
1.511158522293104767e+00
1.546037005777364692e+00
1.558749758987738154e+00
1.544448583842650491e+00
1.547086727461734368e+00
1.536539566055128869e+00
1.437103063727830365e+00
1.522305081792101777e+00
1.544677828855663959e+00
1.535871751853199463e+00
1.565663348616214146e+00
1.558371366515000300e+00
1.550365912574467542e+00
1.564361926621162580e+00
1.536767219975661236e+00
1.514441490455009642e+00
1.554843572621407599e+00
1.514318010417273541e+00
1.574456111701605376e+00
1.601368602113410811e+00
1.590061219008285898e+00
1.566693693191691050e+00
1.572470221524037592e+00
1.576829780993467711e+00
1.546087009428894099e+00
1.622446422383815978e+00
1.534054901424123374e+00
1.584692113229684729e+00
1.512478357318849831e+00
1.548157518879935690e+00
1.585248599878443354e+00
1.608786566136617413e+00
1.634244271447488295e+00
1.591006236587634515e+00
1.527287547211540142e+00
1.636782660190726491e+00
1.589016522757742411e+00
1.591443541188910737e+00
1.606415331988745310e+00
1.557358998627946356e+00
1.572952685369086057e+00
1.574487520926985518e+00
1.574502096992484113e+00
1.612866627602868030e+00
1.595643870616972659e+00
1.518374708673920326e+00
1.565979357573299202e+00
1.557664745466618150e+00
1.539832178675439422e+00
1.571957071396085315e+00
1.575025613068241626e+00
1.557514936227142321e+00
1.595776716291832154e+00
1.565148920371268071e+00
1.525286010953958327e+00
1.564105610317018780e+00
1.642755564609531316e+00
1.630166793434982164e+00
1.576259113920580601e+00
1.572640689581155105e+00
1.594350190269941070e+00
1.583707335123706539e+00
1.554596911597780018e+00
1.599874782082906677e+00
1.635515105303056993e+00
1.569924308041545702e+00
1.598244670322058969e+00
1.579883247893739684e+00
1.659774845434754731e+00
1.559947004049779595e+00
1.634984606097095172e+00
1.676636967540486634e+00
1.646480668360300159e+00
1.658803946242576544e+00
1.546654102388219654e+00
1.582612416454711957e+00
1.553473350662948560e+00
1.574767276708111563e+00
1.644895773087848845e+00
1.577856789271592453e+00
1.526435587600982302e+00
1.556314041764913947e+00
1.556131370452763285e+00
1.543476801078240479e+00
1.560974090522811109e+00
1.635889040513792247e+00
1.620010017450599138e+00
1.609804255913659610e+00
1.587124157687394677e+00
1.580798335747269912e+00
1.505838057307409716e+00
1.404376576943984656e+00
1.483751399976144691e+00
1.474497099151044655e+00
1.488725782446102652e+00
1.515531375360531507e+00
1.476473187269766063e+00
1.668658743233188302e+00
1.663193872297319853e+00
1.503203572446301983e+00
1.466075911657586994e+00
1.558474653379083197e+00
1.423994476626009753e+00
1.437225034758744302e+00
1.552560928846185018e+00
1.506220863846177815e+00
1.562787608973860820e+00
1.540883469625188962e+00
1.580029265151177809e+00
1.592367488321245528e+00
1.614868364467723971e+00
1.635417923204674384e+00
1.559851522681041436e+00
1.561316395880572028e+00
1.517518722894519723e+00
1.565461078658299199e+00
1.681460794055664731e+00
1.605396028325138280e+00
1.512507995690458795e+00
1.502504933278951516e+00
1.569144708669659050e+00
1.572466593023892800e+00
1.582998946082410985e+00
1.542792113276621802e+00
1.570935398137245143e+00
1.435043759224979842e+00
1.367752272239801892e+00
1.376946076632392213e+00
1.380991333456758063e+00
1.417470748644540146e+00
1.386050897707127749e+00
1.398608514699666072e+00
1.499133757103626508e+00
1.617678650472337276e+00
1.521578867139483648e+00
1.643446312643609186e+00
1.623241469940811976e+00
1.496378955850574677e+00
1.690980323354589920e+00
1.695576503222157250e+00
1.646168078721147454e+00
1.774068784418475930e+00
1.709599620392140862e+00
1.450014901789512756e+00
1.529879281471939301e+00
1.521790063681925931e+00
1.466967003092846333e+00
1.537565752755707837e+00
1.859593941671862094e+00
1.652282034023984991e+00
1.988390643375490985e+00
1.769869504568562624e+00
1.947875160872539091e+00
1.980974632756328901e+00
1.809647203504879842e+00
1.855187000009479670e+00
1.758078664827354087e+00
1.693841192537576479e+00
1.820251886338299707e+00
1.776616909226386820e+00
1.831395946870721714e+00
1.744078969647090638e+00
1.649916545087983355e+00
1.713397047122671601e+00
1.618075031452288259e+00
1.594592493301339564e+00
1.695490026584567378e+00
1.610356988869126926e+00
1.498181232066485569e+00
1.653349107163242904e+00
1.731153528983605971e+00
1.650634054865492972e+00
1.608576388990446304e+00
1.588895560686014008e+00
1.514150679035528579e+00
1.472695366881870749e+00
1.617943692502492814e+00
1.698035104836413067e+00
1.594771049380224515e+00
1.547901503428059877e+00
1.527199373181741704e+00
1.597564110216746602e+00
1.599243562768567939e+00
1.594312141574737218e+00
1.534782890131995092e+00
1.427568501701146131e+00
1.502174290521806732e+00
1.519918567164877610e+00
1.638431976778238708e+00
1.659874322394830681e+00
1.666404636691823260e+00
1.592198722559477586e+00
1.623598122701239266e+00
1.465000841340794002e+00
1.554619574515842650e+00
1.747067802622667587e+00
1.558933547693853949e+00
1.674045150133519622e+00
1.487763485238824623e+00
1.495315696921403426e+00
1.495666226576545910e+00
1.536002573747825561e+00
1.518063072959345616e+00
1.702608481894866577e+00
1.850997877906677580e+00
1.670085019254310410e+00
1.884202245948443322e+00
1.958813328394918063e+00
1.706043309830762134e+00
1.711262854688680335e+00
1.642484178517490179e+00
1.710127086985463896e+00
1.740184542440433857e+00
1.894921204247477897e+00
1.783010863526585332e+00
1.641462286925131853e+00
1.815154061093646076e+00
1.832581954629670662e+00
1.793186593858882016e+00
1.666356453443389452e+00
1.524229541119118236e+00
1.666348593955310653e+00
1.696418227524419731e+00
1.488344274371475651e+00
1.495441308672385894e+00
1.533487242836293341e+00
1.478652796916347434e+00
1.445705017166766027e+00
1.474325161239419035e+00
1.493132545927738031e+00
1.543905841903882470e+00
1.579688734428559060e+00
1.523222776960402980e+00
1.454704865448511297e+00
1.447391924680351716e+00
1.457629875761431215e+00
1.507399724532055840e+00
1.486783302577520338e+00
1.462786680006407325e+00
1.395552796319613709e+00
1.477496535309203329e+00
1.433038788813113085e+00
1.427134700088417363e+00
1.431422366749183661e+00
1.499026522016547736e+00
1.418592500456290262e+00
1.436544056243474143e+00
1.389276449650534762e+00
1.438743317885978090e+00
1.372715130667467420e+00
1.421790688543071335e+00
1.420940683060977205e+00
1.483227088241736213e+00
1.513237468080008030e+00
1.616587333275850691e+00
1.741933502106422837e+00
1.843932775947094704e+00
1.805829329538426897e+00
1.841966287045645467e+00
1.796911773523256262e+00
1.824588584698062954e+00
1.948835641493884552e+00
1.787074440158336275e+00
1.942353529178545202e+00
1.978517273121650488e+00
1.946265834555628071e+00
1.760361650016122326e+00
1.598992335491520977e+00
1.582696181008911296e+00
1.556743957281450097e+00
1.495562733173844139e+00
1.477396696549778010e+00
1.462789450355609588e+00
1.491873479411988335e+00
1.525857052068960495e+00
1.481540817141332900e+00
1.462436079388569121e+00
1.497056613130902436e+00
1.471546232110264141e+00
1.457103507286249933e+00
1.463294552912768998e+00
1.454594760902678363e+00
1.433563342556817943e+00
1.451550705988371659e+00
1.484795486073756887e+00
1.442878061044412075e+00
1.413844927894646997e+00
1.466729457667558467e+00
1.413781723496399634e+00
1.399416219947105411e+00
1.430543891060049644e+00
1.445108768681895306e+00
1.568122396168708743e+00
1.482521037884968917e+00
1.743397840825576139e+00
1.684095033002367181e+00
1.693038203884190684e+00
1.758321843386547290e+00
1.654928524784268218e+00
1.630681112951023914e+00
1.735544110837248466e+00
1.915889202317156759e+00
1.873471331240773807e+00
1.944704723986525829e+00
1.925116287070613996e+00
1.721293769972755738e+00
1.849337691888966573e+00
1.933482612556042701e+00
1.877426501155048832e+00
1.808775095165004343e+00
1.995449876325034788e+00
1.966558848500013390e+00
1.661160420222488998e+00
1.696921966972757545e+00
1.704760865399863379e+00
1.785884116487595819e+00
1.696919725145450641e+00
1.549768711647119712e+00
1.673301612463889088e+00
1.568508423936345375e+00
1.641627249778947473e+00
1.719126322646456151e+00
1.727776554398406716e+00
1.752365951348101358e+00
1.753512788152414847e+00
1.783920002164262941e+00
1.841505705455680708e+00
1.767845780003044043e+00
1.563941594695509751e+00
1.739328441444835560e+00
1.643724034439900894e+00
1.794364054429763877e+00
1.806434969775643884e+00
1.762079610374325700e+00
1.694617431559370946e+00
1.620075757173208730e+00
1.571458701734656405e+00
1.500682137655771076e+00
1.582189068975878188e+00
1.524633466751154520e+00
1.503505151744208623e+00
1.481160116531874182e+00
1.492761438410181274e+00
1.586929303097099009e+00
1.515193152217446881e+00
1.538071106690598100e+00
1.476467812647159095e+00
1.508262445211201230e+00
1.494169555035631314e+00
1.506678904869194868e+00
1.509091587410105406e+00
1.474669415639568770e+00
1.486887577786391024e+00
1.523384614758735989e+00
1.580690328038850678e+00
1.563731640171220683e+00
1.637913914565633844e+00
1.556299446610116322e+00
1.599044862100504005e+00
1.557326095580584102e+00
1.461708804909313875e+00
1.534820150587391296e+00
1.516795410893208462e+00
1.551511570566815879e+00
1.500575283820765993e+00
1.508881163823448501e+00
1.562629933260443194e+00
1.526467122813718547e+00
1.452096064238344475e+00
1.527625312217409714e+00
1.508051030273945825e+00
1.460490279038788364e+00
1.580461362521486501e+00
1.575657828145262451e+00
1.529896473319311667e+00
1.574118481049408658e+00
1.572210981540578700e+00
1.565058366326292028e+00
1.708154102190033719e+00
1.774707904904132549e+00
1.861225852864427432e+00
1.856912107120438415e+00
1.763172467662088128e+00
1.884177968675781578e+00
1.763481802596960968e+00
2.019768874917793777e+00
1.969623929827001518e+00
2.041240446488937987e+00
2.063157333186116826e+00
2.069332222522258125e+00
1.949256728769552138e+00
2.012021282039300640e+00
1.985479469598108837e+00
1.996370758277085322e+00
2.050665265646977264e+00
2.057466619857494905e+00
1.924342593552527347e+00
1.768539868204885845e+00
1.877629918385505192e+00
1.842233621067134619e+00
1.923283965300643716e+00
1.939695318778959177e+00
1.887514569531679731e+00
1.977087137171857023e+00
1.938936531483956172e+00
1.959415359401890377e+00
1.923668898996135024e+00
1.919269724786327735e+00
1.820504119938979759e+00
1.810277854376967976e+00
1.855386414507349979e+00
1.972969605976458984e+00
1.968085732768032559e+00
1.864802718034828111e+00
1.927141468940706925e+00
1.983458551965157524e+00
1.885561928491297667e+00
1.737580728858685308e+00
1.905533592578872781e+00
1.866851017103151822e+00
1.985125482559084498e+00
1.966419814105386799e+00
1.988977956717709938e+00
1.951084083733682473e+00
1.975027093204807960e+00
2.019273576986331697e+00
1.887328996643040657e+00
2.011747057014114048e+00
1.935801514977165683e+00
2.006501839769612605e+00
2.060943603416972802e+00
1.848633095644103941e+00
1.870630117499954892e+00
1.701425076404083025e+00
1.602946488189851415e+00
1.600098217960536529e+00
1.707870373914533335e+00
1.938613386844045161e+00
1.977616951764504805e+00
1.940193473350227515e+00
1.761200643739639249e+00
1.874093514022789231e+00
1.966818364000621822e+00
1.878539827571472864e+00
1.756613588063085540e+00
1.806561319957931344e+00
1.688779002352295278e+00
1.765219791037361041e+00
1.554148744613923050e+00
1.504390704044435534e+00
1.438282596634695265e+00
1.459354569516774669e+00
1.761562465686815404e+00
1.818634374366308259e+00
1.669534113588733382e+00
1.770370712798919444e+00
1.759638630999696307e+00
1.683934397759718316e+00
1.842630654985344174e+00
1.706997829484721674e+00
1.747453453868208495e+00
1.608940249796673827e+00
1.579689558152747919e+00
1.556211510530831399e+00
1.818606463983524213e+00
1.539994900409817680e+00
1.567498746086476213e+00
1.545346655798404356e+00
1.510684060845166155e+00
1.532432871343487379e+00
1.487811811034916110e+00
1.510740585310322848e+00
1.556233841946872865e+00
1.456782610719880910e+00
1.499329991117909433e+00
1.515822141238034160e+00
1.470756305611918613e+00
1.521121642878439317e+00
1.551435865436235240e+00
1.491919785841822499e+00
1.446312133559773505e+00
1.595928017408229316e+00
1.537712482541587322e+00
1.517032595493789549e+00
1.517113637914200286e+00
1.687113825793149724e+00
1.743616408784318894e+00
1.662431751789635426e+00
1.789638035952324069e+00
1.768550751294456491e+00
1.746104697583108489e+00
1.698678744282011488e+00
1.747253857493217488e+00
1.595667758082604637e+00
1.326823234694277209e+00
1.316085706413611112e+00
1.364090632928359526e+00
1.447507403723944375e+00
1.419041462702116174e+00
1.481661195169873491e+00
1.437974702290290008e+00
1.391356805080827597e+00
1.428463700456397811e+00
1.408676822665175576e+00
1.446615647095117918e+00
1.442560157246872476e+00
1.490090890887267205e+00
1.424461927821290663e+00
1.539782422209397428e+00
1.493855919270112409e+00
1.418438755060164480e+00
1.418631105703928252e+00
1.428218662177852316e+00
1.430119391025371556e+00
1.523029703188744977e+00
1.562757125705829919e+00
1.566274251035853826e+00
1.511748322534537170e+00
1.527996549226426470e+00
1.632076987496760889e+00
1.491983519447091844e+00
1.553568423024400236e+00
1.492554930139764480e+00
1.504353950949574692e+00
1.443916476910918067e+00
1.577421643370457760e+00
1.532773283368733974e+00
1.470895689710567833e+00
1.512573666150130336e+00
1.420819187294448005e+00
1.531731653955545447e+00
1.528907917723555610e+00
1.502586991429565755e+00
1.587289097536343840e+00
1.657765833572880210e+00
1.507970074633156576e+00
1.487830360942971719e+00
1.467379011518401555e+00
1.411610343176623594e+00
1.462045497204931266e+00
1.564205242672069174e+00
1.560547749981524568e+00
1.554340185248862083e+00
1.517313991396456396e+00
1.605710584455462886e+00
1.638747097330978342e+00
1.730349496123284814e+00
1.659612059317852495e+00
1.661050938160909540e+00
1.533291733610078200e+00
1.537092275978563904e+00
1.519706333537106380e+00
1.508858740121102882e+00
1.620188621539095708e+00
1.621583475130173646e+00
1.561421431094054846e+00
1.482587178251078663e+00
1.485067889174348954e+00
1.610356426827107557e+00
1.535425275714603410e+00
1.574571122236367859e+00
1.449437192405222508e+00
1.583834143227818236e+00
1.611249669338961077e+00
1.504496560108338432e+00
1.435299238011963574e+00
1.363452347656125108e+00
1.575112358678927960e+00
1.590860950632754900e+00
1.717292908482201508e+00
1.616457284117275295e+00
1.542468851048268919e+00
1.403354771512628663e+00
1.349818030687372605e+00
1.464412248268464278e+00
1.356510409782094584e+00
1.435053072556983222e+00
1.494600847071635652e+00
1.495813906601822119e+00
1.602248157727558686e+00
1.533901913466200639e+00
1.606046148210630964e+00
1.503223587316712129e+00
1.542941862100902561e+00
1.463834733342231909e+00
1.494020887449689194e+00
1.544091183192691341e+00
1.484728826885281849e+00
1.514319476430081801e+00
1.439024134173199743e+00
1.414334234671033252e+00
1.366191888959126910e+00
1.361848878227953863e+00
1.329823255631905843e+00
1.343160211207082622e+00
1.340651025018213316e+00
1.392959987530586252e+00
1.373324096395871274e+00
1.384834000352790362e+00
1.311883402421224032e+00
1.314632069486736610e+00
1.367000603901675770e+00
1.479867362157608168e+00
1.416835760837049207e+00
1.417467935844707982e+00
1.457313316088820754e+00
1.609989440256225812e+00
1.628045968587081394e+00
1.664531471383435823e+00
1.597829893296940806e+00
1.570861328295805270e+00
1.655601584414233773e+00
1.675394495648218296e+00
1.468438502280724478e+00
1.583888502762764938e+00
1.562772136616509711e+00
1.530262977759582199e+00
1.523529089244061385e+00
1.492545309235119966e+00
1.469486423262921670e+00
1.584165415800197430e+00
1.505258480534763743e+00
1.718565781614214139e+00
1.522209009852290240e+00
1.581931995043611039e+00
1.409415411853006672e+00
1.586581567055075803e+00
1.660754613333853102e+00
1.622818335132036216e+00
1.544451955717805580e+00
1.516752038498833777e+00
1.545435879469087004e+00
1.384816983820881031e+00
1.434616140290617459e+00
1.329290494602622275e+00
1.335100669547467422e+00
1.337231181376527411e+00
1.316809391304583743e+00
1.286082974593362405e+00
1.302041352486266845e+00
1.305267692955719427e+00
1.325316242708701298e+00
1.333857891371805771e+00
1.576463329486000209e+00
1.504291164593659191e+00
1.475504317847694313e+00
1.721361843896117350e+00
1.757851692682129485e+00
1.492688716052439135e+00
1.720880944976994620e+00
1.693129357679072911e+00
1.640795125877853922e+00
1.564871461322802304e+00
1.394518611942647146e+00
1.391386475451832361e+00
1.390862069505959031e+00
1.458695136362325950e+00
1.582355198786433936e+00
1.637028000740673228e+00
1.630386523095911144e+00
1.716170027282042376e+00
1.709791754367246952e+00
1.766335792408703753e+00
1.629912047736864933e+00
1.677360351635520441e+00
1.705588729503796142e+00
1.502935528389272690e+00
1.432705060440381040e+00
1.327330080827544556e+00
1.319784571843016785e+00
1.355600736868324718e+00
1.315852926160433034e+00
1.291277738428121769e+00
1.316856117048637254e+00
1.329059546516790258e+00
1.286466145051694099e+00
1.293618313813249321e+00
1.315976738476528851e+00
1.285936332688919714e+00
1.307404651596702827e+00
1.303756592410908022e+00
1.300814126521372849e+00
1.286221393225372323e+00
1.298977327528021641e+00
1.295127912147900462e+00
1.300489907564029712e+00
1.300945392232017994e+00
1.298604157308053120e+00
1.302499832530257251e+00
1.321878566450709114e+00
1.295355228127066161e+00
1.294257817096752694e+00
1.286036430903059635e+00
1.312379496263118117e+00
1.273947802303121213e+00
1.267706848498332040e+00
1.271469484462679489e+00
1.278196721399828872e+00
1.262796706583624307e+00
1.303391594644536022e+00
1.305402742184690990e+00
1.298099203805573199e+00
1.316716213700364513e+00
1.328977346890164446e+00
1.344056464123670080e+00
1.336228977401079154e+00
1.313458638593475225e+00
1.311998565269888228e+00
1.286457030896808629e+00
1.275386031935942466e+00
1.291387244839000692e+00
1.270239065371413956e+00
1.293534310559457889e+00
1.328117037862252880e+00
1.306213052515536432e+00
1.290405597259865145e+00
1.292701295275793028e+00
1.287252511866205040e+00
1.369915789861292810e+00
1.411785669607273697e+00
1.438530539911349271e+00
1.342874891211854216e+00
1.451129486790832868e+00
1.489835489781354161e+00
1.602777398610437443e+00
1.474088004680774278e+00
1.410992981031098825e+00
1.400941413611962894e+00
1.444419810379847569e+00
1.472793865664552504e+00
1.598296997648342987e+00
1.439333991108421307e+00
1.429222193077396508e+00
1.388279254798241880e+00
1.437598227726531563e+00
1.349718429465567082e+00
1.438742383552398918e+00
1.434321843877795155e+00
1.478712889540831688e+00
1.533203594522189572e+00
1.591850698123611130e+00
1.484538808411334898e+00
1.414233700576418284e+00
1.591519526450492661e+00
1.581074596152548972e+00
1.553136251369953369e+00
1.530983488672074566e+00
1.546744264911384059e+00
1.578728131462352469e+00
1.550562328245788546e+00
1.416392816641224739e+00
1.668435101018908018e+00
1.453931351490820090e+00
1.593500627578385398e+00
1.709722085224743449e+00
1.801672117180746158e+00
1.714811783912165266e+00
1.813693265771444851e+00
1.745794037750402206e+00
1.689154635745615085e+00
1.671141790040036934e+00
1.543483768692528235e+00
1.753326646773595954e+00
1.784859279944046584e+00
1.458225584940776143e+00
1.579195271032219239e+00
1.517219793623172608e+00
1.364166756163892380e+00
1.363958081908569264e+00
1.359439236020390185e+00
1.357164717858683867e+00
1.365204469933234632e+00
1.427753185895713095e+00
1.383785432869960808e+00
1.369390194942881722e+00
1.377096137493616590e+00
1.398253716143372571e+00
1.402729428349579477e+00
1.393151374292246780e+00
1.617145966643630972e+00
1.593887240641511216e+00
1.431151844927024408e+00
1.493390220140303759e+00
1.362807617527660220e+00
1.470369499328598950e+00
1.377709981027637198e+00
1.426952044306708522e+00
1.346397418866341456e+00
1.390553890510409341e+00
1.582342691697820047e+00
1.502159062124436506e+00
1.482270763691424742e+00
1.441150361771050603e+00
1.414815867216735468e+00
1.437969038879338246e+00
1.494157862895243438e+00
1.418055660506224891e+00
1.482426005441611627e+00
1.485818006079562048e+00
1.505396970967997738e+00
1.543133324310003385e+00
1.527917531570976095e+00
1.495590094935646652e+00
1.568347118749250368e+00
1.483559640916085609e+00
1.508776429450897183e+00
1.453958689080321109e+00
1.553597448720263507e+00
1.370077163249398655e+00
1.387611056406815369e+00
1.339718729929112451e+00
1.339761093300578354e+00
1.330464496192297563e+00
1.358607506111375374e+00
1.349690962471154387e+00
1.318920301763218506e+00
1.328004854515270949e+00
1.345844672854243251e+00
1.325467429301851574e+00
1.331835535554587002e+00
1.310827627817481300e+00
1.310746913264445146e+00
1.477111425192767058e+00
1.438690477128200529e+00
1.509815550188353006e+00
1.597524250425523817e+00
1.492525772012992746e+00
1.561483586981593286e+00
1.542377712514278354e+00
1.547836603431451019e+00
1.602095458965453467e+00
1.658686939865778864e+00
1.614318977892469364e+00
1.560356797573560605e+00
1.596790563921231199e+00
1.532386605379846500e+00
1.602438239915761065e+00
1.693197850310946828e+00
1.639214856487928529e+00
1.468211739802979698e+00
1.655135925684842135e+00
1.654098839970501889e+00
1.586658210074848530e+00
1.640386524816258129e+00
1.580837495679821680e+00
1.472562283885948897e+00
1.487482388787755516e+00
1.676846016124434513e+00
1.580029436535257847e+00
1.454444752670098762e+00
1.375659082271064371e+00
1.374045640040950866e+00
1.302025827358049392e+00
1.303095350335829128e+00
1.353167255697454552e+00
1.402670006726067786e+00
1.410283952895603043e+00
1.423549576044229825e+00
1.492277661834511049e+00
1.646669853558048846e+00
1.683087496041052233e+00
1.503110237473692212e+00
1.312293575360860665e+00
1.325794950251057314e+00
1.325092814327287538e+00
1.289855897214116531e+00
1.350617789883469255e+00
1.350296401446658079e+00
1.335433733014679936e+00
1.395666281776387851e+00
1.475957449413927813e+00
1.371583319462136075e+00
1.387478554610225068e+00
1.401756022556333248e+00
1.341740831440037862e+00
1.439923238539229100e+00
1.444137232991047570e+00
1.381823303433730388e+00
1.345273428544396355e+00
1.377682440808570830e+00
1.411914233839882238e+00
1.398935722456588593e+00
1.414783683722671936e+00
1.429321616542966300e+00
1.451600271697146782e+00
1.489915657722659992e+00
1.478291157409120204e+00
1.504495637044297451e+00
1.533514988946995006e+00
1.466501640456743027e+00
1.478001731663747709e+00
1.528881242211814317e+00
1.533615772693281976e+00
1.518959168222511202e+00
1.399506724747538122e+00
1.337953997319307087e+00
1.388729232977633510e+00
1.516999263891256389e+00
1.450788683541225366e+00
1.417771460307859943e+00
1.489161876441304155e+00
1.520692388378553916e+00
1.544580940628978993e+00
1.561625182966417835e+00
1.498318523720048256e+00
1.568580231444883566e+00
1.555171488965302995e+00
1.503110070653739028e+00
1.546032491485123117e+00
1.486802782886345042e+00
1.439297222381908270e+00
1.469514621373725127e+00
1.486402627881899807e+00
1.443666283545923745e+00
1.529215063893391013e+00
1.465080886630295787e+00
1.514983108384880817e+00
1.479813374651753000e+00
1.504119628622941685e+00
1.568112660508518497e+00
1.465560290333548288e+00
1.442981132292692870e+00
1.490187250353812720e+00
1.437181189918221635e+00
1.497779492009688962e+00
1.407107031637582439e+00
1.456640327136631496e+00
1.523930565060265474e+00
1.435050137696119998e+00
1.382632495024896269e+00
1.372107136157529661e+00
1.378395544352960744e+00
1.436963535328828589e+00
1.392225297856847455e+00
1.517723636343604188e+00
1.578237758683470160e+00
1.573705317966041850e+00
1.774332663816332811e+00
1.574769412330640606e+00
1.577123200479919607e+00
1.457032157544184470e+00
1.371637483374382072e+00
1.356535284678067832e+00
1.436993167363828094e+00
1.353430505257789518e+00
1.386258100290056250e+00
1.386615932189122047e+00
1.424397670261743354e+00
1.561747749942070662e+00
1.672134959134741639e+00
1.703100950207084630e+00
1.605354835785740564e+00
1.682216087762563594e+00
1.744857234900969223e+00
1.576532018120788026e+00
1.432951417251946191e+00
1.394789529337059353e+00
1.778602123218344877e+00
1.532929720259496031e+00
1.554437080149714268e+00
1.455864798679609162e+00
1.566979810624781200e+00
1.565722923790799914e+00
1.330599420978075598e+00
1.588711412734074457e+00
1.669133271179497502e+00
1.625291694885646399e+00
1.454984055974404500e+00
1.376361786860019309e+00
1.758684051448148100e+00
1.754517005818693853e+00
1.732547369766700651e+00
1.693624729622742242e+00
1.709791479953795212e+00
1.650727226978484063e+00
1.565813994144887866e+00
1.679959951995746659e+00
1.639954007976699657e+00
1.717450609748059964e+00
1.653705491504418923e+00
1.542695713012149472e+00
1.372965442673903524e+00
1.417252077367625596e+00
1.459861220865851683e+00
1.395865495396902967e+00
1.332165720390246610e+00
1.334587863104210070e+00
1.546797950720868453e+00
1.397344418817317191e+00
1.395855808810524179e+00
1.322272362823718739e+00
1.316994385049619076e+00
1.332344940834490510e+00
1.310566824639495476e+00
1.309535133443897603e+00
1.326993806285593491e+00
1.296506915896474377e+00
1.318080528590954703e+00
1.346982778153921867e+00
1.300753862724902232e+00
1.291219882624908610e+00
1.308969880426571253e+00
1.293392455037212896e+00
1.291681839042339464e+00
1.332175885601409204e+00
1.339080491016354735e+00
1.306580765913772479e+00
1.311391252396570284e+00
1.309532116290460069e+00
1.315124622850472047e+00
1.297337165394992109e+00
1.310954012535694435e+00
1.313604045057968239e+00
1.310246414311108776e+00
1.290819643921571558e+00
1.311971157163644097e+00
1.308302293516531600e+00
1.297883939298265954e+00
1.304621859785617621e+00
1.300683545516910344e+00
1.294156545873716535e+00
1.293089251468396927e+00
1.275539679187474018e+00
1.287569228315095016e+00
1.286175379977345656e+00
1.262149849090363318e+00
1.338588501367725225e+00
1.326643569044404281e+00
1.332579435489283481e+00
1.312945101785051527e+00
1.334333006523970910e+00
1.350693344541901153e+00
1.331553268197731565e+00
1.341933935069277828e+00
1.351547343690783887e+00
1.339989638524555549e+00
1.319593836033250422e+00
1.322909250401135717e+00
1.341971008732891768e+00
1.304352118678826722e+00
1.311613923912003488e+00
1.368148522595032723e+00
1.372165189044672662e+00
1.296752508237967172e+00
1.332030666789681517e+00
1.298179342508540612e+00
1.318950746915362071e+00
1.351976173694930283e+00
1.342011988632383135e+00
1.363936602690493549e+00
1.363815127722706189e+00
1.442594630996163696e+00
1.441585179049707621e+00
1.418654306709052015e+00
1.411648808346998019e+00
1.371281680799754765e+00
1.369409954259735107e+00
1.358339310163020119e+00
1.443221315747143407e+00
1.380359887084587012e+00
1.345002695022796013e+00
1.375816327877316336e+00
1.351817402742978347e+00
1.374187060349511658e+00
1.361283510495234328e+00
1.378024671296261827e+00
1.346211827149993212e+00
1.357275294349258754e+00
1.320628197205628629e+00
1.336467801209115569e+00
1.358244923501087387e+00
1.370757988052538456e+00
1.350983735528928253e+00
1.347509964266237814e+00
1.360216886062197483e+00
1.378235692760914732e+00
1.361605761046308816e+00
1.370852098683622344e+00
1.344622843699089243e+00
1.369346601165847721e+00
1.383716190903740095e+00
1.367313825731146348e+00
1.355895572769707513e+00
1.338955689658474002e+00
1.331000858550922539e+00
1.339424861994148452e+00
1.335649577940223542e+00
1.345259111256777107e+00
1.374270874579043067e+00
1.356798772403997821e+00
1.368980022888308890e+00
1.371224012945452264e+00
1.409361990706619938e+00
1.399029157254717326e+00
1.387992500006788532e+00
1.394825955656784355e+00
1.374688186561306091e+00
1.329511267421187970e+00
1.391534151254781193e+00
1.364896281388793264e+00
1.333090050333350485e+00
1.295469233407407383e+00
1.284880220828518826e+00
1.326233044648418291e+00
1.391785359688511470e+00
1.426921698193808430e+00
1.377881768789995132e+00
1.354764107597769218e+00
1.375792545113859955e+00
1.360236266997136845e+00
1.389576815338964488e+00
1.384067283001655380e+00
1.378726448047384645e+00
1.392833846065590020e+00
1.376508796204046092e+00
1.374911343589590773e+00
1.392260985669079298e+00
1.337442925742965860e+00
1.383684513163576657e+00
1.383776647492396927e+00
1.344258610119051900e+00
1.381316361168168028e+00
1.413783470451698276e+00
1.410725439142477722e+00
1.433702383578312922e+00
1.529760975141831514e+00
1.440270779773926257e+00
1.412416849018098164e+00
1.469818766647234876e+00
1.674982348765165163e+00
1.691011502819897538e+00
1.526810868217671313e+00
1.607540764754167961e+00
1.445205185837399542e+00
1.453597280755025922e+00
1.502134596273428047e+00
1.646603260289592363e+00
1.583229837560677034e+00
1.458597157736510219e+00
1.384422773099903470e+00
1.375377374059356228e+00
1.362745733608753840e+00
1.386950128220141742e+00
1.367259832997822055e+00
1.369555642871987944e+00
1.331953362337700453e+00
1.421761389838515077e+00
1.594824281960415480e+00
1.677084420093573280e+00
1.702758342567001870e+00
1.768830147943901254e+00
1.702858385400609631e+00
1.790164547492975045e+00
1.685290686995357445e+00
1.522657309733938868e+00
1.667302669535905002e+00
1.755335512065722359e+00
1.636749813252199370e+00
1.641881221852621753e+00
1.486297004225497931e+00
1.498269477642525604e+00
1.750420280947826202e+00
1.767461813187825470e+00
1.759366505940212377e+00
1.585112179192182724e+00
1.554260250361649387e+00
1.552782461067384157e+00
1.524564766483767597e+00
1.566690763315978341e+00
1.711741891135462268e+00
1.695338398618043252e+00
1.664356369511022171e+00
1.563818446512976301e+00
1.607468772380189925e+00
1.734262633444035639e+00
1.757794931723927201e+00
1.628741767889438696e+00
1.535067813820879090e+00
1.610471367799408027e+00
1.549546966727880282e+00
1.491189289234077231e+00
1.619354085559343126e+00
1.400147721226933761e+00
1.405578835981522001e+00
1.475424725696358408e+00
1.376631863148794155e+00
1.496833074771471317e+00
1.426332856700184948e+00
1.417837878941526908e+00
1.376450102074813664e+00
1.374739977549397585e+00
1.404804736543550092e+00
1.374534269416110233e+00
1.375987432451012848e+00
1.369326222829079898e+00
1.351625923250050931e+00
1.356666269214426901e+00
1.376529708599564472e+00
1.367289028657789896e+00
1.328092252695797226e+00
1.306029919963702213e+00
1.355352707715802518e+00
1.307235376477376976e+00
1.338975559209654387e+00
1.309751311786283789e+00
1.344694796372359225e+00
1.344437016955013497e+00
1.371149200710198413e+00
1.357953990529374266e+00
1.360429654028748825e+00
1.338106636893468204e+00
1.355250497472328730e+00
1.343691616519005594e+00
1.367430992242093746e+00
1.340241452054266258e+00
1.320220303084296942e+00
1.318585320554119589e+00
1.317166091678749984e+00
1.309880587103706917e+00
1.318528365506203892e+00
1.286275831829940097e+00
1.316607310300697220e+00
1.303347105030241648e+00
1.288292764747078101e+00
1.317556667926909730e+00
1.289484979639123230e+00
1.284603915890416781e+00
1.287372736417067953e+00
1.327600419546585142e+00
1.314023354038563740e+00
1.328700017410834322e+00
1.321862004961359194e+00
1.342380582988672355e+00
1.362770272535850147e+00
1.361131883755481331e+00
1.323768632612851492e+00
1.334136676165227797e+00
1.300572822962422270e+00
1.317792317018115833e+00
1.333615689349889832e+00
1.351168754000900973e+00
1.324526945783510046e+00
1.344010700899178401e+00
1.329588435413211922e+00
1.372198365028406863e+00
1.351296017897933854e+00
1.317380366513635437e+00
1.317546972637152480e+00
1.311869002514739480e+00
1.298837291471482525e+00
1.307954637751389537e+00
1.287213686506686550e+00
1.287261847503979206e+00
1.296668769818610789e+00
1.301826236478727639e+00
1.346028344808509303e+00
1.297904148458916884e+00
1.316877475635588768e+00
1.299608235020024649e+00
1.316756629218849284e+00
1.305877782684659483e+00
1.298359904535281162e+00
1.287213092121033631e+00
1.313962665712408828e+00
1.279600471898498570e+00
1.294100529882318051e+00
1.325949108323447145e+00
1.291820650578859420e+00
1.300644434971135910e+00
1.289531438855894718e+00
1.350338466290213368e+00
1.322624024642618856e+00
1.301963798077586665e+00
1.334870785413192484e+00
1.332024644417219239e+00
1.333342824770818114e+00
1.354818172582856750e+00
1.326093536992856592e+00
1.342920357748905502e+00
1.355432377948259770e+00
1.348957746747092346e+00
1.342038660157061081e+00
1.321381005128387409e+00
1.315381408079526304e+00
1.365214273036932768e+00
1.351165458694999266e+00
1.353551203641537581e+00
1.339135638996886701e+00
1.335350235479349168e+00
1.389763244403885212e+00
1.360781777342640053e+00
1.354005436745211677e+00
1.364519418001033380e+00
1.310061939348153182e+00
1.308273662723955511e+00
1.338436189443305002e+00
1.296293299345951944e+00
1.326695561132461565e+00
1.369626088096518091e+00
1.328672240374741520e+00
1.340158808823607606e+00
1.324199916848792791e+00
1.353393170570323045e+00
1.397094693551034883e+00
1.410507211867731314e+00
1.347514428694558397e+00
1.327459398979743632e+00
1.365059730956472039e+00
1.360496291605944874e+00
1.390760851283332933e+00
1.349950160481771633e+00
1.422206654305141926e+00
1.411304174957675794e+00
1.344650428422738520e+00
1.310319873366355470e+00
1.354077283828933442e+00
1.291045592797181341e+00
1.316746236606935572e+00
1.335186366143358061e+00
1.314014953270821628e+00
1.326905354750328225e+00
1.299194222615210670e+00
1.351021457918965440e+00
1.343965605990289358e+00
1.335503896444576899e+00
1.307404153918595213e+00
1.281521028360135261e+00
1.320563891091646624e+00
1.322774401121943999e+00
1.312112845331189215e+00
1.325860550468494825e+00
1.326259865069539412e+00
1.330881088749543029e+00
1.338889971717234006e+00
1.329736150737914402e+00
1.390948175222710193e+00
1.325524150673992985e+00
1.325181985005899454e+00
1.359621020384689460e+00
1.379804625816642982e+00
1.380232375818183144e+00
1.376813000316723823e+00
1.339853979002044060e+00
1.318124227949721394e+00
1.335625860721042057e+00
1.337293655014966109e+00
1.323783963308002187e+00
1.356777665485580986e+00
1.301645129797848188e+00
1.295723594773333653e+00
1.301414008131816624e+00
1.334557873578576581e+00
1.333958277426302130e+00
1.332920752215567495e+00
1.342082859265643746e+00
1.371088941610898004e+00
1.331737874980642777e+00
1.373326009280043003e+00
1.355773364916824653e+00
1.360936481937906173e+00
1.339443174710698736e+00
1.367732989674801836e+00
1.314413127590406516e+00
1.337821342703498617e+00
1.366831906778536165e+00
1.412164578274592630e+00
1.376864396001866719e+00
1.319330157517664137e+00
1.298944271662786143e+00
1.261145852779895771e+00
1.278023083848934593e+00
1.303445117781498963e+00
1.295874123774544362e+00
1.296670929157147878e+00
1.307437367567138908e+00
1.340802430481055296e+00
1.351541986141292950e+00
1.348658146417814896e+00
1.308297248474468377e+00
1.321609753280265753e+00
1.315547958938534379e+00
1.331473331883146871e+00
1.327681618227817717e+00
1.319691972267488023e+00
1.329522085503734852e+00
1.339874480258535616e+00
1.303427497923832945e+00
1.321891669488766574e+00
1.280707629459952424e+00
1.302909045484873296e+00
1.285009102436324158e+00
1.262446957446292872e+00
1.308668033848269463e+00
1.279454412133175456e+00
1.262333217252165074e+00
1.320688183025447104e+00
1.317558395919407044e+00
1.289112006794486787e+00
1.296646186055598227e+00
1.315453402013499140e+00
1.310836897504632725e+00
1.311378185197256574e+00
1.317981672273401017e+00
1.307797976902382642e+00
1.328222266991395450e+00
1.319787176113014215e+00
1.299728774256777575e+00
1.309325291747215569e+00
1.322946218430089305e+00
1.318113267639343666e+00
1.287959139307027545e+00
1.314745067925823019e+00
1.273374570278700491e+00
1.271061243063137836e+00
1.332435617001899164e+00
1.297354917995672485e+00
1.280061229308911086e+00
1.297446548808492972e+00
1.299601810938147528e+00
1.298852555355148208e+00
1.295127947555830161e+00
1.282163112591049092e+00
1.337589833132815542e+00
1.325684224436965764e+00
1.311797517181586992e+00
1.317815748871004722e+00
1.290388674220244836e+00
1.345259545864951889e+00
1.354875308940338696e+00
1.323751781344631118e+00
1.329193652838766448e+00
1.307384484585774942e+00
1.295730226520290573e+00
1.303611952359340354e+00
1.309384756286889662e+00
1.305017260171164928e+00
1.316320185802007714e+00
1.300179009962598053e+00
1.387392790338910498e+00
1.335776232784157136e+00
1.367065118458668849e+00
1.346486072231138031e+00
1.349446524347374776e+00
1.316643613191935902e+00
1.380796081013733856e+00
1.396683809122990949e+00
1.395362423222580528e+00
1.410683552173842559e+00
1.348576163536322925e+00
1.344765760911406316e+00
1.348503918041074279e+00
1.343640699066198652e+00
1.289480390269845955e+00
1.291704197233579210e+00
1.325866158786313420e+00
1.305455918562949291e+00
1.353695908938329362e+00
1.352402332975167543e+00
1.320658365900867048e+00
1.349950282301507487e+00
1.322634775881995406e+00
1.308489116738080549e+00
1.352199519737528055e+00
1.342986424707075077e+00
1.322774212709478814e+00
1.346659184821797473e+00
1.343675098555758174e+00
1.290407798631749703e+00
1.326022502345386656e+00
1.298064562868829874e+00
1.280980008131869852e+00
1.290533595510036102e+00
1.280959360832772509e+00
1.298145901467365082e+00
1.307406213697130726e+00
1.342359356519471802e+00
1.308185775139510509e+00
1.329057828503409810e+00
1.306811972288892010e+00
1.296246369228547080e+00
1.291787748987287099e+00
1.305687542245437482e+00
1.311115132084976098e+00
1.334192904833066295e+00
1.307307922143487344e+00
1.286979484277756658e+00
1.340331985448970142e+00
1.332526948822043700e+00
1.313920222408887728e+00
1.292163436658186226e+00
1.324675510741441409e+00
1.304609813084025571e+00
1.330468133022350896e+00
1.319344902193043900e+00
1.293359522274460494e+00
1.301306601156288378e+00
1.340579309100998540e+00
1.351217082431662053e+00
1.302318299615796482e+00
1.319989674960164061e+00
1.373694998165098102e+00
1.413791219125472898e+00
1.422042919017080020e+00
1.439760911124651876e+00
1.361852463339418229e+00
1.372764968187288437e+00
1.359403794576376612e+00
1.356278433569470199e+00
1.356648410787107517e+00
1.337089630185345657e+00
1.327101097942473773e+00
1.312283696948607359e+00
1.304946684495240206e+00
1.311456607444386746e+00
1.313958209836524782e+00
1.294772823980000487e+00
1.316177876867337782e+00
1.282537711491545718e+00
1.300925087338582031e+00
1.311928671907619970e+00
1.310601860144112729e+00
1.322356667873153091e+00
1.301703899940617193e+00
1.297465560817207875e+00
1.301185778838428675e+00
1.318746785615186878e+00
1.287415148150910182e+00
1.282913760584936114e+00
1.295868403329450524e+00
1.266764347446276862e+00
1.292049207748265260e+00
1.308109447032242967e+00
1.286251070959925524e+00
1.318340915914861133e+00
1.290587260181655704e+00
1.267197985642245728e+00
1.293604852519236514e+00
1.291346457020342786e+00
1.290243653897731546e+00
1.305359485523362562e+00
1.286718546281637954e+00
1.268167828491298055e+00
1.295057300044295312e+00
1.277780817645517653e+00
1.315834796291321052e+00
1.343601878354851120e+00
1.340879486312366975e+00
1.390825458657737546e+00
1.329963379880257035e+00
1.352478762753852592e+00
1.372036427221934973e+00
1.361279658048862418e+00
1.398293660596242827e+00
1.301253176747836804e+00
1.324966343257852674e+00
1.308770462840431525e+00
1.310278220823803963e+00
1.303279263695525270e+00
1.298915199585502389e+00
1.338186793990141732e+00
1.304017874768072405e+00
1.337216425375603590e+00
1.329399597475071637e+00
1.324057872340733910e+00
1.386659413123667806e+00
1.339206184527436561e+00
1.332516036298450501e+00
1.383156155920553187e+00
1.317646490865875153e+00
1.397624707990972936e+00
1.322966455110598849e+00
1.341983743480372748e+00
1.323578492059921619e+00
1.340300753323008243e+00
1.320318063631566563e+00
1.264129721149345187e+00
1.301680143489949426e+00
1.286612670864342389e+00
1.264437533973057803e+00
1.261560571953983079e+00
1.312372101429270410e+00
1.312160751439777728e+00
1.295920537995413291e+00
1.313589021967645376e+00
1.285209876740902812e+00
1.320074771042201389e+00
1.298375896663758411e+00
1.337540560746672380e+00
1.330337425055379219e+00
1.314759744737994396e+00
1.377659419997977253e+00
1.397997549886608182e+00
1.349572518165522039e+00
1.341205245479545560e+00
1.333620968367971615e+00
1.298058605468096705e+00
1.406986858993028333e+00
1.356445088458705817e+00
1.363188004180752033e+00
1.383430661210809820e+00
1.373106239020987385e+00
1.322647925617171261e+00
1.283464113805810713e+00
1.321192153889293674e+00
1.333751260447246789e+00
1.352754996270258525e+00
1.346041748815376415e+00
1.370957830532929078e+00
1.396213850879801432e+00
1.328938634610360214e+00
1.374166279694368109e+00
1.444149459205940955e+00
1.386795707811672163e+00
1.371072925446066515e+00
1.379699404489908465e+00
1.426480410694028755e+00
1.431863440134524490e+00
1.399181337879596754e+00
1.450056181734475258e+00
1.419852335202364424e+00
1.411825344144659100e+00
1.386468464278594714e+00
1.469260517278304645e+00
1.408322955392083298e+00
1.475578682371088579e+00
1.432306211221057834e+00
1.411793191986586038e+00
1.362503487105244160e+00
1.346705883273829896e+00
1.329794216638766846e+00
1.330629066720020681e+00
1.334534923990180477e+00
1.367456685052398813e+00
1.352898657225990675e+00
1.382362593501337056e+00
1.364454374839104034e+00
1.352752812423170026e+00
1.375634873303240857e+00
1.355342245316606187e+00
1.341971883167625501e+00
1.338566020976351023e+00
1.301289838026568502e+00
1.336831778534513182e+00
1.322281968091571169e+00
1.353707098823894395e+00
1.317287365260178422e+00
1.293896211437122634e+00
1.314066886418583602e+00
1.314230341148315162e+00
1.290820175227830546e+00
1.300449187776103299e+00
1.353577362253385985e+00
1.337358383804952311e+00
1.322832032379505307e+00
1.327830460938261847e+00
1.329832392593105928e+00
1.363032206450526695e+00
1.345561721819061862e+00
1.318117566366860061e+00
1.322074335129885148e+00
1.343445534891535953e+00
1.343629779804417890e+00
1.303973171774812201e+00
1.302699317849492999e+00
1.297027351082803204e+00
1.316846447978488044e+00
1.315161214100169840e+00
1.319307654327160684e+00
1.314871057745869765e+00
1.292090404880934296e+00
1.283602688578641349e+00
1.275682307584362629e+00
1.281962729130965650e+00
1.292207879695552286e+00
1.328798709146071566e+00
1.312589068224148114e+00
1.306795784957503592e+00
1.320618749479283816e+00
1.329676869739558231e+00
1.311250473792008986e+00
1.303559465116330474e+00
1.301458967768430952e+00
1.312795089611782817e+00
1.327825952851808378e+00
1.339497399394093069e+00
1.344808401647822560e+00
1.361359948177453649e+00
1.336112390662441030e+00
1.292575046285152407e+00
1.325908793367192473e+00
1.292068198832155179e+00
1.295014506520337783e+00
1.308523362411615043e+00
1.348291290767170025e+00
1.350060017508532884e+00
1.377943563072061561e+00
1.346123496935232478e+00
1.394083309241508584e+00
1.348040927212772244e+00
1.333365195369304868e+00
1.379416306090938349e+00
1.406458258020448993e+00
1.386362378792765027e+00
1.365926430982319362e+00
1.357383824281974016e+00
1.406131028648396786e+00
1.415699409130103170e+00
1.337118219066804281e+00
1.316522820373730918e+00
1.316385931283167610e+00
1.268620210799322523e+00
1.304653818783658048e+00
1.318427016742245383e+00
1.310052280849671513e+00
1.296259134732596685e+00
1.281609584925160306e+00
1.314778126558853177e+00
1.257567879399436928e+00
1.285877416236338444e+00
1.250980977719819531e+00
1.280722036254574370e+00
1.337626872865424810e+00
1.332627660858216379e+00
1.321279966967305208e+00
1.314772415093603097e+00
1.295895605898914837e+00
1.326047100621085884e+00
1.312075949387731644e+00
1.304350424639894479e+00
1.304555352429178638e+00
1.281566172987038454e+00
1.299839331550433297e+00
1.338806228785393460e+00
1.363565574787974688e+00
1.313405725582384997e+00
1.262809477995659346e+00
1.260068816339189990e+00
1.299232517716877755e+00
1.293121521377509575e+00
1.271528736825442207e+00
1.222558288192731935e+00
1.269915619562636655e+00
1.247562153133682239e+00
1.272680770721837495e+00
1.254730210062334983e+00
1.255714753273463602e+00
1.246073402199241009e+00
1.238596004977683629e+00
1.236746947762698667e+00
1.283576392733760008e+00
1.264264882710428139e+00
1.296968214551883491e+00
1.286820806366378189e+00
1.335872639381634031e+00
1.282997167811472883e+00
1.305212490413601323e+00
1.292307929812676059e+00
1.305104213337595631e+00
1.296591206255092610e+00
1.276668742549293967e+00
1.228911362646230243e+00
1.225730550539673169e+00
1.272819870040448498e+00
1.243111714329307338e+00
1.245088747843308141e+00
1.293860399155079666e+00
1.204038203122554496e+00
1.266495635443260381e+00
1.236685136179375366e+00
1.282438018249198119e+00
1.259799197470463428e+00
1.283613926598776933e+00
1.271253822783227960e+00
1.293982658161556776e+00
1.296415407837681721e+00
1.287831585495205600e+00
1.303801858424708193e+00
1.300081187696004559e+00
1.309780142221951049e+00
1.300811535533083818e+00
1.265476170463421424e+00
1.287417256946123523e+00
1.330437589098768969e+00
1.296072122064213739e+00
1.325312327597933937e+00
1.305623812959619601e+00
1.319822791246667792e+00
1.342741418825525779e+00
1.315135928314688174e+00
1.271325207789425482e+00
1.355826389331405313e+00
1.248723778379382088e+00
1.278435670662095625e+00
1.288786952452308343e+00
1.301699975885495242e+00
1.261634452903812376e+00
1.248982933310262888e+00
1.225020844757651606e+00
1.264014536120750876e+00
1.258946745062085926e+00
1.258266981152601049e+00
1.249170921542510415e+00
1.268705892444619066e+00
1.269698835906685197e+00
1.270104805444551843e+00
1.281468734429384027e+00
1.233278371235035253e+00
1.276899958976182026e+00
1.264394030994554052e+00
1.287316846453546715e+00
1.292151539450284270e+00
1.301239557825488724e+00
1.323132025972298065e+00
1.309423824275054882e+00
1.334973496145783978e+00
1.316607481224099319e+00
1.316764647478401828e+00
1.299265980704255474e+00
1.265076024289205181e+00
1.229502481834988226e+00
1.254631308370763643e+00
1.249413516917046385e+00
1.243804943457465173e+00
1.259681832985564132e+00
1.233691035715102302e+00
1.265728300386437688e+00
1.292397664451651940e+00
1.279977002093351635e+00
1.289244975005624738e+00
1.267457098222629419e+00
1.249112399042262567e+00
1.294954830589305494e+00
1.358191234979121420e+00
1.357618932850743310e+00
1.306819616801124795e+00
1.262881071929430776e+00
1.224331894925087427e+00
1.248157764935027059e+00
1.239519674963410756e+00
1.334178413522123741e+00
1.297190153739022911e+00
1.244877470887135074e+00
1.270125067669661156e+00
1.267647168320576556e+00
1.266645555837103920e+00
1.261335534215556997e+00
1.285514040812409275e+00
1.275087274867992670e+00
1.336709432536248299e+00
1.328566730745561753e+00
1.336664162599537020e+00
1.286215521135815720e+00
1.283971254549648444e+00
1.296458527008048200e+00
1.260633443399908460e+00
1.261176719089521336e+00
1.279792183648785553e+00
1.258293460776137129e+00
1.272017249857871235e+00
1.260842249363055112e+00
1.314521700024682938e+00
1.294035959345568365e+00
1.262567231354825292e+00
1.250580418011993489e+00
1.291871724877564853e+00
1.248140152125177149e+00
1.251293913900627386e+00
1.228351685947860261e+00
1.236431678791321653e+00
1.260032530905834891e+00
1.266248045778429976e+00
1.243599183280059917e+00
1.289309951274695720e+00
1.294874073099512302e+00
1.296992149544699213e+00
1.288885372152916542e+00
1.233029513312860370e+00
1.234815600257126889e+00
1.228385897729633580e+00
1.255462646406014127e+00
1.241127185242874909e+00
1.283127658064211252e+00
1.258987379957574815e+00
1.240467961729909030e+00
1.231871548824993390e+00
1.266832020715186413e+00
1.232553091182440497e+00
1.210660622541754217e+00
1.225014359611922288e+00
1.258719724458750244e+00
1.266555278080337077e+00
1.202584602424886517e+00
1.222321145156208155e+00
1.228271017983554758e+00
1.228936043420835178e+00
1.229362323206857122e+00
1.203409886808677554e+00
1.212355720338621046e+00
1.213162690177760794e+00
1.229861589164382485e+00
1.221203538650376563e+00
1.233195429875547644e+00
1.239650804020843156e+00
1.234337265443072429e+00
1.212733723778887107e+00
1.230556073534563755e+00
1.228203300320813707e+00
1.240174931056353680e+00
1.222712410999623689e+00
1.240027501398096366e+00
1.306348294724952064e+00
1.306226145356647272e+00
1.286781393498393600e+00
1.277095909965487497e+00
1.231399404983198664e+00
1.229463870187339714e+00
1.220202274957705058e+00
1.252563645543506743e+00
1.258730441368769881e+00
1.226891644157688699e+00
1.241011165898771473e+00
1.297462396300015586e+00
1.286110760605403414e+00
1.257326993163271567e+00
1.251824235895929283e+00
1.291549502082074419e+00
1.258889797671951083e+00
1.250036064739183717e+00
1.236558404814066092e+00
1.267925289831699720e+00
1.259066005508131081e+00
1.264083127395899009e+00
1.219179402920559818e+00
1.263737020713541659e+00
1.295244723962199584e+00
1.270933687665176226e+00
1.240574163617488734e+00
1.231640739906283866e+00
1.243978846671965899e+00
1.234203414685682842e+00
1.218519273270117109e+00
1.229588869837958010e+00
1.203730189553595675e+00
1.211259707454508616e+00
1.229951468015126892e+00
1.233872705387450086e+00
1.226150217798667397e+00
1.215208275486766354e+00
1.226530254570181500e+00
1.221373944854756699e+00
1.224207249636800388e+00
1.288972828375946955e+00
1.288385125180778079e+00
1.253374097613668470e+00
1.229430108305679337e+00
1.337094793912664281e+00
1.281351510367213287e+00
1.287996446544223961e+00
1.262034251455746325e+00
1.265568605598302643e+00
1.278359998789386109e+00
1.280903145421249389e+00
1.285097311665584607e+00
1.268066564144904262e+00
1.230971991406444532e+00
1.243625419568813673e+00
1.241575460239433770e+00
1.272244040859353609e+00
1.284252367387350269e+00
1.287351482493061194e+00
1.265693151966946983e+00
1.276131530196877417e+00
1.257402515745969618e+00
1.282798241332215206e+00
1.267328744655290551e+00
1.293265411062920922e+00
1.194996645283181280e+00
1.225185799762666505e+00
1.198886634850820476e+00
1.224419321198257915e+00
1.231961377119708212e+00
1.226066322165787259e+00
1.238941645078686538e+00
1.225496195478682271e+00
1.225815430856679322e+00
1.238032512840671062e+00
1.244239153513516216e+00
1.229080032106542264e+00
1.222129576510635474e+00
1.223761944185189243e+00
1.221267600372970552e+00
1.230348046478353163e+00
1.220059080967430987e+00
1.274135392265856259e+00
1.286948384772374165e+00
1.286966665499979401e+00
1.312223371396584959e+00
1.292449574238873522e+00
1.274393717450204022e+00
1.276285232738904041e+00
1.255939698576704400e+00
1.235355703763917345e+00
1.246007292038441960e+00
1.257702840360295227e+00
1.270273863305614981e+00
1.270369466140693460e+00
1.303053945200001174e+00
1.293991075730870799e+00
1.291716451788904152e+00
1.262078698172766078e+00
1.287098860957085034e+00
1.279361255757782034e+00
1.285312735166163733e+00
1.296344246483132290e+00
1.312793998184253796e+00
1.302730169941344274e+00
1.299043412985490642e+00
1.295332313778421174e+00
1.294844101965433758e+00
1.283949576634324741e+00
1.287057960799425249e+00
1.284280291710391042e+00
1.282611788360501714e+00
1.278424454225770113e+00
1.291246080391180273e+00
1.264447333671884222e+00
1.245561203903110759e+00
1.288581246671621772e+00
1.276549823110189719e+00
1.274000739115588976e+00
1.239678970071391939e+00
1.237476753210397185e+00
1.243870175851417903e+00
1.250056229169541844e+00
1.283090395977261933e+00
1.288563534808933930e+00
1.305286678957714219e+00
1.300809190021923412e+00
1.316542999483252263e+00
1.295024508274760455e+00
1.267090300325152352e+00
1.260235730481498173e+00
1.274752225882082479e+00
1.279527744287629609e+00
1.275431939041677287e+00
1.319268397164793827e+00
1.279926173815298052e+00
1.289469771739152115e+00
1.304041238903230315e+00
1.280782032615363830e+00
1.287905123091824144e+00
1.250182860307080146e+00
1.258281574412184911e+00
1.260267230755925283e+00
1.271580455424123679e+00
1.274585922055147202e+00
1.254503979481856879e+00
1.258840068177709659e+00
1.271453396104993194e+00
1.257063611769488665e+00
1.255595548768546621e+00
1.223731979719071106e+00
1.232887853405550960e+00
1.257788212064225197e+00
1.240160682564401817e+00
1.235300984903091592e+00
1.215507956925046207e+00
1.231905204952382871e+00
1.238197791892584165e+00
1.238098076407633918e+00
1.212690634919418198e+00
1.212765697894270467e+00
1.210348948152411896e+00
1.238177919290434081e+00
1.234904230456775664e+00
1.238111285580876242e+00
1.253370322483399857e+00
1.266420521055685366e+00
1.243895375771777223e+00
1.260300843486435340e+00
1.248216293773135588e+00
1.257613220093102280e+00
1.260458057776151275e+00
1.265869793942318688e+00
1.252893812508464766e+00
1.255799329328813885e+00
1.233368985369585724e+00
1.239542687035208868e+00
1.255028804202390935e+00
1.261025906193392609e+00
1.235126408118265129e+00
1.216166771084169929e+00
1.209333832840451928e+00
1.217002920113662512e+00
1.228203203346349914e+00
1.219406487453287058e+00
1.227448352642832141e+00
1.224469823782573297e+00
1.227280387683020280e+00
1.221514164139435143e+00
1.214778422438240302e+00
1.207308892957952740e+00
1.206172918221596335e+00
1.214772462599630121e+00
1.240109045222468342e+00
1.226948813464755927e+00
1.224924943148126166e+00
1.235812411573085967e+00
1.234779024848817963e+00
1.219196993075427171e+00
1.210196813004271954e+00
1.237569784737884815e+00
1.263009438136273976e+00
1.250167524754165482e+00
1.251589075217434122e+00
1.245728819481375371e+00
1.242878598124078859e+00
1.264368571842298117e+00
1.268492180332237762e+00
1.250113679189547744e+00
1.247209013737736960e+00
1.239193059562189170e+00
1.257763225750598846e+00
1.262416715246098109e+00
1.248047678483333200e+00
1.288554513751485109e+00
1.257024860213070028e+00
1.258077842423705128e+00
1.265970423249010768e+00
1.268068925118251089e+00
1.274921440366578063e+00
1.277570692250686646e+00
1.281743804940206344e+00
1.274352413393111894e+00
1.277457746640651370e+00
1.262058507400330543e+00
1.271325325989597355e+00
1.257190464437224264e+00
1.285636314349956066e+00
1.276161077478190853e+00
1.284398169168173398e+00
1.274742422999983749e+00
1.275228515282144315e+00
1.254413753015891642e+00
1.259223430718961367e+00
1.255852762328171224e+00
1.257533363152132155e+00
1.272430538643061881e+00
1.278699526450927548e+00
1.281342807561433705e+00
1.293469232934043367e+00
1.267064131421238748e+00
1.269976345575494214e+00
1.254811596580902133e+00
1.265097877215210165e+00
1.272814605662921483e+00
1.244925780966583462e+00
1.242327552808659474e+00
1.271441139378596041e+00
1.275711767465306679e+00
1.261279776689515630e+00
1.262915923536753970e+00
1.245940138712232859e+00
1.241538578784835201e+00
1.264461179649354339e+00
1.276218776677859212e+00
1.252398607847493128e+00
1.300938280263863156e+00
1.299147172495162206e+00
1.288366344275734043e+00
1.298254657520149236e+00
1.298657517366062164e+00
1.317253674970111810e+00
1.272515454674374658e+00
1.288971958245034966e+00
1.276530269869814660e+00
1.286951099724925829e+00
1.318784670895696287e+00
1.288025464193783387e+00
1.306057495995800899e+00
1.280002650724156643e+00
1.293748311118706473e+00
1.285135534617549702e+00
1.293038191581600493e+00
1.306414477140313002e+00
1.316032502809703297e+00
1.292384859588057155e+00
1.284896597113581507e+00
1.295897052309507691e+00
1.266624491818125975e+00
1.304379576782863870e+00
1.284955195040260456e+00
1.276773350623531034e+00
1.286567838792993079e+00
1.261639341150081250e+00
1.266527032720828005e+00
1.268785178769979538e+00
1.263541761190670965e+00
1.253323205238632720e+00
1.247391454464317206e+00
1.256717707842709197e+00
1.270552101713322335e+00
1.273611837415517645e+00
1.261997676786931644e+00
1.252170317341176453e+00
1.283323963607421625e+00
1.270879718534322800e+00
1.279871797174087167e+00
1.285876784835865427e+00
1.262317787316235895e+00
1.281499609848362420e+00
1.289852662528826466e+00
1.292223483170519271e+00
1.271634277138859126e+00
1.268371964780455441e+00
1.263194887531153388e+00
1.274956970692372460e+00
1.272698322441396357e+00
1.269417890817080341e+00
1.254788174501981324e+00
1.278848158377350996e+00
1.288737607872043167e+00
1.282060869789556579e+00
1.305652829294029926e+00
1.310486874278137481e+00
1.286608098939601819e+00
1.297588616832409558e+00
1.285812594590473923e+00
1.307389716034095484e+00
1.279433950182632174e+00
1.297047511980633949e+00
1.314983017539879118e+00
1.300299585101249544e+00
1.299296643839341847e+00
1.301490943598953898e+00
1.293859276021037230e+00
1.289187283241923110e+00
1.275403033093467808e+00
1.304258712678124876e+00
1.279884331133357644e+00
1.285594294446068764e+00
1.283595663933234876e+00
1.254697014647107034e+00
1.262925587306752417e+00
1.278565469865601045e+00
1.282426341598441155e+00
1.267345484523306309e+00
1.271963035145128318e+00
1.268354651949321621e+00
1.290378445423768561e+00
1.254719259433439538e+00
1.250038664347441708e+00
1.278585673354696306e+00
1.300214391839807915e+00
1.287229801256132289e+00
1.270274646534000684e+00
1.284970076054922528e+00
1.259017019028719542e+00
1.272272829534240701e+00
1.288018839704571761e+00
1.271760649860180781e+00
1.279734184970829913e+00
1.271330664465789573e+00
1.264697219212324475e+00
1.268081869761293001e+00
1.268855307218576423e+00
1.271769712479338343e+00
1.274886850529014515e+00
1.266108670858285823e+00
1.291215351557046143e+00
1.278376556611499959e+00
1.314119306220885575e+00
1.301824696218015109e+00
1.302935693087884150e+00
1.299837963153710474e+00
1.312061120985872131e+00
1.288766199510458454e+00
1.268715209387333065e+00
1.270880737046671927e+00
1.294564991617390470e+00
1.269777723545596260e+00
1.281634368266147073e+00
1.289043492638233479e+00
1.301576836321300723e+00
1.323042262830912863e+00
1.297644024741932967e+00
1.302828824985131639e+00
1.284366152250417059e+00
1.323438537155499306e+00
1.294549951774361718e+00
1.300891424546514852e+00
1.279598886104597710e+00
1.288323199439786571e+00
1.294884868755367124e+00
1.269281535691865637e+00
1.256845175281259941e+00
1.235288720989886402e+00
1.278319396535607444e+00
1.240221500150102907e+00
1.249845802843584153e+00
1.258071645792028903e+00
1.268947486197548269e+00
1.243038929337331178e+00
1.281329629085256938e+00
1.258740148776804402e+00
1.229245047315715267e+00
1.209311150636417809e+00
1.220425200123243403e+00
1.222601919782764446e+00
1.223810543225322789e+00
1.224660726019407786e+00
1.218406292376946309e+00
1.231543036044151496e+00
1.255343584144220870e+00
1.246100570927504370e+00
1.231554816553987353e+00
1.237811402426993945e+00
1.242353444213163627e+00
1.237195533585300211e+00
1.237755306008007095e+00
1.237921625739729858e+00
1.255790790296688497e+00
1.255462325774189480e+00
1.232066969180105387e+00
1.249508768423383653e+00
1.255437909537216790e+00
1.255334400181552068e+00
1.222269271034607030e+00
1.219315580690681688e+00
1.260358121357994854e+00
1.267575147845457328e+00
1.226183080418546956e+00
1.237729060424389127e+00
1.247743165055221759e+00
1.244131528296611222e+00
1.216122393731145168e+00
1.252551393481746045e+00
1.253538075485885139e+00
1.246855533116229653e+00
1.249975136556632727e+00
1.253789204416311032e+00
1.281106882053177909e+00
1.272119537301996006e+00
1.249829523624375494e+00
1.245679016113833582e+00
1.253974258763147720e+00
1.290653520992998571e+00
1.240635470932371254e+00
1.235859648828873336e+00
1.253712586308856070e+00
1.266494786409513518e+00
1.227338888247779591e+00
1.249147286336789842e+00
1.262613678672240392e+00
1.225010103122093685e+00
1.247193339054009753e+00
1.231595016814714061e+00
1.239221990603584622e+00
1.237327193996449637e+00
1.249957876100116438e+00
1.268660719566915063e+00
1.277010456391291626e+00
1.241447750199200506e+00
1.263106257682718558e+00
1.255201043796364102e+00
1.278079623853972446e+00
1.250872988747476100e+00
1.263825949249102187e+00
1.304600370653421271e+00
1.295980861280834784e+00
1.293541177352718341e+00
1.292404531194450090e+00
1.267851161490664236e+00
1.285360829784530479e+00
1.285913480138359377e+00
1.285049829274216959e+00
1.300659927675644090e+00
1.295511806937746035e+00
1.233631234876804150e+00
1.296465786095885031e+00
1.283258005517061706e+00
1.273051320608438175e+00
1.274078393525415187e+00
1.274860794251540641e+00
1.270891705633935942e+00
1.241793177011831339e+00
1.264473298303062876e+00
1.279015389261501712e+00
1.259073272983358471e+00
1.285432986869481153e+00
1.273991730174468762e+00
1.246816573029269959e+00
1.296042974710867934e+00
1.284628277772087213e+00
1.291964336616238107e+00
1.297434824197894576e+00
1.298420699502528031e+00
1.283111872826208311e+00
1.283290698292015142e+00
1.328066767938524739e+00
1.310312582433019069e+00
1.257454751676177152e+00
1.294395762675303319e+00
1.319104395310658040e+00
1.309888130516193128e+00
1.299506562942017718e+00
1.281839864531588935e+00
1.267601366880774849e+00
1.256382075359516737e+00
1.288573971588360623e+00
1.306584389069384677e+00
1.307737858603445158e+00
1.281564073355999867e+00
1.291198664090189130e+00
1.270868937446420821e+00
1.296142225213411825e+00
1.274436800453694119e+00
1.274083990617747686e+00
1.256881025572148314e+00
1.264381852322451483e+00
1.288151289697301083e+00
1.287217181400729382e+00
1.268188090468754581e+00
1.284084441275354482e+00
1.288259380024842082e+00
1.274001610328783674e+00
1.304154493327478459e+00
1.290116766817340332e+00
1.284111155951640937e+00
1.265189877253303008e+00
1.259489372977191879e+00
1.277030765997607897e+00
1.269883728690611724e+00
1.291781462801301128e+00
1.260694123420872614e+00
1.277366734588851971e+00
1.240235626484058828e+00
1.221030213969913625e+00
1.224653242418792365e+00
1.242930062614590714e+00
1.268085752284359158e+00
1.266996235329639342e+00
1.267607634149207740e+00
1.271423322862039518e+00
1.275043449840760346e+00
1.249942577832956703e+00
1.218154269637504949e+00
1.211611232576893737e+00
1.253627948323547736e+00
1.258217304856305674e+00
1.266546894335175200e+00
1.254625772038973963e+00
1.255240091003442027e+00
1.263737267750532078e+00
1.233985045433002581e+00
1.261537262784382607e+00
1.278727005217061174e+00
1.282118593874489010e+00
1.266941999119723494e+00
1.272105085464743102e+00
1.276386138056108344e+00
1.265976293753019899e+00
1.245372336518425715e+00
1.265428490855631694e+00
1.302079334324529825e+00
1.309417616464399803e+00
1.287927716809264433e+00
1.295841756686219481e+00
1.268745214733409954e+00
1.312758120536175355e+00
1.265077091603340032e+00
1.262506081141964609e+00
1.221710869775162411e+00
1.260387698971341841e+00
1.272092601151980640e+00
1.266324486092342605e+00
1.266684517342568927e+00
1.257442292905828207e+00
1.254156610061660793e+00
1.254333716140895838e+00
1.258753184102123779e+00
1.292725386306871505e+00
1.303017832788445407e+00
1.268921299607477682e+00
1.244535294203912068e+00
1.273212454178484609e+00
1.241904304166251860e+00
1.253397369043860676e+00
1.287669316783375262e+00
1.257097084606728199e+00
1.255000655878891092e+00
1.247621822860370822e+00
1.243716146746954854e+00
1.276484315534247127e+00
1.246525654792495219e+00
1.267004191382549383e+00
1.277094808324588548e+00
1.259073886070740667e+00
1.251024371485767839e+00
1.260385184984041507e+00
1.280482216270455442e+00
1.269006636106252639e+00
1.277590015107232135e+00
1.263666017706739364e+00
1.275900172049278636e+00
1.286982814082212601e+00
1.253816602330166008e+00
1.260286143049067276e+00
1.256029661825396326e+00
1.275733273608402607e+00
1.263403209856537313e+00
1.261921611944182287e+00
1.250850524971975464e+00
1.266040452487533718e+00
1.251598378973642234e+00
1.283808099835148875e+00
1.276380878110614292e+00
1.285923869388297502e+00
1.259047473035558751e+00
1.245632763436446577e+00
1.295810836875405547e+00
1.292011969372069524e+00
1.295734598047991515e+00
1.287378693605491176e+00
1.276132422897858110e+00
1.269293447356391713e+00
1.277420057685882071e+00
1.265421851730026637e+00
1.267690237984088863e+00
1.259243177445405149e+00
1.263022386776953887e+00
1.262428225692143080e+00
1.278381273963159703e+00
1.250307561753844166e+00
1.271729274935591958e+00
1.245354673781883692e+00
1.253689618964154873e+00
1.273045123333149231e+00
1.278406403409575454e+00
1.258473547381704138e+00
1.244332192281882188e+00
1.265087167794077150e+00
1.271302961363924844e+00
1.250675044998378560e+00
1.263798654738096383e+00
1.270706016177938436e+00
1.275296013328907740e+00
1.293808791809767822e+00
1.278928164699426606e+00
1.269432516918605147e+00
1.289099309756334799e+00
1.262498713320336030e+00
1.279947893965666106e+00
1.293793801493271500e+00
1.289882139076145240e+00
1.251200113287626925e+00
1.244832273774072906e+00
1.249444099847667022e+00
1.268688980450967785e+00
1.289030416010407798e+00
1.284097065032492102e+00
1.284555767751176747e+00
1.251828356531751396e+00
1.269886145204641270e+00
1.284703631562622794e+00
1.285723758722003174e+00
1.278357071617314711e+00
1.304984078226788746e+00
1.298348910214077723e+00
1.289522532760585705e+00
1.280178125166544723e+00
1.283734368007509952e+00
1.278521627322584786e+00
1.241447109472768595e+00
1.265258340783720570e+00
1.262961405004069837e+00
1.259896557814801143e+00
1.271204810668081775e+00
1.274647229655093694e+00
1.270213880835129316e+00
1.240972867346137098e+00
1.283758441225054003e+00
1.315695641186301668e+00
1.278790917462680143e+00
1.250694421256764999e+00
1.251520502088395936e+00
1.266874187680701924e+00
1.279442127029933651e+00
1.232956964585444792e+00
1.241342842140118252e+00
1.262379058871559101e+00
1.292001149061178689e+00
1.281133886938180311e+00
1.244464012062532321e+00
1.258813775780249333e+00
1.251925538025171036e+00
1.273252671789000479e+00
1.274782894285088508e+00
1.287279324282499804e+00
1.285221248452621534e+00
1.266586066665564836e+00
1.284016013993101835e+00
1.296314012573979157e+00
1.255959724443075132e+00
1.268330418701855145e+00
1.261747163710392083e+00
1.271337379625535835e+00
1.287261637304303319e+00
1.275786043347967746e+00
1.258115628621301108e+00
1.238208972453528345e+00
1.291393767133269588e+00
1.290677095994505974e+00
1.314941938064614568e+00
1.314968268285187092e+00
1.298014764149740374e+00
1.288653236094664534e+00
1.276453794719105028e+00
1.289980727724134857e+00
1.308492704736014867e+00
1.259059719058631899e+00
1.285710869924196587e+00
1.294641372027333093e+00
1.263758529607410308e+00
1.253363937221104729e+00
1.267223375156141918e+00
1.257645271173127410e+00
1.268996928013119918e+00
1.265667149099446886e+00
1.288515645897841733e+00
1.273577154826800006e+00
1.248516156476899619e+00
1.275677871782988637e+00
1.260061100813753665e+00
1.299985456808306905e+00
1.302132645134405964e+00
1.284974814198237558e+00
1.285696191003313338e+00
1.277062846109512373e+00
1.249575474169060119e+00
1.264265400814933660e+00
1.256259666829622423e+00
1.210405884188925363e+00
1.298626818695845619e+00
1.269793585622622345e+00
1.256611571260239035e+00
1.289468534103205055e+00
1.234125313726660789e+00
1.283644717147410352e+00
1.235510404071728630e+00
1.238541426054015071e+00
1.210889910326515384e+00
1.230613702601951243e+00
1.278314252740583745e+00
1.245546062934377529e+00
1.213484327116184147e+00
1.236967823852233250e+00
1.271234518935534297e+00
1.292366976640215048e+00
1.274849398609241735e+00
1.269887246075116716e+00
1.252005689789472020e+00
1.243676214167782179e+00
1.265671671224245731e+00
1.249013713552693750e+00
1.256407235972079706e+00
1.237689524020997967e+00
1.317730382317084947e+00
1.382345341961586094e+00
1.341363815977858254e+00
1.361959373596645317e+00
1.316731530453611354e+00
1.250440311452203357e+00
1.253911234655059381e+00
1.243371884108458003e+00
1.236303887179421190e+00
1.319328797803543951e+00
1.336637616854902566e+00
1.371472247413175527e+00
1.282599188929435696e+00
1.262505605703406308e+00
1.300948040788748372e+00
1.318963699132622569e+00
1.278339224744127423e+00
1.323896961498436387e+00
1.328811439828726959e+00
1.357738627295115519e+00
1.347184744129692691e+00
1.374868853376810529e+00
1.349311217343064584e+00
1.268152720688349389e+00
1.326459600497493785e+00
1.332914952728600388e+00
1.325293174696072551e+00
1.332865074760580582e+00
1.332244703898328275e+00
1.326807538820313326e+00
1.253444375753783868e+00
1.297988030274888738e+00
1.299183152037991951e+00
1.305347590774466271e+00
1.341013542030911498e+00
1.304176076223601655e+00
1.314895972016230541e+00
1.274420804806734475e+00
1.307297341937864399e+00
1.285982763312354837e+00
1.314834499324194717e+00
1.306212947434218563e+00
1.292694899477850212e+00
1.313208368712381002e+00
1.289744626889433254e+00
1.287729602843938226e+00
1.285534868132001796e+00
1.311514231674608899e+00
1.291059736911037037e+00
1.296536835885345518e+00
1.352242942697596373e+00
1.333161057653318826e+00
1.294056065482983131e+00
1.305275644697650339e+00
1.331840413232486808e+00
1.290631541949210259e+00
1.300936695797016540e+00
1.331291664302442834e+00
1.391258373656723890e+00
1.360402509236098734e+00
1.374704459857513106e+00
1.392496296386265486e+00
1.363552144797376409e+00
1.379685704323174722e+00
1.378208368798181427e+00
1.324884907305702297e+00
1.331053543874767708e+00
1.342279871455465790e+00
1.349998275953981919e+00
1.352970630861882517e+00
1.250319075996215057e+00
1.266171368459823032e+00
1.261510265882304527e+00
1.248383981815436305e+00
1.201627193753582068e+00
1.228730939595093163e+00
1.220588769074802515e+00
1.250202339545591235e+00
1.254228192067130987e+00
1.263713374275352797e+00
1.257626416708998107e+00
1.252380153259010420e+00
1.252570286219309104e+00
1.231114485564318128e+00
1.262304438317169542e+00
1.285900584183849116e+00
1.298067612861163234e+00
1.323021784283520352e+00
1.263922681922357905e+00
1.284517280095240244e+00
1.298659565766008051e+00
1.298877535680723394e+00
1.296227802610001589e+00
1.272580384660736419e+00
1.279709127190551188e+00
1.291382458226826735e+00
1.245786437474095454e+00
1.240741850893749554e+00
1.243345086361307361e+00
1.232097927834450601e+00
1.208042471468171675e+00
1.208476077804191418e+00
1.224672735964881465e+00
1.226902775334113294e+00
1.305784496607324874e+00
1.298308857908710312e+00
1.284011705789022795e+00
1.284730542956292298e+00
1.301688582224931334e+00
1.323443672079133382e+00
1.311742252601733716e+00
1.331686661895952417e+00
1.314847900735748532e+00
1.339887837200103515e+00
1.365949842687752547e+00
1.355886061129849329e+00
1.311802113988665530e+00
1.318550750739851729e+00
1.322590893823736957e+00
1.334077635042799859e+00
1.327508873868749273e+00
1.320687827138059323e+00
1.288588856497991486e+00
1.312638779459869509e+00
1.324864008615057820e+00
1.264626208545683195e+00
1.331327771990781228e+00
1.349662613628751062e+00
1.323044735885804180e+00
1.324933785666582597e+00
1.337532628218646602e+00
1.350212933436687690e+00
1.332031420165329161e+00
1.333241405329390172e+00
1.318304299331928275e+00
1.314465964283975108e+00
1.374969806443426146e+00
1.305433474677837546e+00
1.302345855915399975e+00
1.335354377275834059e+00
1.355060797649217719e+00
1.355550314357614861e+00
1.337244449207998231e+00
1.396649433466868651e+00
1.388103699478412834e+00
1.358776734843104128e+00
1.327751907260003916e+00
1.331171026090096188e+00
1.371282825388329796e+00
1.362383151188708785e+00
1.312430699435842785e+00
1.330907338756443181e+00
1.341606492560418085e+00
1.344412825724793592e+00
1.340908477346143934e+00
1.335335880234582495e+00
1.274274953395444721e+00
1.326017510952714140e+00
1.270849517517584903e+00
1.341502651743522900e+00
1.260883913593093597e+00
1.279500790880912398e+00
1.315949113312743668e+00
1.265669593396880677e+00
1.263683014029683527e+00
1.281337577709027675e+00
1.267544968266451022e+00
1.258117352510570663e+00
1.273391006518868940e+00
1.259252730650797236e+00
1.228388752580290122e+00
1.259388346966796579e+00
1.241641650945682462e+00
1.337033329705125118e+00
1.347924980114588500e+00
1.325318131294584090e+00
1.323054762418332198e+00
1.328304038191446379e+00
1.337869773224582337e+00
1.342865373617004199e+00
1.257800968255128327e+00
1.288033158530674349e+00
1.332669424264110170e+00
1.322415942050945148e+00
1.312036585980674408e+00
1.331810966775697658e+00
1.318630799205634752e+00
1.313061808925116480e+00
1.296034458813028589e+00
1.320678266373025211e+00
1.353251762527622137e+00
1.333419872149247176e+00
1.336505599512870290e+00
1.285037251705929418e+00
1.303175226794171859e+00
1.323393502878920325e+00
1.220794420895537469e+00
1.337556084932242317e+00
1.283179376128772420e+00
1.261486066277494711e+00
1.287493262396561144e+00
1.338173733901063533e+00
1.312548473951418604e+00
1.326843553890606042e+00
1.307854007438618016e+00
1.312951762237346331e+00
1.311055779285508649e+00
1.337094356297455766e+00
1.394814879875126756e+00
1.355277849180153149e+00
1.336672709886117527e+00
1.296472696611316699e+00
1.329572719776187073e+00
1.358891577401446060e+00
1.317036954053330877e+00
1.301617245269148126e+00
1.313899231818613567e+00
1.269876890897003063e+00
1.255553884314561941e+00
1.336636853985114781e+00
1.360580071147511783e+00
1.324375429710367813e+00
1.351425203095155902e+00
1.366840515776534204e+00
1.373988341164848803e+00
1.388018313762295008e+00
1.426207940082103720e+00
1.373094456205359082e+00
1.361138011732501818e+00
1.419829420879955117e+00
1.405317856707221535e+00
1.419292177223109519e+00
1.344809545670843320e+00
1.373436406317319447e+00
1.371633140764658698e+00
1.375551093397995084e+00
1.306669881125286370e+00
1.333401683452682063e+00
1.365866516586144996e+00
1.340593046256971732e+00
1.347179817863569884e+00
1.384848074083143254e+00
1.393144055528100056e+00
1.378412004705256821e+00
1.396098154749663589e+00
1.337050209636127196e+00
1.342832977889546475e+00
1.364039495522273659e+00
1.346403327848575859e+00
1.331886278572998350e+00
1.358602736196297123e+00
1.359610657554795932e+00
1.342161605180610673e+00
1.323588013957643694e+00
1.316248615061165639e+00
1.291128731903273152e+00
1.315722945945603461e+00
1.304605969116499065e+00
1.349706903350531118e+00
1.299937620970480490e+00
1.328500587749239514e+00
1.374078108431928458e+00
1.338207691169269298e+00
1.372175082331450691e+00
1.393993638264536816e+00
1.395841913126396383e+00
1.388197555963513130e+00
1.405638480611888674e+00
1.369187838566231052e+00
1.304255703392928512e+00
1.346841454548636685e+00
1.349146274604417828e+00
1.324198979326797199e+00
1.316727586231053015e+00
1.280873497552137197e+00
1.269396505592760294e+00
1.252477335756851939e+00
1.307171860592488910e+00
1.317769973329837363e+00
1.368201033857225912e+00
1.337396429523215025e+00
1.311902016957789741e+00
1.292818698590075366e+00
1.275054488210189962e+00
1.333374909688202603e+00
1.328349439940568866e+00
1.363871295188279653e+00
1.347413787241458216e+00
1.334027461118250768e+00
1.323216824407190684e+00
1.283527650038892132e+00
1.275663644934318608e+00
1.279472238653075244e+00
1.312009058375026349e+00
1.287725725926615716e+00
1.294594580213980883e+00
1.275667909599973004e+00
1.305664551638879622e+00
1.304509592904170567e+00
1.291255774560425840e+00
1.279440442781643483e+00
1.280716997155972869e+00
1.308837852621442144e+00
1.288437292409238433e+00
1.281966934655508927e+00
1.298175971218038072e+00
1.290301851216130169e+00
1.302448477028423479e+00
1.270384638857893878e+00
1.280668333191776531e+00
1.297088633609712049e+00
1.274563525476906767e+00
1.273844209080775114e+00
1.264706494162872730e+00
1.299868691184418834e+00
1.291982875727593294e+00
1.290419772825475153e+00
1.298392430380912677e+00
1.309359112745474230e+00
1.313834312130743198e+00
1.303050598117874381e+00
1.332622646210182227e+00
1.329953017148515881e+00
1.323967687533022852e+00
1.327194810352521959e+00
1.345150234579816306e+00
1.297402195605520170e+00
1.320861279447587133e+00
1.362847356703194013e+00
1.336316909214328774e+00
1.330676719626512794e+00
1.297760117638819377e+00
1.324683458233934852e+00
1.308089684657690599e+00
1.279404323713646763e+00
1.294754175079978475e+00
1.264611538639092370e+00
1.309593829985020719e+00
1.263146913955266237e+00
1.286508176610615450e+00
1.236873317560548191e+00
1.281640884761811039e+00
1.294249913525681528e+00
1.272560657126238226e+00
1.252185061685268996e+00
1.226006185024047568e+00
1.235109637438870145e+00
1.259582518718962429e+00
1.270065093209427731e+00
1.267446599080818803e+00
1.244558595071749041e+00
1.224752692700054491e+00
1.250187928888393252e+00
1.251889312459643966e+00
1.240989596926540539e+00
1.259753253225032843e+00
1.267986333622055151e+00
1.268102188142171238e+00
1.271361504960920819e+00
1.241802742013486283e+00
1.247207611155380480e+00
1.247132497495035519e+00
1.275776396343462515e+00
1.290347359322491450e+00
1.256376489779176708e+00
1.275036895100138956e+00
1.271308925115475663e+00
1.299336709307797877e+00
1.278400183253312283e+00
1.283957015226408593e+00
1.284702036711572681e+00
1.291592062389133044e+00
1.240694991853685591e+00
1.258389125709242773e+00
1.249772444600400823e+00
1.243346668682899558e+00
1.267152201299232450e+00
1.339832570194563921e+00
1.317935160569693620e+00
1.342267209644493420e+00
1.300062998309957862e+00
1.272003437950693927e+00
1.312097610482889642e+00
1.296297691074659975e+00
1.306965848203097913e+00
1.316015821999940938e+00
1.318501665200398243e+00
1.307601132681685652e+00
1.341321337290076299e+00
1.341767472486333768e+00
1.337348883525134591e+00
1.371464033461576637e+00
1.344898956865460127e+00
1.318820126631374379e+00
1.319601335565650846e+00
1.319619707319469093e+00
1.334630706282576407e+00
1.342575020054469714e+00
1.318570253861754304e+00
1.306978503467957520e+00
1.321233708420500808e+00
1.326382568754764124e+00
1.346586613680905042e+00
1.291582500902331843e+00
1.284154929992542993e+00
1.266533587175820985e+00
1.279006148171093926e+00
1.318831364570776543e+00
1.304209769858105883e+00
1.317552723426695271e+00
1.307296445794760897e+00
1.325429258417969214e+00
1.333015052119598476e+00
1.321763159606224480e+00
1.341931992177151312e+00
1.262732014969767391e+00
1.296825870600931685e+00
1.256051695450285166e+00
1.272085350064335652e+00
1.253722297498786498e+00
1.281619534575096475e+00
1.263761682157315436e+00
1.240754662578925638e+00
1.258333382231639153e+00
1.263430566233638030e+00
1.261420408079436450e+00
1.275642161309002764e+00
1.287342662272723315e+00
1.314939413140343571e+00
1.277617205785863908e+00
1.268943867302606110e+00
1.288832052393143579e+00
1.321840879954933046e+00
1.294195958134869873e+00
1.306447494800056175e+00
1.304733365161517389e+00
1.300279737399172575e+00
1.327386750927365799e+00
1.317102238380585488e+00
1.304448204571424741e+00
1.313645647345684342e+00
1.346767050190943671e+00
1.365049524726813956e+00
1.340144670649461967e+00
1.346988340693612285e+00
1.321412679228792797e+00
1.332042344261285871e+00
1.314565646927406739e+00
1.366298820299676864e+00
1.320096790481128490e+00
1.359140842907098135e+00
1.367359448831976687e+00
1.396976777591533381e+00
1.338360234682931305e+00
1.350183957696978521e+00
1.365578785599753875e+00
1.341274458604086339e+00
1.366157056301327888e+00
1.359503333771753253e+00
1.349925702768181690e+00
1.330678484758625935e+00
1.308197954235571725e+00
1.320514680801529117e+00
1.324725203551526231e+00
1.330911413630516016e+00
1.348014920392478277e+00
1.330113305020319769e+00
1.359232509235300146e+00
1.362064111590708393e+00
1.354051974500032340e+00
1.323300289133253704e+00
1.332694479584928260e+00
1.336418131614366844e+00
1.340106699195284579e+00
1.391255017927526705e+00
1.292886016258267823e+00
1.268712219433919319e+00
1.286557925779681755e+00
1.245510031381347638e+00
1.258433019725167856e+00
1.314128460258556563e+00
1.270995013324929479e+00
1.292067334278120594e+00
1.276848625719719577e+00
1.295564516619718276e+00
1.272014610524894174e+00
1.283421466542144396e+00
1.279078007411275530e+00
1.304743847607841012e+00
1.294956520914827935e+00
1.290762636956700238e+00
1.278696450859759803e+00
1.289553428878412733e+00
1.296826478787426407e+00
1.286801622325021155e+00
1.323316466875233299e+00
1.315828262561340223e+00
1.284098569434340531e+00
1.281933618491052806e+00
1.282214810021164997e+00
1.286640373012335470e+00
1.304375280809130011e+00
1.339330941545703313e+00
1.335691834834744185e+00
1.316340025543627723e+00
1.314202532831376669e+00
1.352388263864660711e+00
1.319305919796842863e+00
1.287708075639308891e+00
1.265839483261425480e+00
1.227445449823552526e+00
1.256514104452490788e+00
1.253809232073003654e+00
1.257673877538867613e+00
1.248844378421733126e+00
1.254373215410844677e+00
1.305925002996771944e+00
1.272520709981419973e+00
1.291338786163558128e+00
1.283185512928802785e+00
1.277484002378022954e+00
1.257033127230760661e+00
1.277089692958028655e+00
1.322566139703367227e+00
1.288544997645021839e+00
1.293507697852115612e+00
1.306912266349746332e+00
1.332637485362220708e+00
1.299765265147875937e+00
1.302514915525023520e+00
1.365749533958231732e+00
1.334975519478660555e+00
1.286929913304962314e+00
1.270003500004971198e+00
1.303552806786547169e+00
1.292968601070807910e+00
1.300086219218106631e+00
1.280030087661018223e+00
1.272436675079904989e+00
1.272745956773740250e+00
1.271431406708391387e+00
1.277951413069507547e+00
1.290227986545176231e+00
1.304284331308694478e+00
1.264036864577943842e+00
1.266152466995547510e+00
1.276842156185361343e+00
1.276523982041087635e+00
1.265383520008299234e+00
1.268404715191814969e+00
1.277362534826497864e+00
1.248566874817321981e+00
1.296025031635259950e+00
1.276953292853966193e+00
1.253905338127845992e+00
1.303933509195531970e+00
1.294800169797625466e+00
1.306081307003327474e+00
1.253993225043798398e+00
1.287130116500204480e+00
1.312107692116788016e+00
1.306502895034804324e+00
1.297134035073464364e+00
1.268347588234426837e+00
1.279834491539261876e+00
1.282029375328879617e+00
1.278663710951975618e+00
1.283807216967156162e+00
1.266918856257962744e+00
1.314872078415097123e+00
1.343253682278830796e+00
1.290510260652819818e+00
1.302078597548204986e+00
1.292448159613853953e+00
1.293844286370549934e+00
1.281401233059136224e+00
1.266381158071462343e+00
1.259170175256502988e+00
1.254370617172835045e+00
1.247649629896237622e+00
1.286226858746501778e+00
1.277123311241253889e+00
1.255087855158488752e+00
1.271396372952283915e+00
1.269479855688437020e+00
1.297299858100492420e+00
1.270337027046352540e+00
1.290642396101743028e+00
1.268242735714340652e+00
1.328654912573226543e+00
1.300213929544073777e+00
1.310918132799849589e+00
1.291362184832175908e+00
1.271341251463798061e+00
1.281927525468481877e+00
1.274691241926181551e+00
1.264709595478216153e+00
1.269665369489830553e+00
1.284919185094067773e+00
1.291947363085357292e+00
1.304566342426915826e+00
1.292621158239765311e+00
1.295567919814898383e+00
1.244839867041518833e+00
1.294731413895513272e+00
1.297147537082298463e+00
1.261967988976685939e+00
1.282068648787625387e+00
1.266251740375005985e+00
1.264290004226275688e+00
1.280900689558676753e+00
1.297480147955582863e+00
1.282477328615874157e+00
1.289272461715096130e+00
1.297867559719808606e+00
1.283170347804880373e+00
1.292603996058574678e+00
1.297285763942783277e+00
1.292141125720018602e+00
1.292681442855284857e+00
1.298803090277712124e+00
1.342467252279286649e+00
1.328704527793599155e+00
1.337886409727389481e+00
1.311237249932400539e+00
1.334727518085301989e+00
1.276816930860389165e+00
1.301700689255669507e+00
1.301831154773381627e+00
1.292148668777791887e+00
1.255908114409348464e+00
1.285684842183407062e+00
1.248215029189011505e+00
1.269353189431729589e+00
1.294550071258544932e+00
1.314360404220613621e+00
1.274238311306853833e+00
1.305106899446439650e+00
1.254283469095517578e+00
1.310726325920001711e+00
1.298898811279153964e+00
1.304161310961308828e+00
1.298707865938833361e+00
1.280878210951093221e+00
1.271904102093085021e+00
1.279580091791854501e+00
1.306515770038306989e+00
1.282038684132939643e+00
1.304198217728767428e+00
1.296783543243663184e+00
1.297571052343937659e+00
1.279423778979415172e+00
1.295251550658063744e+00
1.275324347613095988e+00
1.275298657884345710e+00
1.272979946500632176e+00
1.267322648071721680e+00
1.287102475930822720e+00
1.270369445407058651e+00
1.271660255364644776e+00
1.265775417970238959e+00
1.266723687156765754e+00
1.316487648630292107e+00
1.298484482247123983e+00
1.286765276150741322e+00
1.300517987224339089e+00
1.292425454114252803e+00
1.307861285278896446e+00
1.338361566829181726e+00
1.331665423536986470e+00
1.276766363813326421e+00
1.282759841486943664e+00
1.316435556216663194e+00
1.308487512984551016e+00
1.298493294507876428e+00
1.306985836926620292e+00
1.328749033314835293e+00
1.340675932661479886e+00
1.315524473749754897e+00
1.320523377040009105e+00
1.314650301311641289e+00
1.316167117851765322e+00
1.314103217526739975e+00
1.268475081916983216e+00
1.317551619772129756e+00
1.327035633204120879e+00
1.343592807598138483e+00
1.336556634505337904e+00
1.344895618263547865e+00
1.316555228918544485e+00
1.286794886458604292e+00
1.345496782514927769e+00
1.295110446602603549e+00
1.336418668388248854e+00
1.286035535529991281e+00
1.273892428020962253e+00
1.274383716325909077e+00
1.296094732953993578e+00
1.311175867495155911e+00
1.296997121527417196e+00
1.280096036807031989e+00
1.288878899612561080e+00
1.295316707975161075e+00
1.315040462747060879e+00
1.319383718083320556e+00
1.328918970558862656e+00
1.332035039324635184e+00
1.367135542874358123e+00
1.360289146722713616e+00
1.317931878750558727e+00
1.335023644812770138e+00
1.324190308177737752e+00
1.305519305507065519e+00
1.301815218512333505e+00
1.312096209043510209e+00
1.317021769093974948e+00
1.301570220415982693e+00
1.263818898583369821e+00
1.272796869794752705e+00
1.293941201419670728e+00
1.343935354498740464e+00
1.286880766695432055e+00
1.291918078972325912e+00
1.303148877486897339e+00
1.314966673910078265e+00
1.298245206776547978e+00
1.280761279994089730e+00
1.349453882275717831e+00
1.312075892922969444e+00
1.291143897180867528e+00
1.293492026956422514e+00
1.291637735621985472e+00
1.297066954786032289e+00
1.299429791604522322e+00
1.283470699747182531e+00
1.304076629010145982e+00
1.315194482529906228e+00
1.283113516679380339e+00
1.292947790827289278e+00
1.282497929180025364e+00
1.286219939319903416e+00
1.298305241402964549e+00
1.301568665017476256e+00
1.292945129615745925e+00
1.290494698344552660e+00
1.315357344711344245e+00
1.307135213238929783e+00
1.304498616425414426e+00
1.315995742456092632e+00
1.292372429650129773e+00
1.304505203964779758e+00
1.302936144914252692e+00
1.337420144689004387e+00
1.302788904286391380e+00
1.312602205673664812e+00
1.306121680233816251e+00
1.300869737059876519e+00
1.291110176707201074e+00
1.308080925373362957e+00
1.304772057535459773e+00
1.298030032248765231e+00
1.303304133489913141e+00
1.313551714739674692e+00
1.295923088233876141e+00
1.331032978398910993e+00
1.319863078703082060e+00
1.326833231566431515e+00
1.335800621125156962e+00
1.318734027836677036e+00
1.316151608000074580e+00
1.316918490949396503e+00
1.323240790726476712e+00
1.341340238678366381e+00
1.312834943360969397e+00
1.311252414007931133e+00
1.320902089669984347e+00
1.345149394781216312e+00
1.321500511242598597e+00
1.330997152692233065e+00
1.314610872023298516e+00
1.322095072025811335e+00
1.329257183965953271e+00
1.314952496024549111e+00
1.322707778229254005e+00
1.333845666259640739e+00
1.340414420619968627e+00
1.333868668852226991e+00
1.352781715685954733e+00
1.375374612013425812e+00
1.347412607735200885e+00
1.341451055583623209e+00
1.369903489349361791e+00
1.363694663382985395e+00
1.357062230777305922e+00
1.367951363104401574e+00
1.324103164731764926e+00
1.340203106426118840e+00
1.365610591945082053e+00
1.318422575516775108e+00
1.313759413408108312e+00
1.326069347872746107e+00
1.310317158381574920e+00
1.347782550623622955e+00
1.352011390835482274e+00
1.344052444249200784e+00
1.302951581657285418e+00
1.320450833866952278e+00
1.319796979519257452e+00
1.269125760457608054e+00
1.298737537182443891e+00
1.295451657275104917e+00
1.343234082793416606e+00
1.302098091758223886e+00
1.335234301035434834e+00
1.304434785049142231e+00
1.305078577593085098e+00
1.305191039789067808e+00
1.327919268772534522e+00
1.321624471133873824e+00
1.355302978748554654e+00
1.315688461636243645e+00
1.327793623362701902e+00
1.319526697387201297e+00
1.312321051379239600e+00
1.319663499877017587e+00
1.297837171285879609e+00
1.302988214638939324e+00
1.339104492831445059e+00
1.279847089899956991e+00
1.309086620718501903e+00
1.304196848595034375e+00
1.310847389301647015e+00
1.291630644833454689e+00
1.270754619771639282e+00
1.292979659605077325e+00
1.298114871911247192e+00
1.289031220486824614e+00
1.256878204504993324e+00
1.293346575330057702e+00
1.287142737372295009e+00
1.315051521283443714e+00
1.294931434033824713e+00
1.341069257954732752e+00
1.293123175309471184e+00
1.299496268151677958e+00
1.292329396472118530e+00
1.276013390152029858e+00
1.306536154063212551e+00
1.316795978895445085e+00
1.297533783517614836e+00
1.314607054345794834e+00
1.287504198510752262e+00
1.267178431901298419e+00
1.300270881720872129e+00
1.280067017955258235e+00
1.304106350946264703e+00
1.344695109286572210e+00
1.329323528862031978e+00
1.306649129516986196e+00
1.284138730771440695e+00
1.317328446475761528e+00
1.324201320099379409e+00
1.313739840144920068e+00
1.314571504296010662e+00
1.310419934021969102e+00
1.327419019572601888e+00
1.298925604854003879e+00
1.308933698736641116e+00
1.307111197563017191e+00
1.298380792951619567e+00
1.314270782868208975e+00
1.313786598979470144e+00
1.318729188298541466e+00
1.321091134209538609e+00
1.336534001223699919e+00
1.320773203752745983e+00
1.343074537213212460e+00
1.306425852638264384e+00
1.294202729793842099e+00
1.339536903507131171e+00
1.306742039696968005e+00
1.329759779840546718e+00
1.310601968156339447e+00
1.329181347208110875e+00
1.318767339061390320e+00
1.335807867604798416e+00
1.344751727982399281e+00
1.329521233978706807e+00
1.354175126724191269e+00
1.345278126159424881e+00
1.352237965171212863e+00
1.316767621601475646e+00
1.352734170415737625e+00
1.343850411547211854e+00
1.349723760705344500e+00
1.352907808406177859e+00
1.308863026690109566e+00
1.350094598270640489e+00
1.335959440534550957e+00
1.333655244878118928e+00
1.320478102920671359e+00
1.389322707704338855e+00
1.361104884197095855e+00
1.321162836503924076e+00
1.291661696516172242e+00
1.330677615717418938e+00
1.282445961169176529e+00
1.334845657580471245e+00
1.325468525415255394e+00
1.313710199567987846e+00
1.314802626168239952e+00
1.334529663468696725e+00
1.337921314626762115e+00
1.407217460269033937e+00
1.367722741323485369e+00
1.366439833189300623e+00
1.338627008581384503e+00
1.324162628352036020e+00
1.313872464855350142e+00
1.370306318451305572e+00
1.343604403755370269e+00
1.355373302409097702e+00
1.362375631203397885e+00
1.316392761380101639e+00
1.288790444627072596e+00
1.314366599664134050e+00
1.357489238895417394e+00
1.345522760523446326e+00
1.302219490942302826e+00
1.317852283315650075e+00
1.353029797442274917e+00
1.329159062514746026e+00
1.379250215837998228e+00
1.376155152444035634e+00
1.316788351896262421e+00
1.331159018907367875e+00
1.320436010346807132e+00
1.332890744272476446e+00
1.349888982294236373e+00
1.347454922509052411e+00
1.345010358406499629e+00
1.306590406383255409e+00
1.319508745200084210e+00
1.338888075705553016e+00
1.357188942641104568e+00
1.303691359707652930e+00
1.321127234579708709e+00
1.323420489834159275e+00
1.312896267013869744e+00
1.306242844093938649e+00
1.351617067967350927e+00
1.315740304404036332e+00
1.324762639747513404e+00
1.347912374367997046e+00
1.299906360034366992e+00
1.313358550170697470e+00
1.338915626354341359e+00
1.292378942425379762e+00
1.404492054090453079e+00
1.390598413753868279e+00
1.334681072565888860e+00
1.302902422531402538e+00
1.347535241809334483e+00
1.348825830982703033e+00
1.363376822451298764e+00
1.278269264995536503e+00
1.323783396103645149e+00
1.337156735464333224e+00
1.286617946072919239e+00
1.327377432338498586e+00
1.313470205228406629e+00
1.339105872431194832e+00
1.296632275830245984e+00
1.349363585492954654e+00
1.320463076262389901e+00
1.339960805364347030e+00
1.352524670034410015e+00
1.312988899532959719e+00
1.308023098104728499e+00
1.314409165792637335e+00
1.345719923318771771e+00
1.346814633334875166e+00
1.296824811048099546e+00
1.314524256565462901e+00
1.310930073982872202e+00
1.336017718874686011e+00
1.284076847903854235e+00
1.336691787112047169e+00
1.395836800581040871e+00
1.299764608280199685e+00
1.292347937898118193e+00
1.350839922038152174e+00
1.336226335791886655e+00
1.320287840226880727e+00
1.317059171919717109e+00
1.314481728012664385e+00
1.303123044474964631e+00
1.284978507829304784e+00
1.300791608677777100e+00
1.309257932746234143e+00
1.312099111572121890e+00
1.325077057983036877e+00
1.323100386329990164e+00
1.361952354404817767e+00
1.374931470656634680e+00
1.357496042995836705e+00
1.345926252450527993e+00
1.320461539780401372e+00
1.333050573580553122e+00
1.379282126812568343e+00
1.340004396094834904e+00
1.377419457267233138e+00
1.344973343944383171e+00
1.350812015564218038e+00
1.366919471672083386e+00
1.314144913330074660e+00
1.364587060366970750e+00
1.335235627498173150e+00
1.338112963569939584e+00
1.327896338202115611e+00
1.327302247520040890e+00
1.361056208373196963e+00
1.342761036130562857e+00
1.362534205253746800e+00
1.348240834540468391e+00
1.360005445513024602e+00
1.328683443241464479e+00
1.299247894596038400e+00
1.301579892514906467e+00
1.333072139697567104e+00
1.319099456139347204e+00
1.342744982389835862e+00
1.356550936847770839e+00
1.352070289640157297e+00
1.378293524975900741e+00
1.355118417831782329e+00
1.326596917385741703e+00
1.338131037097324727e+00
1.335818869383222696e+00
1.372332332308062064e+00
1.332817449194084736e+00
1.278329691697907222e+00
1.373941151187010545e+00
1.337159398190336024e+00
1.370723543126851407e+00
1.366748031660443452e+00
1.368271632189576259e+00
1.350017293208383817e+00
1.343948981728867675e+00
1.373466014867088747e+00
1.309969267116938951e+00
1.322780475168446213e+00
1.304205211987489177e+00
1.338339309619810624e+00
1.297887911476706346e+00
1.302886269666297947e+00
1.297577442950366589e+00
1.313114588590898801e+00
1.323069283005086749e+00
1.305221523609910284e+00
1.313831280449410999e+00
1.275916155071648683e+00
1.289892005959841548e+00
1.262158135376296952e+00
1.286423238347643938e+00
1.305010190978968199e+00
1.294429460791578279e+00
1.291510050214691896e+00
1.289316970058340228e+00
1.300856338622875086e+00
1.314743009228896087e+00
1.292860185969008535e+00
1.276186368310321173e+00
1.278525562025903728e+00
1.241352136971841436e+00
1.298737897711175648e+00
1.293796978227868655e+00
1.279031466760208291e+00
1.256262215719385233e+00
1.270861556014216021e+00
1.309121778120338142e+00
1.362065508305860595e+00
1.280000057083710674e+00
1.301291886516568352e+00
1.318401230459578022e+00
1.359679204203038116e+00
1.282609639142618718e+00
1.243546968950368869e+00
1.249099659722479716e+00
1.227196352715464789e+00
1.243872563179127644e+00
1.248515802710494116e+00
1.234507805818892745e+00
1.197742977990394309e+00
1.253584096590046437e+00
1.213528710229854202e+00
1.230530755817264454e+00
1.195190829177567027e+00
1.235058805318249631e+00
1.222270393414652156e+00
1.239988209143354281e+00
1.225461427984678275e+00
1.191021483533364567e+00
1.200092063751108329e+00
1.209889606642532200e+00
1.216049061476871529e+00
1.217444049939872874e+00
1.206258018761112050e+00
1.183087710438492701e+00
1.219333440921707368e+00
1.194543588821064484e+00
1.206781978898282093e+00
1.192317432681451628e+00
1.217185353223061428e+00
1.242956265748598632e+00
1.238643884832025810e+00
1.234706455258469671e+00
1.238480826591293438e+00
1.280362611124165273e+00
1.254968490891022137e+00
1.260449814137635904e+00
1.262993642738560851e+00
1.248381693394486458e+00
1.202357946818845225e+00
1.234558043524812021e+00
1.220612317643299916e+00
1.224648235246124983e+00
1.255015913894957258e+00
1.270908666921664265e+00
1.299631213584909961e+00
1.274627980904268432e+00
1.290639594435616599e+00
1.275073523868666125e+00
1.287596826102235470e+00
1.289821164733518266e+00
1.324142808340146305e+00
1.289895177314302144e+00
1.264187173138239251e+00
1.285810826260954443e+00
1.318884347219011044e+00
1.354751182453162173e+00
1.330518051158032122e+00
1.293407540549419421e+00
1.289154131209520049e+00
1.324699305981799968e+00
1.273674718091361679e+00
1.295557599559085782e+00
1.272926167421520871e+00
1.289573071416320493e+00
1.336311934560366010e+00
1.297742708866311601e+00
1.287730391101496341e+00
1.272990722734760105e+00
1.272172203003012925e+00
1.252787179495389980e+00
1.288039032191719668e+00
1.286331450008293187e+00
1.289154967843300748e+00
1.287741643337932063e+00
1.309778367273223276e+00
1.289122702511140695e+00
1.309190179966286616e+00
1.273384401491171936e+00
1.257949995243547781e+00
1.381162658269534882e+00
1.334423701770995008e+00
1.365649072123444885e+00
1.328906384465615931e+00
1.314150761993542860e+00
1.345817838247093334e+00
1.344690721418474677e+00
1.369424065775632027e+00
1.409661559622685356e+00
1.390973134102515330e+00
1.492450301440318094e+00
1.441650997620814945e+00
1.501796228288583279e+00
1.437594323281544462e+00
1.409615611454579032e+00
1.417868307919088133e+00
1.541074780545115708e+00
1.410301504482252888e+00
1.553533352131430512e+00
1.539711518632732368e+00
1.580499643297412105e+00
1.440492194871381804e+00
1.435173104942023103e+00
1.379266796852049115e+00
1.373478532843540378e+00
1.322674677474744653e+00
1.338234712271857640e+00
1.330901426535966658e+00
1.279091753078288818e+00
1.350180778337600751e+00
1.325764894049376030e+00
1.280383703940350060e+00
1.303527287751111485e+00
1.297688785568879677e+00
1.247234123312978227e+00
1.262194647322820940e+00
1.266382345433083589e+00
1.288761442919303501e+00
1.289264789058928162e+00
1.296554874990334172e+00
1.316469169448190479e+00
1.271938239709611063e+00
1.284005053236450644e+00
1.275014334635665270e+00
1.286324818875296261e+00
1.258065168281596646e+00
1.286803845968284676e+00
1.269608897627437782e+00
1.300747216091679537e+00
1.336976847605211072e+00
1.364347517068116744e+00
1.362087660339106776e+00
1.327997877406302818e+00
1.373872961645177915e+00
1.342968930753420942e+00
1.303235848079901560e+00
1.254412116308299074e+00
1.312923707360634129e+00
1.354841461369903133e+00
1.288106026653870639e+00
1.277460073130060936e+00
1.249385166700211824e+00
1.240359696343957596e+00
1.260763455877819350e+00
1.309549893647937724e+00
1.261906702285139126e+00
1.264920820202172447e+00
1.256518234428674718e+00
1.259362753748000552e+00
1.257385922960956970e+00
1.253168722382588696e+00
1.246915505878485320e+00
1.277498295122481364e+00
1.266716654649756135e+00
1.262300660174902278e+00
1.253594778340660465e+00
1.246503986098278283e+00
1.246087065587879517e+00
1.227614609919715605e+00
1.230880194002184513e+00
1.242468059887659848e+00
1.238010793436299384e+00
1.242353066603791190e+00
1.266366877141294589e+00
1.263006411951480112e+00
1.261515032454217478e+00
1.235139539430759381e+00
1.252818416291017201e+00
1.262860224902229600e+00
1.222238929379425576e+00
1.239132237780979029e+00
1.251331969314254611e+00
1.259876138583814198e+00
1.235575841328445890e+00
1.219601420296188454e+00
1.238073427320915298e+00
1.236117398087639208e+00
1.234670327459846950e+00
1.267222335154962742e+00
1.287311361838718637e+00
1.285481348745215913e+00
1.270094643475396134e+00
1.270826197761578236e+00
1.261565726747551075e+00
1.241775578252331425e+00
1.217720846046602912e+00
1.245017364638600466e+00
1.243289392895083889e+00
1.248369694582686318e+00
1.255556122930383323e+00
1.221479529565245636e+00
1.224639436762553713e+00
1.254378714960628916e+00
1.309998896732171847e+00
1.288586236856269940e+00
1.303707415062907549e+00
1.316437736699373806e+00
1.248055270601743816e+00
1.249574868808275507e+00
1.317119335541574898e+00
1.289350375558146133e+00
1.336824518922679728e+00
1.301895647542986589e+00
1.320875388269346473e+00
1.306603975435967513e+00
1.324061773645565099e+00
1.303289580668371972e+00
1.314838290472762461e+00
1.304632658934697709e+00
1.293166839076485886e+00
1.293432822393467685e+00
1.285155896868139358e+00
1.264093604540530436e+00
1.300016810587877325e+00
1.225651012439925580e+00
1.266007842313807696e+00
1.273580206917841018e+00
1.266521059440004260e+00
1.243816952219874761e+00
1.266121308617514485e+00
1.261414345832147177e+00
1.281539777585762874e+00
1.259437669410223393e+00
1.291961468330004692e+00
1.261279579090860636e+00
1.260124617370996569e+00
1.270049958772147880e+00
1.287792667668717694e+00
1.286407745797037983e+00
1.247251654938124732e+00
1.247406220508988639e+00
1.264119601714510877e+00
1.257789717147471675e+00
1.264609653700299097e+00
1.237485765316468145e+00
1.292260135649334174e+00
1.252189704988869057e+00
1.241315872747809967e+00
1.234928863094121310e+00
1.258530395330591523e+00
1.247933546801303972e+00
1.267294081393019800e+00
1.290130396132883162e+00
1.302053085423547474e+00
1.286966608585875527e+00
1.304954027180823317e+00
1.331115101460471850e+00
1.314539867282339181e+00
1.287515913405317569e+00
1.293149153027436160e+00
1.295863373245981887e+00
1.303123729404790376e+00
1.316854333986468450e+00
1.279056161730822927e+00
1.314486344332055134e+00
1.298942874310237805e+00
1.317155935869986694e+00
1.321104174323478597e+00
1.336676331080961733e+00
1.311514105634644878e+00
1.292682437208589885e+00
1.268453638978127351e+00
1.314055334359200078e+00
1.295552872013063572e+00
1.279614585845077368e+00
1.278876117641725152e+00
1.258582535923699952e+00
1.293986822005344539e+00
1.291948986335297311e+00
1.284839766856649579e+00
1.293132120248273953e+00
1.261553094654364937e+00
1.268088953720505563e+00
1.285050248131042183e+00
1.302912023026302935e+00
1.288201521278855566e+00
1.299621557727048682e+00
1.257291065740345104e+00
1.257587066346615989e+00
1.237542663185596359e+00
1.284111458091425906e+00
1.339512112210482719e+00
1.319216629249011952e+00
1.337329500250533876e+00
1.323503345907848905e+00
1.317281517139793801e+00
1.326659168775240039e+00
1.325831558898597828e+00
1.300813498720656991e+00
1.333434847547216640e+00
1.393199791647653285e+00
1.371286439020449555e+00
1.375913797307823705e+00
1.359897528614613549e+00
1.325092242595046210e+00
1.357216746506706206e+00
1.355366133670167450e+00
1.365907184410286801e+00
1.406295400283632091e+00
1.376013293061230769e+00
1.356641291174508712e+00
1.367744971088887818e+00
1.372105788840652929e+00
1.366283897200949449e+00
1.389718210504325757e+00
1.363976005694781612e+00
1.383329740731612967e+00
1.327798817511841145e+00
1.335541079889185800e+00
1.379214194314353659e+00
1.367383052859880932e+00
1.398541813101879638e+00
1.411995228057231877e+00
1.372503725882113335e+00
1.433582028801738684e+00
1.427592816095868189e+00
1.465033726264970859e+00
1.390377282727904396e+00
1.479853604300958470e+00
1.388560614509112279e+00
1.359765158298331889e+00
1.352797044801380411e+00
1.384735323670034823e+00
1.388870688421628863e+00
1.375328416886729910e+00
1.355070572378941129e+00
1.342595933657735108e+00
1.345877013944241085e+00
1.366532629125728704e+00
1.352537759543716689e+00
1.324216609431513092e+00
1.326975236079852571e+00
1.316708976794348951e+00
1.326083417426684674e+00
1.393364117545540237e+00
1.437362431408722330e+00
1.370461470867820664e+00
1.333323440180478325e+00
1.308727479139599748e+00
1.294691415918357569e+00
1.349355508449851637e+00
1.336039121204994240e+00
1.361546247512356755e+00
1.339826472339438634e+00
1.324889350748762018e+00
1.342516268008822067e+00
1.324162021071492834e+00
1.336250561760595312e+00
1.309749351559934549e+00
1.284036459029644250e+00
1.292399984711641636e+00
1.316949091643879965e+00
1.333674106320248631e+00
1.352926258882360067e+00
1.359143390450617606e+00
1.368742248718491483e+00
1.377503752477709842e+00
1.374607602654557725e+00
1.323027006407064166e+00
1.323165547554527866e+00
1.314441581783803548e+00
1.311697076283497632e+00
1.346642971828918123e+00
1.342625769590113372e+00
1.323121716211835830e+00
1.280461526155441732e+00
1.329509516781867795e+00
1.324172704330289996e+00
1.287880266090039694e+00
1.330630749700498106e+00
1.324322967179764721e+00
1.339075749109625679e+00
1.319121595513987000e+00
1.314597965225726472e+00
1.287206299914594343e+00
1.360927703391164645e+00
1.377710759923916450e+00
1.384517279950552071e+00
1.354306629901270931e+00
1.365095636767690079e+00
1.381408313502758611e+00
1.353355254939179186e+00
1.389297253117188324e+00
1.359647701732238145e+00
1.396729042293937351e+00
1.345544614404370565e+00
1.342822680050299589e+00
1.333068274995582447e+00
1.408766832082303688e+00
1.419515336242505033e+00
1.413315802426444945e+00
1.448399515933520343e+00
1.372611086295655092e+00
1.333925339221972539e+00
1.344848235174531892e+00
1.326632285512891141e+00
1.391961064562174055e+00
1.385445675092930262e+00
1.375075081180850312e+00
1.384185699970268413e+00
1.377134846771646215e+00
1.388245931231113284e+00
1.383617160063096208e+00
1.376898507595511800e+00
1.396458108497714568e+00
1.395487691038469702e+00
1.369296650341905730e+00
1.373159526727936619e+00
1.356157701513078129e+00
1.341058560760796325e+00
1.399482315695280032e+00
1.370402898345615794e+00
1.339685082101416347e+00
1.321389675216190440e+00
1.328537932449719516e+00
1.380577103882572931e+00
1.380263245794813853e+00
1.442088179646176860e+00
1.392586488553393176e+00
1.407376112117895151e+00
1.395508722663257428e+00
1.355698775059915651e+00
1.351235786043972986e+00
1.397332159993219802e+00
1.324666672867830020e+00
1.334749733866595234e+00
1.336402176077172044e+00
1.354759719266870110e+00
1.420508626286287601e+00
1.391853093593032664e+00
1.464948082409690988e+00
1.396406518025792298e+00
1.345680526282881040e+00
1.334027740133630013e+00
1.334694358278103010e+00
1.393123597814072356e+00
1.421784078690089714e+00
1.417130395894168782e+00
1.374030994701633146e+00
1.437679980598051355e+00
1.361942538493642774e+00
1.421351032265994574e+00
1.390603449042191686e+00
1.391839481316301974e+00
1.446171325442941802e+00
1.437330847797503086e+00
1.427192271890108666e+00
1.385129436915444767e+00
1.415165963506817892e+00
1.465570168847236010e+00
1.382095785327992932e+00
1.431642380728677555e+00
1.420525171755654181e+00
1.369721475866946259e+00
1.407943483309436639e+00
1.361101822074539225e+00
1.413103227307126675e+00
1.383142523337756113e+00
1.397978726911197844e+00
1.350118430164134464e+00
1.416460523666977389e+00
1.408303155066414680e+00
1.409077101908635443e+00
1.470333764007159427e+00
1.394930435843426464e+00
1.395915594549502314e+00
1.394132815962434213e+00
1.400627923470878278e+00
1.444040812003054786e+00
1.432474863475804661e+00
1.430709050905197621e+00
1.434553433501857933e+00
1.393761065650042319e+00
1.369284550191568250e+00
1.496422225756821156e+00
1.458230988479059631e+00
1.405680459499682788e+00
1.445717834467855623e+00
1.391931647272534933e+00
1.411287506308700923e+00
1.401189364748389954e+00
1.319871885136789436e+00
1.374832833935299758e+00
1.460727280783655990e+00
1.452495516057907610e+00
1.365584740643285944e+00
1.360198521711934561e+00
1.411876323416229706e+00
1.366413227369418282e+00
1.417651418650733630e+00
1.454193878678537555e+00
1.405263284153454917e+00
1.429445497486877770e+00
1.394704504030543024e+00
1.386685343508168300e+00
1.470435181844457428e+00
1.450956088565086732e+00
1.471745306427588940e+00
1.456197156865701059e+00
1.399099851888283785e+00
1.517274506920923915e+00
1.506630956520154108e+00
1.461635035990854536e+00
1.486275037976136026e+00
1.458848584245042046e+00
1.434504927861768309e+00
1.442866199390832938e+00
1.439425581597235881e+00
1.491841695184318750e+00
1.557721749290619906e+00
1.487830650630265872e+00
1.431723367741428721e+00
1.402721679615208439e+00
1.408922142690055557e+00
1.378215144276246251e+00
1.390123200898005784e+00
1.368066287039434670e+00
1.384321385144553274e+00
1.414851252218312760e+00
1.415917253768809392e+00
1.363024438138474626e+00
1.405663486634657344e+00
1.427426526920048788e+00
1.498264494092455434e+00
1.472645391105748880e+00
1.435542738878286206e+00
1.382090139152989838e+00
1.457638686337186185e+00
1.353976253863966583e+00
1.363403488794362906e+00
1.418546015966281049e+00
1.365168395953204605e+00
1.374749688154376814e+00
1.440384966788279764e+00
1.432416063715815202e+00
1.416416504461117443e+00
1.379794807350628094e+00
1.387546838116961334e+00
1.383791840870976841e+00
1.397936893991745144e+00
1.343514753318489463e+00
1.333212761768910681e+00
1.376657677789728140e+00
1.368234557781893734e+00
1.344960909803867066e+00
1.381599991895440249e+00
1.348468653927714422e+00
1.341995585898868582e+00
1.341843734652796494e+00
1.336854911818025737e+00
1.309313868946905490e+00
1.346916462725124664e+00
1.351842347925216403e+00
1.342645250715125194e+00
1.353914702408389292e+00
1.390684861092938318e+00
1.329707659288884125e+00
1.343046513024244382e+00
1.366432609233511286e+00
1.372572219793764425e+00
1.371991618455481454e+00
1.342629096055227622e+00
1.365717164098360525e+00
1.331611620891752334e+00
1.340304875466352685e+00
1.353015922392586168e+00
1.305808238619414086e+00
1.358540283289689343e+00
1.360282627947670075e+00
1.393176936768667273e+00
1.336599813059485609e+00
1.363819384272896285e+00
1.366286284420754837e+00
1.346694312069658839e+00
1.354121040598153192e+00
1.343059299729006506e+00
1.361886484153126853e+00
1.368536593817872626e+00
1.426831825511430507e+00
1.345207210355394034e+00
1.281049732030012489e+00
1.306718991673644359e+00
1.340850970524284813e+00
1.328948864441225064e+00
1.338269053785045903e+00
1.305698466013222259e+00
1.278349574171394831e+00
1.295271004542785542e+00
1.320710880044100755e+00
1.313556449406534599e+00
1.372088603383979866e+00
1.328119054415968003e+00
1.310197672457078077e+00
1.316553399697387716e+00
1.317210357949609723e+00
1.285207670834039639e+00
1.306532510895195953e+00
1.331970088848655864e+00
1.302953292132645213e+00
1.307229307204244462e+00
1.295148503802342477e+00
1.306016399564323471e+00
1.295604408024166654e+00
1.304348694113678153e+00
1.282317423697565628e+00
1.341355593325009865e+00
1.356841479534128814e+00
1.335389539941653991e+00
1.317668918775702247e+00
1.340865128701282716e+00
1.332581554296723869e+00
1.354806814461405384e+00
1.358280053510719565e+00
1.368827731262564518e+00
1.347451868228025651e+00
1.386049698310601208e+00
1.365696355548620566e+00
1.360080068802562714e+00
1.350802044936840529e+00
1.327773047741216628e+00
1.360997060837007222e+00
1.372493310626667684e+00
1.351432191277867512e+00
1.376558818380133831e+00
1.339269904742771189e+00
1.344239226536892096e+00
1.370942718708937580e+00
1.342603631960209265e+00
1.332551956618973854e+00
1.309379180179726987e+00
1.298310688627539511e+00
1.298838824771727296e+00
1.277957604781664980e+00
1.297943056785403781e+00
1.299325286241922006e+00
1.329197672965799493e+00
1.316417223566198391e+00
1.343072519127669118e+00
1.335737059595363929e+00
1.359611352117323646e+00
1.339889053913701167e+00
1.361466936313098453e+00
1.382046689935787720e+00
1.406009978942350802e+00
1.527885171413427390e+00
1.508553693229836234e+00
1.355856333835803174e+00
1.400703385471159468e+00
1.353039462171542917e+00
1.301899835649983350e+00
1.320249866575584408e+00
1.316134571342062909e+00
1.377889960096297051e+00
1.354466573930767526e+00
1.365475172238368007e+00
1.403606057127832818e+00
1.391539286376325402e+00
1.406812676089904013e+00
1.414526913258602914e+00
1.388100083473908786e+00
1.419832625483911315e+00
1.429053595541927235e+00
1.361543390509354357e+00
1.359693933103717445e+00
1.381500608787816775e+00
1.381964404705645411e+00
1.381381038697145680e+00
1.381986728396161546e+00
1.393726594150817011e+00
1.395297599587655091e+00
1.387550340722021769e+00
1.340873909484765480e+00
1.300952756311459346e+00
1.325054243229993212e+00
1.315793270596449238e+00
1.305939865876549089e+00
1.309721485959299825e+00
1.325609648125451123e+00
1.317008794571590702e+00
1.368033461397518247e+00
1.336621851889938650e+00
1.342177017552331098e+00
1.385367856844802681e+00
1.410271942048611393e+00
1.390646625187433649e+00
1.385944203665193664e+00
1.416262877111071683e+00
1.392191407902700462e+00
1.411528219827813402e+00
1.383468520810012148e+00
1.390025993307486551e+00
1.370759268541547282e+00
1.338464379997476250e+00
1.318035072074499325e+00
1.381372010242889470e+00
1.398424086006268663e+00
1.396167019925033559e+00
1.358932701606601734e+00
1.361210965962664554e+00
1.391329031939115168e+00
1.346954665011568908e+00
1.344532941290865757e+00
1.369375370210433207e+00
1.323403307006165930e+00
1.400602734939216054e+00
1.450052561300576803e+00
1.498222258849520649e+00
1.372249611823802118e+00
1.376358802711361795e+00
1.381202579260695007e+00
1.368737032458009040e+00
1.397880129441573471e+00
1.359443578677736353e+00
1.397035824323847208e+00
1.381143306008381755e+00
1.453122762066378471e+00
1.400777580226787666e+00
1.392453222481605524e+00
1.408558697643675472e+00
1.417895775126691627e+00
1.413523665057313972e+00
1.438283422090823382e+00
1.395039086422309671e+00
1.362169219013923849e+00
1.366454091147429883e+00
1.332262525506275219e+00
1.344314453519853236e+00
1.382426499510155393e+00
1.384729079310254907e+00
1.396239394678943313e+00
1.385418091126261464e+00
1.436364185141401739e+00
1.390181136087974112e+00
1.425956003283023854e+00
1.429119636325412390e+00
1.407896145562367085e+00
1.375990509359704683e+00
1.399204637522879491e+00
1.419148611357256895e+00
1.411660364285615143e+00
1.405779840185450436e+00
1.427890215484524550e+00
1.426244298523557941e+00
1.434063378448693360e+00
1.412188907448220121e+00
1.427706988090674090e+00
1.411498124235638363e+00
1.415561216568002267e+00
1.424979578623406962e+00
1.431902872760767442e+00
1.470132735095304399e+00
1.403223477607757896e+00
1.422239723943498957e+00
1.441137815717973725e+00
1.486928268473778347e+00
1.433397681802188073e+00
1.434266043578153349e+00
1.386090349794162568e+00
1.446606620493778417e+00
1.397890036196077324e+00
1.417058288443679315e+00
1.438429632419219617e+00
1.426577690682956590e+00
1.442329389543199225e+00
1.432493142261848318e+00
1.446820009639325777e+00
1.470353183448127599e+00
1.464461196626887896e+00
1.476057433919061079e+00
1.405269889758737678e+00
1.456344820425856224e+00
1.497212493153920576e+00
1.485549915659764020e+00
1.449623982934021615e+00
1.447771528661499163e+00
1.473457337870464290e+00
1.474953905563730849e+00
1.441863851160390508e+00
1.444416282487659187e+00
1.475695719597011069e+00
1.457076278519086721e+00
1.471739698762121629e+00
1.473144897908382989e+00
1.478677159275364250e+00
1.474820602281941673e+00
1.467816150876304571e+00
1.449409543283858293e+00
1.472075383306172380e+00
1.512480222383158379e+00
1.471251230673926047e+00
1.409389345876899791e+00
1.449868266899961622e+00
1.396411873355532629e+00
1.380538532112463024e+00
1.405992466630083149e+00
1.383717475440900957e+00
1.403241242523555421e+00
1.420296689560679448e+00
1.451531745471083434e+00
1.419218034927114847e+00
1.398184089736022262e+00
1.419072869698828399e+00
1.417101038288896220e+00
1.405170126866122526e+00
1.397715462133940045e+00
1.402585863637459518e+00
1.384122108052122213e+00
1.419509715394964511e+00
1.389423776098275054e+00
1.436434409584881555e+00
1.455321716752520089e+00
1.436328961558583917e+00
1.340077157876512937e+00
1.414736372484603155e+00
1.400766456493944379e+00
1.376629973114850358e+00
1.400286952509897542e+00
1.426607247797833766e+00
1.378468405466616753e+00
1.417131855630621384e+00
1.436667471306272148e+00
1.405654275664118380e+00
1.400093694606295180e+00
1.397606945810232926e+00
1.430915672654034188e+00
1.417833771684772648e+00
1.386146395879543025e+00
1.359302601577705660e+00
1.389110288945626825e+00
1.368890874981866679e+00
1.366218958483385260e+00
1.356361444511785974e+00
1.390763401681928135e+00
1.328068497229396794e+00
1.402098515988875027e+00
1.294404739861765075e+00
1.310640578634297615e+00
1.300007761709170317e+00
1.381714970628717509e+00
1.324007848787573050e+00
1.345870331136519216e+00
1.320862187997009052e+00
1.381914739574089390e+00
1.399872363694361965e+00
1.356776785240419114e+00
1.360903474798748958e+00
1.437155729285735095e+00
1.415570236496279888e+00
1.463941706484447991e+00
1.426513710679160107e+00
1.428794376007038291e+00
1.441284555233750098e+00
1.409223685088257794e+00
1.477108789831688362e+00
1.451745404549282359e+00
1.423130077505031954e+00
1.464344755045689173e+00
1.513929216034519465e+00
1.497956100114336664e+00
1.494514614616570647e+00
1.488815523176165057e+00
1.441793778806528925e+00
1.481465487098545974e+00
1.420154531779495022e+00
1.430590227911257006e+00
1.437419630799613213e+00
1.448919078663072568e+00
1.421144959808605224e+00
1.420054616446733586e+00
1.437261645318073988e+00
1.398830190782827110e+00
1.463852353407007367e+00
1.525438069202543989e+00
1.387446322096776985e+00
1.424784052360531517e+00
1.415131957724426126e+00
1.421362864478048937e+00
1.429354744983715841e+00
1.443109301053822957e+00
1.465707158989561165e+00
1.490440219068083438e+00
1.427482569736126417e+00
1.443313703421663430e+00
1.505111872866117917e+00
1.360704181844410110e+00
1.399244039007015328e+00
1.386409210849051998e+00
1.434000731515453486e+00
1.420554569901857134e+00
1.402996851411780543e+00
1.432491349849363216e+00
1.415249454672296903e+00
1.420800473081156756e+00
1.440977952819871177e+00
1.402099420545353636e+00
1.440552339411086180e+00
1.449768826295036339e+00
1.448260225855719785e+00
1.435852213995996163e+00
1.467610382816968873e+00
1.451146227617724049e+00
1.482838827708005791e+00
1.489636213592892444e+00
1.483036060381830001e+00
1.474374340700047137e+00
1.440602111695771237e+00
1.473205988609527450e+00
1.456754861226664088e+00
1.461862022774849335e+00
1.464412890401181055e+00
1.424935994841692199e+00
1.414025581316652680e+00
1.418125524236448998e+00
1.434138581471154250e+00
1.408140934768814745e+00
1.426871090732339420e+00
1.435474097781114233e+00
1.419016557688309810e+00
1.445009992544742161e+00
1.444241990790275931e+00
1.434459155188412716e+00
1.453506222789330726e+00
1.452790379722084468e+00
1.437269967562622153e+00
1.417469736223803567e+00
1.448404622042044787e+00
1.460862905205896567e+00
1.416488971306713696e+00
1.409703802333540201e+00
1.383662834842138922e+00
1.381526700810838282e+00
1.371739140099141219e+00
1.364300906472116770e+00
1.380353871600625615e+00
1.365597336176589627e+00
1.365318052653755165e+00
1.366417429939582151e+00
1.397549841549421412e+00
1.442185530666212800e+00
1.415529377077499040e+00
1.412628368572127036e+00
1.417314640824783201e+00
1.433829712801475864e+00
1.444489888688085033e+00
1.470589560574772525e+00
1.426391717506743539e+00
1.400617892661474295e+00
1.437046785685252237e+00
1.434286384119835445e+00
1.434421796748485800e+00
1.436168354366450961e+00
1.477822915038296214e+00
1.448064955666884313e+00
1.406772457110315067e+00
1.377138368124213752e+00
1.432868933386228782e+00
1.389293087146348027e+00
1.345129133125607446e+00
1.366432775076353856e+00
1.408383027407017041e+00
1.445313217143304518e+00
1.397004448105702901e+00
1.425481807361073772e+00
1.400574824539486452e+00
1.386953854585147861e+00
1.401831252911247105e+00
1.438273497889781316e+00
1.415534848265578516e+00
1.405017253936011512e+00
1.439040692124744947e+00
1.444269231631902572e+00
1.422652788421571390e+00
1.442345456778725055e+00
1.421052220652663012e+00
1.405432075169998685e+00
1.448652622583287641e+00
1.469653733839021648e+00
1.447427261513720254e+00
1.433449385492379768e+00
1.419180924514251707e+00
1.411106494617433427e+00
1.432672057447017311e+00
1.471410531105098229e+00
1.451734173257238414e+00
1.444438519058281134e+00
1.465405194425825508e+00
1.456589044783231035e+00
1.449233542611172654e+00
1.456889783230590707e+00
1.447054887421779901e+00
1.457002931038831717e+00
1.395214012247232738e+00
1.422502260077679770e+00
1.408130448786079736e+00
1.395565209957474906e+00
1.388696162320742777e+00
1.403866027890538382e+00
1.385278625817693454e+00
1.373966295547642824e+00
1.391070914851878060e+00
1.419926176237033211e+00
1.455471578904448116e+00
1.366594335840781937e+00
1.492840726355201930e+00
1.403795528353400712e+00
1.397551750821534933e+00
1.395354490838241368e+00
1.409578188697339307e+00
1.422515680886409006e+00
1.455391991909620986e+00
1.389992345143975960e+00
1.422122252001492226e+00
1.466792815408447304e+00
1.428594832021319538e+00
1.437029192426578783e+00
1.418444842476483947e+00
1.414392330436987422e+00
1.455133046084527537e+00
1.437261193737028764e+00
1.425698336509379827e+00
1.427797178826505364e+00
1.420390517365123673e+00
1.353788354153425466e+00
1.375076212614715576e+00
1.352219253245461994e+00
1.362626834555101363e+00
1.389665846702240248e+00
1.390209279763181982e+00
1.431525640717183023e+00
1.464930394721928320e+00
1.477459239588846174e+00
1.439983846985199323e+00
1.422481361889346374e+00
1.404920247187104509e+00
1.403853333339022180e+00
1.391271461602087145e+00
1.448558184461661513e+00
1.418270842013962252e+00
1.438184680077153610e+00
1.397655299594397382e+00
1.442109663395396923e+00
1.451259130476325154e+00
1.432690538254520973e+00
1.400201260364536848e+00
1.423371005908879772e+00
1.423843242644825535e+00
1.427176145840422183e+00
1.390108889224764388e+00
1.417539175261230300e+00
1.405490394283881672e+00
1.414665237604342263e+00
1.491400266711580880e+00
1.413067731678104844e+00
1.410551256578033597e+00
1.399905262157060237e+00
1.377166043598241574e+00
1.386280489020915274e+00
1.374093246477532393e+00
1.432657040106953161e+00
1.413506061442199480e+00
1.423081362941900352e+00
1.395501952549622837e+00
1.413713573743183849e+00
1.455885847096483277e+00
1.406046358774739824e+00
1.453018922247196310e+00
1.446535017058092620e+00
1.405633710866967867e+00
1.431350273184763378e+00
1.441007200164196922e+00
1.418880305519597984e+00
1.449555569076329542e+00
1.415185646939120856e+00
1.408746899220318038e+00
1.414456503099125850e+00
1.424647008217989619e+00
1.429771848071055285e+00
1.408918337792145703e+00
1.428068739106781671e+00
1.412904252668314653e+00
1.385239855808628073e+00
1.398990665398806899e+00
1.401652548609071847e+00
1.404660968635741858e+00
1.431105247986503182e+00
1.397205990597498948e+00
1.401458968727788523e+00
1.402487592583361753e+00
1.453772032439006656e+00
1.461232241503617413e+00
1.410950381248587737e+00
1.421575571933695770e+00
1.423514941970133396e+00
1.446720359257988475e+00
1.434259480133924791e+00
1.442586362492559005e+00
1.409405834512284628e+00
1.405494151195621155e+00
1.438204869687140786e+00
1.410457998355272302e+00
1.378692771498283953e+00
1.377386757962541397e+00
1.391262752610932019e+00
1.370555396509941293e+00
1.398948533287337259e+00
1.383180164853802907e+00
1.391049030879513593e+00
1.394078443054268313e+00
1.402164192786477193e+00
1.389942207837387977e+00
1.422176960584460970e+00
1.410566076699057536e+00
1.409028626282943897e+00
1.412465596398170709e+00
1.392139919351515820e+00
1.443700723104846206e+00
1.417410768010821887e+00
1.425171765671389146e+00
1.449716597069619750e+00
1.425210611141155770e+00
1.432045918375737692e+00
1.441882359930337199e+00
1.430409679765585862e+00
1.399646890913338826e+00
1.392195055622973410e+00
1.437033697787046149e+00
1.395954710185736358e+00
1.393702813919244665e+00
1.414526420850531485e+00
1.391480124839745702e+00
1.417083009198377930e+00
1.398913577016012821e+00
1.398945469348866322e+00
1.430414021653938716e+00
1.403180328633020002e+00
1.387483316940053113e+00
1.369141338334636693e+00
1.372175884329627449e+00
1.426149564477566134e+00
1.407303465450210789e+00
1.393941746546544236e+00
1.399146529327055966e+00
1.384970440734850650e+00
1.418465824141095677e+00
1.422596527645724196e+00
1.426520541298331946e+00
1.411795037584627988e+00
1.399942744847131548e+00
1.382349909629366325e+00
1.437855642508339082e+00
1.446514814421701267e+00
1.453434448304136817e+00
1.391926400833452870e+00
1.437924570645192412e+00
1.402086952867607206e+00
1.386308911607154970e+00
1.357294541552937162e+00
1.396505342715168574e+00
1.446926103075931058e+00
1.365027389173104178e+00
1.469337961067263443e+00
1.369703234697803307e+00
1.353412883960420476e+00
1.445671868925392234e+00
1.401495913664269954e+00
1.411901431527105677e+00
1.369195653111511035e+00
1.402409960238734987e+00
1.405059809043085695e+00
1.459859486819219399e+00
1.377232494483858538e+00
1.414298442317346138e+00
1.394403605158225146e+00
1.376181762651617291e+00
1.463297224142988462e+00
1.462220897243146300e+00
1.432868704962765971e+00
1.414113410939776605e+00
1.409940114710444670e+00
1.425075004686318980e+00
1.438704843802707023e+00
1.368414754701254177e+00
1.420124605438596532e+00
1.409462402924345881e+00
1.440782177419397847e+00
1.438996523344753919e+00
1.406692723981016746e+00
1.415243643245670979e+00
1.439259549869394528e+00
1.409181904202518210e+00
1.417181609266924713e+00
1.423628901470762820e+00
1.424378421381964577e+00
1.384531295583840249e+00
1.426983529469256773e+00
1.447216544716946274e+00
1.483879477969512140e+00
1.409341573680682691e+00
1.424200525412052443e+00
1.420353607236644278e+00
1.390161727337381858e+00
1.423027049877868988e+00
1.419138118826734685e+00
1.399503390895737054e+00
1.405764658173942916e+00
1.394748205825760978e+00
1.422045656574830508e+00
1.380787004199530488e+00
1.431696032693280829e+00
1.475790344157755785e+00
1.451575588239373937e+00
1.403539903986371629e+00
1.423448119048191574e+00
1.439248683000817319e+00
1.420163984687283776e+00
1.419641096362042276e+00
1.439148174221086984e+00
1.439989362972997622e+00
1.415263554564015536e+00
1.419996014263261941e+00
1.416474950844044622e+00
1.391083897140129588e+00
1.425184551603555061e+00
1.451674386815661855e+00
1.460120790457903661e+00
1.411441374443531682e+00
1.419937349504109658e+00
1.393862394818027761e+00
1.396592021961071017e+00
1.403770777494907085e+00
1.387083994729199077e+00
1.430330928706166516e+00
1.456268181745276058e+00
1.375106128613981404e+00
1.427113427462652018e+00
1.389860767763198224e+00
1.453957533017632198e+00
1.415444617951975737e+00
1.379753519297745257e+00
1.419018300787280529e+00
1.389716026033299245e+00
1.409108772476917348e+00
1.422982328621859471e+00
1.389785645348856624e+00
1.371240443368859863e+00
1.392463436113291264e+00
1.441835546999859829e+00
1.395148060318519123e+00
1.406497306486943044e+00
1.497252549982457381e+00
1.385324456439187113e+00
1.423063370239820769e+00
1.401214505177048375e+00
1.401074761089815768e+00
1.413249628721311879e+00
1.308874478238873040e+00
1.386118962970660062e+00
1.373873950071911043e+00
1.497770139247876164e+00
1.374998907921890945e+00
1.403859705221701892e+00
1.473098732729509974e+00
1.431205688428552003e+00
1.422417249681348306e+00
1.429197150389861504e+00
1.449644802062414195e+00
1.404910842257022896e+00
1.409857761546677413e+00
1.403365564278968414e+00
1.387183294598079542e+00
1.366854198900066431e+00
1.376680002550391135e+00
1.361184260136065527e+00
1.406032188319417564e+00
1.362517412257773675e+00
1.397703082609192071e+00
1.365950426396514317e+00
1.369033270990070772e+00
1.385676105018889714e+00
1.370754180760035412e+00
1.332611644896736003e+00
1.355005095565076756e+00
1.400685286725628087e+00
1.409341501083438919e+00
1.416878722068409591e+00
1.461278618877253299e+00
1.414043812769847364e+00
1.472631521224356144e+00
1.398456211864058663e+00
1.454878377171872517e+00
1.421274123624532981e+00
1.441756469244623862e+00
1.403202026250656154e+00
1.450753195280839680e+00
1.360346579524972732e+00
1.318886090817261714e+00
1.353571764692687696e+00
1.431383634909138669e+00
1.380056489596553915e+00
1.327154586529941449e+00
1.349328709211747857e+00
1.316445073183301062e+00
1.314028662114796742e+00
1.310716870429109004e+00
1.327670949352323992e+00
1.370128862959792970e+00
1.337495444239065190e+00
1.337041199189505924e+00
1.343035222166978127e+00
1.374513113962911648e+00
1.373455566787171955e+00
1.371283163400297544e+00
1.435540470811857539e+00
1.430847743922825543e+00
1.391475154262261871e+00
1.423227439251575799e+00
1.352952506906536234e+00
1.394666272301144039e+00
1.378196621417733692e+00
1.365683460891498502e+00
1.380747949988919920e+00
1.389332448054257707e+00
1.394836576115621618e+00
1.440777544831279844e+00
1.369620842294700047e+00
1.392126716137019882e+00
1.407795898473307883e+00
1.394104744305613819e+00
1.346194181479496432e+00
1.457000878237198149e+00
1.378741487638713625e+00
1.385847144476183512e+00
1.368757287575900650e+00
1.339997194706524564e+00
1.392734958453077265e+00
1.376319256603035779e+00
1.379090079123107770e+00
1.392990546354182513e+00
1.365473301728902689e+00
1.315962010486689149e+00
1.322456282628142077e+00
1.334968831699385960e+00
1.326676895116762234e+00
1.338593794464338904e+00
1.368848594419421749e+00
1.355889612320651194e+00
1.450177948423051477e+00
1.373754946043048042e+00
1.398979124596464230e+00
1.369587153971828508e+00
1.371506943395870426e+00
1.451719393368457789e+00
1.434135432980715441e+00
1.505143765953177892e+00
1.382361137966023223e+00
1.354862759805059769e+00
1.380753871491611440e+00
1.343070760361574578e+00
1.397626607775459551e+00
1.405323384582456869e+00
1.407582342565266487e+00
1.437280644960022613e+00
1.398837334637413443e+00
1.328358054710688130e+00
1.336704711579084437e+00
1.434767141658895850e+00
1.386482035890234110e+00
1.411850840253955575e+00
1.409190984957702897e+00
1.382855534955782062e+00
1.365499327667266671e+00
1.393197570836855137e+00
1.446704237618872346e+00
1.406456335564336690e+00
1.407778438641110075e+00
1.449238714008437734e+00
1.404521923806911543e+00
1.411488476495915245e+00
1.426651374224882973e+00
1.435680695119118555e+00
1.379559367502602552e+00
1.392595289468296693e+00
1.347751695033319708e+00
1.388775865303458534e+00
1.386015906162630928e+00
1.416740807122853107e+00
1.422032726516903045e+00
1.436692588764639789e+00
1.393186213699208809e+00
1.415487633007876722e+00
1.414848920480551664e+00
1.436016889825995957e+00
1.464753219722886302e+00
1.412339370818125106e+00
1.458219544092369757e+00
1.427546414203564984e+00
1.450288252601038330e+00
1.365989367496836415e+00
1.391297034520283082e+00
1.418800980233710041e+00
1.419738472847350996e+00
1.432187345783373589e+00
1.442405044688942928e+00
1.429571952582386896e+00
1.426745372195447059e+00
1.411036146314561091e+00
1.447486025951740141e+00
1.439064177144346646e+00
1.403013623395848120e+00
1.416869428993258850e+00
1.455036140187395910e+00
1.439153751115983315e+00
1.417511009615057382e+00
1.406568606980371561e+00
1.425141414895695791e+00
1.459507755755902192e+00
1.444282553964905125e+00
1.448580944393003334e+00
1.475416066486459288e+00
1.412487397737377082e+00
1.433609094130281925e+00
1.352961569845295697e+00
1.405247126972763549e+00
1.410824733374501649e+00
1.383371019751928888e+00
1.421316712243533065e+00
1.405286821303993738e+00
1.430097360389617656e+00
1.413283580373320358e+00
1.448573411915308196e+00
1.396553144336907248e+00
1.363066546952918179e+00
1.388785914055366888e+00
1.413632223897184348e+00
1.390337959683134672e+00
1.381776495822495399e+00
1.398734008225568592e+00
1.439323363966487968e+00
1.397869090114295831e+00
1.423934495428654134e+00
1.433927115371002037e+00
1.453627679812326212e+00
1.408651388299551943e+00
1.454872899142169551e+00
1.383508505877755201e+00
1.412466476856391262e+00
1.402718383927010315e+00
1.415750039804574589e+00
1.398501903237452604e+00
1.445855564723643738e+00
1.381844443529183231e+00
1.382566464951888507e+00
1.389623982792190793e+00
1.387132216224370884e+00
1.398200255359322464e+00
1.366966238634741870e+00
1.420924632251633568e+00
1.434392593780042802e+00
1.412667403781672659e+00
1.398454455887374159e+00
1.337191471224491224e+00
1.364307704983445779e+00
1.337163857309644266e+00
1.348041764431569201e+00
1.327593146200767071e+00
1.347280473756458985e+00
1.354837643371346934e+00
1.388913932758820025e+00
1.374067333788839607e+00
1.352515809929028423e+00
1.350172327619976409e+00
1.379032210457654894e+00
1.348316402052000429e+00
1.372892513887640442e+00
1.456964144684495643e+00
1.434872122828935392e+00
1.393169410548526388e+00
1.428423333930316508e+00
1.393657271847606127e+00
1.418464503601844839e+00
1.454645490960983389e+00
1.440015917969729387e+00
1.375316763802646447e+00
1.392312467632815576e+00
1.434913026752139498e+00
1.438655260937796054e+00
1.378188757782899287e+00
1.388142589528504889e+00
1.419472548050736194e+00
1.423872594172659101e+00
1.437640408399834646e+00
1.400954138818991890e+00
1.414628681370461383e+00
1.433286562442845469e+00
1.369290540273655710e+00
1.402746108716792284e+00
1.353169042403272071e+00
1.428343034371045706e+00
1.395412982774701716e+00
1.400328409440229960e+00
1.449455375219236508e+00
1.458027194227464518e+00
1.408003784296034011e+00
1.440638947557031146e+00
1.481687383674257452e+00
1.434197001621022594e+00
1.444022860739253566e+00
1.419477604816035354e+00
1.423141271887648385e+00
1.423988598271342276e+00
1.398988569440996033e+00
1.388719762790020518e+00
1.373780009328731344e+00
1.365297418240348115e+00
1.368662632332046547e+00
1.352147388272943340e+00
1.381896321435369446e+00
1.374369965142205885e+00
1.374446252355524534e+00
1.397823483452565130e+00
1.387005458539743330e+00
1.383007199200955828e+00
1.367030991513073834e+00
1.375754562530240088e+00
1.393504178037998642e+00
1.355855442079664019e+00
1.365634893705855335e+00
1.398012583629233196e+00
1.358011482371310974e+00
1.351104216927375923e+00
1.337454768980563369e+00
1.366552390751435198e+00
1.383755713498756146e+00
1.373709257287122787e+00
1.358373566864482518e+00
1.352554699584363140e+00
1.387553637270067641e+00
1.366626239104590468e+00
1.351953139760099898e+00
1.392521349786805862e+00
1.389251235287315867e+00
1.342159335097925288e+00
1.363049039989543632e+00
1.352554328573554621e+00
1.335530393810776761e+00
1.326968887212014447e+00
1.370953496027194962e+00
1.345738623113117871e+00
1.410194211203832815e+00
1.372599540205691193e+00
1.376981638947619935e+00
1.419104928245162878e+00
1.393080905274586057e+00
1.370048099041309531e+00
1.369848256025894884e+00
1.368784049346794651e+00
1.386469479923200687e+00
1.387179927422238279e+00
1.410494852322140114e+00
1.405682202973642214e+00
1.405068645761160973e+00
1.387925551579713090e+00
1.389755706461948126e+00
1.393982013935405107e+00
1.402663606695729870e+00
1.398418895366707826e+00
1.371985459965154419e+00
1.399800351262070475e+00
1.364333091860400193e+00
1.383206442151226234e+00
1.374195598031295429e+00
1.395306726932021846e+00
1.381733913012799686e+00
1.356656105887361852e+00
1.334214262227939818e+00
1.335932741242304989e+00
1.358296953553546738e+00
1.344300888735590283e+00
1.342071251056190073e+00
1.297875717132848994e+00
1.371530124475374590e+00
1.339801586225319641e+00
1.328477236988393262e+00
1.344600160020143376e+00
1.369514927535749882e+00
1.371313122335775736e+00
1.334482541914169929e+00
1.370400044989739996e+00
1.368622539714615227e+00
1.332857351781558064e+00
1.365634493398777183e+00
1.367271144925560566e+00
1.316204117704314669e+00
1.352640764708407106e+00
1.338103952868681779e+00
1.322036094337242229e+00
1.349711952973358553e+00
1.351776891894445054e+00
1.346365821913953598e+00
1.303792030487550990e+00
1.352924397860196359e+00
1.350535299982692949e+00
1.382186047916762472e+00
1.357116680670644282e+00
1.347912138709791208e+00
1.375433881557890148e+00
1.373233647072647612e+00
1.355292318155957298e+00
1.345406759618585468e+00
1.340783890515681254e+00
1.342962650697825167e+00
1.333922708509181154e+00
1.338208963008199026e+00
1.355515349294285521e+00
1.379533106425968381e+00
1.337906655378006793e+00
1.411099212953307758e+00
1.369786156951567024e+00
1.377061335756915472e+00
1.370816142187635034e+00
1.377549089974632102e+00
1.359263060319155114e+00
1.367846187210267406e+00
1.422530704094799869e+00
1.388396864892042393e+00
1.415259305889039254e+00
1.393051181162619834e+00
1.378592380809984030e+00
1.372255175235711722e+00
1.366990213915954433e+00
1.371699209726311874e+00
1.361951763242361446e+00
1.354223804587528335e+00
1.373143763911893522e+00
1.373084835634938106e+00
1.371574717433744928e+00
1.347746533517251599e+00
1.365607102898760195e+00
1.347634219184014714e+00
1.361198952302542065e+00
1.356733866891971729e+00
1.360962231968760650e+00
1.378704753399621730e+00
1.377829330130994956e+00
1.357600418572508572e+00
1.374498167952445726e+00
1.397985812720293097e+00
1.363447127935976999e+00
1.371848823483106772e+00
1.342447019165132094e+00
1.368888016078681380e+00
1.348709298802570622e+00
1.366855094535788462e+00
1.334463284875184064e+00
1.345877672827832328e+00
1.342927979859988241e+00
1.381404392959211469e+00
1.367564841799306263e+00
1.348374512672626535e+00
1.358890290787568178e+00
1.364345709120750039e+00
1.354362179134404487e+00
1.361131809569902096e+00
1.358433327968540105e+00
1.375483912823722621e+00
1.371985563297810184e+00
1.389068209116600006e+00
1.379134852455337290e+00
1.381885522947481348e+00
1.363883517996327344e+00
1.365472303705250079e+00
1.375900628981370444e+00
1.379610125332382475e+00
1.382254059209435226e+00
1.367559627455114279e+00
1.362668832210768954e+00
1.399806214208697108e+00
1.352819924625671799e+00
1.374832775411075403e+00
1.374483820187595073e+00
1.387194043278860311e+00
1.364985280115372346e+00
1.347632774184374771e+00
1.389201699881200458e+00
1.369134299475244676e+00
1.418530447499506630e+00
1.394630411691012872e+00
1.368893857050607288e+00
1.358134605251692051e+00
1.403917484113223368e+00
1.378274158354098722e+00
1.371393295155350023e+00
1.356291708422820763e+00
1.336774082677612663e+00
1.363274190101523287e+00
1.366000721057939238e+00
1.366365952335632850e+00
1.354680307417145402e+00
1.377744841898512762e+00
1.340187236510592239e+00
1.354514758695182675e+00
1.334337712967265333e+00
1.350137204316102624e+00
1.381400523680749393e+00
1.414281366233975046e+00
1.395272325283001935e+00
1.447037243718905852e+00
1.384134461943906658e+00
1.372355160760995174e+00
1.368785156196501429e+00
1.432890887464749685e+00
1.416675050380413081e+00
1.413496243107112527e+00
1.347038993174327404e+00
1.362551302062007919e+00
1.355412775164334116e+00
1.362986088233558046e+00
1.371297893566404857e+00
1.394561348866182771e+00
1.413004341607590364e+00
1.399011321319810541e+00
1.414159128522244568e+00
1.415399148148612340e+00
1.387237862533142074e+00
1.417356862860692734e+00
1.414827261667787495e+00
1.416137451889451837e+00
1.406535248936135130e+00
1.394732650779993310e+00
1.389788771122847155e+00
1.396376900851968195e+00
1.401614407910520388e+00
1.404977421150599648e+00
1.418322350016627986e+00
1.423891661960955846e+00
1.404026457588585686e+00
1.410267197945702655e+00
1.414404279028810052e+00
1.408144226484891570e+00
1.402745373682722674e+00
1.394509497123814112e+00
1.397186078879890880e+00
1.435055455285190629e+00
1.406110365148092178e+00
1.408833112886514360e+00
1.378626993241629073e+00
1.419718451232103273e+00
1.430720100979521403e+00
1.396768509254734392e+00
1.451847843602760424e+00
1.407825745610923995e+00
1.423730021202968210e+00
1.417009576423130079e+00
1.411532371749846249e+00
1.404766781221243210e+00
1.416186756985115869e+00
1.406874869653604199e+00
1.421628183613778074e+00
1.446092210129480415e+00
1.405814514035423901e+00
1.413462054015856673e+00
1.386880217166111651e+00
1.417830290658048442e+00
1.399815941752140525e+00
1.381454756135046313e+00
1.407331522994889061e+00
1.404112455243172519e+00
1.409108875284144080e+00
1.398297357069236524e+00
1.373767430917913979e+00
1.397298987475620313e+00
1.360376249715551378e+00
1.439609604941889165e+00
1.400110473754322626e+00
1.391824572626712442e+00
1.412671644838152218e+00
1.404906740754424455e+00
1.371995367856413850e+00
1.419019113581966307e+00
1.420329679721464400e+00
1.387902206716325804e+00
1.375279401163846948e+00
1.414204742783633062e+00
1.395486223136936044e+00
1.389166476741130030e+00
1.399835728728280770e+00
1.405589779374450510e+00
1.409668376949738011e+00
1.396592785630462741e+00
1.409974067554227606e+00
1.404811364875171664e+00
1.411600994491269967e+00
1.412086196806393135e+00
1.375620771071022208e+00
1.389999688882744167e+00
1.400716151348073035e+00
1.417837120035443155e+00
1.406067464328721872e+00
1.415096724438676290e+00
1.398700013743084725e+00
1.418655304119191163e+00
1.382294161187556103e+00
1.386262437394950808e+00
1.405859299644764748e+00
1.397377838261613547e+00
1.406101612797481692e+00
1.423478887498326406e+00
1.410864391980623189e+00
1.412994042180142351e+00
1.394198481202532758e+00
1.434740022493836920e+00
1.392494130704710065e+00
1.387702868824874480e+00
1.395307823045641937e+00
1.421258227221512627e+00
1.391795330993213620e+00
1.404196779475062939e+00
1.408185964439810700e+00
1.399772978874801233e+00
1.424177018418078644e+00
1.384764124173199829e+00
1.404581950615319874e+00
1.411549914950177564e+00
1.407867307523082756e+00
1.407691188320782771e+00
1.379188428551597401e+00
1.411081579622378124e+00
1.405695263151882646e+00
1.403189774328139849e+00
1.391528149236134215e+00
1.415275261923764960e+00
1.425753388453702364e+00
1.395804733469595549e+00
1.416712922630240401e+00
1.412232902013306868e+00
1.419955137126945655e+00
1.401624450866985061e+00
1.425276940301392070e+00
1.414972299032305036e+00
1.402847925261257789e+00
1.412028769505411674e+00
1.416857008999831136e+00
1.404159386763953465e+00
1.380708432006457320e+00
1.405098845663119711e+00
1.394921418954771397e+00
1.397688617756012164e+00
1.382628731663571919e+00
1.413264605210793778e+00
1.400751595021302753e+00
1.415256318803490565e+00
1.357482711081203774e+00
1.340676659106264434e+00
1.382992760585144199e+00
1.371334760252386653e+00
1.392798957912692037e+00
1.378651077357706534e+00
1.351076369970593882e+00
1.378835740490034656e+00
1.358003736648385251e+00
1.350944927380764771e+00
1.377899225597977839e+00
1.376871928236007347e+00
1.363456413774219556e+00
1.402335226432724902e+00
1.389665167802979662e+00
1.401967855035259003e+00
1.409945693680447754e+00
1.374803522031860625e+00
1.409348722294338829e+00
1.412222907933663674e+00
1.420120176043016214e+00
1.378476966037314400e+00
1.422455402699479343e+00
1.414274833065674475e+00
1.415393395647991603e+00
1.399197995071241873e+00
1.370528686861366641e+00
1.359755289284421353e+00
1.380551494448089445e+00
1.384172713216289319e+00
1.371108865622066242e+00
1.395896648515239313e+00
1.392285851918509509e+00
1.373013742074763233e+00
1.355926845262348301e+00
1.377053902157763909e+00
1.363004308375279860e+00
1.348560610814437455e+00
1.374498644171523454e+00
1.393992963063246604e+00
1.379966833760639222e+00
1.386666508151986887e+00
1.382079183092451036e+00
1.396254954377173618e+00
1.379794911923718503e+00
1.379068548735978617e+00
1.380462236076700711e+00
1.362241515166602079e+00
1.390370177332538537e+00
1.394295067362404605e+00
1.422363640027707765e+00
1.376627098934964932e+00
1.413940196239379832e+00
1.425777697609346140e+00
1.380706157543749368e+00
1.402038957938264607e+00
1.386397160368127324e+00
1.396666729932373618e+00
1.373711965770995524e+00
1.410990260237768634e+00
1.391374138265615290e+00
1.398368541489739769e+00
1.385553697156123976e+00
1.384632285442179978e+00
1.380668531157680956e+00
1.423759554204177213e+00
1.372861417004833662e+00
1.381555257503340073e+00
1.366957905639564430e+00
1.368029028108756373e+00
1.410211106675127501e+00
1.363854467066111242e+00
1.389788102854515817e+00
1.396915132275602600e+00
1.375998017550095209e+00
1.414435188382742847e+00
1.375156069148573579e+00
1.376407917323162033e+00
1.366087015416532990e+00
1.390805962528854689e+00
1.384343617091771561e+00
1.375978385289491124e+00
1.378669197664222024e+00
1.393584823271258433e+00
1.403435602275207694e+00
1.379124844141317308e+00
1.392651965877151898e+00
1.370021062204821005e+00
1.386606417220673793e+00
1.411347385986228220e+00
1.390237372107079761e+00
1.376131524463481970e+00
1.373875094639505301e+00
1.397357523185867034e+00
1.366224552155794303e+00
1.397549088352024516e+00
1.381908265061906782e+00
1.410607237408870063e+00
1.410820567952520754e+00
1.407341838995399774e+00
1.372289610259015857e+00
1.412408529261498291e+00
1.375419785314025756e+00
1.408674594291738025e+00
1.421168492550867191e+00
1.405041246819308975e+00
1.435031585485275762e+00
1.395662614697907422e+00
1.398831217444338471e+00
1.401604555949659048e+00
1.380125912739665894e+00
1.397446089383801882e+00
1.397083920317255368e+00
1.386855353627077125e+00
1.388760451952863795e+00
1.381888350613483363e+00
1.384444938574056483e+00
1.389777433414974839e+00
1.406640808200081638e+00
1.406161373999205377e+00
1.374198900003405610e+00
1.417815316174689810e+00
1.392859861379271313e+00
1.393930430101799622e+00
1.370659329960688400e+00
1.387487484355218958e+00
1.379961275583873714e+00
1.418386325487432709e+00
1.385354114205865850e+00
1.411262492862789708e+00
1.407039171508873698e+00
1.409660824993513639e+00
1.388911776337759196e+00
1.388284598507209866e+00
1.405003228771203760e+00
1.379752145203506641e+00
1.384447177977665477e+00
1.393880933884577678e+00
1.396662338543597448e+00
1.379138771603902747e+00
1.374615937981586322e+00
1.390317434620412795e+00
1.383433538284845277e+00
1.402484913445714465e+00
1.383729832490210088e+00
1.408863145823584295e+00
1.362090661799651325e+00
1.363067777350983167e+00
1.380182209058260279e+00
1.395851456820064840e+00
1.365500542059588929e+00
1.368201833736409467e+00
1.364083972038334203e+00
1.389461324447402779e+00
1.361260407062586442e+00
1.379550172540003228e+00
1.322672460186992138e+00
1.348480646978293507e+00
1.352502107360260553e+00
1.355039424206604393e+00
1.349609301289046215e+00
1.363482351414010640e+00
1.351930285629254325e+00
1.364620459718379530e+00
1.342730623585961958e+00
1.386289915579457466e+00
1.388450257115323438e+00
1.346277743866044707e+00
1.345339311580076691e+00
1.351118193625671982e+00
1.376007832145436760e+00
1.349125693710177876e+00
1.353588317983813072e+00
1.359260333080435590e+00
1.361655078531348595e+00
1.319158346241694479e+00
1.373564860346099703e+00
1.361092433282816927e+00
1.342503320152232726e+00
1.377202923744611507e+00
1.377112467280536379e+00
1.337019750464087275e+00
1.364242056605902809e+00
1.380720252106739876e+00
1.352637198859306666e+00
1.358708169851585046e+00
1.353867313268496186e+00
1.369484108926914079e+00
1.354221901063345612e+00
1.361557696389421368e+00
1.344259393760932619e+00
1.364825167656654070e+00
1.408963547117650705e+00
1.411199095691115568e+00
1.363497304636142049e+00
1.388240695316487860e+00
1.389931744162854921e+00
1.389758565684896086e+00
1.413635015341360379e+00
1.362297307545766722e+00
1.447503471382122431e+00
1.435486571509265286e+00
1.419760092285504705e+00
1.416125211250091720e+00
1.431018537567076976e+00
1.426432972073647498e+00
1.433745845701936528e+00
1.426617075459189588e+00
1.436431121314359682e+00
1.449280785963107387e+00
1.418909100904985010e+00
1.405256031083411905e+00
1.439422929401048323e+00
1.420723605986912608e+00
1.399519224409113916e+00
1.430126921825506381e+00
1.410592958592193025e+00
1.429750321887840459e+00
1.418727010219773099e+00
1.410222766684570583e+00
1.378457297789491998e+00
1.398565599780324575e+00
1.432865826743454196e+00
1.392535365756582433e+00
1.391421490804260142e+00
1.392207331339858856e+00
1.414923303270331445e+00
1.421180531590478413e+00
1.404049964799717110e+00
1.396762577961604634e+00
1.413225335852119402e+00
1.407048994068598180e+00
1.395991687397395209e+00
1.407198114565552327e+00
1.383815805200524718e+00
1.394442606904305437e+00
1.370083072967512638e+00
1.379055650514852571e+00
1.369080056229999620e+00
1.374634890705822121e+00
1.353985691031832195e+00
1.374052013503808567e+00
1.369927686116253707e+00
1.380756387936364904e+00
1.401410613983298914e+00
1.363311417819051519e+00
1.392236613915737387e+00
1.378452558079142687e+00
1.392688586710274734e+00
1.361929603036919234e+00
1.357165113898379794e+00
1.392792428779614511e+00
1.387603900811265722e+00
1.358161331832558938e+00
1.410054589177885065e+00
1.395675756680613055e+00
1.362121424889038313e+00
1.376251055781332111e+00
1.373443275972761946e+00
1.397441684524457273e+00
1.358436608502199050e+00
1.369870223861483050e+00
1.392700869303925781e+00
1.383692288951825056e+00
1.411234532396252961e+00
1.398725774685327439e+00
1.402089801201708896e+00
1.400044456343412014e+00
1.406845803970095288e+00
1.364268484857183550e+00
1.424259216268221495e+00
1.392984642705407339e+00
1.390555413727141643e+00
1.416808744381630625e+00
1.423319878937086003e+00
1.367499103113359205e+00
1.394474649087719564e+00
1.351770885958925916e+00
1.367381766503993568e+00
1.342558315027948979e+00
1.371489987340884786e+00
1.341858111627559857e+00
1.366751341836015543e+00
1.364904893638700489e+00
1.372707215717447360e+00
1.364832759874346602e+00
1.386207181015034706e+00
1.402373889174333810e+00
1.376636670795887252e+00
1.396119030401910655e+00
1.405702598349080068e+00
1.352443706176709171e+00
1.385445773180058904e+00
1.330540913910538858e+00
1.353428987942687289e+00
1.329470894371735712e+00
1.340965469403134103e+00
1.362995904058967200e+00
1.371659045312133562e+00
1.370207533944634237e+00
1.340007901782878985e+00
1.368845398558133475e+00
1.350771199744458473e+00
1.354590227486006881e+00
1.346088073715507205e+00
1.364484256738654810e+00
1.370887263522003519e+00
1.386752148857716138e+00
1.368944247859317453e+00
1.361582834062359471e+00
1.358113807107725224e+00
1.360529916398947270e+00
1.382371166659777550e+00
1.399142567454803254e+00
1.367357000209554752e+00
1.364140087971398740e+00
1.385796991759830288e+00
1.362697704309166813e+00
1.398010267060904255e+00
1.363421376847091082e+00
1.356227954043865536e+00
1.387257859588780340e+00
1.373391235018660561e+00
1.350680088046894989e+00
1.396461871918394548e+00
1.394545763405039995e+00
1.384554479515364811e+00
1.383842215473215731e+00
1.397470290143272065e+00
1.344225914940807343e+00
1.300185406273431710e+00
1.333755634973274429e+00
1.393866523549037284e+00
1.361860400806500060e+00
1.365818915073098383e+00
1.371215516836776560e+00
1.374949453912422292e+00
1.372767378879729661e+00
1.340145312423183910e+00
1.342031785184493842e+00
1.392617621171712283e+00
1.340475507078035866e+00
1.393605815486027133e+00
1.369888951458360316e+00
1.385626003365991066e+00
1.367578054556449318e+00
1.361787615989899836e+00
1.365914473489213687e+00
1.356346428015638095e+00
1.362436746269079624e+00
1.388334061703869970e+00
1.354247238134180797e+00
1.352880233250061570e+00
1.393519754703419711e+00
1.373853043309595900e+00
1.362237399885821043e+00
1.390233105297568716e+00
1.360918017997256424e+00
1.353983069107753678e+00
1.371604238557228905e+00
1.349685121374199825e+00
1.386564806123511184e+00
1.348629704862907674e+00
1.391171962370560733e+00
1.376421687777571679e+00
1.353721056865250461e+00
1.378529364531439594e+00
1.384842974751780753e+00
1.385941752120709802e+00
1.402872288956696689e+00
1.419280544939015343e+00
1.407095971058254014e+00
1.393208592967484005e+00
1.374649576005621876e+00
1.378118296085146133e+00
1.368494659643912037e+00
1.406975518627698873e+00
1.385317672895598928e+00
1.405304028878025635e+00
1.399395521597950109e+00
1.397396792975221125e+00
1.388649859440636902e+00
1.389549089238409696e+00
1.382878273278225878e+00
1.383059718062668031e+00
1.391838837178864807e+00
1.374316777512744281e+00
1.388429203881577756e+00
1.407896530461845597e+00
1.388288654443796233e+00
1.408086090394687240e+00
1.390651048240344689e+00
1.421522961775984806e+00
1.400710282920392347e+00
1.388294975066546977e+00
1.386022504165041136e+00
1.429952816965468942e+00
1.398043945028133894e+00
1.378503784653117403e+00
1.382524066800023599e+00
1.386055121933757350e+00
1.378027135535678349e+00
1.358530255138926002e+00
1.353827585318385873e+00
1.374092403328320167e+00
1.395307867794164380e+00
1.400774797564787955e+00
1.399377078516988115e+00
1.409858621936739720e+00
1.387629326964169740e+00
1.406205130885089138e+00
1.396941494262808670e+00
1.430501201029533487e+00
1.389428501493787493e+00
1.421718666568577927e+00
1.391955781416006843e+00
1.416320232830457382e+00
1.407609135731771488e+00
1.374127505997832621e+00
1.379842675519836304e+00
1.385790063283762974e+00
1.333959518703553337e+00
1.356195664725606154e+00
1.353843925000601800e+00
1.371430076657493835e+00
1.389968318908684886e+00
1.389918096006404147e+00
1.394100181166046948e+00
1.381161330214249361e+00
1.355059924284606643e+00
1.376550038071158610e+00
1.379871459258239286e+00
1.365579734480155905e+00
1.365696258328987334e+00
1.381529987919517755e+00
1.338901774801785072e+00
1.359849223814869612e+00
1.379862995575198426e+00
1.360763349861248139e+00
1.349419345362331990e+00
1.360499106042448281e+00
1.355269544046987074e+00
1.368565139315156776e+00
1.359126683784669609e+00
1.357460291113345319e+00
1.353052080373972066e+00
1.374891473135831932e+00
1.393206709378269625e+00
1.408076912487082000e+00
1.391970599130027963e+00
1.389287541298781736e+00
1.367900889154083144e+00
1.368180629071820364e+00
1.380515642220407901e+00
1.399256604611250010e+00
1.421090388645736446e+00
1.435349018398022203e+00
1.415109415754221223e+00
1.406293835585426644e+00
1.379828536362612601e+00
1.374116677654848129e+00
1.376245641749174631e+00
1.396046890095272053e+00
1.366935250020940629e+00
1.370208996723081052e+00
1.386854637940319934e+00
1.364261692957747796e+00
1.367140981239698627e+00
1.408241278013472320e+00
1.390291822360733009e+00
1.386074305226917547e+00
1.390640871591573235e+00
1.445177035015063005e+00
1.359336458860670227e+00
1.362354107278636262e+00
1.396275832795688787e+00
1.391565420342654624e+00
1.401555596318044383e+00
1.368645874277420349e+00
1.371081299482459714e+00
1.345548853570845083e+00
1.317860345054250537e+00
1.335186332308602619e+00
1.345428541014741075e+00
1.363511272319184009e+00
1.339669330791560364e+00
1.350673537851398764e+00
1.357226426361925808e+00
1.339170699752881610e+00
1.397352076463108661e+00
1.371793648137622501e+00
1.360221871653181536e+00
1.358876255412103440e+00
1.342219076176264236e+00
1.327544172168966474e+00
1.335460584234459347e+00
1.362866222420958007e+00
1.344180414202910789e+00
1.374273327986968107e+00
1.376361743020375838e+00
1.384083765821783052e+00
1.397238501369046038e+00
1.383851140189648499e+00
1.424911091813135577e+00
1.397192268880956822e+00
1.386065277854635402e+00
1.387613831189969504e+00
1.389383869650263392e+00
1.442409004234733283e+00
1.405212281086147597e+00
1.411995811719606531e+00
1.404026723627662898e+00
1.426570362854838292e+00
1.398056773018919507e+00
1.387664444759661109e+00
1.381577202114747216e+00
1.387556061141849151e+00
1.397239388230583357e+00
1.397537732900343332e+00
1.420571869345293781e+00
1.386826555314080833e+00
1.372236685393173561e+00
1.386735405771776675e+00
1.389478750569999255e+00
1.395403943021755300e+00
1.383435992813887738e+00
1.377002240589996429e+00
1.426830779209062872e+00
1.393795029863799773e+00
1.382463364036832898e+00
1.399136701389721349e+00
1.403748558802382362e+00
1.386558677660672645e+00
1.385569942810395139e+00
1.421983266511438693e+00
1.376338048899248712e+00
1.406927168842917686e+00
1.407446281767649854e+00
1.397644081504529012e+00
1.389313082113833531e+00
1.416300581226005217e+00
1.410117399570834262e+00
1.448531587006168575e+00
1.429634328144940625e+00
1.428059615921217329e+00
1.441932621935433145e+00
1.442180339271038392e+00
1.423324883529623275e+00
1.432233161425367385e+00
1.410767986415192965e+00
1.434738290047823828e+00
1.396836383496270262e+00
1.400325313131424609e+00
1.359584776029622466e+00
1.380876421075121652e+00
1.378288345205725518e+00
1.362552269262527371e+00
1.385950134218303154e+00
1.383078055875546664e+00
1.387201234046361087e+00
1.384816018076165944e+00
1.379392767368611938e+00
1.374241269778111896e+00
1.399087397907890828e+00
1.386586654537409924e+00
1.362483857993060710e+00
1.366615342475847816e+00
1.402206845986431194e+00
1.364600822530924296e+00
1.382421468369538164e+00
1.425319156030942169e+00
1.399018811724589861e+00
1.415109321762472394e+00
1.375104525783935605e+00
1.401788792182500965e+00
1.387092006297918401e+00
1.401110499133054965e+00
1.399901517832013997e+00
1.351938773929049376e+00
1.372533785502884518e+00
1.358174582951182652e+00
1.408411677986340926e+00
1.399860317301563128e+00
1.384295801807725157e+00
1.377436620114679489e+00
1.395104868205832016e+00
1.400095477828006585e+00
1.397781982520980959e+00
1.395380846700655431e+00
1.408400354905239737e+00
1.406403569744615556e+00
1.393550969335213940e+00
1.355219715934640634e+00
1.415330926079755747e+00
1.367500332477636249e+00
1.357909000157695889e+00
1.394146302896428713e+00
1.380444770554611011e+00
1.358355228657967873e+00
1.344748914035912568e+00
1.378221207126979486e+00
1.354063643018188934e+00
1.359126710943179051e+00
1.392182117502767991e+00
1.344197366568138374e+00
1.344057100242894709e+00
1.353126567369562716e+00
1.402961677409465091e+00
1.384461988443680180e+00
1.362274824057102984e+00
1.370825219036355902e+00
1.349817994945418764e+00
1.379197941093475821e+00
1.357727559460593092e+00
1.341694572143249831e+00
1.338804805972704459e+00
1.365697330798893994e+00
1.359788760181714240e+00
1.368173253795251787e+00
1.360048556559023236e+00
1.365310002935382849e+00
1.382210024959938277e+00
1.357434369071368829e+00
1.396515521056570286e+00
1.359637244675119705e+00
1.365603232469203565e+00
1.377738372201828598e+00
1.357145875529631729e+00
1.347822742179765498e+00
1.391515728957058773e+00
1.392485260309052064e+00
1.381562535877775888e+00
1.388915809948903402e+00
1.374672545654479938e+00
1.387167596151768656e+00
1.377853972774026881e+00
1.415363615549079412e+00
1.396159477090481049e+00
1.366489639457404870e+00
1.388723678719843813e+00
1.379055940851186213e+00
1.371118530996087825e+00
1.385013701249954154e+00
1.377984900310855743e+00
1.325925031563355949e+00
1.375270484535048965e+00
1.358734642699880091e+00
1.360821878309463884e+00
1.401000632163128090e+00
1.394285926094977368e+00
1.379634953514458973e+00
1.357002065015732395e+00
1.353574449550889680e+00
1.376549784579246261e+00
1.340145002322638890e+00
1.379515757078310312e+00
1.356384398150441539e+00
1.342126821857251073e+00
1.388436339503156036e+00
1.363666745789973822e+00
1.380755139898596884e+00
1.364878662578590918e+00
1.381195615201683546e+00
1.341533754512199028e+00
1.363031426018251890e+00
1.348413682822256821e+00
1.360736983130534261e+00
1.375979242535854130e+00
1.362715214265316499e+00
1.363321548658211535e+00
1.381060465472310206e+00
1.362492904282313955e+00
1.398873473414708801e+00
1.377854695154165476e+00
1.367865940369083599e+00
1.381822200724524219e+00
1.365178369846351103e+00
1.345668453533405806e+00
1.363503969604261012e+00
1.371425831524415440e+00
1.364961083780520390e+00
1.375911188073573488e+00
1.370063514516374648e+00
1.354092046287794782e+00
1.387685808940453125e+00
1.332168599475235027e+00
1.348658044215676588e+00
1.348783268744782937e+00
1.354015955693579132e+00
1.365048480960352917e+00
1.353184255073043962e+00
1.380474558506474381e+00
1.358229200380515422e+00
1.349878238229254013e+00
1.348597941714383186e+00
1.375146921301405367e+00
1.361025783123499311e+00
1.390758642529315470e+00
1.407250969177153976e+00
1.387821779769422781e+00
1.355978965344865950e+00
1.405515685777346091e+00
1.350068332614149158e+00
1.370297548200641646e+00
1.365029230196719734e+00
1.388376962130041248e+00
1.400276418185514515e+00
1.429687726803156034e+00
1.386980851157873174e+00
1.373258966502372225e+00
1.365679071225907926e+00
1.398864948169081135e+00
1.376017014783382564e+00
1.406080663101322958e+00
1.370922338818855835e+00
1.373402956110831408e+00
1.408414238502863292e+00
1.404481195301625629e+00
1.403256579133184134e+00
1.410944730092102528e+00
1.401103834943766335e+00
1.456397832958917338e+00
1.435900641474747941e+00
1.412022732870494179e+00
1.432359827642575967e+00
1.396642527176759963e+00
1.440353794789559716e+00
1.381885987821439565e+00
1.418183961306452856e+00
1.403018664675343752e+00
1.363416389101686832e+00
1.396587727454129180e+00
1.388392259108777838e+00
1.438853932472126562e+00
1.422902444932350408e+00
1.411826478422331332e+00
1.410180908419664814e+00
1.428949208353700095e+00
1.392972926524199240e+00
1.423372515183928932e+00
1.424692433081952148e+00
1.379985067754722294e+00
1.413269693117265691e+00
1.399101525071247076e+00
1.395681282219266350e+00
1.423762461961738834e+00
1.408946121529433215e+00
1.379422481424386948e+00
1.390110818568069062e+00
1.399329773460052495e+00
1.378826814190715844e+00
1.375203742200362900e+00
1.397079368973857649e+00
1.420607783267482160e+00
1.404270180496295373e+00
1.374244922287027881e+00
1.440527475698065274e+00
1.431170705014590538e+00
1.416767635814116577e+00
1.429110399003268084e+00
1.393227800272601735e+00
1.398664648065024885e+00
1.379825552106347386e+00
1.376607846463036244e+00
1.435102812471851896e+00
1.401784710890212837e+00
1.429503600710002376e+00
1.431037807253766170e+00
1.438525188080091777e+00
1.438310687704790425e+00
1.378059026630175543e+00
1.385292890469322913e+00
1.395390820588791048e+00
1.353197148228929114e+00
1.403863895146930885e+00
1.401754228533410807e+00
1.407039801416055447e+00
1.387608107832052795e+00
1.397149091030698287e+00
1.402995378184091813e+00
1.365051454664465647e+00
1.364656730812761953e+00
1.394762613334272094e+00
1.392856093386945604e+00
1.385202300053820501e+00
1.417139746515694521e+00
1.405305617780124194e+00
1.382800288426102808e+00
1.387910678468897041e+00
1.411824280960592093e+00
1.383116961555654889e+00
1.410189136720543468e+00
1.405343386947375706e+00
1.384070485187708810e+00
1.401640629368566371e+00
1.381235568136978342e+00
1.371397775531532304e+00
1.408815247275953197e+00
1.424340363738710424e+00
1.433868968988161852e+00
1.403108128558089529e+00
1.438064496679097193e+00
1.446696177742915479e+00
1.411910665233296003e+00
1.446043493575034811e+00
1.420789825865802269e+00
1.405112651108934241e+00
1.416877370054578478e+00
1.432478850478980936e+00
1.417276860824498108e+00
1.431686523113991028e+00
1.433852518470746018e+00
1.439471010342000534e+00
1.434361992553036202e+00
1.415948823017298075e+00
1.388930129023698834e+00
1.420776608707866595e+00
1.424176146949556632e+00
1.425189099653931146e+00
1.405900377236858789e+00
1.410100787283829593e+00
1.385539014399598923e+00
1.391051591388826392e+00
1.405629041181387207e+00
1.403121878689804758e+00
1.404878863350623064e+00
1.372836264408523688e+00
1.403045424687543230e+00
1.399312212154380175e+00
1.408143586862232066e+00
1.426260747032290555e+00
1.382235344175223979e+00
1.381226740861525526e+00
1.398138987438632297e+00
1.383916721057578014e+00
1.374761962174825491e+00
1.421868726710308506e+00
1.367459543667420618e+00
1.369215443133069643e+00
1.400730645918960571e+00
1.379099494565786399e+00
1.390016162015723422e+00
1.387121945522031607e+00
1.374410328444066964e+00
1.364422565575330815e+00
1.388751896777500550e+00
1.377495790309952728e+00
1.457619144155819946e+00
1.411302185230644879e+00
1.392704546676776456e+00
1.387264184397421607e+00
1.375096652632118222e+00
1.356148610023977241e+00
1.381310525035720049e+00
1.394577532028195233e+00
1.393935424897477349e+00
1.397189129777657302e+00
1.367392712318471260e+00
1.384973563018187415e+00
1.409640813431490391e+00
1.386727005113496780e+00
1.380268890091643552e+00
1.381470341086461051e+00
1.365210777232041206e+00
1.374036246234247027e+00
1.402145131172176873e+00
1.407752407654230487e+00
1.398907092118458984e+00
1.400772766979727635e+00
1.392333037259753103e+00
1.396040258777377918e+00
1.391969136980736543e+00
1.389459876121825754e+00
1.394991704050965842e+00
1.419371599448682408e+00
1.411152116941019052e+00
1.424448993516298279e+00
1.415990762070806985e+00
1.421526437414228239e+00
1.384433584523341976e+00
1.374191010552127556e+00
1.385004480085215484e+00
1.382542989635512809e+00
1.379914988506732110e+00
1.395340273921098051e+00
1.390775179371502634e+00
1.373166882444956771e+00
1.355644000200276977e+00
1.369186058623454105e+00
1.376806973032445036e+00
1.357450372565120800e+00
1.376094019992400774e+00
1.372557937410364914e+00
1.372417703447774251e+00
1.387175684947571819e+00
1.394795113308270329e+00
1.387511883769048326e+00
1.402412181094395693e+00
1.400384308970504810e+00
1.384231288727592712e+00
1.395102157138877974e+00
1.359823419756107432e+00
1.363484857847984122e+00
1.386239343231010723e+00
1.408614604999065767e+00
1.367091994912271957e+00
1.378269066754332473e+00
1.382961569010750180e+00
1.380804942733296681e+00
1.390466779123927576e+00
1.409837198853209683e+00
1.393991471973360374e+00
1.419826364345184277e+00
1.395704382591062886e+00
1.410879305763566016e+00
1.404633944789660527e+00
1.405160090917294324e+00
1.396757224201895298e+00
1.395232391617868828e+00
1.356051182534725008e+00
1.342302777436661820e+00
1.372703562901059771e+00
1.391364067064426502e+00
1.451558743888429870e+00
1.410650623549345228e+00
1.435403112376889556e+00
1.404175481018146154e+00
1.406020279711103216e+00
1.398544473681497369e+00
1.386334906624042240e+00
1.401024610486260924e+00
1.422660226269988559e+00
1.435022812526176805e+00
1.408030860120946137e+00
1.392311507350962652e+00
1.402246833843483476e+00
1.387915668361485499e+00
1.398185571804630101e+00
1.380666002771995471e+00
1.383501400779051149e+00
1.371547166376254179e+00
1.371301948684266137e+00
1.382437271019010705e+00
1.377812634444190554e+00
1.376461990247746625e+00
1.402082646301494595e+00
1.403341038094807924e+00
1.432775035951903364e+00
1.375189202347307571e+00
1.386222814239759460e+00
1.396142229848365002e+00
1.396856876438960837e+00
1.388137398052564864e+00
1.358427245032310493e+00
1.363483332269197268e+00
1.407856921003397099e+00
1.379797520962725565e+00
1.398091196691948257e+00
1.402402828409903934e+00
1.368380389596091762e+00
1.452141090927373090e+00
1.397233307226355636e+00
1.421742688322549686e+00
1.359040477450801587e+00
1.388875649638908083e+00
1.389851587666336874e+00
1.383493205226814959e+00
1.379984986465101038e+00
1.397856419137705419e+00
1.394277254240664288e+00
1.374347193825906865e+00
1.408902700589502954e+00
1.394251141864891741e+00
1.415279803484349674e+00
1.401691755883568202e+00
1.394650909452782139e+00
1.416755404248873251e+00
1.383492984939864723e+00
1.365638804752472346e+00
1.394049985983742301e+00
1.387304162749360525e+00
1.382755632688988934e+00
1.425633769841463172e+00
1.382108506306147788e+00
1.410570676774631549e+00
1.404720116739697433e+00
1.393631497633643690e+00
1.431316513275905367e+00
1.398447700128313320e+00
1.421041513403949796e+00
1.434973032981421648e+00
1.412828338615172985e+00
1.412285871914134239e+00
1.393063992003647833e+00
1.385871338492835392e+00
1.398603310488801599e+00
1.413220675472395493e+00
1.420192878180047025e+00
1.373986547430763761e+00
1.403587021263005941e+00
1.385542741142080869e+00
1.365372832750300303e+00
1.409386394505063755e+00
1.394938255390608672e+00
1.375681649332655576e+00
1.389733901904413926e+00
1.396331468956138577e+00
1.426004349352780975e+00
1.416879472581802801e+00
1.431549197179600164e+00
1.378876939471250340e+00
1.434749329971480414e+00
1.394411881641192785e+00
1.405408155319243901e+00
1.414516889910795605e+00
1.393586548632534727e+00
1.430587445051190398e+00
1.411524389429522408e+00
1.397531749869989515e+00
1.423650821079505358e+00
1.406167980422933228e+00
1.412518897306682453e+00
1.403941572367572110e+00
1.369733023999965882e+00
1.428587857651042681e+00
1.414113725690654633e+00
1.401498134882662505e+00
1.420572445605655876e+00
1.409942874390210266e+00
1.475395319506782155e+00
1.404857697344372269e+00
1.374612488043518654e+00
1.389733828075249811e+00
1.406681841206344652e+00
1.397986106049785349e+00
1.350835951403837276e+00
1.475267288613307803e+00
1.415234577265709337e+00
1.454569134014412013e+00
1.467203762722629312e+00
1.457332664244709530e+00
1.429610899690020087e+00
1.463457735646165103e+00
1.460258639696015104e+00
1.448706710109879170e+00
1.481617517972788844e+00
1.420540789647363633e+00
1.465945829497771857e+00
1.469496410296303734e+00
1.450448509881551384e+00
1.415865066920674931e+00
1.419792372697026961e+00
1.459273326804642057e+00
1.485256104432262303e+00
1.408394800585919926e+00
1.434074839089655606e+00
1.437651430672747033e+00
1.457808841317032922e+00
1.418202107221499420e+00
1.383534473226362804e+00
1.392480549261934764e+00
1.366288254354945497e+00
1.299900450832839782e+00
1.392789983977437362e+00
1.359145098229766147e+00
1.337464809962196632e+00
1.380042695035857747e+00
1.385308236918503244e+00
1.347030698086656431e+00
1.385687278648161769e+00
1.415120575033172567e+00
1.420683229737263797e+00
1.424020062700291023e+00
1.384577589011422916e+00
1.359489193264284079e+00
1.460799165045305381e+00
1.424465661770208058e+00
1.385535189774581344e+00
1.420589094025593191e+00
1.402411118556075031e+00
1.416165391580322064e+00
1.392880484850850920e+00
1.416458327912131443e+00
1.419114595119184807e+00
1.415967092289087015e+00
1.423057224949286992e+00
1.428576629884231730e+00
1.409676145079515219e+00
1.424650140425093969e+00
1.407958171493398636e+00
1.404316218656412651e+00
1.434382774253591064e+00
1.390840033537200870e+00
1.416865881625120505e+00
1.419007799879568488e+00
1.370426219526066802e+00
1.402773989418121037e+00
1.403849465480079939e+00
1.387650684728353845e+00
1.398100602800669501e+00
1.384895941980573753e+00
1.391252141980457324e+00
1.429427321231602432e+00
1.416766659332629130e+00
1.412177684095512697e+00
1.434557381097480322e+00
1.397391245721277597e+00
1.451270173576689970e+00
1.413915647123118235e+00
1.467359254500159027e+00
1.410112704128982264e+00
1.408432362634943091e+00
1.397358076258480741e+00
1.410356808430202946e+00
1.481573191371126308e+00
1.410052565556224380e+00
1.415463967860743022e+00
1.410210458334868466e+00
1.417199788526849025e+00
1.412422035876379489e+00
1.429466252238796642e+00
1.450416129918678632e+00
1.394010151485078230e+00
1.402181719121556869e+00
1.424140054192981841e+00
1.420081163321021966e+00
1.388211831478999514e+00
1.398599540506635153e+00
1.352240075273384301e+00
1.416688611335146009e+00
1.370658597586998262e+00
1.393198256262493606e+00
1.432871171516792552e+00
1.407517976673978488e+00
1.410762112362477616e+00
1.389956560636373739e+00
1.417409227271289485e+00
1.405487680066906497e+00
1.385746810799810547e+00
1.387517176849604850e+00
1.379423452238409231e+00
1.392291048049928648e+00
1.381217264172889037e+00
1.396612045537266145e+00
1.382738954554228572e+00
1.348125733356587475e+00
1.362786583653982309e+00
1.381109591667692538e+00
1.403064767329446960e+00
1.348563021393026418e+00
1.368633860879953978e+00
1.368506837132692278e+00
1.411411083281853163e+00
1.367329765416880560e+00
1.358198507481958472e+00
1.348412277725159480e+00
1.380310024781733036e+00
1.353697463008501023e+00
1.351364347658977838e+00
1.388074447159140412e+00
1.378567447111306965e+00
1.381617565022060568e+00
1.359481527052269101e+00
1.361239998994619116e+00
1.374507330404890038e+00
1.395598557677935059e+00
1.381150989695597353e+00
1.358592257057718244e+00
1.373199214344416497e+00
1.383745033549320436e+00
1.372749728233830346e+00
1.414460213086258911e+00
1.388270140361425042e+00
1.403763149257073461e+00
1.373010542686191604e+00
1.409299666765162939e+00
1.385272506209243248e+00
1.373723299468336156e+00
1.361717965051207013e+00
1.394444880747726323e+00
1.391783792579058154e+00
1.378698888001866907e+00
1.355889515462024963e+00
1.367187634473828517e+00
1.367857986005698967e+00
1.370384786623401796e+00
1.366630485862597277e+00
1.412671042847059910e+00
1.370476204161165557e+00
1.412363086462618211e+00
1.359744671759790080e+00
1.372198532344359290e+00
1.367025508647879750e+00
1.358774135679144290e+00
1.363751751643533572e+00
1.388442142282110714e+00
1.373701408776392130e+00
1.357135771930715995e+00
1.345792891418748027e+00
1.362483426491533978e+00
1.379392251045275630e+00
1.351335822273261877e+00
1.363475735616047402e+00
1.332406153653029834e+00
1.350314416058230993e+00
1.364539942085520208e+00
1.367131307740473201e+00
1.342974398102363409e+00
1.368719881429740548e+00
1.380585394351439232e+00
1.325886786397766581e+00
1.367653279202091232e+00
1.389454423797269467e+00
1.365924336837335051e+00
1.352038942906051089e+00
1.370034828455310105e+00
1.375873229205572423e+00
1.384530589723623528e+00
1.385121494945482201e+00
1.387851850617701333e+00
1.410495811161034840e+00
1.381552596639447517e+00
1.395347322233399634e+00
1.370797413344488458e+00
1.374484310488122141e+00
1.412455238175728711e+00
1.376404781594100957e+00
1.378478796406457763e+00
1.439399856108668718e+00
1.395790943283009344e+00
1.409430081607623064e+00
1.400450802060724920e+00
1.372920760783427729e+00
1.386216241907098912e+00
1.393335304901426097e+00
1.374044431826173973e+00
1.371891708225464690e+00
1.391269558155443731e+00
1.360632259512269515e+00
1.375472673950138169e+00
1.367984209126663409e+00
1.383691692857637268e+00
1.392634950494231250e+00
1.394967865383140992e+00
1.400438417642052125e+00
1.405740610397191670e+00
1.444477773381517505e+00
1.425262810954617265e+00
1.448897698561247616e+00
1.465663881090301990e+00
1.387838771821627626e+00
1.418312925028370808e+00
1.393104216028332232e+00
1.428448623226137970e+00
1.392511868236808059e+00
1.377016445956354307e+00
1.408936612164426450e+00
1.415378740398373525e+00
1.404279432379165193e+00
1.378270382178707898e+00
1.380835047265766447e+00
1.410357975585493584e+00
1.397579145876635121e+00
1.383287583373409735e+00
1.378361256923067657e+00
1.383813187736965933e+00
1.360831316777874944e+00
1.361069225799143689e+00
1.398135247202374698e+00
1.361227750985026574e+00
1.404301334913469645e+00
1.421231319716265151e+00
1.416290516713069714e+00
1.406685129417688973e+00
1.403089713467483790e+00
1.386088587847026821e+00
1.390679110909392557e+00
1.368282313656925986e+00
1.382972101280764754e+00
1.407592430837338648e+00
1.368456718431315222e+00
1.375174777299533080e+00
1.381575615716821970e+00
1.400560949151502976e+00
1.397381670584018964e+00
1.380809332913206289e+00
1.439531450063237905e+00
1.408225211559565260e+00
1.396475301829740223e+00
1.393847020022662031e+00
1.425668431292843374e+00
1.386036084118187572e+00
1.383425308044769375e+00
1.380477699320042495e+00
1.359153226037001838e+00
1.399531733893982777e+00
1.405528685963784552e+00
1.401535978690316764e+00
1.423618898478172135e+00
1.404936837308176534e+00
1.389998507577287379e+00
1.401366170896008123e+00
1.392156789237749326e+00
1.389428526115211060e+00
1.390631103770115562e+00
1.407236350661247526e+00
1.401598966501374610e+00
1.390478400879202159e+00
1.387612042742413898e+00
1.400786930971164246e+00
1.409152197865011225e+00
1.429219388885773823e+00
1.408045037831931801e+00
1.375760732790161534e+00
1.382975319433088934e+00
1.400880301420348140e+00
1.391799809365615204e+00
1.438739250215031129e+00
1.411251010329293010e+00
1.368711706008905793e+00
1.414842451011336655e+00
1.400886138723108409e+00
1.427156851825433392e+00
1.398258464382547972e+00
1.388347438418393143e+00
1.386527151652798384e+00
1.385754581395953533e+00
1.376154703201255547e+00
1.376468765764524038e+00
1.368112169729281735e+00
1.341423748394791060e+00
1.368437593333329705e+00
1.354517970133239713e+00
1.382180881177552223e+00
1.404176483257358887e+00
1.383256641928841235e+00
1.389719093028287666e+00
1.391083768427509915e+00
1.379219371976955211e+00
1.384151396553461311e+00
1.367090041334715567e+00
1.363973373893219598e+00
1.412260397757980401e+00
1.412573596577123558e+00
1.404016910642599036e+00
1.351206030899975818e+00
1.413949780364411657e+00
1.382473132353193801e+00
1.389914123306407179e+00
1.392100323428580033e+00
1.367596999615709130e+00
1.397800984230586963e+00
1.362902802756687404e+00
1.377285859081578190e+00
1.381445330500025159e+00
1.403212634540738080e+00
1.397198383523446052e+00
1.381094034595671260e+00
1.379517038195605450e+00
1.385909948572678241e+00
1.394839241148434050e+00
1.374705786860591639e+00
1.358327522396289400e+00
1.361285392620422474e+00
1.378047308246104441e+00
1.372374305702724229e+00
1.408865194876784299e+00
1.379305240309128155e+00
1.383037839046880269e+00
1.381406649047354662e+00
1.402339046161632741e+00
1.361997506053264306e+00
1.355044325577623665e+00
1.391223686215771638e+00
1.426864811240774022e+00
1.366317820922154258e+00
1.398710661861053861e+00
1.400413140540006873e+00
1.409800043578006701e+00
1.423372527956738187e+00
1.407689515414245696e+00
1.412656728843606713e+00
1.403054279122402992e+00
1.420192646276919213e+00
1.379477708941155401e+00
1.360015922925418286e+00
1.368364015860247918e+00
1.356242274442299056e+00
1.391161140215816161e+00
1.362336541939173085e+00
1.372081179229486469e+00
1.382271537987940446e+00
1.322328193459239465e+00
1.352504263447803945e+00
1.380969163310252767e+00
1.370081204727905178e+00
1.353778288825988385e+00
1.401614388145050460e+00
1.345318931179447119e+00
1.381513692289494166e+00
1.351805511489585720e+00
1.369153182398341162e+00
1.378983104046378916e+00
1.395312817535922623e+00
1.386205179280643796e+00
1.402245237022724078e+00
1.406112430526675228e+00
1.384114251413825603e+00
1.391204396687036660e+00
1.423152614649900727e+00
1.370468727798906716e+00
1.436110957187952897e+00
1.406316268057957730e+00
1.366079106291000933e+00
1.410698414495869635e+00
1.426793829309983108e+00
1.373464535157673527e+00
1.373812700699913680e+00
1.369767090903946771e+00
1.389093231898364866e+00
1.396310613878027018e+00
1.451355284955991198e+00
1.421263400087397155e+00
1.398216561554153081e+00
1.401829864282945648e+00
1.443913671187065040e+00
1.403146286539424414e+00
1.372616986977165165e+00
1.349074483179083295e+00
1.394921675822238027e+00
1.380333464160289125e+00
1.399098022545287590e+00
1.379121581469824331e+00
1.381780836324046247e+00
1.380319494850992479e+00
1.425607186102500812e+00
1.400835724647420344e+00
1.371066604588311977e+00
1.413538370404238576e+00
1.396453054229595425e+00
1.366839585986019179e+00
1.416628609567159192e+00
1.412607991030743415e+00
1.424142986410713130e+00
1.388501851708475066e+00
1.406687013161170619e+00
1.385772654233462742e+00
1.405331728643023137e+00
1.401964208060521244e+00
1.403949128665869184e+00
1.396143740541723632e+00
1.397577950592032270e+00
1.403123419898468782e+00
1.390650844311182466e+00
1.425638338007362282e+00
1.391530123140713560e+00
1.374191862537156750e+00
1.420763195328341499e+00
1.416257037407748332e+00
1.417823715113261773e+00
1.400604777571187176e+00
1.376850990628224247e+00
1.369524622816755688e+00
1.395124413155892418e+00
1.384561950360089888e+00
1.370787015008808396e+00
1.397051121004455387e+00
1.409513973376385287e+00
1.400403863226564738e+00
1.385703204788679699e+00
1.384526477320880300e+00
1.381504862271584200e+00
1.377817392997350510e+00
1.390859988799588276e+00
1.370381281992865796e+00
1.409795609508141645e+00
1.387355064794496995e+00
1.368114074330114782e+00
1.408815490884118615e+00
1.345955465294344400e+00
1.366116141851121402e+00
1.384825551711487579e+00
1.366267849997089279e+00
1.407120350468339387e+00
1.392646226038571688e+00
1.370655667437562064e+00
1.366088788911790530e+00
1.392842028584151848e+00
1.371709705341991770e+00
1.393019190758206571e+00
1.398929337841432030e+00
1.380411660116072525e+00
1.443308600841855638e+00
1.371669548847255005e+00
1.425677180627562102e+00
1.374748936357711893e+00
1.395119893893803420e+00
1.412550232067895095e+00
1.431972403133638050e+00
1.407324514234926882e+00
1.353139253867659209e+00
1.374324463593551426e+00
1.387547466512042416e+00
1.354483116828648859e+00
1.417006820064174777e+00
1.406412095553952302e+00
1.394138269598318436e+00
1.429928271077424595e+00
1.392115757013947519e+00
1.363713216696886388e+00
1.344341007383931252e+00
1.363302948487038257e+00
1.369147825470292901e+00
1.361206123607521246e+00
1.370960856060022826e+00
1.395523221597636754e+00
1.407750944304478447e+00
1.350048441939991184e+00
1.328492361981849612e+00
1.375294073706348597e+00
1.353133181468216373e+00
1.366052031402831712e+00
1.366265294078493842e+00
1.360679357845855142e+00
1.381224352872793437e+00
1.374102705132103752e+00
1.390271708398252315e+00
1.361810718839067347e+00
1.367683190302682483e+00
1.389999294573323718e+00
1.405309739213503439e+00
1.410366168636511652e+00
1.369566692565419297e+00
1.386609633711497036e+00
1.391453835215577861e+00
1.367579932200720272e+00
1.374460172522889767e+00
1.355193516565653011e+00
1.379479810314968358e+00
1.422583904194646864e+00
1.400859147454891707e+00
1.368734574799882475e+00
1.380966658309570327e+00
1.370662901980280735e+00
1.404999959385010211e+00
1.397262576960929037e+00
1.390339956976903935e+00
1.348074630327084966e+00
1.357962173743866074e+00
1.369992889280274628e+00
1.349337589389002501e+00
1.364662607254639948e+00
1.331804558266407978e+00
1.342757002765341490e+00
1.364241269616006669e+00
1.381882989631306957e+00
1.363473244923594008e+00
1.392731450652996417e+00
1.378779688988379215e+00
1.355816606776937716e+00
1.369827141388646696e+00
1.364401001029865279e+00
1.369990588142287136e+00
1.394864483897872320e+00
1.402810465850666599e+00
1.413430231607744503e+00
1.393400135289935449e+00
1.387427402943973487e+00
1.378780707518748594e+00
1.388746474052080071e+00
1.392895565253090329e+00
1.392072379190076425e+00
1.375674623113114947e+00
1.380387762711567934e+00
1.438148611867272386e+00
1.371672292533889781e+00
1.392902336150417808e+00
1.418914285921847984e+00
1.447006649859694294e+00
1.381528539710429992e+00
1.408592407284805947e+00
1.411112051500196474e+00
1.427013393521652906e+00
1.396450133379626202e+00
1.388433232640425841e+00
1.392923854327883015e+00
1.418581649367486097e+00
1.403736698437695996e+00
1.402650101576039976e+00
1.412189041686666480e+00
1.391168131290639876e+00
1.401611210280609088e+00
1.379302884294951737e+00
1.389865828865295638e+00
1.401591994474653768e+00
1.387971272477668494e+00
1.383894535104389423e+00
1.402761579671349290e+00
1.407712924556761447e+00
1.374738035679702763e+00
1.431461196543883707e+00
1.406075787685346246e+00
1.391567114914313619e+00
1.401659401595847898e+00
1.417257543478793957e+00
1.381390412392766720e+00
1.431647202172992905e+00
1.427806539279692810e+00
1.399959903366275737e+00
1.404682404809904472e+00
1.418948475948154764e+00
1.416224302169727611e+00
1.409154915002434061e+00
1.399429831373751432e+00
1.419768938989203644e+00
1.414007362731627415e+00
1.415837584349856515e+00
1.419354097843857021e+00
1.377283279380487890e+00
1.400048410829024759e+00
1.401039291849661472e+00
1.410165108081428142e+00
1.409883452517836311e+00
1.419920957556771057e+00
1.404505624656612106e+00
1.393275286653590017e+00
1.426208434490458865e+00
1.411001875990867127e+00
1.407198813790916603e+00
1.403644190246728263e+00
1.453016003705479120e+00
1.383033439665743103e+00
1.431022508186846842e+00
1.394679899461793049e+00
1.391587633157952419e+00
1.411933917230187241e+00
1.401537087864329623e+00
1.437074152402369132e+00
1.425073020361206755e+00
1.485114265708394443e+00
1.435870258091217710e+00
1.441035790760897939e+00
1.444655306372618409e+00
1.416592247506421431e+00
1.400264705479221883e+00
1.477883652089117650e+00
1.478807136099388853e+00
1.479916622825660166e+00
1.452340276095042126e+00
1.472805238407635553e+00
1.422768408542109730e+00
1.400922601351804797e+00
1.403593275704754895e+00
1.429949723471157785e+00
1.354648923105412406e+00
1.354261244849411794e+00
1.464634473510227908e+00
1.486333593256910390e+00
1.449921240428807323e+00
1.458698593193638482e+00
1.492570898426620163e+00
1.379308384165742751e+00
1.426569403786190904e+00
1.407827996646043189e+00
1.403524066185797059e+00
1.406433793863896886e+00
1.394395622165318427e+00
1.398136523370639095e+00
1.422713378322293165e+00
1.394360294143117018e+00
1.403300704661287757e+00
1.424409610400244830e+00
1.421492598093902826e+00
1.439013375385968185e+00
1.465762052938804683e+00
1.428406566178069381e+00
1.461205359449581076e+00
1.449051229620012871e+00
1.392762338512404829e+00
1.394034311700464546e+00
1.397501305478344724e+00
1.436040298211050281e+00
1.386744303393141475e+00
1.445671978605150620e+00
1.410993413427306109e+00
1.424083862232416342e+00
1.381035621354308018e+00
1.450341891062292721e+00
1.379218989041648191e+00
1.401613139213851555e+00
1.396084128810086034e+00
1.391028137605202497e+00
1.405574680308469215e+00
1.416456843255881060e+00
1.402628967830596096e+00
1.410704204254638272e+00
1.389396208119643150e+00
1.395931829141991320e+00
1.414019854953887156e+00
1.362545223473867528e+00
1.427519874131891964e+00
1.405867614306336666e+00
1.373692485055985513e+00
1.435588195065762296e+00
1.419015567409543710e+00
1.407647471199375611e+00
1.407037257323182411e+00
1.412461085257745053e+00
1.423940076756528672e+00
1.407704750950662831e+00
1.443853146138873944e+00
1.379065231201125563e+00
1.400226461401795186e+00
1.373975979963096838e+00
1.393739386247491163e+00
1.416807337491920560e+00
1.393947668349682978e+00
1.453235437333642244e+00
1.448067226835118237e+00
1.416214704594955798e+00
1.380961017814537284e+00
1.417103830601410319e+00
1.417314708164019832e+00
1.453057756840314241e+00
1.460677792412614195e+00
1.413862898300908721e+00
1.384720803457304861e+00
1.412681941899151639e+00
1.443824122083192218e+00
1.363808864752795280e+00
1.416920641411462345e+00
1.416958105681783708e+00
1.440506237597659167e+00
1.364389611121830548e+00
1.377481043784142267e+00
1.391551085947697386e+00
1.382586647956724590e+00
1.433652760426153749e+00
1.417191153570363849e+00
1.411770025400664208e+00
1.401309722532403823e+00
1.388530527193307273e+00
1.378988890216178209e+00
1.397779913804628293e+00
1.402008783720359419e+00
1.401969052340606758e+00
1.419365756658510724e+00
1.418784618055930924e+00
1.408599120088097845e+00
1.408226447696490524e+00
1.408793643429085307e+00
1.395022459495859346e+00
1.398210781778425504e+00
1.406683130676673388e+00
1.391467362463594037e+00
1.389189101379149083e+00
1.396919807126884683e+00
1.428716579346533955e+00
1.419904826747525828e+00
1.447485630990437144e+00
1.414461382234305731e+00
1.428439247769844211e+00
1.421237056672696841e+00
1.400403424975449118e+00
1.399650464903287705e+00
1.401249497696588353e+00
1.404587869284829482e+00
1.393633632294498215e+00
1.376337788982841870e+00
1.387979110553249518e+00
1.391001367747307427e+00
1.407697513106490383e+00
1.353222181854214945e+00
1.364596004432039100e+00
1.371464417261437418e+00
1.385144806236694226e+00
1.402832737102435612e+00
1.393259683793405701e+00
1.381567907616861657e+00
1.387308484405736397e+00
1.386202976479981697e+00
1.395824141716365929e+00
1.385243117705438731e+00
1.413974485722376384e+00
1.411987039293642221e+00
1.393318097826899749e+00
1.391920705536654923e+00
1.397138525141836896e+00
1.403722493938959648e+00
1.413601068381228121e+00
1.418735474102477578e+00
1.391085162125236030e+00
1.419832241233365488e+00
1.394461339747663065e+00
1.362714680514795385e+00
1.391943261923661135e+00
1.384787972160303804e+00
1.383587988733616658e+00
1.419618554105071651e+00
1.398290572258378051e+00
1.371668724022685915e+00
1.385624777738799329e+00
1.416460304710251528e+00
1.429574434477295597e+00
1.454722693588861970e+00
1.418274671394416320e+00
1.426857905709711494e+00
1.404115915814864168e+00
1.394026133357371577e+00
1.386644302531001349e+00
1.385161734838828096e+00
1.388370214702069561e+00
1.424314597469327648e+00
1.401385754845426490e+00
1.396730963168819395e+00
1.361287409953860772e+00
1.423470115326297636e+00
1.339665964978855373e+00
1.405496385134195281e+00
1.396165202147347850e+00
1.403889881628126890e+00
1.387585208719231300e+00
1.410979277594832659e+00
1.390166091214215527e+00
1.473769738634687743e+00
1.404086846792413468e+00
1.371342757809156820e+00
1.439881935906765387e+00
1.415543777679336923e+00
1.391573044899695022e+00
1.431656399726763951e+00
1.425391119504851867e+00
1.383696796735168544e+00
1.405363680611896315e+00
1.353796396842813277e+00
1.385051399839594133e+00
1.380694625148447319e+00
1.434020920227203622e+00
1.420209293478082557e+00
1.417073549845239144e+00
1.432122633912092491e+00
1.357744971401342093e+00
1.418364460634399915e+00
1.397853806325911830e+00
1.430763149144601121e+00
1.458004982467842270e+00
1.411662961076821210e+00
1.407672822301629489e+00
1.364875573363499184e+00
1.335079870247122269e+00
1.321718368278822275e+00
1.395512564479983508e+00
1.353493222432547327e+00
1.336746869412541505e+00
1.368956549171500781e+00
1.378466713443476266e+00
1.354664594785471188e+00
1.330488651624600394e+00
1.347807842012928914e+00
1.319000046919922120e+00
1.391900674106709701e+00
1.335842014944448319e+00
1.338872427216924788e+00
1.309847707140886275e+00
1.328807008829617997e+00
1.296178421103344691e+00
1.346908523009872516e+00
1.340467809314108694e+00
1.304938478403809832e+00
1.330460501188885036e+00
1.331021629231154080e+00
1.329096849417400916e+00
1.321837345257689700e+00
1.349336951831785925e+00
1.362886855799350982e+00
1.333573988647188457e+00
1.324160920151912446e+00
1.311678229790927297e+00
1.338909625623517563e+00
1.354681507552636832e+00
1.343206804704836443e+00
1.352303124920241517e+00
1.313918968988868619e+00
1.312678485306055798e+00
1.339978938742002690e+00
1.323293195845356429e+00
1.330072787994996064e+00
1.313495569936965923e+00
1.326335355628797119e+00
1.334313877327849562e+00
1.343335606158457374e+00
1.340273928918803925e+00
1.342749947355879270e+00
1.347339565509122705e+00
1.321405979269659525e+00
1.304957567944831087e+00
1.316505718455033280e+00
1.342737788588033165e+00
1.294269481138641043e+00
1.305533745629390285e+00
1.314731287094181855e+00
1.306107267179645870e+00
1.341746343093681348e+00
1.312037959090580186e+00
1.312626144790170146e+00
1.305838442159718449e+00
1.341171473686577853e+00
1.335645364944391345e+00
1.353317571140522313e+00
1.312737944319050110e+00
1.300388441686426866e+00
1.345179362667847434e+00
1.348422975726377482e+00
1.371509704584870981e+00
1.351824678892393550e+00
1.329853566837297274e+00
1.391760489454410665e+00
1.392698667471813145e+00
1.379362764911590045e+00
1.331622750919538856e+00
1.287046089125628345e+00
1.326691146795761389e+00
1.331451243574286680e+00
1.271704942444545683e+00
1.263056596163163237e+00
1.294788161794355075e+00
1.288222192164511615e+00
1.340271446079918771e+00
1.297760633125499385e+00
1.300127538290923201e+00
1.283673217524247345e+00
1.286930225852181531e+00
1.268984979164430760e+00
1.277402817127379908e+00
1.277433017566185658e+00
1.288214470282827984e+00
1.304518801665095484e+00
1.312301796672306509e+00
1.296936083561883724e+00
1.277021993974171599e+00
1.281070451595284432e+00
1.294066055750816790e+00
1.296667379340915582e+00
1.283239951465900308e+00
1.298061715782475201e+00
1.275116754092546101e+00
1.282639289588144216e+00
1.273172232083085831e+00
1.276830488767092930e+00
1.279929755755609744e+00
1.260608330011950162e+00
1.299517241704218229e+00
1.285092652691977255e+00
1.292975697791513889e+00
1.286954058964497882e+00
1.247897196269225129e+00
1.345040735398053577e+00
1.311482190129654724e+00
1.330553354962581425e+00
1.305306832153698693e+00
1.288372330529061527e+00
1.259765278141137701e+00
1.257295842465380176e+00
1.256053986689820379e+00
1.258603919670148175e+00
1.290423189507416524e+00
1.270309071261699341e+00
1.275301614704608788e+00
1.269379425972161579e+00
1.282632722122113655e+00
1.272783268756350505e+00
1.257633467129985583e+00
1.258891985801267044e+00
1.270787255680826844e+00
1.279126754562575075e+00
1.287145953308948876e+00
1.278418712050622297e+00
1.269435307813016278e+00
1.271036480645175715e+00
1.273960549239345319e+00
1.285768344774669725e+00
1.272332634111141170e+00
1.268273052752532770e+00
1.271187420723473904e+00
1.278955279770906062e+00
1.278110557580172113e+00
1.280742324284304567e+00
1.268499101036114629e+00
1.251628851799842179e+00
1.275931772154713650e+00
1.293050090491874693e+00
1.274619403147334129e+00
1.267976036658964523e+00
1.261344372152237936e+00
1.257392000332409054e+00
1.262898515884449901e+00
1.272788698405069807e+00
1.291341111820415000e+00
1.241838834656270985e+00
1.257028241357999621e+00
1.265057109611317454e+00
1.289742334519811351e+00
1.283741709100265860e+00
1.258713605602351793e+00
1.270998498819474909e+00
1.279248442315948031e+00
1.261786067721933691e+00
1.278306237376217736e+00
1.273504064200194685e+00
1.268784839918260410e+00
1.277126701458926483e+00
1.270778708027843651e+00
1.267047387629014255e+00
1.273371480795977950e+00
1.285067462136310290e+00
1.273834110388646135e+00
1.260417564540373458e+00
1.298822069946769631e+00
1.267719016832746348e+00
1.266706003691302929e+00
1.270275085938048498e+00
1.284628534760158924e+00
1.275704954247105283e+00
1.266287112246618163e+00
1.291303606141313454e+00
1.272083564508595499e+00
1.280338634168148415e+00
1.279832741556706566e+00
1.273773650509878008e+00
1.296355194261366917e+00
1.278219937680055596e+00
1.283581112353891385e+00
1.285258347723690964e+00
1.266616624099707877e+00
1.245265367440357762e+00
1.251987835740975719e+00
1.249980368174602674e+00
1.268911822873560080e+00
1.285956641355977093e+00
1.277287875712044274e+00
1.260982364158203861e+00
1.283252521627004761e+00
1.282430752666461560e+00
1.271438491834245177e+00
1.300225022740058245e+00
1.294043355608700319e+00
1.292155240584590858e+00
1.287240975042609925e+00
1.285080419161883203e+00
1.250979552984875731e+00
1.285393040636552797e+00
1.256814637017161562e+00
1.257358622560827310e+00
1.283227554057024378e+00
1.282021157849629445e+00
1.256043022287548938e+00
1.245537312235769800e+00
1.264886810027340491e+00
1.244863684510217006e+00
1.239264663516294274e+00
1.246644257689201840e+00
1.264603506127429000e+00
1.243091497186515015e+00
1.254277066896565707e+00
1.239136441780384734e+00
1.261478051714051363e+00
1.254808500992100617e+00
1.254010795729709082e+00
1.234997312256319812e+00
1.245518775615696239e+00
1.250268662318755108e+00
1.268383796462178914e+00
1.264765956578953743e+00
1.248524153218301569e+00
1.242356059136969781e+00
1.263806366128249037e+00
1.257235256674718693e+00
1.277586653799346328e+00
1.269019149496289467e+00
1.263362609592649566e+00
1.238095443845485422e+00
1.266707493953571184e+00
1.281848584306020111e+00
1.272374693299514803e+00
1.266658125649431366e+00
1.277138965820751038e+00
1.282766639117246310e+00
1.283868726344401301e+00
1.288111258475834298e+00
1.265474890206349068e+00
1.287992235287255705e+00
1.287363256387144883e+00
1.287193062770081609e+00
1.288495323242754287e+00
1.270591295590680847e+00
1.283497454996002762e+00
1.272596401873758776e+00
1.271878434863126905e+00
1.278411019933398229e+00
1.286307973614888134e+00
1.299125442885246784e+00
1.284131974562857437e+00
1.289703193639653467e+00
1.294150549806114325e+00
1.265497963077771182e+00
1.266201557407177436e+00
1.285561265908598205e+00
1.264366463820699282e+00
1.281051419691792370e+00
1.275324066369123432e+00
1.285089093716340392e+00
1.264674063110777791e+00
1.288476137704822833e+00
1.269501598007735765e+00
1.291814078207170979e+00
1.278457581201100313e+00
1.284572579173213658e+00
1.273415595709820769e+00
1.288241621215708843e+00
1.264770929216039175e+00
1.264836789071780432e+00
1.272039521409360718e+00
1.264268037815830414e+00
1.271427646402363498e+00
1.287217734289325843e+00
1.268139978925194367e+00
1.285859554999376764e+00
1.277114355550977187e+00
1.271163964020352699e+00
1.276067598157441640e+00
1.262162745939693576e+00
1.286603221386352969e+00
1.287290092737569225e+00
1.274754477253027929e+00
1.276612261672760651e+00
1.298740999894370418e+00
1.281244852736475481e+00
1.265311362477700596e+00
1.254612361020388978e+00
1.285964412700383752e+00
1.286043769054673103e+00
1.264302408133545663e+00
1.292518481157964416e+00
1.285308584472726556e+00
1.288155018536406127e+00
1.276152623544305031e+00
1.262750593256224407e+00
1.248806168508151515e+00
1.273048559361763754e+00
1.296464799500793408e+00
1.279834559019682683e+00
1.284560972002512846e+00
1.290779623790183850e+00
1.290841233737667348e+00
1.285582130501128129e+00
1.269558371587913070e+00
1.282682687950519096e+00
1.274561540278785543e+00
1.269709154271337681e+00
1.266221648302960912e+00
1.280290577027746179e+00
1.281485118812049073e+00
1.276177734875441949e+00
1.273732163962632002e+00
1.274772440085583547e+00
1.315813261914873689e+00
1.298675006880607441e+00
1.286611409681909013e+00
1.296124264283144534e+00
1.320508091037533971e+00
1.350958745169704267e+00
1.312915775084030345e+00
1.291623440831922931e+00
1.367258068312845465e+00
1.412926389362946233e+00
1.392213191967007102e+00
1.315066442523521895e+00
1.293508434967302945e+00
1.322506550383763191e+00
1.297365152208961980e+00
1.258086422318454023e+00
1.235419222669218886e+00
1.257908408731852390e+00
1.246464388072868523e+00
1.281690510177481590e+00
1.300422716821457492e+00
1.298626675183128798e+00
1.341113702204926428e+00
1.310251218266155648e+00
1.326515199366037567e+00
1.271151043498824684e+00
1.300124751333862960e+00
1.272986062977842003e+00
1.328654005798439730e+00
1.325857474519519075e+00
1.247909534642090978e+00
1.273221316323045249e+00
1.247446475031601221e+00
1.274210277104945055e+00
1.313555225078252064e+00
1.282105364482815313e+00
1.278319681225094540e+00
1.280859063950298804e+00
1.258761301089758478e+00
1.270224515019558131e+00
1.268795597940607367e+00
1.260522343535842360e+00
1.260497522726435227e+00
1.283870553950667404e+00
1.287465075007496074e+00
1.313785031725406949e+00
1.319920127074404759e+00
1.307791797241639742e+00
1.278225613675379124e+00
1.290695682864516414e+00
1.291542654599574957e+00
1.325190853295225679e+00
1.413393444946084765e+00
1.347719316784174781e+00
1.323145551609023141e+00
1.303094124292136335e+00
1.300343670854997136e+00
1.291328877513330697e+00
1.310661056796237567e+00
1.286999438921923922e+00
1.393880285288861209e+00
1.392201228054577467e+00
1.305041731745787859e+00
1.362437123253751992e+00
1.338071278701162381e+00
1.330031632549717902e+00
1.350412617689009886e+00
1.391645389787652620e+00
1.469524393094873815e+00
1.444102018281840039e+00
1.507523576300023649e+00
1.476468263226512700e+00
1.449857452946179626e+00
1.369128138287931895e+00
1.318564247446660342e+00
1.312692345965192464e+00
1.355206954221481519e+00
1.308474590456733866e+00
1.362988986713220996e+00
1.327372116729901519e+00
1.338682318342289568e+00
1.349008546298117395e+00
1.319060346958162766e+00
1.308535615833789301e+00
1.331523920287240204e+00
1.318618798240038803e+00
1.405458514689659211e+00
1.347509771680584834e+00
1.383956794515361022e+00
1.352096909352039855e+00
1.377274726590694609e+00
1.343340313030199962e+00
1.362142726035186824e+00
1.315474558139888117e+00
1.319530429257221193e+00
1.372017739912896106e+00
1.340618493279042367e+00
1.323198729174612343e+00
1.346837413301155140e+00
1.364503280052483225e+00
1.358635581111373947e+00
1.377780407055184897e+00
1.314637841308906152e+00
1.359577552891614305e+00
1.305746767767145489e+00
1.343659344973805014e+00
1.306843842476419715e+00
1.354618932040430490e+00
1.351841038960638341e+00
1.330663931319131521e+00
1.333501906566260553e+00
1.365015262056028522e+00
1.333399611889227065e+00
1.322296214959632676e+00
1.305945611108951576e+00
1.321141659391719125e+00
1.345774770821969613e+00
1.339022840485307064e+00
1.343335041838940480e+00
1.368451420257957407e+00
1.340245341973699489e+00
1.321061117902707194e+00
1.315780875051287602e+00
1.346120701603355174e+00
1.288599767067692747e+00
1.380763720643719328e+00
1.301685679015082364e+00
1.294483552448454144e+00
1.325051841637517214e+00
1.311144039939243777e+00
1.282929213144663905e+00
1.297568045987860241e+00
1.328216403693522674e+00
1.340854934061164849e+00
1.316413331571755663e+00
1.320970202132996985e+00
1.361998529390481050e+00
1.335173515908820052e+00
1.352685414664577257e+00
1.347425625860147580e+00
1.347430892185738971e+00
1.328668212418524064e+00
1.322105745020035750e+00
1.317894156393010663e+00
1.310360065310642419e+00
1.301891685637829532e+00
1.288718386774210245e+00
1.298788345375711639e+00
1.300597171418604869e+00
1.302085959570658424e+00
1.303729575916837247e+00
1.296999781949448982e+00
1.309805691915344239e+00
1.290327455233317044e+00
1.314979971828309058e+00
1.307079989333987724e+00
1.305728573884018306e+00
1.323504612174094319e+00
1.313649860599952257e+00
1.281458033666215357e+00
1.281746496613012987e+00
1.293439130349041566e+00
1.303328776843900805e+00
1.306981877665348568e+00
1.292318416497868716e+00
1.289472575458696646e+00
1.306968845065805240e+00
1.323955257833217658e+00
1.314914439679145897e+00
1.292333273626362633e+00
1.308322592278086560e+00
1.332755491749409105e+00
1.349479589510028887e+00
1.335147900974525292e+00
1.311519249339533344e+00
1.313760744060551655e+00
1.319333078492237687e+00
1.279565689936200235e+00
1.270831161425016287e+00
1.291367526044352898e+00
1.295106850010865784e+00
1.266926460112635100e+00
1.305707257594991511e+00
1.309559604572030356e+00
1.289689706208462683e+00
1.260747401573306448e+00
1.275054378421179191e+00
1.283446572565656307e+00
1.294559953794445883e+00
1.305157932293255163e+00
1.280955796025880611e+00
1.291813439960415755e+00
1.289167151393482813e+00
1.266765592643215310e+00
1.261628813223143464e+00
1.277317614447563310e+00
1.291079764552874654e+00
1.293889683306451266e+00
1.289173710560591823e+00
1.283904612666578071e+00
1.280073847264689091e+00
1.253968475924827075e+00
1.302812893034167363e+00
1.287269692406874722e+00
1.318167414572225749e+00
1.317866712620766823e+00
1.278733830522395865e+00
1.284294670561773044e+00
1.296691849090578552e+00
1.285138697602123292e+00
1.274296755417468008e+00
1.253829310630405036e+00
1.246998436242675368e+00
1.283536418642858390e+00
1.267110748934319187e+00
1.255483181111534341e+00
1.300771768160501329e+00
1.286922859995886403e+00
1.273600415437476707e+00
1.272849553432380709e+00
1.289777851288480548e+00
1.290565359328741613e+00
1.301018673875511844e+00
1.282214844721752733e+00
1.270919658882432968e+00
1.260766509211829645e+00
1.280165199183529889e+00
1.273263086317676152e+00
1.277217761795198969e+00
1.256381058457327615e+00
1.253505797080153084e+00
1.243640753945486788e+00
1.256883586518554363e+00
1.267919002325172073e+00
1.264061744274435073e+00
1.265197881159670912e+00
1.269111913526485447e+00
1.261319670017533312e+00
1.250455986639084749e+00
1.255201966306137562e+00
1.251793619530914725e+00
1.248025145649803269e+00
1.253411241057443837e+00
1.257843560399370508e+00
1.265430294550607293e+00
1.273138132953335777e+00
1.259943129779551141e+00
1.265577645892622227e+00
1.277460333408444226e+00
1.280066133695709318e+00
1.283825168878452994e+00
1.249003291346976185e+00
1.257966281386815321e+00
1.263230360906177241e+00
1.249389021610903372e+00
1.259632496401467794e+00
1.279517707019973471e+00
1.267316593729812757e+00
1.259689388723508774e+00
1.286410429444508896e+00
1.265650876712145489e+00
1.268062884766479215e+00
1.282540655754527137e+00
1.292115784797044586e+00
1.281233711468386272e+00
1.283932958441293071e+00
1.266737612880860286e+00
1.270325017076058494e+00
1.278992337648774180e+00
1.293192036517453403e+00
1.287383549309800035e+00
1.278545312183907434e+00
1.292869291265944520e+00
1.295005230255560580e+00
1.276367208300638101e+00
1.277445480615916118e+00
1.293702739206455288e+00
1.274360672458856758e+00
1.291089092673521233e+00
1.279099404778428095e+00
1.282400812838544901e+00
1.289149646483409350e+00
1.282588557447015942e+00
1.279382854263331426e+00
1.281505051575517307e+00
1.294670972333213932e+00
1.310362700804246883e+00
1.283981393489032952e+00
1.287743211036942226e+00
1.311062397830032866e+00
1.290471931029732788e+00
1.301533788353997689e+00
1.299895871232625177e+00
1.297323876032185241e+00
1.300594888777450553e+00
1.304962206778450318e+00
1.302855190188938472e+00
1.264861933036703245e+00
1.297128524052812759e+00
1.293902764716945653e+00
1.282889240646282403e+00
1.303966248096137592e+00
1.270399120922328651e+00
1.291826377819351501e+00
1.280600540029882772e+00
1.279402301776515039e+00
1.291111218375048386e+00
1.300874474848211504e+00
1.282969739362278094e+00
1.279927964725216416e+00
1.280741523368417401e+00
1.280524654197551015e+00
1.285930652618783476e+00
1.286589691588795992e+00
1.285595782729725522e+00
1.293597663162439737e+00
1.292566680200750273e+00
1.278508650406448233e+00
1.280989733789384077e+00
1.286122470874390578e+00
1.283820250059290347e+00
1.290123222939238090e+00
1.289877062706207500e+00
1.285417832913073877e+00
1.288609589534888800e+00
1.269385061309279861e+00
1.277065927114010346e+00
1.297475759541818485e+00
1.309889079282238189e+00
1.300417267307834024e+00
1.286393894311813169e+00
1.294646422583335843e+00
1.296246534801955619e+00
1.291549131340539835e+00
1.292299567175665853e+00
1.286041860756589550e+00
1.288850333312480556e+00
1.283516269985490732e+00
1.279516340140862241e+00
1.281093678992693663e+00
1.273162179245490577e+00
1.284350744105132058e+00
1.299620309592659284e+00
1.282086805765540571e+00
1.298986880307446246e+00
1.276103174733397294e+00
1.290513734747324781e+00
1.309085414214018916e+00
1.279129294720903198e+00
1.266908538442834242e+00
1.275326300603101926e+00
1.257238369325187177e+00
1.273049414905398802e+00
1.265654681707896412e+00
1.263644558725308675e+00
1.254176912566286051e+00
1.288604727253192417e+00
1.286264349534544937e+00
1.261809823005374476e+00
1.292541018955043475e+00
1.302251810112385222e+00
1.297273219949732104e+00
1.286177671728546246e+00
1.295783399697322924e+00
1.284859624076268414e+00
1.298391637362144690e+00
1.303166920245380833e+00
1.306295258382403457e+00
1.291412564791828199e+00
1.305100905444890103e+00
1.297630229897748233e+00
1.320548254202392302e+00
1.297587113877767484e+00
1.310349263971882783e+00
1.307378970741639446e+00
1.296584507811352482e+00
1.303331107132370770e+00
1.326569540791771029e+00
1.312605613182529884e+00
1.306513703434420082e+00
1.294241143277415240e+00
1.283699774445469455e+00
1.306931280169608467e+00
1.299969676319296497e+00
1.286090376041436389e+00
1.296915692877695481e+00
1.294710735164254611e+00
1.287250712335757052e+00
1.297169806971558259e+00
1.292461113893498492e+00
1.290788293782395568e+00
1.288975100010794517e+00
1.277613416622253029e+00
1.292928978357114067e+00
1.290050398638332707e+00
1.285683862333457661e+00
1.302763318916492219e+00
1.291513777725364465e+00
1.301013006539486705e+00
1.286178062661453181e+00
1.294044891426609167e+00
1.305220385449109344e+00
1.287448808377932741e+00
1.288041547115811536e+00
1.306710408830358716e+00
1.286050445821551813e+00
1.308249643201175205e+00
1.304129219838954912e+00
1.284140587207716733e+00
1.275516033702357666e+00
1.273869251330211005e+00
1.299284233342139272e+00
1.267748310302034387e+00
1.273278008604727285e+00
1.271131174490002902e+00
1.282855548759008535e+00
1.312897733500165032e+00
1.299832590144172961e+00
1.296727228379522145e+00
1.288179013337066081e+00
1.289503174724988765e+00
1.292541168298844578e+00
1.267876383523576012e+00
1.277329619998596621e+00
1.257359357165761748e+00
1.280513644707621745e+00
1.291767849057886774e+00
1.303188505244580186e+00
1.282180522762705888e+00
1.282575749683729116e+00
1.287890196791454445e+00
1.299019218024577427e+00
1.272209499190275261e+00
1.284231461620344961e+00
1.275529339375564897e+00
1.250335836293425373e+00
1.275738040957676844e+00
1.270297454368985113e+00
1.277621260070885389e+00
1.270326047267696712e+00
1.269096963814306367e+00
1.273026452727627822e+00
1.287246724697101552e+00
1.304023639332089424e+00
1.290148710487643013e+00
1.280236117380217475e+00
1.282768313476424948e+00
1.279271930590427209e+00
1.277624569706916180e+00
1.283590241901457762e+00
1.282296413796083945e+00
1.252138315102764299e+00
1.297980563515659602e+00
1.282985364564740660e+00
1.281253856871319208e+00
1.294033683579387084e+00
1.297931867520937033e+00
1.277071908571929093e+00
1.297640376138624818e+00
1.308478856049852590e+00
1.298782790351356464e+00
1.288369669029735487e+00
1.293635489104168146e+00
1.295353094827579099e+00
1.306909004244581674e+00
1.264571420713231253e+00
1.265598386178919732e+00
1.298720363875870198e+00
1.285960634178293205e+00
1.279403344795129405e+00
1.288883014179404096e+00
1.298222332606167262e+00
1.284041065772429713e+00
1.273206188537061578e+00
1.304369543060761583e+00
1.320629692730538984e+00
1.284637969437950389e+00
1.276942190938412880e+00
1.272946908788648690e+00
1.293146132536570070e+00
1.319614616083506942e+00
1.307176752833475897e+00
1.286147187897044741e+00
1.276121954344298093e+00
1.281171015247926981e+00
1.290432626300972441e+00
1.315743753433641139e+00
1.292273378869946088e+00
1.325795167520035234e+00
1.295374302950080159e+00
1.296391378700767261e+00
1.308632594861808940e+00
1.294740224305744425e+00
1.310786777090091615e+00
1.353946794232207651e+00
1.332183335650113154e+00
1.320688248140353904e+00
1.316716547748460364e+00
1.341540798757045572e+00
1.315534895975463803e+00
1.310672046598405194e+00
1.308774829819193686e+00
1.308515012905153485e+00
1.336125040821521059e+00
1.328316253080341625e+00
1.315109230010123476e+00
1.308521201259965627e+00
1.315026172103130442e+00
1.307844900392681309e+00
1.314644440702118722e+00
1.310684856388689035e+00
1.316301595080162423e+00
1.312893408849553412e+00
1.295797525744742940e+00
1.317056824309753793e+00
1.299357558640680255e+00
1.317527404408912917e+00
1.326920604621663058e+00
1.335438549145379961e+00
1.292132931697649534e+00
1.308581459191376029e+00
1.334654350255666255e+00
1.305281617958885976e+00
1.307534247214249712e+00
1.293050428949644060e+00
1.307578321060119508e+00
1.309461599552689925e+00
1.314400050514775486e+00
1.290872038787464371e+00
1.298265757353733729e+00
1.308332372828040935e+00
1.306669743716051935e+00
1.274908281527986187e+00
1.300490006491120232e+00
1.276089113352462778e+00
1.303113244515480940e+00
1.358783615479159712e+00
1.300216738827487006e+00
1.300034352263389259e+00
1.303654600868973779e+00
1.304445108278273979e+00
1.311466945174715626e+00
1.315830725329368622e+00
1.331429425867936889e+00
1.325061637612839238e+00
1.327207206589800847e+00
1.332571517488364776e+00
1.304317155253312599e+00
1.310177379238722351e+00
1.338560250416819253e+00
1.303423530752135795e+00
1.320253950617542804e+00
1.297609869974992058e+00
1.332682894679710239e+00
1.290089975548899925e+00
1.290768296007420046e+00
1.285544693038526587e+00
1.308179135944661065e+00
1.293567394952493510e+00
1.312563491522630299e+00
1.312330666072591745e+00
1.346104257141957250e+00
1.294718367847283114e+00
1.306721783518849600e+00
1.307264755374743181e+00
1.303996512407794572e+00
1.296008807263705709e+00
1.322694659435261544e+00
1.344053137677819310e+00
1.380742128554127479e+00
1.338083565746392978e+00
1.361291199629537818e+00
1.331244883161388559e+00
1.299185622046542310e+00
1.300658680033439207e+00
1.334119972560526168e+00
1.339792980340758000e+00
1.356213335521005092e+00
1.336280019424414878e+00
1.357531007675490509e+00
1.276627426487990657e+00
1.283456460593859871e+00
1.301771133138817982e+00
1.337592926506100843e+00
1.274876512665840789e+00
1.352990464227587175e+00
1.304454471266393689e+00
1.302378460444671093e+00
1.297214568832007808e+00
1.344713966881632361e+00
1.303524111927116369e+00
1.265825496672841721e+00
1.270054301694883758e+00
1.272042684289485637e+00
1.258195274126331586e+00
1.272857826577822093e+00
1.290728766847159870e+00
1.307166227560642602e+00
1.291045676476189952e+00
1.323474208485969195e+00
1.320786565802609447e+00
1.300265932183118922e+00
1.337506877226959823e+00
1.330158524232127881e+00
1.329788279385973215e+00
1.364379743908667342e+00
1.326287427463539226e+00
1.336343244440718836e+00
1.321692595476215093e+00
1.367411487813519955e+00
1.374408452534176650e+00
1.311908361671405787e+00
1.375811889310556646e+00
1.350826187942508971e+00
1.341209208712764722e+00
1.365393268928522641e+00
1.371614978267508667e+00
1.365480503593200279e+00
1.392312206930037544e+00
1.347198733060043230e+00
1.369533830247361639e+00
1.348436015614829397e+00
1.307463516899876499e+00
1.300507391438642690e+00
1.333862713153004975e+00
1.328681649080033944e+00
1.341822081937401379e+00
1.354770282173860307e+00
1.308085401911469825e+00
1.401017609123776486e+00
1.392223789167669645e+00
1.387830249149109685e+00
1.337948791574439245e+00
1.339631463481472107e+00
1.328629614659240232e+00
1.352813424235415951e+00
1.363914575484912239e+00
1.304163647144740201e+00
1.318121291478849821e+00
1.296937472092799304e+00
1.340486764423346910e+00
1.310635341266259912e+00
1.261527929346716315e+00
1.264498877421576184e+00
1.265245082690764189e+00
1.251121129625359485e+00
1.230260312313869342e+00
1.258641803962784911e+00
1.291082482359358075e+00
1.309248042931434375e+00
1.314646315164494039e+00
1.295865969835876097e+00
1.378701219055436411e+00
1.321682771553022384e+00
1.328869957734746254e+00
1.330077498250559209e+00
1.323399280814716805e+00
1.354833575165137916e+00
1.367990061743625141e+00
1.323430517801692741e+00
1.284632556298202610e+00
1.266887545558270656e+00
1.284195213405833647e+00
1.265590050902469565e+00
1.276466320560387668e+00
1.274601553913818686e+00
1.295853533770990884e+00
1.291631768605486341e+00
1.266282596463206955e+00
1.266028260725637233e+00
1.275960140021555445e+00
1.278203382139240230e+00
1.284744573590587580e+00
1.296492442819464630e+00
1.283932158126284806e+00
1.278021191430302128e+00
1.288282872256180767e+00
1.282340343729415855e+00
1.314218871830941771e+00
1.325155666802396048e+00
1.299246315215703218e+00
1.315081145592602363e+00
1.305138231339525667e+00
1.313334534914303742e+00
1.318682394557258553e+00
1.332817700000515027e+00
1.328708841991479872e+00
1.353278688015747466e+00
1.321078160532088708e+00
1.331404786797297124e+00
1.313490596412446809e+00
1.308349715327390417e+00
1.315383751120763334e+00
1.302839214622848907e+00
1.282434091008491928e+00
1.284546188364119601e+00
1.292969958233089134e+00
1.293964513047755283e+00
1.294517170782983007e+00
1.278170887682859691e+00
1.297365739597795553e+00
1.289791022526897812e+00
1.308702148028027423e+00
1.265780617652509710e+00
1.263992733538421787e+00
1.285199075505690347e+00
1.281031734446158810e+00
1.295368252166861467e+00
1.281309519230214633e+00
1.301630071854480208e+00
1.317940617311431639e+00
1.282141206242427112e+00
1.290659348987239552e+00
1.283799540338567136e+00
1.268727116567652358e+00
1.281990059289118022e+00
1.288715739628788715e+00
1.272428297922469254e+00
1.276804828767079014e+00
1.298214842500259536e+00
1.276296582344016439e+00
1.282915437451381813e+00
1.286104120868728939e+00
1.297999726281513500e+00
1.281279541572382552e+00
1.261129900032559981e+00
1.278158521688827820e+00
1.274836326074821891e+00
1.276630168650402908e+00
1.283916982777768556e+00
1.307176194398351088e+00
1.300878729062107553e+00
1.262472077732052611e+00
1.283809217335413644e+00
1.266781181338339390e+00
1.297940824939253668e+00
1.277253913242344163e+00
1.288245467418544177e+00
1.305491813218459418e+00
1.266207405291914334e+00
1.293447131525186977e+00
1.316446150982012231e+00
1.329949804200024177e+00
1.321686286854136139e+00
1.308384673222552363e+00
1.343009949529228697e+00
1.348792309574431858e+00
1.296515387453010870e+00
1.321377699505690728e+00
1.308632394670306676e+00
1.284895680161146636e+00
1.296344248547331546e+00
1.330012658620455035e+00
1.321926870504226192e+00
1.345064860967199794e+00
1.333420575947138476e+00
1.303324121367194000e+00
1.354097884590970136e+00
1.339349399416237762e+00
1.317627364154591696e+00
1.292369979444301986e+00
1.350441589182980850e+00
1.322885228656012435e+00
1.335869365494557925e+00
1.313697228824470153e+00
1.310113143037534567e+00
1.348639917783384101e+00
1.354889338787704345e+00
1.319120936213056483e+00
1.336706738257828819e+00
1.310656409509426190e+00
1.334780376210215502e+00
1.444296975034353059e+00
1.462104667288554039e+00
1.471207720734008406e+00
1.476560935487180481e+00
1.336265975872880540e+00
1.349311947110329646e+00
1.374106815148112171e+00
1.435683467412294023e+00
1.318423455899242036e+00
1.384696325950920626e+00
1.480334988024430309e+00
1.479870357545079340e+00
1.405791368154048593e+00
1.372084096659885510e+00
1.393371007267930395e+00
1.422639941120493523e+00
1.386452763131210686e+00
1.396456957077989003e+00
1.403407466766782630e+00
1.405021151237352273e+00
1.350412595309128827e+00
1.354541877555562435e+00
1.341343901057783894e+00
1.333314082017799329e+00
1.325910777031479304e+00
1.368784641276712843e+00
1.375469321287925428e+00
1.384170885676152984e+00
1.312689956890450649e+00
1.339809418420413456e+00
1.352319345323796940e+00
1.351129944021641327e+00
1.389103785931283808e+00
1.367499498577341877e+00
1.348167015925108903e+00
1.359511811105046375e+00
1.357299261249989675e+00
1.348181947109843293e+00
1.362750958056055284e+00
1.378154082757584220e+00
1.379635767377316746e+00
1.397659838926392784e+00
1.388749136244954441e+00
1.406475392199004304e+00
1.383898066294114049e+00
1.388685324215663597e+00
1.404097008197625174e+00
1.382462987294565071e+00
1.368478249471036801e+00
1.398642607629843049e+00
1.378527121261695410e+00
1.329813979171129201e+00
1.337831208839324049e+00
1.342447048244003627e+00
1.338583503092407145e+00
1.302078053629383891e+00
1.308955594616462603e+00
1.338712618382637443e+00
1.328228171543926583e+00
1.376808594230801042e+00
1.341215999167001405e+00
1.349531468750547747e+00
1.317194208561420332e+00
1.327554156063363910e+00
1.350625282856573905e+00
1.340135115733092963e+00
1.323075388930191165e+00
1.333315395869930420e+00
1.366349229781089525e+00
1.363895352764719959e+00
1.330961557584800836e+00
1.374073557790799649e+00
1.316988904985218367e+00
1.339026588081139391e+00
1.413483613775028624e+00
1.349856868240632002e+00
1.346321737019222198e+00
1.383698760235424929e+00
1.331822069017797538e+00
1.320744950047350263e+00
1.364707140203351710e+00
1.375169028154348938e+00
1.330880307441184796e+00
1.379800579526205606e+00
1.339711156510829726e+00
1.358574866287741267e+00
1.337262476090411489e+00
1.328223484120397258e+00
1.325734050727435998e+00
1.302298071566455384e+00
1.301765303622798742e+00
1.303159606021815797e+00
1.277284299713501659e+00
1.266602091744758685e+00
1.281164324027663337e+00
1.307168294537780495e+00
1.264110296246456322e+00
1.280794024762222705e+00
1.258288169774747445e+00
1.264988107779505100e+00
1.265085116068865201e+00
1.298374500558421962e+00
1.267996416197851417e+00
1.302544818353141842e+00
1.302355435998056477e+00
1.265642019887714964e+00
1.335899206925569072e+00
1.351211345009394771e+00
1.353299566865327153e+00
1.279687355180047392e+00
1.255911497808767763e+00
1.252043629404828717e+00
1.263281379980867758e+00
1.260884567537668755e+00
1.264163062214259226e+00
1.268169047610065325e+00
1.276782092712391847e+00
1.248876972581989930e+00
1.265986553226885691e+00
1.276075035657447954e+00
1.282723496056414003e+00
1.263305704266445950e+00
1.276845759803625358e+00
1.266304621300347710e+00
1.273994884213048628e+00
1.280254698130251834e+00
1.265099171996488359e+00
1.290103876113204651e+00
1.281828351054880688e+00
1.284480275919577252e+00
1.256523483651238893e+00
1.281444889499611772e+00
1.291057822636045849e+00
1.276015912741162994e+00
1.279926072888866395e+00
1.268135352111152470e+00
1.246314772053785269e+00
1.255286137317898287e+00
1.289267243802719731e+00
1.260467921382213863e+00
1.243944148739206890e+00
1.240422142463857957e+00
1.261454133539947620e+00
1.261946477587842175e+00
1.256634962526625543e+00
1.259390123108056869e+00
1.255712741201580274e+00
1.229975351876114287e+00
1.251364768747291301e+00
1.290019463703840907e+00
1.254546725884472469e+00
1.238130887655235490e+00
1.268345976002196895e+00
1.238644890032932766e+00
1.248974204885017647e+00
1.265503712220091170e+00
1.264614124092929837e+00
1.262612251729572144e+00
1.291790616318879481e+00
1.295753983779083018e+00
1.312836463430296918e+00
1.262921077825283955e+00
1.292972682170846710e+00
1.303119865270080391e+00
1.318085177885188974e+00
1.306738778672574597e+00
1.302579960142700610e+00
1.293271233372547346e+00
1.242827181867769637e+00
1.251463651836032476e+00
1.264888484119866208e+00
1.254689927485438838e+00
1.262893217378805000e+00
1.279805643743473498e+00
1.259560745414804339e+00
1.266659180674059026e+00
1.258927820858238400e+00
1.221245126324480790e+00
1.250366472407730356e+00
1.214675250395620187e+00
1.207294711214781602e+00
1.207955037119020414e+00
1.231446636145682172e+00
1.210733651573737024e+00
1.217816257593231866e+00
1.217512414381709540e+00
1.205069372377100878e+00
1.218419202453772554e+00
1.201429662514476249e+00
1.213039420775441579e+00
1.234282126454908202e+00
1.225189978642580391e+00
1.235979034034628610e+00
1.205563225470842603e+00
1.230295066549287553e+00
1.221406280490593410e+00
1.224699409454197641e+00
1.220206766357814887e+00
1.252184845723087303e+00
1.224996579509270545e+00
1.227413177617892481e+00
1.226805370651720128e+00
1.244256075575960185e+00
1.236475832716591006e+00
1.282806039622683247e+00
1.269629409152805977e+00
1.255846205418313710e+00
1.239893301738373310e+00
1.243552364273889488e+00
1.246132392558664925e+00
1.228651375074958141e+00
1.259596993265444942e+00
1.258190931512673805e+00
1.284203944316520740e+00
1.255234347645837190e+00
1.235937407763875617e+00
1.268116660296563225e+00
1.240554907504978210e+00
1.243938653883851275e+00
1.270998010457812688e+00
1.241688935105207614e+00
1.268354954677898938e+00
1.237529590739716356e+00
1.258836329112544172e+00
1.255935820575227568e+00
1.236490305710960191e+00
1.226105285754536256e+00
1.262557594514061243e+00
1.233314591115423298e+00
1.236794892454016637e+00
1.231912677549830359e+00
1.225745763514910269e+00
1.233078234345382329e+00
1.247206709867073382e+00
1.237846088814147372e+00
1.234393644243090282e+00
1.237251865810620632e+00
1.219419880985551208e+00
1.220843897221802088e+00
1.209041124027658620e+00
1.218620160434055855e+00
1.212311411483741441e+00
1.205543010544869675e+00
1.236183910711025291e+00
1.233256027228998741e+00
1.222881344095755551e+00
1.216414672287504661e+00
1.235092949456082723e+00
1.238173803653493055e+00
1.266922647112644018e+00
1.229327634067205466e+00
1.248727705921848452e+00
1.218892322157260510e+00
1.241068293988941917e+00
1.221563468369311511e+00
1.205583801460874405e+00
1.213783101316896484e+00
1.198539988115708166e+00
1.197264245422085871e+00
1.185361484203666160e+00
1.207748724675249630e+00
1.195932248382017393e+00
1.174319574976714575e+00
1.207474694738062793e+00
1.187432298637389527e+00
1.197632688511885091e+00
1.176450069339183724e+00
1.199157944665689923e+00
1.206027422232044177e+00
1.193265687731287272e+00
1.194011015375812335e+00
1.201262587078496979e+00
1.210995153591111206e+00
1.216417340383670886e+00
1.207913933646591387e+00
1.221088412406225121e+00
1.230049610282185624e+00
1.220851970312652135e+00
1.211073102555533243e+00
1.223412340072323579e+00
1.218346843142814606e+00
1.229013458762826305e+00
1.221274699068966019e+00
1.216303361123545868e+00
1.234530147973023961e+00
1.200012427245240598e+00
1.223614560536315121e+00
1.223937655725699125e+00
1.224462082597529644e+00
1.209729104512049513e+00
1.214195340932050948e+00
1.238127733325238955e+00
1.210106497026709027e+00
1.232231144152913904e+00
1.219245418183917407e+00
1.211295192722064984e+00
1.208084373289636915e+00
1.224227179900936768e+00
1.219154211492863515e+00
1.221446945562041364e+00
1.225104918884079019e+00
1.217820060603811427e+00
1.213188207816022768e+00
1.236519640511657414e+00
1.227584134487594847e+00
1.204870926552626731e+00
1.236339481275205987e+00
1.225238348204533256e+00
1.241093034204728829e+00
1.232764756780547977e+00
1.223421908839473327e+00
1.245958601685518641e+00
1.253538428588352849e+00
1.239172564829390755e+00
1.238288978818299579e+00
1.224173813905355512e+00
1.254865421148102733e+00
1.245563892087192315e+00
1.235093369005514807e+00
1.241644606908116844e+00
1.214167252019149990e+00
1.222377158098703953e+00
1.240388016683285910e+00
1.219674299266365614e+00
1.218090414879720695e+00
1.219987450359709236e+00
1.232732002601827137e+00
1.249919007613162547e+00
1.251384392040659321e+00
1.231284491232899736e+00
1.213033573245248631e+00
1.233977267122038590e+00
1.215679423913853308e+00
1.219695897784194072e+00
1.239583047037237984e+00
1.225874502276534050e+00
1.236636535888805177e+00
1.234767483974068991e+00
1.221753098492786238e+00
1.238830510499557169e+00
1.219688299125631037e+00
1.206796769812893189e+00
1.207272365591648633e+00
1.204950129958605398e+00
1.213120554564778741e+00
1.209498889088550078e+00
1.221750070354280293e+00
1.200371443295712437e+00
1.222430298041425223e+00
1.200975529243558659e+00
1.219559222092801765e+00
1.233877614955646962e+00
1.222548744940157084e+00
1.208229024012488662e+00
1.216021894286041904e+00
1.207231661197546657e+00
1.219911801651348604e+00
1.221366847036301051e+00
1.222824204251258928e+00
1.211310433134768161e+00
1.219858110777054971e+00
1.212825161497770532e+00
1.215327321276237438e+00
1.226480201271184400e+00
1.208997874768404923e+00
1.236252689612924893e+00
1.255394105855347497e+00
1.237161807373320155e+00
1.235164368557210679e+00
1.230266886513706304e+00
1.233869072791937027e+00
1.233526754190322761e+00
1.216133953701868942e+00
1.223273667233583328e+00
1.219301193029941777e+00
1.234031147458185984e+00
1.236433778021311269e+00
1.230357299825720174e+00
1.220444628056708947e+00
1.240553573529936671e+00
1.228462291689853991e+00
1.238754518032678886e+00
1.227930173831353278e+00
1.247825576852479079e+00
1.211901680721969354e+00
1.232792009941511724e+00
1.212339485530883998e+00
1.221814278458690062e+00
1.217831490330713473e+00
1.227113128093474836e+00
1.220070014666469360e+00
1.234084138931714536e+00
1.206941514383349068e+00
1.219799355750244008e+00
1.198282923677526091e+00
1.216472467506857447e+00
1.235316799485718375e+00
1.218043517906498785e+00
1.207132212236748936e+00
1.199934515536095203e+00
1.212992925794675658e+00
1.220270793381506236e+00
1.216761500548733999e+00
1.211519224356670366e+00
1.211217220514426929e+00
1.213372460500413474e+00
1.207652635020613596e+00
1.207483787718256707e+00
1.193474364806451637e+00
1.198427893062666172e+00
1.204052515387147082e+00
1.201544664212096825e+00
1.207793191336990590e+00
1.212889827967579937e+00
1.217669269452114511e+00
1.209152224870437387e+00
1.215627420611295140e+00
1.202649634504387333e+00
1.218600409228757009e+00
1.230597316447906264e+00
1.222629893192674677e+00
1.225950033602730693e+00
1.226830845117514945e+00
1.219662857577305859e+00
1.203621693378415403e+00
1.220705169847951632e+00
1.204392912246473824e+00
1.212023049809537012e+00
1.218013849781194091e+00
1.191993487028970344e+00
1.218404126968416934e+00
1.216904045298835557e+00
1.220486457744863751e+00
1.214612478182247601e+00
1.204214257459594206e+00
1.211917026808515985e+00
1.200644746525182605e+00
1.195331893700535053e+00
1.198342208224131511e+00
1.192601730795100456e+00
1.196346826828142751e+00
1.201170376399197437e+00
1.217410724181732018e+00
1.201480584206488400e+00
1.206614882894530005e+00
1.216436986118996755e+00
1.199790156393779172e+00
1.211320014637913944e+00
1.203307625651785617e+00
1.208479950976531603e+00
1.207913358836746998e+00
1.167595643686775819e+00
1.182820987890984110e+00
1.170387556662135342e+00
1.175527315661221817e+00
1.165704399312595507e+00
1.188176858822540094e+00
1.191747276987425552e+00
1.184518043709027912e+00
1.183857852545809219e+00
1.173775686156697473e+00
1.182070255558371530e+00
1.189923067288950476e+00
1.233290660074355838e+00
1.219829007289588763e+00
1.193186397805655163e+00
1.186127908323592717e+00
1.182986579342573119e+00
1.191319324578630434e+00
1.225571244245219349e+00
1.216215526683016579e+00
1.202154894242194016e+00
1.196426851408033398e+00
1.199244000008522937e+00
1.201788174723891878e+00
1.201849895316887018e+00
1.182494638642642260e+00
1.221107158193852626e+00
1.199291599807036812e+00
1.195395932485333601e+00
1.188490978548526700e+00
1.195738566383473866e+00
1.196153561472161231e+00
1.216416208268082944e+00
1.209458621608691775e+00
1.234393949179592553e+00
1.223182622421471688e+00
1.213071569230810942e+00
1.206858948540675769e+00
1.224343147939451093e+00
1.215233854765305432e+00
1.204321808562621499e+00
1.220250981198355511e+00
1.226687044252757985e+00
1.189696504941157418e+00
1.196846598205184353e+00
1.185729484887694030e+00
1.214271334971556371e+00
1.189981211007820061e+00
1.179072260374553371e+00
1.178022270779146563e+00
1.184288953545055589e+00
1.178794899069240509e+00
1.194921023653845449e+00
1.180524971730843475e+00
1.194781809617669222e+00
1.208685810232384084e+00
1.219150643969207026e+00
1.224389535833292353e+00
1.226321384554889038e+00
1.242001690299534999e+00
1.251979085224730337e+00
1.242540935072965036e+00
1.271723529430173194e+00
1.278221261654315821e+00
1.271788925196601694e+00
1.256267060759150400e+00
1.244523979029782179e+00
1.252704597629918926e+00
1.246909888496226637e+00
1.235635528138788741e+00
1.273289745950163976e+00
1.254057686186374587e+00
1.253834896845151592e+00
1.244607216885259326e+00
1.248035798421683218e+00
1.280823512249720020e+00
1.249797537938769576e+00
1.243750113860939255e+00
1.272449935102357488e+00
1.261671235223627230e+00
1.268876685437319241e+00
1.244500780638615023e+00
1.265408994192193326e+00
1.257253091000796186e+00
1.245194832088337700e+00
1.239444188271148883e+00
1.273499307646278167e+00
1.255159222195325830e+00
1.257917418904152429e+00
1.253346888457445685e+00
1.239121773027717532e+00
1.258395583539860141e+00
1.276823443465051389e+00
1.264018539476929215e+00
1.265332086851585158e+00
1.267138399550304717e+00
1.269352376121476889e+00
1.290477610912003303e+00
1.277557598319204901e+00
1.281246171864982797e+00
1.275543356455287380e+00
1.262723906179263667e+00
1.245396401851843304e+00
1.239397313613162188e+00
1.237718340903520398e+00
1.236582748941253751e+00
1.247667765669992379e+00
1.210039333322424637e+00
1.228521172865393751e+00
1.257446396716957349e+00
1.211533402252458869e+00
1.221037111009227738e+00
1.233955301408539817e+00
1.268544792220496875e+00
1.222856690521363365e+00
1.237951372457025911e+00
1.255162051473474705e+00
1.240011734411363697e+00
1.224732529492463584e+00
1.227722859428092894e+00
1.241720428545946886e+00
1.209650365221729640e+00
1.206898104740343980e+00
1.210845069269357976e+00
1.209582763711966047e+00
1.218358638590203658e+00
1.254433982449218998e+00
1.217058130473990030e+00
1.231771079648768197e+00
1.205526403785430745e+00
1.214626632758077918e+00
1.220369941265329272e+00
1.240133096003976920e+00
1.198748954016979562e+00
1.195256751638396286e+00
1.203304124124573438e+00
1.197820680066060239e+00
1.207663093144833777e+00
1.206777658534838205e+00
1.215635040294155811e+00
1.223154341731354178e+00
1.219733435035515345e+00
1.207548852548689489e+00
1.196450096096765670e+00
1.193297687796056161e+00
1.209097508303346835e+00
1.211748171799264195e+00
1.222849660478077860e+00
1.200496690347359730e+00
1.204510385609158130e+00
1.215214787878269531e+00
1.207556817149599837e+00
1.219269262772924689e+00
1.206546697489541131e+00
1.197477955629889568e+00
1.194324685247653672e+00
1.194727240522991396e+00
1.196718877983255158e+00
1.206679414722227950e+00
1.204314910337044520e+00
1.193850968183613359e+00
1.229426838017713353e+00
1.217634252812861417e+00
1.199459883989362208e+00
1.231400013846444708e+00
1.203811302272364658e+00
1.222484014491966198e+00
1.198521212704701577e+00
1.203742280962142086e+00
1.203711419907551816e+00
1.195512901176876364e+00
1.200608333465926547e+00
1.208116550909793752e+00
1.208533725605769993e+00
1.190201934249768945e+00
1.231102585598018884e+00
1.209083619282557587e+00
1.218733724228508342e+00
1.205668114990307682e+00
1.228672477467007251e+00
1.237063756731651365e+00
1.242122375532535017e+00
1.240881435234796326e+00
1.222562367301805120e+00
1.251033693491636400e+00
1.237633252414915841e+00
1.227466255603786083e+00
1.224206691563476390e+00
1.243109164665485267e+00
1.231049276777249402e+00
1.211464146512347684e+00
1.246089595326430821e+00
1.219357558277417430e+00
1.221359348064648076e+00
1.215826158689137237e+00
1.258225712952348418e+00
1.215480796590389545e+00
1.210275625212051009e+00
1.236385847738434851e+00
1.227142002195654058e+00
1.226027686781136383e+00
1.220586058470082724e+00
1.235466143403737505e+00
1.241925082592955309e+00
1.208019781131018489e+00
1.221292215310401996e+00
1.218063752598676830e+00
1.212224776175067298e+00
1.211740241653967765e+00
1.215676230837198002e+00
1.216961435292138294e+00
1.226417038331633735e+00
1.195689188968604100e+00
1.209933985105420717e+00
1.219444784797944159e+00
1.228700153602825251e+00
1.220756609150651206e+00
1.206590022716078625e+00
1.191139184432588927e+00
1.209210608371872997e+00
1.208966355110403512e+00
1.221717108505354865e+00
1.218685570002595586e+00
1.197001186957870500e+00
1.201507009573587137e+00
1.196796298033813155e+00
1.195577366666900510e+00
1.228773548216961276e+00
1.249141722002872212e+00
1.258147610102700487e+00
1.246109815533803067e+00
1.234576718238227899e+00
1.267107631011178848e+00
1.285390677930158931e+00
1.288002206147163653e+00
1.265680038090869930e+00
1.245537608040969690e+00
1.256547157577980522e+00
1.257403995002283947e+00
1.284311878291510833e+00
1.277234400522888169e+00
1.290637499971158064e+00
1.292837209622123007e+00
1.293957019908046790e+00
1.277685543422207415e+00
1.294250412816091433e+00
1.270176456941689569e+00
1.274176410824795713e+00
1.310281748541758162e+00
1.284459831697474241e+00
1.281321789500383224e+00
1.294014755928035054e+00
1.294064897114975521e+00
1.260895123982983979e+00
1.365152977107558341e+00
1.347929610742776507e+00
1.346580686644123892e+00
1.327973756379975834e+00
1.352394812971288607e+00
1.351726257691483690e+00
1.336162587647862887e+00
1.322020948423146880e+00
1.368552344819619293e+00
1.315246760012994454e+00
1.306572505913475180e+00
1.255179846367361129e+00
1.298290615644679624e+00
1.283726478693355544e+00
1.302179115793141939e+00
1.323991270439723644e+00
1.279185100840632749e+00
1.305382564503929643e+00
1.281912691567855589e+00
1.285622339646906642e+00
1.322504638461663440e+00
1.311020594284945329e+00
1.310389520371097571e+00
1.296190217514263887e+00
1.322904382826306513e+00
1.345089557366940136e+00
1.367522705378227732e+00
1.324628211688376744e+00
1.366846086464303500e+00
1.338076802362446305e+00
1.352561450264197829e+00
1.354099166144019151e+00
1.361572470624247577e+00
1.366279622944570837e+00
1.361412861048219236e+00
1.379087779125637514e+00
1.394796072905302831e+00
1.348506484278719331e+00
1.369983255738161487e+00
1.379129076323558856e+00
1.386421296733148179e+00
1.350573093366091548e+00
1.352985905677746903e+00
1.376576500094485178e+00
1.366193024773344034e+00
1.337616698634832568e+00
1.295984808765955121e+00
1.337178726387428629e+00
1.303318119005559605e+00
1.326216511474785698e+00
1.338755299107170060e+00
1.293543906871619464e+00
1.306035443781832894e+00
1.325211130103816748e+00
1.362699458766757132e+00
1.378678473760850398e+00
1.382034131021070422e+00
1.362533884017461006e+00
1.337789779282939850e+00
1.306888524541178764e+00
1.341303307445056658e+00
1.337281955423645474e+00
1.339578236708412362e+00
1.361836717547254105e+00
1.299508150565757747e+00
1.311607085931114858e+00
1.292312068581572104e+00
1.289470120820959798e+00
1.298480778222127707e+00
1.277810574062400395e+00
1.318098048187440474e+00
1.290068507131755249e+00
1.299403060999699377e+00
1.290621184131140797e+00
1.283250920147763985e+00
1.252761097929429690e+00
1.296184931189778622e+00
1.287316318388589620e+00
1.263095847743152200e+00
1.269017735461986485e+00
1.266649027493482516e+00
1.232909046407191234e+00
1.244488677794399756e+00
1.252604052001038415e+00
1.232632007175339606e+00
1.234964166108617700e+00
1.259212315325045628e+00
1.272490437818929232e+00
1.248264922458566462e+00
1.254648726554063565e+00
1.243103220297551381e+00
1.231629664416015624e+00
1.249094002596176756e+00
1.240549305138523239e+00
1.244857711535055200e+00
1.266972502125353950e+00
1.260972881394976763e+00
1.238890242249052420e+00
1.258250930606683360e+00
1.229482132915666881e+00
1.216565846426542530e+00
1.240011156666654069e+00
1.236689344382045697e+00
1.246536001239288982e+00
1.273215130836990561e+00
1.261498814565021220e+00
1.293407344289199568e+00
1.280205234235421541e+00
1.263711316977355947e+00
1.255484362251173325e+00
1.268044030861958937e+00
1.256625396184368304e+00
1.270051644195117069e+00
1.247076137171116761e+00
1.256096534311210933e+00
1.257295831656914276e+00
1.259329945928553185e+00
1.271297707956614342e+00
1.243843189103738478e+00
1.242045807459521090e+00
1.273553186572684792e+00
1.229935625952802036e+00
1.232041390023710381e+00
1.274814394701442533e+00
1.227603289914596330e+00
1.244149079392035784e+00
1.267893296507090817e+00
1.247544527372762335e+00
1.250577722528292801e+00
1.259432059845110086e+00
1.260355279348804647e+00
1.245962544976974895e+00
1.273127740337308023e+00
1.245885810343262401e+00
1.267332525610393779e+00
1.255947566002983518e+00
1.239141929687964661e+00
1.237263717235120852e+00
1.230754435741597375e+00
1.255408275071877355e+00
1.261136291490254191e+00
1.245417007297904499e+00
1.228995515069943645e+00
1.342144949465485571e+00
1.310519223658046517e+00
1.288354504450761606e+00
1.290074471658432920e+00
1.299228879955280247e+00
1.320708086186819230e+00
1.290316807848860270e+00
1.280304445714615325e+00
1.300450594746649813e+00
1.269520598849399384e+00
1.243649971862777814e+00
1.235454115772933292e+00
1.243291344256154174e+00
1.263738647254021297e+00
1.246230980931430032e+00
1.241357792226458701e+00
1.261534502330309948e+00
1.228736933700932177e+00
1.250448916939040478e+00
1.243946615053441063e+00
1.246855286858429057e+00
1.266471193906227866e+00
1.232573367777572759e+00
1.280775176070455990e+00
1.265369649707134947e+00
1.267618456261210946e+00
1.267437018796761627e+00
1.266615339030247478e+00
1.270131656475009807e+00
1.289219448305449545e+00
1.268119330933215050e+00
1.276349351362586093e+00
1.313710004503645168e+00
1.303453073034127385e+00
1.306635014534339501e+00
1.283056872006194560e+00
1.304979533956587057e+00
1.284131063234208003e+00
1.282486987258024680e+00
1.322627827232714992e+00
1.290176366683523757e+00
1.298133320557370851e+00
1.293378304628703068e+00
1.284521978489894023e+00
1.263541192709979777e+00
1.260758107906029046e+00
1.294172841630485626e+00
1.303957123232726056e+00
1.262109497934479796e+00
1.268298904209752775e+00
1.316689440324643190e+00
1.263448493051400279e+00
1.285257797829631343e+00
1.276401108532595030e+00
1.230841289746512635e+00
1.282899616392430664e+00
1.256028143437759370e+00
1.269287729186034497e+00
1.267727215188513723e+00
1.293505108900028455e+00
1.293393552978954864e+00
1.256718181421112135e+00
1.262782381813301047e+00
1.244358050029372942e+00
1.286837929879559139e+00
1.276038077001154347e+00
1.288057798764576045e+00
1.288428946227918814e+00
1.254894487213050525e+00
1.280890113492502147e+00
1.299990365075270882e+00
1.302358054734831017e+00
1.303326881354085920e+00
1.312071500220946874e+00
1.282863920770832999e+00
1.288732155971106685e+00
1.273584738538683148e+00
1.293332041531674026e+00
1.276749857889473594e+00
1.277389710959868863e+00
1.302147524545355317e+00
1.306838851666866530e+00
1.290644789684745497e+00
1.306863183379698423e+00
1.291442916536285290e+00
1.267619424288429331e+00
1.278837370902204951e+00
1.298044236113429006e+00
1.285044357032096185e+00
1.308454922418384569e+00
1.298230062697728560e+00
1.254714350897072395e+00
1.259889662861026993e+00
1.273607241438292847e+00
1.277966422647997424e+00
1.288517447489408996e+00
1.298623234751898003e+00
1.278947842015585312e+00
1.270226643101484143e+00
1.276284509356226504e+00
1.244006701860648878e+00
1.281090616726248577e+00
1.273682436175954447e+00
1.287492000365107803e+00
1.283908355637381815e+00
1.288351279313170394e+00
1.291365063753891151e+00
1.284433390001357367e+00
1.288392039087695284e+00
1.285274862439054866e+00
1.253802745179733114e+00
1.290390601726939757e+00
1.209790114478130674e+00
1.274889063469786699e+00
1.263059337546576399e+00
1.245641113263580291e+00
1.271911204180508514e+00
1.260949612459500546e+00
1.249425419783986912e+00
1.276937115392672517e+00
1.270266376060664948e+00
1.241484750194997710e+00
1.241841406638277689e+00
1.252213355467794997e+00
1.267015064201362007e+00
1.260864413363464775e+00
1.248489408713886029e+00
1.257254123974292481e+00
1.236937132536651829e+00
1.279994624125120328e+00
1.255451456800047438e+00
1.286328224081325633e+00
1.286950034732958326e+00
1.295676327995177957e+00
1.302055169423289804e+00
1.290628290629145969e+00
1.274572362172734952e+00
1.294647159860734531e+00
1.283831807568583505e+00
1.290290825523033869e+00
1.283022027158809530e+00
1.284626202914190385e+00
1.273384895447890797e+00
1.287037390948444271e+00
1.286971603563529687e+00
1.280019226648642316e+00
1.315383869649871196e+00
1.279204811283661591e+00
1.281366861258059098e+00
1.291981983703935244e+00
1.295422463842023308e+00
1.285170560056777989e+00
1.274053616422909929e+00
1.253305687291006887e+00
1.258092387288912484e+00
1.275074834567848647e+00
1.284704486696027326e+00
1.267244515671902994e+00
1.275596889373388221e+00
1.263644731643099206e+00
1.256723148535119350e+00
1.270840154993908122e+00
1.299333926630920955e+00
1.275738886019619933e+00
1.279205267308271887e+00
1.276119174743303386e+00
1.317355031338385940e+00
1.305454757737240401e+00
1.261705530897726746e+00
1.295847614793500302e+00
1.272276808059532582e+00
1.279940506845518300e+00
1.277866727038320160e+00
1.267943694696471058e+00
1.306307708309466520e+00
1.272595048958838460e+00
1.310170762871241568e+00
1.301975256267096981e+00
1.293022184565149946e+00
1.318788435898302192e+00
1.273853640718019431e+00
1.301698231597436806e+00
1.309245742751303343e+00
1.275262818544802723e+00
1.294999287385613318e+00
1.279382573501420817e+00
1.274842282228285439e+00
1.298226842289884164e+00
1.285143299618091151e+00
1.287611787261646823e+00
1.268155049146685309e+00
1.282334535332807057e+00
1.284795001337107001e+00
1.277021843842623072e+00
1.273632141894317282e+00
1.296567520708153509e+00
1.278281480221964639e+00
1.271691853182193244e+00
1.292684426115850993e+00
1.291853804405701300e+00
1.289604737730421835e+00
1.278234052092895423e+00
1.283038963611739636e+00
1.312648660036512149e+00
1.292360572001685304e+00
1.336496493961479182e+00
1.315435621672871314e+00
1.303143321160487700e+00
1.271430478517994400e+00
1.317578385384685413e+00
1.321306091944135952e+00
1.289310258605694814e+00
1.279891616418741496e+00
1.283789501443956205e+00
1.303184793854816226e+00
1.306537606524591943e+00
1.253167051642293472e+00
1.311774119961060636e+00
1.284337399092045251e+00
1.302404176489553977e+00
1.292799837852204092e+00
1.335068961691262990e+00
1.280189497966182532e+00
1.297445888421375315e+00
1.291877609597486432e+00
1.253546767152071695e+00
1.285990948785698640e+00
1.260377123872216343e+00
1.260633952258664703e+00
1.251398269827841636e+00
1.257161578959612003e+00
1.277154122861884566e+00
1.273653630545976911e+00
1.289250146735407387e+00
1.270674385628477010e+00
1.266544718270811165e+00
1.247258453968427272e+00
1.268670677880706421e+00
1.268459631141188204e+00
1.236528802463265686e+00
1.239777868823636053e+00
1.243255812748773836e+00
1.283828550573575367e+00
1.253424571997287185e+00
1.265281183972432055e+00
1.258585433046350621e+00
1.269902376419254741e+00
1.272015663932320573e+00
1.273920457932315120e+00
1.235769062224146841e+00
1.259640996561513182e+00
1.253165933069032567e+00
1.238919238254954980e+00
1.248811134656357735e+00
1.281286946648208414e+00
1.266650277360354515e+00
1.281695856365741903e+00
1.285878590002220490e+00
1.280246604464227111e+00
1.274051641405447688e+00
1.294661249348918908e+00
1.321828706606632542e+00
1.298868192559468948e+00
1.296310134859317342e+00
1.299373880267869819e+00
1.299114543008212719e+00
1.309275273084567370e+00
1.339576286091123780e+00
1.315947291502475025e+00
1.310815967095582568e+00
1.321557100482605218e+00
1.324838077996249863e+00
1.306083436920607577e+00
1.316063473189556188e+00
1.304932371287162107e+00
1.335369083206213503e+00
1.277650415866542710e+00
1.269923193244035575e+00
1.303381569821670860e+00
1.276693001723779419e+00
1.275734961064701967e+00
1.283447030190088878e+00
1.274282923830885039e+00
1.296107100759575470e+00
1.291109045775808539e+00
1.281794747554985570e+00
1.294881879218713561e+00
1.308656836451113081e+00
1.304445096050439457e+00
1.290878671193175453e+00
1.338512418522906255e+00
1.295180770571823459e+00
1.294429775338219901e+00
1.298362656687562566e+00
1.306464682599687066e+00
1.290722440422004347e+00
1.283572859394337184e+00
1.285255887241917083e+00
1.273499252231531376e+00
1.280534769700166109e+00
1.272929795398321851e+00
1.309245496686773702e+00
1.316458880873070170e+00
1.311896668481155936e+00
1.277031305177204645e+00
1.251176917234821939e+00
1.275740197885975702e+00
1.248203474771997445e+00
1.272282165142823995e+00
1.257106041576817157e+00
1.256540223450402838e+00
1.231321732451141848e+00
1.231201789593862728e+00
1.256969612200266928e+00
1.317571971763919825e+00
1.298860701492079883e+00
1.336571610756008388e+00
1.278610706535317609e+00
1.336634902804494596e+00
1.316197560573779457e+00
1.323832734106181963e+00
1.346029014571543225e+00
1.249879130837814989e+00
1.266816998289807872e+00
1.291022018794263149e+00
1.279117014288841281e+00
1.304465570674600228e+00
1.299903642795525283e+00
1.279307601140573958e+00
1.273873561379283537e+00
1.269679201458949969e+00
1.262241408637817086e+00
1.255688878553690158e+00
1.259760607449014413e+00
1.268076217709321885e+00
1.281664807552849616e+00
1.282110938769396524e+00
1.299321315873273264e+00
1.279095229492397845e+00
1.276355758197011969e+00
1.262031623008206038e+00
1.286485782563813851e+00
1.271656379463908415e+00
1.273547231435380400e+00
1.279558634311914522e+00
1.268016806953854214e+00
1.252947468076752946e+00
1.246498241803132512e+00
1.260686629536929670e+00
1.255775245544371810e+00
1.263366901412388277e+00
1.288622909279186546e+00
1.309395660069545109e+00
1.282187335863497202e+00
1.301154547002831174e+00
1.366196877401895327e+00
1.351227398694715198e+00
1.344605765467985492e+00
1.335122082412611100e+00
1.275233700078125532e+00
1.332674872526991017e+00
1.303600257843522403e+00
1.278380591906831398e+00
1.295992284230072178e+00
1.288854468243949558e+00
1.229481166995946007e+00
1.282174864766231659e+00
1.280204634546579401e+00
1.299652826502697645e+00
1.277197737349559326e+00
1.268413263496095178e+00
1.250310167721787380e+00
1.292029781212294060e+00
1.324323547564184800e+00
1.331883611804969503e+00
1.304846669368330270e+00
1.320641062033604651e+00
1.302659762050356607e+00
1.305191526130409230e+00
1.317318666161933605e+00
1.348189637839367405e+00
1.311520013457381895e+00
1.307755821880093761e+00
1.306231521871898726e+00
1.317172127533720039e+00
1.356430931774389226e+00
1.321153674573398273e+00
1.318028414340355781e+00
1.313144884715697902e+00
1.313103501834832043e+00
1.307678779673277170e+00
1.310453606853081210e+00
1.308775135586138560e+00
1.318940423625690528e+00
1.338955493099386329e+00
1.342465421743744614e+00
1.327339634355576337e+00
1.289359163304684364e+00
1.311118674358852987e+00
1.303691055927828080e+00
1.325989168768914261e+00
1.293973606478465710e+00
1.309314009404751289e+00
1.282917459372892255e+00
1.282432664803723643e+00
1.308303460398058116e+00
1.295274616760358155e+00
1.281127279646067985e+00
1.326786895706287384e+00
1.340032683828854765e+00
1.344678425720600146e+00
1.295426635269598670e+00
1.287932712133344815e+00
1.297139579603484583e+00
1.323070362030291713e+00
1.296394558217043080e+00
1.292051226625091642e+00
1.317288259625223779e+00
1.299192865210497594e+00
1.252245867804398838e+00
1.196088973085897456e+00
1.219409565214178981e+00
1.209653087188609755e+00
1.228360693711165963e+00
1.203492107514103848e+00
1.202881998493704030e+00
1.212383439090497506e+00
1.215487331630507484e+00
1.195701063430021138e+00
1.204931324492705791e+00
1.221806607495356412e+00
1.257820773020316141e+00
1.251843933780670826e+00
1.231499863196779732e+00
1.208104794701728935e+00
1.191915426489262408e+00
1.193660081335283341e+00
1.184883484089431560e+00
1.202786830620948155e+00
1.194267200637025628e+00
1.211797682300864265e+00
1.210445044116909896e+00
1.198718345871644164e+00
1.222338033733387563e+00
1.203301670197754802e+00
1.224926627051375672e+00
1.212323768389441003e+00
1.219203873114787617e+00
1.206384753471870130e+00
1.211316280363476938e+00
1.216723433457908454e+00
1.220406155764732326e+00
1.234314402872863425e+00
1.292240269914292972e+00
1.278324780998004728e+00
1.282637835017543582e+00
1.308609271162941790e+00
1.233004123531084018e+00
1.251219401614089843e+00
1.289872864951829401e+00
1.275719930208372821e+00
1.264015687848653258e+00
1.286067613780451202e+00
1.304244779569778911e+00
1.301368882080746081e+00
1.308245936704375278e+00
1.308517976266689864e+00
1.314572827660482890e+00
1.302040936697657081e+00
1.332863991264585879e+00
1.346773780754047189e+00
1.252105484641971689e+00
1.195909185355742865e+00
1.240339753343714602e+00
1.268240065854695064e+00
1.283851582192046203e+00
1.293297825224439812e+00
1.314266550844755521e+00
1.318275378938791098e+00
1.340877113239950402e+00
1.312923733856359076e+00
1.313015712281076164e+00
1.302397517128166315e+00
1.295065923694219023e+00
1.325138953541349807e+00
1.362002339662194972e+00
1.349006666452686742e+00
1.363869738053451020e+00
1.360333938247645591e+00
1.363104660292277837e+00
1.346337822702259324e+00
1.310309519178188831e+00
1.330902352161501767e+00
1.312498768489907208e+00
1.327842021715860632e+00
1.341083534114700715e+00
1.329048130320045651e+00
1.297108114226849684e+00
1.301485329881825193e+00
1.334303190779989379e+00
1.316923638984691447e+00
1.346800052068672926e+00
1.365582958732105778e+00
1.342389359878598754e+00
1.373113640858290019e+00
1.332966095043735644e+00
1.309427239253586839e+00
1.284451745084856489e+00
1.277752853118617082e+00
1.308098976995922813e+00
1.315263300182413886e+00
1.279505857692311066e+00
1.350522103242927319e+00
1.322043333475433569e+00
1.299530054011587721e+00
1.264834897126216662e+00
1.299356860217107723e+00
1.288763628025774377e+00
1.312792784215860875e+00
1.308983665916753081e+00
1.330012826282554794e+00
1.322428910737710073e+00
1.298448184884220424e+00
1.320020518869417181e+00
1.330790384016609318e+00
1.321784792071455827e+00
1.330497283776592266e+00
1.325423716399627194e+00
1.323422096464489828e+00
1.335809942071650047e+00
1.325034160437232655e+00
1.323855806680005243e+00
1.335241229937882634e+00
1.320531289047860657e+00
1.350429595325084886e+00
1.359704156419107468e+00
1.355446356061830393e+00
1.334365664095978010e+00
1.331344069969506050e+00
1.357542788135330580e+00
1.334822673868037324e+00
1.302894841859979946e+00
1.374592639788596360e+00
1.335352235108127505e+00
1.337233979282267837e+00
1.344640004359259455e+00
1.335266028817295947e+00
1.331445497664605959e+00
1.343300275502997909e+00
1.351373676648280897e+00
1.334513999455143152e+00
1.342335621592932293e+00
1.353074340835515255e+00
1.337534836837888319e+00
1.353257065579412499e+00
1.348236302467485048e+00
1.353363103254569433e+00
1.340176786560331790e+00
1.388052840309410119e+00
1.365144761877022717e+00
1.384209778455822049e+00
1.369109755963233477e+00
1.364392788808905355e+00
1.363924083453991409e+00
1.325857539420127518e+00
1.346401979185970710e+00
1.309180059433591836e+00
1.320906780115275181e+00
1.329851507422497914e+00
1.326335961993368784e+00
1.313837894516834082e+00
1.333549420578016509e+00
1.336249174540274254e+00
1.315880633250205101e+00
1.308076944918580509e+00
1.343111868006413356e+00
1.289951611777108154e+00
1.305219424726937527e+00
1.299970831871861465e+00
1.323813244266170530e+00
1.331918275039586819e+00
1.300535548141704023e+00
1.326208724547503826e+00
1.318666937128741612e+00
1.307697523915241078e+00
1.335197237351257726e+00
1.327640142881430618e+00
1.360225909780244047e+00
1.349989409450571110e+00
1.303479038176807547e+00
1.326934741662324502e+00
1.356264702165172809e+00
1.329824697533360522e+00
1.352889106908571559e+00
1.398853290615854839e+00
1.374059559283612675e+00
1.341331747303671218e+00
1.322051956674700657e+00
1.333793454591595262e+00
1.350429444223926634e+00
1.324371960451897312e+00
1.345848020719616178e+00
1.359716944803216032e+00
1.376581401755860412e+00
1.319165945020708941e+00
1.311239407127718470e+00
1.286731970213242926e+00
1.302315128035137937e+00
1.275181688642199829e+00
1.280051516661184996e+00
1.276897380811715887e+00
1.248120996220308809e+00
1.293963631392053282e+00
1.316388332263975558e+00
1.257463357770244095e+00
1.280990659272099652e+00
1.263608970166747891e+00
1.286864925155352335e+00
1.276268609140267518e+00
1.273709888270297741e+00
1.321815154515006085e+00
1.291846946920163886e+00
1.293738986435837068e+00
1.306589245119813780e+00
1.296051625201320556e+00
1.265942107727094479e+00
1.262631714161039698e+00
1.251660200880775564e+00
1.272819133475757925e+00
1.270087775668632624e+00
1.254236886271745677e+00
1.278334988363372560e+00
1.232273076518162203e+00
1.220967662333248382e+00
1.199047165428051676e+00
1.211865079595370931e+00
1.232842083361531671e+00
1.229535528523358678e+00
1.200093291340584178e+00
1.184912745332394657e+00
1.216061544661735550e+00
1.201706297938401891e+00
1.229482188948717525e+00
1.224336774398133709e+00
1.213262682997084951e+00
1.211772185694533155e+00
1.226877792996959871e+00
1.220906123945407762e+00
1.223947892393604686e+00
1.202311893373425589e+00
1.208347759361227070e+00
1.194112690179140346e+00
1.192553734316666558e+00
1.196832614756375923e+00
1.196095923139474548e+00
1.215257530995713209e+00
1.188880955005253037e+00
1.168694438229212151e+00
1.214276729317878889e+00
1.247828274938371118e+00
1.195415860421339627e+00
1.216485982064255511e+00
1.214104331498686795e+00
1.211722019915244530e+00
1.219353080703167391e+00
1.238777317124156729e+00
1.254816690871804585e+00
1.219242754339967538e+00
1.213537243811171784e+00
1.211887674557094341e+00
1.234000906303680978e+00
1.212558508579586025e+00
1.206098350495427907e+00
1.218973253428175418e+00
1.189902737506023600e+00
1.198608994738069589e+00
1.234233718046186423e+00
1.201602325662570081e+00
1.199587478125383466e+00
1.238593859785672491e+00
1.247236395035036916e+00
1.207110506649165860e+00
1.224567542222904537e+00
1.238499534595187246e+00
1.250353504492663026e+00
1.212694944687667808e+00
1.240745297851491458e+00
1.208391309584049500e+00
1.220994733811749500e+00
1.227686470645480865e+00
1.208622956791081560e+00
1.219504324942975337e+00
1.237396811191201484e+00
1.217699914215144563e+00
1.209135010874102578e+00
1.212633135711384424e+00
1.213026139587485730e+00
1.227596340309008660e+00
1.228382072201411823e+00
1.228463072254851074e+00
1.222647871215245763e+00
1.194505332589047120e+00
1.192889351497865125e+00
1.199872959183089449e+00
1.215077019249974910e+00
1.224715040563322033e+00
1.219410829120950890e+00
1.204275754779022156e+00
1.215246395846395489e+00
1.230283092254487398e+00
1.241980765314170343e+00
1.240688583266719602e+00
1.236085398942587954e+00
1.212127792177980723e+00
1.215407549673382714e+00
1.227015657986380237e+00
1.248379822743419298e+00
1.235029748033547481e+00
1.255768347850385158e+00
1.260037030445933182e+00
1.264576992211760675e+00
1.232338496764475932e+00
1.235486530256961757e+00
1.251087818319003953e+00
1.229542551320423671e+00
1.243349042667907911e+00
1.246198351542839644e+00
1.247107260792200023e+00
1.215257046139132324e+00
1.226322899013901901e+00
1.209131045592003684e+00
1.232001999665024217e+00
1.262409308997908930e+00
1.221805219425854627e+00
1.222101303609008482e+00
1.229288245743671792e+00
1.226782273066645113e+00
1.235025595905312246e+00
1.250580604630579407e+00
1.238616220942373447e+00
1.231289183653220931e+00
1.221994937066952280e+00
1.247673222654809733e+00
1.240817424612584929e+00
1.237678090599068526e+00
1.253102115881588707e+00
1.249265929719248991e+00
1.235960204949587693e+00
1.237370897528636604e+00
1.253121148370449189e+00
1.256817598707037575e+00
1.258678971705881944e+00
1.234993020497772154e+00
1.249086033950377983e+00
1.244067659848320018e+00
1.238896401329721009e+00
1.258781522865971336e+00
1.255304096410720716e+00
1.231747440824094708e+00
1.218943688296069361e+00
1.238910465863657384e+00
1.228997104979896005e+00
1.239963802180339858e+00
1.220840792390839091e+00
1.226033355418620241e+00
1.222601250296892594e+00
1.218779629670567299e+00
1.235653193201493139e+00
1.254311299745472619e+00
1.232907903709369979e+00
1.234754418712685764e+00
1.227683190584258677e+00
1.241686366356893334e+00
1.263038646086250827e+00
1.271610701757527995e+00
1.252320224664042358e+00
1.303340932687729214e+00
1.315144429481325483e+00
1.285464918275910140e+00
1.292550507793161607e+00
1.220792760260601018e+00
1.276732470978362732e+00
1.294380522929169830e+00
1.305185353425061034e+00
1.292023942587256169e+00
1.296098051221991954e+00
1.273692598768387585e+00
1.286806578921917188e+00
1.265602154020607495e+00
1.287619529301623489e+00
1.290109191056274085e+00
1.281516505416702145e+00
1.307192275287726080e+00
1.300428549007146328e+00
1.300186762742811641e+00
1.309948172661779431e+00
1.322119064334505101e+00
1.346817365086560692e+00
1.309689886688012450e+00
1.301739726328844382e+00
1.291774252207819274e+00
1.291058097729684162e+00
1.292297611496916465e+00
1.290128130334859735e+00
1.287630746444525798e+00
1.314346896401418441e+00
1.301401286600289087e+00
1.294479213013299823e+00
1.325924652468078557e+00
1.298215722723822685e+00
1.300470466731770358e+00
1.314651992973984163e+00
1.304064927194490853e+00
1.292501410737947332e+00
1.305477043083425492e+00
1.273916492365792186e+00
1.268834438551599941e+00
1.264362063722006546e+00
1.313921820529658335e+00
1.332026441953884754e+00
1.343345779141044138e+00
1.347410535906011564e+00
1.325573940173449872e+00
1.361763459143703336e+00
1.359493350585965432e+00
1.360465174161011426e+00
1.361261102363671815e+00
1.368843539821905875e+00
1.353280240742777751e+00
1.344270597405028633e+00
1.304848442138941911e+00
1.315098767466099439e+00
1.300270998621383622e+00
1.343008713042111335e+00
1.334939881055562827e+00
1.333083904633177497e+00
1.332517221863716017e+00
1.351010276683947131e+00
1.328030683633997455e+00
1.324686066735941914e+00
1.287509408693690682e+00
1.351139231330525936e+00
1.337211625653711211e+00
1.337304147720114189e+00
1.293499926072125605e+00
1.304668018259635964e+00
1.344510702964936355e+00
1.395111229197818048e+00
1.298010908048764733e+00
1.342707273447935279e+00
1.342915307476506781e+00
1.321819877107887509e+00
1.282819137898658868e+00
1.335611189870558491e+00
1.322640370327210046e+00
1.322377012928672046e+00
1.292061727982429575e+00
1.262147740439346633e+00
1.313578132821898947e+00
1.318483587631046561e+00
1.296063486041640900e+00
1.292393209432803003e+00
1.311274151453591275e+00
1.300474085850247707e+00
1.312107286326061661e+00
1.286343196854786708e+00
1.277047802954137001e+00
1.309157715344537065e+00
1.296497023231452994e+00
1.305742722011641987e+00
1.327423378522776254e+00
1.303006250118981857e+00
1.315891084354279261e+00
1.339701833451000468e+00
1.313870342093836463e+00
1.303495767839800257e+00
1.320622534759984701e+00
1.292174594256696230e+00
1.305722216581590711e+00
1.296056712405055489e+00
1.335152402848104547e+00
1.350052354028911328e+00
1.320981646713314417e+00
1.339412700972604675e+00
1.378970690839665725e+00
1.327232767625071030e+00
1.351518820109838703e+00
1.285022171355946652e+00
1.324302449284058270e+00
1.296932191969719650e+00
1.314337670391658275e+00
1.321394953542900597e+00
1.331030609432464873e+00
1.350812831780249912e+00
1.277797591156886181e+00
1.377232144597958063e+00
1.343636715631001621e+00
1.349028053098672242e+00
1.374048231338355297e+00
1.368630767221445721e+00
1.314452077221203830e+00
1.331405208213727098e+00
1.316671373579171744e+00
1.291309109149879619e+00
1.292487411087820393e+00
1.276348196376103861e+00
1.265083281003879456e+00
1.262552389329431923e+00
1.239670277971267387e+00
1.323114298059784533e+00
1.275952352526043443e+00
1.301485095936104619e+00
1.284822867883592012e+00
1.291716229518976800e+00
1.294562196697669476e+00
1.293056522148203769e+00
1.288344796555301874e+00
1.296298015367911782e+00
1.262864656034661470e+00
1.286114501561683277e+00
1.279474607777695505e+00
1.287494570273563177e+00
1.268155333511404415e+00
1.266779435772548590e+00
1.254241492654284640e+00
1.294499394566693606e+00
1.306976985297088500e+00
1.292382913538437261e+00
1.307552209195120163e+00
1.273756836696312122e+00
1.289647389150888612e+00
1.295524698507128480e+00
1.315552583680959842e+00
1.318781586598920752e+00
1.303487864491927217e+00
1.309096542774886407e+00
1.327149238183322089e+00
1.298119935831730132e+00
1.320638929829908825e+00
1.318743992072863636e+00
1.280690199592998457e+00
1.319072172268319632e+00
1.341324546704739884e+00
1.299281412350559828e+00
1.330859538773802919e+00
1.278634838834523890e+00
1.304486658682657341e+00
1.304312962297019762e+00
1.297992866784885013e+00
1.307425021602556692e+00
1.336504591007180665e+00
1.331816992241802611e+00
1.317162491336627328e+00
1.336256658343006665e+00
1.313785080648459225e+00
1.338871750464416310e+00
1.344762798533850612e+00
1.300884129896399344e+00
1.273494251504210917e+00
1.332177537009622270e+00
1.298041693518600992e+00
1.273007189320271237e+00
1.301281482468370720e+00
1.331554056558622134e+00
1.295915201074395950e+00
1.316378954152691794e+00
1.308436886914633002e+00
1.296913609398480327e+00
1.315923401520004976e+00
1.304401472601892875e+00
1.342560862107905262e+00
1.333994344785712993e+00
1.335395016004761182e+00
1.389371230768224219e+00
1.368974736973576078e+00
1.344180092249586345e+00
1.356934297918931831e+00
1.306192899644020189e+00
1.278832928689437543e+00
1.373041822635764131e+00
1.349896553299577473e+00
1.351827676504198106e+00
1.351863111330042333e+00
1.365120500434464645e+00
1.307165462302620984e+00
1.357407480886947626e+00
1.320884373378722776e+00
1.329651207751470388e+00
1.323872010449585135e+00
1.338887180720643277e+00
1.327641225147307313e+00
1.328996330310124652e+00
1.301806854718513762e+00
1.339303349059662196e+00
1.353633356782023789e+00
1.313467872615250442e+00
1.296091869841165867e+00
1.285523958038766068e+00
1.323095277674753767e+00
1.304339448913453881e+00
1.303699173682813628e+00
1.326628736648053808e+00
1.350653588612632738e+00
1.308287283339307105e+00
1.314596937239245644e+00
1.289386204149358228e+00
1.309887500675515737e+00
1.285109719004376538e+00
1.286099046435678073e+00
1.286760347163170337e+00
1.324203214237668957e+00
1.295636647848536160e+00
1.302249844036603710e+00
1.309954297589855043e+00
1.274839084478201823e+00
1.275989114684879189e+00
1.274750637925998742e+00
1.275074098153579749e+00
1.294485115144153431e+00
1.281583288020553102e+00
1.279714733727098652e+00
1.320810187353637088e+00
1.314402434046205270e+00
1.275451404219342333e+00
1.286255904651075976e+00
1.304688837371305477e+00
1.297007868443554646e+00
1.294118709984129589e+00
1.319595190941481366e+00
1.304129881227139798e+00
1.320593442322096411e+00
1.284535850711904015e+00
1.286774618422381833e+00
1.277418335447765507e+00
1.310744392188068153e+00
1.271324306677838134e+00
1.296521802485605113e+00
1.291871454546634768e+00
1.291785638350321230e+00
1.266375173143720057e+00
1.262492304156621836e+00
1.236329411800787703e+00
1.265086774781506662e+00
1.248203440555086585e+00
1.268241402564189046e+00
1.265504139681528084e+00
1.309702960696411678e+00
1.268539482306580313e+00
1.288507262109503726e+00
1.298952715609255737e+00
1.278707066981005669e+00
1.271575401225150115e+00
1.344403858847718514e+00
1.291871800705055584e+00
1.299820945183462140e+00
1.256385655057483453e+00
1.228275831444027411e+00
1.229974596564857192e+00
1.262240287298383112e+00
1.247748067774446579e+00
1.270137191686214306e+00
1.258688909739030803e+00
1.271356810921409508e+00
1.294967507288145248e+00
1.243641770295857318e+00
1.258119634233029860e+00
1.263376464758662054e+00
1.258053291188241163e+00
1.259251631816698414e+00
1.265847424450617043e+00
1.287795765008713289e+00
1.257281055979745377e+00
1.280428946608682894e+00
1.284333560304893762e+00
1.251304333632395682e+00
1.301178949888409209e+00
1.284921214479450180e+00
1.269615890062008923e+00
1.306792521055911482e+00
1.274548822694633099e+00
1.277144951907632331e+00
1.247501783548700782e+00
1.268936271898168933e+00
1.288216593857854031e+00
1.318404381132552095e+00
1.305715007548193363e+00
1.306501871361442912e+00
1.280390422229186642e+00
1.307406969624002935e+00
1.294175810141859673e+00
1.312749661031416659e+00
1.308118666109232109e+00
1.267408002209635232e+00
1.242818434611934197e+00
1.266530698291618018e+00
1.253463946879392221e+00
1.275675975844190013e+00
1.265904784390814664e+00
1.244793311775787448e+00
1.237306175857371793e+00
1.246847408560951109e+00
1.250808505054066710e+00
1.253004542159751322e+00
1.267785360266536765e+00
1.244781595940734453e+00
1.271292476690699003e+00
1.282976708094400342e+00
1.283421019047344291e+00
1.263522589671489227e+00
1.279752460266268876e+00
1.281021118155102778e+00
1.261804061274039990e+00
1.285313611244151888e+00
1.286964655973969363e+00
1.280088336652030145e+00
1.262572987276247227e+00
1.261510759331035736e+00
1.267128603437998269e+00
1.262983299254510250e+00
1.267396322046395518e+00
1.266107275122827280e+00
1.274582699662385465e+00
1.288689171544005863e+00
1.259698570508553939e+00
1.269666288060828707e+00
1.261634824534294319e+00
1.240618281889791952e+00
1.260019571111203662e+00
1.259053282637299320e+00
1.248820240043403196e+00
1.275553909557769927e+00
1.294591697206944669e+00
1.269591792389565210e+00
1.279563738414102536e+00
1.249453107186502487e+00
1.258467165540002375e+00
1.257475014032642946e+00
1.272216586210395572e+00
1.262846730734356271e+00
1.255311111243556210e+00
1.251996417599509304e+00
1.255806878511183555e+00
1.258741995861124119e+00
1.256266504648686499e+00
1.284999351015239100e+00
1.279884116647420855e+00
1.245570694306475934e+00
1.276649551321005438e+00
1.234213001139020882e+00
1.233762047115049221e+00
1.287042534124857696e+00
1.253412592283543292e+00
1.294584484514016642e+00
1.273953985096706099e+00
1.293996598370085183e+00
1.295718141167405246e+00
1.291212312767114456e+00
1.280081429336424437e+00
1.322678564611796004e+00
1.298518048274648118e+00
1.246751623953630039e+00
1.227192230947872886e+00
1.240382001386266309e+00
1.236250901429492455e+00
1.236780228977669038e+00
1.220462519700212578e+00
1.243948059358394920e+00
1.262520964106921273e+00
1.307185173946028067e+00
1.287378627824714572e+00
1.260441803516871628e+00
1.268003822998512886e+00
1.314704229251184353e+00
1.259864256781888292e+00
1.281326080295789760e+00
1.255736945810487226e+00
1.238299198497668563e+00
1.262868803466135281e+00
1.257069600751545169e+00
1.245334661665666198e+00
1.289689367926493802e+00
1.261150876884764571e+00
1.256702870214893242e+00
1.289154701012698689e+00
1.262238922618301951e+00
1.285528127791286446e+00
1.356273675715363947e+00
1.274107043195228606e+00
1.279121817101548819e+00
1.271790971078184729e+00
1.264128056220950924e+00
1.290466847628355396e+00
1.258188620894978182e+00
1.251003171314808871e+00
1.262761713072198866e+00
1.280206094422835505e+00
1.234971265014672914e+00
1.240969857398044551e+00
1.234843348356359227e+00
1.241276112492022188e+00
1.276807085148408571e+00
1.259310683082369264e+00
1.260026533812063310e+00
1.277407676660331948e+00
1.260130277524083908e+00
1.298617732434865557e+00
1.281129781926984235e+00
1.251262466745326041e+00
1.238022884550879610e+00
1.280406140826102046e+00
1.294154106444829644e+00
1.265223288001574131e+00
1.311905181679500432e+00
1.310117594319363921e+00
1.281498180761138972e+00
1.251859779538383455e+00
1.258877693997194180e+00
1.324387021915224283e+00
1.253140896880611255e+00
1.260425126025118248e+00
1.276547791349605943e+00
1.254428021853482234e+00
1.253927021232007277e+00
1.261222673550039586e+00
1.230307077489239287e+00
1.217934264645410991e+00
1.218520576681647372e+00
1.233667596147211887e+00
1.216872442778242469e+00
1.226617255613794422e+00
1.199607983321644644e+00
1.215334791780509294e+00
1.230840389859242823e+00
1.242271739135241360e+00
1.250422466607200800e+00
1.214387926372096471e+00
1.206241733376825831e+00
1.209722330024860071e+00
1.220658389794976983e+00
1.229993918156338406e+00
1.241729950163134699e+00
1.194046231035719385e+00
1.220529568135598986e+00
1.226785285362348654e+00
1.231601210247767586e+00
1.213079730249240429e+00
1.214431911946485920e+00
1.199778233320607068e+00
1.205572674297986424e+00
1.217869773828642810e+00
1.220271985493064149e+00
1.229772822093473827e+00
1.216623181332841419e+00
1.202260049607413839e+00
1.219043808983124366e+00
1.217422679176863864e+00
1.213926569852593618e+00
1.210679058485201853e+00
1.220148814971591333e+00
1.200933733604401255e+00
1.195721902593697594e+00
1.225234324468012170e+00
1.223468449210925568e+00
1.187816944748318226e+00
1.204573804827113737e+00
1.219330220407301990e+00
1.215390558403778298e+00
1.210732581813422470e+00
1.210149673908696100e+00
1.206621922426783122e+00
1.207475831304583469e+00
1.212733947891365016e+00
1.217923908891669127e+00
1.218903620999501891e+00
1.224123584443864488e+00
1.207024961227656457e+00
1.210140576722997352e+00
1.196252987661179823e+00
1.226931866946598504e+00
1.187957164194590298e+00
1.200179045575286763e+00
1.185682493552365102e+00
1.191317086108099055e+00
1.200003249099355740e+00
1.213788966849849160e+00
1.231667089367745938e+00
1.220851795481129543e+00
1.231804879724071489e+00
1.229950583474075154e+00
1.221998303113616791e+00
1.226758653761964801e+00
1.258415709833811347e+00
1.247273511638664623e+00
1.299652474625035747e+00
1.280770486012009712e+00
1.244437773131264580e+00
1.268214928668935926e+00
1.278561646496522153e+00
1.264983206902660084e+00
1.281242370664656516e+00
1.331434405878129112e+00
1.352149362818693801e+00
1.372097841676602314e+00
1.364489139141230822e+00
1.325084990158665432e+00
1.345732018142203001e+00
1.325556457595903570e+00
1.305764674574177775e+00
1.338688395540947207e+00
1.308091739145103460e+00
1.305079416240236601e+00
1.317776369980807383e+00
1.310631417970441026e+00
1.335211283341249278e+00
1.287607146758515952e+00
1.277558082694879360e+00
1.278736623601745448e+00
1.272231991359394687e+00
1.247440755349996211e+00
1.282378946637724226e+00
1.271802299402006398e+00
1.296005581174385579e+00
1.270253627989654577e+00
1.295662324665020959e+00
1.276548096039915592e+00
1.293955204277335236e+00
1.277390528846489071e+00
1.299179265601688948e+00
1.295040212445358385e+00
1.294939172182018039e+00
1.282313714831688767e+00
1.302139106755917597e+00
1.307806609939328624e+00
1.313622617398181092e+00
1.279920633508146555e+00
1.274220073045467805e+00
1.277662244826314630e+00
1.299593297790239799e+00
1.280388328579029400e+00
1.279683453816002014e+00
1.249908738767296024e+00
1.267638750116047097e+00
1.245391628189030930e+00
1.253777250763936202e+00
1.267911656398702291e+00
1.258982242779915106e+00
1.259695879332790813e+00
1.238622554683120214e+00
1.300458020735537179e+00
1.278589620623281409e+00
1.260130126504277914e+00
1.267379038694746995e+00
1.302927814128975514e+00
1.277068438503110137e+00
1.289873361868774326e+00
1.255183518113733188e+00
1.259581231388444023e+00
1.215989369277277632e+00
1.210043314099939593e+00
1.192528819414129915e+00
1.237406333555274296e+00
1.190193483402658847e+00
1.174309469693293639e+00
1.189431249509609545e+00
1.188449432177462350e+00
1.189091754647776611e+00
1.182285027224869278e+00
1.219963984563449122e+00
1.215211587449644304e+00
1.227816368521041923e+00
1.195469899670978053e+00
1.216399126939460951e+00
1.217691812987777622e+00
1.221679778979547271e+00
1.226418489932437073e+00
1.225954271025830433e+00
1.215203536385384364e+00
1.228256908811063752e+00
1.231301927845388056e+00
1.233828117806561098e+00
1.227285281041808673e+00
1.212346616898700713e+00
1.222679475265803228e+00
1.213115934834156917e+00
1.217601897478234330e+00
1.222684478785784901e+00
1.233393016689818822e+00
1.209026814791093418e+00
1.202858164647215844e+00
1.235179990208994827e+00
1.209508942604810677e+00
1.212890706760195947e+00
1.227760908900111136e+00
1.222728827362128845e+00
1.231941900052641481e+00
1.248538899311151695e+00
1.243346883268441561e+00
1.261346342378629082e+00
1.238204062685732243e+00
1.229649444290030091e+00
1.222359835990694421e+00
1.208990948258684694e+00
1.228236087588900460e+00
1.258825931962185507e+00
1.236903708474954122e+00
1.196152048973628146e+00
1.218256757060099504e+00
1.227153502099981974e+00
1.229996644436872177e+00
1.213990879606786422e+00
1.184976855523809824e+00
1.196872634194115825e+00
1.202251634814339054e+00
1.197354437636296565e+00
1.222163310385561141e+00
1.185243836168204945e+00
1.179410085322432300e+00
1.193625997663199989e+00
1.205800426275951409e+00
1.200564826158773135e+00
1.184186921373845403e+00
1.194190208562003530e+00
1.173297489030961982e+00
1.197244005499098263e+00
1.211244598697195585e+00
1.181193161764707122e+00
1.226841534566121661e+00
1.224167028703797122e+00
1.205381238973020741e+00
1.210386770617057017e+00
1.193312974976873830e+00
1.199845347737170442e+00
1.205353283541050313e+00
1.209716990838414885e+00
1.194309020457654746e+00
1.217053209402940928e+00
1.200938461515889788e+00
1.234853662496265603e+00
1.225829873998749653e+00
1.206591184728561306e+00
1.218834923478383958e+00
1.245965432617305080e+00
1.285026047896204560e+00
1.233050537203202346e+00
1.247243380551288805e+00
1.225758503081720185e+00
1.227292171722690117e+00
1.254798307012661374e+00
1.244788401296848424e+00
1.215174596939837315e+00
1.226790425293206255e+00
1.228395857472053931e+00
1.206212036358311535e+00
1.223193355097510704e+00
1.211502749365179543e+00
1.196082781676482520e+00
1.228890717661188070e+00
1.205940811289653247e+00
1.193990089487644957e+00
1.205354381102812233e+00
1.201130728768751377e+00
1.192668347440002385e+00
1.210461106934518805e+00
1.232152632213248111e+00
1.227730699202312925e+00
1.228651243673367865e+00
1.229917869213887904e+00
1.213023575542653942e+00
1.207933446048049753e+00
1.206140628803877624e+00
1.213462182405387724e+00
1.231478546308868882e+00
1.226329958820262078e+00
1.220750195264636240e+00
1.205610288212042969e+00
1.206266897425668727e+00
1.251726311812942249e+00
1.204137901994542847e+00
1.223631576323578107e+00
1.233403802006067140e+00
1.208079231666106867e+00
1.206485390258893453e+00
1.223452121404065007e+00
1.194541920221139364e+00
1.210917336552998158e+00
1.215479994392848928e+00
1.218960978435741804e+00
1.238124810369450879e+00
1.191043880873692951e+00
1.195774468612292862e+00
1.213795754518654402e+00
1.203849762949762647e+00
1.193543395135213903e+00
1.195823106363243182e+00
1.222280982783115810e+00
1.211594693618225804e+00
1.214363468403729662e+00
1.213176594605216874e+00
1.233320345678128316e+00
1.219138981811559663e+00
1.219823109376941161e+00
1.236092092276678267e+00
1.258835754380547955e+00
1.244586280584928373e+00
1.249464793642900196e+00
1.225816166044984001e+00
1.218111123468068602e+00
1.215317505658421116e+00
1.228919046344798982e+00
1.247032515849326506e+00
1.238167618603719600e+00
1.260162653554142587e+00
1.236858734553481387e+00
1.247225593622496076e+00
1.226815047033148920e+00
1.230842312786669668e+00
1.240412540421287790e+00
1.204188389954555349e+00
1.203364967765663929e+00
1.189223049480299776e+00
1.200551796197311116e+00
1.201703986776543776e+00
1.219497218695228868e+00
1.218127908243306523e+00
1.221666833567693011e+00
1.217317053703768748e+00
1.248252328123478083e+00
1.243890707960115360e+00
1.234203205950066939e+00
1.225129664734993185e+00
1.200632242761378032e+00
1.215342716905745135e+00
1.219489636675695321e+00
1.226330416451590688e+00
1.228383187586604919e+00
1.190607432493913986e+00
1.215106546352536343e+00
1.223642200179126283e+00
1.212163400923617518e+00
1.223921420388851988e+00
1.259379321195803980e+00
1.278602074615086792e+00
1.240814756422090603e+00
1.264832767916641565e+00
1.253313650898264742e+00
1.248988156555043361e+00
1.237669519236310522e+00
1.258620569059429650e+00
1.238097848961604797e+00
1.233409523567138733e+00
1.241429202091831163e+00
1.225354182265153691e+00
1.240425929887094325e+00
1.258649335221015519e+00
1.264661098273505146e+00
1.292373772538694787e+00
1.290185577136647721e+00
1.258293217173812817e+00
1.274857163579780961e+00
1.264003133102787446e+00
1.277329871472007161e+00
1.283841488122999808e+00
1.279475906258870754e+00
1.272448915949258907e+00
1.248179133112327754e+00
1.263800302414309629e+00
1.251774869153010838e+00
1.248446799955081010e+00
1.226896639694224911e+00
1.253627653129876673e+00
1.302607654625561162e+00
1.292085314568271137e+00
1.300447654922082030e+00
1.307868443206528841e+00
1.335274374317394042e+00
1.334033302533345511e+00
1.304857313193752422e+00
1.262656268291366457e+00
1.292829593389896115e+00
1.292213644910085613e+00
1.267804509082935738e+00
1.273146476138426797e+00
1.304998247332011196e+00
1.271432533642540275e+00
1.270283885428530546e+00
1.262281561834564636e+00
1.274257014102596397e+00
1.238978221812025549e+00
1.317459888963773196e+00
1.269061936808936641e+00
1.256302516459163909e+00
1.300261525610646451e+00
1.275364558609280108e+00
1.292659037718874915e+00
1.236208705979819467e+00
1.292816801489569789e+00
1.268944521393760017e+00
1.274251383470456522e+00
1.259448928917536792e+00
1.281800927742596796e+00
1.280651997684534082e+00
1.297141241356064123e+00
1.285982231843537216e+00
1.335380279516268143e+00
1.319617063952304603e+00
1.323003697487796559e+00
1.365908318060425231e+00
1.296611690379798842e+00
1.254751233437988445e+00
1.285665447096211000e+00
1.248515959379686846e+00
1.256241746394806569e+00
1.247395510244768468e+00
1.253844867121246098e+00
1.249138355382319654e+00
1.288128660064800313e+00
1.251997022418058103e+00
1.273829461131076535e+00
1.295350834013163421e+00
1.323601728818788903e+00
1.329064003321652754e+00
1.334651280715855259e+00
1.265244011869035567e+00
1.233805485223482545e+00
1.292769627244565012e+00
1.273945091063773516e+00
1.273549894000626459e+00
1.310304158715274392e+00
1.303058462523149830e+00
1.294617013010650464e+00
1.254436315061306928e+00
1.251592791664076998e+00
1.230035723190515240e+00
1.248734229893307068e+00
1.247309733033025614e+00
1.261878340191955550e+00
1.272924194673623610e+00
1.234619725695197623e+00
1.268047496951734132e+00
1.267265789567388223e+00
1.265083149861051526e+00
1.255615466796415003e+00
1.319965112109004357e+00
1.264135376651459364e+00
1.255771791667362303e+00
1.302500104200213560e+00
1.320007485818011084e+00
1.305686346504050910e+00
1.286471326769853318e+00
1.270893779464845164e+00
1.235370908383000677e+00
1.261957347790626072e+00
1.290698831410368896e+00
1.284682756541488891e+00
1.293600368783652588e+00
1.346439045170895188e+00
1.289987763723833725e+00
1.309130956041143490e+00
1.296757284010598532e+00
1.279525290213878730e+00
1.310933949956998967e+00
1.277102819665279165e+00
1.343477953731082364e+00
1.271949311420882855e+00
1.288661831144009673e+00
1.295443944626620825e+00
1.309355966233844315e+00
1.281426767278976531e+00
1.236370148617315756e+00
1.270075059680505269e+00
1.317753309098783632e+00
1.314717087354351222e+00
1.325016898152760580e+00
1.284132028660717628e+00
1.303924586828100418e+00
1.299058749168589433e+00
1.277058603686860527e+00
1.285195925570597586e+00
1.282743642277331508e+00
1.310611421033287094e+00
1.235848603505801169e+00
1.267310960580341428e+00
1.310738185227725561e+00
1.322102168924130794e+00
1.299658025003629147e+00
1.292154666013705322e+00
1.277505543825625312e+00
1.278005577299299311e+00
1.354981981036297300e+00
1.300691293938472048e+00
1.321806380597732922e+00
1.288138840943584995e+00
1.303958387797781615e+00
1.272415730557186153e+00
1.316233700425945230e+00
1.301973841111092600e+00
1.318477722451703693e+00
1.357233111126060709e+00
1.325565758586863874e+00
1.335888045286118819e+00
1.343627534480359431e+00
1.324148333212745943e+00
1.283310814389031052e+00
1.300547541526674511e+00
1.287244511295729366e+00
1.259684178934585619e+00
1.282461977188702695e+00
1.272530759928784949e+00
1.249763405766751490e+00
1.296735143273293200e+00
1.277042256928450525e+00
1.287344551463297071e+00
1.277168283521362691e+00
1.281051977739883441e+00
1.254482800973946155e+00
1.271527074240191846e+00
1.254946815036406038e+00
1.293995532445785246e+00
1.276676074952891149e+00
1.249638157928114834e+00
1.284205355030459961e+00
1.314294124903904182e+00
1.275617073821241121e+00
1.266575406862342490e+00
1.294028756976083328e+00
1.286459422437787659e+00
1.312063230158786675e+00
1.312739684929686623e+00
1.311947094954653892e+00
1.316433666964255345e+00
1.277419032475968885e+00
1.263054673510678461e+00
1.273092893965566130e+00
1.295633684304051014e+00
1.291080581122733495e+00
1.278560371791397143e+00
1.267233468149765008e+00
1.266779421358698254e+00
1.272523704386755217e+00
1.254064748596024570e+00
1.254668662665638035e+00
1.271576366281283343e+00
1.246838380041609851e+00
1.256848578033241681e+00
1.260155398690308681e+00
1.301780039271047684e+00
1.273846580352270941e+00
1.283099184253448488e+00
1.257825052714138803e+00
1.274377566702197928e+00
1.262926957061208721e+00
1.288505996836262213e+00
1.279308289551922551e+00
1.264890596664009381e+00
1.275421890768444921e+00
1.258892948827032621e+00
1.267755708536536519e+00
1.244348866367422479e+00
1.309137280317931529e+00
1.262792588831272766e+00
1.241666992820302795e+00
1.283075118295514461e+00
1.279270752280297740e+00
1.266847303474702313e+00
1.255036942434708758e+00
1.266183671391011067e+00
1.262963104331943587e+00
1.270799514172173961e+00
1.248044798351375384e+00
1.257363326128148495e+00
1.251439323487285593e+00
1.262040500721412606e+00
1.236572210761841761e+00
1.258472356894198008e+00
1.260934860165078053e+00
1.293397874272255166e+00
1.266526575984048497e+00
1.218087058106911202e+00
1.229682612474698233e+00
1.221357808699125913e+00
1.217568019901595022e+00
1.262445780514180882e+00
1.265998512098464035e+00
1.248520498323088868e+00
1.281814074070789289e+00
1.278977219335104776e+00
1.261671703075112783e+00
1.251212517132676449e+00
1.273656170867790705e+00
1.259607577580112547e+00
1.226341479688335845e+00
1.234096120902197669e+00
1.199198606157134028e+00
1.245341708070823117e+00
1.271750430283479671e+00
1.278482900065518679e+00
1.271188591956099678e+00
1.295377404236906616e+00
1.301042588029932778e+00
1.290886657917937663e+00
1.297264375780727397e+00
1.279364978022182742e+00
1.301319332100757231e+00
1.290744598363695372e+00
1.296287974746543892e+00
1.285990082145227698e+00
1.309986437787299840e+00
1.266249725902770074e+00
1.266997357139438396e+00
1.259034211592333197e+00
1.245599423130667072e+00
1.250358819376808484e+00
1.260717536826028384e+00
1.275187514971583225e+00
1.258362912744211082e+00
1.284996146814902485e+00
1.287345761877391581e+00
1.297596186531276619e+00
1.237521078999284097e+00
1.253199276473524915e+00
1.291030726804027084e+00
1.264027225368004714e+00
1.255528197846166094e+00
1.272096572981649354e+00
1.271220155414558572e+00
1.271171005274508659e+00
1.240997146396964901e+00
1.241470252800456198e+00
1.244287072474781874e+00
1.245755704772774086e+00
1.255422766191487183e+00
1.274612593640270575e+00
1.253637534818468513e+00
1.253947925431584398e+00
1.260300528207063175e+00
1.260472332452247324e+00
1.262490168648096489e+00
1.295982467555653050e+00
1.264457320272032836e+00
1.301643344380844169e+00
1.267092474872826724e+00
1.281906768143010078e+00
1.273209291154742351e+00
1.284584882442353582e+00
1.245094259536117187e+00
1.260199975417406471e+00
1.256852171953022790e+00
1.240576134136945896e+00
1.251977778425431787e+00
1.240443513194536607e+00
1.256784766738655135e+00
1.246436819794305872e+00
1.230326706840501938e+00
1.287228084194474764e+00
1.263651223465158679e+00
1.264388761911528825e+00
1.248880869225477586e+00
1.243264792712708733e+00
1.238214336500374602e+00
1.271005518822185376e+00
1.245905160980859794e+00
1.242007240236349341e+00
1.250680059102735608e+00
1.251662238247070569e+00
1.244052633302762612e+00
1.249882190527209058e+00
1.244493083778929643e+00
1.264577343310651525e+00
1.250400517328531524e+00
1.243439396760928295e+00
1.245534221189392055e+00
1.267558674688028741e+00
1.214427877723142091e+00
1.232049326841688996e+00
1.250717074979587506e+00
1.236335458740744242e+00
1.272128263424683770e+00
1.224975901142491663e+00
1.242557490090016481e+00
1.247531033879675233e+00
1.252114754348099934e+00
1.222976017972350338e+00
1.240683131507631876e+00
1.232719139587255874e+00
1.200396829843465962e+00
1.217517040033706532e+00
1.227563240732732153e+00
1.232326001553586847e+00
1.221669109970099809e+00
1.221315070544329195e+00
1.229361465343569382e+00
1.237007459246720842e+00
1.231240246723840359e+00
1.248781690741902262e+00
1.251747935709929926e+00
1.260983785289126358e+00
1.228042092642101402e+00
1.253866727441361739e+00
1.247518718638750412e+00
1.257706962845247300e+00
1.251893415026916312e+00
1.257755307795406230e+00
1.265945309465651203e+00
1.256021850597899059e+00
1.251308532630537096e+00
1.249899105433546431e+00
1.242901681341626041e+00
1.225074569510912426e+00
1.243279731251483167e+00
1.265788393653569210e+00
1.253951364163995885e+00
1.255235957260811608e+00
1.280101991523004301e+00
1.303449709788510491e+00
1.205666688278699050e+00
1.252577974245686177e+00
1.257868387381292585e+00
1.269873691468615062e+00
1.274034340438705559e+00
1.257980787689135349e+00
1.249804005779762806e+00
1.256422280590312912e+00
1.236534783846366503e+00
1.205604841379634085e+00
1.234961573558307935e+00
1.233957399047294734e+00
1.209765428541001775e+00
1.230095315020355740e+00
1.206073843231838083e+00
1.249345627992078711e+00
1.217589458763653543e+00
1.228080518301527313e+00
1.231586485701413380e+00
1.256854347286124884e+00
1.244236280126227223e+00
1.260466709509117100e+00
1.215226981630982861e+00
1.236563455495571340e+00
1.257806212166153736e+00
1.197227184403483635e+00
1.244385305119825036e+00
1.229789489857032958e+00
1.239310641876319341e+00
1.324446559787250344e+00
1.326904158120983723e+00
1.280448230634758433e+00
1.249679014345407957e+00
1.262606047597811365e+00
1.196959640614359444e+00
1.187214065733031010e+00
1.201563796256823302e+00
1.206052799748693616e+00
1.200136134729494986e+00
1.233656441925022218e+00
1.262637111355958686e+00
1.245769706123130982e+00
1.294472795356830019e+00
1.312843316549522799e+00
1.284786534625732335e+00
1.330463236550110562e+00
1.307722316946885233e+00
1.306955857620844430e+00
1.246036848757944071e+00
1.199154600702897255e+00
1.280252314055907226e+00
1.248969311053831355e+00
1.262874568898415317e+00
1.225889804202743516e+00
1.263849252949360347e+00
1.249578783220361977e+00
1.243516307905853102e+00
1.272287590001781599e+00
1.298205491295484348e+00
1.336542076411467050e+00
1.298013119825929929e+00
1.317458831668345098e+00
1.303636026662624126e+00
1.289530043977898721e+00
1.259305309608465429e+00
1.299015836109747246e+00
1.266885548497621361e+00
1.265782184114836451e+00
1.265946252205146560e+00
1.250470077833881977e+00
1.253984223286759736e+00
1.269164993132363195e+00
1.256126118475420661e+00
1.195300584454700443e+00
1.203530097333920468e+00
1.215564790867762257e+00
1.230928189711339771e+00
1.242907579815213381e+00
1.244441432512403578e+00
1.289657018647242692e+00
1.269052979962580707e+00
1.256336386447400422e+00
1.258180988295063862e+00
1.244224713472385169e+00
1.269414598720285614e+00
1.290126051226551773e+00
1.282627252698827380e+00
1.243734901043160868e+00
1.237587221827442852e+00
1.274874942108970677e+00
1.249929157116647094e+00
1.219249810301241910e+00
1.241391722536881792e+00
1.254895717721528969e+00
1.231084266314051767e+00
1.246625850116093392e+00
1.221368369163835066e+00
1.220605966639744855e+00
1.228940531699076244e+00
1.222912692878404872e+00
1.224420834067507347e+00
1.227874443006313543e+00
1.236327670644967736e+00
1.227656430307236812e+00
1.230637489042915922e+00
1.232156975064231386e+00
1.225265894478084761e+00
1.225152088853516785e+00
1.230781984532147488e+00
1.219727810850319782e+00
1.211975504363275169e+00
1.243794544932069313e+00
1.212846704096909312e+00
1.229893661205205380e+00
1.207376724080275965e+00
1.208026187424315889e+00
1.211949061347409984e+00
1.214002059270320011e+00
1.215188651618206883e+00
1.192896478449087638e+00
1.195364872103697351e+00
1.204805174560603431e+00
1.217616723657933608e+00
1.205725049671528604e+00
1.195457854287301336e+00
1.205557246798455884e+00
1.207233317234519765e+00
1.226793049866745866e+00
1.207143694783650245e+00
1.206486993741795244e+00
1.210730339105633657e+00
1.198404943781675280e+00
1.164848082208940649e+00
1.179817055114871005e+00
1.158701073107140989e+00
1.185635868192123521e+00
1.168867905789958472e+00
1.172950675215784333e+00
1.187565801704731250e+00
1.174205968369235631e+00
1.169765611724382870e+00
1.180271043315885615e+00
1.180477558583901354e+00
1.160732680236278291e+00
1.166850485722363384e+00
1.172143337707794108e+00
1.173284603984091845e+00
1.182905571686672985e+00
1.201090823948469888e+00
1.189666918866566281e+00
1.216183989524980191e+00
1.182904056309689311e+00
1.184434635840986294e+00
1.191796454689568519e+00
1.218887069370842680e+00
1.209120495324134570e+00
1.183885558140264971e+00
1.214652753465539137e+00
1.229534038312838584e+00
1.199405839770337545e+00
1.217142612195348583e+00
1.196896363681676512e+00
1.189251498394637174e+00
1.188695340087098984e+00
1.201237535314664262e+00
1.208334682624644829e+00
1.205757437683917299e+00
1.200037221687385580e+00
1.236013241154006348e+00
1.194754185691325743e+00
1.224781058875751061e+00
1.223007696085693041e+00
1.209759751009976902e+00
1.220840045911677718e+00
1.184091248125363149e+00
1.188966607178749690e+00
1.204048025563496660e+00
1.232950281339529441e+00
1.248005011760153105e+00
1.206191275032286292e+00
1.227294052434477312e+00
1.229621294027912093e+00
1.234894000016820925e+00
1.240717461462619076e+00
1.244168211558804416e+00
1.239057430552502170e+00
1.235968820663043477e+00
1.237317858200480680e+00
1.207629790722394292e+00
1.226543432311489434e+00
1.201125359603743892e+00
1.228603664313455024e+00
1.225608759070850873e+00
1.219890476055375705e+00
1.219245548748743246e+00
1.203265523955090233e+00
1.222823279906438465e+00
1.215843080844399182e+00
1.212890429770473011e+00
1.215508931488284983e+00
1.209165048031032086e+00
1.224373253949841311e+00
1.220671276912818737e+00
1.201374816917473831e+00
1.251659638866902124e+00
1.214931281869960245e+00
1.216258679357287154e+00
1.190840544878359664e+00
1.223784471139203633e+00
1.227632500006183180e+00
1.235885970665079769e+00
1.228005366376664798e+00
1.231860533719983941e+00
1.224705530182536473e+00
1.223667940116428099e+00
1.210941742868369531e+00
1.198259678790730032e+00
1.233101209743908244e+00
1.221132709445450493e+00
1.220448144808195412e+00
1.226404174882993692e+00
1.240355604232463937e+00
1.236355040887698209e+00
1.228629533221684111e+00
1.215025614617387895e+00
1.222870245007292134e+00
1.218376425363377535e+00
1.225792451890770129e+00
1.216647298333742189e+00
1.220215331022551641e+00
1.229038298133455109e+00
1.202905350145796470e+00
1.244833687083293672e+00
1.225563877387304101e+00
1.235030749208674283e+00
1.220486578934048216e+00
1.250469010640014700e+00
1.242095829330650325e+00
1.250254261574716530e+00
1.240448557870419410e+00
1.203820518942176232e+00
1.198184632211536593e+00
1.191425890640648300e+00
1.215679918356159517e+00
1.236066109364722276e+00
1.203804952700625375e+00
1.187609959425380168e+00
1.193761948784575422e+00
1.190604700345064160e+00
1.186030209358654997e+00
1.195437606691421850e+00
1.212185101044078950e+00
1.183388890936599713e+00
1.180595635587574188e+00
1.187077347206375144e+00
1.181053968976885971e+00
1.178195768454000092e+00
1.183423127658531637e+00
1.198761699247038681e+00
1.203688626088551761e+00
1.200849463558644414e+00
1.208464441453415361e+00
1.202788827669098337e+00
1.210044217919546972e+00
1.189731344450159600e+00
1.195017327559519948e+00
1.213560891942170761e+00
1.203520822854941219e+00
1.207324944306833459e+00
1.190094169263703927e+00
1.182157965865159532e+00
1.183103075883354505e+00
1.179834695664701893e+00
1.174343097635091482e+00
1.182363537523454022e+00
1.189664726286327356e+00
1.188538066726768649e+00
1.195855143755833794e+00
1.183184502917564940e+00
1.199706054215466722e+00
1.198437324091145673e+00
1.192279305010313761e+00
1.195235737419309441e+00
1.209093304354721621e+00
1.206577428145766628e+00
1.206025497197257046e+00
1.215844551715242083e+00
1.199121177320671361e+00
1.209813263204513989e+00
1.192432752917566896e+00
1.191796149992280895e+00
1.188960427752835614e+00
1.201414304534041300e+00
1.187303703603975746e+00
1.188524284792240593e+00
1.201305341889752132e+00
1.238580177702581775e+00
1.223436827929864190e+00
1.234090101211774648e+00
1.212690202946621110e+00
1.243208806802622135e+00
1.238236452471050741e+00
1.207811054877501844e+00
1.230389331205058667e+00
1.235666638102790094e+00
1.234719521983509205e+00
1.199818855948548535e+00
1.227847661001700619e+00
1.249432647504162608e+00
1.257449548610062751e+00
1.222795379489079792e+00
1.234038965651570230e+00
1.219934056570426639e+00
1.234999491438192987e+00
1.210688611181431007e+00
1.217182245568889210e+00
1.210470417617032224e+00
1.206983902895149008e+00
1.204248529555374203e+00
1.207682242785169668e+00
1.224223264402694689e+00
1.224817906282876345e+00
1.220517539603519053e+00
1.209215385192660808e+00
1.203218828421823927e+00
1.210422640914095904e+00
1.194754263247057136e+00
1.195952798458874700e+00
1.201822441883754200e+00
1.201993348034182674e+00
1.201436110061633089e+00
1.197458365902934974e+00
1.204974491867976560e+00
1.212841068741916217e+00
1.203377635155246539e+00
1.205413457868444338e+00
1.190147822142104239e+00
1.206782304246658111e+00
1.217326023942952418e+00
1.206410710892921623e+00
1.199837381952254090e+00
1.216202140615823213e+00
1.206441448840191777e+00
1.210121069125617677e+00
1.216362075552568367e+00
1.197563325096870468e+00
1.214546616925240796e+00
1.202293133879691389e+00
1.205570593337522700e+00
1.214889159009753250e+00
1.204886545039439483e+00
1.185127942406681179e+00
1.185322649316694843e+00
1.199872797124538870e+00
1.203363367752984248e+00
1.206167634751226680e+00
1.199460919709765649e+00
1.210615344526040360e+00
1.190205261441909190e+00
1.204622946182947185e+00
1.197285962546146498e+00
1.199276264759502997e+00
1.198030786009420368e+00
1.193245076382677405e+00
1.206609665673073595e+00
1.204922239161361430e+00
1.205132524157397800e+00
1.212474193939861777e+00
1.221152279857632639e+00
1.196939320800428863e+00
1.200263933033404840e+00
1.208259773240486723e+00
1.232912012113983824e+00
1.228702421244950660e+00
1.226214276884007415e+00
1.205520593498248472e+00
1.197260689539536127e+00
1.193851034327261473e+00
1.185363287430388324e+00
1.183663116525073722e+00
1.185619763775547897e+00
1.178737432114718819e+00
1.187808305100459760e+00
1.182274988160781914e+00
1.194353126116725283e+00
1.193771504908964776e+00
1.194150590150471203e+00
1.182832907964586067e+00
1.186030629275865111e+00
1.186899821052568971e+00
1.188231835645424006e+00
1.175606365450420521e+00
1.184805233771496047e+00
1.195792306523328019e+00
1.192071008732563664e+00
1.191144485889242155e+00
1.199903674349349192e+00
1.220325556172001003e+00
1.196861330037120474e+00
1.210062613606512905e+00
1.216892572291724317e+00
1.180966157705213959e+00
1.185834207255286987e+00
1.179096412487693035e+00
1.195121734375102607e+00
1.192192864380874795e+00
1.218728390853736965e+00
1.227571298655825593e+00
1.232883302020841398e+00
1.227508250847049176e+00
1.231619393271209395e+00
1.232695532095466451e+00
1.236555958515394238e+00
1.228448711240242686e+00
1.220201487452755140e+00
1.243221245262345676e+00
1.256362310392062032e+00
1.233027301500630113e+00
1.227928466251380524e+00
1.198490846401621734e+00
1.226250819361794697e+00
1.223995043509179981e+00
1.199950681883094949e+00
1.207974430842502667e+00
1.201125707932721109e+00
1.205857829574690232e+00
1.247231623366434450e+00
1.214452511572869708e+00
1.233631769164423631e+00
1.241809592890392944e+00
1.244363491633342145e+00
1.230117243708655606e+00
1.235803287022375629e+00
1.211853493537683235e+00
1.231211816668227765e+00
1.211072297070140413e+00
1.219915518259159670e+00
1.207054801883107764e+00
1.231078648551966248e+00
1.239224617004271556e+00
1.247716060058605025e+00
1.230424991241492405e+00
1.232870578260947703e+00
1.238445424063298939e+00
1.214582427353722682e+00
1.192509580695499727e+00
1.206979618770476659e+00
1.225749106162876911e+00
1.224923894391177770e+00
1.229986834674489105e+00
1.257865918476571476e+00
1.224887164586530020e+00
1.230076711454558547e+00
1.242052459295287292e+00
1.218733243510210729e+00
1.203088650800640869e+00
1.192681124632366529e+00
1.200478843929064343e+00
1.199939348698410901e+00
1.201086907290220385e+00
1.207533247075231353e+00
1.192381656706585025e+00
1.214016732074015836e+00
1.240441944765837468e+00
1.207458800162937385e+00
1.213905082832879234e+00
1.246505510783748605e+00
1.224144500603105534e+00
1.246249923846435292e+00
1.212029134206815684e+00
1.206161409772218862e+00
1.239234619301253559e+00
1.234819629272343233e+00
1.205902317948294833e+00
1.230564179313550666e+00
1.237708194217297164e+00
1.215641591834421442e+00
1.203775282217801168e+00
1.217305382427851690e+00
1.208984098634269699e+00
1.199102706805752705e+00
1.186463301197150155e+00
1.225718816830907887e+00
1.198465463917040008e+00
1.207193833066254607e+00
1.198592447484144730e+00
1.196339624821573411e+00
1.210225238113006752e+00
1.183581819812414837e+00
1.208922656728367517e+00
1.207249085871486383e+00
1.213650632146579644e+00
1.184743550817803692e+00
1.208724922921991185e+00
1.216556286787975116e+00
1.209945060061119015e+00
1.207938953659946080e+00
1.242269339185745558e+00
1.204699089102005516e+00
1.222333742469261297e+00
1.230931576896047597e+00
1.203204422644624572e+00
1.236985309341445127e+00
1.215672505757528166e+00
1.216393801552907217e+00
1.236863018183820717e+00
1.219340675085531789e+00
1.247293544136143018e+00
1.263875174653308564e+00
1.217755133519731858e+00
1.222114158467062062e+00
1.221826567814519926e+00
1.246586775394910251e+00
1.216213339297781859e+00
1.258132326342940477e+00
1.232320640487929886e+00
1.209792642959990117e+00
1.216882779022517180e+00
1.217275799459034635e+00
1.209542923488938770e+00
1.208774768253410681e+00
1.212710018848057070e+00
1.198952027462121928e+00
1.208973342498670833e+00
1.194105801610651607e+00
1.219170974720426015e+00
1.219522996727173236e+00
1.224511557403629380e+00
1.221038309849524994e+00
1.191371025537126593e+00
1.190900624680922393e+00
1.192330812920626926e+00
1.192860124319881754e+00
1.191806817784922368e+00
1.187472932643512058e+00
1.193475055027508613e+00
1.213991742194390211e+00
1.198944275211271560e+00
1.197942125217710485e+00
1.202478304568588507e+00
1.197554167963416294e+00
1.231699263959703750e+00
1.205665472935276927e+00
1.226784108433281117e+00
1.215630409509481646e+00
1.191173388727148286e+00
1.198880139412259016e+00
1.210110748532079672e+00
1.210186194116847025e+00
1.204775300286934581e+00
1.231745636963086810e+00
1.239708428848437904e+00
1.210966204086836084e+00
1.250312290839499463e+00
1.256898513934901152e+00
1.198556948908312769e+00
1.210005823983646422e+00
1.224775557021536176e+00
1.208390197673014477e+00
1.210216047154917929e+00
1.214245022930385165e+00
1.206197018840612589e+00
1.228403989999066193e+00
1.224937924632177877e+00
1.226664269433690446e+00
1.217922060603823908e+00
1.225713164931653054e+00
1.230728914996885193e+00
1.237576184885081920e+00
1.199913715688929239e+00
1.199256305768929387e+00
1.219333595101007139e+00
1.216649410374410989e+00
1.226003280330815182e+00
1.225325615512376398e+00
1.222333709760285325e+00
1.231844818647028106e+00
1.214814886939972638e+00
1.206264784083158847e+00
1.211320294022565580e+00
1.214369890271075114e+00
1.203224190817921979e+00
1.209044137258080909e+00
1.204894695915906810e+00
1.202654552779582664e+00
1.201405667330686544e+00
1.200031244297318889e+00
1.207385834876741448e+00
1.187575709756939490e+00
1.201505662289966025e+00
1.195481315384862908e+00
1.198909333969577551e+00
1.185300457185403777e+00
1.196606806360922315e+00
1.199154738180753021e+00
1.173728714071719192e+00
1.198771280380902304e+00
1.194918469938432759e+00
1.214034675790861550e+00
1.237920136257389503e+00
1.209831997166458617e+00
1.190731830751432074e+00
1.202334007341570699e+00
1.202688742074016659e+00
1.201993461659172091e+00
1.213112458806299587e+00
1.208694232670195712e+00
1.202157111441099824e+00
1.171101393898402510e+00
1.185405648260473788e+00
1.213259431664554411e+00
1.218447406417471734e+00
1.216556970080808320e+00
1.186471211767581524e+00
1.224972803614937211e+00
1.216016659196172300e+00
1.173876827377791310e+00
1.203609917275826779e+00
1.222262256672568936e+00
1.208909205967018119e+00
1.204426221267591135e+00
1.168270255679057845e+00
1.175963685644666246e+00
1.179452472991998180e+00
1.194586437990220462e+00
1.205748592691316290e+00
1.214028585151345041e+00
1.183016153570810580e+00
1.188279068236735014e+00
1.179606579101917463e+00
1.179796938769738235e+00
1.198568795045810154e+00
1.199634571790471282e+00
1.209056382264618312e+00
1.212295661950685055e+00
1.207715656934778226e+00
1.224975227514331522e+00
1.220265802108486453e+00
1.237312808096504790e+00
1.214545327393162566e+00
1.214386600508024383e+00
1.213813336454629077e+00
1.224477017552510816e+00
1.277886774874668063e+00
1.262417120768893231e+00
1.239707502893186986e+00
1.222425839963200422e+00
1.228976488246496634e+00
1.235319402418690649e+00
1.214991544246380117e+00
1.249825920026941928e+00
1.274750460855190060e+00
1.217929401611100415e+00
1.211396697545500389e+00
1.212235604569258607e+00
1.204349758617228927e+00
1.234191371985812413e+00
1.238436792744949555e+00
1.232738216115619734e+00
1.249355657066264280e+00
1.219649114705048332e+00
1.215580582084317074e+00
1.231718318073124152e+00
1.221392677625460665e+00
1.239087225588012986e+00
1.243788850346137176e+00
1.206977398954019121e+00
1.219296242993017643e+00
1.230653984511029808e+00
1.180222239096715198e+00
1.226099222552756718e+00
1.213323071989420132e+00
1.215788777864486914e+00
1.215455038180998315e+00
1.208362004863342554e+00
1.203101279407094992e+00
1.213246689403307155e+00
1.200527315563302944e+00
1.204344477517429457e+00
1.223395544638919752e+00
1.227866487684514674e+00
1.242448896135204706e+00
1.278449180990717027e+00
1.257398277051503532e+00
1.294034660634372891e+00
1.245781025923957674e+00
1.289630244029094319e+00
1.305933524387939082e+00
1.312922924477661013e+00
1.282662935599003573e+00
1.277862456653833245e+00
1.268506779839562615e+00
1.267437528980940975e+00
1.265591552967667788e+00
1.241660433321711610e+00
1.301568229163715174e+00
1.317382194048846378e+00
1.296020487448743763e+00
1.314949439069774684e+00
1.282700790586563055e+00
1.293917500696032619e+00
1.288967473821327925e+00
1.282205118453993764e+00
1.312048088930962253e+00
1.290703618586201085e+00
1.291423338029466406e+00
1.331153998372003988e+00
1.308600810057781061e+00
1.277555369958746745e+00
1.266256923681536417e+00
1.286587993778094408e+00
1.286450695842862979e+00
1.275676127203517307e+00
1.292285160906194497e+00
1.269144101072988695e+00
1.262114855873512909e+00
1.272282658475861306e+00
1.272913056133741172e+00
1.308613044110572998e+00
1.305523083204911838e+00
1.286846172133244481e+00
1.267194453981878466e+00
1.317153039107051837e+00
1.224732057040823774e+00
1.239487831340417401e+00
1.276545260029186890e+00
1.266392898910964293e+00
1.273715803636823241e+00
1.278117443649776863e+00
1.241764970733310269e+00
1.248713141729139053e+00
1.242445051892152152e+00
1.272769776404417907e+00
1.252361731161213187e+00
1.225753870519507904e+00
1.228028934742524392e+00
1.264410327607252915e+00
1.283741029483237872e+00
1.252665243445761023e+00
1.296179478796264828e+00
1.311545937231843650e+00
1.270243254112594533e+00
1.256657294007695658e+00
1.208516422306437965e+00
1.295330546941060756e+00
1.254032535586609765e+00
1.288819255338845560e+00
1.241029400395953441e+00
1.232147393607988972e+00
1.302534137262209901e+00
1.251216017268431235e+00
1.281713263878346831e+00
1.261663337282149744e+00
1.259042412074136141e+00
1.233213227290769654e+00
1.220243785002746550e+00
1.240497420761527803e+00
1.222062716369773705e+00
1.235514784827979939e+00
1.249823224805168387e+00
1.245356272382973639e+00
1.240458684678933388e+00
1.239678065214112390e+00
1.240510243007397317e+00
1.244886377027823121e+00
1.241500842406445315e+00
1.251904838488973049e+00
1.231231736164436708e+00
1.232858757721231990e+00
1.242734804706887353e+00
1.268847806661464350e+00
1.268347201609965280e+00
1.234576569532513268e+00
1.233990524020395885e+00
1.252231566475903168e+00
1.248589689510744227e+00
1.256779323369713097e+00
1.270635964023289377e+00
1.246570753216129868e+00
1.264683872261468389e+00
1.284728518048052326e+00
1.255803303973723972e+00
1.258140561228376697e+00
1.251362289463972655e+00
1.234837459185263553e+00
1.207264634259681557e+00
1.213406752539450739e+00
1.232980896443491403e+00
1.269907359807281644e+00
1.229237413631824039e+00
1.253255674842276290e+00
1.249960712450120415e+00
1.255917611935070344e+00
1.248944341516405654e+00
1.271019056404756986e+00
1.251882260682319892e+00
1.288158840640274638e+00
1.245110341211020932e+00
1.218734545573554096e+00
1.208847540803708709e+00
1.204350052427281881e+00
1.211172873258376192e+00
1.199076502988469795e+00
1.200406868937324179e+00
1.213699184997173441e+00
1.224784385435798928e+00
1.231618912981403469e+00
1.284500074177658213e+00
1.240636806849364504e+00
1.214920264438398068e+00
1.234781452019407588e+00
1.219719220866554821e+00
1.243802085097100552e+00
1.206049240368861852e+00
1.222335934827166737e+00
1.241845569144573558e+00
1.250714994584015027e+00
1.244195906897307635e+00
1.207474323993621645e+00
1.226343841711129201e+00
1.249453195918711401e+00
1.277845664736579012e+00
1.267833459401687124e+00
1.285583560558321903e+00
1.273536235909341396e+00
1.274969215348662699e+00
1.251111348213219232e+00
1.295838221563989645e+00
1.281009721241115118e+00
1.291437763379145842e+00
1.289836733581722905e+00
1.288652871156602098e+00
1.259522829920794340e+00
1.306038386696465325e+00
1.267875973746317442e+00
1.281671918597860227e+00
1.265057010070111287e+00
1.261502719261984984e+00
1.242209380166054755e+00
1.268073958702059967e+00
1.278847489165702900e+00
1.261710348256412040e+00
1.258822131875831696e+00
1.229356298518489599e+00
1.289680270000020945e+00
1.264533361171401360e+00
1.237859378244160924e+00
1.246818762231439059e+00
1.240822138405998087e+00
1.250114194303021842e+00
1.294142039233737940e+00
1.284924091457883000e+00
1.289249913825282423e+00
1.283272871663257764e+00
1.279431125161809346e+00
1.281655482892068765e+00
1.275389192358753920e+00
1.260615149695464510e+00
1.271497027829245896e+00
1.276616897589970545e+00
1.268314783602498608e+00
1.283983058622532925e+00
1.281018367042498607e+00
1.290824598869317219e+00
1.272298230504457894e+00
1.262593824626029315e+00
1.258189057013550771e+00
1.293109972725039025e+00
1.275191025009373869e+00
1.283989980745849246e+00
1.290150171962972436e+00
1.282109244890438760e+00
1.277158556370665998e+00
1.284625217151296850e+00
1.281962232462898310e+00
1.280915811017155237e+00
1.259658664577917087e+00
1.255599120763365883e+00
1.275547192861530288e+00
1.267538395901901982e+00
1.263705008213760195e+00
1.293525764679073431e+00
1.278350318549383191e+00
1.286572637302324074e+00
1.273943407290995422e+00
1.277963368653743048e+00
1.281625373027386328e+00
1.264767800422089250e+00
1.260705364756330438e+00
1.252056183214863561e+00
1.267816041051124554e+00
1.263338026786603008e+00
1.275791690936979972e+00
1.285013410399663769e+00
1.271026884735379836e+00
1.275598773748034986e+00
1.282433074839291143e+00
1.258798748865207262e+00
1.285101504604904132e+00
1.275547336461737125e+00
1.253221003864184224e+00
1.267603236691674962e+00
1.250877588432364851e+00
1.238005667837444701e+00
1.243927071007103535e+00
1.243193547245160513e+00
1.275792431913345570e+00
1.253248144497015382e+00
1.248294725540068040e+00
1.268882213428455863e+00
1.246485905371867764e+00
1.244538078155475347e+00
1.242604495381817165e+00
1.249823178856920292e+00
1.245503069570951249e+00
1.234496318405333914e+00
1.230913986187516462e+00
1.267820511270479900e+00
1.277723466332840729e+00
1.243991091322413256e+00
1.235136262594816792e+00
1.250806671423065231e+00
1.265023488418333120e+00
1.257765374874745046e+00
1.254881298536536294e+00
1.239607402069919040e+00
1.247408402240792968e+00
1.255783673479994755e+00
1.238474376700288149e+00
1.271135371271166603e+00
1.233512718830666044e+00
1.253470340610963518e+00
1.268532617826979791e+00
1.240966348869197544e+00
1.239643484645311267e+00
1.248912304424574460e+00
1.279867115611942330e+00
1.264515825060920751e+00
1.251021231337308137e+00
1.249326275416361653e+00
1.262335330248626653e+00
1.276876688452590836e+00
1.316896959113805998e+00
1.315689639434163283e+00
1.302147227295661347e+00
1.269170045602813435e+00
1.269339434059748362e+00
1.264834986231241354e+00
1.262618214808298722e+00
1.282006100751555078e+00
1.255426533290136648e+00
1.253941486580420372e+00
1.258116546450002371e+00
1.286801532376154356e+00
1.317004530311639554e+00
1.257448832375730685e+00
1.237281709542025210e+00
1.271243806614801297e+00
1.259846267967885680e+00
1.257724534505256120e+00
1.287663178859904667e+00
1.234837011590115496e+00
1.222371158861395912e+00
1.241586521343423399e+00
1.262490731284956702e+00
1.220004887800773652e+00
1.254249636120593259e+00
1.261454545694466578e+00
1.258649060922812257e+00
1.287062650816239051e+00
1.319787884715914350e+00
1.324274199677277997e+00
1.292033426430876597e+00
1.278502342923476309e+00
1.257583716889995484e+00
1.277112150697775173e+00
1.288975842445291509e+00
1.298384060339200952e+00
1.281672077191035042e+00
1.268844061132066825e+00
1.288195856430535802e+00
1.283369472088597085e+00
1.275494243636056346e+00
1.273403625199242217e+00
1.283539159187217393e+00
1.280744511990666856e+00
1.235911233530523345e+00
1.254917124487516800e+00
1.238086207881553547e+00
1.249943429630565150e+00
1.249149806979625854e+00
1.237208851610648752e+00
1.200199522216235382e+00
1.250868575810053507e+00
1.281287697796371861e+00
1.265161395626088980e+00
1.299872167230760267e+00
1.295449410282026648e+00
1.292377484363610440e+00
1.290260659031472468e+00
1.282656120852006199e+00
1.300345412925073108e+00
1.303337703531662228e+00
1.311865708879877079e+00
1.291872338828301769e+00
1.281950626173758545e+00
1.283539648888519569e+00
1.276362603540863949e+00
1.277813446889163096e+00
1.286315512209765366e+00
1.316688534076301709e+00
1.276365555799887419e+00
1.286806794211187599e+00
1.269394315565146147e+00
1.250053464139047721e+00
1.248672617515416139e+00
1.231414906433938361e+00
1.229666720865929985e+00
1.218552850807770760e+00
1.238670869216105030e+00
1.226414254230926204e+00
1.262417307217067242e+00
1.211219391169157555e+00
1.225321159404064941e+00
1.249758616121506849e+00
1.216472489784529598e+00
1.206118231369348814e+00
1.217065656680558217e+00
1.232602217645196285e+00
1.283230578227233520e+00
1.243488831401824868e+00
1.242615849611371281e+00
1.262637255863441554e+00
1.249549150634531758e+00
1.235479868423815519e+00
1.233142278436765382e+00
1.213990220066998527e+00
1.265760312121077868e+00
1.273261994526604601e+00
1.272731922654475767e+00
1.289983092842793777e+00
1.261015286599477703e+00
1.300175417666091349e+00
1.258619631504838576e+00
1.252398717108893944e+00
1.280886294358791311e+00
1.264892426927125113e+00
1.268917711236345447e+00
1.222181586726724056e+00
1.227709039142058867e+00
1.251615800629954700e+00
1.222453324326388202e+00
1.223413560215990570e+00
1.239481839359402038e+00
1.251849815959510837e+00
1.252505341428547858e+00
1.260423682617762386e+00
1.262597602846838640e+00
1.286363778989280782e+00
1.301427680562870393e+00
1.277351494714011659e+00
1.249472915561467667e+00
1.272609791629882192e+00
1.205009583676968976e+00
1.197268108849773194e+00
1.222511830469325211e+00
1.191073086057389485e+00
1.218992707644449558e+00
1.196951045282276249e+00
1.217936178116549639e+00
1.248979364070455622e+00
1.188937216622904636e+00
1.184880829896529875e+00
1.213242586736288597e+00
1.253132335379028905e+00
1.239738405038116831e+00
1.225425660715802501e+00
1.229429019860851513e+00
1.209313439645479216e+00
1.244730085254544205e+00
1.231891817876296091e+00
1.224308735119173486e+00
1.239283532511552544e+00
1.252852307557193567e+00
1.206115745255724514e+00
1.253509567909664613e+00
1.228463964956987509e+00
1.243259835766456600e+00
1.258248207665958684e+00
1.263448404741451370e+00
1.220096322509982789e+00
1.256579658121205201e+00
1.265000639746647559e+00
1.283148918427410079e+00
1.323484873232632530e+00
1.345781501142837344e+00
1.337893796995255347e+00
1.303281837780655206e+00
1.286166976671097695e+00
1.351476868972228518e+00
1.309406163975663340e+00
1.352834444925060220e+00
1.341292714304099798e+00
1.292867822475012751e+00
1.304883143114935695e+00
1.325624961863539397e+00
1.337274433807184693e+00
1.305905897544321403e+00
1.305040285157954560e+00
1.314821344233725542e+00
1.360725219469895775e+00
1.357939010364484611e+00
1.317459569521093776e+00
1.326313735868556609e+00
1.360150368673431531e+00
1.353921650285020428e+00
1.360189969387597841e+00
1.377781140708131069e+00
1.348968687350879936e+00
1.376432488152304678e+00
1.352404758238305638e+00
1.327901187478357503e+00
1.295811461066655124e+00
1.312481735526638271e+00
1.318328737550640728e+00
1.304632301060496991e+00
1.320262747250887214e+00
1.319370529471840747e+00
1.337707949748454750e+00
1.303905848506905940e+00
1.357495149205418583e+00
1.355044744462982509e+00
1.335343009669351710e+00
1.333476622678936074e+00
1.324728636634443291e+00
1.370384201280965497e+00
1.302870239188174573e+00
1.336716182260779595e+00
1.327003296717836456e+00
1.359236283216267216e+00
1.343213068550666023e+00
1.344410932369843659e+00
1.331444233433468183e+00
1.326518956765667445e+00
1.364137276008172250e+00
1.309888879212667501e+00
1.326046127072734171e+00
1.321373551175552885e+00
1.317564726536277320e+00
1.325575222036138090e+00
1.349816098249383867e+00
1.356982516941946271e+00
1.334826669848726333e+00
1.346163549962609673e+00
1.377324115699504414e+00
1.340399286181959138e+00
1.308216417868751646e+00
1.358144508101680081e+00
1.354415930997255435e+00
1.316910082274490357e+00
1.341173889017630794e+00
1.314368034889680015e+00
1.339117367133660474e+00
1.311997191678845764e+00
1.306084961513255482e+00
1.335043308279364904e+00
1.326655895525287621e+00
1.292815780697045280e+00
1.315052456469298470e+00
1.327673111145649898e+00
1.288904649420933746e+00
1.286101483518864441e+00
1.243613198172315304e+00
1.315905759907726402e+00
1.331004005652881794e+00
1.307055824978125669e+00
1.314609324191330142e+00
1.340162373871936596e+00
1.307824786066868583e+00
1.285529476115309766e+00
1.314885175496650405e+00
1.312601179881651481e+00
1.303905826616468477e+00
1.305337680980141357e+00
1.280765155010627376e+00
1.293780750208162411e+00
1.291779522910119438e+00
1.285576025058539518e+00
1.301055562234901819e+00
1.289722068825277734e+00
1.346177304247071715e+00
1.302225116765120649e+00
1.321569214080087207e+00
1.303932768437024992e+00
1.287712404480818584e+00
1.298629543575902989e+00
1.288530087308132233e+00
1.300806575588789871e+00
1.285338536047526681e+00
1.275416730639027829e+00
1.285220449103138929e+00
1.288976185066517122e+00
1.323222434948864379e+00
1.280037331126719691e+00
1.293260494069366828e+00
1.314657478429386517e+00
1.335457920124988540e+00
1.300883052070664903e+00
1.319073332406967669e+00
1.328789100442670401e+00
1.295670302919745387e+00
1.276120872831725928e+00
1.293583911116116258e+00
1.296104066070905780e+00
1.302128075641350025e+00
1.300189850633833410e+00
1.251906699681697877e+00
1.265370715114993994e+00
1.282047195674930862e+00
1.277515264473641166e+00
1.296870528662829036e+00
1.304717664618454842e+00
1.275943153339498704e+00
1.282395900421324786e+00
1.282108547956671840e+00
1.278164700370005624e+00
1.323002083409053009e+00
1.315875402742633371e+00
1.316666046229704623e+00
1.275487839385105016e+00
1.231568197686213617e+00
1.238260475047468168e+00
1.281001420442758665e+00
1.231157034282290841e+00
1.237175287111423438e+00
1.245438590719254668e+00
1.260871451046631675e+00
1.283873297643776556e+00
1.280410602495545724e+00
1.263288471317545625e+00
1.262091866139633423e+00
1.299113110236588708e+00
1.264179057162803765e+00
1.296344567931523972e+00
1.290608020389192978e+00
1.303079338636597750e+00
1.260352241878830215e+00
1.311914355805807064e+00
1.274071548057642111e+00
1.299029696940566136e+00
1.302610911451027365e+00
1.291478187708987813e+00
1.308744001393276513e+00
1.259294336307642759e+00
1.411172512977130200e+00
1.369355686261158667e+00
1.336515220027663320e+00
1.325842184322495454e+00
1.263468193137822881e+00
1.310511635878897296e+00
1.303746927525935018e+00
1.286631743171927633e+00
1.285873683812032375e+00
1.281903382708413863e+00
1.304064816106021318e+00
1.326882357782797062e+00
1.327377455502039894e+00
1.280462656820492207e+00
1.312692646382909389e+00
1.337479443336902829e+00
1.292719199169243938e+00
1.285202932814338173e+00
1.284650187168390856e+00
1.309738716002928571e+00
1.313071344550187369e+00
1.376749450218921478e+00
1.359832808512236868e+00
1.339885767010539075e+00
1.328102272648314486e+00
1.346242750031639623e+00
1.312499945232485032e+00
1.340770130621877332e+00
1.348133792742287618e+00
1.283952490647877198e+00
1.282136577941127120e+00
1.318359955343278989e+00
1.307132341032486655e+00
1.297941227973519185e+00
1.295081026662078250e+00
1.284051424692679744e+00
1.303074159019208755e+00
1.298679592078872957e+00
1.298480854875905921e+00
1.309125811389075578e+00
1.310547125384274203e+00
1.323367830973677162e+00
1.336351311789996110e+00
1.298127531857300232e+00
1.273989446978930573e+00
1.261514879354219021e+00
1.267265595179280835e+00
1.322616720925524181e+00
1.298276186417869127e+00
1.279742043465130763e+00
1.331587817014772357e+00
1.333470890670798159e+00
1.316251627780978373e+00
1.271302199239859432e+00
1.272520620837317207e+00
1.300621693159230485e+00
1.344647567107937425e+00
1.329156322061576967e+00
1.319398241412000017e+00
1.304364666196157208e+00
1.283700408592525211e+00
1.297812059069083812e+00
1.310900849334939888e+00
1.310904547204449599e+00
1.329328574190618006e+00
1.283961903812901317e+00
1.277908009724302740e+00
1.276010793460641279e+00
1.267197581193941325e+00
1.242652711591077930e+00
1.250282302354146946e+00
1.209426208050859985e+00
1.200681086376359730e+00
1.213897872920270737e+00
1.236516787587643940e+00
1.255247065502015369e+00
1.231119619311395796e+00
1.281716216298460775e+00
1.226075632327525922e+00
1.241165511880535588e+00
1.238678721197037813e+00
1.215436803841280611e+00
1.241751821510961751e+00
1.244300671396990188e+00
1.272237300296451101e+00
1.285640822228351965e+00
1.275054338093879025e+00
1.287602147074440095e+00
1.234936131514290159e+00
1.264860139523961369e+00
1.270844547237409472e+00
1.294458446267856555e+00
1.298201501497129318e+00
1.293611008732436840e+00
1.300178188130358903e+00
1.275869359097659750e+00
1.263483848719452407e+00
1.286627974194736179e+00
1.283842956655612433e+00
1.299417469839405648e+00
1.323797835571318471e+00
1.270848784063415948e+00
1.274974459471596377e+00
1.266925590991755390e+00
1.257938359148863317e+00
1.298771035465620782e+00
1.242008080451379115e+00
1.286931870046633897e+00
1.260629081507164795e+00
1.255923087593482812e+00
1.248688768489854217e+00
1.254924470384916280e+00
1.260848251191048375e+00
1.272602533387857671e+00
1.271413626041269396e+00
1.247223167531241517e+00
1.252090832264205478e+00
1.249908124458653180e+00
1.281939545025245542e+00
1.310269608116158668e+00
1.249654996131958518e+00
1.263655337215436214e+00
1.294984480291982765e+00
1.279124210871536160e+00
1.264327084195765005e+00
1.279958032514102007e+00
1.266764518384970284e+00
1.262941378404045745e+00
1.272135044263393189e+00
1.260016926218383126e+00
1.288840439157518336e+00
1.245952075224381339e+00
1.281166659922113649e+00
1.271928204798729034e+00
1.281041193094933250e+00
1.299219130988282123e+00
1.273511424300866723e+00
1.292126944674935052e+00
1.274695330420446249e+00
1.274534734285116988e+00
1.269432131037900202e+00
1.253620860852049379e+00
1.243504993375210033e+00
1.253190638668177925e+00
1.235963440205788189e+00
1.232010781214540440e+00
1.228230851694755321e+00
1.235295033394561814e+00
1.265056275372814953e+00
1.205281162262239691e+00
1.245062020888286769e+00
1.260839285974396429e+00
1.255001671391123397e+00
1.276780087950779574e+00
1.261512352723252572e+00
1.263898658860029833e+00
1.249207168773864396e+00
1.261605201132568910e+00
1.244380772554897208e+00
1.285550910624399634e+00
1.276321592714546371e+00
1.278925951527029925e+00
1.274514934657993814e+00
1.270209042935999566e+00
1.258025694426056385e+00
1.246086661235145332e+00
1.249462520639294194e+00
1.259027716155064702e+00
1.268599586878053520e+00
1.288212149611859036e+00
1.253067129919949174e+00
1.271395644889643073e+00
1.228890063428218715e+00
1.266302523317712314e+00
1.257953606600368035e+00
1.286463712737859533e+00
1.271988883898146794e+00
1.271536509282584326e+00
1.271848900629473089e+00
1.265130152744832426e+00
1.275439457011707134e+00
1.269869303882858569e+00
1.252713342073058289e+00
1.276199142387819396e+00
1.274755451015623597e+00
1.270743051462578821e+00
1.251789960810767210e+00
1.273001977155766129e+00
1.257064114539381050e+00
1.276960885236504417e+00
1.276475888403812986e+00
1.250647787106331954e+00
1.288963739537325681e+00
1.283427468909808189e+00
1.269018690596850352e+00
1.288426207430684922e+00
1.289765216904241063e+00
1.291514707732562828e+00
1.268758626978144566e+00
1.294124090823621565e+00
1.303161125881897142e+00
1.311023661781465011e+00
1.288943971271656164e+00
1.325303606485993324e+00
1.294232632429138885e+00
1.274031766524031939e+00
1.265203729412007538e+00
1.291827337494890982e+00
1.281773599937551023e+00
1.279585528765749380e+00
1.256365482419791180e+00
1.268283139875024723e+00
1.295710782688911156e+00
1.276931978027702641e+00
1.298045847252245144e+00
1.274277762465655162e+00
1.282149401263296129e+00
1.272801756971569054e+00
1.273717740514944463e+00
1.262448441431521573e+00
1.261386606968862178e+00
1.266566576677447209e+00
1.283220712787078277e+00
1.272561376770934727e+00
1.289462158281706738e+00
1.311578163439895084e+00
1.315587564938057064e+00
1.311247862850979828e+00
1.295717274594408108e+00
1.307308627436646553e+00
1.316873545157892789e+00
1.317363927783076871e+00
1.273300337509908564e+00
1.287678174657428176e+00
1.295728987089322493e+00
1.303126535354510063e+00
1.299195114977489851e+00
1.285198811323940316e+00
1.325289628659020558e+00
1.296185628084125518e+00
1.288044605606888826e+00
1.261493521951096763e+00
1.295117445213503249e+00
1.276131190746672139e+00
1.283103095759600798e+00
1.257882308924930248e+00
1.291927891196694933e+00
1.265978067987349132e+00
1.265904061666571545e+00
1.283145029959812833e+00
1.237066386781351834e+00
1.254052441788340744e+00
1.262428795214315391e+00
1.235876190179050482e+00
1.264569815159810373e+00
1.222635059819345615e+00
1.217375972583763843e+00
1.208194387940587422e+00
1.225758964158193187e+00
1.244910978631198484e+00
1.234914445218931789e+00
1.232813731401830593e+00
1.234610884080726834e+00
1.225041199168421802e+00
1.202180551522543883e+00
1.227779970843251967e+00
1.227194019141014891e+00
1.273137818833584678e+00
1.221309406041664269e+00
1.231497617620260776e+00
1.227027252079943898e+00
1.239508981426066470e+00
1.268353879531940898e+00
1.229713882425637062e+00
1.229115984380921622e+00
1.238669112035855724e+00
1.240459338309206849e+00
1.239490047159617303e+00
1.244687294226638929e+00
1.247192754455239916e+00
1.252154038843277917e+00
1.200665334524431138e+00
1.218451326955007685e+00
1.243421546112334131e+00
1.236432305312239466e+00
1.259083475815367281e+00
1.253232089794038107e+00
1.232194931940792326e+00
1.268989511214440258e+00
1.285694111012777974e+00
1.247852748617085172e+00
1.254666116895014394e+00
1.235407966490295939e+00
1.245224478206875096e+00
1.248989624888004135e+00
1.252194555981190893e+00
1.263836588775781422e+00
1.245061103297243399e+00
1.241143706929236368e+00
1.257760880139969339e+00
1.267000576461766448e+00
1.234153945185483936e+00
1.229526429467176829e+00
1.265577492164710049e+00
1.269613699235013771e+00
1.262297034943346441e+00
1.226542920046760798e+00
1.245286803619419347e+00
1.257110520830945433e+00
1.257812493659413278e+00
1.246235619221299107e+00
1.245653513114201694e+00
1.296116825487409585e+00
1.290529148753718269e+00
1.292408230548709680e+00
1.239762135905260410e+00
1.250183929256095228e+00
1.258406812636128302e+00
1.247468323944458168e+00
1.257894169863532863e+00
1.258959242956848357e+00
1.246109000653361054e+00
1.238617021096843684e+00
1.238289998671429748e+00
1.242264707057237461e+00
1.258024922402513290e+00
1.254893718092374488e+00
1.275266687372594632e+00
1.240911720344653135e+00
1.237378409755244046e+00
1.242526017548985839e+00
1.225812290485625011e+00
1.193146885332087681e+00
1.234473599933396670e+00
1.222466963846523313e+00
1.216767311319173706e+00
1.236809525381818098e+00
1.224769516817835857e+00
1.240694698446267230e+00
1.247209162935554394e+00
1.244765815280589383e+00
1.221413197916085158e+00
1.224941091810018756e+00
1.258647524705865717e+00
1.226921228469342484e+00
1.228895536465024252e+00
1.228406220386933256e+00
1.234336035991332903e+00
1.225193967665226813e+00
1.230733110781281558e+00
1.238350632258866879e+00
1.245986992326417075e+00
1.242217422491254331e+00
1.245819923381657146e+00
1.241380709487166278e+00
1.262424578050939550e+00
1.282642614624475152e+00
1.256720565467943196e+00
1.287697153358246194e+00
1.235949288009390079e+00
1.234809690132873117e+00
1.235453524897353939e+00
1.205955989540762996e+00
1.217631373329002065e+00
1.212142431906126250e+00
1.193363627956466999e+00
1.209552064080414047e+00
1.205453497944503738e+00
1.237494326906962261e+00
1.214052990960114986e+00
1.221735141488667908e+00
1.213008985497556091e+00
1.202836868372041623e+00
1.198338609237965091e+00
1.201739543107988695e+00
1.223906862169098053e+00
1.209731650426985938e+00
1.230499488758753479e+00
1.225828252672687135e+00
1.240770340117315573e+00
1.234443783097609826e+00
1.236470304714586632e+00
1.252181697464579857e+00
1.267332385964697217e+00
1.251309908979727714e+00
1.264019444219389721e+00
1.285006277586032475e+00
1.279548131542933787e+00
1.233582547509727068e+00
1.211369510586816745e+00
1.240999373431232344e+00
1.242351405813818310e+00
1.273413916593348016e+00
1.231815204141712972e+00
1.289596091597805305e+00
1.318548164680309220e+00
1.283663538316800468e+00
1.281784625458347593e+00
1.285865514362790174e+00
1.320957200694910849e+00
1.310121323635316859e+00
1.284365026941774568e+00
1.308469486852139596e+00
1.278620940014693286e+00
1.325254548874930993e+00
1.325954352196969444e+00
1.284871278613845869e+00
1.303579874036441266e+00
1.291853886367136051e+00
1.284151867262974589e+00
1.364516944046636260e+00
1.355095162399033271e+00
1.345346291536180239e+00
1.283663502326958916e+00
1.325111873313366440e+00
1.315378826319638650e+00
1.295143857367020646e+00
1.325610374158455507e+00
1.331315018520317528e+00
1.348515397787386938e+00
1.366469924863342511e+00
1.337947060151740919e+00
1.340425448177831935e+00
1.339582630943161545e+00
1.356288002265632509e+00
1.341751157584484488e+00
1.315757974055286494e+00
1.348476937660194830e+00
1.354095630876602119e+00
1.355453189694425076e+00
1.351263612766422373e+00
1.353186003272896398e+00
1.331802761592473683e+00
1.318488482430250297e+00
1.314268193177758670e+00
1.333502910811284803e+00
1.328010345739064180e+00
1.309795926412946176e+00
1.313682197673422758e+00
1.336150341310508027e+00
1.363528019520169998e+00
1.341756077327685315e+00
1.367438188515389674e+00
1.352562005419714719e+00
1.330733333989882583e+00
1.318201820339537589e+00
1.315101866923349849e+00
1.265682996281042527e+00
1.281759284007937927e+00
1.282079325628927124e+00
1.295219570394156028e+00
1.300064742007249974e+00
1.293481047521655602e+00
1.320347699404220698e+00
1.313586308427252547e+00
1.281812909026732727e+00
1.298324815426036283e+00
1.302560720673149985e+00
1.308094157295116799e+00
1.259512021898161249e+00
1.256144818083394954e+00
1.301841974432269344e+00
1.248311188572855057e+00
1.274003628852593328e+00
1.255655703468186113e+00
1.272154708200488926e+00
1.278289976925631732e+00
1.278208708103288016e+00
1.275029651127321584e+00
1.283886871351449521e+00
1.268494866868295379e+00
1.249088090721433009e+00
1.252648786912112122e+00
1.305409664996930896e+00
1.287695410719875699e+00
1.301762686958383375e+00
1.269564801906217788e+00
1.273564916520629531e+00
1.280000455355203792e+00
1.274164370868888119e+00
1.286036470926784414e+00
1.262222275730353616e+00
1.276776616801176489e+00
1.273049145193660747e+00
1.267329795002230641e+00
1.250929552144878887e+00
1.283925079910056999e+00
1.315524649679741476e+00
1.274837245694188548e+00
1.303616482600642001e+00
1.293653675538543268e+00
1.278020436022147432e+00
1.290697273968155034e+00
1.277404454608446649e+00
1.316458841096711740e+00
1.293028557765248054e+00
1.326079782399997464e+00
1.302735444084640815e+00
1.303914804401343108e+00
1.290744358690772753e+00
1.301649862768561983e+00
1.302813158920002046e+00
1.352055848410538941e+00
1.339719065487073646e+00
1.343467403542523142e+00
1.331468182924052890e+00
1.275076678235233185e+00
1.280404826610105795e+00
1.313903217916129629e+00
1.268052651691240262e+00
1.256765456573617268e+00
1.254361706843719393e+00
1.307018901934294153e+00
1.304148864482082004e+00
1.320804360988604653e+00
1.298979506900861836e+00
1.335595217700592752e+00
1.301400169812912289e+00
1.305689368565898567e+00
1.301098776523571754e+00
1.304389509061156138e+00
1.301612908091052567e+00
1.335325560531840816e+00
1.274081463009278492e+00
1.285014866119381427e+00
1.292064149920421512e+00
1.327801490033838627e+00
1.300721759780589792e+00
1.306830253350143911e+00
1.271697898659306381e+00
1.278567290689398783e+00
1.325166554334785696e+00
1.297269544944119835e+00
1.289264705345725570e+00
1.270623604023080278e+00
1.325304947005465861e+00
1.288648188718886312e+00
1.295606843021462007e+00
1.287497883667413578e+00
1.278809774742588168e+00
1.369639653825990955e+00
1.318299891602985774e+00
1.330529694662571538e+00
1.317062988465109274e+00
1.316980328315159765e+00
1.346750805692626285e+00
1.332868016264320943e+00
1.367561949680035749e+00
1.361644731913839390e+00
1.307483555721532076e+00
1.340401508671194675e+00
1.364612957752772360e+00
1.331296629142042276e+00
1.337761707120491916e+00
1.375636471033720110e+00
1.340320503316232648e+00
1.364804522216027882e+00
1.347100886019120480e+00
1.433663288215555554e+00
1.393937889842272293e+00
1.406205865006215250e+00
1.411774747338928160e+00
1.418729245788995730e+00
1.407217396137885990e+00
1.418862730662880267e+00
1.419751852960216443e+00
1.402797163616316789e+00
1.402710319131225125e+00
1.399398058699331759e+00
1.382631187962891861e+00
1.346856313633286062e+00
1.364029242307979617e+00
1.371353226807007220e+00
1.361642309371102089e+00
1.364226633098066799e+00
1.366606696391756914e+00
1.395654360256259885e+00
1.396887615495883139e+00
1.365418164392063094e+00
1.363758001179079526e+00
1.367676458289494690e+00
1.370229964906098719e+00
1.357340403121940042e+00
1.376292404035108108e+00
1.351309585479710140e+00
1.365814015603908249e+00
1.366455024636854754e+00
1.311041191716111109e+00
1.321956340026201104e+00
1.318015838581628296e+00
1.318741095197540458e+00
1.332156721136842803e+00
1.301767779896631172e+00
1.327809938640604370e+00
1.354853599716444146e+00
1.325741714756133893e+00
1.327704380759267222e+00
1.317172787750360508e+00
1.311829745048719520e+00
1.331526635219339560e+00
1.327447778782292032e+00
1.383770947811421959e+00
1.417092595375531339e+00
1.356904587402943063e+00
1.407034986265940590e+00
1.330775641031921364e+00
1.305539258585774798e+00
1.325880046957435221e+00
1.277834898936987873e+00
1.276668534838617308e+00
1.307567027335611698e+00
1.283056222819351611e+00
1.294504015854770707e+00
1.249609014254768669e+00
1.265146925228817887e+00
1.261017359946281280e+00
1.295724336459051385e+00
1.277315977348099540e+00
1.280859470966728475e+00
1.303902033851173536e+00
1.258736889403335057e+00
1.281043069686446767e+00
1.255314469167341462e+00
1.246238430193049807e+00
1.252563154895319775e+00
1.258868053795026309e+00
1.269900699144272060e+00
1.248488206814905022e+00
1.245938434274971085e+00
1.259541872405652851e+00
1.278866381100357996e+00
1.267756377643456611e+00
1.269702774189946259e+00
1.248473451549919622e+00
1.301982032479881868e+00
1.257938112683188114e+00
1.253235425070180931e+00
1.239412693358480366e+00
1.259211564383858173e+00
1.252311150213508251e+00
1.259754389564815114e+00
1.261386035728250254e+00
1.235959052888984111e+00
1.232920798204035107e+00
1.267974802333660334e+00
1.261705117244939611e+00
1.232288666654672404e+00
1.237680547100947548e+00
1.227733059791756620e+00
1.232469355447949111e+00
1.247718117784353042e+00
1.270184159146974467e+00
1.273821715474930949e+00
1.266893607210305639e+00
1.246121077065466043e+00
1.254977764326105305e+00
1.248993026461811207e+00
1.259859946699811273e+00
1.240759926985252504e+00
1.228961015468479578e+00
1.254890704656717704e+00
1.240271968172384609e+00
1.230847134820159283e+00
1.214197044080091992e+00
1.239886613097780588e+00
1.215400573848492094e+00
1.225681858280927239e+00
1.244862768501060923e+00
1.225963093883598809e+00
1.241558372915547714e+00
1.259561191493230092e+00
1.251356804666358347e+00
1.250972977054396695e+00
1.226551911491533309e+00
1.248197250725731067e+00
1.242221211959194660e+00
1.250108993632429444e+00
1.241050349708451739e+00
1.231890496732082063e+00
1.239810904644673251e+00
1.268341531545582601e+00
1.241248358938097374e+00
1.235055568669446657e+00
1.248143790478382975e+00
1.229278411739898047e+00
1.232820579116432835e+00
1.248808969912434064e+00
1.248159821470170128e+00
1.263396999101824791e+00
1.250297850961928914e+00
1.256031576475001188e+00
1.255190697712312176e+00
1.266281438095704370e+00
1.277777886600759638e+00
1.265236380983529862e+00
1.270498127606210170e+00
1.269420009380681558e+00
1.263103371552372511e+00
1.241208879850395075e+00
1.234677362059036332e+00
1.232908831239115210e+00
1.224305437994513968e+00
1.222959530555306040e+00
1.242416797720618638e+00
1.224120898211307651e+00
1.219232467064891745e+00
1.253623785052578432e+00
1.244706461159442723e+00
1.219888567262595203e+00
1.241131753448342367e+00
1.251215318097523843e+00
1.257831120413687165e+00
1.256598487830991928e+00
1.240359894356515058e+00
1.248282063538524334e+00
1.241284040268050060e+00
1.230536349985555500e+00
1.238532675938958105e+00
1.239978367203338872e+00
1.223306096403422805e+00
1.226729474381007767e+00
1.239155608913548035e+00
1.245253059582083877e+00
1.221368777275150919e+00
1.243194751815043464e+00
1.235591617869428616e+00
1.237430418379826591e+00
1.224324103284267773e+00
1.248904004783767840e+00
1.249013919981206033e+00
1.235259109832053337e+00
1.240531410597801587e+00
1.232030646057507006e+00
1.236103242730058893e+00
1.241050881013439966e+00
1.241501569869924770e+00
1.247024471548606739e+00
1.245815629991079199e+00
1.251015831065431794e+00
1.281221751386856456e+00
1.250998847102683165e+00
1.269114385173218285e+00
1.284767834741850301e+00
1.260983613733235531e+00
1.258492746161574249e+00
1.278496566707041815e+00
1.304445770994550502e+00
1.316128189156222872e+00
1.287315347198474624e+00
1.299637475004242981e+00
1.273386630331313052e+00
1.338436019073019567e+00
1.339652811329278048e+00
1.302535012875042586e+00
1.329616422867446524e+00
1.331234008843671823e+00
1.336123806857448360e+00
1.337501305343437252e+00
1.343376394528158935e+00
1.367455755853506538e+00
1.327885844514277602e+00
1.347590289416247700e+00
1.319210705839803266e+00
1.362758307909152089e+00
1.353466268028359565e+00
1.351594718326110556e+00
1.282123116249026085e+00
1.329578999265690786e+00
1.300551436905130753e+00
1.308496283421233919e+00
1.294041777782785285e+00
1.291881724685963073e+00
1.276285502876760791e+00
1.273075136050592304e+00
1.293682511704176585e+00
1.273088220363833845e+00
1.277522856309167842e+00
1.286292933493770274e+00
1.285786919153859786e+00
1.275081929652286838e+00
1.307971477206637978e+00
1.292758655291293302e+00
1.276294342285387851e+00
1.279876516311766688e+00
1.291063135765269321e+00
1.288461210974498172e+00
1.275814958055699222e+00
1.292759973588975875e+00
1.263899072542150837e+00
1.287135950664617834e+00
1.346433673569116918e+00
1.336112607431765076e+00
1.309053236422945243e+00
1.287798860141133428e+00
1.304161812049431601e+00
1.291723674484625883e+00
1.326039488371500985e+00
1.288607647718941429e+00
1.275322344694696630e+00
1.276850382052227006e+00
1.259664785112449392e+00
1.283945883230743990e+00
1.268240497813494239e+00
1.290353459023248384e+00
1.280080029981341294e+00
1.294643187384721061e+00
1.285561106529979236e+00
1.286183548845419189e+00
1.294481761511096174e+00
1.282111688002476546e+00
1.248290217846597772e+00
1.266330660239167738e+00
1.267497797823491368e+00
1.297174526966277108e+00
1.284857879876223130e+00
1.274703581913349870e+00
1.265652628809143199e+00
1.299700035178626090e+00
1.245900531315239812e+00
1.274998258456768729e+00
1.288533960461552663e+00
1.279862029650862043e+00
1.294893068946162851e+00
1.274511052618163776e+00
1.284883197455749526e+00
1.292905732712247957e+00
1.287667384958711025e+00
1.312581211354511668e+00
1.311539933612575703e+00
1.273895585765174365e+00
1.249854560571107776e+00
1.260407857562910738e+00
1.255001238889204673e+00
1.265112652465921750e+00
1.257013811280615512e+00
1.249304532410286939e+00
1.270336132461850509e+00
1.247609987233621487e+00
1.276079217289361134e+00
1.220523513517866698e+00
1.234864852217896880e+00
1.254865876568181715e+00
1.262593808128131156e+00
1.257381808854115768e+00
1.263090309465146666e+00
1.239096105553222804e+00
1.220005559270508133e+00
1.260563422126645294e+00
1.241690600901210306e+00
1.235493149416352798e+00
1.266832920424856956e+00
1.261899038370438042e+00
1.271660950969118797e+00
1.286123062010831042e+00
1.266069687280514389e+00
1.286461117155336842e+00
1.275715298722726709e+00
1.247066381210281349e+00
1.254709773285566099e+00
1.269296561109025445e+00
1.275016890558860139e+00
1.245103912240606459e+00
1.266471196226262697e+00
1.267154872332993509e+00
1.275888383606166521e+00
1.269209879973751676e+00
1.279393518577071065e+00
1.275354304760295321e+00
1.270891712156980269e+00
1.291115596093603157e+00
1.291195619084329227e+00
1.270638983516893639e+00
1.324735240337186148e+00
1.269059033131944458e+00
1.298150844456910535e+00
1.316867011521586806e+00
1.341379886737439353e+00
1.345967740828059700e+00
1.303821793036910259e+00
1.316108072097907034e+00
1.277257158760577882e+00
1.268946520175814774e+00
1.280575108238723558e+00
1.265175124884420299e+00
1.283103923539649749e+00
1.276193279481107945e+00
1.275443995170186362e+00
1.308947347918757664e+00
1.283966343604912241e+00
1.305597460986043901e+00
1.280759130374726329e+00
1.309477945738303895e+00
1.321909324967648791e+00
1.331357271431544032e+00
1.291548783633146069e+00
1.282112003443059089e+00
1.284499513134335968e+00
1.300151860410268423e+00
1.261555932197538699e+00
1.262765352945997899e+00
1.284042327354609103e+00
1.294330624992299006e+00
1.294018995471576172e+00
1.292990674989948685e+00
1.297722218820633877e+00
1.302575927914101372e+00
1.325244786434556232e+00
1.340406678468232915e+00
1.334044604880546991e+00
1.350641619673808691e+00
1.402729702527069522e+00
1.403552368701488806e+00
1.406998119146463999e+00
1.398750438849764688e+00
1.395847226304560929e+00
1.378897138409543865e+00
1.368305238285364434e+00
1.374971656897945982e+00
1.386607267291000589e+00
1.361638375304490278e+00
1.378774646823854422e+00
1.407060094404469774e+00
1.391173136230224872e+00
1.363837706176839193e+00
1.369938210317917404e+00
1.397391239525901163e+00
1.372048115642755972e+00
1.357801418795270942e+00
1.336954952003971409e+00
1.349462820806617502e+00
1.347486346619608755e+00
1.329565330750151597e+00
1.361103398874808690e+00
1.354609637872917327e+00
1.313702063475168158e+00
1.294664658565885196e+00
1.261674300167538565e+00
1.337185851176202256e+00
1.315463069835740129e+00
1.281510638176815098e+00
1.276745958357482946e+00
1.307014181039552136e+00
1.318674010459439661e+00
1.281644779553299029e+00
1.303987027511938512e+00
1.310017746597361032e+00
1.359574436271711262e+00
1.347601094414689671e+00
1.364850882110823393e+00
1.362035318669430062e+00
1.370326649734005864e+00
1.352137989729361056e+00
1.353847103799231233e+00
1.363604041991381299e+00
1.398684628389783802e+00
1.357944740728904032e+00
1.378906387402457190e+00
1.367796019635811211e+00
1.353696650799210088e+00
1.364695540275209451e+00
1.388041520760683545e+00
1.401104718787566261e+00
1.398110014475373974e+00
1.387331529381658157e+00
1.413169483015824346e+00
1.394334798667875575e+00
1.399979760603361489e+00
1.385648122480694244e+00
1.404206220126351878e+00
1.383194581484692431e+00
1.380333944020417869e+00
1.365196871404282364e+00
1.366064713848424539e+00
1.413943827019378929e+00
1.413526435242453916e+00
1.384728855449748552e+00
1.360290373538620701e+00
1.418378974353897704e+00
1.403239869574015142e+00
1.398613842202692359e+00
1.432847232591859532e+00
1.396794051137059789e+00
1.387454545464278155e+00
1.390633647825104902e+00
1.357475254432890299e+00
1.369852670595683053e+00
1.343075579773658879e+00
1.332625285119681147e+00
1.359971717965374749e+00
1.379395310564426103e+00
1.357693285705775743e+00
1.361722057578917067e+00
1.323451842917893861e+00
1.349794972091192147e+00
1.366625366815414466e+00
1.378219599734622047e+00
1.372638416331154687e+00
1.427567239733026572e+00
1.414321078532574161e+00
1.415003394432659212e+00
1.388633576591943974e+00
1.394254110147038039e+00
1.385387023957556085e+00
1.402870145426865056e+00
1.393718856049336319e+00
1.367530659528828130e+00
1.386883701971149296e+00
1.417695166830955200e+00
1.389946249084531793e+00
1.419157776632602674e+00
1.401562799655588165e+00
1.397052806725094687e+00
1.367810021982418967e+00
1.349801684912798283e+00
1.357182373562560995e+00
1.332063883964296203e+00
1.358241791577625257e+00
1.352139665883550723e+00
1.377786045262294312e+00
1.357468991665450986e+00
1.339098680943334729e+00
1.347658877380887299e+00
1.313845768910894884e+00
1.336432911741070262e+00
1.333554249258300572e+00
1.328313312635986065e+00
1.336203403197358863e+00
1.367716286021168681e+00
1.374376267257147344e+00
1.307708472500218599e+00
1.334766293137517046e+00
1.356008025697063246e+00
1.316117085208899695e+00
1.298011848114648981e+00
1.255618709534505051e+00
1.293646957139016562e+00
1.385736366107307216e+00
1.341208852402506535e+00
1.339503088123980445e+00
1.349151162811367932e+00
1.385983755456561495e+00
1.360038399256290109e+00
1.361378397915113503e+00
1.363315466769263740e+00
1.340501097357279736e+00
1.408614258177602885e+00
1.339852404978630895e+00
1.424620111646176523e+00
1.422980517666069700e+00
1.423536222942257456e+00
1.421426263137555601e+00
1.399187634739695429e+00
1.394136274848233326e+00
1.356885461075525212e+00
1.390081465658045579e+00
1.414823568330137338e+00
1.423697395766924556e+00
1.386969148268835994e+00
1.387372646032644319e+00
1.405090530634641288e+00
1.412646922433671515e+00
1.411953587748691286e+00
1.426247470430401787e+00
1.419407830406316906e+00
1.375455589210902385e+00
1.421867299623632119e+00
1.375412244669674600e+00
1.403548200201328422e+00
1.357023751236592801e+00
1.338411852694651794e+00
1.331819408404923299e+00
1.345460097271210520e+00
1.356780719385047407e+00
1.366469498709852681e+00
1.361680273284122000e+00
1.346445421474903537e+00
1.331193553085654457e+00
1.325881348468886056e+00
1.381584418470541031e+00
1.357579486867949159e+00
1.357805316699976617e+00
1.344317363101881435e+00
1.329325963904684160e+00
1.378109637037713942e+00
1.341284715128960192e+00
1.337845140501472185e+00
1.325597013037207894e+00
1.318782083464709043e+00
1.317612259350097625e+00
1.348218340900151357e+00
1.322119785398919500e+00
1.288593504866798245e+00
1.314139581647778110e+00
1.341112031949297068e+00
1.321142663540353590e+00
1.335883221938721332e+00
1.340716019833828376e+00
1.302150040265477537e+00
1.331280339726194750e+00
1.373471772477886654e+00
1.367427063375835417e+00
1.372653443196170109e+00
1.399565366346177120e+00
1.365535593399600955e+00
1.373458839785801189e+00
1.373233943033849602e+00
1.336901344060876795e+00
1.367577721422031933e+00
1.356360081689591102e+00
1.373152472318854844e+00
1.410525745235951200e+00
1.387023073110237315e+00
1.409616423268720498e+00
1.402511629097188628e+00
1.384855319162969334e+00
1.412640542347350037e+00
1.408424031970401558e+00
1.471430620495510766e+00
1.403609268268402932e+00
1.406552870839065772e+00
1.378182850309691565e+00
1.390666176116474473e+00
1.385907727802513367e+00
1.392476426105300646e+00
1.339217195255629322e+00
1.348526795144934676e+00
1.377167020041416112e+00
1.355501048969851574e+00
1.376488459757654770e+00
1.375532625601766368e+00
1.351084619559527189e+00
1.363888919663942989e+00
1.348483512863740241e+00
1.354096032618715695e+00
1.371297172610667969e+00
1.361167589293171387e+00
1.343008655377508020e+00
1.413426071228623293e+00
1.345936879146921061e+00
1.408938817071899274e+00
1.383993388007848990e+00
1.364576447139204118e+00
1.377448102385293804e+00
1.368704411586006753e+00
1.387893966909888643e+00
1.383391331370232180e+00
1.403533634203888658e+00
1.383191092506285802e+00
1.379323777076013613e+00
1.396771471135414666e+00
1.385580737898467696e+00
1.396404468350910255e+00
1.412899106832632867e+00
1.407416960436226550e+00
1.414035559872480530e+00
1.426438073187607847e+00
1.417513397548425313e+00
1.405000757621287288e+00
1.410184479533908686e+00
1.396878099352449443e+00
1.408822950297700327e+00
1.400524242247025875e+00
1.398445961029368467e+00
1.372558728615055124e+00
1.363654305800459765e+00
1.420032247135867953e+00
1.382331110509011474e+00
1.416405823698485111e+00
1.394583329269625249e+00
1.377153043720518832e+00
1.370797400292313784e+00
1.421789201779051215e+00
1.397142125189333006e+00
1.378736049326080737e+00
1.406820326281760458e+00
1.408697710771080747e+00
1.388809931221245186e+00
1.433908787572791610e+00
1.416906453768614682e+00
1.412473409470595298e+00
1.394579700042647197e+00
1.423161453961288681e+00
1.399815717643074553e+00
1.394986216928937095e+00
1.407663441371846291e+00
1.416285337872543071e+00
1.404199384800142170e+00
1.398900792589035547e+00
1.416570868956964269e+00
1.406222564059500968e+00
1.410023264932063425e+00
1.389620215408484905e+00
1.452989913618324191e+00
1.415292832077813090e+00
1.412140535225543392e+00
1.407437165822090330e+00
1.459228745531400806e+00
1.445919878273277392e+00
1.448817752185946883e+00
1.429804023382575506e+00
1.452208611687147988e+00
1.430427656247271972e+00
1.429430715121620787e+00
1.408244133423135258e+00
1.490426065257129062e+00
1.429824546075469716e+00
1.401231524630043523e+00
1.353384381049404395e+00
1.387177346036262415e+00
1.370185767846601399e+00
1.398385332201409703e+00
1.338854007074309349e+00
1.339502717650245867e+00
1.305725751143655078e+00
1.323477227791259203e+00
1.289641876610535309e+00
1.302335917720353731e+00
1.359732958418244042e+00
1.386458295757280412e+00
1.400251736852621720e+00
1.437651077170084113e+00
1.381062618158084065e+00
1.337140660073913079e+00
1.376373544754474043e+00
1.375838708658978948e+00
1.378488047216616774e+00
1.388113121158730312e+00
1.376603002658725261e+00
1.362339333885104864e+00
1.427194794742074446e+00
1.416846049039538036e+00
1.400090262055502910e+00
1.419114058974085602e+00
1.442629433072982748e+00
1.435200965538814266e+00
1.415777763631337782e+00
1.425567515197505131e+00
1.453952436594590836e+00
1.386199268573805821e+00
1.419438921825813882e+00
1.389777225336880750e+00
1.370848573048438102e+00
1.384627499768847247e+00
1.377340242997718844e+00
1.408967829226007940e+00
1.366602450212516029e+00
1.379525017108790497e+00
1.399044846721809066e+00
1.376725868796195851e+00
1.400890491178079289e+00
1.373254812799168612e+00
1.365148025629310702e+00
1.339788463161291743e+00
1.370862794338348234e+00
1.385425559699938081e+00
1.382401104356378196e+00
1.401481645235009621e+00
1.401106077932595673e+00
1.363575222945050625e+00
1.375845851651138929e+00
1.369373593231847819e+00
1.344545041504079386e+00
1.374383146034654946e+00
1.360280271155344556e+00
1.348019530783166386e+00
1.362631359427452615e+00
1.325634461501858485e+00
1.300586565587261267e+00
1.353849239297247653e+00
1.331808983783734579e+00
1.307891304688306944e+00
1.306098645366671196e+00
1.320136582381159940e+00
1.315038936048568585e+00
1.305617424082522682e+00
1.327865012060177818e+00
1.312766889659763292e+00
1.317635812174043686e+00
1.321754483870240637e+00
1.372792752850270581e+00
1.349242470190227028e+00
1.313543980026362634e+00
1.329061137309611507e+00
1.303680130955332750e+00
1.302951618543913836e+00
1.327031031557965424e+00
1.264104104613829493e+00
1.316959140640567405e+00
1.327673174416247104e+00
1.321623376219216661e+00
1.359185455864616143e+00
1.358982627047815139e+00
1.362319960107291728e+00
1.289676201549041057e+00
1.279713726386694228e+00
1.283969534478844210e+00
1.272779016521204065e+00
1.334745746382397735e+00
1.373228719802149334e+00
1.353320357383807959e+00
1.371034833064629588e+00
1.405543637174636151e+00
1.311872524915088878e+00
1.371372164324805354e+00
1.367656957745201796e+00
1.377213915015743195e+00
1.324363917472372476e+00
1.358483044831943598e+00
1.365178565204914429e+00
1.398258857263466215e+00
1.387727301693828519e+00
1.388037150771383343e+00
1.405461060408329743e+00
1.402998570340635354e+00
1.380810770933008635e+00
1.411481121740968403e+00
1.392592271627796752e+00
1.397244213180081296e+00
1.453199003776938447e+00
1.438352484195826619e+00
1.449237312008886169e+00
1.373498634769672044e+00
1.392573351740999943e+00
1.360262113522922034e+00
1.313636489104770044e+00
1.334510364214885003e+00
1.340420279686209248e+00
1.379965785060875083e+00
1.368151288107551045e+00
1.396330482279048324e+00
1.384032445073850370e+00
1.418307293311581674e+00
1.389837630630316401e+00
1.375578171750038381e+00
1.408308465157192879e+00
1.408094535739859987e+00
1.428378247012497049e+00
1.402233803792085620e+00
1.416609542927938392e+00
1.430183538697854972e+00
1.377603672825668424e+00
1.421079260664792621e+00
1.414557951906446176e+00
1.380559366706036961e+00
1.360406293508857445e+00
1.409944190779149231e+00
1.362870651021509172e+00
1.398693766417847595e+00
1.407772693836642386e+00
1.338435625253357575e+00
1.338088162517197199e+00
1.341922831561816798e+00
1.378491369052328830e+00
1.321981252297457665e+00
1.368484764441496804e+00
1.382917911712588044e+00
1.398177072873743487e+00
1.427149374029463402e+00
1.433275627042157163e+00
1.401692998643220500e+00
1.380647940880151303e+00
1.377355299553779888e+00
1.367205139982761830e+00
1.404437950922816203e+00
1.349361827305366468e+00
1.341544436653129502e+00
1.371434563570473220e+00
1.307961011200611923e+00
1.326229740872741258e+00
1.326853010598953997e+00
1.352392032502989672e+00
1.381638682555826003e+00
1.410958906822768810e+00
1.394118529004022111e+00
1.410896679296119727e+00
1.404017489839217037e+00
1.369184475132328549e+00
1.374424999651580048e+00
1.355668897476630441e+00
1.309884717780701591e+00
1.337368708811180973e+00
1.360377177038996299e+00
1.344064009778232371e+00
1.348219269308459811e+00
1.351182959061646427e+00
1.332275925838594999e+00
1.314206207077865063e+00
1.353027301442247365e+00
1.338086081191175891e+00
1.352902240187114025e+00
1.353846863128215450e+00
1.312697061148432320e+00
1.318476585467044604e+00
1.310346725913436261e+00
1.299633965225111210e+00
1.394809861558152786e+00
1.384107421737458488e+00
1.394477397533413709e+00
1.414565348156421321e+00
1.438063613011938635e+00
1.407745643329441743e+00
1.399850313076179020e+00
1.370986205178786665e+00
1.392490763296062140e+00
1.375879706452266538e+00
1.357277584263335335e+00
1.362394654729475629e+00
1.387622408884852554e+00
1.378670005475166382e+00
1.368092264647225109e+00
1.363657064305610289e+00
1.358492383642754708e+00
1.312490846837375269e+00
1.320018144766980761e+00
1.352329792117010321e+00
1.374836114970689582e+00
1.376409160268239340e+00
1.396927194075170409e+00
1.380580743847749092e+00
1.356478510353593681e+00
1.350641936202158888e+00
1.352503448465892877e+00
1.351019921586962269e+00
1.348512473626096941e+00
1.364847940492502909e+00
1.384767407177613485e+00
1.368408406055318993e+00
1.357590635235744303e+00
1.377141924748223278e+00
1.361051264754911339e+00
1.382332047984931922e+00
1.410858700203676097e+00
1.345684044009297642e+00
1.393019183488749091e+00
1.345209061888658963e+00
1.379746471260557605e+00
1.370184615889176172e+00
1.369019563501645331e+00
1.363069325470709581e+00
1.358337104932984873e+00
1.335800968547633971e+00
1.338576749378224351e+00
1.322886291926711033e+00
1.333766507024526149e+00
1.363911093352286441e+00
1.327874158781580549e+00
1.297980674639771959e+00
1.343952317489966353e+00
1.317044167684299216e+00
1.319361333123111768e+00
1.304840662992727829e+00
1.341704235589456840e+00
1.321659253094530140e+00
1.337183105749168099e+00
1.332105408236104127e+00
1.316209596013376837e+00
1.359247237977514011e+00
1.315003319190691800e+00
1.371627874140346925e+00
1.314762917506362649e+00
1.341826787666373422e+00
1.345701100874989509e+00
1.363890594071921258e+00
1.346016493198658681e+00
1.328162939024389866e+00
1.340423336250001096e+00
1.350462156239524480e+00
1.321246044588456847e+00
1.330057854665697814e+00
1.352581702954963827e+00
1.367364371849832949e+00
1.354309212340544466e+00
1.398836051006570047e+00
1.363073362860757420e+00
1.333881721450993263e+00
1.354788688618433490e+00
1.358271471414640885e+00
1.369995589255804225e+00
1.351444035771546259e+00
1.395612162088277097e+00
1.354561021286589506e+00
1.357835279737126477e+00
1.355732746260277954e+00
1.384572927057366343e+00
1.373135906962693387e+00
1.353101373194221635e+00
1.367305950813217708e+00
1.311899037043505079e+00
1.338576269443808364e+00
1.326289817640596835e+00
1.320961037635069557e+00
1.325247855273582021e+00
1.328937721238292902e+00
1.274945333102166067e+00
1.307877751398514032e+00
1.327080632764898738e+00
1.291045090438531995e+00
1.319929444408480812e+00
1.317593702986701087e+00
1.314036643654592496e+00
1.304602305476483481e+00
1.345468974903901493e+00
1.343815620827404134e+00
1.314990735290019863e+00
1.314315966212888709e+00
1.308240071508779412e+00
1.329900509006531673e+00
1.321034118852356665e+00
1.309651769264712939e+00
1.331308723680713735e+00
1.316955958780659408e+00
1.308314020075105333e+00
1.302962356776971031e+00
1.315979787821892844e+00
1.313837524473703944e+00
1.307880476822920190e+00
1.306353031561472866e+00
1.294900103376221523e+00
1.329438622723624341e+00
1.348220507224127118e+00
1.313493214080302396e+00
1.330016790202935839e+00
1.316646621979293830e+00
1.330170813998734269e+00
1.338624806428471592e+00
1.329291599977311611e+00
1.366243829703654100e+00
1.382481651085164298e+00
1.336958180691167231e+00
1.370141538036530493e+00
1.375718757527877090e+00
1.358428704447411484e+00
1.336413827050659364e+00
1.321340588082936085e+00
1.344397120244610777e+00
1.304276814345162627e+00
1.335060634518196787e+00
1.345274322420349389e+00
1.336203088431979324e+00
1.322846458195591213e+00
1.338801866843054578e+00
1.361463511537865267e+00
1.336027377069535671e+00
1.311442325517758967e+00
1.335627579753443150e+00
1.331031195446155779e+00
1.333130220658641285e+00
1.277713140990044849e+00
1.291784764590124590e+00
1.283170346905299741e+00
1.275369500289968983e+00
1.308234604986928673e+00
1.288799433743794687e+00
1.287713775983856168e+00
1.278985792069582628e+00
1.285546488957365341e+00
1.331235810167456624e+00
1.346333266062486933e+00
1.372156530476993819e+00
1.355760524125022570e+00
1.312629136004827002e+00
1.325244992628834551e+00
1.358539585746414202e+00
1.358839416553246471e+00
1.328417839004635725e+00
1.351218242851612850e+00
1.343233216641136485e+00
1.445383904664121699e+00
1.343698871791269234e+00
1.338234049331174624e+00
1.315982743504412023e+00
1.328696560559529560e+00
1.312098088745828894e+00
1.327140336981112778e+00
1.364279295429609462e+00
1.341669422927706412e+00
1.296046487980134110e+00
1.340983581526351998e+00
1.330981343309368681e+00
1.345182490094434247e+00
1.295026897080641115e+00
1.321566176559656469e+00
1.327931643351074165e+00
1.339051023763206949e+00
1.377052351870843738e+00
1.307094865573955156e+00
1.383558797713747568e+00
1.353131726791749534e+00
1.440334338367371458e+00
1.386770277649450378e+00
1.379548872712540675e+00
1.411620175297882085e+00
1.401536864217662437e+00
1.402971881613622962e+00
1.406794372225387724e+00
1.358213025522394535e+00
1.358834155134572175e+00
1.409221200600630830e+00
1.412750859175719631e+00
1.373756920659424674e+00
1.364630076463421826e+00
1.395148941551402455e+00
1.388886764472320179e+00
1.378501329753653692e+00
1.437643080307862364e+00
1.405732772370350547e+00
1.408131707623827999e+00
1.392527465233428074e+00
1.385037060951084031e+00
1.405819472448627261e+00
1.384438955506849700e+00
1.345333649088627404e+00
1.357527282097992893e+00
1.353192941979198372e+00
1.303696929635839163e+00
1.308974909488143545e+00
1.326754552801697074e+00
1.368943685281007516e+00
1.337123350663782295e+00
1.334208367846685617e+00
1.302217107352812597e+00
1.318879511773141999e+00
1.369443022346588545e+00
1.326778295411386699e+00
1.320859956901679011e+00
1.298714193097616043e+00
1.321798052755281727e+00
1.330082615551696934e+00
1.359469013064903642e+00
1.316872899573179989e+00
1.293081816637397186e+00
1.317030796548714910e+00
1.276759433224425200e+00
1.318535378676626069e+00
1.261671544878949947e+00
1.333952274219076140e+00
1.324588324746954537e+00
1.328230934019027920e+00
1.331696612408990621e+00
1.297211525772887564e+00
1.291724262001666679e+00
1.316692007918625729e+00
1.316041850418383952e+00
1.320431500777176748e+00
1.347747795420254135e+00
1.357928415886437756e+00
1.380197377891729582e+00
1.370875480082117015e+00
1.348624962023070362e+00
1.341818703850180317e+00
1.288217963928049770e+00
1.264987090225865307e+00
1.289058425203298830e+00
1.317243089966040337e+00
1.389676688430431239e+00
1.333646847189037254e+00
1.492416625360741378e+00
1.382108345419274853e+00
1.349649162932168300e+00
1.374723346172335159e+00
1.382020095007998162e+00
1.372904647437968695e+00
1.371133357009766351e+00
1.414406699213162755e+00
1.441744772711362588e+00
1.490773533791958982e+00
1.423137170056047784e+00
1.424842077148251285e+00
1.450597680160399250e+00
1.405404118996550489e+00
1.471246610413646794e+00
1.408108278465724617e+00
1.438555613849178183e+00
1.417578871431440346e+00
1.466473231115863030e+00
1.473567035196029273e+00
1.443770951228413590e+00
1.421571110888207423e+00
1.433490428399344818e+00
1.407918956935736210e+00
1.509193701177657942e+00
1.373064922336210358e+00
1.423904478659611117e+00
1.412886366808256078e+00
1.451834693038062118e+00
1.385175066184724413e+00
1.422348018837754191e+00
1.384341264080873435e+00
1.382852596085027308e+00
1.407926993908146462e+00
1.432569491801437778e+00
1.419060836515762647e+00
1.386355164561726916e+00
1.420524141307688115e+00
1.386119891355085620e+00
1.427704897502918957e+00
1.402604021652911870e+00
1.475240590410690222e+00
1.414149717360715597e+00
1.477634874157129463e+00
1.424830258325430199e+00
1.451479631518576063e+00
1.429377524225452722e+00
1.420626321260391789e+00
1.430168219596391621e+00
1.371367854390895369e+00
1.441700205358707798e+00
1.422435661621168412e+00
1.396357817124964651e+00
1.415422616910779974e+00
1.451691554029924669e+00
1.427612649650080279e+00
1.425108012265529078e+00
1.436067293241042320e+00
1.423720295118378054e+00
1.444482705559791746e+00
1.415345901843508392e+00
1.414776687236616093e+00
1.397368364206518221e+00
1.445050462740703701e+00
1.380529260076589049e+00
1.381447048158325419e+00
1.421638611484371983e+00
1.406225627738710626e+00
1.446173581771003080e+00
1.407528043227377790e+00
1.464109613697607726e+00
1.394761268246535346e+00
1.480318474148417218e+00
1.485473702112912076e+00
1.434426814566839292e+00
1.445675735150006913e+00
1.429344595014962360e+00
1.484677184955745410e+00
1.396167183400892853e+00
1.426786414039746598e+00
1.409885228344279540e+00
1.358852698359195310e+00
1.388745469329196069e+00
1.362333764006603332e+00
1.396950528573315919e+00
1.330280879984066411e+00
1.366545699779436740e+00
1.348686538159775239e+00
1.327988700778470310e+00
1.359238783718490051e+00
1.340058806290577165e+00
1.368706124801156943e+00
1.324302057045892544e+00
1.367062800839846659e+00
1.402430827126612156e+00
1.338331831347101764e+00
1.369668384306851339e+00
1.393719738825882182e+00
1.386880225413554601e+00
1.369249808470904384e+00
1.316763110904621170e+00
1.376693659833990280e+00
1.376157953643083243e+00
1.367727175681755725e+00
1.387636393646759059e+00
1.368350353969605804e+00
1.339568920753033243e+00
1.343558907158124427e+00
1.370425304171177139e+00
1.352131622885591966e+00
1.350689868025007900e+00
1.347369061152323244e+00
1.341487819601615117e+00
1.401184034268750267e+00
1.353969672104755828e+00
1.360117317189229569e+00
1.364094273421614156e+00
1.368405949551589007e+00
1.367493794937390650e+00
1.427452191668494130e+00
1.429561776371822468e+00
1.458675391721781400e+00
1.420821847702868235e+00
1.457698168334754296e+00
1.461321090185591753e+00
1.399077726428044066e+00
1.382575658411919095e+00
1.380678321977086620e+00
1.363581677072975173e+00
1.362613105977639627e+00
1.380115187897360540e+00
1.371192672088915154e+00
1.344291128863112750e+00
1.415106105609486686e+00
1.356563082930782649e+00
1.351283496736191303e+00
1.381642214759326137e+00
1.488977224816387723e+00
1.488942388628984759e+00
1.425182332069149460e+00
1.427550961767737547e+00
1.447881593521659571e+00
1.466276004226192420e+00
1.457536758420759693e+00
1.438970190372731883e+00
1.452078875717927930e+00
1.441483219388896453e+00
1.400539128872414274e+00
1.447896340726105624e+00
1.413063359548729636e+00
1.454971025749612901e+00
1.408123471352657141e+00
1.426058667864145812e+00
1.458092462113036891e+00
1.425648211911656027e+00
1.383160636848909109e+00
1.385993357340412180e+00
1.428425039837867283e+00
1.374947601558149657e+00
1.396040455905821043e+00
1.422559483809481273e+00
1.361261850161731957e+00
1.383815843192441220e+00
1.408691725452791088e+00
1.399842784353734659e+00
1.431368446795330485e+00
1.375994794938306898e+00
1.375682531059267744e+00
1.346419215918286616e+00
1.350630718435673838e+00
1.331836017918063497e+00
1.372165122357567268e+00
1.336049329480495151e+00
1.401403546782451270e+00
1.385348059582048652e+00
1.379757046135895671e+00
1.353721871346677874e+00
1.374210228310271731e+00
1.378309343281029165e+00
1.369031601147246091e+00
1.442661013066147468e+00
1.390544983004088131e+00
1.335380266825166196e+00
1.389252356780975806e+00
1.368517907716532367e+00
1.332797869022255721e+00
1.350267174589898644e+00
1.314739170065391205e+00
1.382085539344724445e+00
1.327043590996736189e+00
1.342046661044880240e+00
1.264886955625941001e+00
1.239554130094918660e+00
1.317614354898307027e+00
1.297706768067172334e+00
1.272984016791225415e+00
1.275089197770716609e+00
1.263702357332865400e+00
1.316005571753792180e+00
1.335478274449732217e+00
1.357148430336125422e+00
1.348405362649398587e+00
1.424755670251378836e+00
1.388794240904553057e+00
1.373282877427226323e+00
1.381165741826712257e+00
1.345676447198162373e+00
1.349457388921652568e+00
1.328207357613778061e+00
1.327513140748723952e+00
1.408311548664482826e+00
1.454583261597248267e+00
1.391351573858803814e+00
1.398588460994993676e+00
1.364174509432434013e+00
1.397735862268577600e+00
1.327772974833363984e+00
1.402498294716944871e+00
1.359572848860578498e+00
1.324476107619733556e+00
1.319448466528912789e+00
1.355831481544387929e+00
1.354999513505569242e+00
1.334760491920583325e+00
1.337281061992606102e+00
1.334262080252299087e+00
1.396343574425500833e+00
1.397670196617866401e+00
1.427066822066947793e+00
1.439406494059512376e+00
1.418285556721190499e+00
1.381076452414081057e+00
1.360592484947896752e+00
1.342039928902991397e+00
1.319197286026397853e+00
1.380707809657104379e+00
1.337157943597601983e+00
1.332282228425250237e+00
1.281346229119335156e+00
1.302223042707377987e+00
1.341633939830562339e+00
1.296664440326727341e+00
1.280429987520704138e+00
1.327448003527865295e+00
1.359052122442268029e+00
1.331888917996019606e+00
1.369619855836229805e+00
1.362640230000412123e+00
1.307467043624415126e+00
1.390872178142531279e+00
1.341145234560136235e+00
1.344615531173143808e+00
1.290339033059174412e+00
1.273829103026244969e+00
1.310715570152168219e+00
1.264300392298356002e+00
1.334750825266189267e+00
1.287705654268734845e+00
1.259269472543865120e+00
1.292878243095024970e+00
1.249013569716445504e+00
1.256999699190266551e+00
1.254931080338790306e+00
1.197832059052627462e+00
1.208916843971355348e+00
1.227816495695899013e+00
1.314004785405827880e+00
1.274826106871089992e+00
1.396542483882643904e+00
1.389004235527965481e+00
1.294710423522661413e+00
1.310214191268462391e+00
1.303273132257248168e+00
1.324450590995505772e+00
1.342824990976525745e+00
1.306470867132109914e+00
1.311246800546619129e+00
1.288066150080009908e+00
1.334931080990329866e+00
1.329896311412411825e+00
1.332838521454296599e+00
1.311998305884564342e+00
1.328785829951822706e+00
1.344391630893655210e+00
1.306195065089798657e+00
1.283693539187567900e+00
1.383723146334386866e+00
1.437687955211851110e+00
1.332336608056670757e+00
1.292138805401264579e+00
1.307128105285155328e+00
1.277798325098202570e+00
1.270139718923281036e+00
1.295150053096553844e+00
1.267199064129021169e+00
1.316533201059488123e+00
1.293926013698200261e+00
1.273823212446814068e+00
1.262467595723068658e+00
1.214136452275447420e+00
1.222991316479631996e+00
1.256053549328649321e+00
1.291428838415149105e+00
1.220735437787558775e+00
1.226233906756211578e+00
1.309214447300220074e+00
1.251201003312369497e+00
1.291239249422618807e+00
1.342131262244367296e+00
1.347534441499558699e+00
1.290035360256377883e+00
1.301246107509701933e+00
1.311684205016411253e+00
1.295346936969860696e+00
1.232957538911901851e+00
1.216194205818659890e+00
1.278798343637123747e+00
1.266899469460647243e+00
1.321976572808602368e+00
1.239019772072518899e+00
1.266487274337621205e+00
1.369018285486304665e+00
1.250642616931313400e+00
1.251647515872364780e+00
1.267534300963159000e+00
1.262422293885037350e+00
1.269879872488932415e+00
1.227784064227763983e+00
1.223659781323058748e+00
1.235121939663677892e+00
1.233859230307291499e+00
1.224672437690609073e+00
1.241233261739050464e+00
1.315378902387570159e+00
1.317701654233758735e+00
1.328874370756293333e+00
1.255128146869224803e+00
1.280633570563390000e+00
1.284210216318885989e+00
1.274054731956885345e+00
1.285400916211527411e+00
1.235755792773622241e+00
1.245864133552789577e+00
1.292123946686438707e+00
1.273842724119695458e+00
1.262321649826528169e+00
1.226200515932018842e+00
1.269368941490175207e+00
1.291921783212239605e+00
1.339231590044666520e+00
1.295470034128381354e+00
1.302266899887944307e+00
1.284360406245679043e+00
1.268807716548259412e+00
1.323528714887569846e+00
1.317831603878226732e+00
1.256612578789959578e+00
1.278812904466142708e+00
1.260516838988877009e+00
1.241445973577260498e+00
1.250258731761356046e+00
1.306641352859358784e+00
1.379514736894165372e+00
1.343229273988898242e+00
1.337608392814121805e+00
1.259547786243741418e+00
1.561299297692491095e+00
1.541758228794303687e+00
1.584024254583778601e+00
1.520582427240955825e+00
1.478997289852730379e+00
1.437190704357960813e+00
1.422052888745732435e+00
1.293390447097524820e+00
1.239973859955315172e+00
1.311120198258810099e+00
1.322809960737447943e+00
1.363028830232773769e+00
1.369511727789082478e+00
1.385228565544120327e+00
1.482206078803579574e+00
1.427957569648346858e+00
1.409092934153936660e+00
1.514441908611163567e+00
1.450161596150401522e+00
1.417016185590201260e+00
1.495140827093946356e+00
1.595097690974467630e+00
1.731860267386785779e+00
1.653333649177253895e+00
1.773813147925191069e+00
1.556892134710909925e+00
1.635958438449396368e+00
1.396766121692150087e+00
1.632664606880105618e+00
1.590124725686561824e+00
1.452352845642568946e+00
1.441685784262980885e+00
1.428171559792030143e+00
1.494381334323731769e+00
1.359256221676275578e+00
1.391235323050809658e+00
1.280566352791471907e+00
1.265632027420966477e+00
1.334638606052045207e+00
1.277425113815269242e+00
1.304980692752419458e+00
1.266361197319310516e+00
1.270620850879839558e+00
1.303787648388617715e+00
1.334473754245722787e+00
1.250563972978850469e+00
1.239386625539594222e+00
1.226467161887122570e+00
1.259465172036243530e+00
1.228774723325929852e+00
1.197878970485326322e+00
1.238219669082141650e+00
1.248231120468239919e+00
1.304512783402858478e+00
1.281147373686382762e+00
1.296779057672588831e+00
1.314858437263829671e+00
1.314163677175800737e+00
1.297661378150694489e+00
1.329591737946420826e+00
1.308465577272407199e+00
1.292141958389479317e+00
1.273259598347994404e+00
1.272307898046079577e+00
1.346156229123940173e+00
1.301441433703972805e+00
1.320585709796326723e+00
1.290603731710167956e+00
1.353250175415490864e+00
1.314422859028823831e+00
1.314268760636110756e+00
1.306962947040752221e+00
1.292918021939449158e+00
1.312484936128822444e+00
1.312718567504451261e+00
1.325362228439815881e+00
1.325015910324525148e+00
1.340308361538823601e+00
1.327388807011633309e+00
1.340332524413470727e+00
1.303800493381973347e+00
1.353546760985095521e+00
1.386326571512835670e+00
1.309857034835420597e+00
1.328143001172084281e+00
1.344193253473127792e+00
1.294513279822723684e+00
1.318093562145842279e+00
1.306134199383237604e+00
1.352819823087008988e+00
1.344090543684655747e+00
1.334285779872698141e+00
1.327187429080130876e+00
1.337636052271042431e+00
1.297233268836812448e+00
1.318934111426926181e+00
1.327209592857030662e+00
1.340875360672473926e+00
1.304708392112789328e+00
1.307552913995363442e+00
1.319354557605855849e+00
1.336844947734926015e+00
1.318434686156362723e+00
1.328793495332226238e+00
1.327306341446992111e+00
1.326010097881838989e+00
1.336508634957688679e+00
1.328887016377734875e+00
1.358811321399470140e+00
1.279404151716035942e+00
1.265022569586805590e+00
1.289752671000214512e+00
1.286021983521859369e+00
1.336803796055035853e+00
1.323127618543173289e+00
1.314335510696577058e+00
1.315351740551179871e+00
1.328181913858313301e+00
1.314714126791082460e+00
1.367567198852229327e+00
1.359311510625645258e+00
1.330374393570478153e+00
1.312404404740117769e+00
1.330888858362720750e+00
1.260752722830714045e+00
1.300161632811572598e+00
1.316157387191073003e+00
1.354079305120120313e+00
1.347033827680908180e+00
1.358909191093214286e+00
1.361128866428690021e+00
1.317965506797893260e+00
1.314052286916700174e+00
1.312077243837741047e+00
1.329442309365062025e+00
1.335458773168642033e+00
1.302599817910038427e+00
1.282752760892219346e+00
1.275981793712706924e+00
1.327488893505794243e+00
1.301125649522962835e+00
1.334487573045832765e+00
1.300397684311674462e+00
1.292181366276167198e+00
1.356456748923397182e+00
1.360530260437538885e+00
1.376613680845293564e+00
1.398563835767128616e+00
1.361596995561973777e+00
1.354073576725626893e+00
1.367169536418835651e+00
1.350778661199687480e+00
1.375935210818050702e+00
1.328974944569953465e+00
1.370387130019891320e+00
1.346160112611918036e+00
1.372626107190937805e+00
1.342651103172745719e+00
1.416668951970442958e+00
1.383389258505062225e+00
1.338243241274290840e+00
1.316419314480139047e+00
1.290924893105098725e+00
1.280319040682368348e+00
1.308044719695825586e+00
1.274311125372795006e+00
1.266782956226373935e+00
1.287046117499389464e+00
1.281741251214806088e+00
1.282436372630062937e+00
1.305093881090039876e+00
1.300142849377278420e+00
1.316022543779157727e+00
1.324249700686738418e+00
1.253798501973758528e+00
1.294790323296652890e+00
1.259881093039263655e+00
1.290148917980150634e+00
1.291996704472484492e+00
1.285403972577014109e+00
1.312019510285570956e+00
1.292244396678414065e+00
1.243685453591372614e+00
1.233066632766613102e+00
1.247334247971834120e+00
1.221899625085460350e+00
1.257445146672887315e+00
1.258979287640913380e+00
1.242725126380905376e+00
1.228391674783464227e+00
1.239830048062693812e+00
1.217927361666615749e+00
1.262220707094759309e+00
1.289932446353301065e+00
1.251438253262694200e+00
1.267474429274813019e+00
1.254990056708350288e+00
1.249707547248191553e+00
1.265465038925250418e+00
1.252617645494605414e+00
1.248278932968489130e+00
1.230011712999375728e+00
1.234057473431180441e+00
1.256257591895552084e+00
1.248775578105533857e+00
1.265834718010017346e+00
1.245181201299579543e+00
1.248256328354478084e+00
1.284897456692090101e+00
1.259394796757343338e+00
1.268026163014102536e+00
1.301546406619406904e+00
1.277986955022112125e+00
1.259159970126788153e+00
1.217805209066867622e+00
1.230353855215926551e+00
1.235585600199333500e+00
1.210270524653758173e+00
1.214079309151066877e+00
1.230480328528212652e+00
1.232463034403187718e+00
1.226539216676547417e+00
1.230936316782146100e+00
1.235734115427923774e+00
1.235693247647998261e+00
1.239273542337095080e+00
1.222435613719937031e+00
1.235327287934615326e+00
1.255273065821996825e+00
1.248107197494394693e+00
1.220681648860653334e+00
1.219851182468510098e+00
1.224758171201974166e+00
1.295513364181079874e+00
1.332542208935055816e+00
1.378939071618223489e+00
1.377406974868116363e+00
1.371800822978472612e+00
1.356166059318252071e+00
1.389381362864843927e+00
1.395045477050721905e+00
1.339428961135874729e+00
1.308793057926472381e+00
1.329486627077559602e+00
1.299842928852681379e+00
1.329950366939991691e+00
1.275441983019121928e+00
1.308241653827969087e+00
1.286524869860003362e+00
1.282553251362812841e+00
1.296223898771835970e+00
1.278021853582132161e+00
1.278965168533738428e+00
1.264866527148892139e+00
1.304267904544313073e+00
1.337289547483912822e+00
1.293315493631371549e+00
1.305499523014060914e+00
1.270076533513544659e+00
1.326197624767621708e+00
1.337126894669541155e+00
1.285785518214103806e+00
1.287282039433788272e+00
1.361631711204114970e+00
1.354896173254708680e+00
1.376178809071305409e+00
1.342044725157787166e+00
1.334207287840444289e+00
1.334942628148169774e+00
1.316387787322469194e+00
1.427055999162954336e+00
1.370085698088015391e+00
1.460484438758502090e+00
1.400223855541835594e+00
1.422716447868811018e+00
1.420178967435149486e+00
1.406667074252062388e+00
1.394387023973953310e+00
1.391009035718790754e+00
1.391393122840496321e+00
1.353780106312579390e+00
1.297728770812223376e+00
1.311617213058720477e+00
1.283470848225018557e+00
1.372699551771350057e+00
1.325929475992327689e+00
1.364739243059765128e+00
1.367106067757564603e+00
1.308164238664338841e+00
1.333901722369771559e+00
1.344210492258440137e+00
1.292388633537242537e+00
1.262048694723440390e+00
1.245647236226771870e+00
1.258356944552915468e+00
1.274489419471400264e+00
1.259940643597858845e+00
1.265693431702951788e+00
1.236401246144253063e+00
1.228139809885314904e+00
1.220815604430159018e+00
1.256309871170430359e+00
1.244103453012944449e+00
1.241907677553624856e+00
1.232501958221104976e+00
1.243537213824678744e+00
1.241114617951392551e+00
1.249014660334221372e+00
1.256515047503332205e+00
1.268979851118542612e+00
1.270617054066171869e+00
1.239013532298307796e+00
1.226372166163167909e+00
1.246257476563669586e+00
1.239063239408614958e+00
1.257911047380010361e+00
1.287335403503309550e+00
1.296182623696086944e+00
1.302689890006634377e+00
1.291485062306339193e+00
1.407354061370423848e+00
1.362548519830815152e+00
1.303989699223658594e+00
1.328526063710734784e+00
1.302996428502861237e+00
1.298508206893677963e+00
1.297391940735582949e+00
1.313060894818522284e+00
1.339119917623960765e+00
1.360853506858737294e+00
1.359588903227632040e+00
1.365604211186304040e+00
1.308048076782620806e+00
1.298325462716907408e+00
1.271917671858446619e+00
1.274328755100902155e+00
1.285924010156830999e+00
1.329914358519161066e+00
1.269273367548412024e+00
1.303493328781528904e+00
1.272076367567527511e+00
1.276129926853035723e+00
1.278875015831685946e+00
1.246346049780607368e+00
1.270679491475161571e+00
1.286951890660890552e+00
1.343284363589238861e+00
1.283217837918500415e+00
1.280294543670063012e+00
1.276494958849205164e+00
1.259833385928803118e+00
1.312300226165625583e+00
1.342688180558903488e+00
1.321579683443349085e+00
1.309366427501252428e+00
1.317193000241760226e+00
1.314418923606217815e+00
1.329138183026087106e+00
1.374683042862853810e+00
1.370520136443442505e+00
1.396012912601927836e+00
1.517856443279474110e+00
1.410871519750741987e+00
1.429200209645433928e+00
1.347342230113511841e+00
1.274009408554042544e+00
1.276253985407310054e+00
1.300505049776551791e+00
1.284510356810455001e+00
1.325448342374302202e+00
1.288757367557490374e+00
1.275760544823360210e+00
1.279301729552956290e+00
1.295641691123141426e+00
1.288093533877601393e+00
1.291053732719474878e+00
1.326251833974285033e+00
1.320207022856835444e+00
1.300996538551058235e+00
1.313564454706266815e+00
1.296272352398091909e+00
1.298872997636276061e+00
1.294383186013351228e+00
1.312653702544317458e+00
1.313333633342364415e+00
1.296021052816128671e+00
1.304558360057888944e+00
1.275747685990182401e+00
1.288346017880853900e+00
1.325591830209663424e+00
1.302122577819065707e+00
1.320976526368868420e+00
1.318678670075383419e+00
1.345013157996492570e+00
1.338627419355818082e+00
1.313604507753992401e+00
1.343239740620429945e+00
1.324582504780796643e+00
1.331965103987076793e+00
1.345253703702148140e+00
1.298034937278860435e+00
1.260735984569993251e+00
1.284001456593919288e+00
1.245627988025737709e+00
1.278892412466671846e+00
1.290712175692701358e+00
1.289198488656853936e+00
1.337289554173521466e+00
1.354318335277215457e+00
1.338056127132276396e+00
1.350089218750248010e+00
1.362034287000486010e+00
1.318523717038526888e+00
1.388384721501289221e+00
1.391044829739032762e+00
1.331027678177544527e+00
1.315379518749063115e+00
1.341868647997257469e+00
1.368295361077909389e+00
1.364637140670490467e+00
1.309863051135116807e+00
1.315270208912151517e+00
1.358885723032043247e+00
1.342859253469760317e+00
1.336315478283701452e+00
1.365451318103394041e+00
1.322934763280716464e+00
1.347729920777574586e+00
1.337176043923674396e+00
1.359381482870173130e+00
1.348951738197835759e+00
1.332466470583548945e+00
1.374253560977003685e+00
1.367633608103054899e+00
1.351119869530475359e+00
1.357600955435213086e+00
1.340392788970312221e+00
1.366058061777416288e+00
1.351649576363724181e+00
1.375842311278525631e+00
1.345516303689101134e+00
1.362781517737667425e+00
1.355417968610721502e+00
1.340031557537002316e+00
1.354089177102601349e+00
1.382157396028534491e+00
1.376023348953763659e+00
1.426217526327516305e+00
1.439731585109358170e+00
1.467488767410461081e+00
1.437114685689487859e+00
1.433474668401434560e+00
1.402261147076786951e+00
1.395602273357608114e+00
1.412890468245162623e+00
1.381261791888562573e+00
1.422299969437619049e+00
1.413605729919479970e+00
1.452419526655296833e+00
1.435363598474872715e+00
1.423998751928533313e+00
1.427930339060177189e+00
1.447971569200041442e+00
1.412070160202880231e+00
1.436121090699993275e+00
1.420306123771724494e+00
1.393513555166408846e+00
1.418920515179557418e+00
1.415553914368556931e+00
1.392109152575230935e+00
1.422491900173386448e+00
1.420503883238849463e+00
1.424526773570333749e+00
1.462264032139444003e+00
1.412019505451096224e+00
1.393163971988472083e+00
1.432928497900608500e+00
1.435769218484141740e+00
1.472596938008795764e+00
1.480370220777318169e+00
1.412570939317662422e+00
1.463864368472960198e+00
1.425618558709968564e+00
1.435852451664989760e+00
1.435435435900342283e+00
1.414935990171156011e+00
1.392332988684891859e+00
1.432696253861773350e+00
1.423606812980676706e+00
1.398448195233839453e+00
1.447693654723723800e+00
1.379457559354495544e+00
1.400023804309689091e+00
1.385235529062126769e+00
1.407200156945452862e+00
1.409507991356751200e+00
1.406806938791674844e+00
1.401808212574957579e+00
1.421319917407195321e+00
1.388519229676873135e+00
1.398099292636125535e+00
1.383202319325130158e+00
1.398099337032601142e+00
1.393991960305685396e+00
1.406029818763716799e+00
1.386834356161587012e+00
1.421167421847079337e+00
1.408949349397468964e+00
1.380421605554818187e+00
1.372171943085677137e+00
1.412051214104210528e+00
1.414904219343377179e+00
1.386987294235997314e+00
1.394462876493538062e+00
1.354538316827386124e+00
1.385857888224586221e+00
1.400338805732228353e+00
1.431766093561187558e+00
1.383382226829295458e+00
1.346253961489834783e+00
1.381451001377403287e+00
1.352879104933119248e+00
1.355207946447720246e+00
1.371214770870127664e+00
1.388851293753113447e+00
1.353881914066366932e+00
1.321669478747374837e+00
1.340184078243437105e+00
1.393814916016892891e+00
1.386801838518639363e+00
1.343099656338743175e+00
1.387877567297111758e+00
1.369657314402706882e+00
1.394743672591836736e+00
1.374860174131109058e+00
1.383125376325565092e+00
1.347388733823736917e+00
1.385440794435288003e+00
1.386574842935123009e+00
1.398992155014010530e+00
1.361678359298905905e+00
1.342904823742785192e+00
1.399550115459324173e+00
1.411108318803965922e+00
1.390975221731171052e+00
1.392295440676875939e+00
1.383695496404348191e+00
1.437314800782193203e+00
1.422083937518186847e+00
1.378353520779056041e+00
1.403063313712451299e+00
1.399843229189787319e+00
1.383532425112385500e+00
1.387683248610664499e+00
1.383349675146680724e+00
1.389476688900883605e+00
1.417933494028334129e+00
1.413655142022227418e+00
1.403304624209480655e+00
1.380939435193014209e+00
1.389946556624408025e+00
1.314608594956333754e+00
1.329692453534999652e+00
1.306851985774825975e+00
1.293701970689064229e+00
1.322514373719137382e+00
1.333793055309994369e+00
1.332980045591683149e+00
1.349176617975978987e+00
1.354821108287851850e+00
1.373373629410619579e+00
1.361729442114923749e+00
1.342617072033489123e+00
1.357151407548339073e+00
1.366850208454229554e+00
1.307156258379045033e+00
1.348601882794187690e+00
1.344137926549169526e+00
1.363338064697668051e+00
1.345316093458620799e+00
1.326920489831707073e+00
1.340391465262477988e+00
1.343965838241266475e+00
1.336873951435214813e+00
1.341071357851787660e+00
1.334447003484920735e+00
1.300045972307767972e+00
1.324451866299621416e+00
1.316122750175226175e+00
1.341940779371270098e+00
1.301799999321830770e+00
1.334324420813777223e+00
1.315251432050101421e+00
1.384184873696068463e+00
1.336586354679601074e+00
1.343442381472238489e+00
1.314647759703215346e+00
1.289999951732666572e+00
1.286568977182709350e+00
1.257072199171010984e+00
1.262767663395432560e+00
1.278653462139739405e+00
1.291392430985891293e+00
1.308784322632787100e+00
1.294226563335338698e+00
1.286646141132440135e+00
1.293846848811934569e+00
1.289841211647611008e+00
1.265476407458856478e+00
1.285764290796828968e+00
1.283750195617987533e+00
1.275591629052708509e+00
1.317054734846121455e+00
1.279268295088604068e+00
1.284399383094246172e+00
1.297621511811187567e+00
1.293853559441814127e+00
1.289448414539910770e+00
1.301093396380715195e+00
1.289761769514362388e+00
1.293026079403721829e+00
1.303084059371809600e+00
1.286182736019975792e+00
1.269595866930133932e+00
1.290401466119630802e+00
1.308856641638293405e+00
1.300342615580811101e+00
1.308888621023483800e+00
1.319656718118317196e+00
1.340735058390568613e+00
1.311977465549910571e+00
1.316367369949041466e+00
1.322047200918422760e+00
1.315515756511105527e+00
1.330008527735240476e+00
1.314986611480034817e+00
1.326892742241760237e+00
1.295019983063752544e+00
1.301271164261572189e+00
1.315892115356957603e+00
1.282402828247750204e+00
1.288391172270454854e+00
1.302491073238527086e+00
1.304816998153878194e+00
1.319867611443005906e+00
1.305466670198809798e+00
1.292444676835046158e+00
1.288839889855453613e+00
1.305900518402738131e+00
1.294108617383231463e+00
1.309586561773112168e+00
1.297385330747666821e+00
1.309485360161358747e+00
1.307146983262587492e+00
1.290332262512313477e+00
1.302669526915646747e+00
1.287574063088768650e+00
1.295196674791888158e+00
1.313396973907261955e+00
1.306574115270344283e+00
1.304226966308600355e+00
1.276432530251039976e+00
1.308157897369933709e+00
1.307990306588223905e+00
1.307392987554857555e+00
1.298301158515584808e+00
1.298722298328419678e+00
1.299468017583128354e+00
1.299010044435442435e+00
1.291210328866033930e+00
1.295352255918653883e+00
1.314879296341157078e+00
1.306772281680752545e+00
1.311061720929510344e+00
1.316904138848570494e+00
1.310814395128927945e+00
1.321460174523055864e+00
1.304317848124445511e+00
1.309248673400340346e+00
1.298187065176850563e+00
1.312416960507454267e+00
1.317045020941980837e+00
1.319504308887977650e+00
1.288821796098071237e+00
1.271047173871568070e+00
1.284350409441799679e+00
1.297626932065296890e+00
1.289316040093678728e+00
1.288455268055433089e+00
1.286826630353355982e+00
1.290839134885316097e+00
1.271322007548613353e+00
1.288410766636634452e+00
1.297035695616021833e+00
1.325686180692644101e+00
1.292841469747798344e+00
1.329684853078806572e+00
1.278026924388878882e+00
1.310871661099497487e+00
1.326382475477288825e+00
1.341796206174546535e+00
1.314709277603681059e+00
1.249431924448465958e+00
1.280862496877492873e+00
1.275171945185438638e+00
1.300454708327303477e+00
1.313230384939009232e+00
1.307443521032196188e+00
1.301007885844010170e+00
1.336302208610371300e+00
1.316011766230122504e+00
1.298007417842058642e+00
1.300777560017755574e+00
1.282816072225288373e+00
1.272422017286147788e+00
1.316482570271018782e+00
1.299484090192675856e+00
1.323224783753657041e+00
1.307844551200533223e+00
1.285644464727512482e+00
1.315668363297781918e+00
1.274453437735820760e+00
1.307055378891210928e+00
1.303843920920469301e+00
1.271410453837809929e+00
1.272123081583145465e+00
1.235646601820775903e+00
1.258706673530298970e+00
1.273129001111897418e+00
1.285172768926007958e+00
1.256606983294546120e+00
1.228732125847237455e+00
1.238579189097480882e+00
1.252693288057925125e+00
1.246291733717319161e+00
1.274150371068228926e+00
1.262615085749662747e+00
1.254751421819771950e+00
1.267423829197671825e+00
1.256449604425690536e+00
1.266434834255945940e+00
1.265685403653000751e+00
1.266535544110041211e+00
1.272017222303834183e+00
1.257646532616413015e+00
1.251330487198753172e+00
1.237725966113889520e+00
1.245624747879980676e+00
1.263916824462983035e+00
1.259124925048477062e+00
1.256720024170886685e+00
1.243816935008900115e+00
1.253868716070959177e+00
1.264144262086577486e+00
1.263687611514360265e+00
1.248162131064140201e+00
1.247885953835502049e+00
1.254780968765601745e+00
1.263802199852774200e+00
1.277595700143527635e+00
1.256211199935434397e+00
1.275449420979102966e+00
1.284214734759723919e+00
1.267161011585879349e+00
1.269807753699601083e+00
1.273894752907654748e+00
1.303729509270759035e+00
1.301918906311397617e+00
1.266617686304613022e+00
1.264163672957737017e+00
1.275451069771453394e+00
1.266176816267895688e+00
1.280965006830880659e+00
1.284178258371791337e+00
1.270571239679819664e+00
1.265065010918440258e+00
1.279326977984165392e+00
1.262337862464646410e+00
1.268720440155299833e+00
1.253183513512059033e+00
1.248450553914020267e+00
1.265969074443362485e+00
1.253711289184422206e+00
1.278872607358736202e+00
1.285605570847532464e+00
1.280341039719406826e+00
1.308482606717580321e+00
1.240811594453103517e+00
1.244447319745642266e+00
1.265119580957000389e+00
1.255776094221300543e+00
1.236313013043371711e+00
1.280376597255933335e+00
1.276394302693641514e+00
1.281752326463670766e+00
1.256875249094515645e+00
1.281235129179337129e+00
1.262087693705548519e+00
1.268502735676919402e+00
1.262824053662944035e+00
1.252994649700370333e+00
1.276719335490644536e+00
1.257922259946214760e+00
1.275636169033845357e+00
1.269111408811198993e+00
1.269209483194328358e+00
1.271575817815231435e+00
1.298304646033204834e+00
1.274962990933994789e+00
1.282224364514261028e+00
1.310340627225389909e+00
1.300463042286593041e+00
1.305753846553399766e+00
1.313835520184756023e+00
1.316155966474309436e+00
1.320582122035203865e+00
1.320437178982765802e+00
1.305135368869288159e+00
1.312898129744920261e+00
1.286216708870767667e+00
1.297103268795213094e+00
1.295226037741902925e+00
1.329434439655293732e+00
1.305316368839120278e+00
1.301414849079985059e+00
1.310808331479656363e+00
1.309896979497344072e+00
1.313205799301499832e+00
1.290190376770108616e+00
1.278345916960849538e+00
1.303070021656329791e+00
1.319150849520660973e+00
1.307920075552551964e+00
1.294030599386162717e+00
1.298595143616322334e+00
1.306484877704234382e+00
1.300840185681156669e+00
1.297519108787290154e+00
1.271026390109955662e+00
1.273965971234620298e+00
1.288477210638474313e+00
1.284096837929686208e+00
1.270715868284093997e+00
1.282980064686865873e+00
1.271436722124643870e+00
1.280460577466335570e+00
1.285196186935975815e+00
1.274749154514744021e+00
1.262955471297463772e+00
1.266113033267613375e+00
1.266021076690984293e+00
1.285394727371631074e+00
1.294597816709408766e+00
1.262599791157838602e+00
1.283676596411066129e+00
1.296618122133959883e+00
1.286815885664798875e+00
1.272777236803019463e+00
1.286352792798667322e+00
1.266366526310670926e+00
1.275610131188402718e+00
1.292261641023456198e+00
1.286725061046664065e+00
1.295340745989590259e+00
1.285830435913812186e+00
1.293691589961274424e+00
1.275616969510095400e+00
1.266952168277923230e+00
1.290241928037161312e+00
1.296158725164453740e+00
1.297763484753683860e+00
1.273615900166310766e+00
1.282962252186282237e+00
1.279785572217587486e+00
1.327032496539361839e+00
1.297822683045767755e+00
1.319768634347674219e+00
1.273963631403989050e+00
1.289561754517877690e+00
1.267785024168784469e+00
1.291409354929652586e+00
1.293420719854006640e+00
1.269491815419506953e+00
1.268969211672066999e+00
1.283557320646409705e+00
1.285724267607965432e+00
1.291043306639052979e+00
1.286608826060642974e+00
1.277343141573961338e+00
1.278975501286056637e+00
1.267052329075189609e+00
1.285149717769551003e+00
1.287768939672869317e+00
1.270687414143464533e+00
1.289101210536788056e+00
1.302819818774602956e+00
1.279779866324361137e+00
1.284286944634836836e+00
1.302393789907801303e+00
1.321122106856447820e+00
1.320709330064854248e+00
1.296433057513614040e+00
1.277672817879734746e+00
1.276014588041199271e+00
1.283262551352300385e+00
1.255352027495792999e+00
1.275892560236489670e+00
1.299545050632901377e+00
1.298856676622671014e+00
1.287943147099063879e+00
1.278475553646680973e+00
1.270779088957888936e+00
1.270948784043109736e+00
1.280419535827372668e+00
1.265005120744488121e+00
1.273052919421763907e+00
1.256677101264993324e+00
1.269582446089975392e+00
1.289027604653643744e+00
1.273180997991798957e+00
1.262963048662623544e+00
1.287973030645164219e+00
1.250884324550556093e+00
1.260567937919468751e+00
1.286194431274206407e+00
1.246181827925352259e+00
1.256907066021507369e+00
1.272611675273906728e+00
1.247157108978280027e+00
1.214549626908105973e+00
1.250733111457483338e+00
1.256517977871462133e+00
1.249176832437209006e+00
1.264878827962868435e+00
1.254174447041819906e+00
1.241082288356804897e+00
1.254156401216405037e+00
1.260428488141293268e+00
1.261128189123072563e+00
1.275039342504629136e+00
1.298797882577944707e+00
1.279642839184961467e+00
1.287254872826446350e+00
1.258152890894092657e+00
1.270015989691614111e+00
1.260507784460072722e+00
1.256331362718123401e+00
1.281055582949961247e+00
1.256543153384011458e+00
1.273031285401447166e+00
1.274597081707349755e+00
1.271758206542843439e+00
1.252591486130711917e+00
1.266295755934232936e+00
1.257366757022139403e+00
1.258602339688017047e+00
1.248953431018670290e+00
1.262866280541119046e+00
1.243456459565344119e+00
1.264741586201147516e+00
1.244594324582657174e+00
1.270402710313004224e+00
1.247830700273627968e+00
1.272238069201320654e+00
1.270462719385432315e+00
1.274268492699868416e+00
1.256167868685372113e+00
1.253370671698078809e+00
1.245658001243283186e+00
1.254762433804448074e+00
1.258538828933914333e+00
1.264800111837066421e+00
1.256835733274642042e+00
1.303735526882747742e+00
1.326369722588724320e+00
1.273592944617771616e+00
1.289294734229105677e+00
1.285425845485592911e+00
1.269750687799772848e+00
1.275639358862884931e+00
1.288405628107580414e+00
1.250384636167254815e+00
1.255894891382364653e+00
1.276247366747139456e+00
1.270731938314912268e+00
1.250439802473400253e+00
1.262896531294812830e+00
1.267708307453032646e+00
1.241379151625759514e+00
1.265151571515217732e+00
1.253948736682391596e+00
1.244088905580831961e+00
1.245820526144848062e+00
1.252354157608445817e+00
1.242276349295887705e+00
1.245730937813581463e+00
1.232542967659149946e+00
1.245177745510539724e+00
1.218352633949331132e+00
1.225938373586632046e+00
1.244331786895062519e+00
1.235902807524135172e+00
1.232053992628360461e+00
1.229652114604947055e+00
1.245855372790757087e+00
1.248434312229961485e+00
1.279382070377235614e+00
1.289343943950611360e+00
1.274953074195502634e+00
1.305856098033153501e+00
1.254563931027776746e+00
1.286827579649807651e+00
1.254038635987447359e+00
1.253842787856249030e+00
1.290936211649121201e+00
1.276446948795553427e+00
1.269133990902987508e+00
1.282088473687063912e+00
1.270148086389295772e+00
1.271625537125357308e+00
1.261143163652408417e+00
1.267773965878101761e+00
1.262998687326948533e+00
1.263034936648826267e+00
1.267211435172470368e+00
1.294045489161678386e+00
1.285955961930287383e+00
1.286414776275480731e+00
1.299200715651442684e+00
1.309931582302709785e+00
1.277582711686799044e+00
1.293388406944528057e+00
1.295553092814778040e+00
1.298641849383343372e+00
1.298771885538287707e+00
1.309403816829807887e+00
1.295365892263014018e+00
1.282239361598017213e+00
1.306668948974807565e+00
1.314372564344720828e+00
1.286850000163204388e+00
1.301851068054409311e+00
1.292230439922634311e+00
1.275310414689086569e+00
1.312390268498813573e+00
1.316193119718559235e+00
1.315558401837179536e+00
1.298294375821458901e+00
1.334566050519661040e+00
1.304079366643450921e+00
1.308671428707661732e+00
1.288930918139938875e+00
1.275667653850408145e+00
1.295433026936629872e+00
1.275712833037596639e+00
1.272729277877676424e+00
1.287085226139337291e+00
1.279819390266327073e+00
1.271379785549798136e+00
1.279047656620733164e+00
1.276119033879983045e+00
1.287758304381602104e+00
1.298482097539291891e+00
1.287361673389927352e+00
1.285078360794121632e+00
1.288422450299959943e+00
1.314001183589287747e+00
1.285077225656826139e+00
1.289056456466620482e+00
1.279890375506097078e+00
1.281703120751654490e+00
1.289419062848996322e+00
1.268272113893867514e+00
1.281905005190274727e+00
1.276146737933926190e+00
1.287802195975563446e+00
1.283874761195025416e+00
1.272590868824435395e+00
1.268492100087655228e+00
1.276898881820744736e+00
1.279670991692535065e+00
1.266560085361128074e+00
1.269334565752875399e+00
1.277267401687905757e+00
1.281874304898475758e+00
1.267391498231517755e+00
1.274383312181870176e+00
1.278499457034649733e+00
1.269242498059166779e+00
1.260833772282687448e+00
1.271941369387012966e+00
1.272658587817982134e+00
1.262238663981539277e+00
1.268367649522091245e+00
1.261633853953022522e+00
1.287271224852812646e+00
1.270998158163498370e+00
1.268190197516432027e+00
1.297654337138052894e+00
1.288502133493946822e+00
1.279591475565321934e+00
1.256678000437373433e+00
1.255537920735528390e+00
1.276133028611893039e+00
1.293965400258056064e+00
1.272052495437502539e+00
1.283621170687491597e+00
1.295116020538416235e+00
1.310532054920220180e+00
1.325840049461819881e+00
1.316289695053149078e+00
1.326877383702045332e+00
1.330882414268204084e+00
1.306374265179240934e+00
1.307723027713918240e+00
1.310907282906327298e+00
1.353592173869396342e+00
1.313230470920130122e+00
1.344968221622343307e+00
1.303577085202752395e+00
1.329020018382091939e+00
1.343712065608273276e+00
1.277203004447712287e+00
1.317142241529309477e+00
1.279349167315602331e+00
1.309220510957497696e+00
1.278782850105395275e+00
1.273659209525169089e+00
1.284966251244402669e+00
1.283818498684564435e+00
1.273927277481796683e+00
1.279967232257533727e+00
1.280807939429847941e+00
1.272490150258424491e+00
1.265949272066994258e+00
1.281908339867029900e+00
1.260252175874104763e+00
1.272214898335291666e+00
1.267950366715712374e+00
1.268040282979062239e+00
1.269648289436153821e+00
1.270995566252348219e+00
1.272504251119862984e+00
1.278175845196102722e+00
1.266741659240894657e+00
1.282371032618632611e+00
1.272552880286704546e+00
1.281948165237153381e+00
1.258022074309077087e+00
1.275678210777996924e+00
1.278834458895642401e+00
1.286374429317777457e+00
1.275418449121221265e+00
1.271658655873134869e+00
1.284248190632735875e+00
1.260166281012033318e+00
1.282162798513472257e+00
1.273896801420676850e+00
1.286170195557474472e+00
1.274118987206916298e+00
1.263519542167113041e+00
1.259926429112444790e+00
1.267168470638529332e+00
1.276657520370595433e+00
1.277166802794922340e+00
1.275527679824739025e+00
1.280757860642459667e+00
1.276737292131115087e+00
1.281138122336615837e+00
1.266209770394850498e+00
1.257551970175291300e+00
1.280490699231612961e+00
1.255125733963001311e+00
1.262841451954606065e+00
1.264366134740275260e+00
1.277694540609206175e+00
1.281495685914296079e+00
1.278780914785505818e+00
1.310657360041209474e+00
1.294794419929296447e+00
1.288240874651721102e+00
1.276360932494361888e+00
1.280040409808576918e+00
1.282357079777638686e+00
1.262369205543149908e+00
1.284175180376096792e+00
1.327552419936911976e+00
1.292142680691022782e+00
1.284755391143815872e+00
1.287639894547412345e+00
1.288809311440570982e+00
1.305166812621353589e+00
1.288874659933644029e+00
1.297411953291445208e+00
1.293397687097509463e+00
1.271963463570840558e+00
1.292725709304531456e+00
1.288800119324218008e+00
1.287223180905948894e+00
1.308051869880812790e+00
1.291930357084932979e+00
1.314642085148156614e+00
1.293471417003708268e+00
1.297732809085430317e+00
1.296834461734702959e+00
1.293817974457754039e+00
1.275148520590311696e+00
1.276766989774166250e+00
1.278581067802762039e+00
1.285949727860495218e+00
1.285676954227288338e+00
1.287723284949918723e+00
1.278601859011256003e+00
1.283824513990601268e+00
1.275380496507811934e+00
1.272042302087931009e+00
1.287138962472347492e+00
1.279148670860978720e+00
1.272911476517946339e+00
1.288965055467881093e+00
1.294686389205245591e+00
1.270010557525696804e+00
1.254053261967014166e+00
1.273771801331607501e+00
1.283681370637987040e+00
1.275519405403073847e+00
1.270741044564489552e+00
1.279409236175462539e+00
1.283127834142537838e+00
1.296446636919157847e+00
1.277443843885685215e+00
1.265187654978380927e+00
1.279845044187545300e+00
1.267038367801239573e+00
1.256146894707456996e+00
1.268421428532898299e+00
1.275098653899970902e+00
1.267162622551518014e+00
1.252042705448019655e+00
1.266110186108067248e+00
1.253074252639304609e+00
1.263083646999676901e+00
1.256749096481995620e+00
1.281027879711733597e+00
1.311865766873519412e+00
1.278458020008886864e+00
1.270002750197637642e+00
1.295162787274345195e+00
1.310794612893025013e+00
1.319872268276223615e+00
1.249972732508463524e+00
1.290454654677612556e+00
1.281473968496046112e+00
1.281387554566856268e+00
1.269514433975685641e+00
1.255806418418637493e+00
1.279128700065228941e+00
1.250231023716008805e+00
1.250999948991581290e+00
1.263845533976219571e+00
1.253236512851259254e+00
1.261443467429960386e+00
1.254484534958035802e+00
1.270681191217260864e+00
1.267538834805695958e+00
1.255034734749536751e+00
1.264673793355362230e+00
1.257550747356160015e+00
1.262681718503405159e+00
1.275499703744275459e+00
1.273165072699097067e+00
1.256951016467688031e+00
1.268075973007176449e+00
1.259840272986066712e+00
1.315054192420492374e+00
1.233926811573204274e+00
1.258180111464932249e+00
1.261595470354300197e+00
1.241205715757270678e+00
1.254993824959530047e+00
1.276575992301894225e+00
1.268912834985022720e+00
1.242343917660812647e+00
1.270987436865795184e+00
1.254188757592121339e+00
1.268812374364849838e+00
1.262318552869491350e+00
1.263975703688213326e+00
1.253784848592345735e+00
1.261484497807852989e+00
1.270988962564281621e+00
1.275387189521619558e+00
1.284312725760146101e+00
1.272712031575300218e+00
1.256341721209100815e+00
1.270476039078633601e+00
1.264477826772129943e+00
1.292566599603779176e+00
1.283625535057281164e+00
1.297014145561274701e+00
1.279686189921853678e+00
1.276673251432598910e+00
1.280893417959324765e+00
1.274425442767135319e+00
1.263762785041405046e+00
1.287650725998445767e+00
1.277198570805653910e+00
1.268714199475504456e+00
1.328318522765076004e+00
1.325268062826233884e+00
1.339941668681016163e+00
1.271211157496756172e+00
1.282732296622366430e+00
1.271584264215716242e+00
1.264858348456115555e+00
1.291133497836754351e+00
1.259877064791851353e+00
1.253023124730876292e+00
1.265157767062522254e+00
1.274203425386650990e+00
1.260894861616748797e+00
1.280493741994261914e+00
1.276800036881738265e+00
1.267192099556868401e+00
1.256859451331649336e+00
1.257900852223556631e+00
1.271264740770100543e+00
1.275047782668522256e+00
1.263508665969859335e+00
1.287370597735458144e+00
1.268169043886429925e+00
1.270935969249499697e+00
1.262804342322837670e+00
1.257833879943368594e+00
1.276878307624085274e+00
1.226324110442851945e+00
1.259905571759597720e+00
1.257803185977177884e+00
1.302959816128251624e+00
1.283741757247284898e+00
1.250727208001608748e+00
1.282500824072479784e+00
1.262008424731934753e+00
1.252476862878993513e+00
1.295903270512450911e+00
1.290787973958315460e+00
1.263733958198189233e+00
1.271007455908761630e+00
1.286291431821537490e+00
1.267174311742309545e+00
1.276128319560074553e+00
1.250926143106946498e+00
1.277675648471986225e+00
1.252374492517063898e+00
1.243766153750266223e+00
1.273775291255845099e+00
1.322243141689331436e+00
1.298910611785404567e+00
1.299230652839322264e+00
1.309336673813983332e+00
1.275771526895365771e+00
1.261597652460011210e+00
1.276810689892998063e+00
1.264526530420593486e+00
1.285931617183859288e+00
1.264967169693471893e+00
1.251784752096660513e+00
1.251856903440729640e+00
1.254475004331512933e+00
1.258195307821301956e+00
1.254104318759270198e+00
1.269476948214275369e+00
1.273505663433935231e+00
1.270468778021225376e+00
1.258256065724465245e+00
1.268303655176383771e+00
1.277192456672816778e+00
1.252700606326052846e+00
1.273282210383674062e+00
1.255208698654842525e+00
1.257937797353873233e+00
1.271552845078241401e+00
1.280598621469474008e+00
1.288571759021311047e+00
1.286023584324661018e+00
1.289841433020291861e+00
1.289315882684925585e+00
1.283221904684194392e+00
1.277490683221156775e+00
1.268950796955150340e+00
1.290110350641812786e+00
1.297195156350421374e+00
1.296837508065699307e+00
1.266496538996163990e+00
1.305765744392383132e+00
1.263933029010274156e+00
1.272852206162345956e+00
1.239840282377545622e+00
1.268736506181052048e+00
1.278730397337761948e+00
1.290812128908289891e+00
1.300413059921027958e+00
1.277187607084353305e+00
1.273738200373817131e+00
1.273980345374086776e+00
1.267932213215997805e+00
1.294480831649443608e+00
1.324662102047042156e+00
1.279867175260490209e+00
1.274080987154311728e+00
1.277924253397572318e+00
1.277395776666007565e+00
1.305912747498419346e+00
1.300008723578677250e+00
1.302898663250054545e+00
1.281236134627395939e+00
1.261119837115528997e+00
1.270717368873538033e+00
1.270197713125392980e+00
1.276119532616654118e+00
1.245394502997330344e+00
1.277431418813189890e+00
1.258816783409184126e+00
1.283942591278672607e+00
1.271807617311168537e+00
1.292872601964583978e+00
1.293749488612567777e+00
1.278825629085013738e+00
1.292209219060155734e+00
1.266286764770865991e+00
1.257653737537673511e+00
1.288288467423892358e+00
1.308816573342083123e+00
1.263034481598716230e+00
1.309721614835837489e+00
1.292903999001614901e+00
1.275866935821337478e+00
1.285115456800240308e+00
1.281569605657751465e+00
1.254438804372326688e+00
1.267112704273228641e+00
1.266255175238357289e+00
1.282836517162426526e+00
1.268745555663458369e+00
1.323758332091160561e+00
1.305101341887801247e+00
1.287169884008221299e+00
1.255292287761448078e+00
1.272953512129433529e+00
1.285656710031091388e+00
1.257418607123671483e+00
1.281271728421802036e+00
1.270334128018643538e+00
1.266995606280851616e+00
1.336545138743065797e+00
1.297879899029268369e+00
1.249653091614230327e+00
1.271186684905188047e+00
1.260034427397153323e+00
1.261590667945057254e+00
1.283666277343103124e+00
1.286320303726743886e+00
1.278651837911997102e+00
1.295190576996817056e+00
1.308185189721199793e+00
1.284651206199085793e+00
1.292296011604308958e+00
1.275364206283722934e+00
1.323819877822010715e+00
1.350303830690127604e+00
1.263404610988014376e+00
1.283205665839211695e+00
1.270351517377158901e+00
1.274383876978893326e+00
1.246132756180670320e+00
1.285705324753343426e+00
1.258615983164371954e+00
1.252662558102789259e+00
1.242263640395819158e+00
1.290463639439064281e+00
1.245191197633251479e+00
1.263135897056799850e+00
1.258631210192562744e+00
1.270813799356163232e+00
1.270391953014104125e+00
1.297125610879400925e+00
1.272447961616130385e+00
1.275943089621512927e+00
1.288810191696222907e+00
1.266106398891918339e+00
1.282086206301999542e+00
1.256001842724306927e+00
1.270705058966782319e+00
1.267454713424012169e+00
1.278656934472558460e+00
1.270663585785894778e+00
1.257661122812391286e+00
1.262267226437924883e+00
1.285567213471901837e+00
1.299386652559223476e+00
1.293025914493257211e+00
1.310173350728952801e+00
1.282237282874485240e+00
1.297022191431584037e+00
1.280228305238806374e+00
1.294048740978340994e+00
1.259279310543867103e+00
1.280779938745066016e+00
1.283160433732820183e+00
1.263895144819025873e+00
1.257340606411561312e+00
1.271024172425480492e+00
1.268806477201269267e+00
1.271584550660678214e+00
1.268128316923379906e+00
1.272271481883921362e+00
1.271807836624627930e+00
1.274752634189807443e+00
1.275578375446003276e+00
1.268537855221216981e+00
1.297244902808633915e+00
1.305123392115574488e+00
1.317279493993105843e+00
1.319532358014188667e+00
1.326082216969427519e+00
1.323916333391060407e+00
1.320868788546897710e+00
1.320286244486532423e+00
1.356334901533387205e+00
1.338601531697026337e+00
1.341164334235340760e+00
1.331924869725850114e+00
1.374584802333630007e+00
1.357900410731992080e+00
1.364335832821777839e+00
1.365244568548798609e+00
1.360031746489937854e+00
1.355479310555808725e+00
1.337178636962901290e+00
1.336643331416438318e+00
1.321735823538816357e+00
1.321505940993855877e+00
1.310295213256054137e+00
1.333753371236525043e+00
1.333563273822321316e+00
1.379662530267335541e+00
1.353607795997174179e+00
1.321444094125543423e+00
1.322399504834779416e+00
1.323813474543479307e+00
1.320697897307709923e+00
1.328498975570143292e+00
1.329457369112787335e+00
1.311784188641857751e+00
1.334715232773219240e+00
1.313586346732807497e+00
1.301564161833235422e+00
1.289248591531479748e+00
1.286504605645089727e+00
1.273040289763906596e+00
1.251078200250188344e+00
1.323588443511747981e+00
1.325562034129244227e+00
1.309778953822177572e+00
1.303618232613234174e+00
1.282676821422650493e+00
1.318072493277649970e+00
1.312145064673733375e+00
1.275812421621075554e+00
1.314686665625750539e+00
1.315641040735480827e+00
1.311445206368686112e+00
1.281460710216556054e+00
1.302117295874447356e+00
1.303980172873877352e+00
1.272412210966707535e+00
1.258434137452547619e+00
1.298079338951070083e+00
1.308705960078421660e+00
1.296866586989000147e+00
1.287856453866336626e+00
1.289476234152166167e+00
1.259292831022752246e+00
1.274039967911762217e+00
1.259881033568922337e+00
1.277032192442074443e+00
1.289602933060286727e+00
1.281047594239983933e+00
1.281987994936262254e+00
1.296619735510177840e+00
1.268757181720288507e+00
1.269080374306151171e+00
1.276450872629919964e+00
1.264058615343934822e+00
1.269961913143509813e+00
1.291804091481733474e+00
1.281449026216410214e+00
1.298859644205115460e+00
1.309255285290450432e+00
1.280962025809240457e+00
1.301209571694237566e+00
1.303243937327749347e+00
1.305142997955135220e+00
1.284244258345905054e+00
1.303287686882875551e+00
1.284610849024974355e+00
1.242829051968576515e+00
1.253640217152233616e+00
1.291136610203948543e+00
1.305152345524539959e+00
1.285267563333422514e+00
1.286837463186072616e+00
1.271088625703072683e+00
1.309349392480207541e+00
1.289893857329384996e+00
1.291307285082742506e+00
1.310135583117767677e+00
1.350698041273073358e+00
1.345598759869015781e+00
1.319696390892434401e+00
1.295151723883689820e+00
1.286581934950733697e+00
1.242110293571789592e+00
1.257954068326749386e+00
1.285746811829354241e+00
1.260451568635659214e+00
1.247992146107683054e+00
1.233085521673644935e+00
1.278679485202296906e+00
1.270547087858393542e+00
1.271455747653037927e+00
1.300858662107309716e+00
1.283260500045120489e+00
1.267216378173406266e+00
1.274191687769071546e+00
1.284631386621792659e+00
1.279956028832572645e+00
1.253132006530585985e+00
1.281195705508996863e+00
1.270967050339745441e+00
1.244536119347669612e+00
1.257306898100263304e+00
1.249716999110637827e+00
1.232772839503293971e+00
1.286669165072128473e+00
1.259707826866388158e+00
1.277279308547108139e+00
1.249073070384384643e+00
1.259922402259317620e+00
1.248483587862520006e+00
1.271285545068210121e+00
1.298194713674808876e+00
1.262685247888745144e+00
1.267895726249977484e+00
1.288172105170375614e+00
1.248613790072277352e+00
1.265353569958903357e+00
1.231853981207841731e+00
1.279614887303927695e+00
1.265434841694823120e+00
1.315676196507514106e+00
1.292043251363043321e+00
1.279404446990890065e+00
1.253788335897539463e+00
1.298094471934756466e+00
1.288704761599994697e+00
1.277701492366407177e+00
1.269990241665371000e+00
1.307230507996390623e+00
1.257682602700531671e+00
1.251686118345691989e+00
1.248858662492716931e+00
1.247810130606840540e+00
1.245069376805305827e+00
1.257079057279671286e+00
1.281934207302428685e+00
1.280359879086519825e+00
1.270258703226560204e+00
1.305340133876288888e+00
1.261872458814673248e+00
1.268266146122256632e+00
1.285248374519435410e+00
1.325329174384807907e+00
1.276130648514252952e+00
1.281652638818956413e+00
1.238887860905834248e+00
1.231873909316559823e+00
1.255508648617954970e+00
1.245841566575346615e+00
1.259340694184750697e+00
1.262270381215980342e+00
1.225627976065757130e+00
1.274043813581054119e+00
1.266008918146618978e+00
1.271485747831398339e+00
1.262354214716877365e+00
1.256921780515354525e+00
1.250594105958277691e+00
1.266743886079563008e+00
1.261831401050496737e+00
1.275165202488729443e+00
1.277593449343975118e+00
1.281726905081478796e+00
1.282084122419186123e+00
1.281487079732225087e+00
1.269569311511653531e+00
1.257955562367049529e+00
1.295155027370537448e+00
1.295728698369118304e+00
1.272658327670717515e+00
1.279614724273415716e+00
1.280052821033505817e+00
1.285573476986594521e+00
1.294059575469716838e+00
1.302047447453315243e+00
1.323400228061696327e+00
1.266042785493765477e+00
1.334369671039602467e+00
1.301170659992037848e+00
1.320443119499783879e+00
1.318991612252694345e+00
1.334388543380561343e+00
1.338137210394842569e+00
1.303047396549511294e+00
1.326344130521541320e+00
1.317587501810867812e+00
1.306760793159631673e+00
1.345291438888481128e+00
1.315054882826425686e+00
1.418893679455783374e+00
1.438794784952026395e+00
1.456773332361900319e+00
1.497213576383949585e+00
1.365163357016351275e+00
1.346903012106784203e+00
1.339553277946150756e+00
1.318149127463102754e+00
1.364176015988069146e+00
1.365184148497021965e+00
1.264051740477673214e+00
1.300605881903645678e+00
1.286432123726580112e+00
1.308758207567894738e+00
1.320635791142729110e+00
1.334653442839419668e+00
1.317569078623596734e+00
1.316808084173581861e+00
1.316966821710500612e+00
1.306882756454344596e+00
1.289009303820045416e+00
1.331551014665926402e+00
1.358084252516538415e+00
1.364324748493519701e+00
1.334916221347438148e+00
1.351736771251400571e+00
1.342821263202790938e+00
1.347841303762294274e+00
1.327391539334621395e+00
1.343999275794721004e+00
1.335802306388459870e+00
1.349888082475856121e+00
1.334788180359757659e+00
1.346971248125841347e+00
1.340042732236704781e+00
1.329322658303500049e+00
1.383702755368351855e+00
1.300242042806242893e+00
1.313761666466532585e+00
1.330193121344585672e+00
1.329299480933346267e+00
1.325794231086529607e+00
1.331951547842427974e+00
1.308688797785754865e+00
1.343050005966385685e+00
1.335081448462764664e+00
1.332737601735079602e+00
1.311254596627369429e+00
1.314441295497341677e+00
1.311149676170249689e+00
1.334699761636978232e+00
1.349015952393778806e+00
1.330010974897302356e+00
1.296511120904771497e+00
1.306901210003021507e+00
1.348449206038774273e+00
1.330520188134815651e+00
1.360637321476473538e+00
1.387060364876832930e+00
1.351314380051213071e+00
1.312947153510236609e+00
1.291919813396831929e+00
1.303810610680969484e+00
1.287518336742429881e+00
1.312906607235936773e+00
1.311241416905494006e+00
1.273724238565255407e+00
1.324720871686703827e+00
1.307559070989576577e+00
1.307606883455261659e+00
1.299191446821819529e+00
1.301046336220366806e+00
1.317180902803210873e+00
1.353320339859551691e+00
1.277816312729035619e+00
1.324952309916902493e+00
1.306216484926258525e+00
1.312144658484696969e+00
1.282270612017633038e+00
1.253907803888543615e+00
1.260692727767257937e+00
1.254746280095063060e+00
1.268473482297300725e+00
1.281696441479199589e+00
1.282590778821930178e+00
1.281494055953803501e+00
1.277982110213959466e+00
1.315566007889286126e+00
1.321805355041748564e+00
1.319673619451001922e+00
1.324575035114679444e+00
1.291802189316928695e+00
1.337081773307788879e+00
1.338008505364665757e+00
1.313831676851906938e+00
1.338493723730328933e+00
1.377498959321919791e+00
1.348206295818510370e+00
1.322657832976395165e+00
1.312718366936824976e+00
1.311251387720177020e+00
1.339049759698764941e+00
1.271236742774331629e+00
1.299407679566267904e+00
1.347161193341125607e+00
1.332099909314934161e+00
1.336942981893094462e+00
1.332958971671866388e+00
1.354009518919522481e+00
1.308372727245383782e+00
1.355578821309139315e+00
1.304414644686584523e+00
1.359648399633174964e+00
1.367214404557151486e+00
1.354214958621027254e+00
1.366922333329801731e+00
1.346611652643321166e+00
1.375393759063113119e+00
1.364419632801174398e+00
1.377471562847222497e+00
1.358061280647425928e+00
1.375343011176374475e+00
1.349997359573839706e+00
1.320986813906871893e+00
1.311988472879448198e+00
1.310755745159593921e+00
1.311304361733636181e+00
1.348153624175146836e+00
1.358719375996579437e+00
1.337031133600012689e+00
1.327685375665798917e+00
1.328224508355058120e+00
1.365208815005419130e+00
1.317214570576644261e+00
1.308732405215815131e+00
1.347722454745828635e+00
1.348739005995706064e+00
1.323855106595833275e+00
1.343923029284857851e+00
1.323112964283015724e+00
1.359361930029054477e+00
1.339718146383904962e+00
1.311965693390356513e+00
1.322864591722457961e+00
1.299659417005133211e+00
1.321383994988677646e+00
1.306736568835667800e+00
1.295546900308693461e+00
1.330717979006940777e+00
1.306620171689085286e+00
1.338178981430437009e+00
1.327808042534588395e+00
1.311812270208556841e+00
1.316829912473620467e+00
1.326635089002614398e+00
1.345467191816675623e+00
1.390486948450728955e+00
1.359895569756118361e+00
1.334405108313270194e+00
1.331481078573636623e+00
1.354543337418871340e+00
1.312054238747425883e+00
1.307718666170088362e+00
1.309406771568193184e+00
1.303754728692277487e+00
1.325098062519973752e+00
1.279871512665864852e+00
1.320822671637005064e+00
1.303652002485858219e+00
1.309295906808920273e+00
1.352282610928199791e+00
1.343214033260073714e+00
1.305838468357222393e+00
1.337697800217600985e+00
1.313019355762381490e+00
1.349049759341207411e+00
1.367379806778849849e+00
1.311169152202396715e+00
1.328148242822910552e+00
1.362535274898406756e+00
1.334618818720866740e+00
1.311670762560866565e+00
1.348969695367546739e+00
1.345208680465994178e+00
1.298160739352301585e+00
1.319527607650806234e+00
1.261525602880716912e+00
1.278173244687901944e+00
1.319039302363055111e+00
1.302988929317223210e+00
1.317544674938657678e+00
1.281487331126781370e+00
1.338385738663089519e+00
1.304425534827768685e+00
1.319480820990071912e+00
1.305496317082169400e+00
1.358394999745059950e+00
1.346698530941733196e+00
1.292143815387437833e+00
1.323833218394778077e+00
1.361694568362820101e+00
1.370496816554860775e+00
1.344773035398317829e+00
1.337787636681105230e+00
1.342460519432513655e+00
1.374072864352628542e+00
1.345449437249132130e+00
1.345066152965010309e+00
1.350728645239154702e+00
1.353359504377505740e+00
1.354824713971166883e+00
1.345928015593813365e+00
1.351641966615565682e+00
1.388765901863760588e+00
1.330735641977116579e+00
1.345253258015241649e+00
1.337615553245515398e+00
1.330253861813351035e+00
1.339370045897931627e+00
1.335369259075703585e+00
1.327387357523151623e+00
1.310010912981324882e+00
1.346885642260248428e+00
1.317617692540953067e+00
1.336347834673020429e+00
1.320546464881161564e+00
1.321754757497407562e+00
1.342707470083030374e+00
1.344286398935574223e+00
1.385110427249903964e+00
1.375793568410868639e+00
1.369438977758630216e+00
1.376510104772296073e+00
1.386444757140452122e+00
1.394596167421541244e+00
1.416991640961502874e+00
1.375026848844719929e+00
1.356849355944140800e+00
1.349182534386471621e+00
1.350823607661723269e+00
1.347478696110255170e+00
1.367889528081457140e+00
1.335970416871992805e+00
1.299716575788643302e+00
1.351196967486157030e+00
1.308125173368382299e+00
1.283168321456821470e+00
1.330832265202923193e+00
1.352723116810644166e+00
1.315302758300598729e+00
1.332028940712529863e+00
1.310187359192184875e+00
1.361164100749953088e+00
1.340764689935069143e+00
1.335723120990541135e+00
1.290892720846968045e+00
1.325444405802328696e+00
1.277178354165716234e+00
1.298853837291676028e+00
1.341713515757900321e+00
1.341111832106897994e+00
1.318680587584448061e+00
1.304378421475525851e+00
1.298883654461644666e+00
1.361785132612851390e+00
1.397041664075645784e+00
1.414811273267165159e+00
1.412768917182376738e+00
1.364695119930664946e+00
1.375956113246168844e+00
1.357212641302211864e+00
1.361022420625787488e+00
1.399785596893198925e+00
1.363355368789237021e+00
1.365363502610296598e+00
1.367926410928988812e+00
1.417963557677319519e+00
1.376798468312199653e+00
1.376657217839132530e+00
1.395836023304106055e+00
1.426762989514084312e+00
1.395296975134223683e+00
1.324733893062509660e+00
1.402271044900255781e+00
1.349476100068270235e+00
1.399713192809782347e+00
1.379946812360327346e+00
1.390672510174334242e+00
1.396358560594095355e+00
1.333630187070501183e+00
1.360510219475664195e+00
1.344055294319344229e+00
1.347429060371859055e+00
1.360828785850482614e+00
1.366257242682844764e+00
1.359799465626994275e+00
1.360249833641582473e+00
1.366732316873940478e+00
1.366020375686197719e+00
1.397847670058558034e+00
1.396660283045527029e+00
1.398850174781955280e+00
1.378820920087157287e+00
1.387686012549139258e+00
1.371283672063384751e+00
1.395649750039539505e+00
1.389751251970172907e+00
1.402507363565331122e+00
1.370170792037328500e+00
1.404447587022148003e+00
1.377203819355525827e+00
1.364241642890611228e+00
1.430898616623013764e+00
1.409046591683281058e+00
1.400009509933747509e+00
1.454774472982447220e+00
1.459413887097409823e+00
1.471373022583809309e+00
1.456383929195762539e+00
1.410567280320241812e+00
1.401793427985817964e+00
1.451930648951278213e+00
1.482109381696149031e+00
1.383744126019035736e+00
1.445762327764222643e+00
1.406120593276148023e+00
1.406965823430038842e+00
1.409825519930911986e+00
1.436070749297806648e+00
1.385442234616234503e+00
1.352052150589005297e+00
1.413035942051745097e+00
1.418026211885339061e+00
1.411187201721128881e+00
1.450135104701093747e+00
1.399392864886019217e+00
1.437622901202720405e+00
1.376336034984217083e+00
1.392859550583811057e+00
1.436598762546728913e+00
1.431354206429092946e+00
1.393048893292882617e+00
1.365130424942570642e+00
1.369780397638639347e+00
1.420516309095665397e+00
1.361629830212704784e+00
1.337170392772704997e+00
1.356802956802041660e+00
1.420005627553699634e+00
1.375307771801509427e+00
1.343065313758556423e+00
1.362310569157744178e+00
1.392172147310094532e+00
1.332965759202846323e+00
1.391848165211339694e+00
1.329928948409158762e+00
1.394044187088931297e+00
1.362656796884120558e+00
1.369345245212904461e+00
1.413590263010810810e+00
1.348149935810387667e+00
1.346096856230748484e+00
1.355490436559305900e+00
1.362200681660222790e+00
1.331829043486192354e+00
1.372244171757207365e+00
1.373747951676929979e+00
1.352395081756959216e+00
1.342677138466673803e+00
1.343187064846217860e+00
1.338051107967658027e+00
1.331706250880589026e+00
1.369163611249501367e+00
1.371468700647290095e+00
1.370848299919841473e+00
1.365492304001579171e+00
1.378374233396004067e+00
1.399608968735499559e+00
1.359990945449443434e+00
1.358923119485953901e+00
1.392565705834199141e+00
1.369796697753779435e+00
1.367045934167520960e+00
1.388565576475286223e+00
1.417178750465412751e+00
1.397999356124083103e+00
1.356741271152777761e+00
1.409430542775832684e+00
1.345625695545656031e+00
1.368043173697680137e+00
1.364068551974275900e+00
1.373338082227239632e+00
1.383275941979336343e+00
1.367615345224497458e+00
1.404129425407813603e+00
1.327390372315115474e+00
1.351593945808324593e+00
1.395578443465017804e+00
1.368530697933276530e+00
1.382955021774864068e+00
1.342728562781111190e+00
1.310635358160254338e+00
1.280606512517157736e+00
1.323587897094801402e+00
1.331477399586946886e+00
1.356184514833576493e+00
1.312231602544217335e+00
1.383673419715986341e+00
1.356269278825360747e+00
1.346134620284224370e+00
1.341256864474156929e+00
1.356930148417174076e+00
1.359415247640795466e+00
1.395616609640741856e+00
1.388990228160726481e+00
1.336613635120004195e+00
1.393040906529121603e+00
1.383534703954711009e+00
1.348097197045261764e+00
1.347731919664743483e+00
1.330010216905588294e+00
1.349625808476744959e+00
1.332232347484495927e+00
1.384719128850095293e+00
1.367445016782479206e+00
1.376844579990778250e+00
1.343662045499443680e+00
1.343427117852764807e+00
1.305746709823197182e+00
1.296337248019481470e+00
1.309841145589126787e+00
1.314285793055575580e+00
1.278076508427554714e+00
1.301216952423905227e+00
1.274874911118428766e+00
1.264665050709675054e+00
1.272742318255214444e+00
1.239030492106393266e+00
1.239513069094119180e+00
1.273483355639337011e+00
1.297691926851395117e+00
1.312208203507157389e+00
1.278170731364561830e+00
1.294167899502072006e+00
1.293207027480020255e+00
1.338854681915507161e+00
1.357620372400283770e+00
1.354726079365459634e+00
1.358789822181726725e+00
1.362151114603324054e+00
1.359454616505052726e+00
1.357652929742910075e+00
1.368354301926218319e+00
1.358671384670893989e+00
1.349153409034759443e+00
1.322040396303535870e+00
1.333982403144687190e+00
1.294013337499637428e+00
1.261512151417742977e+00
1.270064132871258744e+00
1.274306828991317975e+00
1.319041064213489545e+00
1.263268063426472132e+00
1.261774908120215200e+00
1.273581282698523109e+00
1.284163079557603115e+00
1.256998698732942898e+00
1.292038460277581180e+00
1.301582422191559729e+00
1.298947402921067695e+00
1.308909508614306105e+00
1.320546278455316580e+00
1.337566334626153042e+00
1.317772310551383663e+00
1.300864116144615279e+00
1.311475658439582803e+00
1.320327568111279604e+00
1.317884477421059630e+00
1.318602222170109028e+00
1.334002451522169341e+00
1.342983300097462029e+00
1.283949638259069825e+00
1.311380706615598024e+00
1.318750274963546243e+00
1.351657522156836322e+00
1.346424217371786192e+00
1.357076631993346494e+00
1.342030889715710495e+00
1.346835179810946137e+00
1.348318619429644594e+00
1.360452332915424778e+00
1.357159080388869343e+00
1.358418857898658016e+00
1.329200511624008652e+00
1.347278372944203051e+00
1.381910220054620053e+00
1.352619333087240250e+00
1.323139159699755041e+00
1.342842659312623921e+00
1.361187360503934851e+00
1.335275482931363555e+00
1.331146655135352574e+00
1.345703030566373970e+00
1.339902522978065669e+00
1.323840147994666427e+00
1.342012845954960731e+00
1.354462458357114096e+00
1.362341751856940730e+00
1.350741607321337412e+00
1.325646828633960439e+00
1.346994768658305697e+00
1.338340011771605775e+00
1.360530381146047851e+00
1.347529708666374226e+00
1.320361798414647625e+00
1.317884994591263847e+00
1.319379973867979006e+00
1.316563873238395077e+00
1.304357496281485895e+00
1.356195931055698578e+00
1.347563191845324138e+00
1.385938316699143913e+00
1.357180212574299993e+00
1.329843868736069856e+00
1.357865994756650041e+00
1.318385721499592433e+00
1.315394667062300016e+00
1.309660058881237710e+00
1.328790426350262566e+00
1.340292182235455654e+00
1.355657097520555077e+00
1.355804828114025140e+00
1.363534562337162859e+00
1.335359291647587821e+00
1.336772565139693114e+00
1.347880238600902336e+00
1.322535680322031837e+00
1.349651711053131864e+00
1.342807113322865398e+00
1.339144544647289825e+00
1.361214743979111574e+00
1.343989802234937914e+00
1.329790241401668016e+00
1.342450541104356354e+00
1.336624090944903642e+00
1.318189356650736554e+00
1.329886525917435280e+00
1.316403860491042188e+00
1.298439640068553169e+00
1.321104399473051805e+00
1.325940751496476722e+00
1.303280142632356142e+00
1.279375143623198374e+00
1.334901695949725520e+00
1.351872482248712259e+00
1.312824204828749952e+00
1.335209522708183716e+00
1.337018222884042817e+00
1.344097478304695947e+00
1.328346390353856155e+00
1.339523946045163560e+00
1.347901539264014126e+00
1.350530774948952129e+00
1.323320005075712347e+00
1.354382098076622576e+00
1.340935558848131537e+00
1.336063054070375289e+00
1.340332548175192429e+00
1.355053125511683110e+00
1.364879658422259556e+00
1.313870121055845219e+00
1.333056266678261270e+00
1.357350680692999356e+00
1.344297802621114535e+00
1.325812532895067175e+00
1.338256408190352520e+00
1.329539601730480580e+00
1.321135869755415415e+00
1.334930292265511076e+00
1.338902342400599244e+00
1.331607249370002632e+00
1.319166695203216166e+00
1.302485382338120390e+00
1.322282795906972952e+00
1.315780042228077429e+00
1.308892968647131561e+00
1.276546440649558134e+00
1.299378823068216171e+00
1.296296700870699370e+00
1.337814619812027983e+00
1.352320368302506903e+00
1.312108029777444118e+00
1.330834493970368015e+00
1.309780981544164336e+00
1.296317817178617160e+00
1.309892489643070146e+00
1.295203448834761684e+00
1.303689903753253887e+00
1.327455662838996409e+00
1.284457900968855704e+00
1.307427213099591423e+00
1.326077090324159435e+00
1.306177041022512419e+00
1.267850240280295360e+00
1.334055511036042363e+00
1.302289682872349141e+00
1.322762066950703641e+00
1.333951476183499185e+00
1.325566946647614763e+00
1.330351413620078693e+00
1.332240286996281275e+00
1.320063851411209521e+00
1.314410938320190958e+00
1.314594188022034205e+00
1.298735568897418702e+00
1.317200357295575053e+00
1.332772098119944015e+00
1.317077616381784777e+00
1.316491786470277869e+00
1.334980066857014647e+00
1.351882020225737335e+00
1.324828013078545030e+00
1.327147139405592702e+00
1.387261470072936875e+00
1.346784060615228373e+00
1.360962161802699244e+00
1.364192953835876132e+00
1.346490234318109325e+00
1.330717328191729276e+00
1.363048886976854224e+00
1.342662428249225881e+00
1.370029068004779749e+00
1.306397650549024236e+00
1.327711378161983591e+00
1.345865109073437926e+00
1.339254677566087404e+00
1.324467522506651562e+00
1.319685070782825376e+00
1.313862270608898486e+00
1.289858144392020511e+00
1.286469408114387925e+00
1.296039880846377335e+00
1.301546987041837466e+00
1.296470292176695294e+00
1.309433120689252661e+00
1.300848732152923626e+00
1.322908451772178529e+00
1.315155539606173152e+00
1.316427667181869765e+00
1.325499698596001474e+00
1.316078591902513750e+00
1.324456858561480432e+00
1.309310960484307618e+00
1.343227042389634862e+00
1.359926235425851226e+00
1.358727477542777118e+00
1.347403180059170369e+00
1.353837719148133667e+00
1.356774854902003780e+00
1.350084237869340509e+00
1.343692668675119162e+00
1.355286291233410267e+00
1.348747354765102546e+00
1.366074483739329271e+00
1.341420270266739045e+00
1.329639701257518514e+00
1.317873870091982980e+00
1.365821434602286555e+00
1.338048318201492837e+00
1.286288889490611265e+00
1.286446228753659771e+00
1.306650736209545416e+00
1.359310591182917305e+00
1.333615755859781649e+00
1.379211817259232697e+00
1.362561409633580967e+00
1.343946605194606514e+00
1.338394830459646467e+00
1.346417772927068990e+00
1.346787863869320923e+00
1.327312635809352770e+00
1.359611189957574240e+00
1.335149761584678352e+00
1.347782478486739599e+00
1.343799355487943048e+00
1.351293345733261209e+00
1.344405071513253613e+00
1.314797584239945749e+00
1.337745177083909498e+00
1.403910092816305522e+00
1.375815393531715225e+00
1.363209024624664201e+00
1.366647574233770701e+00
1.352951869385207617e+00
1.352445739103897093e+00
1.375712974423565882e+00
1.356083005152946885e+00
1.327004999914746186e+00
1.330483577411208040e+00
1.343454918244418872e+00
1.319553234104986261e+00
1.339331102125817630e+00
1.350607673636617045e+00
1.318754270986364885e+00
1.313762513309416846e+00
1.356272638561187183e+00
1.378793722265162947e+00
1.327443515565794208e+00
1.326106617929151188e+00
1.362151338052785654e+00
1.317338642616190825e+00
1.332755304787345940e+00
1.339126561594295772e+00
1.327523988789397258e+00
1.336506614848729901e+00
1.313778019655352125e+00
1.354823671854388456e+00
1.320343874312098986e+00
1.345087045233265277e+00
1.336970162910286364e+00
1.342197182416865919e+00
1.361564981084501413e+00
1.327483821462183577e+00
1.336600829579951633e+00
1.355844664337623628e+00
1.337853569156052691e+00
1.385314410644086891e+00
1.381886458523486461e+00
1.350338450203790730e+00
1.363933936883435338e+00
1.358079826311612059e+00
1.372998653691098747e+00
1.376273853316568596e+00
1.367667671366514348e+00
1.369665372167258255e+00
1.392320269022153223e+00
1.376504892218787690e+00
1.394641056682294433e+00
1.372908690758917194e+00
1.370890959375037355e+00
1.382890121462091226e+00
1.362888479350251147e+00
1.383362443687068843e+00
1.315133865681440417e+00
1.349594008589442895e+00
1.395079373155604374e+00
1.370905873045868528e+00
1.358351496611402975e+00
1.396433493345604182e+00
1.366892640153615002e+00
1.363717003286529117e+00
1.410519974682925337e+00
1.390431430447310213e+00
1.344316904614901054e+00
1.373948428309368364e+00
1.386248296230881971e+00
1.373788506305926083e+00
1.401439851733198738e+00
1.386685612817424751e+00
1.392834250346339120e+00
1.389692686271917221e+00
1.388152209061211728e+00
1.373539368926249837e+00
1.345157020585739494e+00
1.353567789474016569e+00
1.378382853819601461e+00
1.357889179976694560e+00
1.383240496860186575e+00
1.357097682260793414e+00
1.361669474676239222e+00
1.351973466568664461e+00
1.376145409702000055e+00
1.353126279777405738e+00
1.337091592160781328e+00
1.358236895796028465e+00
1.364545275479384312e+00
1.366711301325815642e+00
1.353067533423440549e+00
1.359000459550375739e+00
1.348603152689606954e+00
1.348598570633633198e+00
1.344701896028515531e+00
1.355556699631815798e+00
1.339806759551234183e+00
1.362318572395783800e+00
1.357395613286144442e+00
1.348299827621351366e+00
1.368926585902311643e+00
1.349553339323173784e+00
1.355063052159017678e+00
1.341474638053971047e+00
1.354736600319098594e+00
1.353786913087077659e+00
1.350153342783459776e+00
1.351608869143390956e+00
1.347632463490172183e+00
1.359158291926863882e+00
1.362657537870996638e+00
1.354399139616529579e+00
1.354043001706662919e+00
1.311902827086320444e+00
1.315133286627494069e+00
1.317974284348892855e+00
1.330351658186646580e+00
1.322086426208696208e+00
1.321932104811915254e+00
1.345937765623767435e+00
1.357795858626661634e+00
1.361398779974810846e+00
1.332836628407892521e+00
1.302411151175387749e+00
1.303673415004499292e+00
1.317957391798791011e+00
1.311783678825953814e+00
1.338392786343639340e+00
1.312617153837086548e+00
1.318722305767144665e+00
1.321824737026102037e+00
1.299157410925458223e+00
1.322568541405930054e+00
1.316208674206735596e+00
1.342890958090487308e+00
1.356809400645379027e+00
1.326016311385442181e+00
1.340575418526359197e+00
1.298634183640519968e+00
1.320342082091129354e+00
1.317735041606565405e+00
1.372745755269752399e+00
1.341968615402307163e+00
1.335306484298148577e+00
1.316583546391685955e+00
1.325309769261660220e+00
1.337438305530580962e+00
1.337866144592635420e+00
1.328809335246166734e+00
1.336413034332567529e+00
1.322338720061513095e+00
1.320475889692813709e+00
1.332348133672531354e+00
1.306142593112396222e+00
1.314399385073224513e+00
1.306438472088651492e+00
1.318144017451248651e+00
1.330747847873106293e+00
1.333313924097305980e+00
1.350641971553258491e+00
1.359696173371248706e+00
1.316976656190723904e+00
1.312459953942518354e+00
1.313555086631740254e+00
1.276323979732471248e+00
1.292075813055163724e+00
1.300360875217920098e+00
1.320432236054877473e+00
1.326899492671848257e+00
1.313410307532769883e+00
1.333249410063213292e+00
1.324034949634367520e+00
1.318287767307246172e+00
1.302670193757462513e+00
1.275871265276825373e+00
1.275713607497676261e+00
1.293672875223308427e+00
1.270585198391393167e+00
1.296578687713817901e+00
1.298102980057957989e+00
1.300592866824108684e+00
1.294184455922848587e+00
1.315515046723791714e+00
1.329524196258955238e+00
1.343515152796103340e+00
1.335143480315368114e+00
1.299460835751827803e+00
1.303186894927645723e+00
1.325772486900289815e+00
1.328487057035112828e+00
1.318954248394275108e+00
1.340013620218103885e+00
1.333177183745189121e+00
1.341596710192611397e+00
1.363181272831350377e+00
1.364224062816979721e+00
1.318759526997582698e+00
1.347459443347820640e+00
1.300144235855535957e+00
1.289857313177059650e+00
1.356956572529708804e+00
1.315302763566224220e+00
1.314578067541678941e+00
1.301969044214059013e+00
1.345115031707550202e+00
1.321018986592088496e+00
1.332396588370716284e+00
1.314634229652501318e+00
1.300151190501147358e+00
1.316375384979503460e+00
1.290453265026103136e+00
1.304133788274741690e+00
1.288742342667803520e+00
1.307195204439452807e+00
1.292190897182347475e+00
1.322221921959273239e+00
1.296019661845932092e+00
1.309231059510944428e+00
1.322041573681344895e+00
1.302329641435419738e+00
1.315658921191180886e+00
1.302688052875523139e+00
1.304331882869266712e+00
1.314249996733685810e+00
1.260164313395763624e+00
1.236577837468861629e+00
1.273294257403650320e+00
1.263635935601269855e+00
1.262618485543106850e+00
1.245984098819542751e+00
1.233679478729398538e+00
1.217125287257835309e+00
1.238006168196577050e+00
1.270538299730306298e+00
1.246868722060864743e+00
1.238224062414948090e+00
1.218163970804676310e+00
1.269997987718826771e+00
1.275664027367063635e+00
1.285770447538037597e+00
1.263749759870707257e+00
1.259714733144974064e+00
1.239772694369955186e+00
1.291643761431267023e+00
1.300937051461311444e+00
1.325233751866108145e+00
1.272388737503167500e+00
1.232358789152314893e+00
1.273794666991037161e+00
1.236962574144574223e+00
1.284335294350111623e+00
1.293721564353457865e+00
1.286497583997933569e+00
1.288204699585040691e+00
1.266373596228157483e+00
1.270156364490153234e+00
1.287273286031908492e+00
1.286607847729993592e+00
1.289898186767475696e+00
1.279563729228918367e+00
1.278337604385762161e+00
1.292514544986978375e+00
1.273823395577887707e+00
1.266732422304444050e+00
1.263302541898236653e+00
1.260779500655869301e+00
1.283548724853829759e+00
1.312728639553154109e+00
1.297403493068962410e+00
1.257226414203840514e+00
1.254161980661096631e+00
1.259073291715199217e+00
1.261857388031891736e+00
1.251301563686413543e+00
1.288641236406324220e+00
1.248597908625141528e+00
1.269273806720360165e+00
1.259011214844049320e+00
1.249921965073147234e+00
1.259849738765578042e+00
1.279734342656146717e+00
1.240246170426140493e+00
1.250734565880418758e+00
1.316940387779528487e+00
1.309825969341125829e+00
1.270351387852058256e+00
1.286035444221976354e+00
1.303087073537056106e+00
1.317864498889150138e+00
1.300188194391832530e+00
1.312255467854306135e+00
1.304552060358844079e+00
1.312337277067971764e+00
1.290439662886214034e+00
1.292247752341805667e+00
1.302824869200040592e+00
1.328666674644293000e+00
1.320755298223959207e+00
1.296191532726652662e+00
1.297059795743358279e+00
1.351581111234152477e+00
1.301123411885079628e+00
1.316242857557353263e+00
1.321468782350206705e+00
1.289748923835792649e+00
1.272754000806229469e+00
1.323820171592547723e+00
1.310593763565477188e+00
1.300009066077021380e+00
1.325768574403289657e+00
1.362941646262675555e+00
1.310685503820404607e+00
1.328453117773817027e+00
1.327984759962907768e+00
1.366119047554801957e+00
1.338029585789009213e+00
1.344665835543352506e+00
1.285998532160706143e+00
1.333556865156653393e+00
1.311894556680765600e+00
1.356546715701558714e+00
1.348347983725153520e+00
1.349536841279877608e+00
1.351110881808417652e+00
1.317916669545671216e+00
1.362910773759280714e+00
1.326913809418764689e+00
1.342417546623310365e+00
1.347971633313770123e+00
1.395370628026729065e+00
1.385861494708242603e+00
1.423180024572668456e+00
1.354708584102185309e+00
1.421248066242108310e+00
1.356106188278916269e+00
1.405642611782235152e+00
1.361555631440622527e+00
1.369784731872826011e+00
1.300387612320304198e+00
1.277412107194313196e+00
1.289507172231140864e+00
1.280383319966816424e+00
1.266980061346637987e+00
1.299231411099876832e+00
1.269865646627035938e+00
1.294724907604440700e+00
1.280940879108145802e+00
1.250945528646221216e+00
1.251247991643688051e+00
1.264362348275824388e+00
1.265565322559486949e+00
1.279238428327568178e+00
1.271312473967723289e+00
1.288049242008391326e+00
1.286018980603654382e+00
1.260347719193493310e+00
1.251323143390548065e+00
1.261663212021898461e+00
1.267489849422504866e+00
1.274768668890516432e+00
1.247293254889040970e+00
1.263000031162347270e+00
1.260994599712599751e+00
1.218879158939824014e+00
1.235328919092170796e+00
1.221609277654989612e+00
1.229482993938102453e+00
1.235237370801484991e+00
1.246094378989506923e+00
1.226898299679673565e+00
1.217744060999491840e+00
1.254878797057979556e+00
1.231408912751406515e+00
1.248209584955612739e+00
1.229565295015863313e+00
1.252548985497637934e+00
1.267571600450972280e+00
1.269154337667769195e+00
1.277308435917617890e+00
1.249073255631939716e+00
1.294425375893871299e+00
1.283750379621752424e+00
1.260517501740235247e+00
1.280901770066694700e+00
1.298998748679686122e+00
1.266996528029785241e+00
1.276053798018820240e+00
1.256831228786210009e+00
1.292578021794573262e+00
1.290985533157195997e+00
1.308603771701405849e+00
1.341029888110450541e+00
1.285684019615544793e+00
1.348328390425149736e+00
1.357597448490061476e+00
1.341452308897672419e+00
1.281281701006677043e+00
1.335914313832534894e+00
1.333028713326772641e+00
1.299574900271349920e+00
1.253504982528924616e+00
1.322716568619139332e+00
1.313804142688184795e+00
1.301876190704847280e+00
1.317078199082523993e+00
1.310552248482643733e+00
1.317468796887002691e+00
1.329615691760983820e+00
1.329485719646611219e+00
1.300218691634226653e+00
1.321651469557800329e+00
1.313134853319343431e+00
1.319815740769640922e+00
1.332192382734485481e+00
1.327920152776428386e+00
1.344809389607463990e+00
1.316822632083981759e+00
1.302152361925034585e+00
1.303974855560395607e+00
1.306905276300821983e+00
1.314714063734919280e+00
1.240486547938643103e+00
1.279756269048938577e+00
1.289357558952042293e+00
1.306356164300094713e+00
1.306512902092421990e+00
1.302959244308450337e+00
1.294255858539275605e+00
1.290529761208681458e+00
1.300256167425665854e+00
1.302311232130483276e+00
1.303621959713639811e+00
1.273366189814324478e+00
1.314467128727525802e+00
1.310002353468283864e+00
1.324176601829721411e+00
1.285451714955784919e+00
1.318361512422694615e+00
1.329143854195485641e+00
1.258825108849390917e+00
1.305291344156704003e+00
1.287544781794024429e+00
1.325898707135504839e+00
1.308442456872092929e+00
1.295998904804682494e+00
1.291941154189836016e+00
1.293646674119090179e+00
1.265771036821645712e+00
1.259417302023105201e+00
1.304260779234455159e+00
1.256083973011602462e+00
1.266671242696015609e+00
1.274363623262114720e+00
1.262836329208734565e+00
1.275193188294173163e+00
1.300712593237397741e+00
1.330589735765860038e+00
1.273603910692611363e+00
1.285837074044139383e+00
1.305560647626613502e+00
1.263483658234422435e+00
1.281955007322561402e+00
1.272894208116956083e+00
1.254861423337113813e+00
1.268665310758550158e+00
1.295461361528398303e+00
1.279375400600172297e+00
1.299201253990117433e+00
1.290143506693151254e+00
1.286160171780608152e+00
1.240897350239708485e+00
1.277273216818999746e+00
1.281805736626742576e+00
1.268740276530865074e+00
1.243106396823955517e+00
1.266838120156876579e+00
1.247642898266083877e+00
1.251893066908976282e+00
1.302520265384961240e+00
1.294434482341227932e+00
1.248180835750920092e+00
1.235443203236863630e+00
1.280444925141964285e+00
1.299248836351482694e+00
1.275870019549254941e+00
1.232175149801170821e+00
1.246011519751597740e+00
1.237705246573566065e+00
1.265427991346812497e+00
1.286233116764558426e+00
1.247711909273184316e+00
1.309083219160189770e+00
1.311243900532962581e+00
1.243672823976869068e+00
1.295532076631999097e+00
1.284779869341290404e+00
1.200688289741109527e+00
1.227726488669758753e+00
1.234730996824414895e+00
1.219397139280836484e+00
1.247988137504232542e+00
1.240491263116258791e+00
1.301100681953573313e+00
1.269321411248369280e+00
1.244296919761094689e+00
1.232794119220977924e+00
1.250037526269211607e+00
1.263859028356796532e+00
1.263892533027707765e+00
1.241308061140151020e+00
1.242628712574038286e+00
1.271797748331368272e+00
1.279262409211437301e+00
1.277276213515453396e+00
1.268396117562640146e+00
1.242759070445619285e+00
1.216982415394254113e+00
1.251658077198922081e+00
1.300101008322472218e+00
1.287159091638492736e+00
1.292081631466664771e+00
1.275646756988129793e+00
1.258092148110101949e+00
1.268766105751839124e+00
1.275186499281937280e+00
1.259143320869284377e+00
1.302802180713752866e+00
1.279414056755832307e+00
1.287510310377179668e+00
1.317947654052400885e+00
1.320050702486092575e+00
1.309854027836863999e+00
1.314908130778743134e+00
1.337017100292508420e+00
1.326930198345950496e+00
1.302573558793217900e+00
1.310942853955646692e+00
1.317428016876760033e+00
1.292095580652506737e+00
1.300809057882596154e+00
1.271553678520629171e+00
1.304870261210590021e+00
1.251429741577883670e+00
1.293073371318685494e+00
1.292677090551557662e+00
1.281816323640072142e+00
1.292284818025426052e+00
1.299721666369629824e+00
1.284237657250933973e+00
1.302770629786890844e+00
1.287631952474004748e+00
1.279467594545890430e+00
1.294836320458245593e+00
1.307663834963655791e+00
1.302706952179661259e+00
1.254350742958665332e+00
1.235597014765872581e+00
1.254196590987760596e+00
1.256004704693593821e+00
1.241282445003273560e+00
1.278335950779160513e+00
1.261915893133580102e+00
1.240393380359156472e+00
1.232965165819325026e+00
1.253204323476569959e+00
1.225574896255229973e+00
1.250178510636251517e+00
1.237140919935533878e+00
1.250583656394325782e+00
1.264181783121335112e+00
1.221805827165416636e+00
1.244014511010407942e+00
1.229942797053792836e+00
1.259480989939135265e+00
1.245066601205760959e+00
1.242918560634972636e+00
1.259163946247773280e+00
1.263565902739151703e+00
1.279883663488368128e+00
1.281469184653146520e+00
1.303853061586157658e+00
1.299448295756387539e+00
1.337396274831015308e+00
1.301510164172179129e+00
1.309463336905315467e+00
1.313415366051987165e+00
1.347460556850276436e+00
1.311202612996617223e+00
1.307598435004097892e+00
1.303410796690258389e+00
1.304643448543387318e+00
1.336393589801109449e+00
1.351682424950864991e+00
1.316388899047544081e+00
1.298030741855530135e+00
1.314451690785451765e+00
1.277870159956573826e+00
1.308302149300554440e+00
1.301753852492952390e+00
1.288455919164315455e+00
1.299079790086017150e+00
1.291172072486998612e+00
1.277212283808113469e+00
1.291833037736823009e+00
1.300878432732497592e+00
1.282681870820421732e+00
1.310570458714653164e+00
1.264557938083939570e+00
1.309146567785353099e+00
1.300126712915111726e+00
1.311290925147406750e+00
1.335564148706967380e+00
1.312162235822361689e+00
1.316140314808456280e+00
1.326805552225857499e+00
1.346096083754008355e+00
1.332765945796355878e+00
1.297956999814747991e+00
1.323765233624349280e+00
1.326398037297357613e+00
1.317392195771924568e+00
1.309019028701256859e+00
1.314498543326374724e+00
1.303204446373015246e+00
1.325378088538443855e+00
1.279125887701524134e+00
1.270715746641385202e+00
1.299779150442288200e+00
1.300955409370273319e+00
1.312696932244252546e+00
1.329152898757007151e+00
1.307474724115489817e+00
1.354893978530399057e+00
1.378316796965800561e+00
1.349560541232953437e+00
1.347934332129082646e+00
1.326072496232693521e+00
1.360535248235328121e+00
1.308641717034447760e+00
1.281217233775487241e+00
1.285493343358872664e+00
1.286480447308245401e+00
1.283763553356311649e+00
1.311257368251913746e+00
1.286754521408246976e+00
1.292814018172177670e+00
1.290629692613542101e+00
1.292816661228049169e+00
1.313731057386584800e+00
1.293400001506873176e+00
1.318664117812772041e+00
1.291478263234568713e+00
1.271495635573985705e+00
1.287570253267114051e+00
1.299288539122333441e+00
1.286942042984240198e+00
1.282922100193794490e+00
1.276848236738238551e+00
1.269820679707862165e+00
1.292583542109139838e+00
1.300701002302937948e+00
1.285900784772436189e+00
1.292482702149526874e+00
1.276575798879366008e+00
1.289666953608963551e+00
1.273003020760926418e+00
1.269304278781061557e+00
1.271047398022162156e+00
1.296682754915380098e+00
1.289770288588609759e+00
1.279691184534089032e+00
1.278583544043038422e+00
1.306084928330656814e+00
1.287229532232973650e+00
1.255818335981223610e+00
1.258243446253307640e+00
1.265817518289261923e+00
1.254532334557755036e+00
1.271459199448960131e+00
1.296133283540025660e+00
1.280785327119494665e+00
1.284505794599781980e+00
1.250033582232913387e+00
1.262571609989942001e+00
1.261684583436625040e+00
1.263563282958970468e+00
1.268163849901087881e+00
1.224869366873766019e+00
1.218191128320932792e+00
1.218041894917514023e+00
1.225359168997252723e+00
1.266138011157328158e+00
1.275366606242526624e+00
1.276667402169593180e+00
1.288131639246443694e+00
1.251759100619739051e+00
1.265233357678423598e+00
1.239962662894900314e+00
1.265164125398541062e+00
1.241109865233674947e+00
1.225153424565989857e+00
1.250763407824426299e+00
1.260550342169558968e+00
1.256819497920448114e+00
1.264071635173735331e+00
1.286519068161463109e+00
1.289440427696045388e+00
1.271612546940196653e+00
1.250881829382381794e+00
1.244858170068434022e+00
1.243657135606541786e+00
1.217219017171977891e+00
1.230168660133595937e+00
1.207684845714886324e+00
1.227085861690043744e+00
1.231583188633463388e+00
1.225614175566990038e+00
1.213657344370978386e+00
1.238808646236267297e+00
1.229379174764116733e+00
1.218651045125884291e+00
1.212717999459466345e+00
1.220537912197525721e+00
1.219821483723139144e+00
1.240066609199760084e+00
1.232712984417326796e+00
1.233121363293112838e+00
1.205767452989562560e+00
1.217294184525191003e+00
1.219784170514518484e+00
1.222143276228088160e+00
1.234613025483769722e+00
1.243678923765676902e+00
1.243534078524651809e+00
1.239369567899885283e+00
1.252767426414436835e+00
1.239457168813290933e+00
1.242730529705628584e+00
1.242816669912784944e+00
1.253294156445436958e+00
1.236042441506632228e+00
1.226886310408249470e+00
1.236823884809837626e+00
1.239727601655002953e+00
1.258812354450291382e+00
1.223471517697035216e+00
1.252106230416465182e+00
1.257608235675707453e+00
1.239295981324505913e+00
1.262853436329989920e+00
1.256062747248458900e+00
1.223436390016118924e+00
1.240754211959253173e+00
1.269794626079754574e+00
1.279085500669475906e+00
1.238328290118641206e+00
1.247935027107002881e+00
1.236001575261455043e+00
1.236203546785064722e+00
1.246011101436110380e+00
1.230567838506986478e+00
1.225809093306328146e+00
1.276940783458942574e+00
1.241091606869944020e+00
1.220485961165714839e+00
1.216029749931287762e+00
1.250909522928286721e+00
1.200136558192669289e+00
1.204353365191660918e+00
1.248313460562521016e+00
1.257895027955894252e+00
1.259188154978227558e+00
1.257052486042850470e+00
1.242695510231799583e+00
1.297532320977330400e+00
1.289534110326643113e+00
1.259481259806925602e+00
1.257101075767023790e+00
1.229771142266097073e+00
1.229993566826360407e+00
1.224706354634384597e+00
1.262559621775815932e+00
1.263932226160448646e+00
1.233136084191359005e+00
1.270872797335270254e+00
1.246041368687748285e+00
1.299601519384197879e+00
1.262242058345818707e+00
1.254226217185102188e+00
1.272656985128584273e+00
1.286579584541511778e+00
1.270639796705601121e+00
1.285595994466973924e+00
1.275575411369648471e+00
1.290584469047481031e+00
1.257019425084095365e+00
1.259554844488647962e+00
1.294646677501745113e+00
1.275506670260989184e+00
1.249083908874365711e+00
1.269435748706234879e+00
1.272435260637465815e+00
1.252243035750409517e+00
1.207910042891414681e+00
1.232792831496482444e+00
1.202553807998585578e+00
1.202202434498775840e+00
1.207558835529569885e+00
1.210117745658610744e+00
1.201536322531255641e+00
1.221641435392699204e+00
1.232189021680550223e+00
1.209357613320098279e+00
1.202499608437475276e+00
1.228193359672197005e+00
1.227380665342209243e+00
1.213222063678630613e+00
1.216357372651568181e+00
1.251214356291336038e+00
1.253651977600241496e+00
1.230887718006843601e+00
1.237002151469888345e+00
1.235891535796068919e+00
1.224275894872779658e+00
1.233933206165773067e+00
1.195735083258507414e+00
1.211290742739392856e+00
1.227308964513168288e+00
1.215125830275650021e+00
1.202656403110014649e+00
1.231078036311949786e+00
1.218338611162411489e+00
1.220989028761007456e+00
1.223483970951689814e+00
1.229502441379196176e+00
1.225564058781861698e+00
1.219042002206244479e+00
1.216517346915636288e+00
1.240146563542332325e+00
1.206698093525350846e+00
1.201416561706195818e+00
1.218521367942621891e+00
1.227640879752655456e+00
1.246232189764865828e+00
1.210186253774752752e+00
1.218939056780229180e+00
1.222129267397778163e+00
1.221688643444033939e+00
1.198945233085923823e+00
1.222305673810920368e+00
1.237031935906411695e+00
1.222699031176638362e+00
1.202172147826241266e+00
1.213659601081135575e+00
1.227059358906432696e+00
1.199300859523338536e+00
1.224953013725414763e+00
1.218247175330404719e+00
1.217130589161246723e+00
1.228832471117323299e+00
1.219262107990660260e+00
1.237754604871462050e+00
1.225205139317673719e+00
1.216351942153251819e+00
1.229524792147976830e+00
1.239216168222915471e+00
1.216115386628094486e+00
1.210841038911935064e+00
1.237750960226741137e+00
1.219321272442949411e+00
1.217388666150659882e+00
1.208198234482997346e+00
1.211251488949466104e+00
1.214802713972166437e+00
1.212917389446449556e+00
1.211460974505023325e+00
1.220851342113822513e+00
1.201794532899131296e+00
1.214450367888342042e+00
1.224144071257683208e+00
1.203927962718936095e+00
1.229143850904846680e+00
1.252054274135993683e+00
1.203428145898776780e+00
1.211796462584864509e+00
1.206618559230765886e+00
1.239687632271959661e+00
1.240893011487704811e+00
1.212564859954860408e+00
1.218304309188242174e+00
1.243274471142254978e+00
1.203218528404974785e+00
1.248039845760001709e+00
1.244558729895020255e+00
1.250348974259538171e+00
1.205192628748456007e+00
1.248603507487379805e+00
1.268944087689890088e+00
1.232574103872949856e+00
1.272170428127534780e+00
1.263123683823082599e+00
1.281877853889334284e+00
1.233933364771522267e+00
1.240507231260059129e+00
1.236665846579722228e+00
1.235210318757898218e+00
1.217152948473129381e+00
1.240320111894843924e+00
1.219806413481497431e+00
1.244766712940853948e+00
1.239547418247968880e+00
1.248688381913343415e+00
1.236377763788245376e+00
1.238103409744410355e+00
1.246453578749593616e+00
1.242669805063063126e+00
1.229285435109517044e+00
1.229463102100392113e+00
1.239285070949178946e+00
1.251930299724218987e+00
1.226394865161797076e+00
1.227740143968815589e+00
1.227033386125983228e+00
1.227061137458457019e+00
1.237642716109195407e+00
1.262259753552965602e+00
1.225126872954898971e+00
1.237234897906165143e+00
1.236842903840154939e+00
1.266846845983635061e+00
1.230148612270925090e+00
1.210475383871701505e+00
1.205765917782114505e+00
1.244319434129472324e+00
1.223187142127217353e+00
1.224086410389530366e+00
1.236381210054253943e+00
1.232889299770861369e+00
1.258585404072655844e+00
1.243520423329132596e+00
1.251851350396310902e+00
1.243671572998391150e+00
1.259614518606867906e+00
1.287190936365115057e+00
1.244606363501287616e+00
1.267226984886871133e+00
1.250493054799616477e+00
1.253194686901072163e+00
1.269687280293317677e+00
1.239607707332292419e+00
1.230949793254595637e+00
1.261615092867075072e+00
1.260331928321388739e+00
1.284523379296366841e+00
1.269744268050961855e+00
1.253828564750928409e+00
1.258322845408813118e+00
1.232741621395958997e+00
1.221437444100479830e+00
1.237460409556310648e+00
1.272931118485917112e+00
1.211548405376243753e+00
1.271630526427654839e+00
1.271973085744971588e+00
1.241245819797778482e+00
1.211323262166474901e+00
1.212610785784954404e+00
1.240868814206215198e+00
1.261880853491405885e+00
1.244631312863220041e+00
1.233935523168373738e+00
1.242461743638791027e+00
1.223053259515444635e+00
1.217925131044240938e+00
1.215773853135247329e+00
1.228662279265459345e+00
1.206468953599100447e+00
1.232621320842163692e+00
1.221132245440587960e+00
1.256937638690696302e+00
1.249778480277097259e+00
1.243365822818069955e+00
1.209684097547051973e+00
1.198683584338181340e+00
1.231204223262533537e+00
1.253591534803763174e+00
1.232488632820786245e+00
1.244182716103140240e+00
1.238644477701567936e+00
1.241229962945966880e+00
1.256297747860215974e+00
1.231181672681473049e+00
1.211117769763855989e+00
1.255893247831615822e+00
1.204420805935183303e+00
1.224714003793682116e+00
1.218684756546421610e+00
1.194922802003973272e+00
1.221894550033109095e+00
1.207951958015568206e+00
1.225027808374443028e+00
1.243154132336939943e+00
1.230528993536844196e+00
1.229834145144266255e+00
1.229115429859720665e+00
1.244897251547079753e+00
1.215904119108225601e+00
1.229993239896576940e+00
1.271755187850012403e+00
1.264204791439766495e+00
1.231582436438409589e+00
1.244477720062123316e+00
1.241731156638741673e+00
1.265261490591918614e+00
1.247603965879029886e+00
1.248586863955742698e+00
1.258106838150558904e+00
1.265221990361464544e+00
1.249537377647555347e+00
1.243646697115283750e+00
1.221710766100980061e+00
1.230331916799566550e+00
1.242336167569407568e+00
1.245112775295965868e+00
1.240180124393194472e+00
1.228041074318909631e+00
1.220295958534054259e+00
1.225069545643715285e+00
1.231817057353294498e+00
1.262402219414280324e+00
1.237339992866121730e+00
1.242651500542277132e+00
1.254846405121647690e+00
1.249146937537553903e+00
1.266585028626615594e+00
1.241144431029838291e+00
1.255284864975767523e+00
1.248889352614369841e+00
1.249399302770435538e+00
1.236013563392622805e+00
1.241738622838528094e+00
1.236397136051206713e+00
1.245889582715506538e+00
1.259546543034100408e+00
1.281208075646989464e+00
1.262348163604382512e+00
1.280042933233481728e+00
1.291822703158745478e+00
1.296035523951064583e+00
1.277932804085792018e+00
1.327421277036097802e+00
1.312470313273112366e+00
1.327354623564562353e+00
1.299299926288247642e+00
1.293484357952540353e+00
1.289038370552163304e+00
1.307310489098916673e+00
1.272219112863601120e+00
1.279326221542475217e+00
1.308811143383906250e+00
1.336558370673493146e+00
1.337945960692654479e+00
1.348058918389229310e+00
1.309601822767967993e+00
1.308018261577608810e+00
1.302468238587536353e+00
1.244492469537457291e+00
1.297505384352520386e+00
1.263523491613109284e+00
1.244766597867048796e+00
1.271496035436421979e+00
1.271902813455347836e+00
1.258278748895861998e+00
1.302334352761365777e+00
1.269515109801680586e+00
1.288784894467575270e+00
1.266518919973991686e+00
1.240726232284336206e+00
1.270730074470309612e+00
1.277461678295618963e+00
1.277587282233091148e+00
1.269530006565134039e+00
1.267501410663868011e+00
1.299934421664488804e+00
1.302635992258792674e+00
1.228482124584069579e+00
1.228497434262870058e+00
1.241360110798591654e+00
1.237900951351023071e+00
1.242919475164193432e+00
1.255637078707738663e+00
1.251243067581817803e+00
1.262144321543820391e+00
1.239317288917662463e+00
1.223843400503277890e+00
1.254704842109618523e+00
1.215973910098802291e+00
1.243891086789954414e+00
1.254052609522726014e+00
1.265354595904907953e+00
1.254787676569717458e+00
1.238298245345268889e+00
1.307479952152883929e+00
1.258273490816601115e+00
1.263370347566129981e+00
1.245485238810233541e+00
1.222269856307034885e+00
1.224693012875458287e+00
1.222998284015805126e+00
1.253785315118111754e+00
1.242766318697372308e+00
1.222649923281695195e+00
1.246739236034664522e+00
1.247985682708600219e+00
1.286491073750011926e+00
1.249298700027310138e+00
1.254609836715091964e+00
1.252008541867449809e+00
1.253499841718991092e+00
1.256516141798865283e+00
1.233572797334726578e+00
1.231516876716462372e+00
1.218696661953341920e+00
1.238678668121527826e+00
1.225310969664580973e+00
1.258361413808745555e+00
1.233129131302212134e+00
1.242443866718199397e+00
1.217727197684595364e+00
1.225948867844713464e+00
1.190861219213355859e+00
1.241727716685409932e+00
1.244477298448417590e+00
1.256073443635607356e+00
1.257095795565761120e+00
1.252370837295411654e+00
1.225485217133755356e+00
1.245647032525832643e+00
1.283454271991204543e+00
1.245275915395430699e+00
1.258978207238895530e+00
1.264505736910844336e+00
1.267108241204956354e+00
1.276261132479156180e+00
1.276367923825934003e+00
1.269310930503505963e+00
1.256744849529980668e+00
1.242907194902202583e+00
1.231251097389758131e+00
1.185996574179673413e+00
1.196649591560484005e+00
1.195732456861002158e+00
1.187846681498740287e+00
1.209980416414041970e+00
1.158364691162335314e+00
1.175190213081260371e+00
1.193976460000457207e+00
1.209921851583457775e+00
1.201958050258283395e+00
1.204406974768861938e+00
1.208341632892173223e+00
1.270416484363103837e+00
1.240454736115362167e+00
1.227501149687211246e+00
1.242610568324106879e+00
1.235528200319624181e+00
1.221893724456975194e+00
1.245890190667078068e+00
1.253542689584684400e+00
1.269735519903972820e+00
1.267395647160526773e+00
1.261154603346439806e+00
1.235316819830776458e+00
1.248844875866727655e+00
1.248246158754939383e+00
1.253127189941947384e+00
1.250986914244749393e+00
1.222349954767272706e+00
1.243558293056535424e+00
1.234890669248522199e+00
1.253736350559438772e+00
1.238307195415281781e+00
1.233387397021680210e+00
1.251988032878338375e+00
1.267128027953692948e+00
1.259404494795080653e+00
1.273430433989589439e+00
1.232598791504672109e+00
1.233035926175698016e+00
1.252526356487548176e+00
1.266121267384076932e+00
1.257715832203704087e+00
1.259044383193987038e+00
1.238396787039333979e+00
1.244597174926427297e+00
1.260309663283539328e+00
1.245665686777172043e+00
1.251386658094292725e+00
1.245491843588415914e+00
1.261213493708228661e+00
1.256290135388345552e+00
1.237726241742431288e+00
1.242180799256167312e+00
1.259470396312076357e+00
1.223577730878896652e+00
1.277008491267679124e+00
1.277234717496662064e+00
1.271018102814393647e+00
1.269268559630817750e+00
1.283281647773107270e+00
1.276204870457391616e+00
1.253207170984491414e+00
1.260811630631971880e+00
1.293042257975704601e+00
1.254375400543416674e+00
1.266733469500827214e+00
1.239574216740349177e+00
1.224200597228498388e+00
1.250713240271429605e+00
1.263412624958424324e+00
1.265063286459654046e+00
1.268585876068870411e+00
1.265867800664404408e+00
1.274069070584322949e+00
1.264246699863506240e+00
1.265158180623245032e+00
1.244828724034630962e+00
1.246559827970731726e+00
1.238271008477680235e+00
1.251244186783792900e+00
1.241193429614997124e+00
1.221821051045877571e+00
1.233934084067472181e+00
1.229615075047336470e+00
1.262272859442079120e+00
1.271084049869134924e+00
1.262154192757350746e+00
1.252778018003941618e+00
1.285201242112429920e+00
1.263332714051369932e+00
1.255519946829357414e+00
1.266919681484066196e+00
1.254824032046810700e+00
1.254937968795680092e+00
1.246853534521527918e+00
1.256874655389967899e+00
1.246634001115843660e+00
1.241136245711325747e+00
1.225532521412625142e+00
1.219560598306005827e+00
1.244539215023143353e+00
1.197497753247313002e+00
1.220507141972059229e+00
1.234403528287475904e+00
1.231591919362265530e+00
1.226273242575007583e+00
1.223379969580989712e+00
1.226447541395393470e+00
1.226494764752448230e+00
1.241090427273445096e+00
1.237347100276648515e+00
1.252689827945228096e+00
1.258194576039738832e+00
1.256550551282515249e+00
1.226607132463496175e+00
1.254525426809509847e+00
1.243109813040120137e+00
1.228396990805668665e+00
1.243150713034882004e+00
1.248780476183273702e+00
1.242945895666756506e+00
1.273270212987732686e+00
1.260007564279236103e+00
1.264737850146084863e+00
1.241266328487060866e+00
1.238503232026461509e+00
1.257550040483714993e+00
1.249725014618219721e+00
1.243505006117901823e+00
1.252550795717004783e+00
1.252044759205950930e+00
1.263213966580304159e+00
1.277956747350714073e+00
1.267469443234308546e+00
1.273058628428481942e+00
1.235674593417904976e+00
1.242809974165471232e+00
1.241401235982003248e+00
1.246564796459808111e+00
1.262264669139850026e+00
1.251405574537596488e+00
1.252936479085805521e+00
1.260451538830692941e+00
1.289558184765760895e+00
1.264147526818108824e+00
1.316086984481178002e+00
1.269476244014814847e+00
1.256257527910010330e+00
1.303207125446482095e+00
1.285306752379697270e+00
1.278520344451887336e+00
1.279563015900753609e+00
1.238859746496655978e+00
1.230148537543794385e+00
1.274057291864292285e+00
1.256985772943058244e+00
1.267093270171483876e+00
1.264610034870490951e+00
1.198929505910866222e+00
1.231111305244635856e+00
1.253028750634816557e+00
1.234698178220406062e+00
1.259027576963481998e+00
1.237610950233417606e+00
1.213078118698775354e+00
1.231422483414518876e+00
1.210511950601116604e+00
1.247580523718863743e+00
1.213075246414776931e+00
1.228348198743979713e+00
1.256698337861330783e+00
1.228346951166718437e+00
1.238540691132810956e+00
1.246110535717055878e+00
1.232925696412693339e+00
1.205318459965290634e+00
1.221687988661226631e+00
1.236909971703116007e+00
1.212839986434435691e+00
1.211600479367150429e+00
1.208798667898702828e+00
1.223477550649962442e+00
1.210143844672991742e+00
1.225127848303465328e+00
1.239558867951932042e+00
1.225438504892599312e+00
1.238685338505035594e+00
1.232691797877292217e+00
1.228108914143534625e+00
1.221831792976680875e+00
1.231096340984848103e+00
1.266808546528533919e+00
1.237057324116083379e+00
1.247043619725676233e+00
1.237681614723479484e+00
1.265716942820621638e+00
1.222488538754867848e+00
1.215319778066058953e+00
1.269908182678191499e+00
1.225137259644889953e+00
1.212184119263689741e+00
1.198027265249098638e+00
1.200340369686453412e+00
1.198337925715066810e+00
1.181309681575903214e+00
1.215273966267307992e+00
1.193169875786886491e+00
1.307479846852347638e+00
1.237528677060774962e+00
1.278465831230147787e+00
1.238605392944889694e+00
1.251971042323208438e+00
1.213110951492198719e+00
1.228861408254577681e+00
1.204257546816256186e+00
1.243920446447503325e+00
1.254802578867590501e+00
1.243740816468515087e+00
1.245477934596390668e+00
1.237391076434404491e+00
1.248039275599456932e+00
1.262004901353162012e+00
1.255739032677418265e+00
1.250056672742387409e+00
1.242804928689170030e+00
1.311264488914485993e+00
1.235732459159542662e+00
1.258593752638047958e+00
1.307085493601044979e+00
1.288192320100759680e+00
1.244797945517239546e+00
1.228653220930585821e+00
1.222058963400284304e+00
1.247879695661606281e+00
1.223318544565332511e+00
1.221807563464342605e+00
1.225039968739054075e+00
1.266673603950460469e+00
1.234676067459516302e+00
1.253194922199758476e+00
1.237552017933180704e+00
1.272315798367640971e+00
1.240356122213974954e+00
1.260659873649875529e+00
1.251172969661115353e+00
1.248311744738687779e+00
1.279502554521811941e+00
1.289233136982209427e+00
1.284000422827026533e+00
1.289638603754861723e+00
1.251792624511322671e+00
1.245952154183391114e+00
1.254161464783665414e+00
1.253177052771663469e+00
1.242911105575696062e+00
1.252169631148123852e+00
1.250085011214080444e+00
1.245911720030407288e+00
1.259174239100758985e+00
1.299101791628509250e+00
1.283597536565347585e+00
1.264415459329834457e+00
1.281626617254742362e+00
1.265786470342132430e+00
1.268019882090410055e+00
1.266046221048353848e+00
1.260213605302751949e+00
1.266559605893229579e+00
1.220888287924304816e+00
1.274306122108236572e+00
1.265011916600457864e+00
1.254502250418105147e+00
1.241559474815332020e+00
1.260947633956856828e+00
1.239184553955148926e+00
1.222411179160111105e+00
1.232389715271555275e+00
1.208882584116977243e+00
1.235300641028929780e+00
1.232611151140399208e+00
1.243583426642797862e+00
1.230072300880752367e+00
1.244751435008740970e+00
1.248628111490677206e+00
1.249666046056313595e+00
1.236237285727881163e+00
1.234229847386430157e+00
1.238418967624712597e+00
1.247273708006741533e+00
1.247855287390295276e+00
1.248952479989696718e+00
1.252484231676506798e+00
1.228465672369208672e+00
1.261320756234430185e+00
1.276613058603235595e+00
1.258662559700117312e+00
1.269189886816129986e+00
1.259494198645682683e+00
1.234059099464384079e+00
1.258815283305237953e+00
1.274776691351304558e+00
1.312622487466172938e+00
1.261655280178108018e+00
1.312578643713993687e+00
1.272448560919605232e+00
1.259268033061805570e+00
1.293315636556934489e+00
1.280713455108440701e+00
1.268393961796499658e+00
1.254013099484786897e+00
1.289556539281500935e+00
1.279643168683030741e+00
1.270564488425407923e+00
1.280734837278468818e+00
1.263021607941338775e+00
1.251239924333989117e+00
1.268443700345988745e+00
1.252063317300672107e+00
1.283147585512062649e+00
1.243981871356489188e+00
1.247863570922420839e+00
1.220509498391102676e+00
1.271353287202604765e+00
1.302017750167449028e+00
1.347260461229175199e+00
1.295890649124536109e+00
1.334335785497905436e+00
1.316239534446427717e+00
1.323875651439172074e+00
1.313793487878188060e+00
1.276256305252073897e+00
1.314453115579614639e+00
1.290308381518040504e+00
1.333583304461413155e+00
1.278314762113484937e+00
1.284150186862868193e+00
1.292671725525964543e+00
1.325135093656705676e+00
1.298955010022676992e+00
1.368799987206242852e+00
1.327692739666455068e+00
1.301268716598226183e+00
1.263922594413526168e+00
1.222133270317366183e+00
1.272905215165785808e+00
1.296445165786661580e+00
1.296473908054216695e+00
1.319294363202703657e+00
1.305815706305074375e+00
1.315224789707017505e+00
1.275015223880238135e+00
1.288593560731815524e+00
1.297022170072221092e+00
1.271676470908037926e+00
1.269587044652208618e+00
1.235000426913699600e+00
1.294285149431637194e+00
1.276677314058031643e+00
1.231140414354458201e+00
1.270784426838584169e+00
1.318871151366111549e+00
1.292604610940138565e+00
1.278539099515775046e+00
1.290898986445266683e+00
1.285734115715531312e+00
1.321913451195126488e+00
1.284676503795611602e+00
1.309963930855992054e+00
1.316585240671115820e+00
1.307504104998524097e+00
1.291570241257401275e+00
1.272215763595300642e+00
1.252225216678944486e+00
1.266026144277722310e+00
1.277983866015119041e+00
1.271134508619189196e+00
1.275600169463531275e+00
1.261299266753532322e+00
1.267165428424269491e+00
1.244136799753657208e+00
1.274802941146057300e+00
1.279014835452685128e+00
1.266369404134012777e+00
1.255280337032377735e+00
1.262767683921476980e+00
1.234002105645512382e+00
1.265179032086742872e+00
1.281231523204968470e+00
1.248314855933855938e+00
1.284104700288809742e+00
1.271814339276272410e+00
1.269836052687685513e+00
1.294615639175042299e+00
1.281177975949053360e+00
1.306662337409214114e+00
1.285970537107519407e+00
1.283922611887576171e+00
1.319484578041589362e+00
1.267880830728074670e+00
1.266296426848460221e+00
1.299905495082872564e+00
1.286748789575586915e+00
1.299515806025402620e+00
1.283813193663452479e+00
1.240975260332108476e+00
1.265882494725437013e+00
1.309874810426892022e+00
1.276216358751873559e+00
1.294789349364849462e+00
1.289553088567000128e+00
1.273869976249176972e+00
1.276032123715480138e+00
1.284557525799729705e+00
1.252975791836765440e+00
1.304519040496582960e+00
1.292254724311045155e+00
1.289107379872860282e+00
1.233435887012405585e+00
1.230312147863162009e+00
1.227376134659978968e+00
1.242294700143765418e+00
1.219471286558861278e+00
1.273917365613579600e+00
1.253163985402667713e+00
1.254698507463979151e+00
1.254401127097897417e+00
1.257043994591888758e+00
1.303282602259367984e+00
1.290678178684383282e+00
1.232206999773145073e+00
1.264875863785308807e+00
1.330673401648120091e+00
1.291912366881001528e+00
1.309723998708978598e+00
1.286002669121679931e+00
1.269515259167773635e+00
1.274480910645385601e+00
1.291363172197082632e+00
1.293930217159149798e+00
1.283855471135244120e+00
1.286786768240523182e+00
1.305540883041487410e+00
1.317827035309504291e+00
1.266216540724136808e+00
1.237550824787486903e+00
1.247226402346578000e+00
1.223976124055089487e+00
1.288952617789367538e+00
1.280834821415380187e+00
1.274507537290764825e+00
1.250959401088930667e+00
1.276543460407175035e+00
1.243241747066530678e+00
1.276344536472897584e+00
1.252473433168629136e+00
1.267969757721502111e+00
1.308920024238420909e+00
1.261644294420566581e+00
1.259709334404385039e+00
1.228504403286286628e+00
1.224111075673664395e+00
1.222682511616177692e+00
1.195792184367196365e+00
1.197002153751476117e+00
1.251988771975538484e+00
1.259629612517136676e+00
1.233338479107448427e+00
1.234299208279200144e+00
1.270351898435302163e+00
1.223796801977105941e+00
1.233768984274596470e+00
1.231611281528702140e+00
1.241004231171270566e+00
1.241117517547537963e+00
1.250999018392114248e+00
1.210145555734304601e+00
1.218377247832112875e+00
1.246914830679699548e+00
1.238986169203730281e+00
1.251363752799385276e+00
1.242283292295961461e+00
1.252799422633976478e+00
1.294774469521452254e+00
1.283061560822534197e+00
1.272113587744497787e+00
1.271467147300749723e+00
1.272585571340079769e+00
1.288390265990720485e+00
1.250753293176052550e+00
1.319709852743660816e+00
1.288031210061236553e+00
1.304760218515513825e+00
1.297453903791692120e+00
1.262691647346944501e+00
1.273817582821657357e+00
1.302438262132568303e+00
1.329799657821455927e+00
1.362662973739014793e+00
1.351603521038052369e+00
1.322808021528208089e+00
1.368552566955551608e+00
1.333920145367610832e+00
1.318748109166319127e+00
1.305734598999413798e+00
1.359369435035735929e+00
1.382561666368828490e+00
1.329311720620045989e+00
1.331361059157121218e+00
1.393266325257550120e+00
1.333723986055362909e+00
1.382259612076487176e+00
1.397789990354942891e+00
1.360598513142850852e+00
1.325892193437789857e+00
1.342733378615060813e+00
1.349633733917130041e+00
1.345924467630094323e+00
1.323082833751302534e+00
1.330133420747823703e+00
1.359617279695079395e+00
1.366207222611415917e+00
1.359830195354121418e+00
1.369489281998542918e+00
1.376963657578548439e+00
1.356661486440813080e+00
1.285338958055542991e+00
1.298458529685922791e+00
1.332811294127309143e+00
1.356312149940345657e+00
1.340670478873102534e+00
1.306624640502315415e+00
1.326881983033959100e+00
1.340065922775257823e+00
1.329374386868174884e+00
1.335582542880524581e+00
1.349438418055963984e+00
1.267527326145758915e+00
1.303744287230808263e+00
1.297795497015744814e+00
1.316034335824787682e+00
1.297128727314157626e+00
1.292323693831701759e+00
1.242598559430380334e+00
1.223480303094175436e+00
1.223938487811026432e+00
1.235442188720732526e+00
1.218740443415730068e+00
1.239280159305621742e+00
1.239340896860396279e+00
1.236387707636593891e+00
1.229797844133124762e+00
1.226773345625904232e+00
1.240473965105185705e+00
1.241991581733135286e+00
1.227486057379443496e+00
1.203093954421548206e+00
1.232201342376676445e+00
1.232034562977007308e+00
1.238403411827735168e+00
1.266464141271058219e+00
1.284678176686657958e+00
1.269097083958436345e+00
1.262431042087540867e+00
1.297900542306450689e+00
1.328238207457223208e+00
1.329972184686780468e+00
1.318521833205569926e+00
1.352958556654477729e+00
1.372393861788193670e+00
1.344021814904669876e+00
1.354613707177727777e+00
1.374220196828456420e+00
1.353933437289572606e+00
1.366653011546305141e+00
1.314953374500709593e+00
1.328968466243043434e+00
1.325270619936513627e+00
1.300215704232580816e+00
1.300973030041221223e+00
1.299475451084773470e+00
1.283758753032170130e+00
1.356284084100381149e+00
1.315725527508787573e+00
1.352126591631743979e+00
1.339642341230342426e+00
1.314268287394865231e+00
1.328461125450431490e+00
1.314446614858871154e+00
1.304711393276042353e+00
1.312593826430039634e+00
1.309332887483376728e+00
1.387244856094657974e+00
1.375456125551209441e+00
1.364007693624080142e+00
1.387297414642103321e+00
1.345756436519776500e+00
1.353586706147975161e+00
1.307508033304076278e+00
1.287673386441053891e+00
1.318789153472395448e+00
1.287475817986763360e+00
1.279172046814819996e+00
1.302556816157758535e+00
1.293879990825852921e+00
1.277462531705149562e+00
1.278943813597148926e+00
1.282119948362284934e+00
1.283656230988997393e+00
1.286820150067332857e+00
1.331693226051489765e+00
1.297952152135253501e+00
1.343475868218460212e+00
1.320309791813319089e+00
1.275427272571166615e+00
1.313501954528555782e+00
1.311292986543128869e+00
1.336214981689786141e+00
1.345405702017204774e+00
1.345119927074847066e+00
1.274837857497521432e+00
1.326531812067061500e+00
1.278023773526957951e+00
1.285623168376035963e+00
1.300672676164198238e+00
1.266978763973550359e+00
1.256328364758744209e+00
1.258329876082761922e+00
1.233954734434864475e+00
1.238904114155692682e+00
1.258655644104878402e+00
1.248391547847918837e+00
1.235075237848835883e+00
1.269879509716972832e+00
1.277820210924497157e+00
1.302638422933166007e+00
1.263536687709464923e+00
1.273288475898250338e+00
1.263428134714397855e+00
1.274445999088711146e+00
1.258572067097446068e+00
1.254357728802084404e+00
1.304471301806349848e+00
1.247353229404406738e+00
1.262031368403303766e+00
1.326217579364134425e+00
1.324812579512312904e+00
1.302322640890889005e+00
1.300208890606761258e+00
1.284093073525255368e+00
1.298158505616996194e+00
1.291771065177987010e+00
1.324602295635218807e+00
1.277748407012230913e+00
1.279070266916013887e+00
1.290518076783103263e+00
1.320338130732032100e+00
1.287709030397847565e+00
1.293727102175662447e+00
1.283597113494287179e+00
1.310001785523622342e+00
1.289183842283661896e+00
1.260355226811455953e+00
1.301126178717771031e+00
1.287347892591443888e+00
1.274701057550393868e+00
1.283278489778796772e+00
1.287588785067365516e+00
1.250283540801073956e+00
1.262030206632667406e+00
1.245802948183597936e+00
1.267704452911766033e+00
1.260663133420565352e+00
1.274773739240437909e+00
1.287252481418214689e+00
1.275718980173006667e+00
1.276963089939999296e+00
1.294262130112672882e+00
1.250664909330229557e+00
1.249674404160943997e+00
1.267700827488338788e+00
1.267739218935295842e+00
1.303547735191914247e+00
1.255717087496771578e+00
1.310884575727349066e+00
1.290142852938422235e+00
1.325000574143240017e+00
1.298698824928526285e+00
1.266739860188321964e+00
1.290740299366162747e+00
1.274986754001355527e+00
1.264819976758050579e+00
1.266597417017907290e+00
1.306174834091544223e+00
1.325067220267534207e+00
1.332253121295506881e+00
1.322251205545071473e+00
1.312921326100132013e+00
1.298238812020761079e+00
1.296352478078641068e+00
1.298924110838480583e+00
1.271007830825739982e+00
1.276247332295417092e+00
1.296133318677604285e+00
1.299631878594428747e+00
1.304834282867171069e+00
1.324857141478558820e+00
1.295266514705911920e+00
1.308889031550155790e+00
1.311311979016409390e+00
1.327180323872859669e+00
1.329246617852403833e+00
1.332413395832900971e+00
1.329597471978237522e+00
1.299330414739630513e+00
1.337408491928816945e+00
1.332823701310733799e+00
1.345126149587559050e+00
1.309265315553687969e+00
1.265978386328880712e+00
1.300154794527439650e+00
1.300037678092670124e+00
1.320248082175336402e+00
1.320040572487311659e+00
1.319045249414286580e+00
1.306355495162729197e+00
1.292385417776614309e+00
1.431262720867277238e+00
1.498658660403124232e+00
1.369425572149955750e+00
1.352563219382776794e+00
1.406181263400391845e+00
1.539523423010937808e+00
1.506574475404267810e+00
1.518124458825686807e+00
1.570582560237674841e+00
1.537601348693846459e+00
1.596578697700782312e+00
1.642131421064139341e+00
1.750296395934078264e+00
1.669755859848131241e+00
1.496989601559915339e+00
1.640755422219402959e+00
1.609991798746008174e+00
1.704799422718023649e+00
1.752768350019249244e+00
1.562668531825341489e+00
1.581321898867369846e+00
1.620507852821028383e+00
1.537916966415813214e+00
1.522432539040494248e+00
1.619345194021040157e+00
1.569755577532129021e+00
1.566280018107252481e+00
1.487573257019853656e+00
1.651095415655760901e+00
1.667276516423868760e+00
1.595328235891320334e+00
1.613372696979377574e+00
1.520936802869315985e+00
1.461129317448252918e+00
1.535084638694739878e+00
1.490264580421758023e+00
1.467373412125235532e+00
1.537566096134856952e+00
1.605010134821873047e+00
1.529320763031581709e+00
1.543166160834355871e+00
1.487764438151453650e+00
1.579024158901195296e+00
1.508600098151682944e+00
1.432656505861930940e+00
1.410934627002808028e+00
1.464764850022836518e+00
1.448516626634056559e+00
1.553732347961829685e+00
1.439452346707359220e+00
1.419253987821388119e+00
1.460999722206951512e+00
1.465888563874277128e+00
1.516048542834733226e+00
1.480927822238643277e+00
1.479364681144465621e+00
1.427825431116268362e+00
1.351154221781242226e+00
1.406683378477296742e+00
1.459974530743582077e+00
1.379991906008330105e+00
1.340201138826756067e+00
1.412403154752920553e+00
1.359736828019241228e+00
1.411603635958158520e+00
1.378397225272313564e+00
1.424235556841072059e+00
1.357734880839665870e+00
1.341743092552295957e+00
1.343120149872522706e+00
1.352432135938115509e+00
1.388992872774445386e+00
1.423259927667543057e+00
1.469984018824679550e+00
1.522724329075882288e+00
1.509874437537286340e+00
1.581553692775503173e+00
1.846866383230967967e+00
1.567717088948856752e+00
1.823071822228981009e+00
1.719832522946873166e+00
1.615862302047710308e+00
1.607962679934198169e+00
1.515475443831792557e+00
1.720598713712566452e+00
1.567548039760770395e+00
1.895745787602691079e+00
1.723012970776354846e+00
1.952334098092669556e+00
1.907314199843243685e+00
2.127234997151086660e+00
2.058064856358059025e+00
2.071289118279981967e+00
1.930638738386747599e+00
1.841065942549967804e+00
1.754103085512664917e+00
1.938741099003605806e+00
1.725102406096098440e+00
1.869658391809245090e+00
1.783461315325008512e+00
1.629826337477990439e+00
1.519167847609961930e+00
1.764694621620404025e+00
1.644205198955420055e+00
1.643125165220737260e+00
1.816408707742560802e+00
1.602422640315032787e+00
1.517269238357327188e+00
1.463398382845569889e+00
1.577668268869858892e+00
1.588908907786741986e+00
1.669993244870870974e+00
1.611313415789698222e+00
1.571794564614743761e+00
1.761329992213003903e+00
1.669862080898493861e+00
1.684445631650127506e+00
1.650360532283278836e+00
1.857563657305871807e+00
1.665954177012058279e+00
1.648624926898713428e+00
1.675125556058238097e+00
1.846973298961392507e+00
1.654762593594790276e+00
1.698022724725134047e+00
1.773708692624853978e+00
1.700784406732048559e+00
1.882382826294200617e+00
1.774502342630387863e+00
1.837833846963891959e+00
1.820689506819537895e+00
1.950199644591391390e+00
2.008658055515921248e+00
1.983009205375231954e+00
2.060304932242094100e+00
1.867264889946518069e+00
1.710626118682226471e+00
1.881298236193158724e+00
1.912318657322080506e+00
1.922378190891688599e+00
1.670795457377624027e+00
1.663648970294299811e+00
1.594184336537338709e+00
1.695800624652526123e+00
1.857771675891014773e+00
1.958989986528256955e+00
1.935834071530990741e+00
1.908935674767049173e+00
1.884819471982954520e+00
1.812172831059294165e+00
1.738158630806959870e+00
1.741863474363032571e+00
1.714637234413170397e+00
1.694872101462720160e+00
1.760175728429751896e+00
1.792224063021595315e+00
1.733558665072243654e+00
1.702113688315065820e+00
1.763887874383067045e+00
1.861634492766421456e+00
1.807455114393639484e+00
1.757873802130994978e+00
1.897484659137073537e+00
1.795667034304917031e+00
1.736954082896300822e+00
1.815485122942718910e+00
1.689938112949906701e+00
1.563733561585275877e+00
1.663626486387371317e+00
1.644357662872487191e+00
1.680469693416749344e+00
1.753143377261149771e+00
1.643599422439462776e+00
1.731662179850663508e+00
1.788156406159191913e+00
1.837819081118829079e+00
1.799169654233737647e+00
1.874440188001241792e+00
1.854184582941786452e+00
1.670295835633966330e+00
1.652956989269432464e+00
1.516278373113548517e+00
1.472357525134981193e+00
1.404512445576140189e+00
1.601639589354857840e+00
1.646499338662489098e+00
1.719977141001344911e+00
1.673711292582276355e+00
1.520077361056600962e+00
1.869825150989935736e+00
1.571371363505006613e+00
1.681569322171845737e+00
1.799401806377129098e+00
1.804116130390721162e+00
1.843470593973366434e+00
1.653548596761534206e+00
1.561979712445424884e+00
1.791498933608703936e+00
1.769063077452585953e+00
1.702566868806141942e+00
1.468106816148680549e+00
1.502625975172882766e+00
1.550200729003640143e+00
1.418170262766352829e+00
1.398780890901280882e+00
1.589902642893850748e+00
1.740853050104126609e+00
1.656586221603920883e+00
1.516957903089092285e+00
1.606835479262068267e+00
1.491325035006308752e+00
1.540886766719364198e+00
1.444042283160434037e+00
1.431680077304826604e+00
1.513015350706565565e+00
1.409365948412667935e+00
1.475192101699905889e+00
1.584021823014606367e+00
1.644305482904900861e+00
1.734265392693218333e+00
1.641644043801889552e+00
1.601580873342710154e+00
1.704657045243143765e+00
1.691544758000740556e+00
1.713698623809460919e+00
1.644885114752902222e+00
1.516776898235493221e+00
1.672852689441668872e+00
1.592397196236485346e+00
1.768755670850321371e+00
1.595610983955589424e+00
1.782223976011200861e+00
1.578823636393544172e+00
1.830912826386893233e+00
1.728597360613434164e+00
1.695196779646542362e+00
1.695543164333990660e+00
1.652955493493865058e+00
1.668064721817369644e+00
1.656604175285789848e+00
1.672061677555028325e+00
1.735920488662016758e+00
1.562970888194194607e+00
1.557521927323347377e+00
1.630000253310475822e+00
1.549552632591966184e+00
1.496901232897198231e+00
1.580162074501291203e+00
1.591880481686294813e+00
1.430973784785326108e+00
1.423078226120499279e+00
1.494951124682240673e+00
1.477366228508904422e+00
1.434416890916076825e+00
1.438018694881445958e+00
1.450589657095622709e+00
1.445786594259370395e+00
1.458058576548602270e+00
1.490458854467026084e+00
1.435423385394195117e+00
1.549815701693759706e+00
1.480211247441894251e+00
1.503815124800917724e+00
1.554214769733515134e+00
1.600138939760365586e+00
1.778699045517609267e+00
1.724291941196630207e+00
1.603542573717467334e+00
1.677094321603834981e+00
1.690522759627784311e+00
1.749863255096124837e+00
1.523283692681071777e+00
1.386430243439557675e+00
1.312449347227321539e+00
1.430938203036521639e+00
1.485332232395320418e+00
1.533641760311782898e+00
1.480262396206780240e+00
1.460830830682660730e+00
1.433305242156081460e+00
1.560672011910299917e+00
1.464986113100152476e+00
1.525919886878511322e+00
1.740295333267718902e+00
1.552242894937077011e+00
1.638585810008639454e+00
1.671040225484396569e+00
1.596802216306719924e+00
1.599352710611224415e+00
1.837244379511498327e+00
1.782400620425189208e+00
1.732548411513901154e+00
1.618173583602543486e+00
1.596091923995974549e+00
1.609797666001939076e+00
1.754439938843081581e+00
1.615610908752954655e+00
1.560263996794758468e+00
1.671706533824167007e+00
1.580328669294672306e+00
1.960503795774661384e+00
1.746262428890639873e+00
1.754401297536469562e+00
1.655237848966791825e+00
1.700276658338238933e+00
1.901638121214737742e+00
1.861256578643118997e+00
1.980917397292217608e+00
1.852254567891576498e+00
1.823674754229939188e+00
1.712680867873527690e+00
1.839617694909264189e+00
1.708786037518214673e+00
1.745302977242499276e+00
1.748100634623258598e+00
1.764956888001913526e+00
1.834281069972989897e+00
1.762672811938092110e+00
1.680499170731709846e+00
1.614380637776856364e+00
1.596630964477663506e+00
1.494448970810000388e+00
1.531468592938525886e+00
1.514262391115586137e+00
1.500651331882068673e+00
1.552427301920670466e+00
1.576506623179153133e+00
1.603202928465570887e+00
1.498286716597970969e+00
1.581353115416793909e+00
1.556001426403223808e+00
1.668048499513209215e+00
1.616089439248526993e+00
1.511569575978197078e+00
1.442079898414989181e+00
1.426771962492402457e+00
1.622944560839311157e+00
1.586237992055723911e+00
1.687287525478618377e+00
1.548426401042522604e+00
1.426521434046917225e+00
1.430719368270024550e+00
1.408970881443113221e+00
1.384377795581416271e+00
1.397610258450864285e+00
1.365827757875559323e+00
1.390892339119774501e+00
1.422172772933635532e+00
1.499201839161210970e+00
1.487694408203867225e+00
1.475372115801837136e+00
1.481183494426412839e+00
1.438102405272724704e+00
1.552042207033444754e+00
1.410815190276856645e+00
1.335130319213335026e+00
1.367469019736643476e+00
1.427966995032767139e+00
1.558192966266397361e+00
1.451594558846970973e+00
1.594547423887816562e+00
1.445723142651937243e+00
1.347789701226543846e+00
1.359406186699135821e+00
1.394923342149571699e+00
1.545663470754206514e+00
1.699244679244972245e+00
1.550964256567206823e+00
1.507856290904878493e+00
1.457431282562961838e+00
1.431792712005153678e+00
1.419965902118501377e+00
1.404311930527846863e+00
1.404410535623037859e+00
1.335936208756871135e+00
1.382877929193572442e+00
1.435158411989680083e+00
1.347914244353715318e+00
1.381891566486585177e+00
1.352176842457601058e+00
1.354063236655310032e+00
1.396384044923570489e+00
1.356712322450707831e+00
1.414421079389392100e+00
1.296943698910703047e+00
1.342870410829282601e+00
1.379877285621018856e+00
1.326123310559736090e+00
1.293529346673513158e+00
1.329909230983521207e+00
1.305116817362669712e+00
1.284803394188105852e+00
1.298146621092631570e+00
1.274413167236698730e+00
1.288030363974982828e+00
1.252387687964472418e+00
1.248257822484777346e+00
1.286758221123693424e+00
1.280242028534853693e+00
1.276057615209725160e+00
1.293471013306848105e+00
1.296381070545210568e+00
1.300735942642215370e+00
1.327345144785408770e+00
1.359368069893002406e+00
1.280500956592527162e+00
1.279654572888584418e+00
1.279065792120800626e+00
1.296288042443072053e+00
1.250019466557504622e+00
1.283585773523286733e+00
1.338905815254425757e+00
1.369831796397941615e+00
1.428233318259211515e+00
1.457642015981311490e+00
1.487723183070741140e+00
1.437100916216270008e+00
1.395788399361898025e+00
1.413686574300215826e+00
1.369915876344507621e+00
1.401729027619429635e+00
1.321788185434927376e+00
1.386636304078753046e+00
1.389371365002050052e+00
1.408842719631747453e+00
1.374355653108904507e+00
1.355531960097484223e+00
1.384007943261726270e+00
1.394815470651406430e+00
1.421191506192515330e+00
1.336025704382384660e+00
1.356528909734592281e+00
1.387807311622438977e+00
1.395233539761108199e+00
1.322743464466929586e+00
1.322395877516555407e+00
1.350222924968430549e+00
1.334606462311112463e+00
1.344426677886436883e+00
1.349740987145958693e+00
1.303777989267373760e+00
1.314798785981622364e+00
1.346338058285283967e+00
1.357225790190957682e+00
1.349511765146158782e+00
1.354786748611739311e+00
1.337016983151444016e+00
1.318195587415269987e+00
1.297532107568755366e+00
1.330225004648160736e+00
1.324883949813669970e+00
1.325464145231411983e+00
1.294937403916841534e+00
1.301381118663593073e+00
1.306359954579255911e+00
1.319805347220468494e+00
1.332542462588916843e+00
1.317999439505145531e+00
1.290592783258738940e+00
1.283175077096453842e+00
1.287209943670082346e+00
1.319549706411428547e+00
1.252424248760951153e+00
1.307717155278097287e+00
1.289272276586701960e+00
1.301566119189240922e+00
1.270942308586056280e+00
1.283660915940213476e+00
1.256056048279669435e+00
1.296200400872928427e+00
1.268419629670438198e+00
1.254076691788786668e+00
1.271664204201267578e+00
1.254891844072160145e+00
1.254745528864571025e+00
1.266849224181594291e+00
1.285112134038367326e+00
1.310983159915656060e+00
1.342694954233093707e+00
1.375059956920558824e+00
1.373663925369286387e+00
1.368946806020096885e+00
1.334308011266596372e+00
1.277325913697052950e+00
1.368892162985991590e+00
1.293173634940471661e+00
1.331669292586060260e+00
1.354916947522449178e+00
1.256176614144015824e+00
1.267328467453807450e+00
1.229609199004977116e+00
1.261178903209454694e+00
1.352106857566955478e+00
1.348590820297104420e+00
1.295417853100794936e+00
1.341269352864238984e+00
1.319221702343419844e+00
1.327470208191043888e+00
1.294485766868038068e+00
1.324919670718401887e+00
1.336724026960253608e+00
1.353293283755905518e+00
1.327500658586229676e+00
1.339474272066978111e+00
1.314308806112990391e+00
1.336064782750780555e+00
1.335702027360868849e+00
1.376485120280721564e+00
1.346749827962061330e+00
1.351361266765081171e+00
1.360635564398443575e+00
1.346907101929208039e+00
1.375541925329534232e+00
1.377761018977760266e+00
1.284327712818020384e+00
1.424850080602750868e+00
1.354914562111865450e+00
1.355043323802966659e+00
1.390748260300715522e+00
1.338065134783323895e+00
1.370247369190167541e+00
1.373617791983699155e+00
1.335260881614326545e+00
1.307631151442796069e+00
1.296759707678539320e+00
1.341588172140949053e+00
1.340270596608316600e+00
1.296477876519384065e+00
1.336843036498857495e+00
1.269859258737619623e+00
1.246189000755784759e+00
1.276224678318817585e+00
1.247366448041638431e+00
1.266480622740790762e+00
1.271325158057855509e+00
1.251520515629881869e+00
1.293211529051822239e+00
1.290596695572259200e+00
1.250887530435453199e+00
1.248508453188645451e+00
1.284200476502308730e+00
1.250005400756800888e+00
1.214153294439201280e+00
1.242795647593686104e+00
1.269448260552942687e+00
1.252165160157070467e+00
1.239047910312126133e+00
1.219412400633627547e+00
1.212447822428728506e+00
1.216576179647468559e+00
1.214593234815277922e+00
1.227185663257744919e+00
1.247524657318455077e+00
1.222360316849494311e+00
1.235844081302252429e+00
1.226304577641665228e+00
1.229556167546364431e+00
1.218803226926346461e+00
1.221397937377848741e+00
1.219678495997414736e+00
1.218164644236736205e+00
1.210590922030110761e+00
1.235880281074428266e+00
1.240489717588262542e+00
1.225421109532165209e+00
1.248855061555609103e+00
1.239893493096972721e+00
1.240349740260578537e+00
1.247487519397362243e+00
1.267209589750699639e+00
1.256405838062126357e+00
1.289965721415396782e+00
1.293839833392706584e+00
1.277363900354593351e+00
1.293230456896154790e+00
1.299179768207503693e+00
1.260640863036360804e+00
1.288764904364163799e+00
1.252828783724766915e+00
1.283337423701104596e+00
1.285234354712609273e+00
1.266741096752475038e+00
1.251469137465069714e+00
1.262322493998305095e+00
1.275917209822523768e+00
1.268489041731197364e+00
1.271462587107290654e+00
1.287093559550670729e+00
1.314717808008630362e+00
1.267048095331720470e+00
1.297564225073433164e+00
1.278169903283659092e+00
1.266976224509315019e+00
1.276119654155420946e+00
1.302424961530510350e+00
1.288952039796237514e+00
1.271852181268515514e+00
1.264338521371449087e+00
1.274253057818697243e+00
1.282863371363705429e+00
1.254132471846468588e+00
1.270350525658968444e+00
1.284392930963519586e+00
1.292739743592620005e+00
1.290290295096742090e+00
1.308162544387969861e+00
1.308840440508878267e+00
1.291679907288151963e+00
1.277127148612025254e+00
1.269905886728195821e+00
1.281341979667367736e+00
1.277723293780450797e+00
1.259837441969709371e+00
1.286881040194890247e+00
1.292583334317382926e+00
1.277290193761188686e+00
1.269450014703878749e+00
1.256184687842752057e+00
1.247805593536632562e+00
1.247860305214373300e+00
1.261449447617684516e+00
1.290684432539124682e+00
1.277846246049317847e+00
1.288172557735364654e+00
1.303188850450276659e+00
1.335130011086979263e+00
1.381118655895546388e+00
1.374000705081226625e+00
1.358938918091604497e+00
1.313938469022874367e+00
1.321847755933927449e+00
1.346865725503261002e+00
1.277150923751823708e+00
1.344297219268221211e+00
1.365486007571008464e+00
1.390296185300872178e+00
1.356521710144873216e+00
1.404869495715449723e+00
1.378707919023836714e+00
1.360667622145129263e+00
1.413529294934779079e+00
1.399224696458453820e+00
1.376860917734252565e+00
1.356930662992351211e+00
1.369637514388867050e+00
1.368135068963413303e+00
1.421755327158567894e+00
1.410171674242417073e+00
1.379531454160917159e+00
1.408690957317410675e+00
1.428095377564639890e+00
1.372377645854081285e+00
1.420356146058877833e+00
1.443267458000828452e+00
1.431431704082930967e+00
1.439439885620618753e+00
1.465770859091755751e+00
1.438674092118116477e+00
1.459739892869072797e+00
1.460945533985487987e+00
1.533110771775414438e+00
1.369006791170591653e+00
1.463591615007572733e+00
1.451035239631011109e+00
1.480534464273864703e+00
1.444028427991607355e+00
1.427289572306237320e+00
1.528135982277455618e+00
1.492316080697385861e+00
1.509273629012730433e+00
1.511472117831781148e+00
1.429372659004939816e+00
1.419806082277443871e+00
1.424476701618479391e+00
1.507398119642513024e+00
1.437756759990500344e+00
1.416759328237582993e+00
1.416015478451884801e+00
1.386025048104830404e+00
1.385535680737036479e+00
1.386272812664196996e+00
1.411160764701348658e+00
1.375583513825368920e+00
1.377080117450090846e+00
1.339618808598562305e+00
1.323469212894079927e+00
1.279283553789188455e+00
1.304303778220626375e+00
1.340528186521667386e+00
1.373974099202257548e+00
1.343946045699432768e+00
1.314522357201827196e+00
1.364392297852659253e+00
1.341294974137639429e+00
1.334918952742201848e+00
1.351636103336409933e+00
1.477919205000189917e+00
1.342716615165739702e+00
1.497189676086278398e+00
1.495625329047043373e+00
1.421518390240075647e+00
1.462493876469881160e+00
1.410561611224988132e+00
1.410245854363664453e+00
1.445161070803044900e+00
1.422884916805353228e+00
1.385144027619127138e+00
1.387311625632219325e+00
1.345330934719133564e+00
1.357765602072028788e+00
1.380159676276463188e+00
1.343470495977710844e+00
1.341461191658500640e+00
1.342212394115153584e+00
1.307742429759398028e+00
1.355999188158475643e+00
1.348134580825780748e+00
1.368108163853644310e+00
1.398468212418061851e+00
1.421858335952930208e+00
1.375805634749763362e+00
1.473771351645232874e+00
1.433191477784944157e+00
1.481556498658257004e+00
1.367413710564088669e+00
1.322120877481666845e+00
1.384472485016159826e+00
1.401456726893411497e+00
1.362954069639682908e+00
1.342966622648576580e+00
1.468277961172519408e+00
1.478447598263206375e+00
1.403443140174715609e+00
1.416880119740513866e+00
1.413291810815631155e+00
1.430875731274890317e+00
1.437628344313770290e+00
1.420099152283575084e+00
1.391062051920384013e+00
1.420264393938627467e+00
1.448716419002103795e+00
1.487458512143529532e+00
1.399597214998143269e+00
1.359497192656518028e+00
1.338225276632871719e+00
1.326331679933241636e+00
1.374595466463309101e+00
1.409111558658097119e+00
1.375846540115189143e+00
1.360876574248779614e+00
1.377999311572204899e+00
1.358423632978504214e+00
1.389138756312427114e+00
1.372933659266956763e+00
1.369283421559135405e+00
1.384899500296201458e+00
1.314693154902755623e+00
1.306685709030461551e+00
1.351149593777654978e+00
1.296365977016359805e+00
1.375627017604368341e+00
1.350105161883800031e+00
1.384977362892976460e+00
1.352798109345923816e+00
1.315990206999841927e+00
1.403159706562469911e+00
1.383325819242542609e+00
1.313866999164798655e+00
1.339926001973208436e+00
1.366611485479147792e+00
1.418170650010792011e+00
1.313067895933351714e+00
1.365957667153132826e+00
1.418014258161857111e+00
1.465557129384852164e+00
1.421630468782602241e+00
1.356186241175751261e+00
1.353457033825774536e+00
1.351650341862407068e+00
1.381284773021457024e+00
1.344494294832077497e+00
1.317511144910042509e+00
1.292776278426773118e+00
1.287286786593900167e+00
1.313729929673381092e+00
1.323433234192065377e+00
1.308124284270159476e+00
1.308619993963902273e+00
1.420146432740966302e+00
1.324602029805487913e+00
1.374380138616168923e+00
1.373952573958278300e+00
1.423438869590060385e+00
1.366124635587184333e+00
1.394867009229142196e+00
1.401382821868189854e+00
1.402383739041656030e+00
1.398269259937024112e+00
1.414981684346787727e+00
1.430875085239129652e+00
1.471463905649753157e+00
1.472360206907982194e+00
1.478562546124855492e+00
1.453670719096260111e+00
1.451287788342198182e+00
1.581215287878893205e+00
1.430529377780978217e+00
1.527947745756539355e+00
1.504523658139761189e+00
1.588329229092799944e+00
1.510567261545478157e+00
1.510008687335348876e+00
1.588488739945001615e+00
1.509766276097223692e+00
1.655464201563938698e+00
1.468912858099663321e+00
1.381372760020816770e+00
1.412211868056011843e+00
1.355057137107214649e+00
1.313359170596455572e+00
1.380255925938312922e+00
1.476847918023381556e+00
1.577213179200531945e+00
1.516724774278635168e+00
1.537162489613138838e+00
1.649063075456838501e+00
1.611702379046645373e+00
1.616124202841760393e+00
1.561059599080884208e+00
1.647494787371336145e+00
1.633745228476664035e+00
1.545031578717324106e+00
1.558373300463810507e+00
1.531370171526213131e+00
1.634771163930789362e+00
1.572842148817656938e+00
1.577119977003360152e+00
1.614194569318620820e+00
1.536737577248630915e+00
1.596692905551228003e+00
1.621424114239264691e+00
1.625033047953258869e+00
1.479449873420981776e+00
1.554397009070450641e+00
1.485985651457944146e+00
1.517985673672938018e+00
1.596207603103624972e+00
1.570467503419317623e+00
1.509948808323391400e+00
1.615026745211863402e+00
1.515960979111882878e+00
1.541844887874206593e+00
1.508565714335610819e+00
1.549268033346081985e+00
1.597119026288827071e+00
1.466897995403697141e+00
1.539727286836213294e+00
1.563072454531644562e+00
1.352934158706213363e+00
1.440638796630222096e+00
1.526069882449468285e+00
1.417930152251405396e+00
1.431407950606749857e+00
1.479102157068015400e+00
1.571845352811715113e+00
1.535418145734439355e+00
1.580573913846258005e+00
1.550480184327512001e+00
1.591840878389910507e+00
1.568459820354023426e+00
1.598875776175780583e+00
1.525355479621561816e+00
1.545386265262197245e+00
1.507995994445838317e+00
1.532155510142724442e+00
1.586851202747871170e+00
1.657456409085591220e+00
1.591912965621136600e+00
1.522085363214462195e+00
1.593807766405287207e+00
1.703750652489290696e+00
1.549971860180536787e+00
1.490893950378187727e+00
1.670230762445571893e+00
1.646090517410194520e+00
1.547601750533691645e+00
1.590187251053110984e+00
1.447281596523135372e+00
1.507841346145069039e+00
1.590842415419904121e+00
1.544501454981672017e+00
1.615909441617636499e+00
1.400935311673707551e+00
1.517476614507061283e+00
1.641917082187038135e+00
1.567902014176632663e+00
1.586773418951446413e+00
1.649949468959983401e+00
1.715421189427238202e+00
1.791798868470659833e+00
1.591157824302931623e+00
1.633771020121622009e+00
1.701419326119589126e+00
1.505813491000148829e+00
1.419465518361506584e+00
1.421760127384323891e+00
1.332064545406601130e+00
1.419406420196797525e+00
1.410895249041898003e+00
1.559615318798662331e+00
1.467196111696431604e+00
1.456646305046484402e+00
1.412822012157826546e+00
1.332588941855491926e+00
1.296136870664920782e+00
1.314837271632899540e+00
1.326471919432018698e+00
1.363715018788138167e+00
1.403721725084093652e+00
1.341868648192764413e+00
1.318957494930151686e+00
1.285707652295607017e+00
1.271880128815777056e+00
1.274760114574093883e+00
1.341905814206548975e+00
1.359879943610916575e+00
1.428583886811128911e+00
1.373154721847064552e+00
1.393311288016093608e+00
1.361534370050861309e+00
1.346342104451397459e+00
1.369114878305802696e+00
1.406085745788347552e+00
1.368825047727479927e+00
1.364946273754700234e+00
1.367204040853271740e+00
1.330465099058101286e+00
1.371373579355857464e+00
1.314645570045465783e+00
1.369748909543373916e+00
1.355591904299476180e+00
1.320855887027861719e+00
1.376240767923967212e+00
1.306155719318373931e+00
1.328308982024776652e+00
1.300408121263602279e+00
1.291304778682626830e+00
1.343104193585351602e+00
1.321230469403788854e+00
1.351751784594772854e+00
1.368840901907605101e+00
1.305246887388266330e+00
1.304814532783790115e+00
1.316211569669623938e+00
1.314292039790997624e+00
1.268669813718251271e+00
1.279090539139994265e+00
1.319672846993427129e+00
1.252164479785645490e+00
1.285350166852883058e+00
1.350582327910779368e+00
1.315222584793218852e+00
1.308271656849350206e+00
1.301177199357319125e+00
1.301582727834118547e+00
1.301673139613580998e+00
1.319496696837758609e+00
1.273747423270236601e+00
1.310187623891828856e+00
1.312963997548868056e+00
1.303021077958181451e+00
1.280207738687420438e+00
1.285353737066071034e+00
1.295124727516649088e+00
1.309253604749170297e+00
1.285910962153972381e+00
1.290489536704994222e+00
1.266908656558094481e+00
1.277785787738443535e+00
1.299337546431620805e+00
1.281872747540586444e+00
1.313050993208359607e+00
1.295240401619919490e+00
1.304892350345435048e+00
1.290958683468137247e+00
1.304160482807658283e+00
1.304520472358406069e+00
1.302835375720947209e+00
1.288564456154939419e+00
1.286622820205971740e+00
1.298108449674864717e+00
1.275795409715228867e+00
1.306787410069006006e+00
1.314473323328738452e+00
1.296982524354745037e+00
1.305539493312114274e+00
1.297649410998277686e+00
1.307531677828938310e+00
1.272206753685747538e+00
1.290225913494411403e+00
1.286848596833516822e+00
1.289857868310258393e+00
1.310818556981786509e+00
1.310570406068437332e+00
1.278203602161470664e+00
1.279174628721323481e+00
1.298510248094276731e+00
1.334790243459139658e+00
1.308947173078920168e+00
1.300244382964692136e+00
1.300914006555299096e+00
1.287770518400636277e+00
1.298640140814913080e+00
1.315922964310321408e+00
1.316695174994853446e+00
1.320576682982671723e+00
1.323449319362044241e+00
1.315675245145105476e+00
1.313084052635432819e+00
1.261862179966481756e+00
1.297562491420580777e+00
1.320069590421333983e+00
1.317357393561860546e+00
1.315581908016738577e+00
1.304566976777216114e+00
1.309954061601823039e+00
1.307806614492920572e+00
1.309076405856556935e+00
1.304660891334511685e+00
1.275049783096536382e+00
1.268789779849622379e+00
1.305617894632290055e+00
1.289535898370248956e+00
1.301623674016469723e+00
1.325380397221042728e+00
1.323974512797121417e+00
1.353667493693918145e+00
1.346444227637250579e+00
1.341143437919440684e+00
1.318663648775032282e+00
1.316361163873039475e+00
1.342321420528290288e+00
1.332019513109085729e+00
1.311947074158223314e+00
1.384213309026134597e+00
1.287308682148105454e+00
1.268453525805007809e+00
1.274539958974188592e+00
1.287309301331966305e+00
1.340846090426152326e+00
1.341892133314589675e+00
1.260252361185394632e+00
1.304911554693838127e+00
1.284234539930564578e+00
1.250529494641421602e+00
1.306574952043975113e+00
1.405842477629818399e+00
1.408181617524733475e+00
1.402395703784364178e+00
1.368953874895949108e+00
1.407066451914530614e+00
1.370524858143774560e+00
1.314873596727941241e+00
1.294802808231886981e+00
1.335170249031516043e+00
1.345364928547253314e+00
1.354217108630066058e+00
1.343453336176614110e+00
1.326274753297514097e+00
1.382953993220145339e+00
1.385005812458269592e+00
1.356695983131707806e+00
1.360713114838631554e+00
1.362846657706950237e+00
1.394635186412106265e+00
1.329004718023413245e+00
1.337620715158310380e+00
1.332237853479823597e+00
1.353724655052439330e+00
1.339511653018848669e+00
1.359947660542059289e+00
1.349710920262272351e+00
1.363338355417826220e+00
1.360860887442439715e+00
1.369497045256927059e+00
1.387732657207310538e+00
1.375217046519969122e+00
1.382953080561080572e+00
1.395515824228582336e+00
1.357460290456257379e+00
1.402626777103973765e+00
1.374848856818224219e+00
1.390923867868937958e+00
1.376118518740093943e+00
1.332909594528162378e+00
1.332042654948272897e+00
1.307452129481943004e+00
1.317813473957504256e+00
1.314870432287293056e+00
1.321241461060382205e+00
1.319285253003251501e+00
1.330696323852942786e+00
1.298534173493147925e+00
1.339392276577477059e+00
1.314467757092323330e+00
1.311195969829702879e+00
1.327551374473643131e+00
1.336032896191813757e+00
1.305820437760647490e+00
1.321966676199897162e+00
1.324165297553955289e+00
1.343054359659201724e+00
1.323913700663518656e+00
1.320724964411393421e+00
1.315327130840456604e+00
1.328793106808654478e+00
1.314769008351738266e+00
1.283645497919491785e+00
1.322965897133645097e+00
1.304870795481201107e+00
1.284896855334292765e+00
1.294829488432731157e+00
1.298247207167185779e+00
1.297080371978622804e+00
1.315748917270845419e+00
1.304981727529973323e+00
1.290291847825161708e+00
1.303500153013095408e+00
1.322467898439866119e+00
1.301567193748419227e+00
1.305752833644462374e+00
1.311460163758919606e+00
1.377639971203506120e+00
1.329640295440999154e+00
1.302754105298237430e+00
1.307710417239076772e+00
1.314905433916694344e+00
1.277992209527421208e+00
1.286155060037172726e+00
1.291544030454748526e+00
1.309995491845193483e+00
1.346967376149987627e+00
1.378669418103491751e+00
1.345723838750447321e+00
1.355727463245027797e+00
1.353164469604223319e+00
1.366673156307961268e+00
1.454998374420837015e+00
1.332558799299997210e+00
1.301960734019925958e+00
1.261364664413220371e+00
1.294686864396546344e+00
1.303167581960905208e+00
1.331792680640527138e+00
1.314326109873805049e+00
1.327270470534377855e+00
1.318479965298410272e+00
1.384035118191757840e+00
1.459452445938539844e+00
1.483227633172907289e+00
1.495315874453325478e+00
1.412774586853566161e+00
1.416868229688827974e+00
1.438210868324180547e+00
1.455993782759743560e+00
1.437762054269502876e+00
1.428815061163869915e+00
1.392623130031245715e+00
1.355726438312259141e+00
1.520965818311201367e+00
1.468172056752315768e+00
1.455890365352801252e+00
1.453665555272417365e+00
1.465889337168777118e+00
1.430714714137627075e+00
1.449117443951751794e+00
1.434463057980174039e+00
1.420158346179208442e+00
1.391075454311980319e+00
1.368665592356641092e+00
1.418285354212849070e+00
1.438683232585959981e+00
1.429716928895252925e+00
1.433512787216833839e+00
1.469555594214232652e+00
1.472938004823260760e+00
1.395561485494221543e+00
1.424606221388753591e+00
1.440955448649538395e+00
1.442234673763298503e+00
1.409082322117662267e+00
1.562317198785624139e+00
1.512477864468515953e+00
1.548534826937896014e+00
1.601850699575534165e+00
1.446234142528544986e+00
1.424239986037042049e+00
1.412866286143325878e+00
1.411237072975081386e+00
1.420054714064647561e+00
1.402271826467849758e+00
1.421393937164143306e+00
1.364946480582455601e+00
1.404092049325674774e+00
1.481998518887716498e+00
1.498265712464765587e+00
1.487569568396760467e+00
1.439958995919920604e+00
1.442957988957114690e+00
1.437011699033254652e+00
1.475496200117233148e+00
1.463076258438873456e+00
1.451830730241726819e+00
1.399949902401126156e+00
1.411280564653086378e+00
1.366571111945123818e+00
1.444672974299220591e+00
1.481209064070898362e+00
1.443593506111368940e+00
1.429300451261180438e+00
1.456487803666684622e+00
1.486137607418281492e+00
1.440164072767915249e+00
1.436631600792228625e+00
1.422074398823584440e+00
1.416998139127660705e+00
1.477255237856681225e+00
1.464721516770222776e+00
1.465850487353618892e+00
1.455865403497116350e+00
1.489507316593560393e+00
1.465104683573338118e+00
1.488593158011587647e+00
1.486666201841668533e+00
1.418355263819891521e+00
1.400276716281022349e+00
1.399330234657333083e+00
1.418442236868559858e+00
1.400478294500289822e+00
1.373042284791021528e+00
1.432273314688543353e+00
1.447381192422346086e+00
1.413812399186153090e+00
1.443450086390613674e+00
1.466625556571290234e+00
1.506032960306034729e+00
1.576798987686852227e+00
1.534973815546294862e+00
1.580740859049236002e+00
1.624976320703805488e+00
1.513207827699422747e+00
1.616079052380892556e+00
1.539222349660108513e+00
1.506172143583107470e+00
1.520294564088611189e+00
1.502205882080034804e+00
1.449788496080262057e+00
1.487915589523382431e+00
1.478762863385111093e+00
1.422037992488308200e+00
1.387395656681674527e+00
1.412925209790984349e+00
1.399644114194366962e+00
1.418176958028099177e+00
1.398683487674801995e+00
1.460356914443621701e+00
1.452321217214031623e+00
1.410634207897786263e+00
1.436096299826137956e+00
1.549330790184180406e+00
1.489734982533943874e+00
1.487782199421269880e+00
1.522258720612121641e+00
1.482323642494362215e+00
1.470847995162258837e+00
1.490845732760310849e+00
1.444176434902886275e+00
1.485782098112169214e+00
1.457051820670652642e+00
1.475114459595984640e+00
1.452075620580297155e+00
1.477907128532397918e+00
1.508725427299058230e+00
1.468501905408025054e+00
1.468396887072761281e+00
1.481568000298526755e+00
1.481456056528776655e+00
1.486550585667709035e+00
1.481205924845364175e+00
1.465732096917596872e+00
1.511312253076988243e+00
1.491873720008504378e+00
1.562065189299692625e+00
1.537256317417184937e+00
1.521291837614386688e+00
1.509429608404961876e+00
1.488518990398603803e+00
1.623663954065062365e+00
1.655799926377570008e+00
1.628141170600688303e+00
1.524072648564873456e+00
1.636652693585099794e+00
1.577466732677808459e+00
1.590108078315987772e+00
1.651555773542691119e+00
1.671121438573969664e+00
1.521805886441494060e+00
1.556259464817944416e+00
1.590266340927464439e+00
1.480377977120223676e+00
1.508603517806498262e+00
1.444293165151641078e+00
1.515160590768538817e+00
1.430183536936887601e+00
1.541389931039672145e+00
1.374779300421675954e+00
1.452163836046893142e+00
1.329319215387378073e+00
1.349033192851123220e+00
1.346304069396024872e+00
1.343691233307446664e+00
1.329059054184077437e+00
1.366756774954386744e+00
1.325424243173281447e+00
1.335308809047471623e+00
1.385806418900121129e+00
1.357233341788049774e+00
1.344814939873363091e+00
1.416358872247423406e+00
1.394950444867257389e+00
1.376778061534907671e+00
1.449746550710084847e+00
1.587183685029746938e+00
1.638650438040132773e+00
1.577394581506924132e+00
1.516758394103794760e+00
1.621000394312952508e+00
1.601630492357671631e+00
1.592691115509452748e+00
1.658202024174157518e+00
1.794161144427755872e+00
1.716156448567266013e+00
1.783741262169675768e+00
1.709545434019159149e+00
1.850480559714711593e+00
1.623015917748853454e+00
1.524487320456860528e+00
1.576480441784179787e+00
1.653339497484656695e+00
1.640646180451754921e+00
1.562745986031168766e+00
1.682121918428133744e+00
1.632611917483709041e+00
1.563958266057629665e+00
1.826718683443111058e+00
1.931875064390191188e+00
1.727663295268748289e+00
1.549904276465866593e+00
1.836369208671452480e+00
1.785084324454473625e+00
1.707073713482883726e+00
1.722080017522826578e+00
1.572198830254367685e+00
1.519596535907123291e+00
1.539731111263339169e+00
1.814116441312824346e+00
1.748269987804338621e+00
1.520321180819046436e+00
1.692307922602936276e+00
1.820873077224241410e+00
1.828282993218292907e+00
1.811639631561572594e+00
1.677149956619498505e+00
1.582670504670655953e+00
1.662405449218523845e+00
1.725692839173817550e+00
1.694395674990085920e+00
1.596961509294048120e+00
1.814886173729795660e+00
1.781590540523059651e+00
1.624745712218715887e+00
1.713009855671437265e+00
1.745476905208571239e+00
1.537867275193384620e+00
1.638222703534725655e+00
2.015570306285799251e+00
1.957947677391477459e+00
1.935024062743220474e+00
1.788739579368370469e+00
1.530829201748180379e+00
1.702774143290453068e+00
1.537703344944402639e+00
1.614851766620068352e+00
1.499285900696645468e+00
1.545209685137298505e+00
1.561097588400037095e+00
1.472976604214938368e+00
1.467953845725210593e+00
1.750343742685070092e+00
1.989776797471808134e+00
1.885138332455047028e+00
1.850126265060084929e+00
1.707800913520076458e+00
1.711346484586758976e+00
1.501321105926140653e+00
1.477532057230052986e+00
1.607500116154725323e+00
1.504588825327658475e+00
1.541351979895948521e+00
1.500661209531348517e+00
1.527246431857559594e+00
1.534068412506309098e+00
1.482729913742729666e+00
1.443064532785377940e+00
1.527776368785736860e+00
1.481169520593589306e+00
1.560931030071940340e+00
1.477086561442565671e+00
1.676109098370712758e+00
1.781804705414434364e+00
1.639338193475293526e+00
1.675236053203416953e+00
1.451788347246659283e+00
1.434354962255184995e+00
1.602297379744748840e+00
1.548838824127525271e+00
1.523670278679986945e+00
1.431437802644604851e+00
1.333321686459670197e+00
1.389558098678885356e+00
1.357369135283265082e+00
1.359380958695218133e+00
1.327042004121378849e+00
1.327273330787169137e+00
1.326009778757913704e+00
1.319909766188461786e+00
1.313321337492500351e+00
1.311917751243327324e+00
1.320612706750447174e+00
1.372773691485934755e+00
1.346636656083296080e+00
1.385868942113860358e+00
1.424326563206496532e+00
1.387181701524216937e+00
1.411250233139616395e+00
1.394235436556905849e+00
1.357804187529478845e+00
1.310674515972543919e+00
1.317295068155392546e+00
1.365776711519128161e+00
1.397736035715106295e+00
1.402761082675120230e+00
1.422434402458141678e+00
1.542104998411469641e+00
1.708325297459291958e+00
1.585717847334502828e+00
1.561328236478137566e+00
1.530049629900974262e+00
1.510474375257983004e+00
1.513729065027440868e+00
1.565179358892321293e+00
1.764777081281121207e+00
1.635465173430295849e+00
1.751817975569654795e+00
1.531357005393112036e+00
1.573072291174158366e+00
1.514689489288378654e+00
1.664752787693024150e+00
1.630113393672067312e+00
1.607123938777769601e+00
1.575628591867258788e+00
1.633408877948689053e+00
1.615989148742886128e+00
1.498449055541514863e+00
1.492006344892982339e+00
1.465607457190710283e+00
1.456039063665003797e+00
1.620759206340670389e+00
1.440133144937008725e+00
1.453610657737491429e+00
1.478886421328086342e+00
1.580283411043438502e+00
1.385266132328528244e+00
1.704128340913268813e+00
1.624016131766291560e+00
1.616324435213141175e+00
1.547376439855777663e+00
1.736101353396648062e+00
1.723994350487600080e+00
1.711435369648014015e+00
1.693300808186981588e+00
1.697272088531254219e+00
1.575470320095687882e+00
1.703198763182470099e+00
1.624934647084562700e+00
1.554035793263755627e+00
1.553598277024497820e+00
1.576050678169915509e+00
1.613306669970261176e+00
1.546292389430213632e+00
1.517051846090054612e+00
1.634915157541998010e+00
1.768149710755408721e+00
1.792576260666270072e+00
1.589028335583979823e+00
1.678889374171909532e+00
1.764289493484431759e+00
1.477434141016952918e+00
1.552354281161869132e+00
1.501453163436140104e+00
1.463850170565950348e+00
1.456899935484599062e+00
1.477454245683934575e+00
1.443924112244418856e+00
1.408962199946517835e+00
1.354638967201321265e+00
1.512345021311558790e+00
1.547370754223202916e+00
1.572065498904711589e+00
1.632691044007798853e+00
1.566011718666539210e+00
1.649622545104080018e+00
1.661199164879012757e+00
1.631241768257103431e+00
1.664974483312031017e+00
1.632287801375120750e+00
1.568279851871479780e+00
1.501551236482769003e+00
1.478875405009996813e+00
1.396286495191852550e+00
1.592694398494170605e+00
1.542899121524051065e+00
1.558457501321923511e+00
1.600881177325616855e+00
1.628660364800486260e+00
1.779097668533554888e+00
1.533029392912626632e+00
1.438349464834397073e+00
1.594199368575640374e+00
1.604507432097882935e+00
1.662018893955075738e+00
1.557884588468110065e+00
1.556558004011576735e+00
1.583657553049214961e+00
1.726307112584041015e+00
1.712651766680746590e+00
1.736143670126392591e+00
1.751253317167249302e+00
1.717596265030145286e+00
1.740968975594158641e+00
1.776874224655614398e+00
1.676620003569720296e+00
1.774177070637150244e+00
1.783481270448752154e+00
1.727308783008774107e+00
1.684098042343713075e+00
1.668181467699666909e+00
1.616100314026825302e+00
1.602588137042640470e+00
1.622478447670363311e+00
1.577966042098634114e+00
1.614595002187166894e+00
1.490908704856919842e+00
1.643161198618910968e+00
1.605653251153702277e+00
1.676356612036586036e+00
1.709332836876575668e+00
1.659933549305167011e+00
1.679091169714061138e+00
1.687275459346914808e+00
1.600011734382676964e+00
1.662034848150518052e+00
1.613075501070607931e+00
1.683182609479738190e+00
1.616126879512503001e+00
1.745530966840170395e+00
1.624012903206457858e+00
1.681421992194624515e+00
1.840375187618906727e+00
1.809533690044027310e+00
1.809757226303639221e+00
1.682015358330536836e+00
1.612672434790443310e+00
1.522824954036942735e+00
1.614610417209422444e+00
1.569349825391306519e+00
1.638284108824058061e+00
1.650556353909543361e+00
1.783430802602590903e+00
1.695668663936855669e+00
1.625629128550082125e+00
1.502736868086537392e+00
1.525241888789788058e+00
1.679946748210875862e+00
1.609018970040221319e+00
1.744129034185274874e+00
1.677305962148491592e+00
1.665964606367018375e+00
1.785730429904815342e+00
1.519484665201230378e+00
1.563760254615339740e+00
1.486345534083164166e+00
1.594402466554772024e+00
1.594977553434592021e+00
1.766269566451279527e+00
1.587189348638968767e+00
1.639708102527351885e+00
1.838889712616819994e+00
1.589920258799037089e+00
1.469300949019165303e+00
1.415422048859068971e+00
1.418707371686439345e+00
1.457022640869901631e+00
1.516277539232792293e+00
1.520214938376669433e+00
1.693242912979361581e+00
1.655241795370196334e+00
1.491973563985001139e+00
1.326900050971801637e+00
1.503809196586202379e+00
1.602142430729598388e+00
1.556077705106924780e+00
1.697571938597133734e+00
1.604952719183190490e+00
1.565105048617554173e+00
1.448739812090658274e+00
1.513736889321225965e+00
1.649125213960370262e+00
1.630081985833479852e+00
1.527312877964537519e+00
1.592546450478745212e+00
1.581761629679866221e+00
1.548437187048517627e+00
1.508386509812043696e+00
1.427230995808136838e+00
1.409099415405349331e+00
1.443177477312759915e+00
1.415698295939905371e+00
1.377358582103883844e+00
1.517487998588255449e+00
1.529681862498290190e+00
1.448013140831808210e+00
1.567086899333183903e+00
1.665217571624525217e+00
1.721081470411478742e+00
1.657044117117882687e+00
1.598855103535968825e+00
1.719773129239282605e+00
1.373175660944619070e+00
1.354568835385295156e+00
1.450745946482433935e+00
1.508796590366099366e+00
1.549785070264600995e+00
1.632056074036158266e+00
1.364606987144983297e+00
1.420528731224044439e+00
1.394436621675107624e+00
1.371349630415177989e+00
1.407706678028880054e+00
1.384687362954337475e+00
1.405040183207022730e+00
1.487051572212495509e+00
1.483912454884755094e+00
1.431941819677201799e+00
1.440850636543864027e+00
1.487054148767970263e+00
1.554051984916438922e+00
1.507284719789347305e+00
1.444137548501008395e+00
1.431187408780412840e+00
1.694606118597474786e+00
1.687055768912717246e+00
1.595609781579041542e+00
1.635423680992383666e+00
1.630692880755973517e+00
1.672526407538324600e+00
1.634477960077502345e+00
1.617823365286850112e+00
1.530427846585568519e+00
1.551347017759698632e+00
1.687587237646538174e+00
1.711995543393132424e+00
1.737584258585788355e+00
1.770145467210383350e+00
1.746995034268577385e+00
1.807898311042808182e+00
1.621400481580507646e+00
1.717051669437903438e+00
1.602876649832396971e+00
1.481508125161387968e+00
1.603699005736700434e+00
1.633587368024138176e+00
1.587985529156046960e+00
1.559087100161907991e+00
1.566100837839247584e+00
1.559094304932887365e+00
1.610203010269886770e+00
1.669091808189295811e+00
1.573311455309209350e+00
1.544960101718337642e+00
1.584335958952544532e+00
1.561537793899604898e+00
1.435753909206774592e+00
1.480444422794209514e+00
1.393575127213949383e+00
1.394651779638108380e+00
1.399499481096709852e+00
1.405296267457577963e+00
1.516480304228962073e+00
1.583658222998134857e+00
1.720362356906232293e+00
1.928046390387855302e+00
1.461579071271193797e+00
1.600464068511230353e+00
1.486500223536041831e+00
1.414689617059932125e+00
1.437616208992406275e+00
1.426849186138297254e+00
1.371157689614832309e+00
1.352783170195793527e+00
1.382453729513245966e+00
1.376933203008089635e+00
1.363522207260817076e+00
1.409283371754117331e+00
1.378063046851282003e+00
1.369808860684639251e+00
1.399577202995704317e+00
1.376062407498460871e+00
1.346073448484141677e+00
1.353776916877600600e+00
1.371604504610786535e+00
1.365564514506520055e+00
1.358875373893500438e+00
1.353203451760512710e+00
1.346002337605797239e+00
1.352290910354555287e+00
1.355408028275147503e+00
1.344773649939985383e+00
1.359315417910142543e+00
1.318938605999441682e+00
1.360168926039052595e+00
1.335393768355899846e+00
1.353312084084977940e+00
1.401281697989059660e+00
1.385601246434112532e+00
1.335856318155661526e+00
1.375803831166908742e+00
1.338441823464905367e+00
1.340564045106634072e+00
1.333106218229167084e+00
1.338397598010626632e+00
1.316485054133979871e+00
1.366616376071175587e+00
1.337614934190313187e+00
1.304557878035378815e+00
1.312413506363107274e+00
1.350315803283612892e+00
1.353961438180852683e+00
1.352603819761255988e+00
1.331958744405988160e+00
1.323329611050799048e+00
1.331054194895140874e+00
1.329702164077662951e+00
1.318162737495888637e+00
1.311673974022222522e+00
1.314575365711835975e+00
1.335178636635570681e+00
1.329964526233016642e+00
1.363261276671338784e+00
1.335212312220191766e+00
1.331944498893644857e+00
1.326725918464844778e+00
1.366556291522004640e+00
1.364645297323618500e+00
1.341833623452918678e+00
1.358972701830909235e+00
1.348207964776880319e+00
1.333410346897255128e+00
1.370814018633848219e+00
1.317216246669690838e+00
1.343544433861511900e+00
1.319549250226159209e+00
1.346817794129836710e+00
1.326466600140330909e+00
1.332662187009182597e+00
1.342872116717234610e+00
1.321240635868764057e+00
1.342250098424005555e+00
1.354506968194623795e+00
1.334698516763213716e+00
1.347863662203250490e+00
1.354366612801368053e+00
1.369954235420858701e+00
1.370589045266550565e+00
1.318174330510775372e+00
1.333141573473076935e+00
1.346113801299661183e+00
1.374247887087027387e+00
1.320114600927171367e+00
1.347749774212123386e+00
1.323103115354398840e+00
1.327880471512961957e+00
1.339452167488750955e+00
1.340010814783708204e+00
1.348812446279519017e+00
1.346449667079733681e+00
1.352341265361894473e+00
1.345269941609301911e+00
1.380090012806364674e+00
1.438114192518985979e+00
1.391377272844608548e+00
1.425433217321432355e+00
1.435019337089965319e+00
1.415981301090377675e+00
1.394352556858497794e+00
1.343944653538880152e+00
1.339084987956075778e+00
1.397960361442254218e+00
1.392810498403674213e+00
1.341813066391579490e+00
1.368612370893957264e+00
1.429590378114126370e+00
1.401606434598386519e+00
1.423692893017488803e+00
1.432600573013942613e+00
1.413959310877968667e+00
1.395377708147336637e+00
1.492745484639563580e+00
1.508221837758606299e+00
1.508459693157354398e+00
1.411209431976689022e+00
1.401404920688623656e+00
1.363794250659758456e+00
1.424923516133358659e+00
1.454320959329095109e+00
1.321662206119736505e+00
1.376022198851954759e+00
1.386834420336757523e+00
1.361506944196642754e+00
1.376013312937057753e+00
1.398579930185417819e+00
1.387187110565740511e+00
1.404894880699796955e+00
1.404199602754188980e+00
1.391123711634479676e+00
1.345447373589131912e+00
1.293137379836991618e+00
1.316993376224191659e+00
1.341601646478262078e+00
1.336220855478680081e+00
1.310803333368987023e+00
1.305798067063073331e+00
1.344617547937885016e+00
1.342406267048198210e+00
1.306428140674224858e+00
1.334317734804404854e+00
1.364757322517845317e+00
1.324559217213323814e+00
1.380867420479124918e+00
1.356632828952380354e+00
1.317877361353432031e+00
1.435243164461691423e+00
1.355519758171221278e+00
1.351854449257271940e+00
1.343332349248844260e+00
1.307351507687030123e+00
1.280543324017542339e+00
1.325183306267297301e+00
1.338843264747993977e+00
1.419273475407583973e+00
1.339645215096077369e+00
1.334402586283470304e+00
1.315319271677384938e+00
1.312280193484329782e+00
1.297596250581017685e+00
1.309195659450801630e+00
1.283891386986574012e+00
1.258290383156281722e+00
1.273421269551280988e+00
1.236806459569777639e+00
1.249878869853342733e+00
1.252223666568551996e+00
1.268644191313158531e+00
1.247837204210693995e+00
1.268050494679144879e+00
1.276178319476455769e+00
1.279338198401356985e+00
1.268269079477554184e+00
1.271066110411949834e+00
1.251760410141336655e+00
1.231365680788176320e+00
1.277739482333151821e+00
1.230896715736650160e+00
1.242081509792422933e+00
1.229776730418105313e+00
1.231759458772437643e+00
1.243189985567318745e+00
1.220174513273855288e+00
1.230537530872949370e+00
1.242368588066216528e+00
1.233868854006650473e+00
1.254130775509896933e+00
1.256487379895492529e+00
1.251525554226368575e+00
1.274960996666260726e+00
1.271311779266271813e+00
1.259984372961205468e+00
1.256321727074814598e+00
1.280691842908293188e+00
1.271555342597844751e+00
1.249758636672287482e+00
1.276623653518523360e+00
1.271229920843438110e+00
1.255013817699291545e+00
1.258797978024369657e+00
1.292971401251244101e+00
1.302371794908715241e+00
1.274766301577453076e+00
1.250080170996611617e+00
1.288053958498583951e+00
1.261760609653101328e+00
1.270686175742039570e+00
1.280293157303536988e+00
1.231624922895517171e+00
1.296364202926388653e+00
1.241901318402789389e+00
1.262442201915641160e+00
1.286683051008173484e+00
1.286108473446981870e+00
1.263291642837572670e+00
1.335733030180073611e+00
1.313094576505033695e+00
1.302249803685221252e+00
1.323893229254738291e+00
1.329473508378902880e+00
1.336017017682025854e+00
1.333399523716379154e+00
1.301187478610423165e+00
1.303678980330665871e+00
1.306517033853725307e+00
1.301978353819638556e+00
1.317402826683959027e+00
1.284510334752871907e+00
1.251283256557992773e+00
1.291468570288492712e+00
1.292309924107516883e+00
1.277244789876591735e+00
1.291885870140734305e+00
1.273922939648588049e+00
1.248853948741305064e+00
1.306828507096841285e+00
1.329773751369854207e+00
1.271527182765715747e+00
1.293375057536073625e+00
1.301815276671577148e+00
1.297871874262815028e+00
1.323492610862200936e+00
1.304306630960573976e+00
1.329816459301364606e+00
1.360011016285211927e+00
1.314115416484200161e+00
1.344926163181478396e+00
1.328824630115427619e+00
1.311537727844668932e+00
1.314139328993423117e+00
1.294469375075680828e+00
1.349501171042399639e+00
1.307493988474914604e+00
1.337960146384731042e+00
1.287953300876621521e+00
1.321617375848863185e+00
1.318877543919506845e+00
1.309071133712903956e+00
1.356007462578826095e+00
1.329815080352523271e+00
1.327192922440686873e+00
1.291918516853204579e+00
1.273615581704841793e+00
1.284462884440446206e+00
1.282541099843906185e+00
1.294713491730166810e+00
1.283627826343436640e+00
1.254529697031943503e+00
1.318227146364908231e+00
1.280365158573542050e+00
1.299987563072166452e+00
1.290312953415227781e+00
1.357904205271745379e+00
1.346676831276046649e+00
1.379717181129281212e+00
1.315953164730320424e+00
1.298519965027419731e+00
1.277386901360076044e+00
1.322910496730940855e+00
1.349484035680370120e+00
1.356348189682921479e+00
1.309644611468710140e+00
1.274821925532647837e+00
1.311030213592854876e+00
1.300767599675642039e+00
1.315225308232232715e+00
1.307648920658174507e+00
1.316965313360730416e+00
1.289899338315834587e+00
1.298849114078063138e+00
1.305850420230521669e+00
1.282024776745809502e+00
1.286164529584691518e+00
1.288300302683407006e+00
1.273188393752770819e+00
1.264696587547226470e+00
1.266682978734197773e+00
1.346378391732276691e+00
1.303976030217439686e+00
1.339891304895556301e+00
1.298548333700312085e+00
1.268670869282581437e+00
1.259369860400544550e+00
1.267152906541800128e+00
1.338466543860409308e+00
1.380140731674730947e+00
1.297511778396114090e+00
1.322078305627829797e+00
1.273387745872734289e+00
1.286726672066123456e+00
1.285623477343390109e+00
1.302983542059597877e+00
1.316948351423417707e+00
1.361586651740043674e+00
1.389885752700963817e+00
1.348640041929331401e+00
1.335484537682598782e+00
1.371691025822234788e+00
1.346602685679639366e+00
1.314222885045425171e+00
1.361382322307688186e+00
1.348925874068619413e+00
1.348907150972028290e+00
1.317001640227463577e+00
1.319498105835672508e+00
1.320619970109734753e+00
1.351911284068454844e+00
1.365546584001879227e+00
1.404342864405761615e+00
1.451702594021558879e+00
1.463165269545007252e+00
1.353441804605930887e+00
1.403112990727221510e+00
1.397905237783149568e+00
1.400592644834521394e+00
1.423955699862827329e+00
1.443236522037068204e+00
1.430317627339670716e+00
1.334020252636983539e+00
1.366524820027966935e+00
1.429933682090688940e+00
1.382331659592096251e+00
1.408085785847838389e+00
1.471510568866429391e+00
1.470018496165940380e+00
1.371063914337363077e+00
1.457941106402434794e+00
1.389478719643285842e+00
1.462090319622326495e+00
1.456994245504579455e+00
1.409665645578710214e+00
1.444969987889442642e+00
1.577098642480612378e+00
1.657507651965576256e+00
1.556067409783738142e+00
1.570125281588914179e+00
1.581956351213097856e+00
1.464208755405388196e+00
1.408771457102113045e+00
1.391330517925256860e+00
1.431664500046503363e+00
1.456830111486191015e+00
1.354522386580489846e+00
1.434294910221691088e+00
1.451232398006884194e+00
1.549800269370623207e+00
1.462876793420065047e+00
1.545200680466360721e+00
1.490101271660664084e+00
1.490404529950600798e+00
1.539432845582339171e+00
1.508729272025726820e+00
1.516031692585696700e+00
1.688266069909971190e+00
1.848761603850614721e+00
1.670343382015675004e+00
1.713098353905286642e+00
1.594325057734312878e+00
1.566355181852354450e+00
1.651361621751959330e+00
1.806137636271651914e+00
1.720616281439622641e+00
1.504584135692159874e+00
1.666544004930528899e+00
1.570272626137363625e+00
1.601487021074718520e+00
1.785185861596169321e+00
1.538635095285813437e+00
1.551025663553392109e+00
1.518941104536282838e+00
1.529470425403646860e+00
1.551570288032585676e+00
1.540971661960007344e+00
1.628266969108661089e+00
1.565022222268625640e+00
1.602355614405658324e+00
1.644769439926710541e+00
1.641408916255671313e+00
1.754259658723379633e+00
1.904686379003988739e+00
1.758075447116007606e+00
1.745335805926540029e+00
1.753045605685710440e+00
1.680182811891404837e+00
1.775870775778091382e+00
1.676025187851188258e+00
1.821874740469150211e+00
1.768253315572086981e+00
1.857085359599075058e+00
1.858477906820680925e+00
1.874627020110516185e+00
1.908313252831123963e+00
1.892034601080165634e+00
1.856551643756037429e+00
1.851604287460418607e+00
1.833927815586287258e+00
1.850381069984790905e+00
1.748014473200208085e+00
1.745068002348912906e+00
1.710618552018027261e+00
1.842054845770675353e+00
1.697085404311059031e+00
1.806637853584734055e+00
1.727697672793637507e+00
1.642662142099991618e+00
1.665716434203985408e+00
1.562688689927457686e+00
1.645849185145392690e+00
1.741375449542897469e+00
1.847790470177424149e+00
1.943536196897796886e+00
1.943647563257322242e+00
1.742151277045441482e+00
1.744872273105552374e+00
1.531715386215678265e+00
1.585175781699520892e+00
1.680186993263193873e+00
1.744457729246411626e+00
1.688446668248480886e+00
1.641733754411632162e+00
1.654280013891263001e+00
1.572421657147297758e+00
1.638154425665334202e+00
1.516398045333811950e+00
1.570355527239675864e+00
1.563528781276605439e+00
1.519826547575269027e+00
1.607594457268247901e+00
1.715469348554074180e+00
1.684037819568509287e+00
1.753948494191159169e+00
1.527484299689136016e+00
1.600953552512910383e+00
1.567598389447617535e+00
1.510865475435479777e+00
1.489022541932149890e+00
1.528064250501452781e+00
1.588649807998091079e+00
1.506897826508707183e+00
1.730178213727609826e+00
1.608530297009761911e+00
1.577052233350122457e+00
1.597784661853037136e+00
1.748557955650790419e+00
1.767812842423342135e+00
1.577804929948326773e+00
1.577287345381062744e+00
1.603786184761744948e+00
1.505617889850877411e+00
1.671483319859041528e+00
1.605925658746751417e+00
1.546871144730477932e+00
1.573492842978708506e+00
1.700429410432212629e+00
1.534611203853378347e+00
1.432564028406831502e+00
1.375543089030768273e+00
1.385174129136721444e+00
1.377113569417541594e+00
1.401341151841663635e+00
1.410413386281064163e+00
1.490813143396052975e+00
1.384049441681908243e+00
1.461573381647573777e+00
1.409963582124264647e+00
1.446656545013274897e+00
1.415592957046136968e+00
1.536637355992733767e+00
1.555335305737271412e+00
1.520826133320343443e+00
1.446741142640920907e+00
1.349808637459498639e+00
1.410964385488518325e+00
1.418544625779637469e+00
1.414209765998040158e+00
1.442680889431416924e+00
1.449005533646534172e+00
1.368364431281674731e+00
1.427649620290706300e+00
1.448649172122445039e+00
1.444448383865846841e+00
1.440790606150024855e+00
1.370303466502502010e+00
1.387670791535918546e+00
1.403992161220335211e+00
1.428241892481086905e+00
1.453840923825854947e+00
1.458180554013702723e+00
1.444472639443484363e+00
1.440848797465376974e+00
1.526742127569111984e+00
1.450271761598600717e+00
1.530856373735325349e+00
1.522177466367158560e+00
1.512041512069637994e+00
1.514337649036258338e+00
1.578996624352584810e+00
1.694258466453611112e+00
1.597417401804693160e+00
1.610377195534160144e+00
1.698802097756391127e+00
1.761672864223864154e+00
1.794094852449655830e+00
1.649094330731764257e+00
1.559266493440208290e+00
1.666550519639257377e+00
1.471093794102434238e+00
1.511959106209596504e+00
1.600748734970957488e+00
1.718699017674030216e+00
1.691052576112450190e+00
1.519624192955994380e+00
1.297107664476124578e+00
1.256735021040013445e+00
1.253420348022756592e+00
1.290521671974093953e+00
1.304135969893318814e+00
1.285912250871654727e+00
1.308568212970874889e+00
1.294368755993472453e+00
1.312949736854712723e+00
1.395702907737137233e+00
1.482590977813572408e+00
1.513212416407012650e+00
1.745992600664344918e+00
1.571621462985785200e+00
1.406562610401276947e+00
1.452083959565907190e+00
1.433089551149183238e+00
1.409214249343697878e+00
1.445441647471063851e+00
1.588667025618627049e+00
1.590342070691485032e+00
1.506499696086384565e+00
1.526141897725695973e+00
1.442514278807556449e+00
1.366116421533291048e+00
1.432467016939390492e+00
1.446411048653994502e+00
1.405317287147186622e+00
1.379300877752087207e+00
1.373185211623791258e+00
1.389655180250748856e+00
1.386620922796227839e+00
1.349902521165149416e+00
1.348906298614715338e+00
1.333860631094766935e+00
1.363185330943819773e+00
1.395392006203206359e+00
1.390008663147679346e+00
1.342588374828119324e+00
1.372412431729217452e+00
1.342111661653587529e+00
1.376164282456082688e+00
1.358240661804239302e+00
1.347987793659837230e+00
1.302782365177738155e+00
1.356421090335077961e+00
1.323459750382560918e+00
1.356069581614350206e+00
1.302378200674285003e+00
1.323725610754906246e+00
1.320592696883474026e+00
1.274397952028531789e+00
1.285720906834828314e+00
1.286712167435746679e+00
1.322169084127899019e+00
1.296610505449582229e+00
1.301837110024261390e+00
1.293955785023169325e+00
1.314946081646446441e+00
1.335216031034474948e+00
1.347746588721153049e+00
1.308433570585094019e+00
1.335306389640081859e+00
1.362982321555827880e+00
1.314204706638689490e+00
1.306483057475696929e+00
1.310797703114019885e+00
1.324748458298111498e+00
1.309402713639749027e+00
1.310865370046470080e+00
1.341394135985441327e+00
1.341435433668698218e+00
1.352197442903567470e+00
1.316731896933935886e+00
1.280473127625532337e+00
1.272829440725744554e+00
1.276823218684729477e+00
1.304636892588894703e+00
1.278838845714580508e+00
1.301358311285827796e+00
1.317559276043033245e+00
1.304699256956925346e+00
1.322242185637390932e+00
1.296231278502838480e+00
1.320736357723698795e+00
1.347066016475344297e+00
1.361877217006467466e+00
1.360455206903769421e+00
1.330626993718579065e+00
1.314903422227442720e+00
1.352559249617883985e+00
1.346388179555775721e+00
1.337030598327786368e+00
1.389884020329593239e+00
1.318579343494552303e+00
1.340139388670139375e+00
1.302803651272781860e+00
1.332564752676376196e+00
1.316759854694758758e+00
1.374807175489547229e+00
1.337680502017615458e+00
1.290512333165500847e+00
1.270611856295506881e+00
1.273126943430026969e+00
1.269570780373189489e+00
1.309463550272686350e+00
1.305137257873209222e+00
1.285337461228650557e+00
1.309008684786011845e+00
1.302911837439836074e+00
1.265410311833467638e+00
1.280770894408487903e+00
1.250221624338218263e+00
1.256110733177113303e+00
1.293489240427133424e+00
1.291707675245719056e+00
1.292994168025504376e+00
1.268755984174775531e+00
1.270347003382441553e+00
1.270679363057084066e+00
1.274386669999012067e+00
1.243986379266653897e+00
1.280661989311918658e+00
1.292713267220497952e+00
1.296796618909189514e+00
1.221262607073159145e+00
1.216664609334463520e+00
1.254392801533446899e+00
1.201284853611427117e+00
1.209869192740227861e+00
1.206054262982437564e+00
1.217415829368518443e+00
1.216594474690944283e+00
1.229774654191522876e+00
1.236964813278282449e+00
1.235891795361470535e+00
1.271161130072644196e+00
1.297857351864965869e+00
1.298381113774577544e+00
1.350205843348158741e+00
1.279251447633299898e+00
1.282055677980472819e+00
1.314422322972489843e+00
1.320977948335696706e+00
1.313735340339534430e+00
1.285507609296468789e+00
1.324373135321130990e+00
1.284251024422824017e+00
1.308602126329071469e+00
1.310859892778330149e+00
1.309839905129928539e+00
1.298258743544465466e+00
1.275290841129068653e+00
1.278955463295310624e+00
1.276925480645723754e+00
1.303848884602243574e+00
1.286412541253105113e+00
1.295815482336309277e+00
1.331616826449374180e+00
1.284018185007016477e+00
1.309261225988288535e+00
1.291173322387755951e+00
1.297314273798530149e+00
1.311866726887902068e+00
1.293981033914794576e+00
1.321871071939116460e+00
1.293920940663335184e+00
1.340367684841490492e+00
1.314233687504811288e+00
1.338257680571085739e+00
1.327132965012879362e+00
1.303465338375324745e+00
1.285836934490245609e+00
1.335469971182297932e+00
1.362408863209199739e+00
1.287345957757483284e+00
1.316473773806544401e+00
1.313439395290202372e+00
1.282203239982641074e+00
1.278554128171966120e+00
1.293406893312471384e+00
1.292438119693943177e+00
1.324803473120126363e+00
1.251115772896603806e+00
1.294188472254309996e+00
1.294706719642399806e+00
1.271008941953188254e+00
1.324685113595758246e+00
1.323593119720041233e+00
1.331216446961897892e+00
1.335517713189570133e+00
1.305171548519709290e+00
1.296584961284407589e+00
1.279189517055981495e+00
1.275601173100984864e+00
1.317063385169752632e+00
1.307433342393257814e+00
1.302317182265117168e+00
1.320981753717942686e+00
1.369150230689949455e+00
1.325677367921469729e+00
1.282288866180645304e+00
1.276088537427376934e+00
1.280869186028741114e+00
1.267220570446812911e+00
1.262830335416785577e+00
1.244097241182060776e+00
1.265745376421813617e+00
1.264246375773661724e+00
1.258293700291967632e+00
1.277980854637699393e+00
1.235388755779971204e+00
1.238165627936276270e+00
1.270148889193199349e+00
1.217040190291656554e+00
1.228761198915186093e+00
1.223079938937248645e+00
1.236766476345925181e+00
1.238007539160915993e+00
1.270219561088447469e+00
1.237771727750099693e+00
1.258973700372137516e+00
1.277787240543820646e+00
1.269221864489372020e+00
1.279741914521467017e+00
1.303428715381643732e+00
1.298384829863668433e+00
1.312878659498982303e+00
1.279628335650484283e+00
1.253098986864549458e+00
1.285027269762806679e+00
1.337188116910483560e+00
1.258885731304846933e+00
1.287181466715494160e+00
1.316612192309071228e+00
1.305883306141851774e+00
1.301849720876035565e+00
1.316844225419489423e+00
1.289584007083136363e+00
1.297398349856805355e+00
1.320686303710119969e+00
1.323079945285289272e+00
1.326988855120742938e+00
1.330816194043384693e+00
1.343445025256799097e+00
1.299538408072328455e+00
1.320234850076768218e+00
1.358476440124193108e+00
1.366159981274661650e+00
1.328069519450174818e+00
1.347465234594106942e+00
1.301124567562275791e+00
1.283562965354519303e+00
1.295602218924200022e+00
1.268707444935414097e+00
1.293172187492143355e+00
1.270874817277992452e+00
1.263714806015767467e+00
1.345973534029161867e+00
1.335369981413420781e+00
1.347581160957437740e+00
1.335340306897232487e+00
1.326222121798505293e+00
1.330345935687914372e+00
1.336920876300629946e+00
1.282693889076185201e+00
1.279962922395542657e+00
1.332329506444489109e+00
1.349076138948410053e+00
1.344668679826100943e+00
1.304932910357316400e+00
1.344216808327663104e+00
1.348585680706738898e+00
1.327433786813207117e+00
1.342263401985611226e+00
1.357620302061504747e+00
1.353272909744815289e+00
1.365655652112325535e+00
1.352051486875382569e+00
1.334156065879947395e+00
1.343247133914924119e+00
1.326730090160741282e+00
1.343901159575886295e+00
1.360989798122382854e+00
1.359136658178855539e+00
1.358294823116759309e+00
1.362781863248404335e+00
1.314282770919082077e+00
1.341341234434111351e+00
1.347904959444936601e+00
1.344740156857867408e+00
1.329158550639166769e+00
1.296965807759036249e+00
1.286658142177929287e+00
1.398774625219474155e+00
1.309906093385542203e+00
1.335410436770454679e+00
1.380409363346842389e+00
1.328584325085588880e+00
1.383206994661146938e+00
1.326108948840701629e+00
1.286594359414799271e+00
1.254775593229295216e+00
1.271404629582961743e+00
1.286203513181344071e+00
1.268601986342314580e+00
1.330335283914931832e+00
1.414296406090939096e+00
1.581584143942066589e+00
1.428825881365269002e+00
1.485604305781694112e+00
1.429899781772861589e+00
1.451842837386846607e+00
1.546291029161419361e+00
1.567346647996161080e+00
1.509493309403679318e+00
1.439531271269272938e+00
1.453367895915255836e+00
1.486613500215299366e+00
1.489898029542687130e+00
1.517011002076737558e+00
1.405111586579820715e+00
1.399281250082356598e+00
1.363191977884474326e+00
1.434615634278408658e+00
1.356086125076667370e+00
1.376049067378692925e+00
1.389228558955456050e+00
1.391041391945918360e+00
1.375846863410588261e+00
1.368939586013520504e+00
1.398327508450764922e+00
1.373219008335426539e+00
1.335310172538989759e+00
1.397647642633889076e+00
1.571222826674177675e+00
1.461651196545830755e+00
1.373640985053750319e+00
1.399384976007481463e+00
1.379475247787445458e+00
1.352988318377159160e+00
1.371392197182614625e+00
1.360338221311648832e+00
1.370376680672814818e+00
1.334426872649269846e+00
1.320465119246624353e+00
1.349532633982962970e+00
1.338390131324660004e+00
1.332718715739835691e+00
1.339205678950589951e+00
1.356543682006893237e+00
1.359132846455420873e+00
1.328241086216767952e+00
1.391105490149507018e+00
1.451674573380371980e+00
1.524840769957479525e+00
1.368983083239582621e+00
1.386832277035789485e+00
1.342165678059525691e+00
1.376849448934817532e+00
1.395055688905861624e+00
1.469555570051612969e+00
1.468000063114607290e+00
1.593686437777987797e+00
1.551426714677730079e+00
1.422672570485457921e+00
1.538940092087115019e+00
1.560888127246088608e+00
1.527772687437447985e+00
1.631750719389246207e+00
1.565264958377039939e+00
1.527606235790511136e+00
1.505972846496319795e+00
1.535530438598072811e+00
1.511366915827740520e+00
1.411368830813536812e+00
1.407318804524818168e+00
1.492682825752302600e+00
1.565694733447694054e+00
1.522791747876587998e+00
1.498770921424602554e+00
1.492430588948990167e+00
1.493407280550264282e+00
1.395796679549852426e+00
1.349189479468097863e+00
1.449312794601541388e+00
1.470602761708867501e+00
1.538844677494915603e+00
1.592459204247543392e+00
1.583481995147460353e+00
1.492700255838523837e+00
1.601379867507467303e+00
1.555949727460539389e+00
1.519885073046863377e+00
1.568506789757010189e+00
1.526097879451937978e+00
1.516196889536592485e+00
1.522008938973915315e+00
1.538211085590051264e+00
1.495608260820996183e+00
1.538931482468106404e+00
1.393594806728479130e+00
1.416430535860471851e+00
1.480403406680951717e+00
1.465834601893780897e+00
1.450798151959836080e+00
1.472383054383501921e+00
1.484952411794299598e+00
1.496998087883708140e+00
1.457630311889171359e+00
1.312931046296329507e+00
1.273968828349305138e+00
1.265280541962278793e+00
1.266908971145528584e+00
1.282479338627179111e+00
1.279895016357442517e+00
1.282666144973386491e+00
1.258854379540006230e+00
1.272404445178323851e+00
1.262159910654507167e+00
1.262872929279426293e+00
1.269310857751255295e+00
1.267813234383474263e+00
1.261147082680620812e+00
1.299095619107846433e+00
1.266711448868673040e+00
1.285546728701443042e+00
1.278784343772516818e+00
1.299399660903709952e+00
1.293627596210648933e+00
1.281709032099801915e+00
1.264126472393158451e+00
1.294142119610963482e+00
1.304989744118259631e+00
1.282110424847960450e+00
1.297758091107081846e+00
1.292989943057825331e+00
1.273057536070523410e+00
1.346701973853215106e+00
1.331477296420699785e+00
1.397172834987720602e+00
1.347657391994823373e+00
1.400130802830582333e+00
1.490072423558761905e+00
1.483868685789666353e+00
1.528536192948374506e+00
1.556919970506544182e+00
1.617732428422563151e+00
1.583955757820827870e+00
1.502891036857163520e+00
1.491603781399787110e+00
1.565575341406089338e+00
1.551601642215589605e+00
1.539302880043260879e+00
1.516564612465523210e+00
1.466406800742574346e+00
1.403962720615248072e+00
1.427729963700522298e+00
1.385129827099626620e+00
1.429833404321706913e+00
1.406624781972652283e+00
1.406473702653789015e+00
1.382224354798194499e+00
1.401170657578000966e+00
1.372319620277952623e+00
1.393788202751438998e+00
1.413989890439317776e+00
1.435882269461432825e+00
1.432539410614481978e+00
1.393028785504656142e+00
1.391286475270540279e+00
1.387604437314891470e+00
1.342736644851351802e+00
1.388927646276314043e+00
1.364723996527026140e+00
1.373593363682639623e+00
1.359789689439598659e+00
1.420672259047732089e+00
1.536298643057789848e+00
1.546577993968752507e+00
1.525916693188935191e+00
1.426343834013094058e+00
1.492804281807228906e+00
1.414908044114764341e+00
1.426496389390245367e+00
1.410844770651501046e+00
1.407014304567666407e+00
1.435032912972887376e+00
1.397493038431494750e+00
1.412486080078266149e+00
1.422268962880907539e+00
1.372055360185734374e+00
1.380199593964832605e+00
1.395462476312964384e+00
1.412737853304435909e+00
1.445205294608633118e+00
1.434563200984593667e+00
1.420731795932033803e+00
1.433594139135448309e+00
1.431726371264043118e+00
1.437982650859289890e+00
1.501912691976470926e+00
1.523473899478099858e+00
1.663762534666490822e+00
1.598994934269943213e+00
1.719470486239617069e+00
1.514444396879544685e+00
1.463319640035632530e+00
1.472815977456915615e+00
1.496697085837992214e+00
1.432573799051930052e+00
1.570397442478372652e+00
1.620587610369645049e+00
1.324018732998202497e+00
1.360624427983967655e+00
1.419670287996927405e+00
1.421709056077833155e+00
1.508105197547991105e+00
1.491342518114250115e+00
1.507707759113321888e+00
1.461168839826126886e+00
1.473933626713756606e+00
1.581458535534172372e+00
1.474209414598147250e+00
1.548446755446571066e+00
1.476360501459349939e+00
1.602550810353320809e+00
1.439595324819285427e+00
1.410908365519286889e+00
1.467944414832522027e+00
1.565891868689999855e+00
1.654205008002866073e+00
1.684191308136126608e+00
1.711083609926854932e+00
1.731372640632908855e+00
1.553239345762786661e+00
1.686271037144557949e+00
1.697302105081156309e+00
1.627514037066178476e+00
1.663835008121713477e+00
1.739461922379370806e+00
1.742213826359160889e+00
1.792060254917462236e+00
1.627031043822762202e+00
1.526778828186548420e+00
1.462763861075141225e+00
1.636348876487296877e+00
1.650365124478503143e+00
1.509265945069401260e+00
1.527777238151707628e+00
1.615546730121527164e+00
1.579704493393522702e+00
1.605258840864864922e+00
1.676091217773465702e+00
1.617366244715133350e+00
1.498374976884354837e+00
1.402134079976774750e+00
1.549500074451345188e+00
1.548634450166297194e+00
1.585357000857734233e+00
1.613346989126184905e+00
1.740044790044977363e+00
1.496719662052657940e+00
1.696703360650514192e+00
1.583134351409068108e+00
1.732891306218011573e+00
1.604864025287655371e+00
1.634909295282353625e+00
1.648637158320300333e+00
1.662053119937748402e+00
1.752379613529004621e+00
1.740378033267312885e+00
1.732877582284485740e+00
1.734100439198315025e+00
1.584099088884670881e+00
1.585693707668911934e+00
1.689233653257491641e+00
1.541782938268330794e+00
1.529282761042177974e+00
1.621618654881097132e+00
1.773048626159181129e+00
1.627325806805092423e+00
1.800542202576012940e+00
1.634813526424972352e+00
1.929663053736105249e+00
1.837768695983020617e+00
1.827182466042470921e+00
1.813117956205813952e+00
1.841201952134170039e+00
1.690874006124794438e+00
1.667413235929588566e+00
1.946860064339563490e+00
1.773975152633145536e+00
1.826328462772961014e+00
1.849675584665281702e+00
1.709938914163730672e+00
1.758321589982575039e+00
1.647464068824701089e+00
1.871201106885504339e+00
1.841179941044030599e+00
1.881418938979096955e+00
1.821520203247424918e+00
1.744316640484299352e+00
1.700850082829711285e+00
1.762844221299451730e+00
1.779804710322480554e+00
1.734069517754116996e+00
1.749091772047298043e+00
1.784177011443029093e+00
1.699733863184539784e+00
1.679468797526862067e+00
1.830547119755935759e+00
1.812422050624637349e+00
1.706405653278531664e+00
1.688747516923293723e+00
1.675152924008648236e+00
1.688946890925565381e+00
1.635885254764255725e+00
1.638413350224126486e+00
1.683407305416476429e+00
1.633513664153993350e+00
1.620204652203712126e+00
1.778523455913243456e+00
1.722974656999649357e+00
1.705041801627390052e+00
1.714149584101356316e+00
1.771527784798316851e+00
1.624677206269791396e+00
1.586088052772394841e+00
1.506322049727837120e+00
1.395514643964314461e+00
1.388084795597965826e+00
1.424515913835663117e+00
1.452452604907047862e+00
1.437420767730989812e+00
1.503735364740647062e+00
1.445854980413688207e+00
1.430965431230796003e+00
1.441786704248673834e+00
1.433462932137351542e+00
1.456266033834283880e+00
1.460910754315608351e+00
1.433091770409341104e+00
1.441062302298565134e+00
1.487116845515784380e+00
1.440716618681353367e+00
1.493615233063745551e+00
1.489203819453500222e+00
1.489071966151916060e+00
1.454287461567281392e+00
1.445902086073817649e+00
1.470713593243236028e+00
1.445702066802234231e+00
1.447708792273828315e+00
1.495792138936856031e+00
1.462749785725490748e+00
1.461480451499339139e+00
1.456555144577769134e+00
1.460604411547265169e+00
1.439110619690084469e+00
1.444524647900422787e+00
1.444215128179042518e+00
1.487575840457905141e+00
1.428901484443474645e+00
1.469829549791728418e+00
1.433660412689385710e+00
1.477182058868606873e+00
1.447416628824653939e+00
1.446707480715139882e+00
1.431067031659632560e+00
1.428024256977936446e+00
1.505644201843979957e+00
1.488569459535398876e+00
1.468685313067928488e+00
1.513640947108279455e+00
1.464688399803593777e+00
1.544383791403515449e+00
1.525909916840405334e+00
1.470757754300756392e+00
1.480523272522591194e+00
1.454970530043994570e+00
1.518057934532351050e+00
1.430447858249298987e+00
1.489908687367243578e+00
1.505987463756938594e+00
1.488610080704156680e+00
1.522633458121969152e+00
1.483914407342952879e+00
1.486005505267106397e+00
1.490583401724641766e+00
1.486367947566227921e+00
1.502331902417500586e+00
1.507491868623578757e+00
1.506614181096399552e+00
1.491797225876023925e+00
1.496533239439739482e+00
1.519042295654332575e+00
1.544893493533610274e+00
1.460427105244495927e+00
1.494301334771129808e+00
1.429129118396034404e+00
1.483578365687022060e+00
1.504691923399656961e+00
1.430649412102419138e+00
1.456234627655787817e+00
1.471378718941610764e+00
1.495463257572521520e+00
1.455166592600847464e+00
1.521278758793404906e+00
1.451905815102703778e+00
1.523077669127913092e+00
1.491266256814866908e+00
1.472459758533731788e+00
1.463748363830860599e+00
1.476688241959660974e+00
1.478137074235897019e+00
1.470239110918904357e+00
1.463856404862495797e+00
1.482659526795561789e+00
1.463998361057872177e+00
1.388361012240262093e+00
1.506729862005793397e+00
1.521084994356419973e+00
1.581017897738482558e+00
1.447625549954582036e+00
1.428590476046378122e+00
1.424720513360670182e+00
1.412340736723745049e+00
1.431267033443405445e+00
1.446993338646849869e+00
1.387659042796695941e+00
1.391693346198279002e+00
1.404263811597077138e+00
1.383108965779209054e+00
1.397296646987532087e+00
1.389689701875586492e+00
1.402598613877162670e+00
1.382907795261451023e+00
1.370387135973617720e+00
1.386458905818437781e+00
1.397845843618646278e+00
1.383352776624090952e+00
1.370338448173838763e+00
1.393575021058204744e+00
1.441525764381761832e+00
1.439934466158451665e+00
1.446254963744981081e+00
1.442583111068098889e+00
1.399988583944500320e+00
1.430854356422982310e+00
1.396887786812839982e+00
1.370476781395716159e+00
1.447352492577622440e+00
1.470505736792958817e+00
1.371266472199782260e+00
1.421616151834477426e+00
1.379949308452003143e+00
1.374249155867363292e+00
1.402812945178932624e+00
1.415038275951839175e+00
1.426583492773007222e+00
1.442702336750734116e+00
1.398297440802711344e+00
1.394523788636414796e+00
1.420028388012238629e+00
1.407485399392812919e+00
1.425585999111052216e+00
1.434393073753421843e+00
1.427116889301899061e+00
1.407627734691344834e+00
1.396908687436617003e+00
1.405493951547991172e+00
1.391558519305230446e+00
1.374463269322662606e+00
1.417570510812925288e+00
1.393390879251554360e+00
1.396300015077361678e+00
1.420139826277331707e+00
1.421912223217686622e+00
1.384594399097970552e+00
1.408770562267366744e+00
1.412756829562489935e+00
1.437220313346162293e+00
1.420841413195307323e+00
1.397457323950025421e+00
1.396389982230182403e+00
1.397794140723763512e+00
1.463513698386508022e+00
1.394716120475868237e+00
1.411856006039051481e+00
1.431177516340108147e+00
1.460902115287803005e+00
1.427510577334061281e+00
1.454759803546018304e+00
1.438282756928809247e+00
1.419337311430474813e+00
1.420742100589239776e+00
1.422597132462822378e+00
1.426943472225550735e+00
1.417471683220285161e+00
1.424223988214892378e+00
1.391143390854935991e+00
1.395745363636647696e+00
1.441517094861269888e+00
1.425251828734728665e+00
1.449970791692254402e+00
1.459917399670860094e+00
1.453093081420844257e+00
1.408558290835855376e+00
1.439163045953548936e+00
1.429382960926435242e+00
1.423034607536988405e+00
1.469818563189234206e+00
1.446865220700895405e+00
1.407867555376155932e+00
1.433293312811010356e+00
1.457352992015927384e+00
1.449615626955964798e+00
1.438604068912807010e+00
1.434691546055937961e+00
1.443275692428609203e+00
1.621822531201675188e+00
1.451852981998793313e+00
1.440832662430690636e+00
1.390873110352011777e+00
1.405117182574207035e+00
1.407127508763069024e+00
1.412528811361166481e+00
1.387274675472971230e+00
1.402153496129449062e+00
1.403589072878629551e+00
1.406162772193324306e+00
1.410900847068679687e+00
1.424591889026208591e+00
1.401878168804274960e+00
1.454672520029550276e+00
1.438747912222586134e+00
1.453621192239983984e+00
1.440063530832601746e+00
1.453828375823673635e+00
1.436614512286194856e+00
1.417854241701638429e+00
1.431192311366717984e+00
1.414038985955338168e+00
1.437272905356118180e+00
1.416498895134528313e+00
1.445660224277525385e+00
1.435229163974178990e+00
1.434945436529588836e+00
1.401943298597984722e+00
1.400799426756620170e+00
1.450056897562978619e+00
1.445097371675137188e+00
1.441700393550779058e+00
1.395950370531287676e+00
1.399989989877568952e+00
1.432504097041464419e+00
1.432173088410237272e+00
1.442314555315461710e+00
1.423473468360420657e+00
1.426416619478076742e+00
1.406637024062527441e+00
1.428182644176238858e+00
1.424160157676049865e+00
1.445353342894270199e+00
1.415602665916165348e+00
1.415960223895991410e+00
1.418957517163978554e+00
1.407228490316947189e+00
1.423850406301476967e+00
1.394224105965635285e+00
1.387123628235706230e+00
1.464063964412647856e+00
1.426466751778935560e+00
1.396458365270383473e+00
1.424263692121267688e+00
1.394168591559516335e+00
1.391295994473879416e+00
1.406943409024384639e+00
1.423105357463060550e+00
1.427644837809306511e+00
1.402909597611926795e+00
1.382619275456758778e+00
1.388430442446805246e+00
1.473350497744062348e+00
1.509693190027289633e+00
1.480987061693290308e+00
1.611522156628934388e+00
1.460219648481699162e+00
1.482303222382018948e+00
1.455468766183328100e+00
1.433670184993585117e+00
1.436060368680090127e+00
1.436474701095064921e+00
1.425177386498313492e+00
1.416371811861900198e+00
1.411982634387463520e+00
1.461443031737601261e+00
1.427799199512916450e+00
1.439299886238204262e+00
1.447496539273805727e+00
1.444534966312471580e+00
1.415269300288923837e+00
1.428630574207247372e+00
1.418695022741397027e+00
1.421667037922678789e+00
1.434141874943245520e+00
1.395864852121212030e+00
1.438721715726219319e+00
1.453938753686113694e+00
1.433280382992591750e+00
1.441066543713386494e+00
1.409871922486551910e+00
1.413868913663764992e+00
1.442551288475940607e+00
1.433649779604398322e+00
1.455715894726701487e+00
1.434015535466715008e+00
1.482568789947429577e+00
1.454175988381155360e+00
1.447623221361163059e+00
1.456260752676411530e+00
1.462480341981226228e+00
1.481221666991442865e+00
1.426354780272903744e+00
1.419932998305331040e+00
1.417510827465246148e+00
1.405355796651600375e+00
1.444478167076637787e+00
1.455783686093967022e+00
1.448093024640883408e+00
1.484095243145304943e+00
1.455157307400319899e+00
1.439744925888088778e+00
1.451929796056151467e+00
1.438964420160055102e+00
1.469322050980896632e+00
1.473627051259401854e+00
1.626485277408748154e+00
1.563277505226713160e+00
1.600576974498346905e+00
1.698392464356346832e+00
1.811576073590987601e+00
1.706197494911246393e+00
1.772216608001256022e+00
1.718782449164432347e+00
1.726627689240357588e+00
1.774317992863547300e+00
1.733123088958708591e+00
1.647787836187232013e+00
1.636764264114264567e+00
1.734025353602411501e+00
1.626899939699192110e+00
1.749971789775728537e+00
1.638685061937025234e+00
1.706461876139638179e+00
1.633327675852976224e+00
1.768959890378139832e+00
1.527066325899975485e+00
1.661767672450206179e+00
1.592264103663070918e+00
1.489948120574226653e+00
1.593585489043677139e+00
1.704069091094628785e+00
1.656985771904067484e+00
1.645279154114271947e+00
1.574482427090114767e+00
1.551794380537035334e+00
1.425107910244304499e+00
1.494403275777364648e+00
1.481424553586423887e+00
1.617834554446424544e+00
1.573851244786183878e+00
1.719128899199008575e+00
1.653137008775726002e+00
1.619957991721074020e+00
1.675008556711687469e+00
1.677088661852013329e+00
1.774629940395456851e+00
1.857498120982672862e+00
1.768630895562069538e+00
1.866976018935263104e+00
1.837699309753214161e+00
1.810678581093416062e+00
1.629240463196863109e+00
1.570034744821958927e+00
1.580356645942324390e+00
1.566683105749834937e+00
1.709317187924446646e+00
1.665917120496963610e+00
1.710809051742074205e+00
1.710983613141253690e+00
1.844811971924232186e+00
1.914977895642612005e+00
1.958768312388945887e+00
1.732342629018154279e+00
1.732467868849242532e+00
1.645301848501733222e+00
1.538175389984618002e+00
1.667842991455482649e+00
1.560605395066657852e+00
1.596398024824292605e+00
1.643764562163861465e+00
1.624333719377678564e+00
1.732742705356818291e+00
1.723501726279951018e+00
1.811538883533087896e+00
1.878106658659303152e+00
1.781971621626800006e+00
1.959316010611404035e+00
1.674062476655392873e+00
1.745359184800410635e+00
1.736212649677389752e+00
1.553892954114274305e+00
1.535708796983667579e+00
1.441496861682478148e+00
1.501438046837299201e+00
1.600188691415425968e+00
1.800200483139324792e+00
1.735033911858944400e+00
1.655330013585869287e+00
1.652351541830719750e+00
1.671942356771852101e+00
1.765799341077978646e+00
1.655331001990902440e+00
1.734063607213690572e+00
1.708871252549000186e+00
1.706225314404807625e+00
1.677773564022080555e+00
1.705513259641018298e+00
1.729585973430946000e+00
1.620270792602971133e+00
1.711613226856225189e+00
1.715109996874027321e+00
1.623279350881924099e+00
1.713182796920262874e+00
1.741866585549944002e+00
1.815465238454707864e+00
1.799868445307025500e+00
1.845053232351576478e+00
1.850346659750022216e+00
1.793571199513118275e+00
1.811391037047831887e+00
1.652483509945807949e+00
1.733924396830002435e+00
1.629692605847588904e+00
1.725903462761011697e+00
1.761368837187783587e+00
1.788603984678672543e+00
1.736977815016673699e+00
1.768018541598068483e+00
1.841607508118032310e+00
1.872753471230000244e+00
1.613992997619590586e+00
1.548916530913054146e+00
1.758367813461728879e+00
1.749741283795318569e+00
1.821256619595776449e+00
1.686726396445026310e+00
1.609920458928810749e+00
1.649699345335404965e+00
1.647008231326965833e+00
1.609602208685658509e+00
1.626329618602214477e+00
1.713563824247517076e+00
1.592658987858252440e+00
1.725276250397405953e+00
1.746332169489861030e+00
1.720000279237994922e+00
1.726338129237769081e+00
1.684821562801066985e+00
1.655748796196903960e+00
1.711521417746610041e+00
1.664128914912845092e+00
1.704989266927009917e+00
1.698341278885191707e+00
1.640727702648182351e+00
1.714444057529837862e+00
1.730156598672047297e+00
1.672787785867908550e+00
1.581089008242015925e+00
1.502406064956045340e+00
1.608524662581407139e+00
1.556089855499502628e+00
1.631638716495166896e+00
1.629081713076674820e+00
1.519377595903404599e+00
1.774843351706403949e+00
1.700456799940639252e+00
1.716068358828489071e+00
1.700082373360410903e+00
1.787440217177135304e+00
1.834900797694418939e+00
1.781763039100649593e+00
1.807674983690815917e+00
1.772389531709253285e+00
1.796281608876857172e+00
1.788030609228639767e+00
1.837759305588716696e+00
1.521342786132203972e+00
1.438365306069643301e+00
1.436001799225004927e+00
1.422065672382093027e+00
1.460240085323863513e+00
1.457193941219617761e+00
1.452036087488438154e+00
1.452964082163533677e+00
1.408855432165507349e+00
1.413032155601864792e+00
1.359665200549486030e+00
1.316304756080247662e+00
1.320388684171857285e+00
1.322181457085700229e+00
1.413668336128936387e+00
1.384458578399386575e+00
1.382348509572853823e+00
1.417449352491823467e+00
1.375074322312235253e+00
1.388508679362945308e+00
1.419337125910741904e+00
1.400660335748644902e+00
1.365538962574205595e+00
1.369360392416147931e+00
1.373844569245308289e+00
1.323874222518014454e+00
1.394895344592027797e+00
1.379478505895005869e+00
1.366803815144345791e+00
1.358707823343550558e+00
1.369587637788673984e+00
1.341452593682941119e+00
1.382549346525851375e+00
1.352881522476964360e+00
1.371168330844316774e+00
1.404034753395000390e+00
1.403329955806342566e+00
1.416945499336734970e+00
1.415626636061398935e+00
1.420919029607659922e+00
1.408688864301877564e+00
1.405474694023240767e+00
1.356104723520586752e+00
1.406021407831220538e+00
1.374296982531881373e+00
1.384703232844858078e+00
1.359674447212573689e+00
1.352350084107297068e+00
1.383198179587587173e+00
1.376444311617646798e+00
1.389834594796828249e+00
1.372379233058735659e+00
1.350694039844205996e+00
1.379890247799213876e+00
1.392559227527814691e+00
1.390130853879075312e+00
1.404980945076105714e+00
1.391973700509821166e+00
1.362872159672943173e+00
1.368425323052936848e+00
1.350771751906764351e+00
1.360173526488504425e+00
1.351930492740631262e+00
1.387517972400063915e+00
1.372506925353033536e+00
1.349290725428330617e+00
1.364963651885752638e+00
1.374308927050158724e+00
1.395775545260668604e+00
1.369251301970023649e+00
1.323704618905070962e+00
1.384670289979114344e+00
1.355667959907904452e+00
1.363579289966537766e+00
1.322141613865874143e+00
1.339146587419884904e+00
1.334220997991329094e+00
1.317530528856892147e+00
1.360230863322141825e+00
1.355846309672054106e+00
1.361491444750048130e+00
1.280487574674234796e+00
1.299383925471163437e+00
1.332575808142185680e+00
1.332324898951581682e+00
1.328701131697751059e+00
1.353574947464105227e+00
1.271472594083062235e+00
1.310548488023980385e+00
1.350984009527706364e+00
1.345862450121342313e+00
1.331708898658553020e+00
1.342286679477793010e+00
1.272328288325662360e+00
1.298232201373592298e+00
1.330086871058814291e+00
1.328208660735791247e+00
1.317671144423346208e+00
1.287610553728061769e+00
1.305398972498889254e+00
1.332894098142816564e+00
1.314393668469334697e+00
1.259329653029736429e+00
1.309581956568137251e+00
1.312500610997437089e+00
1.331112845176581905e+00
1.297789187654625920e+00
1.302655298989219279e+00
1.295437271559312320e+00
1.301828919033318099e+00
1.280552236879060501e+00
1.333435604103731187e+00
1.346981925669565872e+00
1.343858510687072849e+00
1.314073118063540546e+00
1.322503917745940116e+00
1.329545873720432647e+00
1.321909509494521906e+00
1.340263462106093373e+00
1.327393184975053320e+00
1.366806828081509551e+00
1.325536035841907712e+00
1.349060361122251139e+00
1.326621689415977023e+00
1.319449314871584455e+00
1.317525720978422576e+00
1.339283179566014281e+00
1.336347980495384391e+00
1.271925359559573199e+00
1.311312754418519466e+00
1.301923694486633032e+00
1.307192148650413666e+00
1.316984523929195738e+00
1.340279165837375386e+00
1.308970716139671309e+00
1.322143592308600235e+00
1.367634807268513608e+00
1.311357743961137023e+00
1.348839656787556018e+00
1.368661546813024099e+00
1.379304808801448123e+00
1.359153451639302457e+00
1.356510213097823492e+00
1.369415835400750625e+00
1.399878409659091716e+00
1.329574498035250851e+00
1.344886000152044625e+00
1.353423685952206634e+00
1.362647658673856954e+00
1.349436012987679678e+00
1.369096489005397155e+00
1.299910914592477873e+00
1.319414739122286795e+00
1.319710212910325531e+00
1.315353950154890761e+00
1.311786781776227873e+00
1.349628038087416160e+00
1.369297601052524849e+00
1.419506686097153692e+00
1.445158886578496782e+00
1.427306189144992965e+00
1.493836642665485437e+00
1.521307999714315518e+00
1.330674322937217546e+00
1.368640478124631299e+00
1.382818478152242347e+00
1.385262070307223148e+00
1.441225790119897487e+00
1.406532557401692474e+00
1.410071308216055419e+00
1.424178955710826422e+00
1.421230459639660548e+00
1.448115004514106685e+00
1.439791111460811956e+00
1.444623290985883601e+00
1.411308193527969657e+00
1.460779535586848032e+00
1.456593600157876534e+00
1.430294628256218781e+00
1.479494119849570355e+00
1.397652948422002384e+00
1.406898898807267928e+00
1.434571242007328884e+00
1.434394590598465857e+00
1.375069279038133585e+00
1.445478356573753675e+00
1.426575549082040650e+00
1.442863753414139971e+00
1.453378658794338474e+00
1.433995533705319403e+00
1.462889338286028407e+00
1.375376538602276266e+00
1.455538926385896659e+00
1.413076715613690526e+00
1.414758716124574045e+00
1.439956729744653385e+00
1.499925565051551501e+00
1.439368762091070675e+00
1.493290191593259264e+00
1.505284592878355809e+00
1.437096091126397246e+00
1.421912852836819008e+00
1.394111159088915253e+00
1.379243935955321021e+00
1.381965311212079328e+00
1.342357132639945716e+00
1.354397382106387271e+00
1.404489223656766539e+00
1.329037337421239640e+00
1.383632077818973016e+00
1.320052402202656516e+00
1.297536205714913349e+00
1.300360735669256362e+00
1.315878645151786985e+00
1.316652964750864907e+00
1.297283279801179523e+00
1.304989784525643071e+00
1.307185569353537025e+00
1.278876143140212918e+00
1.296856744201769551e+00
1.320071108102102153e+00
1.332184218173436463e+00
1.362888563834748323e+00
1.403064467040293639e+00
1.417700904181304233e+00
1.518591080288199224e+00
1.404183537865988596e+00
1.433970506449626869e+00
1.366744189242379726e+00
1.309796872922370348e+00
1.373887517242039280e+00
1.381543061192612054e+00
1.386798291979470354e+00
1.376006905803977443e+00
1.441555645045987433e+00
1.327441618185382533e+00
1.349924629428646439e+00
1.468202847548170764e+00
1.428432068704996949e+00
1.553570119920912207e+00
1.583863983306620593e+00
1.564950420345882831e+00
1.592014024413584083e+00
1.608571385349728322e+00
1.548867146883749601e+00
1.576131188415290652e+00
1.566949457179636962e+00
1.581033111476285224e+00
1.533650050888674787e+00
1.542685562924946963e+00
1.551545509375855447e+00
1.560051690233302590e+00
1.531561153494622740e+00
1.561447497812415541e+00
1.556578164474959447e+00
1.574047460417194566e+00
1.518883129635453022e+00
1.504493588501328416e+00
1.493452910338512796e+00
1.520863650090966246e+00
1.538979672210272875e+00
1.564028760819710540e+00
1.570665347888280383e+00
1.567035882062056462e+00
1.570466307685031815e+00
1.556615752451992352e+00
1.570714963874781045e+00
1.636726639873598232e+00
1.520925764088211007e+00
1.553271543654129783e+00
1.533952715785589893e+00
1.497002688968454009e+00
1.482523721720439447e+00
1.477443685686817831e+00
1.502851069231774694e+00
1.536703435836584752e+00
1.600778585098897588e+00
1.540097408304711424e+00
1.527713853571013747e+00
1.552349921148886702e+00
1.519865740132719134e+00
1.522375898485926360e+00
1.498309837791986121e+00
1.541367693073033118e+00
1.590360273421148607e+00
1.618804784623355975e+00
1.539288956188340496e+00
1.527804321947441757e+00
1.542112646826849121e+00
1.557109925210652834e+00
1.556163566499424222e+00
1.515524316889880430e+00
1.475490629003501919e+00
1.473651752416614391e+00
1.514073856039073185e+00
1.511194663691359574e+00
1.518193592740261888e+00
1.485094484671303672e+00
1.498996380644346704e+00
1.498194413797113711e+00
1.446705126335488867e+00
1.440122803985219857e+00
1.483107358370719053e+00
1.409559324347985365e+00
1.434889858396463103e+00
1.441452495782860499e+00
1.441881223296508363e+00
1.438361163999311465e+00
1.435128487245301843e+00
1.521229188052004577e+00
1.440651118528409880e+00
1.450188231006568129e+00
1.441696054172378005e+00
1.464542498921874936e+00
1.441244274865304043e+00
1.501628795073753686e+00
1.522394144438411923e+00
1.588299397907671828e+00
1.528419425293486178e+00
1.491885246983982949e+00
1.544451101156588457e+00
1.539970994404631810e+00
1.542330394562872353e+00
1.528356672485389867e+00
1.510233744152404078e+00
1.451394801221519870e+00
1.461575522126925097e+00
1.451106835100436587e+00
1.439639567535992315e+00
1.476031284035144386e+00
1.492187233926178136e+00
1.415243613873718775e+00
1.460692555132105719e+00
1.437512872300882538e+00
1.420946967020558116e+00
1.460379900379806140e+00
1.451390196611108685e+00
1.472067382154723214e+00
1.528115885091615445e+00
1.513233580162275382e+00
1.461421797778505338e+00
1.474205389539713806e+00
1.502975598882707819e+00
1.589312300210638851e+00
1.596425513979896404e+00
1.648902708507874904e+00
1.598479190354580970e+00
1.484556600806424376e+00
1.509768574952981890e+00
1.612299619507209014e+00
1.521448246231156043e+00
1.589390847711180887e+00
1.620544906804326946e+00
1.779235991493792524e+00
1.690426829136209674e+00
1.621395364919956616e+00
1.667260467356497022e+00
1.610121609362839212e+00
1.580277316129711673e+00
1.712652546888739691e+00
1.741982172957320829e+00
1.708622716572172351e+00
1.596054411240919624e+00
1.631722466816976080e+00
1.650956926392039170e+00
1.591124589241133425e+00
1.494100995799356291e+00
1.512339039651071637e+00
1.555541145995566144e+00
1.587176112995835053e+00
1.619726878128278758e+00
1.682977861399073127e+00
1.809740875038767349e+00
1.691892423012667068e+00
1.605495633089488283e+00
1.594825373342464880e+00
1.501148192775852985e+00
1.524945618693501315e+00
1.541738739552212412e+00
1.605903482638257884e+00
1.641597918443834958e+00
1.623113076210917161e+00
1.597305735318925501e+00
1.602733853290176036e+00
1.634756073898223860e+00
1.577360195554806443e+00
1.617856875424281693e+00
1.621207954569550136e+00
1.523666131083118769e+00
1.593857470544818966e+00
1.593123043571579078e+00
1.564173062661120550e+00
1.615760763966904490e+00
1.572794553919824478e+00
1.579033567584386288e+00
1.538969692799725619e+00
1.602131318536602400e+00
1.606485684244900680e+00
1.592925205064990024e+00
1.559106760397695135e+00
1.544370802447516677e+00
1.621371917463664047e+00
1.575788710787878300e+00
1.584972815504152033e+00
1.590951586559331332e+00
1.586874723002630994e+00
1.622638767765981038e+00
1.624279431155017273e+00
1.543301879251248065e+00
1.618655833562545610e+00
1.624877479293048488e+00
1.608412211513384316e+00
1.623227936200482446e+00
1.640135483722320764e+00
1.615423331564636467e+00
1.641034465225460259e+00
1.611586222962419601e+00
1.617428598077179647e+00
1.586852145754964249e+00
1.607042756085439894e+00
1.627902951427860456e+00
1.610486433813496765e+00
1.583183524775139794e+00
1.596997001436251784e+00
1.649733465923418851e+00
1.587371300816754260e+00
1.645018905777254847e+00
1.627697107980050628e+00
1.642139276880062004e+00
1.602053263484431112e+00
1.574633489774700967e+00
1.580642299653083560e+00
1.583516470712357238e+00
1.606297797128930727e+00
1.614033200839198434e+00
1.606978797589432961e+00
1.663159342703386390e+00
1.612938485436724800e+00
1.626215248351471798e+00
1.621264660660332035e+00
1.595272404238054387e+00
1.615948448748203647e+00
1.595091765797281846e+00
1.618003214418473945e+00
1.610242832292248183e+00
1.494290901976821795e+00
1.599165091709593645e+00
1.605597443993286078e+00
1.596391046643482747e+00
1.603105976418101930e+00
1.559558984469616050e+00
1.595916445073409795e+00
1.614925515477951157e+00
1.601738442239764915e+00
1.636957348589006545e+00
1.599596769537131147e+00
1.602509872078078379e+00
1.627921206071899274e+00
1.638522619765123922e+00
1.691691119314342462e+00
1.687142393736134061e+00
1.617789570752483641e+00
1.645442218424149061e+00
1.627855144474465110e+00
1.629021554459310739e+00
1.660145583762453914e+00
1.688677000881135593e+00
1.637881130677488306e+00
1.689940195511526966e+00
1.573544669953472086e+00
1.650390333008249444e+00
1.657325821726146176e+00
1.654668829094076532e+00
1.625221608535731166e+00
1.584959319311664894e+00
1.620807970841969814e+00
1.700935205584046317e+00
1.589897922807808284e+00
1.539610974630519324e+00
1.561364935259166753e+00
1.562218356698171551e+00
1.545643729786039922e+00
1.557066161109919689e+00
1.550246955397723836e+00
1.570939605231069125e+00
1.593808910456541605e+00
1.603379089496050902e+00
1.669230008577260671e+00
1.701286950163069855e+00
1.748068315604262235e+00
1.712614683490724987e+00
1.702108627572268773e+00
1.638268169633122939e+00
1.632596376084850975e+00
1.673256407323396422e+00
1.655293245730746987e+00
1.583566583537983963e+00
1.499787549523608154e+00
1.522764262563642612e+00
1.481323566973681283e+00
1.508844662996400521e+00
1.531543391535822973e+00
1.515625604112470715e+00
1.564418971730655361e+00
1.471911725780432389e+00
1.517652631788287687e+00
1.538939356496805688e+00
1.515676317899511849e+00
1.560631259186114006e+00
1.460771849071905493e+00
1.488292882112423721e+00
1.493858056343467577e+00
1.450410707105611374e+00
1.454805302629504027e+00
1.480390399536088308e+00
1.496897551223729694e+00
1.468576090732624184e+00
1.465621277374017595e+00
1.502429139248797618e+00
1.543613438881894284e+00
1.567860165098942549e+00
1.584629058188666395e+00
1.574414184175781717e+00
1.546700358182331980e+00
1.572023790986450731e+00
1.566227498185063904e+00
1.557898826692338146e+00
1.555908412810544039e+00
1.525978748040228261e+00
1.529055367471481519e+00
1.520571432815411850e+00
1.515567324974068208e+00
1.514975961957972350e+00
1.506538190857929171e+00
1.504953438318155756e+00
1.508235391323665908e+00
1.512213027068477933e+00
1.541888808100133623e+00
1.521034012754907794e+00
1.535109274406372348e+00
1.517861071548057161e+00
1.515165414667563493e+00
1.525040389171634869e+00
1.523441567196829105e+00
1.543918075597905615e+00
1.509279554979912286e+00
1.505980696611229019e+00
1.517358232849279176e+00
1.584639745402754762e+00
1.573188652326806158e+00
1.649361414072249010e+00
1.572577635443366706e+00
1.588889435116259685e+00
1.624320204674826407e+00
1.576717454205090574e+00
1.594112173155791234e+00
1.478137602070616730e+00
1.498753265522869693e+00
1.590396705225657126e+00
1.601905252655772660e+00
1.565655965484889167e+00
1.584784160668865960e+00
1.620133364148877098e+00
1.524733460354966708e+00
1.598027442981550861e+00
1.527346253165440482e+00
1.487917310294171847e+00
1.551670763792125207e+00
1.568703070658125753e+00
1.563651095352434295e+00
1.583507347392494546e+00
1.531441227634759539e+00
1.563872893948491605e+00
1.488400058143769078e+00
1.474860152159265470e+00
1.536367814158825951e+00
1.464489304011365123e+00
1.493529550059516930e+00
1.536781078045730276e+00
1.484259992549173068e+00
1.469239903520812129e+00
1.538975839165297677e+00
1.569556521225895285e+00
1.487815279475444896e+00
1.471626396518860069e+00
1.520071648161936739e+00
1.514462986864637317e+00
1.478207036277243924e+00
1.479204173725336080e+00
1.506412356173606026e+00
1.508020202648669539e+00
1.482080690317916449e+00
1.489195083498456640e+00
1.503915447216055412e+00
1.492551620464867446e+00
1.481042794859164236e+00
1.532215095798797000e+00
1.507677654897068953e+00
1.510240000605808763e+00
1.486419443936960016e+00
1.505695994954775685e+00
1.514658466137590587e+00
1.517201776569176541e+00
1.559125029365732384e+00
1.524290502548860449e+00
1.517534630279547159e+00
1.519229631758928667e+00
1.503813058060106567e+00
1.547790572802591136e+00
1.505711816412911519e+00
1.539239194263510857e+00
1.513846675540908793e+00
1.512213182162942759e+00
1.521825241115316363e+00
1.487193617499734666e+00
1.499051837045712432e+00
1.493279144722157392e+00
1.509371248579492786e+00
1.490770358323342037e+00
1.493707469709103730e+00
1.536881645956651443e+00
1.504633770864193698e+00
1.512387793781019951e+00
1.474023255403842825e+00
1.487390857869521410e+00
1.503678920628991111e+00
1.472236613309870323e+00
1.460659065895322906e+00
1.497256612278027532e+00
1.493915685995287790e+00
1.494778781614026109e+00
1.498199188958449612e+00
1.529481686200330204e+00
1.529644717418087385e+00
1.528744767225303169e+00
1.512165093650695180e+00
1.510958384550886491e+00
1.532198243678251748e+00
1.542137510124140798e+00
1.596925330343437199e+00
1.540266346792011243e+00
1.520274264019352284e+00
1.499691596565240204e+00
1.527522451245583390e+00
1.479388594016149971e+00
1.449077936971200797e+00
1.484852970448500731e+00
1.499659161908281746e+00
1.489618750172641892e+00
1.485551970202378280e+00
1.462553138656978557e+00
1.449776228281870250e+00
1.443141137118695072e+00
1.474461124270328494e+00
1.468605995263392749e+00
1.424904114988354564e+00
1.448762163817206572e+00
1.473347861238036627e+00
1.477758102181979893e+00
1.492056200218454975e+00
1.476108897104932094e+00
1.474904787539422779e+00
1.493829052969356530e+00
1.485077308096352189e+00
1.460098396562217182e+00
1.459208179210608414e+00
1.491291553448325979e+00
1.456602923651862280e+00
1.468018281773018519e+00
1.468106839352318227e+00
1.476592557820272322e+00
1.482810604076582939e+00
1.483183034522149280e+00
1.523900234626768935e+00
1.471407160925338964e+00
1.478603095464253059e+00
1.475669706771638889e+00
1.452412286578612433e+00
1.458965693242599615e+00
1.474964566965116353e+00
1.474608413212778135e+00
1.484350984533207907e+00
1.462771539785846731e+00
1.500792725110114301e+00
1.469215379996029025e+00
1.439300125342884318e+00
1.454934664288208612e+00
1.448957270900283367e+00
1.463900177042706030e+00
1.478545954644434168e+00
1.429673583575779228e+00
1.469765007758923936e+00
1.466855698718771084e+00
1.467343977057373294e+00
1.473222190214961591e+00
1.477914354408901731e+00
1.479161269860814087e+00
1.439128254605838153e+00
1.442229020113750204e+00
1.440266336852973561e+00
1.441372071878777694e+00
1.442865084314271851e+00
1.450679409514347817e+00
1.452403017113724326e+00
1.430435794024887741e+00
1.426099300293926175e+00
1.424245426342411358e+00
1.444819536351273248e+00
1.405424948802283192e+00
1.412961558180330535e+00
1.458069394289102538e+00
1.462393033433644796e+00
1.451899950120894234e+00
1.466962165037958288e+00
1.457150956434875688e+00
1.462646104771494260e+00
1.467893318080137233e+00
1.466056981764291223e+00
1.519001554521739239e+00
1.434108308894558759e+00
1.475670568008250694e+00
1.455765108620213466e+00
1.448596360750838530e+00
1.470157614700562165e+00
1.421888928838904942e+00
1.418193756936575678e+00
1.426778341260513505e+00
1.443824189930370094e+00
1.422483057568197706e+00
1.413248277913563333e+00
1.465391429117260058e+00
1.448101977065700430e+00
1.476994486133283324e+00
1.426309813719463415e+00
1.423861112050157862e+00
1.399056271172596677e+00
1.428613604317296559e+00
1.473003093036880040e+00
1.454112170041476082e+00
1.471350693776853680e+00
1.464926053345334100e+00
1.486295165109364547e+00
1.495104230612155805e+00
1.527302019505496267e+00
1.508693089965348566e+00
1.443117019750310037e+00
1.491437774945722161e+00
1.475488753285813415e+00
1.409172223030687343e+00
1.401703519326895631e+00
1.430210076794045104e+00
1.391751306817724521e+00
1.399568281125891378e+00
1.381194871339200159e+00
1.361370802427419813e+00
1.344200492981111994e+00
1.429849915959271023e+00
1.370309015320435142e+00
1.396025075068021204e+00
1.419370304538046135e+00
1.410571679342722984e+00
1.379771699659424922e+00
1.411631603739773366e+00
1.378132614520590993e+00
1.397498650158883304e+00
1.402295629609691341e+00
1.400443545365606779e+00
1.371934623752639304e+00
1.371775825273696681e+00
1.381299834993103381e+00
1.396923306888606442e+00
1.431587117452302937e+00
1.402964765899055610e+00
1.412585070588295855e+00
1.391264900145928962e+00
1.413122967467163482e+00
1.393242728819388487e+00
1.421964550017620788e+00
1.427396565444759124e+00
1.455418176884784698e+00
1.410098997086970840e+00
1.391846201031346819e+00
1.417773894765619325e+00
1.444779048210837136e+00
1.395791559696567985e+00
1.417588773564561144e+00
1.417679673015532105e+00
1.415182733293345319e+00
1.414018388535385418e+00
1.441635541803824028e+00
1.421417202520364409e+00
1.430153339352934871e+00
1.445673894415575145e+00
1.473952749028363041e+00
1.445720644057737925e+00
1.415432682553561472e+00
1.410096134884486707e+00
1.422596125460744876e+00
1.411795724944780339e+00
1.411470623065121943e+00
1.404710719060666690e+00
1.390837419258011742e+00
1.402895254089661758e+00
1.325062411047086108e+00
1.356913109644131810e+00
1.359445432126275444e+00
1.385470664031924537e+00
1.434580622412068296e+00
1.369811277283282225e+00
1.365992860041628676e+00
1.336200944081042508e+00
1.397359348442938964e+00
1.371515371076192036e+00
1.441715538596559210e+00
1.448024598718546718e+00
1.413473499507707398e+00
1.450138195677034725e+00
1.472335744638916255e+00
1.470072112762761618e+00
1.475680324956929024e+00
1.504863373948256644e+00
1.466694209469546983e+00
1.502609855571776620e+00
1.525050612590799659e+00
1.479414478978312353e+00
1.559833870547285617e+00
1.584519858913363111e+00
1.582120675259405473e+00
1.552153691544503999e+00
1.610287970140931835e+00
1.587136072369457418e+00
1.704018196601717605e+00
1.621570230561736325e+00
1.557474079098783770e+00
1.535685249184619572e+00
1.503626091154223632e+00
1.554337944904695012e+00
1.524704801573281365e+00
1.559357945696370651e+00
1.595541091885098295e+00
1.659762059293193870e+00
1.526388536943502849e+00
1.563163923091385188e+00
1.450959724454598643e+00
1.585499843177584633e+00
1.405538668567819727e+00
1.446096722575428428e+00
1.460183399251810732e+00
1.494502405876959594e+00
1.414591707657981035e+00
1.538626556766025333e+00
1.528481944844823914e+00
1.454643194029686892e+00
1.466287089028841306e+00
1.493248484049081393e+00
1.446365501406793097e+00
1.435817576133251228e+00
1.466373297487484129e+00
1.461482543998304351e+00
1.451569073964549261e+00
1.529404898899017873e+00
1.530570434756818310e+00
1.539985015549557357e+00
1.619840601302167782e+00
1.477141238109040966e+00
1.567932398176416164e+00
1.536456543965472932e+00
1.554776515649212376e+00
1.586866005778442501e+00
1.593804016464724693e+00
1.543637234755407039e+00
1.732654878460141434e+00
1.524729772064138400e+00
1.594876839333986052e+00
1.564925216681922970e+00
1.682739531609627637e+00
1.625084276736903366e+00
1.550434154416006294e+00
1.496554027097544148e+00
1.556535911611604206e+00
1.676408413058359637e+00
1.625279188203472724e+00
1.521651127788716362e+00
1.615167889869671969e+00
1.686279458086609617e+00
1.563339049789862711e+00
1.613216592468837751e+00
1.601945452245616019e+00
1.483238830226917271e+00
1.499756164671098402e+00
1.445011447029331819e+00
1.365791573833520234e+00
1.389777423202669615e+00
1.355352199461369977e+00
1.405359413544142066e+00
1.335880371165492297e+00
1.349663414581485421e+00
1.385858558653109140e+00
1.363322074993491784e+00
1.332189092398623043e+00
1.372972241827880913e+00
1.336028066769614941e+00
1.341072209789633263e+00
1.362107966021806504e+00
1.360201414173630718e+00
1.354530876043545273e+00
1.333879034244987327e+00
1.358817777844261832e+00
1.382050285142663482e+00
1.383769128765007572e+00
1.416759469283211281e+00
1.395777230407355241e+00
1.465995534016029112e+00
1.428488513278678651e+00
1.407215120598805713e+00
1.426899157903083193e+00
1.448554484544511967e+00
1.417717428884084807e+00
1.454213047729049357e+00
1.463481913156279735e+00
1.448680130828433166e+00
1.432956056045911142e+00
1.423163191725490773e+00
1.508364869564561062e+00
1.590750738887482418e+00
1.497244555619793749e+00
1.477453104614316448e+00
1.561739672843666327e+00
1.554156588852095400e+00
1.553917205924059353e+00
1.511764647287607399e+00
1.607286526574151386e+00
1.508837270833739641e+00
1.521915961105239967e+00
1.534752974486550903e+00
1.517516883341698763e+00
1.526201508660017803e+00
1.468272971668042493e+00
1.535335832437182635e+00
1.468566377851480587e+00
1.548421935852839715e+00
1.519568541077601642e+00
1.545859781340798600e+00
1.536451023725210696e+00
1.547757606249607454e+00
1.510979324787160794e+00
1.532633187927620266e+00
1.545957212310089757e+00
1.504247796074640098e+00
1.553551174549107072e+00
1.567125142037107732e+00
1.583108782070291376e+00
1.555059189417329568e+00
1.499615761738422925e+00
1.563758454863920955e+00
1.536708228200081461e+00
1.567810004662728796e+00
1.559380047868129227e+00
1.561453480932621041e+00
1.501381441781439952e+00
1.523336256168432490e+00
1.524032212873833725e+00
1.504591543502456830e+00
1.540320876294579699e+00
1.544395809111668294e+00
1.520867437533449662e+00
1.513623095588227052e+00
1.539139696932812829e+00
1.570336230346434325e+00
1.541075654087155522e+00
1.571459713543842396e+00
1.577809661935479335e+00
1.530901310442041918e+00
1.524167047937980080e+00
1.553003507375062764e+00
1.548587308281750730e+00
1.509420488690919937e+00
1.507313812756977622e+00
1.511357925700477889e+00
1.497963804138534138e+00
1.510482167302313661e+00
1.503500291271411715e+00
1.527682921663430671e+00
1.576617583461393357e+00
1.534030527949164613e+00
1.545675524152640090e+00
1.523642000439932032e+00
1.499677473695452123e+00
1.538312587945876775e+00
1.566206110479327895e+00
1.530654704854679249e+00
1.451895099984855664e+00
1.466427678219127007e+00
1.452355656378035098e+00
1.481796371947567303e+00
1.525472295419510571e+00
1.461057946105139838e+00
1.545127296334884548e+00
1.439193458675265047e+00
1.464671732513827873e+00
1.467138301177138393e+00
1.480206069145882486e+00
1.451534667141727075e+00
1.449666965399606822e+00
1.485975884705489580e+00
1.495190291204143040e+00
1.564057417715839504e+00
1.498681648982592485e+00
1.501922679006979067e+00
1.574886403551470693e+00
1.528853830416291970e+00
1.550425752874107221e+00
1.456437593465598646e+00
1.421447113496504544e+00
1.500659505847381947e+00
1.518959724445458015e+00
1.596770573061943033e+00
1.621778667456337697e+00
1.600372363832063938e+00
1.591863620320876249e+00
1.563760623555904283e+00
1.644709154381299498e+00
1.596940172629856214e+00
1.547360723456570275e+00
1.599752304671166803e+00
1.617709146083072813e+00
1.642951652256267714e+00
1.559266334396912201e+00
1.543885122770892071e+00
1.539449542910970248e+00
1.534284712482308244e+00
1.653010041128492480e+00
1.594993514727007344e+00
1.616995803410172350e+00
1.593285794171370728e+00
1.587539672464252760e+00
1.434255968277434956e+00
1.518378176359340026e+00
1.567902690391324683e+00
1.493204718258298591e+00
1.623722776515372335e+00
1.535498237359637308e+00
1.590276944560991446e+00
1.624178113809518598e+00
1.579724558577205951e+00
1.517851392162749002e+00
1.592435651171102640e+00
1.646787516578529953e+00
1.600203254151794763e+00
1.557385607903675639e+00
1.537319377396954678e+00
1.558210848460902520e+00
1.455980536179310114e+00
1.490628167454371766e+00
1.540400578326620806e+00
1.573733317821987665e+00
1.633916428466825055e+00
1.678449513286543571e+00
1.588063433582362238e+00
1.594205072130832290e+00
1.568414419875380883e+00
1.582951720431763798e+00
1.568072160594493836e+00
1.591608897165088354e+00
1.596988532272810346e+00
1.584083993725639017e+00
1.591512551786584462e+00
1.528301610739107419e+00
1.674778190048858306e+00
1.625474598966495599e+00
1.624733014691469579e+00
1.580788057621499654e+00
1.634223653472545612e+00
1.664916925345434118e+00
1.644449855738562283e+00
1.640340893859190574e+00
1.655063322734944720e+00
1.693895196971003880e+00
1.560289557972446950e+00
1.574120516313986196e+00
1.626326070020796655e+00
1.685026663805033520e+00
1.685225455128759542e+00
1.606574302716267777e+00
1.674874169501391119e+00
1.698151040888254748e+00
1.660893155431288237e+00
1.646316747956620752e+00
1.528574556623213843e+00
1.555240572753110007e+00
1.545919422010864741e+00
1.564697550386580760e+00
1.427625728249792614e+00
1.456969987065809047e+00
1.491806333231984194e+00
1.533880644106304647e+00
1.472258706653722049e+00
1.491563605175978413e+00
1.508762786711550952e+00
1.446244921899817015e+00
1.521961108605436985e+00
1.577024405275667673e+00
1.571281870130951663e+00
1.476847940698878592e+00
1.536344458939945090e+00
1.505082802194523950e+00
1.561568441200209989e+00
1.539164789472559969e+00
1.534300198930760528e+00
1.506198004356358533e+00
1.510412418741777563e+00
1.526807606149561458e+00
1.588906841733801700e+00
1.507501086234805499e+00
1.609360503706920298e+00
1.532714614254355734e+00
1.599400428463926715e+00
1.660902784425048573e+00
1.607301453769341748e+00
1.590319691960418114e+00
1.625537916133722449e+00
1.524151836722345887e+00
1.592839145615303931e+00
1.541830829840827422e+00
1.558633072099288475e+00
1.551373634575461624e+00
1.584375005468188435e+00
1.545927237206718319e+00
1.535607660975447653e+00
1.404447624866900890e+00
1.573387864164398575e+00
1.438778250573084172e+00
1.457228393982151760e+00
1.364184438822661161e+00
1.354841905664763368e+00
1.400397238340252315e+00
1.376916812802406520e+00
1.367648829833972846e+00
1.408577012571752496e+00
1.402382799256130186e+00
1.432693291393761781e+00
1.446329619740718941e+00
1.418927227636539001e+00
1.632065764341742442e+00
1.594462848591162274e+00
1.580202367612579151e+00
1.512551835215593998e+00
1.509070312126056912e+00
1.535625779078359399e+00
1.591858343013627053e+00
1.508436673729246946e+00
1.519195109248992814e+00
1.545360610344579166e+00
1.555861197879875313e+00
1.398136561648914311e+00
1.487735426660957705e+00
1.574490858297081797e+00
1.592979254924220323e+00
1.638294344806167979e+00
1.563652588061968940e+00
1.609043247872619320e+00
1.597069336034131704e+00
1.486351851251901390e+00
1.599410087377105105e+00
1.573083832090840017e+00
1.626110622437982212e+00
1.610332811696857824e+00
1.535169490645961643e+00
1.570856213873896845e+00
1.583640174675859491e+00
1.502816903069594812e+00
1.469360649586879397e+00
1.426758482391440985e+00
1.612338529163241496e+00
1.602174868218465997e+00
1.541239009626719669e+00
1.505497903736113363e+00
1.529771185706138681e+00
1.525866482948986302e+00
1.631533639120804846e+00
1.630642350710452160e+00
1.515791662005830487e+00
1.491963929220724960e+00
1.578309125702434645e+00
1.612837128081573868e+00
1.494148325520564979e+00
1.499789059441203554e+00
1.499462631534631996e+00
1.525446744066307314e+00
1.498306023706841295e+00
1.557486707227993872e+00
1.520005660043547202e+00
1.541999421283361649e+00
1.555317088855263874e+00
1.577008352261618507e+00
1.615784766853383569e+00
1.660167303546304485e+00
1.562520306112754387e+00
1.661902317279535080e+00
1.671795642413198779e+00
1.595972436229632585e+00
1.566585655572870328e+00
1.557376143647152045e+00
1.529635179195055761e+00
1.479193793361613718e+00
1.502002712940235796e+00
1.486902307726621242e+00
1.459555635937061835e+00
1.523059836044005078e+00
1.461609894106827179e+00
1.386267063690820756e+00
1.461219860728225406e+00
1.496439196727098242e+00
1.512111589452341587e+00
1.525264527536279058e+00
1.569039243981318554e+00
1.509283127187153628e+00
1.549513659546878142e+00
1.444399574325959668e+00
1.379707843601996275e+00
1.386201952918546754e+00
1.380840531876505795e+00
1.491586240270051267e+00
1.442092829253975195e+00
1.407794971636914250e+00
1.434863869062613873e+00
1.494427665003527084e+00
1.456047696123746737e+00
1.485328345619763457e+00
1.469160451929212741e+00
1.377217957800357828e+00
1.411217439613374536e+00
1.449634410424752939e+00
1.416196917599931160e+00
1.338864362518160878e+00
1.470164952435402572e+00
1.435861886551435207e+00
1.397464883714853334e+00
1.398849288566560434e+00
1.399424335820748766e+00
1.454853422810462149e+00
1.413040730737328721e+00
1.358428257984632737e+00
1.425165592048771801e+00
1.453799929888281550e+00
1.509790421822970297e+00
1.482384029030551442e+00
1.531098310470097479e+00
1.405825237961758845e+00
1.424539703706888316e+00
1.470797774366604305e+00
1.480141555247519003e+00
1.475506915349500847e+00
1.463575534125321376e+00
1.485499268375588766e+00
1.500272723823058874e+00
1.556569848275188628e+00
1.624091166292408017e+00
1.547595452296310681e+00
1.530518641957040904e+00
1.536058305761330400e+00
1.523033013861958551e+00
1.449946028584756741e+00
1.433296140221435921e+00
1.487028535679016494e+00
1.558882940350909907e+00
1.500038530829798100e+00
1.552309937342994717e+00
1.569726819512572646e+00
1.544268269813811045e+00
1.556292638652286398e+00
1.500677504794732942e+00
1.497462979956634577e+00
1.481088749053916409e+00
1.527622861098052232e+00
1.451997012965952516e+00
1.500353778307623065e+00
1.500996707442451283e+00
1.522057565219109954e+00
1.463331099802809954e+00
1.388336631906685659e+00
1.391900825040880418e+00
1.551466518302772712e+00
1.450587617558208198e+00
1.555038407821977886e+00
1.496782453241269462e+00
1.430678319124214282e+00
1.391347721929113934e+00
1.414289612832351883e+00
1.426960050414198600e+00
1.442556274161049812e+00
1.428275912269949988e+00
1.410039044058734703e+00
1.376456026819284695e+00
1.387647774427290814e+00
1.414443010198871420e+00
1.335652843095168851e+00
1.387077238590672668e+00
1.357392649442737520e+00
1.359883116026354033e+00
1.348036827363109369e+00
1.365711084271956199e+00
1.350247668359739972e+00
1.342571659963061492e+00
1.277763323585889177e+00
1.326697876183547287e+00
1.340921543629018720e+00
1.365558046389010016e+00
1.286266253035863283e+00
1.325013110219897650e+00
1.349834663828705539e+00
1.324937226762858522e+00
1.343915862637297343e+00
1.370126714234150223e+00
1.396792623374262243e+00
1.335233116978887580e+00
1.344118050935629860e+00
1.367676942283524655e+00
1.354439349443385510e+00
1.323849754332301343e+00
1.321010803445991755e+00
1.314922893556632832e+00
1.332762356652234415e+00
1.337616610926288141e+00
1.356116299858159069e+00
1.292509142893632612e+00
1.309599978345563409e+00
1.331837435224177080e+00
1.339216140915435949e+00
1.310095408957263841e+00
1.331058877893392944e+00
1.362251158440682230e+00
1.284038294978274264e+00
1.292829278129252524e+00
1.287926569639467056e+00
1.249465792342972170e+00
1.273976575746866180e+00
1.309516392306222965e+00
1.359187365485260424e+00
1.322159307119984861e+00
1.295370047265742119e+00
1.323931430712228074e+00
1.324410168939233357e+00
1.329974499754735806e+00
1.308082618191107382e+00
1.338585272614765787e+00
1.334952014119893615e+00
1.317562693151985487e+00
1.320234471811608135e+00
1.326865125118683375e+00
1.322534189253449899e+00
1.311680873956365456e+00
1.307426077862207325e+00
1.319289632344896823e+00
1.344138497245680908e+00
1.351627421898696779e+00
1.333294501977089430e+00
1.327485430921643283e+00
1.335211782443598283e+00
1.294971133560975263e+00
1.287058977393797710e+00
1.301266544244764845e+00
1.323242890644417136e+00
1.309459004578508612e+00
1.306868095686187559e+00
1.312155102757290859e+00
1.332237694860688215e+00
1.307173163912773495e+00
1.308297630852738758e+00
1.284483835111556393e+00
1.294331392163524219e+00
1.283144576807449866e+00
1.301188420171777826e+00
1.299662484166990373e+00
1.318737574034918092e+00
1.316188357662036346e+00
1.301053364764148679e+00
1.298047716762535275e+00
1.283209975727241492e+00
1.310652055645507463e+00
1.299758632472626241e+00
1.318102146499668059e+00
1.333546348809655724e+00
1.332672260724311775e+00
1.383538284031557541e+00
1.342129498413634492e+00
1.346779534743277829e+00
1.359687538586947575e+00
1.330746478376300557e+00
1.355071281620360946e+00
1.345178805752682116e+00
1.339204891303463318e+00
1.336264022580099020e+00
1.352102651165695280e+00
1.356756236330660448e+00
1.343066774337453140e+00
1.344052912624884133e+00
1.400604138326524195e+00
1.355296362511704489e+00
1.359444193895411157e+00
1.361417109365687939e+00
1.355034581248495851e+00
1.358186665027108608e+00
1.359332871089178774e+00
1.430825545550318934e+00
1.394756212418944763e+00
1.393128338955271994e+00
1.396044550167090170e+00
1.360332404538646900e+00
1.376406515553965981e+00
1.377353534356084319e+00
1.388438695966265790e+00
1.318650155990278794e+00
1.301487472087733410e+00
1.305652859111992026e+00
1.307817935736523607e+00
1.348592416277527350e+00
1.425774546663960196e+00
1.358983293843333717e+00
1.270116058482523291e+00
1.282789245747169682e+00
1.242364305279787029e+00
1.253816027264021526e+00
1.279957808325254742e+00
1.310824422828462232e+00
1.274241773888648011e+00
1.288956901256257837e+00
1.286855068108172517e+00
1.255884004677717103e+00
1.304377165473350253e+00
1.293658128609631364e+00
1.280213809771526989e+00
1.348150746399171096e+00
1.355317433190213583e+00
1.382071506330890598e+00
1.388951625236543697e+00
1.301682710781149499e+00
1.350476359019626260e+00
1.324391792643672350e+00
1.349659195724876026e+00
1.327243234376216607e+00
1.333194314198191011e+00
1.346266434587251926e+00
1.346834405030668202e+00
1.362367488344266908e+00
1.349382118842297196e+00
1.347609569062669266e+00
1.346166081081108246e+00
1.341972902734737572e+00
1.348669799783956291e+00
1.363249365291583359e+00
1.366708526872169926e+00
1.367128365694224801e+00
1.361120603588364286e+00
1.361133410620629647e+00
1.373316269276129375e+00
1.382662286343545155e+00
1.385776289148828555e+00
1.375640704088446631e+00
1.385076955317467329e+00
1.339634989919653574e+00
1.353274456575469742e+00
1.390527247797301413e+00
1.346779826622369614e+00
1.310689359611317828e+00
1.346208127345940975e+00
1.381537442401001625e+00
1.343931510933819462e+00
1.343185315839612981e+00
1.321049247166118823e+00
1.347260161976795434e+00
1.292844194524449541e+00
1.323233956324806337e+00
1.315864414809059024e+00
1.285049256915954397e+00
1.345899549755268154e+00
1.327808791509433206e+00
1.338188651335652235e+00
1.323288106015049648e+00
1.290170627360234912e+00
1.317349541781405620e+00
1.302092560686181288e+00
1.296679634212116961e+00
1.269798112059463246e+00
1.257718160460425505e+00
1.256034084430142750e+00
1.286366476249843238e+00
1.295013257247731753e+00
1.411946181129380529e+00
1.454823263053404148e+00
1.358901391913957424e+00
1.430412507612200734e+00
1.483526321491644540e+00
1.475848794416116272e+00
1.404984354754996057e+00
1.397079525883309303e+00
1.417962730734476873e+00
1.406391555305923413e+00
1.405606539761055318e+00
1.410803346606432029e+00
1.395711101179078373e+00
1.375349641267264778e+00
1.403363682059156403e+00
1.401405870920521934e+00
1.354428797591559874e+00
1.349610078208517638e+00
1.343883212296596463e+00
1.314991193827269145e+00
1.348585549591506005e+00
1.350073418796698732e+00
1.368840139721785087e+00
1.388135998843893715e+00
1.391275013398200588e+00
1.373913879984866471e+00
1.398639141994079571e+00
1.376494175985353952e+00
1.353775217223919691e+00
1.343662032613220036e+00
1.385212890682603337e+00
1.372937299404289435e+00
1.382337181914961688e+00
1.354463792330870664e+00
1.384468896544588157e+00
1.371937115796617812e+00
1.377935730930438307e+00
1.362311167905935649e+00
1.385028824101495637e+00
1.362398364339450829e+00
1.393544569179920423e+00
1.390273277212119796e+00
1.373005706253681790e+00
1.372051138956854155e+00
1.380244833596816711e+00
1.356881060735017241e+00
1.373306070728192108e+00
1.337181592089181636e+00
1.366217935273440265e+00
1.377953628105270223e+00
1.343182185325387801e+00
1.358570803479456135e+00
1.351290921348712093e+00
1.369299872662347983e+00
1.344178205261177261e+00
1.337282719063255021e+00
1.350709448201486307e+00
1.366028259858916627e+00
1.349346995578266428e+00
1.354824738137082152e+00
1.335196981018701656e+00
1.334125642531849731e+00
1.338335324793584524e+00
1.344352523439397373e+00
1.342938408050462495e+00
1.341710107207527258e+00
1.341899568442222579e+00
1.363519215829862574e+00
1.346489701559225427e+00
1.352580944810723107e+00
1.393738603810354304e+00
1.356981814808661424e+00
1.364743530252575887e+00
1.374447034284762559e+00
1.372330514004675983e+00
1.364569413147921573e+00
1.388309115432752261e+00
1.385960170029761906e+00
1.398171710120015065e+00
1.382993017847101713e+00
1.422274039880513152e+00
1.381043632411545152e+00
1.337142983527656259e+00
1.410346999644715105e+00
1.372385318441336821e+00
1.370661648503459507e+00
1.378970003954402612e+00
1.393540638671417531e+00
1.406316790763165070e+00
1.416945262106797943e+00
1.454454086178073036e+00
1.465223453507137563e+00
1.438286284999925391e+00
1.447790255365579482e+00
1.464653733550845383e+00
1.432218693436460022e+00
1.439164766219025005e+00
1.451209510886595444e+00
1.447960089296772779e+00
1.400671284506670666e+00
1.438091629296416540e+00
1.455062204582713736e+00
1.413996805315150596e+00
1.450432490427312926e+00
1.404406049044934823e+00
1.519807980956840776e+00
1.533140965768455599e+00
1.394618900401149997e+00
1.449766580212970890e+00
1.463377719426130152e+00
1.507174061770562012e+00
1.497070102844618944e+00
1.423569894801029134e+00
1.452025039806215112e+00
1.565917034915610406e+00
1.519465017042354704e+00
1.558914213365203638e+00
1.576802381591191793e+00
1.611958940140924001e+00
1.538503980208378419e+00
1.533604069790470259e+00
1.489310378276780700e+00
1.449486631078791721e+00
1.452491547839806829e+00
1.424461207786690053e+00
1.445309252856919358e+00
1.471318495125966130e+00
1.447362593558767507e+00
1.439228406940334049e+00
1.437639645658780552e+00
1.473490995829998429e+00
1.454142159579842497e+00
1.479409543046157793e+00
1.464654024723416548e+00
1.415365190600299750e+00
1.473671935726458271e+00
1.416575359120262556e+00
1.483342825048190816e+00
1.480291807376237889e+00
1.420020830417105806e+00
1.470294334065345376e+00
1.463608684553795669e+00
1.524262546994385348e+00
1.438422396484905441e+00
1.547597854390181604e+00
1.469197866390812512e+00
1.435121830823330225e+00
1.430818969147488851e+00
1.457543896474536638e+00
1.465308800533274169e+00
1.408008758308555208e+00
1.411734949121265847e+00
1.426696471050850512e+00
1.419558661783160591e+00
1.437337526186062364e+00
1.409723774553915732e+00
1.468177584305049521e+00
1.474892290549651097e+00
1.459398913597421465e+00
1.432445062444900330e+00
1.475075887232935923e+00
1.425583291079057568e+00
1.531203621281611138e+00
1.543430858459686750e+00
1.523515826570424725e+00
1.453600999203757738e+00
1.407767717834643051e+00
1.428871992816085124e+00
1.447891543748246912e+00
1.414378962868045431e+00
1.354203495942580160e+00
1.460416196862887039e+00
1.510639698830223532e+00
1.424041684475360059e+00
1.423533333630829789e+00
1.441319787433032129e+00
1.455099548014824551e+00
1.436169751386809024e+00
1.456380799731939568e+00
1.482204595223269417e+00
1.403576726299684108e+00
1.483832179080887936e+00
1.432959915532429074e+00
1.414736657872028625e+00
1.466845802392819476e+00
1.433417291055057552e+00
1.400330346922386671e+00
1.376831194774101874e+00
1.427805432965666199e+00
1.451398957652186850e+00
1.429412212062990850e+00
1.413092593088981497e+00
1.406427054683818456e+00
1.387759046588916467e+00
1.379975142096893537e+00
1.372320165404596448e+00
1.428650299592602257e+00
1.485068203372562845e+00
1.370142988631210201e+00
1.430112669316899288e+00
1.482276161537544823e+00
1.444592161337604486e+00
1.403006713173462261e+00
1.415625541725929137e+00
1.359434312709403736e+00
1.346262499259119227e+00
1.347850424425447891e+00
1.367851430420147452e+00
1.408513880486723657e+00
1.354908635433261566e+00
1.338428307697602682e+00
1.391369751855944692e+00
1.408046045738391427e+00
1.311178997514445443e+00
1.330435568092930287e+00
1.344901595250853177e+00
1.327176063473913370e+00
1.294580998241756431e+00
1.368049110995253725e+00
1.370383233041785109e+00
1.426101791764427862e+00
1.354571718370508604e+00
1.410864274741756130e+00
1.352940575718179606e+00
1.358759739055097837e+00
1.337099373245859368e+00
1.354510393543970848e+00
1.356506086898921604e+00
1.348241509547802641e+00
1.374014968018852034e+00
1.377935714214246987e+00
1.381946373974083375e+00
1.403456692619819979e+00
1.351970330479036253e+00
1.363024210790227952e+00
1.359332419789699431e+00
1.372491943790732138e+00
1.376429680745747897e+00
1.412534839332888925e+00
1.342948246595031758e+00
1.352399672482264004e+00
1.316003862095836752e+00
1.335817604656227564e+00
1.277170055426048334e+00
1.300504229522079225e+00
1.328706827181880934e+00
1.359742364642377188e+00
1.327010112339179759e+00
1.324891747606276926e+00
1.341616841561492190e+00
1.342746719954198253e+00
1.350747741338940155e+00
1.309365217608043475e+00
1.334058199735092431e+00
1.324461531673993830e+00
1.354364067681890660e+00
1.326753480312219624e+00
1.356320132345002705e+00
1.322977714076657207e+00
1.348372686771305951e+00
1.370799459663663677e+00
1.358236256100123329e+00
1.364361132974579727e+00
1.304554244324588774e+00
1.325253683670679195e+00
1.370157425123869732e+00
1.327680029072066281e+00
1.351395262438778389e+00
1.302045191694224613e+00
1.325279543119234571e+00
1.364734233333798175e+00
1.333638121722720227e+00
1.347662184142148778e+00
1.365153305625814717e+00
1.360986168369725524e+00
1.287425512281899165e+00
1.345096148295155558e+00
1.438040901964864116e+00
1.406348512449526966e+00
1.433672605940594647e+00
1.445206555134481707e+00
1.396042063149919077e+00
1.373212945945169627e+00
1.321421895935201984e+00
1.302657232854694147e+00
1.341366231960027910e+00
1.396990254214589555e+00
1.405601468928754372e+00
1.343800728315501791e+00
1.403617688291023402e+00
1.392490442734491518e+00
1.336192122526890680e+00
1.453943792417469183e+00
1.449751241968745719e+00
1.442692250502065843e+00
1.453561497888198328e+00
1.479848829578536140e+00
1.417656636173801887e+00
1.394421893277129509e+00
1.470010962495875262e+00
1.431574897715244266e+00
1.443258125403505510e+00
1.414400760533885082e+00
1.405244514815793266e+00
1.416961041689910550e+00
1.361091112551734650e+00
1.333306458033417519e+00
1.358479014327761192e+00
1.386331492954896438e+00
1.370437526796244976e+00
1.411857736089527471e+00
1.418848376652743770e+00
1.399119237611178512e+00
1.490285363215030578e+00
1.434694925956994549e+00
1.488435660021447893e+00
1.423436879897030050e+00
1.483597586353314846e+00
1.479188719117276118e+00
1.461780642931710394e+00
1.397170478872525656e+00
1.406819547241114909e+00
1.494211292606096420e+00
1.442126823368269806e+00
1.420214850654155203e+00
1.398285749868801275e+00
1.366708538504547654e+00
1.410715795918819904e+00
1.361646813874878514e+00
1.345047738768088141e+00
1.315996620634548364e+00
1.380633384729792468e+00
1.357393107417189881e+00
1.384895985815268071e+00
1.394201074671591600e+00
1.332485911191430228e+00
1.385152950292632079e+00
1.343360087859146956e+00
1.359734064841017442e+00
1.351816639822968735e+00
1.321732540478099516e+00
1.317108219912441536e+00
1.329842640819623334e+00
1.327391742191314838e+00
1.361359124930403786e+00
1.387268119678154665e+00
1.373272107930528341e+00
1.355918283292021576e+00
1.354208993990712262e+00
1.378647158278476059e+00
1.344496383896747860e+00
1.365381231370440762e+00
1.376278032448213784e+00
1.339531795962300986e+00
1.366287431312431355e+00
1.372379709277122384e+00
1.344363259523068566e+00
1.381798905905558206e+00
1.362418514204581932e+00
1.416094685107953666e+00
1.426786503327413635e+00
1.404186266691714646e+00
1.401181285198069171e+00
1.379309574512603165e+00
1.380040976085876725e+00
1.383991250078783208e+00
1.409822654623877680e+00
1.373208785377985297e+00
1.403989989353764845e+00
1.400766123124264739e+00
1.397148924853160112e+00
1.395566534268835479e+00
1.392728667907261686e+00
1.412484336793165651e+00
1.430332348742373139e+00
1.384502288775409928e+00
1.405577161349456539e+00
1.409151918234954781e+00
1.414249973739181598e+00
1.397008473693163166e+00
1.406946577306330770e+00
1.408917687237030369e+00
1.384352252192853294e+00
1.413481600296520702e+00
1.423029987264953000e+00
1.389445067572671277e+00
1.394227114262124090e+00
1.397095802082366500e+00
1.385933647775519972e+00
1.408946207851296428e+00
1.397327279624010821e+00
1.415279448879645852e+00
1.375735812492477672e+00
1.362154019982731556e+00
1.387246293457144786e+00
1.441904463733135744e+00
1.395318711258890509e+00
1.404287088674625261e+00
1.392353206986002512e+00
1.389865794625104067e+00
1.372580761059857934e+00
1.376191467848921768e+00
1.371206465224408255e+00
1.380107652226020942e+00
1.372085840874341933e+00
1.395100452306256678e+00
1.370320117139030236e+00
1.400522171999169396e+00
1.395836925754237123e+00
1.398377434562181998e+00
1.376818647439599808e+00
1.387125955647088293e+00
1.401525797668778939e+00
1.394122555171726230e+00
1.394949335308106164e+00
1.404369466179835602e+00
1.415621039469203923e+00
1.374097394820634976e+00
1.394631432508968150e+00
1.400625123185819110e+00
1.379716105676679350e+00
1.389463795441269856e+00
1.396306629003557287e+00
1.390430923241924077e+00
1.423225286268380296e+00
1.398766765225968989e+00
1.420733214151033152e+00
1.372987811075972120e+00
1.379050287442757483e+00
1.416338776985945014e+00
1.400262862744671155e+00
1.388651052359554328e+00
1.383756694202612936e+00
1.371675124920684441e+00
1.416761139257199931e+00
1.392494322570154708e+00
1.402458363095655303e+00
1.398525423659240374e+00
1.416525572022385271e+00
1.436379474471790374e+00
1.439326838305792888e+00
1.420934483190156028e+00
1.414068661727464260e+00
1.404627484079374655e+00
1.452959275302590614e+00
1.441576485682609432e+00
1.417223921935307551e+00
1.444543445118321667e+00
1.424475361770276116e+00
1.382512064582545719e+00
1.377418141639705773e+00
1.373448229979190138e+00
1.395031029060156191e+00
1.409508398076596558e+00
1.383494870736862836e+00
1.374988078561454552e+00
1.391605048376741038e+00
1.368396090824044009e+00
1.368220747456348585e+00
1.375231424291859295e+00
1.387917403643362801e+00
1.363233694540806118e+00
1.373370197049114338e+00
1.396105538792015821e+00
1.397378897380360474e+00
1.359214705409122814e+00
1.373308859858148656e+00
1.373578087277638415e+00
1.374367903905546973e+00
1.413241112232585417e+00
1.384187651215705639e+00
1.400426443820128153e+00
1.394140372584647958e+00
1.382723363979938558e+00
1.405930864659823643e+00
1.398848209556268207e+00
1.352274833399565335e+00
1.344925607643940646e+00
1.369505780817946272e+00
1.370497854831929319e+00
1.361345054805944699e+00
1.363594327663041117e+00
1.366469522228260569e+00
1.378168868262480418e+00
1.390845392984685125e+00
1.356265971462427888e+00
1.362215963406666175e+00
1.364248551923379349e+00
1.371865713220313587e+00
1.367800850092371734e+00
1.388106337087397613e+00
1.369206798829263549e+00
1.357823075401527024e+00
1.385347131134873289e+00
1.383019801358706946e+00
1.400529205996590143e+00
1.387063648441962505e+00
1.364472325714433554e+00
1.376800571336271872e+00
1.362411176652209344e+00
1.381360476037715612e+00
1.380276350946806341e+00
1.411787940158030663e+00
1.404046029955281050e+00
1.429805645699514738e+00
1.395955963390094423e+00
1.410600295846250685e+00
1.359943280295407231e+00
1.363760890323418851e+00
1.391613858043512675e+00
1.382241517998380687e+00
1.383861070123079351e+00
1.398848784338369011e+00
1.411751246459828080e+00
1.379776049015481787e+00
1.385239868118687712e+00
1.383676789736925539e+00
1.377784014346604469e+00
1.381447057501675735e+00
1.379243684727464059e+00
1.362777661055710521e+00
1.390990976165117354e+00
1.375615280905819082e+00
1.375328027431669708e+00
1.386088313443980979e+00
1.417596554810416132e+00
1.369083679125392639e+00
1.370587162475592535e+00
1.356674103558109135e+00
1.382801675257079310e+00
1.415662974038136790e+00
1.384929834309541308e+00
1.358906038344880107e+00
1.367727802172957086e+00
1.372675692455082030e+00
1.383278036672814348e+00
1.383071877516415693e+00
1.406170260044603548e+00
1.364044030825489529e+00
1.356231689187150202e+00
1.384099387472209175e+00
1.393934106602288781e+00
1.344800868597506804e+00
1.364737537206021312e+00
1.358494606599645271e+00
1.356639242721310534e+00
1.384541831450319505e+00
1.331793937626695845e+00
1.348261651774600445e+00
1.335606110683551728e+00
1.379045565636182857e+00
1.357274576517845111e+00
1.383412522751901186e+00
1.379094149964271487e+00
1.399317639117509726e+00
1.359236313518628059e+00
1.374329146568096682e+00
1.386191068343266775e+00
1.381823599415752835e+00
1.406584388529079854e+00
1.393079255970877561e+00
1.346237099602787035e+00
1.368063038379934371e+00
1.385441419165273524e+00
1.368648288391471679e+00
1.381891778694648742e+00
1.389065789602126122e+00
1.405126636141503571e+00
1.363217840325330776e+00
1.393388695417156375e+00
1.394325193265455010e+00
1.338299312822354148e+00
1.408296724005419387e+00
1.398613744926518132e+00
1.408488391510311022e+00
1.401690243533423308e+00
1.397000964547060020e+00
1.380398828437882086e+00
1.398976368192590858e+00
1.364924790540187560e+00
1.391270637273338551e+00
1.390822567618935857e+00
1.401452959720026481e+00
1.411838821925283316e+00
1.404161148268967318e+00
1.374042580428425087e+00
1.381458749211883941e+00
1.372256237704554183e+00
1.397709946964398320e+00
1.383973536299751617e+00
1.347458205550682742e+00
1.399753786263419286e+00
1.402825276337931193e+00
1.367569793811826973e+00
1.356001296741437434e+00
1.352388143282958755e+00
1.401237678899150074e+00
1.367402859003864046e+00
1.360368562005130455e+00
1.362609364799626244e+00
1.385809848609748318e+00
1.378733838359531116e+00
1.387534237483869504e+00
1.382162567297024136e+00
1.364402316518854796e+00
1.380493855301877293e+00
1.364725781866533927e+00
1.379611978956716500e+00
1.369838466320473680e+00
1.380489609611190049e+00
1.386417736807394663e+00
1.368227167629358698e+00
1.392921248818877134e+00
1.406542279609246160e+00
1.376313360814944264e+00
1.397292404306613944e+00
1.373549890934081974e+00
1.357248909649323432e+00
1.391084425116342116e+00
1.376128586407778354e+00
1.362990328856502398e+00
1.385594097438147765e+00
1.409292847505585478e+00
1.399099988695142294e+00
1.400708580081355459e+00
1.389711394417814105e+00
1.387815576253148109e+00
1.392965864540268273e+00
1.401478305373834665e+00
1.396658031029126779e+00
1.389049602587008270e+00
1.396152743072218705e+00
1.367540666032418306e+00
1.390255539424369635e+00
1.394439901736580945e+00
1.378444642082104599e+00
1.384244814557178405e+00
1.380793369060069553e+00
1.363374737436379158e+00
1.395132929517238995e+00
1.370557557349985522e+00
1.396857477995860020e+00
1.378988165538474364e+00
1.356550845141879735e+00
1.359363014945871750e+00
1.373987119094972176e+00
1.405723540541129912e+00
1.408822759129061186e+00
1.383266487484868579e+00
1.414661806139547062e+00
1.407345615794619365e+00
1.392569076414946760e+00
1.361997392023772235e+00
1.391786674929628598e+00
1.402259006429321886e+00
1.417820745106064262e+00
1.424124671998468816e+00
1.411997416074575407e+00
1.392633529732547171e+00
1.361975117489231835e+00
1.380133540008903426e+00
1.379857166034041516e+00
1.384287613119149940e+00
1.378781204054409182e+00
1.361477964355502612e+00
1.388147145377742309e+00
1.396734312804058575e+00
1.435501116251495235e+00
1.378156454631885408e+00
1.377140576699269925e+00
1.377256261448960739e+00
1.375823302270475779e+00
1.359121605249674181e+00
1.360024875447669812e+00
1.356317391664544569e+00
1.351732475527892774e+00
1.388534186023418160e+00
1.377657658160626575e+00
1.377138968198003521e+00
1.404399948523548547e+00
1.382498441322737692e+00
1.372632925399025483e+00
1.419573897043197697e+00
1.392025856240802550e+00
1.393371058932058704e+00
1.363903306387231895e+00
1.377553576724908080e+00
1.383951249159341534e+00
1.404416751241669647e+00
1.375352930588034983e+00
1.405713884485139342e+00
1.366853881749988453e+00
1.381664015089188347e+00
1.404805625678211545e+00
1.371221130112782571e+00
1.361573409705183924e+00
1.385023603982654006e+00
1.372738086340620001e+00
1.388148921116210577e+00
1.381128613623609613e+00
1.400835906006507425e+00
1.405254651122642473e+00
1.399085262530096685e+00
1.376579449486416085e+00
1.388547061588593090e+00
1.381195100691935185e+00
1.354698784219103835e+00
1.402608018936744250e+00
1.397596847367051032e+00
1.370666073353821623e+00
1.367403426206704298e+00
1.381035661322327135e+00
1.363908416069927299e+00
1.348655882095920688e+00
1.411090352546094273e+00
1.443109171364066246e+00
1.384590562910999800e+00
1.372980073029813841e+00
1.395821407124291591e+00
1.385258893393287005e+00
1.360818794189594394e+00
1.397468168101210440e+00
1.342377226104248145e+00
1.367951472265021895e+00
1.376064755181588772e+00
1.352463293317208937e+00
1.358229384879082735e+00
1.375939509190954535e+00
1.382742215368703453e+00
1.357058425657566625e+00
1.371790859178050548e+00
1.409228434342328029e+00
1.394002162926757604e+00
1.377362494145226712e+00
1.399328559948042505e+00
1.390189167965494077e+00
1.390352888087387662e+00
1.361475157270405356e+00
1.354130554561517874e+00
1.370990380910444451e+00
1.428582098538036860e+00
1.416756886222046097e+00
1.385879278550874227e+00
1.412081796519755184e+00
1.394144850424279936e+00
1.392015124025594242e+00
1.401971409074065145e+00
1.383183338595138645e+00
1.425307240224718219e+00
1.405489142637258437e+00
1.426335764228419789e+00
1.377983690028917296e+00
1.394394640364737370e+00
1.367570427396193278e+00
1.385529497176280822e+00
1.365634601361442435e+00
1.371897296399392507e+00
1.360184302216913776e+00
1.379677864349433625e+00
1.357823597994621156e+00
1.376588584764789625e+00
1.366772543415259555e+00
1.380238892727766453e+00
1.389429443489509364e+00
1.388926382310567531e+00
1.384395896398068482e+00
1.360273974321293933e+00
1.360875666581803811e+00
1.382378068660456538e+00
1.360534884722728544e+00
1.369599017759791870e+00
1.375367442311118626e+00
1.380729775603585008e+00
1.395306132152110301e+00
1.362265056130120611e+00
1.367298768733093084e+00
1.372413553238943873e+00
1.363379840479539196e+00
1.381370993167374772e+00
1.395036134629176194e+00
1.393588161794073965e+00
1.396241562179763473e+00
1.404357782473416805e+00
1.401814985039026684e+00
1.369965820982770310e+00
1.395847715566405745e+00
1.387925711357517855e+00
1.407841426975979582e+00
1.413639612779408417e+00
1.429323627714092826e+00
1.403207778101337455e+00
1.442418758608620566e+00
1.389522311578574643e+00
1.385339923282185470e+00
1.396073927235335299e+00
1.366074599809823820e+00
1.395762585333629735e+00
1.392605339049480806e+00
1.384537080167898004e+00
1.366301440632723407e+00
1.386931758034789741e+00
1.383081013045661223e+00
1.384555052955341869e+00
1.402335167915100600e+00
1.362502455521226841e+00
1.385551278642674689e+00
1.404934029590055644e+00
1.399639297892875556e+00
1.406677356893007325e+00
1.381284642787953931e+00
1.394933113353997278e+00
1.396001728896797855e+00
1.381734918922870037e+00
1.375030584703407444e+00
1.412617729442086301e+00
1.419227323067669744e+00
1.412358792692743226e+00
1.397880275169666842e+00
1.384501523401636014e+00
1.375577377189958650e+00
1.417937202133747077e+00
1.407036867266322711e+00
1.434929425364857680e+00
1.395796316123588010e+00
1.405724063242786093e+00
1.403396513446158345e+00
1.394830591993890589e+00
1.398491257037946411e+00
1.411119839829738432e+00
1.383516157277499214e+00
1.420165904862103812e+00
1.408192384921861384e+00
1.420538506197587481e+00
1.405728224842813345e+00
1.401755286441632942e+00
1.360763023194320409e+00
1.372874821090665609e+00
1.360581433213488456e+00
1.424970978328118809e+00
1.381121051228158203e+00
1.422082048121605657e+00
1.397621579056624652e+00
1.366860264659447211e+00
1.390810421112228745e+00
1.362462210118825290e+00
1.382037704668098943e+00
1.398878382371682827e+00
1.383872910650909116e+00
1.405825688593250966e+00
1.410513360520629478e+00
1.422478479730459267e+00
1.388321539871334886e+00
1.382991403556928622e+00
1.382995485753582887e+00
1.380347160558698105e+00
1.382432323264646268e+00
1.389331956894559239e+00
1.385574337129369393e+00
1.436297261301464623e+00
1.416872530086299875e+00
1.429503354204144649e+00
1.433673426896171721e+00
1.415295697580425394e+00
1.378587122845887691e+00
1.403116005627844665e+00
1.411260736986970743e+00
1.412100921005700727e+00
1.407900389214918446e+00
1.383781741349828787e+00
1.362916181669034499e+00
1.398731676496933085e+00
1.414952320020227639e+00
1.392050603381675744e+00
1.391418944626263254e+00
1.401992296074321631e+00
1.378772586882490492e+00
1.405749279746306257e+00
1.423042463331088747e+00
1.385082415820105162e+00
1.386167031995572563e+00
1.387136716687151772e+00
1.372220429174000556e+00
1.386959335503533230e+00
1.395952117099305667e+00
1.395112782640820281e+00
1.395473207319857023e+00
1.368948479569174426e+00
1.396134859228765679e+00
1.387136949312793632e+00
1.372939442584718561e+00
1.415293047248366243e+00
1.397430897632938596e+00
1.388430840418652279e+00
1.366512897547226046e+00
1.380920378638912815e+00
1.379198022581657357e+00
1.365487383225775231e+00
1.393601967979891887e+00
1.374786981683978393e+00
1.423962440391322470e+00
1.376398482820332836e+00
1.382991071593380861e+00
1.400250048894031929e+00
1.400838339631935714e+00
1.392243289241240189e+00
1.377681033666560584e+00
1.373591318703805575e+00
1.369010359204376970e+00
1.359961370809625869e+00
1.404382367752325944e+00
1.382351177368952966e+00
1.392267245861555258e+00
1.410277314075826682e+00
1.366500107872851366e+00
1.435061366769661673e+00
1.418815030926328769e+00
1.412544951257951320e+00
1.390447087082045119e+00
1.401216105362972808e+00
1.347540746544673596e+00
1.347660048106273267e+00
1.371041937423448376e+00
1.360406090098389864e+00
1.354435022429380409e+00
1.384473004551648234e+00
1.372396455191274844e+00
1.363943476107854380e+00
1.379768487610771643e+00
1.420725948136515981e+00
1.302469508425141198e+00
1.370775661780323063e+00
1.390275236670193149e+00
1.386800329150481792e+00
1.379776128187895079e+00
1.377097215925775053e+00
1.377238238367856971e+00
1.389549450598145608e+00
1.374829908885027541e+00
1.376068817280496903e+00
1.384970720094937935e+00
1.379208790658474459e+00
1.422579760110982638e+00
1.396297529802229320e+00
1.417712087917363473e+00
1.395118206834262686e+00
1.395568786843477405e+00
1.394510995777454410e+00
1.395673960217946652e+00
1.375727180669199967e+00
1.398206319286785293e+00
1.407751192793017081e+00
1.394895832137734271e+00
1.379577977585580095e+00
1.371199385308371710e+00
1.408437994814417893e+00
1.367047096196549072e+00
1.362026490422528768e+00
1.377482748216603881e+00
1.357506203435773662e+00
1.383720384869933762e+00
1.385409735880400950e+00
1.363770182527891839e+00
1.323590351212325711e+00
1.334674614348501542e+00
1.338204855542034721e+00
1.344626582945140703e+00
1.344994570959815450e+00
1.348826170965761406e+00
1.328215380637710830e+00
1.326109309054811058e+00
1.340023106578611678e+00
1.344019121231002201e+00
1.373751725464383178e+00
1.369470335607927192e+00
1.377433377365990141e+00
1.363461839992275326e+00
1.363928455840346166e+00
1.356199005028888571e+00
1.352268141934316992e+00
1.351226219682787111e+00
1.351062075710753430e+00
1.346823415592399042e+00
1.332199261133652612e+00
1.376127543800269581e+00
1.376487945927992840e+00
1.354348353647675474e+00
1.373502813559244196e+00
1.366514260687787141e+00
1.368146136131795032e+00
1.379727346320627879e+00
1.379506920443015261e+00
1.392375806635619773e+00
1.354391425494741563e+00
1.383590917851126090e+00
1.374884096592590810e+00
1.371886894429444004e+00
1.403860778399288911e+00
1.394119380967173694e+00
1.361269118285737711e+00
1.369365840701387560e+00
1.363332522953064396e+00
1.344704399951264673e+00
1.361523903591259632e+00
1.382921633007590412e+00
1.336815806425860842e+00
1.358309802196718818e+00
1.398355633041756141e+00
1.414369995254251222e+00
1.416088992011123926e+00
1.372082270150026373e+00
1.346956693095846314e+00
1.377226373448834806e+00
1.342064768780605544e+00
1.398018926437025966e+00
1.386469916258850743e+00
1.375182331646098266e+00
1.404552177060427676e+00
1.360036238176540735e+00
1.413055872448121697e+00
1.406880628865023519e+00
1.372714257584295883e+00
1.365710771466668083e+00
1.374353205784486720e+00
1.373722589582430542e+00
1.386682793836507832e+00
1.373827980057781284e+00
1.405116846110542106e+00
1.369416585948927567e+00
1.386125012031685477e+00
1.371034869210213003e+00
1.386509265449831219e+00
1.355500035668690373e+00
1.400397919792403689e+00
1.393202574059655863e+00
1.417372781492874489e+00
1.390164656342256277e+00
1.403692028207520259e+00
1.393169046662873889e+00
1.369280931237999432e+00
1.359509123113695983e+00
1.384595875761384098e+00
1.378171599847733519e+00
1.394112240373039935e+00
1.372937292983915203e+00
1.400002000094190180e+00
1.418240568601588425e+00
1.402663631234459363e+00
1.377058760245574609e+00
1.404144044227516375e+00
1.383374096490232796e+00
1.382322217465838055e+00
1.392789489441061512e+00
1.371991736702386167e+00
1.384302794768346834e+00
1.392179806044120616e+00
1.417280050912621103e+00
1.382223073086971565e+00
1.404471420123221792e+00
1.372265865441392396e+00
1.368547176027571144e+00
1.401742348711627395e+00
1.419830909622234572e+00
1.339419251669464739e+00
1.334051281914877762e+00
1.382301121647911524e+00
1.383787680658810526e+00
1.370298460041601496e+00
1.409702594476444748e+00
1.408574350939000075e+00
1.380855919828518186e+00
1.359977803812239427e+00
1.390440839317064636e+00
1.380865311299706910e+00
1.392395150760430411e+00
1.423452630091410098e+00
1.430082913793021770e+00
1.404333494913854175e+00
1.434790423604796361e+00
1.355926999272220712e+00
1.442607883358799192e+00
1.379364131025261786e+00
1.382569330598614865e+00
1.341150543152109798e+00
1.355785688245791931e+00
1.354845305730678406e+00
1.369986691625604047e+00
1.348598119866052158e+00
1.367346757098453880e+00
1.366567453976645474e+00
1.370657779848360569e+00
1.385519244926605387e+00
1.385825468749151135e+00
1.417134302127919909e+00
1.359692699614042155e+00
1.402708134881224922e+00
1.387255862812269092e+00
1.416632869969040698e+00
1.391312419468208494e+00
1.391274258614000559e+00
1.431516372609929144e+00
1.403054253917374039e+00
1.392388796879910240e+00
1.424003412738321650e+00
1.400177888232205792e+00
1.370862069268938388e+00
1.380436999240918228e+00
1.381127047376929484e+00
1.406151675874738771e+00
1.406480759729459296e+00
1.378778912560632008e+00
1.376993481550781162e+00
1.409789890564620007e+00
1.412867182394796473e+00
1.374694793856380270e+00
1.394492656414373810e+00
1.372461784897947012e+00
1.369536508830662580e+00
1.387423057643899282e+00
1.372801036324238444e+00
1.411530756532596076e+00
1.432301740077727814e+00
1.431476233503472306e+00
1.407028074252216543e+00
1.421854656376833059e+00
1.396086790653376486e+00
1.447358103529571061e+00
1.423298670781221853e+00
1.443158060776849938e+00
1.425286760201592395e+00
1.422817576193679212e+00
1.399969622196195251e+00
1.426630159563153866e+00
1.430286910112672283e+00
1.422099733430655322e+00
1.451062382918519189e+00
1.406332088068475983e+00
1.396834533985240601e+00
1.402054582701123708e+00
1.375079401626187137e+00
1.394369966659816384e+00
1.395855078380141112e+00
1.416184293456852261e+00
1.424082778872439947e+00
1.388721793354691147e+00
1.420656708517198163e+00
1.395088364595842068e+00
1.413775963932190294e+00
1.404444768351038819e+00
1.384755807267105121e+00
1.407057335335355708e+00
1.409446072605372580e+00
1.384029767401553368e+00
1.364325554644903571e+00
1.391964603818149682e+00
1.363071161671304266e+00
1.388089081182501738e+00
1.404915188144153504e+00
1.374567635484137629e+00
1.384072798058361808e+00
1.396932549136591595e+00
1.401134682135956711e+00
1.399558970076166142e+00
1.453234478785116135e+00
1.377021693266779367e+00
1.400098042479392735e+00
1.407864526799052607e+00
1.399008534000796944e+00
1.391379798127411638e+00
1.386224044712928816e+00
1.425016963056921604e+00
1.400801768883456422e+00
1.372199758913152934e+00
1.394899916358391723e+00
1.380377469270705815e+00
1.381176657913294026e+00
1.396233940606835144e+00
1.399491834563589832e+00
1.361278493833183667e+00
1.389143092317570494e+00
1.383218116277989074e+00
1.379842079511771402e+00
1.376450903259355929e+00
1.410162396797278506e+00
1.411360733586368932e+00
1.432764943153450821e+00
1.446145091661071858e+00
1.399039536386484261e+00
1.411588431426443968e+00
1.403639346402500987e+00
1.387561434824019502e+00
1.417319301995496605e+00
1.423313493240272898e+00
1.468207666862705763e+00
1.463691502530210409e+00
1.447371475951034769e+00
1.477288018659825175e+00
1.446406912874097062e+00
1.471553171816439853e+00
1.456746616512583303e+00
1.431484144006377690e+00
1.410645642337630568e+00
1.444467589758945847e+00
1.425136670257473037e+00
1.392054387782901470e+00
1.417127617092516889e+00
1.408340219325848075e+00
1.417038089908758236e+00
1.417983393504154144e+00
1.429379130251150709e+00
1.398630845921492005e+00
1.388049585355611626e+00
1.378451991958988598e+00
1.391341609442670713e+00
1.402919863240662091e+00
1.418624360999686473e+00
1.404779767216666198e+00
1.436225786934378634e+00
1.432897859785346117e+00
1.429148008077345322e+00
1.447040496919480335e+00
1.406511706415103813e+00
1.414322878391514937e+00
1.423854008088933032e+00
1.415210564165051199e+00
1.455775933473735018e+00
1.428802742961637007e+00
1.438773645247148902e+00
1.435324591385995996e+00
1.445179138812235031e+00
1.392931176170080887e+00
1.443776365891494162e+00
1.425669227083923074e+00
1.411087700078884399e+00
1.443060734788006894e+00
1.443786277905985349e+00
1.422624339266210791e+00
1.430591475091172571e+00
1.439080370527367148e+00
1.391005049386776271e+00
1.417226117503594063e+00
1.427902816717790735e+00
1.402151143724721383e+00
1.411186643713610467e+00
1.425275534297570479e+00
1.412151466089954344e+00
1.403782274007659980e+00
1.425452957541695653e+00
1.380989727047040816e+00
1.401671674681333801e+00
1.406958886463550495e+00
1.440338319460970906e+00
1.395519596544481322e+00
1.401392086130042403e+00
1.389847865257630266e+00
1.411311214980089268e+00
1.373749172890136983e+00
1.380495266551108990e+00
1.393378114004756085e+00
1.384513456756997885e+00
1.390878054882654480e+00
1.411604407452149434e+00
1.415439982783610606e+00
1.407990959358043082e+00
1.413502383212271063e+00
1.428167279824121616e+00
1.414918123727155752e+00
1.385911661407513096e+00
1.378126987972898565e+00
1.423373680458108748e+00
1.422464775729774145e+00
1.385996604592697468e+00
1.401204022742011501e+00
1.423424211703294029e+00
1.410651423981361008e+00
1.398874687696581631e+00
1.404661561621004529e+00
1.412616553233831951e+00
1.396840237118435857e+00
1.393835648940966676e+00
1.399126555598505961e+00
1.389491396441648430e+00
1.416836039617188181e+00
1.414656954437135461e+00
1.404075933225887862e+00
1.439197596992193739e+00
1.392798493497906964e+00
1.433033976810592192e+00
1.395570157921779186e+00
1.413298726981559561e+00
1.367786332586417686e+00
1.391995519210027732e+00
1.405120487292478959e+00
1.425930193673321522e+00
1.405639524883791180e+00
1.404650473520912435e+00
1.390445112092788982e+00
1.383725297456243508e+00
1.399461911662539970e+00
1.389479012975016081e+00
1.421438184236264002e+00
1.403240230025513346e+00
1.385241908064488214e+00
1.380572678379492269e+00
1.405584681194286034e+00
1.392465520904749843e+00
1.403210646969441200e+00
1.375840270057140380e+00
1.383899718383575728e+00
1.393729257070873251e+00
1.401232713952256459e+00
1.367496173944490634e+00
1.415521746227760946e+00
1.407463324728209120e+00
1.384666555952949629e+00
1.418288554536758284e+00
1.404947237554219797e+00
1.410509395757976847e+00
1.400766770161028907e+00
1.400454282545517737e+00
1.416320227180955404e+00
1.421006297631708604e+00
1.422928284976249014e+00
1.405037327186338558e+00
1.389536653044360026e+00
1.377874407417752245e+00
1.405506246660743752e+00
1.375278260206672432e+00
1.383007927653165714e+00
1.381092358212287596e+00
1.378297231728179195e+00
1.386622670255582168e+00
1.401368381200018831e+00
1.393954781217856098e+00
1.393667392888358503e+00
1.373301383042341506e+00
1.388182939336302546e+00
1.386477410008921440e+00
1.398086688896327257e+00
1.404643903215710088e+00
1.392970152170912801e+00
1.366440104741589723e+00
1.384031069010545734e+00
1.406124355332669218e+00
1.427189865335868557e+00
1.389396403962684712e+00
1.399080447454973397e+00
1.406993808053206729e+00
1.419666091723187140e+00
1.365444606749676382e+00
1.374342595323171601e+00
1.401253612188122721e+00
1.399420078387973110e+00
1.393082572767990079e+00
1.390919653619092200e+00
1.391840323025965498e+00
1.440441061937085765e+00
1.427309808560067284e+00
1.418242049762772794e+00
1.396065236063679604e+00
1.408975019097570058e+00
1.408529075517586548e+00
1.381486720821844205e+00
1.430675963836533171e+00
1.404648601203339009e+00
1.435939315366562941e+00
1.388723625333755152e+00
1.405358275129553247e+00
1.410067152624515874e+00
1.383876325797103179e+00
1.389894122715877423e+00
1.379768427337491499e+00
1.432016487714089736e+00
1.393261859582694218e+00
1.397330160340110261e+00
1.430568856458978022e+00
1.398514770172786692e+00
1.381820118177131906e+00
1.349297165775702467e+00
1.378478205213628849e+00
1.383883792909542665e+00
1.375497127118614493e+00
1.410331989568595290e+00
1.395408160818368826e+00
1.389930771930644848e+00
1.371415602007774570e+00
1.377589742107358850e+00
1.369175813100917294e+00
1.356377277751630750e+00
1.372107338445189173e+00
1.400724866702941496e+00
1.374345692807830588e+00
1.395634621594549207e+00
1.394653467111382605e+00
1.392278101174237337e+00
1.377424888207638087e+00
1.382244700499820178e+00
1.392494578491185964e+00
1.379915271894119666e+00
1.369344684791811817e+00
1.400733764986595187e+00
1.390954148246513755e+00
1.397504093475750775e+00
1.382596098713236854e+00
1.371113722559955006e+00
1.432796538279570431e+00
1.382394488500136909e+00
1.407164055348343323e+00
1.368111594382989127e+00
1.400075297542240138e+00
1.363991362872662316e+00
1.366923172418666566e+00
1.371691215242343498e+00
1.396117009167941569e+00
1.400933697534236577e+00
1.403118495952413225e+00
1.371234980587540564e+00
1.386281551281375313e+00
1.368318744598597814e+00
1.374326191602402991e+00
1.385338898704337574e+00
1.375856040639834799e+00
1.378570458678038957e+00
1.406387243640436324e+00
1.404278362958971682e+00
1.406054425706133371e+00
1.424912998778715689e+00
1.419880049584081094e+00
1.376246616710393056e+00
1.371963694385389454e+00
1.370090669672873851e+00
1.459314892872495717e+00
1.385893170921227879e+00
1.390080788358341035e+00
1.379823034496348244e+00
1.411686708080786001e+00
1.413346853081937970e+00
1.386351721119241098e+00
1.415142606649741008e+00
1.391465530401537531e+00
1.396500846745360791e+00
1.385170071694130423e+00
1.417892024005818374e+00
1.403073070355172147e+00
1.432334045014409085e+00
1.414147288165806149e+00
1.385638420471825061e+00
1.394789667093341290e+00
1.441151948815427186e+00
1.400551496366376103e+00
1.397385952531827291e+00
1.399616966453849365e+00
1.402445345915286579e+00
1.398167834574315149e+00
1.398532253251679291e+00
1.375248920732063063e+00
1.361816473597988297e+00
1.339536400806759397e+00
1.362506345406827579e+00
1.366631035878856038e+00
1.373678195508706734e+00
1.380723770547370721e+00
1.386419393203151218e+00
1.382836893722056537e+00
1.376717499214041851e+00
1.393134292772357119e+00
1.388610717816582740e+00
1.413957807530067834e+00
1.429609657747114237e+00
1.388716448683266380e+00
1.420776709082832934e+00
1.414769273288628781e+00
1.441329155933682937e+00
1.366324530713169283e+00
1.390019999743335122e+00
1.405157953192534004e+00
1.395128572714429582e+00
1.394168722508851932e+00
1.390021648675784371e+00
1.414219486293171846e+00
1.403753992386555183e+00
1.404478867286635069e+00
1.370096420175579199e+00
1.386827242753518208e+00
1.412795655884853341e+00
1.382230581206480791e+00
1.402073472879767913e+00
1.397893198948442661e+00
1.366205584416462004e+00
1.396857871946937779e+00
1.398083414181886308e+00
1.375784878142066514e+00
1.397752868522287306e+00
1.364321354360991556e+00
1.386348386515660280e+00
1.367877619355927887e+00
1.419080379331245645e+00
1.382254091797171291e+00
1.381927478317202196e+00
1.385737881291560170e+00
1.432944751119663795e+00
1.496007564246975230e+00
1.364406518937765433e+00
1.380864156149383959e+00
1.372614621088456888e+00
1.369698244315347591e+00
1.367434115359061231e+00
1.387264638561944929e+00
1.374211415513318935e+00
1.418426825546766912e+00
1.348444683732304528e+00
1.390366278795293065e+00
1.379003034558082375e+00
1.414618414169126259e+00
1.372651116779738611e+00
1.361468533568708450e+00
1.387893074038836883e+00
1.370177420273810176e+00
1.382333762396860566e+00
1.414343111622202942e+00
1.412456620834151133e+00
1.382867446014795165e+00
1.406465939611416305e+00
1.388538973280866395e+00
1.369600584164415435e+00
1.388690577137548621e+00
1.390258630326505651e+00
1.401734120976094955e+00
1.411046786121286090e+00
1.346497261400529721e+00
1.332540081028472656e+00
1.358677049578988161e+00
1.354551023831995549e+00
1.334030850675246738e+00
1.394141229013047711e+00
1.388840453666316810e+00
1.346891089697913158e+00
1.343016363581552408e+00
1.345571402442734321e+00
1.363236537070630749e+00
1.354320360392758715e+00
1.346109713237652050e+00
1.329670796456978499e+00
1.347220778903481575e+00
1.392965241753568506e+00
1.385854020041033419e+00
1.355947343126060467e+00
1.371432948185550282e+00
1.355999747942802758e+00
1.363601088140737660e+00
1.336330364496854495e+00
1.380756402376401848e+00
1.373828575161304411e+00
1.367000661475398893e+00
1.385170677833990505e+00
1.412816418363771476e+00
1.387095804984169511e+00
1.415569815950582733e+00
1.391273158681420874e+00
1.331271590511998948e+00
1.388433998681094073e+00
1.400436375891416230e+00
1.364568356671482352e+00
1.387215634834998212e+00
1.388414814697657595e+00
1.402481891988247797e+00
1.406944679478071336e+00
1.407709783866728070e+00
1.357788192823773832e+00
1.362763667103115584e+00
1.349459344269006600e+00
1.345619355948373341e+00
1.337745251683918335e+00
1.337038543252535128e+00
1.392172081430598229e+00
1.383252354382983995e+00
1.357245245846709691e+00
1.358810957618750370e+00
1.370420018241250260e+00
1.384204377016819087e+00
1.400226773990750573e+00
1.351056272852703577e+00
1.343637232807758597e+00
1.423215176272877969e+00
1.397112963118280593e+00
1.361761467020668803e+00
1.360560199329094777e+00
1.401369082547915257e+00
1.376648246141972898e+00
1.366350224360953547e+00
1.357369662390131237e+00
1.377218262124988657e+00
1.371744403389282052e+00
1.348451831563348691e+00
1.345268857242136740e+00
1.330047516970540133e+00
1.359772415051880179e+00
1.369228177171235350e+00
1.375308389383998797e+00
1.348670499553057622e+00
1.344760662613640800e+00
1.380160851328792626e+00
1.352096957703766478e+00
1.348823894400225321e+00
1.360797499155356860e+00
1.358259714735346568e+00
1.366383971101932993e+00
1.367747290237094182e+00
1.344282342200730618e+00
1.356685503942129278e+00
1.387749541461976044e+00
1.364785737076025462e+00
1.349456311593647762e+00
1.375279359502483478e+00
1.368297869374848208e+00
1.370259177425942276e+00
1.395725668666316199e+00
1.373728369187347198e+00
1.365722545220823481e+00
1.343012240306181271e+00
1.344352098646538041e+00
1.342079947497763381e+00
1.364995955318202725e+00
1.375300862320985029e+00
1.386777265888483157e+00
1.363959382822193200e+00
1.316654371382298017e+00
1.336850140783760299e+00
1.324411032901873453e+00
1.323506335968799963e+00
1.331683847055486369e+00
1.315320751857226522e+00
1.351822612602605611e+00
1.338263528143403658e+00
1.347157984822878074e+00
1.323566944704769988e+00
1.333495974725758426e+00
1.336960727608500932e+00
1.338104953189343860e+00
1.354597579475555369e+00
1.326354730833556372e+00
1.304665926971856793e+00
1.311682041832404666e+00
1.304068180903565466e+00
1.295037266861817304e+00
1.300287927818934763e+00
1.297802144049893469e+00
1.307510667283081185e+00
1.281095462270404051e+00
1.292732092611415862e+00
1.282639354712026947e+00
1.325478263961049619e+00
1.301177398740112512e+00
1.304444567920507225e+00
1.293798261969846264e+00
1.299617057505666917e+00
1.303585217030353682e+00
1.267903432502520245e+00
1.277971502399166015e+00
1.318947616702021097e+00
1.296957516258145038e+00
1.327861142911244130e+00
1.332947795528213852e+00
1.337948314434394881e+00
1.314299994221479029e+00
1.308361843891857168e+00
1.324076589305679619e+00
1.305194017008886931e+00
1.311357640012271952e+00
1.310187432437872390e+00
1.289218187394005843e+00
1.305177549593736330e+00
1.306345464085812536e+00
1.324044565733677459e+00
1.309756849213575824e+00
1.297183095769008476e+00
1.292931951834568549e+00
1.290045262817107741e+00
1.285071942653743138e+00
1.287063127701194132e+00
1.284203720542043126e+00
1.293184004306695556e+00
1.293514221136569109e+00
1.308068126624810867e+00
1.287037494537829785e+00
1.297350913084599044e+00
1.278863407823380260e+00
1.287567598382162393e+00
1.370635333072951934e+00
1.381567070814277098e+00
1.399017407797117807e+00
1.423271019355206057e+00
1.408747695221737706e+00
1.314922473381906043e+00
1.339806682246379221e+00
1.328366401702106403e+00
1.320648310487315236e+00
1.321167575983744236e+00
1.334906699167102806e+00
1.314363571126705210e+00
1.367856527540900702e+00
1.349390836524382520e+00
1.294959370047139124e+00
1.305458917766537219e+00
1.300470969181503733e+00
1.317535757612393166e+00
1.316300163078975016e+00
1.323867612261268700e+00
1.321754802195529210e+00
1.323511365890758906e+00
1.352526855724009325e+00
1.358703789161761932e+00
1.316095721457835044e+00
1.334335107820762145e+00
1.450530399437070406e+00
1.475328151235956620e+00
1.476607246539628715e+00
1.393670844834955735e+00
1.376674373343488300e+00
1.430985840504973128e+00
1.374422768197856914e+00
1.421323721259353023e+00
1.397227057211005707e+00
1.407231569684400441e+00
1.449536824293998993e+00
1.430525394367245351e+00
1.377239868239961806e+00
1.367951185363583955e+00
1.387328296032691810e+00
1.378092763140805532e+00
1.425925680165115006e+00
1.431298858856324463e+00
1.403371788563716027e+00
1.353201351635091143e+00
1.367793027846753384e+00
1.417745709430799472e+00
1.417002843107154408e+00
1.400020790470413612e+00
1.431065350441701689e+00
1.371594658813583667e+00
1.366999926834507662e+00
1.381253011124151220e+00
1.378181361273717265e+00
1.373159429444435142e+00
1.350351709158997604e+00
1.385566560883521037e+00
1.386329520958769601e+00
1.387930381783345046e+00
1.415758864925264815e+00
1.411228965250879375e+00
1.393547655761409709e+00
1.390474722373436611e+00
1.382550649149085320e+00
1.412246870705023971e+00
1.390196348939813697e+00
1.354515882056831044e+00
1.363417129906641545e+00
1.377194605446586673e+00
1.415804387214671500e+00
1.356881781674766030e+00
1.399632607907969062e+00
1.427676408005891906e+00
1.436603398511514751e+00
1.455646589878778263e+00
1.479952355074724224e+00
1.473523364198140895e+00
1.477240064972439981e+00
1.485227176210496269e+00
1.471630053475283528e+00
1.476748385960728882e+00
1.476300346311835376e+00
1.477536956856488892e+00
1.471742249244708756e+00
1.492691793939696643e+00
1.477725906089103702e+00
1.470252088774586685e+00
1.448656775783985440e+00
1.460715949746408837e+00
1.463340670252790021e+00
1.482340595914012349e+00
1.412217762513275021e+00
1.394763201104402217e+00
1.416573409965854013e+00
1.423847905253408319e+00
1.445444659949204791e+00
1.435149515721673819e+00
1.404920618299391633e+00
1.415913666495375089e+00
1.378237813121629518e+00
1.396477887031379650e+00
1.404644665794638314e+00
1.420392268308422468e+00
1.400174745442429591e+00
1.461042058024152990e+00
1.455027569989584713e+00
1.449479520204994154e+00
1.464357531342633578e+00
1.477222578154905763e+00
1.441959728762290949e+00
1.452188459816950106e+00
1.456452751255592037e+00
1.462281104238588592e+00
1.475823072848959416e+00
1.471717833407847564e+00
1.470448272661281530e+00
1.479607870316996809e+00
1.488377943814983340e+00
1.469900585787306646e+00
1.433314317017198247e+00
1.486585512916423824e+00
1.443396794885511980e+00
1.449652232515794559e+00
1.472276331567632379e+00
1.474606665889961477e+00
1.470021956565720656e+00
1.447788487110114319e+00
1.424133602099018958e+00
1.465399455942377527e+00
1.435860632584879282e+00
1.451604670530555863e+00
1.438508492558375096e+00
1.457011632690379699e+00
1.458367069012166617e+00
1.493250906630673391e+00
1.451705555647712531e+00
1.427519313172861404e+00
1.478959449766618084e+00
1.447728885504824037e+00
1.448037802573094668e+00
1.429927950010460469e+00
1.466577869014455970e+00
1.455663509514664167e+00
1.429078331768450116e+00
1.480119131421478995e+00
1.457348293004919304e+00
1.445990892735694144e+00
1.480673248921571927e+00
1.457469742116006328e+00
1.461216083029876156e+00
1.452924634529185077e+00
1.450924072142390830e+00
1.465044369279653091e+00
1.464399757258529222e+00
1.463163372486341540e+00
1.490664167923314576e+00
1.476267061668909086e+00
1.463102348654304219e+00
1.466925946826348914e+00
1.476735959644521090e+00
1.449282413974333883e+00
1.479361055402250047e+00
1.491521404585780308e+00
1.510400410457841458e+00
1.465071163111856700e+00
1.501254176189730671e+00
1.459530056375657914e+00
1.483337095967582231e+00
1.455833761711365915e+00
1.490304660792668434e+00
1.471460355565488820e+00
1.463649143475271641e+00
1.456941430938487603e+00
1.442918434238279701e+00
1.475608277210203712e+00
1.453665456482622353e+00
1.469237607264463730e+00
1.453553816113928976e+00
1.446204958588423350e+00
1.467878501154419979e+00
1.480239977224260040e+00
1.468498235695253173e+00
1.495829249054772658e+00
1.465595940113618489e+00
1.474108594529949690e+00
1.448372141430802396e+00
1.470887155147889258e+00
1.451337012427069473e+00
1.451134950360653209e+00
1.484193187753110932e+00
1.471279440287444729e+00
1.470998976414218173e+00
1.480817710152036559e+00
1.477473065126292617e+00
1.463003669496687920e+00
1.506528155513620737e+00
1.473083629644935444e+00
1.498171972051038248e+00
1.481336630920317976e+00
1.471253017662347506e+00
1.473124019819061825e+00
1.495812655048856854e+00
1.483921648448018882e+00
1.476959455169120083e+00
1.457796652565667817e+00
1.439875202270240129e+00
1.473045841852283599e+00
1.449711244151825174e+00
1.472749584419961177e+00
1.465500985075708362e+00
1.482695036246084008e+00
1.487567512593321428e+00
1.455330164513035429e+00
1.462097240261175823e+00
1.476990954502165998e+00
1.488092019868766602e+00
1.438624097341173025e+00
1.486398926893574002e+00
1.490585488515971280e+00
1.443483903582519101e+00
1.454553946783771812e+00
1.468854248307106758e+00
1.440785334819221442e+00
1.464398376026273763e+00
1.479150550630637939e+00
1.441975837940839833e+00
1.465628213147751824e+00
1.429892472730924124e+00
1.432423716029032290e+00
1.460794361463675362e+00
1.498563424647960440e+00
1.436075798183103158e+00
1.471175395358308657e+00
1.466881994844397408e+00
1.470427617231368389e+00
1.455203458027425789e+00
1.460685629472337155e+00
1.480092744903706681e+00
1.494541066512873773e+00
1.466060703370898999e+00
1.463517560996638212e+00
1.449919448644860331e+00
1.476597550437590556e+00
1.481041808589351527e+00
1.469928787696702210e+00
1.476646405036463605e+00
1.491938569817913951e+00
1.478984091381401189e+00
1.464850157459554936e+00
1.470923204856684929e+00
1.419537607156122760e+00
1.445992089366968214e+00
1.450653544024175456e+00
1.512542175553159396e+00
1.405534301034457867e+00
1.307159071954168139e+00
1.341589343255638056e+00
1.346978157631610884e+00
1.360624819179686362e+00
1.333479574382116617e+00
1.402667359115155721e+00
1.454426871086358819e+00
1.453215880962780426e+00
1.424439108684013799e+00
1.452776095981644922e+00
1.447209919059019523e+00
1.414526857990210162e+00
1.463485808740020433e+00
1.443806226561011652e+00
1.487833157201490231e+00
1.473080805851338049e+00
1.498492902164807905e+00
1.484767129589025902e+00
1.494130715814288024e+00
1.504500856038422318e+00
1.492465758520752361e+00
1.455302722298664753e+00
1.513021172540283565e+00
1.461557697979964932e+00
1.458577574042198899e+00
1.481672788369420068e+00
1.484013886318430675e+00
1.488397926426733298e+00
1.498620018173301371e+00
1.455421869357371278e+00
1.452166131760159073e+00
1.433038490777421403e+00
1.463830126628104189e+00
1.450018221367009197e+00
1.440892492178301731e+00
1.432419448326711198e+00
1.457285663436147738e+00
1.446585911047658879e+00
1.471797669531459185e+00
1.444246454104933575e+00
1.420573102088621642e+00
1.450201945756203203e+00
1.433664375498254318e+00
1.449913352133516353e+00
1.441382394949472623e+00
1.437004454060378356e+00
1.449072469411329278e+00
1.480860626205888764e+00
1.448929910719350067e+00
1.450119064344724151e+00
1.496614808556584908e+00
1.499767701627442218e+00
1.515822068963711411e+00
1.475565898406920873e+00
1.454736458787883491e+00
1.447923327715504804e+00
1.499854933049269867e+00
1.483249970544516572e+00
1.457312642996851260e+00
1.498612069990223672e+00
1.453525017960825894e+00
1.450994623460634125e+00
1.459088307467514722e+00
1.441692018306550027e+00
1.465924609372970311e+00
1.489648933004730447e+00
1.417660450447413067e+00
1.429998237224742841e+00
1.474606531818453803e+00
1.435497243384555199e+00
1.405370083578647566e+00
1.405876549158446398e+00
1.468699695962031315e+00
1.436114816142258777e+00
1.440293325752636466e+00
1.484827028718714637e+00
1.478510077719813021e+00
1.455496513087661814e+00
1.428828448905648862e+00
1.438789476332897666e+00
1.450123062826866649e+00
1.412433935050041889e+00
1.430056342499010258e+00
1.456706118094246216e+00
1.454664711314841652e+00
1.439592574419494397e+00
1.461830949682310310e+00
1.446599838291724671e+00
1.446666518916827737e+00
1.504582548775257322e+00
1.473869771462225975e+00
1.423981321601277328e+00
1.472869524830927146e+00
1.476211605867612686e+00
1.516180930949542649e+00
1.419800736178042921e+00
1.440353288807739052e+00
1.427574665998115000e+00
1.413468572603286288e+00
1.433745492681845812e+00
1.427555704997579777e+00
1.405151003193487957e+00
1.427286279803941405e+00
1.477988748130759200e+00
1.433829028209725021e+00
1.447896521771176115e+00
1.436478166471984119e+00
1.439832586440627837e+00
1.417169967915346440e+00
1.429464583691799184e+00
1.429688056071362734e+00
1.399824975352941259e+00
1.365209955999650449e+00
1.445853726567880804e+00
1.436379028969372751e+00
1.424489660589716822e+00
1.400137155903832475e+00
1.436099200434156176e+00
1.434348899087387608e+00
1.439208428190764222e+00
1.484840229600601136e+00
1.432744992286744790e+00
1.439299654187420785e+00
1.497263376617975039e+00
1.483463892340492141e+00
1.500932652586767668e+00
1.447622631584945863e+00
1.408111538212928560e+00
1.383934595442235516e+00
1.404231565780460933e+00
1.388947074953700289e+00
1.421558991076780964e+00
1.372617180283161709e+00
1.363065586314738287e+00
1.367876865124842523e+00
1.391885643785915949e+00
1.419114067034195292e+00
1.391830044731473759e+00
1.393135708654505978e+00
1.362837540924365820e+00
1.411092668872637068e+00
1.368594406769467309e+00
1.334937121379901059e+00
1.393154530251910606e+00
1.393026518201101460e+00
1.456828065031936958e+00
1.434214369767639941e+00
1.465175974069752973e+00
1.426896078545894397e+00
1.467708684380115480e+00
1.441087869221468809e+00
1.412804115452155562e+00
1.454654803631214133e+00
1.443417302649970368e+00
1.436860101943397749e+00
1.429931897477914271e+00
1.461277240569975655e+00
1.379450652326307925e+00
1.387338780818089035e+00
1.380897632546680187e+00
1.380170740828213116e+00
1.389682075659942395e+00
1.360538544525816462e+00
1.365871544400966142e+00
1.387654383387057377e+00
1.388433873709661759e+00
1.387858224739950685e+00
1.371886608198034319e+00
1.389465579768297987e+00
1.397065078272135885e+00
1.401005707963133062e+00
1.401357208110087571e+00
1.406763381182442041e+00
1.437956538575563714e+00
1.416047925316691325e+00
1.463153970602620868e+00
1.408743726644403393e+00
1.405524086278547635e+00
1.418235481565472078e+00
1.447983146486693018e+00
1.395322245833692687e+00
1.415847801575538467e+00
1.416332407973308838e+00
1.412760292580264476e+00
1.428338581605002267e+00
1.430423813403975952e+00
1.468744392865869219e+00
1.462702672284054151e+00
1.429476375723661485e+00
1.407171553065944991e+00
1.404820347566613892e+00
1.423020879007605544e+00
1.412499691075102648e+00
1.492320117988427342e+00
1.484017755786176451e+00
1.411665716719551877e+00
1.450518021980457872e+00
1.420965553538630743e+00
1.452494190983772304e+00
1.459522066743169422e+00
1.399040110227400380e+00
1.436965887540444076e+00
1.375180507496211790e+00
1.419443932727207702e+00
1.418951220807140201e+00
1.436671006302301379e+00
1.445707803735588826e+00
1.448844906343327965e+00
1.424180860248896785e+00
1.463976344116723505e+00
1.465061653478307191e+00
1.447621558265553166e+00
1.452539681999589272e+00
1.423176525746159493e+00
1.412991995846679005e+00
1.456835852390720332e+00
1.430098490264377409e+00
1.409134247215612978e+00
1.382656232464556378e+00
1.449366343325506179e+00
1.451588082971876359e+00
1.413464549906558565e+00
1.427572750826765269e+00
1.437868683259543090e+00
1.425603801880308774e+00
1.460285629255905215e+00
1.445709087849150531e+00
1.464947350147244087e+00
1.444804039419979702e+00
1.416667547867814791e+00
1.432662821989574509e+00
1.441302007760446813e+00
1.418303384333885919e+00
1.443673617420799582e+00
1.462853902940025375e+00
1.438210467942772075e+00
1.454634850093246889e+00
1.417656965275498449e+00
1.444467329860520621e+00
1.443789004036013068e+00
1.452672647128278705e+00
1.436023176818215674e+00
1.432692795377898953e+00
1.481107529293882896e+00
1.464217551549841234e+00
1.467490737894253883e+00
1.501007628154112483e+00
1.494751744244925407e+00
1.421627786008199612e+00
1.404257756266199753e+00
1.387060321148366082e+00
1.392731024604869638e+00
1.427673025711821753e+00
1.430546896417193015e+00
1.416206652376126085e+00
1.424297643460178842e+00
1.426460426423502792e+00
1.385379957352509628e+00
1.444288141195958719e+00
1.466129031251388826e+00
1.402736639237146532e+00
1.434905385410688572e+00
1.462464024172860144e+00
1.431474439964285583e+00
1.444622003873236915e+00
1.426057432430590799e+00
1.390664291007873921e+00
1.376786598040815823e+00
1.435883984261806079e+00
1.411519908029495340e+00
1.407097423082192433e+00
1.407474662132413235e+00
1.437421144286610053e+00
1.398752556283203718e+00
1.404131007960059963e+00
1.399091285382173977e+00
1.421205233214034802e+00
1.418209816436592607e+00
1.415062163034472409e+00
1.433780313771268800e+00
1.454812369691382168e+00
1.433298292646641547e+00
1.422330736644222826e+00
1.424641167691178989e+00
1.418294071589960570e+00
1.415337862809862957e+00
1.383230946344857548e+00
1.395083234621122825e+00
1.391558621033633480e+00
1.420956555378008135e+00
1.405771841996581228e+00
1.410483200309220697e+00
1.412166584416511217e+00
1.377131252715031229e+00
1.387164990743175119e+00
1.395083428838397754e+00
1.426752965412702689e+00
1.393357680720708869e+00
1.375917041883692793e+00
1.393942986353818192e+00
1.399616364545972047e+00
1.407098096963979694e+00
1.422615362588377730e+00
1.385317489201939756e+00
1.417994839355700920e+00
1.392730125115089868e+00
1.372679326845366754e+00
1.417802599713157807e+00
1.333106198340894277e+00
1.418883904022521181e+00
1.429428653263093540e+00
1.417951754047538371e+00
1.384303577535639374e+00
1.428871887336478297e+00
1.358731532854458024e+00
1.407410407184123358e+00
1.470631552108541795e+00
1.395988202927677779e+00
1.398338051697507467e+00
1.407529673960203231e+00
1.398590368286512842e+00
1.407992524415457192e+00
1.401109007500924486e+00
1.426129842232787714e+00
1.435329410404359685e+00
1.411699820902651670e+00
1.440685682972888904e+00
1.398592200094258775e+00
1.391669790727065426e+00
1.365855033335566793e+00
1.387593202004246740e+00
1.372374512309472161e+00
1.363682558926947230e+00
1.398090581404878963e+00
1.434559929729799066e+00
1.419316178937484407e+00
1.377287232703007902e+00
1.423451039052942457e+00
1.371468577831347346e+00
1.412177232630064116e+00
1.363261871441860729e+00
1.408565256709774172e+00
1.427286619735501638e+00
1.430496254902714259e+00
1.460690561306832169e+00
1.473743009083691602e+00
1.506762620739938940e+00
1.416216776985138370e+00
1.410079122498930193e+00
1.417361025879929404e+00
1.485072587301615066e+00
1.444816735504204086e+00
1.405371345934313121e+00
1.350358666334064761e+00
1.379229810480090190e+00
1.422868386053670386e+00
1.450858065461531732e+00
1.395189046159671431e+00
1.435733748061307047e+00
1.440946802788824144e+00
1.433420440317598743e+00
1.440180339854687519e+00
1.407803157428280771e+00
1.418790113506042561e+00
1.418439041441234227e+00
1.414962462726517822e+00
1.366215696751785114e+00
1.409480299660946123e+00
1.418944487312588487e+00
1.444134267397507276e+00
1.386223269426768434e+00
1.367069087743588485e+00
1.416697245502942737e+00
1.406850588663456358e+00
1.411020290376999720e+00
1.405898610540188276e+00
1.392997072374022371e+00
1.435739053141724009e+00
1.405724217470344151e+00
1.405923815030920121e+00
1.409104501855849234e+00
1.430783864613566880e+00
1.416733327864696079e+00
1.418263208119779906e+00
1.429032877938450241e+00
1.403086088255989461e+00
1.409051004576387545e+00
1.453650193468858154e+00
1.416667314720940540e+00
1.444772407779346901e+00
1.459412441034539931e+00
1.429466313242875541e+00
1.429338651847802844e+00
1.408731396172418382e+00
1.439705051800431290e+00
1.388231378723045584e+00
1.418747668182426924e+00
1.433102678326026780e+00
1.419595073249347417e+00
1.441604501758403600e+00
1.466247861777557837e+00
1.449501818336419223e+00
1.420071604301344381e+00
1.430639613021071899e+00
1.438082854609695982e+00
1.423961800430855629e+00
1.406927290866405000e+00
1.426368966873340138e+00
1.442849244290285826e+00
1.432554837119898838e+00
1.442193866699558624e+00
1.439470051958925190e+00
1.453197355258491363e+00
1.423926101987115445e+00
1.426764503015619301e+00
1.426095892404975141e+00
1.436578493935775525e+00
1.394177071703191384e+00
1.387735350231134701e+00
1.382257660083218154e+00
1.385097297604329647e+00
1.384143351474587114e+00
1.415367055080555714e+00
1.451902922764086279e+00
1.424244654825267409e+00
1.317361020285612083e+00
1.408263269116151850e+00
1.397818519178568586e+00
1.417984980982914589e+00
1.405870200822805449e+00
1.407377547821842656e+00
1.418550511343788623e+00
1.402225531606095421e+00
1.425908371934520247e+00
1.429299712335850847e+00
1.412145713178235562e+00
1.425259537496624818e+00
1.394322236423747308e+00
1.436544342375419170e+00
1.418581119345717623e+00
1.424325810281080962e+00
1.426788356449761874e+00
1.413732892045500344e+00
1.430981970744241716e+00
1.450642331478028568e+00
1.432528903784588081e+00
1.374854531328818741e+00
1.364619362525033130e+00
1.400865016944415009e+00
1.404770770259302637e+00
1.391990247644006473e+00
1.401142291730402167e+00
1.431805783076508076e+00
1.463916189745636753e+00
1.377119586482524971e+00
1.394098391893986877e+00
1.383509784691526301e+00
1.435320545646961543e+00
1.400690046612844464e+00
1.432623846037010207e+00
1.419178024598198862e+00
1.417778251813579526e+00
1.414936788475590124e+00
1.435380615185529729e+00
1.431150368694494412e+00
1.412652040625697270e+00
1.417333577795129695e+00
1.455525121120422316e+00
1.436731614501963517e+00
1.459669127643783426e+00
1.419415617870815716e+00
1.384709376643169954e+00
1.420706087965183162e+00
1.457936735756176549e+00
1.451374705488424510e+00
1.435470170890968067e+00
1.396602407558526604e+00
1.373100100661789336e+00
1.418362887489568847e+00
1.437260734197497891e+00
1.402500819059970150e+00
1.394242895926165238e+00
1.417564432652191675e+00
1.414590891948487528e+00
1.403806707452183167e+00
1.430337058244523396e+00
1.395299514987572431e+00
1.430332606697185760e+00
1.400939338587404270e+00
1.408716246864310406e+00
1.412220184512777754e+00
1.416367357912775571e+00
1.417270600500947664e+00
1.417257489649657920e+00
1.393395101522514112e+00
1.433481392975853197e+00
1.429316539724645896e+00
1.461305690623204923e+00
1.448377765015109953e+00
1.400701372013715362e+00
1.415873311817655411e+00
1.480980869625580176e+00
1.417442081359505224e+00
1.442238159152040344e+00
1.430763182662764699e+00
1.431157722785477926e+00
1.460062458645663863e+00
1.453649750371859506e+00
1.434089059099089347e+00
1.430833580735446198e+00
1.436204782582502837e+00
1.460041698098267116e+00
1.422961533132603318e+00
1.476063679823164998e+00
1.429856129151455768e+00
1.442071779083098804e+00
1.447149446632367997e+00
1.411125954914780323e+00
1.382178551930629773e+00
1.442272931486752396e+00
1.469622883614484898e+00
1.431934760989953315e+00
1.408764483253214905e+00
1.420501179535894831e+00
1.411433917585934950e+00
1.401396367823736444e+00
1.427306603686968822e+00
1.454082494337236131e+00
1.402836097451858777e+00
1.418685528849571886e+00
1.460542270536504095e+00
1.429022762253308709e+00
1.421399447627243795e+00
1.433019126599310855e+00
1.461747029822267008e+00
1.393228936924492123e+00
1.397333717763590055e+00
1.358249654729549949e+00
1.436776610484636452e+00
1.403741949925452204e+00
1.426913949965941564e+00
1.430992264930006197e+00
1.470583570769194548e+00
1.470700179082940595e+00
1.423810757957634232e+00
1.445206100590149312e+00
1.431008423873734614e+00
1.423827652428216739e+00
1.438270280127291079e+00
1.410338414473953916e+00
1.406315142506213700e+00
1.435217308949019888e+00
1.426195622824328879e+00
1.446507336349027062e+00
1.474358952467531347e+00
1.467922678365882971e+00
1.423467876679153310e+00
1.365475274372975667e+00
1.371115034746476891e+00
1.331491509505666082e+00
1.297537413223059044e+00
1.304435185543993514e+00
1.302502200465968540e+00
1.306255366969995890e+00
1.283069970440936514e+00
1.278817214624117460e+00
1.298798441403790749e+00
1.327072584970270919e+00
1.367345382355040551e+00
1.391272753796192641e+00
1.415963584310449219e+00
1.449515863548450412e+00
1.461949473251892506e+00
1.465047410158766494e+00
1.458019158771807211e+00
1.471583839454877252e+00
1.440446478481052894e+00
1.459561700369331749e+00
1.462110339970111417e+00
1.463994597482046522e+00
1.429949242721844316e+00
1.437764671722320697e+00
1.463633364288728256e+00
1.427771192406586120e+00
1.457551998518656466e+00
1.441997111250125307e+00
1.410379868766540090e+00
1.421068385033362080e+00
1.423597733328909154e+00
1.462582251993512772e+00
1.453996966052927498e+00
1.465417997675862782e+00
1.443913568932041702e+00
1.453381616833612888e+00
1.442423757119482453e+00
1.412614682151799306e+00
1.423276318024646159e+00
1.428600551417330777e+00
1.424435601973393695e+00
1.458573035080105385e+00
1.392823916965881814e+00
1.407580894396391891e+00
1.473951962841897556e+00
1.480989348837312702e+00
1.470828915440162366e+00
1.444697685223228500e+00
1.472177783340913537e+00
1.440060496968636139e+00
1.421513457888651466e+00
1.462487710037452038e+00
1.447027621570324385e+00
1.469505981297302144e+00
1.452030453103317020e+00
1.426197641677868111e+00
1.463725657178241546e+00
1.468122178288165935e+00
1.406527431937713457e+00
1.465086439705115318e+00
1.441802543354661958e+00
1.493859690364265358e+00
1.410813556628810250e+00
1.465292818177563738e+00
1.455712098834372581e+00
1.476256293878694503e+00
1.492903009516811208e+00
1.508974772421492361e+00
1.469417502434237077e+00
1.486948361482346659e+00
1.446550313470139404e+00
1.457007278846143894e+00
1.462183449333026797e+00
1.505933659102613120e+00
1.485966045963173388e+00
1.440642499577042379e+00
1.462641290879669320e+00
1.415626694122255280e+00
1.366159860487470290e+00
1.389323097447295208e+00
1.403694924718319248e+00
1.400469031480586324e+00
1.369820616255535528e+00
1.422512422499873086e+00
1.453158116010228262e+00
1.460756031234704988e+00
1.379588895776579172e+00
1.528153457256869130e+00
1.462101884624865678e+00
1.642704734772297837e+00
1.453110242562445587e+00
1.480130927803856355e+00
1.528534842416777062e+00
1.491133867202435237e+00
1.450585243270463565e+00
1.465098600470796431e+00
1.434844232370524608e+00
1.486114638203694716e+00
1.472799744788660048e+00
1.523483955664140632e+00
1.496520175378198703e+00
1.442373507790878362e+00
1.454413628976015671e+00
1.434259627159209183e+00
1.485028808022909930e+00
1.415541660343246688e+00
1.446013725587160126e+00
1.422345023860351221e+00
1.444374322705841207e+00
1.476071585624929128e+00
1.516222200264069508e+00
1.458067085766542759e+00
1.389130262578569974e+00
1.434057112596123451e+00
1.436318253086208419e+00
1.428624585852206641e+00
1.384451707861423353e+00
1.324359084640845730e+00
1.270615517597598609e+00
1.297467592618147147e+00
1.355232976961049829e+00
1.351685789876948762e+00
1.353106610430482526e+00
1.412435657037365289e+00
1.433555151784349224e+00
1.437378267926004316e+00
1.462673965513012764e+00
1.399196744020655858e+00
1.401160783118326369e+00
1.372086813475994260e+00
1.416989098295756477e+00
1.449864079858956378e+00
1.397699100953895712e+00
1.346800836725126516e+00
1.408852369363552848e+00
1.441890857281914018e+00
1.470937068998170227e+00
1.417966432509942809e+00
1.413577746651567768e+00
1.395733158358965387e+00
1.414827082213432119e+00
1.398636835541982038e+00
1.435354104457558844e+00
1.431182640705604525e+00
1.447627016481285889e+00
1.441287865322417261e+00
1.482668188034062418e+00
1.484351988699595726e+00
1.492495894886643804e+00
1.453595351284413084e+00
1.527406530854672928e+00
1.524878402940221811e+00
1.486499315840205115e+00
1.430919207916531821e+00
1.407806016559087325e+00
1.393850285379173437e+00
1.372513570711336506e+00
1.387802792994059953e+00
1.365564380718157667e+00
1.377979721379598121e+00
1.368465856901097233e+00
1.359916874515336715e+00
1.358076233752224526e+00
1.332278065745636564e+00
1.401279281178182679e+00
1.367765762569618904e+00
1.401905482141273085e+00
1.419837706539054611e+00
1.412369653810028547e+00
1.389109504335453549e+00
1.410851191287839868e+00
1.424823976099716116e+00
1.436026197928625292e+00
1.407381093978219644e+00
1.430565262041719521e+00
1.381700784707899476e+00
1.384698994528523519e+00
1.489308764110835348e+00
1.444476895798983751e+00
1.465633604662287759e+00
1.422309472865162849e+00
1.380480508167326370e+00
1.449183434800872972e+00
1.412831436397136597e+00
1.404981160798922657e+00
1.413551749114620115e+00
1.436132562174969873e+00
1.418264090750085415e+00
1.358779383042779676e+00
1.391873588810334850e+00
1.428750342776030191e+00
1.444360547498655389e+00
1.364243112181228401e+00
1.385229052155187102e+00
1.366639372671554442e+00
1.377024012985185841e+00
1.383089117641914889e+00
1.387523234203483558e+00
1.348463129128395277e+00
1.381827802885216894e+00
1.326170821049899029e+00
1.341992678633356695e+00
1.336262489659870933e+00
1.368219294018382604e+00
1.421857844792269399e+00
1.405399718023327527e+00
1.369678265978269804e+00
1.361587930025772719e+00
1.424738300668490165e+00
1.392057023333886923e+00
1.416218356811518309e+00
1.432346784228807124e+00
1.402121033067139422e+00
1.428700651537401667e+00
1.427188712037610996e+00
1.443438098596156127e+00
1.425417104959844306e+00
1.407048677178019069e+00
1.399298664677633086e+00
1.396792976436634248e+00
1.411148724637525609e+00
1.419799288867789500e+00
1.436009215321623067e+00
1.431098214577004146e+00
1.442526459744666312e+00
1.403611552195232370e+00
1.394747790174598379e+00
1.488363260206198913e+00
1.465963425798959330e+00
1.467248120740867190e+00
1.407311935475666020e+00
1.413296140620947439e+00
1.440292640735919116e+00
1.392917972281738193e+00
1.381450454109201864e+00
1.447633257632336967e+00
1.448040547258872213e+00
1.408822104656529905e+00
1.326576309755251648e+00
1.336831422077989551e+00
1.282620611660283627e+00
1.253995079956973457e+00
1.294330520932632123e+00
1.283981144462550406e+00
1.254204255679119084e+00
1.323806663867058475e+00
1.290666490886736018e+00
1.288992637698147981e+00
1.298975824604852836e+00
1.271034499019947361e+00
1.308312887652528955e+00
1.333331442788704413e+00
1.278157893535945222e+00
1.312964537557426148e+00
1.305504808777477654e+00
1.290711895708178458e+00
1.321340376196647792e+00
1.278991627037677548e+00
1.299497142540974481e+00
1.283829371694209964e+00
1.277993793435200809e+00
1.300471045354859134e+00
1.273696017602496955e+00
1.300514671983332260e+00
1.293423049880595643e+00
1.275714772312718459e+00
1.270069625412460601e+00
1.288557351467704004e+00
1.289978990855153107e+00
1.323608077148889395e+00
1.324597404018973412e+00
1.360407030476220358e+00
1.388670427740236857e+00
1.392030070138257525e+00
1.378501659924697309e+00
1.380945964932690950e+00
1.358745585982056303e+00
1.337424460529405890e+00
1.416205869421822250e+00
1.371985654775121688e+00
1.407847052463192083e+00
1.377141036336029467e+00
1.383532846446305253e+00
1.365077792255893874e+00
1.414662943446714172e+00
1.428106825092118282e+00
1.488337292796531486e+00
1.412171817392748219e+00
1.385997034263062311e+00
1.603358723362282801e+00
1.493147732678390405e+00
1.433349201220518454e+00
1.427561599941581383e+00
1.366545018608959383e+00
1.369769948795933834e+00
1.411976274338652582e+00
1.347292399651629058e+00
1.523143178472422532e+00
1.445585268569623105e+00
1.451488332736575737e+00
1.460548949592670231e+00
1.484628441561685941e+00
1.576206519077062884e+00
1.502654377881206038e+00
1.433141262184915776e+00
1.514081767182837934e+00
1.523710515145238364e+00
1.514727185996585179e+00
1.424614770979440559e+00
1.475021131855137391e+00
1.528872077117318540e+00
1.474104601203885867e+00
1.516534261108919424e+00
1.544349812539490108e+00
1.566708041347019797e+00
1.583485550704158751e+00
1.506951314539070719e+00
1.531334724300877914e+00
1.556204846627312177e+00
1.625690680834831259e+00
1.599313890347358935e+00
1.629527244277898523e+00
1.631817586105300366e+00
1.526969268593250773e+00
1.693842137468345221e+00
1.441660403439238625e+00
1.498505205135185037e+00
1.553384452089548784e+00
1.702823868119012207e+00
1.469894453068638418e+00
1.546891780723719245e+00
1.550628387355802884e+00
1.540345638154206220e+00
1.620586286447405433e+00
1.687062265977743225e+00
1.748996232855019262e+00
1.789262137909265693e+00
1.902671061056250723e+00
1.641255127103804945e+00
1.627630375732588952e+00
1.648271890792695205e+00
1.627398000144365975e+00
1.600988339493780721e+00
1.645390332912825659e+00
1.605072507580100005e+00
1.704358273475526264e+00
1.675487956221866970e+00
1.778118372662882862e+00
1.792206791915927244e+00
1.813567768814610348e+00
1.706967844710550741e+00
1.571220980638294851e+00
1.527290171739530411e+00
1.456277934082445213e+00
1.497359669714508179e+00
1.466674546899773057e+00
1.511335273057454520e+00
1.484551729083673166e+00
1.544812372578010962e+00
1.495294994158187230e+00
1.524520555507133057e+00
1.609695210688910860e+00
1.634674632562715502e+00
1.680378942119152841e+00
1.665944062884159971e+00
1.599063860110297774e+00
1.652694719078768637e+00
1.578222600414765697e+00
1.644842729407278936e+00
1.515824251314444870e+00
1.457191947666272913e+00
1.487260709510686896e+00
1.454292021697979997e+00
1.482433049630358157e+00
1.454128301001885948e+00
1.459579448587347006e+00
1.423537573497068998e+00
1.491065328177704652e+00
1.454850708216656408e+00
1.547919888614816886e+00
1.479720040566678607e+00
1.495915388540741908e+00
1.390947963660750686e+00
1.465268287291099369e+00
1.475951712462384879e+00
1.513294065780220521e+00
1.482474061722359293e+00
1.488530595890943831e+00
1.489515067697943618e+00
1.520350938297989396e+00
1.458610796873576199e+00
1.432520433420808370e+00
1.443248422800355923e+00
1.494416273483921254e+00
1.535228927060047432e+00
1.506062586165256567e+00
1.529747528432313652e+00
1.536549306373810708e+00
1.547928463137449251e+00
1.497081154573169703e+00
1.472865710217992063e+00
1.503299552870850153e+00
1.499458170984905081e+00
1.506495399238800603e+00
1.468912083396424872e+00
1.479657728652621573e+00
1.551476401301157049e+00
1.517264166110443568e+00
1.383397385057080209e+00
1.363496975507245690e+00
1.371760913525804426e+00
1.422113262967522163e+00
1.412198778937261645e+00
1.396097091690288394e+00
1.336835268836222612e+00
1.322739299733804996e+00
1.339866648247961978e+00
1.345411398991965157e+00
1.381175093582536428e+00
1.428684810552933726e+00
1.432414382744253478e+00
1.316682259618395801e+00
1.362766469262482127e+00
1.430885702916100399e+00
1.386504835456729534e+00
1.381324286727523276e+00
1.433067958079193183e+00
1.416631451867408353e+00
1.391235601379191777e+00
1.389749148080808849e+00
1.428015978769656469e+00
1.407291645484950893e+00
1.402233213110366528e+00
1.407435250201863886e+00
1.384077943784602471e+00
1.382705208197971158e+00
1.367392827816610756e+00
1.374978610275652491e+00
1.410754178645394985e+00
1.350813748442295070e+00
1.391721491225760943e+00
1.364763864708452568e+00
1.391213944398400404e+00
1.382281698477226373e+00
1.388532899291654132e+00
1.414142702312549904e+00
1.374550428072798702e+00
1.396714006550209719e+00
1.388711463169878035e+00
1.433471465992000482e+00
1.364938921133536320e+00
1.387990866468469475e+00
1.320754863219607111e+00
1.406197306305413175e+00
1.418418923159904255e+00
1.369193808339760565e+00
1.330580542292503221e+00
1.360025162246537134e+00
1.418223696218217755e+00
1.359651273236991420e+00
1.366072373113580207e+00
1.403585303858523314e+00
1.457739119523273841e+00
1.417502448363563206e+00
1.386300903006781882e+00
1.337352247205028322e+00
1.282098545135187839e+00
1.318660066607192149e+00
1.348321335684076416e+00
1.388534055733001260e+00
1.417297705590090384e+00
1.400775109619352143e+00
1.440194660026041795e+00
1.578359382602305683e+00
1.435690308419419914e+00
1.475504017783814792e+00
1.515639344442878844e+00
1.415713855737954718e+00
1.470216584390508840e+00
1.429471108404950286e+00
1.417183364100812692e+00
1.414519226591416601e+00
1.455560922906361077e+00
1.419635654360011934e+00
1.461442070135372973e+00
1.435477813904543432e+00
1.437497042467773989e+00
1.440649336047311158e+00
1.450324499201467665e+00
1.438294744937167469e+00
1.468824753718003695e+00
1.460458544170467388e+00
1.566634049317688238e+00
1.526870810966526992e+00
1.563730071873631555e+00
1.634365149401705297e+00
1.573308574058156939e+00
1.469315873835004949e+00
1.633621197112498757e+00
1.592733529286375127e+00
1.900945971740616969e+00
1.953305273735845393e+00
1.939449053940070611e+00
1.814547159399594989e+00
1.882180363242767163e+00
1.964509241909217607e+00
1.950535420651528185e+00
1.825872894680416803e+00
1.768087178690386674e+00
1.917221635255171419e+00
1.868101801484625346e+00
1.568472264913143066e+00
1.499022743899426358e+00
1.552634216097138919e+00
1.428245665774847240e+00
1.400245678710440478e+00
1.353528392154635274e+00
1.440809441122024470e+00
1.594609933513861044e+00
1.685655587471295513e+00
1.659035037793924694e+00
1.650720773276426412e+00
1.556016036374581857e+00
1.704287482848661384e+00
1.631086681656771509e+00
1.568476937612466315e+00
1.496838935822640160e+00
1.527851800601494725e+00
1.387516985959779570e+00
1.338195297596689981e+00
1.369843405440849038e+00
1.339790910317920858e+00
1.346519030495028302e+00
1.326359639229211629e+00
1.384780588544508584e+00
1.334660312702566909e+00
1.361169018690923105e+00
1.424363207600612968e+00
1.371468173077132091e+00
1.380436435949059959e+00
1.401872926559606602e+00
1.405890962237126951e+00
1.385038828535572586e+00
1.432218390156206889e+00
1.431141930628498704e+00
1.384292360027194579e+00
1.405054373786996491e+00
1.378204638888487432e+00
1.381288915264736517e+00
1.391095887257766117e+00
1.525499114954379065e+00
1.568476212537615488e+00
1.417082957880378524e+00
1.440782652715005829e+00
1.478871575802488403e+00
1.419671906925925375e+00
1.427346811085638878e+00
1.473571030940256987e+00
1.399600158371470782e+00
1.486075163649730246e+00
1.466396162083725807e+00
1.500792085712356005e+00
1.474241132526502351e+00
1.490557483904928260e+00
1.458747354220643500e+00
1.471552134171427051e+00
1.469678178397527013e+00
1.468950323462224983e+00
1.435887265289503834e+00
1.472430664750354889e+00
1.466632851267153148e+00
1.465876598383379470e+00
1.445998691177476259e+00
1.441721817698183639e+00
1.464412602835253097e+00
1.444947566989853494e+00
1.508656718989665579e+00
1.451791881167798559e+00
1.493909624361726030e+00
1.542317234902777390e+00
1.475599759823555734e+00
1.449465364306922188e+00
1.436646905793214746e+00
1.358968892620517455e+00
1.390606734805885480e+00
1.364853252769404168e+00
1.391523115408575650e+00
1.349836726456418390e+00
1.331337270939025208e+00
1.363831665946166449e+00
1.352692384661542402e+00
1.372232435911147297e+00
1.385154604318203697e+00
1.376081573079250608e+00
1.411913314946706022e+00
1.400759610862761129e+00
1.359457979715761766e+00
1.485765305867240427e+00
1.467838717335512522e+00
1.517563493106885542e+00
1.447613739316539805e+00
1.400084729633092051e+00
1.427813698889870864e+00
1.444729676008758679e+00
1.492390238610604714e+00
1.467749336071036748e+00
1.432368395569984409e+00
1.484698372986642312e+00
1.510702885920608640e+00
1.519735178492866545e+00
1.372693869508647690e+00
1.407183948474934443e+00
1.446677749547448766e+00
1.442674168331566253e+00
1.408414131565632665e+00
1.517642434895775994e+00
1.379558091891874838e+00
1.466223840229075925e+00
1.385481114126347890e+00
1.380468746941114766e+00
1.390789571448560746e+00
1.347802002876513860e+00
1.396151374557836666e+00
1.393667717113437066e+00
1.535809153754844614e+00
1.497370445883441814e+00
1.511577355382532240e+00
1.467609354092819229e+00
1.504188529945723163e+00
1.482731265459912295e+00
1.461405251592523324e+00
1.485824900792373615e+00
1.506634169533877854e+00
1.509560792312395927e+00
1.503120535489411935e+00
1.493201728923196692e+00
1.512363387917581292e+00
1.491743003702263426e+00
1.492656159966318397e+00
1.510762207920505418e+00
1.406891449666772598e+00
1.421120261604803980e+00
1.507782247557621025e+00
1.488155986758475047e+00
1.383150490858295889e+00
1.387591443099802424e+00
1.367770424882225777e+00
1.399639624220898382e+00
1.353765667974288212e+00
1.347870066714832449e+00
1.373964638192100907e+00
1.387773778760499788e+00
1.410082787741941290e+00
1.396393901036171670e+00
1.372778770368578094e+00
1.409302617238943567e+00
1.385196528872583377e+00
1.411084428466494733e+00
1.422443913582069008e+00
1.415931897867739986e+00
1.402283563998179439e+00
1.433692765512136091e+00
1.500395803720508514e+00
1.459852315520573374e+00
1.434684851912728432e+00
1.430375632776843764e+00
1.403016414918035526e+00
1.401862612233895744e+00
1.381948628588926864e+00
1.409552174792323420e+00
1.399190764259397479e+00
1.477425294006013301e+00
1.444981067579538481e+00
1.531850183763705076e+00
1.433597294515050580e+00
1.437972372381141284e+00
1.452857800750470885e+00
1.442763469836180423e+00
1.418870682201097244e+00
1.456691783998664169e+00
1.477787602487487861e+00
1.488650238672646786e+00
1.488603038393898848e+00
1.401735979406685040e+00
1.372415084240651728e+00
1.365714131180733704e+00
1.372702861126210205e+00
1.395963267750230052e+00
1.410717117072494364e+00
1.385764732079385331e+00
1.451281198082439827e+00
1.318907986607561922e+00
1.360657233622083240e+00
1.329456839039653948e+00
1.369317409717393463e+00
1.354790597930089824e+00
1.350677102630391646e+00
1.426942490132176111e+00
1.463141010231552741e+00
1.477011942458847926e+00
1.464992216833691296e+00
1.401872302490020372e+00
1.473519324384550577e+00
1.439266348651905059e+00
1.483787481713878975e+00
1.485029287582602331e+00
1.439827149585334976e+00
1.484896177766541703e+00
1.468794227195134416e+00
1.393086563832824920e+00
1.429403942847250919e+00
1.300118998176480689e+00
1.327950434127975310e+00
1.278606311506133686e+00
1.330954444062771413e+00
1.325150340697789142e+00
1.367748586625993523e+00
1.372773158913461522e+00
1.352779052564796691e+00
1.312368749386453981e+00
1.326722487841157871e+00
1.368016670935657597e+00
1.318944455233306945e+00
1.313001602871570972e+00
1.355975287363486492e+00
1.347228378904310464e+00
1.400974153680003775e+00
1.338800391382469090e+00
1.339188140496319512e+00
1.331960060609381324e+00
1.407313964156656105e+00
1.421351735649492243e+00
1.375605064464002103e+00
1.448622379690954753e+00
1.414996040315458892e+00
1.360232748176779527e+00
1.382259071068983491e+00
1.418945528041121174e+00
1.352002429627789271e+00
1.415108314734113248e+00
1.401458566935024130e+00
1.434351960267869819e+00
1.489881131586407115e+00
1.424225465805961210e+00
1.507384710851090937e+00
1.419311349078684836e+00
1.448174097884399103e+00
1.396798253354284647e+00
1.371524896380830194e+00
1.384166780525188267e+00
1.358564087487591276e+00
1.337640692589628699e+00
1.356601756699864492e+00
1.362400960748475720e+00
1.311442809940930543e+00
1.348476937329462055e+00
1.318260701705032956e+00
1.291011820294949652e+00
1.329034458989849954e+00
1.327392941918843050e+00
1.369104137403141186e+00
1.407859103153646263e+00
1.390781556770750438e+00
1.412787260442321280e+00
1.421044035489615220e+00
1.410098549756006348e+00
1.383895997974605052e+00
1.405934764224167299e+00
1.402712948687811378e+00
1.382097437450614974e+00
1.383686804723932795e+00
1.414187715507848386e+00
1.405143178083576805e+00
1.397627191206434194e+00
1.400041413953901692e+00
1.385158103919266415e+00
1.402430020057252369e+00
1.405615170294679750e+00
1.401968616637147447e+00
1.389962632481165361e+00
1.381747405057668576e+00
1.363193510486525817e+00
1.336357705523314454e+00
1.399387658155435865e+00
1.396273267906524618e+00
1.416585404164099060e+00
1.476391338124851460e+00
1.400538635611224825e+00
1.385269689181924946e+00
1.392393251921031139e+00
1.391730522927469460e+00
1.375556232629894682e+00
1.384284862521865112e+00
1.385839611255702986e+00
1.374306826837221829e+00
1.345675851536983991e+00
1.298699646121281193e+00
1.335839164790282085e+00
1.346345212546030901e+00
1.312415223786517426e+00
1.339958451555251617e+00
1.379441913360087923e+00
1.362076747846829861e+00
1.337207686867224243e+00
1.355297027888223038e+00
1.376392182340433923e+00
1.387898499569354405e+00
1.402413604931896707e+00
1.379699950132895703e+00
1.365803239614083342e+00
1.344978889554584001e+00
1.287541940460581902e+00
1.301037896223327550e+00
1.323706452513631282e+00
1.307067581325603856e+00
1.297814612140099078e+00
1.319351924723377811e+00
1.383601510594093087e+00
1.333374657727368851e+00
1.378835950961326162e+00
1.327827835339151052e+00
1.353460511608444605e+00
1.333414248206023611e+00
1.332187326983687470e+00
1.320877040578171790e+00
1.323348245037776483e+00
1.331419375704466335e+00
1.337346053531317080e+00
1.341358867786204501e+00
1.285012048713080057e+00
1.287468903520222696e+00
1.298498597699544232e+00
1.293557193076449341e+00
1.316316356181178149e+00
1.313812048834267499e+00
1.283553117307760116e+00
1.294077401131467298e+00
1.302287280132668812e+00
1.317547282720113122e+00
1.326810563748307414e+00
1.290390316447672880e+00
1.310651905883348345e+00
1.299034197601298901e+00
1.317050062114764053e+00
1.301056015601410154e+00
1.315655502487578454e+00
1.321982922552894957e+00
1.362788742720863366e+00
1.336645809650153227e+00
1.306549753677642256e+00
1.330600761623654593e+00
1.298433779168884694e+00
1.332423666106595128e+00
1.309058543529523000e+00
1.301305980266149298e+00
1.328864090582374535e+00
1.295054592159456730e+00
1.308887722281896870e+00
1.354207755621276599e+00
1.337515601149000588e+00
1.367794940295495865e+00
1.333372654906597177e+00
1.328001262973568464e+00
1.354383087962909737e+00
1.370033501561979339e+00
1.385445469375038652e+00
1.435581068088774837e+00
1.468160506686964295e+00
1.445986514053921645e+00
1.539469275750815713e+00
1.615442961485815232e+00
1.459141113906171627e+00
1.479504695072198617e+00
1.499532848889863823e+00
1.435312548448431480e+00
1.452464518535839799e+00
1.395672538339377766e+00
1.407901288851218347e+00
1.444425715541972854e+00
1.356566950395982518e+00
1.480983582805725840e+00
1.532366435265969384e+00
1.443045091854891604e+00
1.470732981126527950e+00
1.489822157809530756e+00
1.502308591704914820e+00
1.526062617131923371e+00
1.508550503086178773e+00
1.480624900520854936e+00
1.472714216310188950e+00
1.459461016414846046e+00
1.501214492842779746e+00
1.486670370465911661e+00
1.386242180070377472e+00
1.413938248090864214e+00
1.416077568696538114e+00
1.434356845252234836e+00
1.489409683435585663e+00
1.445207652085149563e+00
1.505530881478238214e+00
1.463496071443507907e+00
1.443297387001272414e+00
1.462070473804502502e+00
1.468544348792188758e+00
1.484508110140909443e+00
1.391197305585949451e+00
1.462312021300379072e+00
1.516878929350818250e+00
1.462748043391592478e+00
1.458450179021107518e+00
1.513344394523619130e+00
1.442883322729778151e+00
1.417299567120868353e+00
1.472997168934253365e+00
1.488021449909420424e+00
1.447365438201005050e+00
1.579534979250944993e+00
1.465062449216608442e+00
1.438541495510690993e+00
1.455128189344917056e+00
1.416195513362741965e+00
1.434370015554246258e+00
1.552724869146757003e+00
1.451010307976126734e+00
1.444516210101653098e+00
1.422037003889294882e+00
1.390660293123395785e+00
1.390010412349907520e+00
1.391203586235288281e+00
1.386827270523491418e+00
1.362018342220867373e+00
1.379598005270386452e+00
1.377676092672002195e+00
1.394587424639002871e+00
1.391612616462814866e+00
1.391475486539623274e+00
1.395613785390175998e+00
1.405341478759001728e+00
1.401702146967381379e+00
1.427111636032592168e+00
1.450568952956838631e+00
1.510722611718104291e+00
1.457229165409202221e+00
1.418637627871965678e+00
1.450479410097560207e+00
1.411454856150843096e+00
1.446152388239181574e+00
1.364140289478876333e+00
1.445272161155349622e+00
1.475225138186810669e+00
1.396037795703054085e+00
1.350216864090214353e+00
1.415401195635652032e+00
1.384328529205094416e+00
1.396882957702426653e+00
1.368461530375595814e+00
1.371361747677869225e+00
1.434412774726921969e+00
1.389184179334139513e+00
1.413664130687117160e+00
1.458062297995982970e+00
1.464713190985455604e+00
1.400299532099191557e+00
1.378727538048230006e+00
1.391402787626449422e+00
1.371297705182438653e+00
1.405343600131762072e+00
1.398321372517354888e+00
1.392035158444743015e+00
1.391491421883512158e+00
1.398858495284520664e+00
1.412840412179609872e+00
1.404180195594195046e+00
1.326705439135460463e+00
1.333065117810314337e+00
1.324417939511785214e+00
1.322535729913204783e+00
1.344611592105850795e+00
1.344238007203329088e+00
1.321979284407358346e+00
1.363085402823777104e+00
1.425602553759794278e+00
1.368390401504018916e+00
1.414885945284689583e+00
1.358411636826851288e+00
1.369179456896348901e+00
1.454774918333676226e+00
1.367554165278955347e+00
1.360861522906892329e+00
1.370241693051612142e+00
1.382609307478740002e+00
1.303066093581475959e+00
1.343274909654130100e+00
1.352079691603595091e+00
1.412445300796235870e+00
1.393168180974682979e+00
1.356293072745081707e+00
1.353406168658188413e+00
1.363849745740034258e+00
1.342891434959090580e+00
1.339999932136094252e+00
1.334990349141611521e+00
1.329151497576008145e+00
1.321056998505472757e+00
1.329615137718791473e+00
1.350489388211435049e+00
1.347071253280249348e+00
1.331581077545954894e+00
1.399338630708506725e+00
1.410441669072972193e+00
1.385525792845197168e+00
1.414047259384497490e+00
1.422709056450641718e+00
1.401182945972323957e+00
1.422900212361390526e+00
1.379034794040032041e+00
1.411218539690865859e+00
1.430958678332871381e+00
1.456073631173263383e+00
1.400373691844099211e+00
1.419412480637088469e+00
1.427079051359949169e+00
1.417037313745493465e+00
1.426346673672695076e+00
1.466678463150515199e+00
1.408791954420173687e+00
1.480289372234892653e+00
1.419758417671678652e+00
1.404961325775534897e+00
1.420719536820789441e+00
1.403128123425747553e+00
1.501320854192281562e+00
1.435656158097543988e+00
1.460702936546752539e+00
1.458359780533897476e+00
1.382628357300205835e+00
1.430889588081360797e+00
1.444921881170238009e+00
1.426855611445964955e+00
1.440646756759531799e+00
1.423929476304984565e+00
1.370961620152477689e+00
1.395521053695464753e+00
1.421648302428958566e+00
1.452670005464821168e+00
1.418340169435286180e+00
1.388038330722015212e+00
1.437996875827836085e+00
1.404383960816804944e+00
1.422409379718500899e+00
1.430137745777018354e+00
1.419568854074762410e+00
1.466225521874453541e+00
1.535990745542819447e+00
1.522568516233357538e+00
1.497004829619674293e+00
1.483613603163974837e+00
1.525336312804470573e+00
1.450143995257611396e+00
1.483803938275854106e+00
1.403298911117550452e+00
1.437463308401611073e+00
1.462835450334272425e+00
1.538359827856121242e+00
1.451460984027022283e+00
1.406139250320877387e+00
1.469040590140912261e+00
1.431769256679921831e+00
1.456028464404753864e+00
1.397125231451768146e+00
1.359170774147638427e+00
1.408078442943653252e+00
1.413863312451804966e+00
1.360503489069621263e+00
1.369716891904947387e+00
1.383850143325041637e+00
1.401706944801502042e+00
1.425636788641058139e+00
1.419742137115285407e+00
1.466800122114279459e+00
1.484437888646361392e+00
1.487189411110180437e+00
1.482420510134965452e+00
1.525371671235101534e+00
1.496896331474940389e+00
1.414087972692817052e+00
1.371930293365609677e+00
1.446641612908550201e+00
1.444015855147956717e+00
1.419145723354153565e+00
1.394304550559185563e+00
1.487292844686330495e+00
1.602350232127347507e+00
1.604511250768399178e+00
1.561177937344390587e+00
1.530929429831363597e+00
1.495069819664830879e+00
1.498866835568424039e+00
1.519198066259550117e+00
1.535619698641898179e+00
1.515960470469006838e+00
1.441998300498057661e+00
1.527541962163438738e+00
1.454666117010661175e+00
1.507255801985420085e+00
1.523609826641719955e+00
1.513599579890162916e+00
1.542380530645491410e+00
1.547243734678197313e+00
1.537109255869642421e+00
1.525783338363960295e+00
1.505739150198649678e+00
1.502814278535700376e+00
1.528317818826088859e+00
1.555019757593734342e+00
1.572858605096591145e+00
1.612430322014535511e+00
1.563570015813272152e+00
1.568570644000575109e+00
1.545703742156459226e+00
1.526932503839334432e+00
1.561304526964343742e+00
1.601885280692694868e+00
1.598143179854801366e+00
1.534906004507235799e+00
1.567011639799252176e+00
1.413668124162823725e+00
1.401376332260062307e+00
1.358978785298512015e+00
1.405990244003421985e+00
1.400566123048680112e+00
1.382597650696501868e+00
1.347682124440591878e+00
1.412908835810401387e+00
1.367768082104542371e+00
1.394998655956768419e+00
1.425823106396082451e+00
1.388048757828252766e+00
1.482012636821659513e+00
1.435526078773385006e+00
1.423917620944653351e+00
1.363235879764520986e+00
1.378613018781758681e+00
1.361245950084920553e+00
1.297736714651322565e+00
