2.142666678393883473e+00
1.956357522635543411e+00
2.116296283125078226e+00
2.225627681437660321e+00
2.139668094597853898e+00
2.062763950433077476e+00
2.181833340975807278e+00
2.021612110918241001e+00
1.887132586141427204e+00
2.031124248931041709e+00
2.077106126684132192e+00
1.810298345864676417e+00
1.855663879404746419e+00
2.282099961627013229e+00
2.497547851714186251e+00
2.299285431072430441e+00
2.496400431508336126e+00
2.600132112815176200e+00
2.666053049430718414e+00
2.622363086571405155e+00
2.569380128149943765e+00
2.537046110185459113e+00
2.484452756904514725e+00
2.613241701941767303e+00
2.596366313363224876e+00
2.639505371374094800e+00
2.544940862442240714e+00
2.571324787846796855e+00
2.394058395062393263e+00
2.755673104281014307e+00
2.644397789130649823e+00
2.434169074912707398e+00
2.450717112851759971e+00
2.654262975851802597e+00
2.577494856785935262e+00
2.478960555259543064e+00
2.489253049851841482e+00
2.245612779221888733e+00
1.982078861878476150e+00
2.027002375575890802e+00
1.839190083989643565e+00
2.042657224724472087e+00
2.043002878069991368e+00
1.976061050574605904e+00
2.096096090054024863e+00
1.967859958419336364e+00
1.908260182541661409e+00
1.900503847615724329e+00
1.969487036934178592e+00
2.053068669256816747e+00
1.986685954450307268e+00
1.906339208628967219e+00
1.844180191022430915e+00
1.717510617621790026e+00
1.794991012359774540e+00
1.695073969687592053e+00
1.813633424034406305e+00
1.926827804087047014e+00
2.111657152103758150e+00
1.927875602410392686e+00
1.990734369975897922e+00
1.940177768578392747e+00
2.114764230681332347e+00
1.982323626364650426e+00
1.864440154774808400e+00
2.035427530773850080e+00
2.115352445993672781e+00
2.067079236552657573e+00
2.014405350417530105e+00
2.000527801368277458e+00
2.199820477901889060e+00
2.594187030397278271e+00
2.444412223986957233e+00
2.712463366613375726e+00
2.492306371748551186e+00
2.659740138449566249e+00
2.768940583863755300e+00
3.009988305986703860e+00
2.868024742311707342e+00
2.661845582195256465e+00
2.457524315941927995e+00
2.301829632463675779e+00
2.357758681715520055e+00
2.515642197948700698e+00
2.435104314052904062e+00
2.078603912719013458e+00
2.430431823444426431e+00
2.402293141936150622e+00
2.240975424265093885e+00
2.455853521568301723e+00
2.547944326248683833e+00
2.353935671761227422e+00
2.229849444589956153e+00
2.009625725028002297e+00
1.952117363847782006e+00
2.025782773996915864e+00
1.936701802127222871e+00
2.212762756132105491e+00
2.239493052594126787e+00
2.143037874843620294e+00
2.104125114019637532e+00
1.974769999315292512e+00
1.935558155380594947e+00
1.956720339326107450e+00
2.127268100185121469e+00
2.349456733905356032e+00
2.312135368075012298e+00
2.352603073622689500e+00
2.300026869394265372e+00
2.432990082443896807e+00
2.340001747347215222e+00
2.152030369200322202e+00
2.123716767108024150e+00
2.342435456505649771e+00
2.439365108276192462e+00
2.380473085014202628e+00
2.494236317908355982e+00
2.276927306378897953e+00
2.272406497298767647e+00
2.392571053358802047e+00
2.299674847103916342e+00
2.379126922988108017e+00
2.636572997711746247e+00
2.618133088159765531e+00
2.616339385290951558e+00
2.752629632416192518e+00
2.729591147155574937e+00
2.697917931359445465e+00
2.439964895168118098e+00
2.738890042893114440e+00
2.537349490204602098e+00
2.528857145317496169e+00
2.549017838627853472e+00
2.850829183211228468e+00
2.679341276273528472e+00
2.561448918223345750e+00
2.464373527467523139e+00
2.413440632681628006e+00
2.426444619687278870e+00
2.408280256095542970e+00
2.441930226579548169e+00
2.423671100339817475e+00
2.133596343090931935e+00
2.052276223901361885e+00
2.034902796924666468e+00
2.040548395760313216e+00
2.059551166344572692e+00
2.051274128766474192e+00
2.241259542600281041e+00
2.532622594505666402e+00
2.660255770939922382e+00
2.678054652627925414e+00
2.403450976809313744e+00
2.277763239960819863e+00
2.410596108626138712e+00
2.383717527692461591e+00
2.345359416222908333e+00
2.306379503061096514e+00
2.285891213455744087e+00
2.410737605043287157e+00
2.339754006587348112e+00
2.317893188220678802e+00
2.460813371072223532e+00
2.464864114239698090e+00
2.440804648451601722e+00
2.411458546002338554e+00
2.484271683387532459e+00
2.527574087984719053e+00
2.534483281162309254e+00
2.583798149756789897e+00
2.803122856300681143e+00
2.883702040465008221e+00
2.821676222751591023e+00
2.650867774795142573e+00
2.682016772857474418e+00
2.653528730425293691e+00
2.629405631807537613e+00
2.557461964087518691e+00
2.636392156744383986e+00
2.534862993180931223e+00
2.401809390172000569e+00
2.403161497727472451e+00
2.551446522539370765e+00
2.440206411297612732e+00
2.434299080805700122e+00
2.596879595409487429e+00
2.772653783479558598e+00
2.662855661189144296e+00
2.675437158595038944e+00
2.596680759354765833e+00
2.649284586235988392e+00
2.760799880760471670e+00
2.622192026762625527e+00
2.680708982990223088e+00
2.606801630498691402e+00
2.577136911273465891e+00
2.577370369872755695e+00
2.449665851745579381e+00
2.480853376364991369e+00
2.405798190703181128e+00
2.371413381269061205e+00
2.505474895143620540e+00
2.449391506153942633e+00
2.301625949997608167e+00
2.297416156430332812e+00
2.336011007865658407e+00
2.362942380324730696e+00
2.424100815922001217e+00
2.324578026643664863e+00
2.426019940444240852e+00
2.211697830767106243e+00
2.340227662057306368e+00
2.356080679895745433e+00
2.310780121975354096e+00
2.581353983930988694e+00
2.342571086158162785e+00
2.397938974870900353e+00
2.349075475477505837e+00
2.600815514951646090e+00
2.574123745905641414e+00
2.737260153743916291e+00
2.628742754366219625e+00
2.567880693566695349e+00
2.718068962445344461e+00
2.899579578745723918e+00
2.834244375593438114e+00
2.666435411832579483e+00
2.770490459755635015e+00
2.761833372674051379e+00
2.691631700685325423e+00
2.502665105048714533e+00
2.436542982595699236e+00
2.523651314304588666e+00
2.592462052649481041e+00
2.560521240119167707e+00
2.406893946742977963e+00
2.307836713337119594e+00
2.259142774312674185e+00
2.350182939385759617e+00
2.349407754465086207e+00
2.381724684760661237e+00
2.469849382674710547e+00
2.477410014207933830e+00
2.412602473617458276e+00
2.499972473248195382e+00
2.336803413340519331e+00
2.032127834700778291e+00
2.098349006074832879e+00
2.202528189588052410e+00
2.105294207880316293e+00
2.195259195693709753e+00
2.205119935653930163e+00
2.066743306301562111e+00
1.935706879108452183e+00
2.051724847661650308e+00
2.113930134553657414e+00
2.120669918863165915e+00
2.047280645333194649e+00
1.946128426876882589e+00
1.789387593458274806e+00
1.767883313142522450e+00
1.895280899126886132e+00
1.753667964512226396e+00
1.894367723205260257e+00
1.793866896261428812e+00
1.779094771204155601e+00
1.762044674004361156e+00
1.780549798150575347e+00
1.724967826195541676e+00
1.774479111909810669e+00
1.682369536477541061e+00
1.711416769094997514e+00
1.766465266349952046e+00
1.860906428446951866e+00
1.860072438842228504e+00
1.849272863205241535e+00
1.852560790515703548e+00
1.696074720485765353e+00
1.651404276396779114e+00
1.763313988395593279e+00
2.050287271589750659e+00
2.163042530168474364e+00
2.180809505016492622e+00
2.215946058046806222e+00
2.161831558157829125e+00
2.051104731488367694e+00
2.063844620512366834e+00
2.048645470511345490e+00
2.036747421502804301e+00
2.053390084932926296e+00
2.047273715150829343e+00
2.142164093539300929e+00
2.140351411621857380e+00
2.165798899296533353e+00
2.184152669782863043e+00
2.211696565837825812e+00
2.360780460828683758e+00
2.166902887812234724e+00
2.224021578580458236e+00
1.985430581502740432e+00
2.040075170879120936e+00
1.997745815914393042e+00
1.974375624479164149e+00
2.226809378007064577e+00
2.062325226586840365e+00
2.214714894728991634e+00
2.341041827920055773e+00
2.437622085896321344e+00
2.108060692790162172e+00
2.097830494696356407e+00
2.382649526525478567e+00
2.443844679162277433e+00
2.552925707473517214e+00
2.568243590556966272e+00
2.327769561644667640e+00
2.472061330787298061e+00
2.295395202751675967e+00
2.102933481742522037e+00
2.122569103623624276e+00
2.185763124588198991e+00
2.055637970729087272e+00
2.088409893684824770e+00
2.223173061754478042e+00
2.007350615124621651e+00
1.941976253569954736e+00
2.003862353322389822e+00
2.026260902132900554e+00
1.959695866152386001e+00
1.849174986237864582e+00
1.774015286951681203e+00
1.738460971145926681e+00
1.799223588765723747e+00
1.902507182159903776e+00
1.865064687094099449e+00
1.823601596664318869e+00
1.991578338142283355e+00
2.102059079802343522e+00
2.005382524949525180e+00
1.923856201097916552e+00
1.828278976271122902e+00
1.645963224604432229e+00
1.714242982463934473e+00
1.695456074062507534e+00
1.690367929563955762e+00
1.707755717527729367e+00
1.673464711795104032e+00
1.737859576164705766e+00
1.697604786878658123e+00
1.719846002973137944e+00
1.684538561484189456e+00
1.652356182871253631e+00
1.559616912630318986e+00
1.563239896637490300e+00
1.531119409238141493e+00
1.483187389514235566e+00
1.505800564057349744e+00
1.654260871939847943e+00
1.761243327973254003e+00
1.728059374345775723e+00
1.798274625399032933e+00
1.878406493436534763e+00
1.813662382872748280e+00
1.849052778624348470e+00
1.804230261317161466e+00
1.733896049505180725e+00
1.759129866868642367e+00
1.636903160970246907e+00
1.561176031908276807e+00
1.542611838792656842e+00
1.574362607229029098e+00
1.562826508471178322e+00
1.653109166664343821e+00
1.574826033512925827e+00
1.682524048657996874e+00
1.680477116561246431e+00
1.735733009170599361e+00
1.678367462524565479e+00
1.636391415810975136e+00
1.601043582337694948e+00
1.609662126597454002e+00
1.548257882104813410e+00
1.602473095341394149e+00
1.516168156594753791e+00
1.682169863368090601e+00
1.668618710135260530e+00
1.654912121367479561e+00
1.775061444547760381e+00
1.726374423856175788e+00
1.596105285113115224e+00
1.424272991453829240e+00
1.441980992175546428e+00
1.418331002779354533e+00
1.484508211969999492e+00
1.498332469355268204e+00
1.602416853321948942e+00
1.507958729588504632e+00
1.607754984989096858e+00
1.534893711588903420e+00
1.574078827330551933e+00
1.802043521454453678e+00
1.771417250418076517e+00
1.737820930718398937e+00
1.857317953470466909e+00
1.948545819989947470e+00
2.053796196729363199e+00
2.006561806587690455e+00
2.201888240070232428e+00
2.042822289622546084e+00
2.066522298284493075e+00
2.012570464369216161e+00
2.136124819464500835e+00
2.025824493957635308e+00
2.153788165416428146e+00
1.972155645215644570e+00
2.144803722880386676e+00
2.061886655106339727e+00
2.201920088206370529e+00
2.339345553954429668e+00
2.161673106517872700e+00
2.287616214708168894e+00
2.568653897971592492e+00
2.534989828152042879e+00
2.390738627028186514e+00
2.636429073239379584e+00
2.539016254950349882e+00
2.433613713971920500e+00
2.196067429778647107e+00
2.307085791802639729e+00
2.307037893845846011e+00
2.380259982925871931e+00
2.295243859044910906e+00
2.233631485895846591e+00
2.324222656076955218e+00
2.429117854768045426e+00
2.548899476029063749e+00
2.510598752908932862e+00
2.497088341873560768e+00
2.262920125847371899e+00
2.456038580971358076e+00
2.590972568424279920e+00
2.563997090903062048e+00
2.516747471196409069e+00
2.466276279817399608e+00
2.549682576976931792e+00
2.482718044663814183e+00
2.337512701575675145e+00
2.455709233518197809e+00
2.346144864368385097e+00
2.184606430282670875e+00
2.321499947112055207e+00
2.187764510878419166e+00
1.988464947188887555e+00
2.194920513577851118e+00
1.934626034528930116e+00
1.760419044677945077e+00
1.734095251971173424e+00
1.596164567007030577e+00
1.686292326989224488e+00
1.657461847591145787e+00
1.697908545486496612e+00
1.671081293117912203e+00
1.669928051964065796e+00
1.780986383745523760e+00
1.761747243965361198e+00
1.755057851574361116e+00
1.852888084405353242e+00
1.820369234234588740e+00
1.801094238692774629e+00
1.870531413062733517e+00
1.994987552378624018e+00
1.941416569557300686e+00
1.817949752224869986e+00
2.010889822651044323e+00
1.970785602344277132e+00
1.833922515884676807e+00
2.003200012078335313e+00
1.961529381329804034e+00
2.014448875141026551e+00
1.973479827030973244e+00
1.930021006550248330e+00
1.847084402247100243e+00
1.814057911558633274e+00
1.822504116339034974e+00
1.804182347078445492e+00
1.828917113047525911e+00
1.972856276391285579e+00
1.891129811463210242e+00
1.964398567346137492e+00
2.093692336893247852e+00
2.102313098588890039e+00
1.996923525268424315e+00
2.004814500192467541e+00
1.902420911077158605e+00
1.867695097543775606e+00
1.889828589347364085e+00
1.898639357065400324e+00
1.946807955633865106e+00
2.077227014958079376e+00
1.991782648135371092e+00
2.107549185163308358e+00
2.005110305277227667e+00
2.205716923046853850e+00
2.212680287060726059e+00
2.073462799005215906e+00
2.203188468297827551e+00
2.059327730964753300e+00
1.960757382083970324e+00
2.136998929037044803e+00
2.195124783955159309e+00
2.367643644850914608e+00
2.427310882244707368e+00
2.342721558619460964e+00
2.327947225309081158e+00
2.393179979549772352e+00
2.336743341000617313e+00
2.326026710843567269e+00
2.110720430888635146e+00
2.099513559563562115e+00
2.111415304224145473e+00
2.284081038638595906e+00
2.024768084115034394e+00
2.049770517864799135e+00
2.185900122546636126e+00
2.146121712946066129e+00
2.352871350530800321e+00
2.187014000688912496e+00
2.310264469522881559e+00
2.368672421925972049e+00
2.100532670091613152e+00
2.108813322582450578e+00
2.024560956358910424e+00
1.803099000784176509e+00
1.824374785521947206e+00
1.952286479242755224e+00
2.008897092525892436e+00
1.924863682700085787e+00
2.026313636029450471e+00
2.018526545538405159e+00
2.046547074078661321e+00
1.966714674898193849e+00
2.214932391918698951e+00
2.161328865154636958e+00
2.063693135865317441e+00
2.141228626227160259e+00
2.167434125387842414e+00
2.055126198561272766e+00
2.090825142931905134e+00
2.102127837683398948e+00
1.812896339770106557e+00
1.752499343169266144e+00
1.938905736222876319e+00
1.880865196152179841e+00
1.823372751218462762e+00
1.726427499816128863e+00
1.767679267538236232e+00
1.774876701751674890e+00
1.717343171751668063e+00
1.657529911939276346e+00
1.650889595014584099e+00
1.636482095001807524e+00
1.749026776470631539e+00
1.624917860301880346e+00
1.674904062044339614e+00
1.739344438031189988e+00
1.782216930624657580e+00
1.785324488156644573e+00
1.849595291481449744e+00
1.829808199507939159e+00
1.757496804557039605e+00
1.793738711408131570e+00
1.791002921914036872e+00
1.712558626985397847e+00
1.864476440579998950e+00
1.675867738410882879e+00
1.622332639619261885e+00
1.682968911413068813e+00
1.674728040327988943e+00
1.640764998895159810e+00
1.636490317215127943e+00
1.733951815384285444e+00
1.775945436339491312e+00
1.682925108700157324e+00
1.709636656747342220e+00
1.774877583082898225e+00
1.907023125613633630e+00
1.815035745827617397e+00
1.683912623619807203e+00
1.660368198117210037e+00
1.587471970574810820e+00
1.722892376595464015e+00
1.772730735937160018e+00
1.898965906462504183e+00
2.061480949538661456e+00
1.970878731218098867e+00
1.804329981505005120e+00
1.931905573895740913e+00
2.029150355270475270e+00
1.963201827022013957e+00
1.972459880985162339e+00
1.836503432199619201e+00
2.023815414361128884e+00
1.923905217472535067e+00
2.195917137885428083e+00
2.210440970309411668e+00
2.136216510492234377e+00
2.330559765295020291e+00
2.398939132472833968e+00
2.647262059328672201e+00
2.666248895960745546e+00
2.625985005775218539e+00
2.513416534829536086e+00
2.332083073198448542e+00
2.433410980562147774e+00
2.441366555463438281e+00
2.271798042099374637e+00
2.198965152332783557e+00
2.324086994685707452e+00
2.368864267167494209e+00
2.183350189035544897e+00
2.205094083232077562e+00
2.333146824172532163e+00
2.275078331385604891e+00
2.275046660357589179e+00
2.292578621706396813e+00
2.220664972879675236e+00
2.034439001942141445e+00
2.138906307420091579e+00
2.136230812855621775e+00
2.092771346013012401e+00
2.148817165984427735e+00
2.293606069728484798e+00
2.356649083689476232e+00
2.160172756957741136e+00
2.280845686117058957e+00
2.251138496710385350e+00
2.238770685636963353e+00
2.133572018215052601e+00
2.235858893687983517e+00
2.388387666506644802e+00
2.466279278227060168e+00
2.458539758976862277e+00
2.293752407546016503e+00
2.371016507074783952e+00
2.129203735774092721e+00
2.377077249545553883e+00
2.274462105691492653e+00
2.390595115384230418e+00
2.324888840405054058e+00
2.387096584494990736e+00
2.519374230351810517e+00
2.197782222379972339e+00
2.456903985690443548e+00
2.364817807147352013e+00
2.583558041755009693e+00
2.443905627152488602e+00
2.764789501387450166e+00
2.806455688850441721e+00
2.646759058917099061e+00
2.668588157935839700e+00
2.583600652201790915e+00
2.599088276000997677e+00
2.477192564891935955e+00
2.593569620706765999e+00
2.551888216408454646e+00
2.438584425716191273e+00
2.498940216510098455e+00
2.195477070265396069e+00
2.321122927909577971e+00
2.399603216200257183e+00
2.194011111486605436e+00
2.234337075508161075e+00
2.257056536142843406e+00
2.190975624130782062e+00
2.131576366045914384e+00
2.090389727312202961e+00
2.119136054885243592e+00
2.171573480476942208e+00
2.250777688025404455e+00
2.170511061933128705e+00
2.270146008715238750e+00
2.202562804276903652e+00
2.249693206383243549e+00
2.022226104436505523e+00
1.823786540665221834e+00
1.835819752540827299e+00
1.815842149103701564e+00
1.783483778785745821e+00
1.929502317139860201e+00
1.864343694248883576e+00
1.752581762698040446e+00
1.978506430414181949e+00
1.962915628255404554e+00
1.884111600646173112e+00
1.886884614907957003e+00
1.865806493197960547e+00
1.877013614073047121e+00
1.928219263143463813e+00
2.123705160519585355e+00
2.080525980917796947e+00
2.105630266514073590e+00
2.388918190885755521e+00
2.367840980457689426e+00
2.362224163762865370e+00
2.177347793918111396e+00
1.941058193050972491e+00
1.886843414944574970e+00
1.914328513611856630e+00
1.847322091865864380e+00
1.790442298964062706e+00
1.803213963852625890e+00
1.689453795809551684e+00
1.690759035720408310e+00
1.645865214232055562e+00
1.668365615858515394e+00
1.640428822181330792e+00
1.619871930900451673e+00
1.697916600963184308e+00
1.673057647864119479e+00
1.669317976301191386e+00
1.710454788291273287e+00
1.666563285181938525e+00
1.640588951194512202e+00
1.634439472116421932e+00
1.713655181154992935e+00
1.750147941574589527e+00
1.713531326528829446e+00
1.791226055544969942e+00
1.741719615663524179e+00
1.689543868723217823e+00
1.703751818460077949e+00
1.668158667468585543e+00
1.650115652454838822e+00
1.685015661141772814e+00
1.634146014529672897e+00
1.663054115124914301e+00
1.694961448151659056e+00
1.691873285447702102e+00
1.601318673188741437e+00
1.694722569694572467e+00
1.678560634671471430e+00
1.683703608097478099e+00
1.602196135629978535e+00
1.657378734301030665e+00
1.774753601239085654e+00
1.808120116694046819e+00
1.700160468725103957e+00
1.765140662278904538e+00
1.633829475413573151e+00
1.670564729845404495e+00
1.856467992217835095e+00
1.855516005918859346e+00
1.855378735213170760e+00
1.854425608776491208e+00
1.891895577877187096e+00
1.799024702046608359e+00
1.754514500613030714e+00
1.693626413676028175e+00
1.670924133762124564e+00
1.657387955718179651e+00
1.720580934964677677e+00
1.652481668991153674e+00
1.753890886559270168e+00
1.806119296653024175e+00
1.604461984059978530e+00
1.536045940093194284e+00
1.549532575150000646e+00
1.685947610235745575e+00
1.724693654731723980e+00
1.736932345510818543e+00
1.707239957319708790e+00
1.676912212465667684e+00
1.716093828921928077e+00
1.845083939466638512e+00
1.901305730687142814e+00
1.820702247042251809e+00
1.693544821431229863e+00
1.726075310152652031e+00
1.683498115387584093e+00
1.783636488048292890e+00
1.927073589954254151e+00
1.964739431341564702e+00
1.790562714590819171e+00
1.935032220121621460e+00
1.884006713752039541e+00
1.872286422426151731e+00
1.880462107084176049e+00
1.908889471097183321e+00
1.861664822553654952e+00
1.756715383207941183e+00
1.894353754738957507e+00
1.868591631969852562e+00
2.059388487461326633e+00
2.195487240133304763e+00
2.181562294088257747e+00
2.187445560109868126e+00
2.086312964340214737e+00
2.212889847435736357e+00
2.248004173287482477e+00
2.117346230639217897e+00
2.064075096877639570e+00
2.206115922733882684e+00
2.114435676151359633e+00
2.059015369983938193e+00
2.049212154792748208e+00
2.036871340735638025e+00
1.993744914314372174e+00
1.920663533037365811e+00
1.757621951095628354e+00
1.790430684659127136e+00
1.792559796937885697e+00
1.759227755103289992e+00
1.821865076290503316e+00
1.718190467084258932e+00
1.773283783784063816e+00
1.878728321708891036e+00
1.945533969096148397e+00
1.883658580232722146e+00
1.837583782869659954e+00
1.923330627423471162e+00
1.889876371635766716e+00
1.832884902403925098e+00
1.841104490883948230e+00
1.999679158928295841e+00
2.012687661036582920e+00
2.064609887973445357e+00
2.082572759034953869e+00
1.836141717954040020e+00
1.968095511791304819e+00
1.994145969863049705e+00
2.009212650749133910e+00
1.937064062108458495e+00
1.849339978420612596e+00
1.995731202181227237e+00
2.095381987838885518e+00
1.978380859226909427e+00
2.126089834472825402e+00
2.165527415855936333e+00
2.214231569423246171e+00
2.130564253274042308e+00
2.224480779347389525e+00
2.248793680218768465e+00
2.202084288942400825e+00
2.279079535777304155e+00
2.143620989582263547e+00
2.116128793255459328e+00
2.355712980875339202e+00
2.223241461387066131e+00
2.181651221200570756e+00
2.020307979468774828e+00
2.230453919104778748e+00
2.084179528487687172e+00
1.995806143731379878e+00
2.160818945756163512e+00
2.350033129632024931e+00
2.208566748900754551e+00
2.260165152367827890e+00
2.405996506398754953e+00
2.418857381573472409e+00
2.424660675388548459e+00
2.424717961086435114e+00
2.202789014666725276e+00
2.345343903558088972e+00
2.395265369137881795e+00
2.439964329313173419e+00
2.327467750348918507e+00
2.349923753301682350e+00
2.621471820979540013e+00
2.647455853825027461e+00
2.509878265065855540e+00
2.416386275323684441e+00
2.264129166736777332e+00
2.474034607062366220e+00
2.511242519032928833e+00
2.318737155454698495e+00
2.356511793677656730e+00
2.370935069499874093e+00
2.289336389256952931e+00
2.303238547192459240e+00
2.389488972357602492e+00
2.360734432027430163e+00
2.287994962730115933e+00
2.262253318726360263e+00
2.212467999665903129e+00
2.284426129527571181e+00
2.096351830581824061e+00
1.996717863537027737e+00
1.961809295143458698e+00
1.969298273382517506e+00
2.048228410497406671e+00
2.050635044558375863e+00
2.127592210896467328e+00
2.099729597371354561e+00
2.077844092367943762e+00
2.080031175543270994e+00
1.910674022575846953e+00
2.010586945020598648e+00
1.971572274550242199e+00
2.062960818858446288e+00
1.936227449395264033e+00
1.985359969428228011e+00
1.936168376237023425e+00
1.928439378832150108e+00
1.881255448207505010e+00
1.969956101910414592e+00
1.870282154188189772e+00
1.897305141730222244e+00
1.812945056791984921e+00
1.840499888036646325e+00
2.048978289493712968e+00
1.919425118135785313e+00
1.786283351092643468e+00
1.765635796022650084e+00
1.988974207126347649e+00
2.027040337793593938e+00
1.923123833923423787e+00
1.899031980150477805e+00
1.908737382406568983e+00
1.806578466001717231e+00
1.803116084772425021e+00
1.799951127401172357e+00
1.781522065014772283e+00
1.667935303211369735e+00
1.763747135776519759e+00
1.650794304953446812e+00
1.654858602702513171e+00
1.646665243908086884e+00
1.621677021226228366e+00
1.632193532561947880e+00
1.583497943865412871e+00
1.625372487436305802e+00
1.538879732230189479e+00
1.498848525954608712e+00
1.625076123034950415e+00
1.596500219411476573e+00
1.601527339139171779e+00
1.570723357723823543e+00
1.566450336660298870e+00
1.513223822564720322e+00
1.506057035066996619e+00
1.513479532780060088e+00
1.614893408881606929e+00
1.535675555147952176e+00
1.534219667684949329e+00
1.569458608905508701e+00
1.558174684669795917e+00
1.669536721734743878e+00
1.739676492307165701e+00
1.715538982002275503e+00
1.624105810908925029e+00
1.633892861854447931e+00
1.629877595937646362e+00
1.861776720338862878e+00
1.871377285399968171e+00
1.916586676364177899e+00
1.620604133365014299e+00
1.573423601095500945e+00
1.500581006109670490e+00
1.499715225839137078e+00
1.519953356083120211e+00
1.492034296638573121e+00
1.505419816690474644e+00
1.508702494748041190e+00
1.643611370179107745e+00
1.804737260924531572e+00
1.909173829778150422e+00
2.030025943726421644e+00
1.972152831778839266e+00
2.039061448235549356e+00
1.942692126408034792e+00
1.899955574698469762e+00
2.047426124848355844e+00
2.008362000758797450e+00
2.029304103489133926e+00
2.108994641129794179e+00
2.076499174252782964e+00
1.987152619930956154e+00
1.851561253144230923e+00
1.894819478165712168e+00
1.803954013131194412e+00
1.832952813977583029e+00
1.907422171640214659e+00
1.893355213788854075e+00
1.940769955947707626e+00
2.025294156098071952e+00
2.028360116641482858e+00
1.937017697339511013e+00
1.978954443616882886e+00
2.081354508479401844e+00
2.076300501719789970e+00
2.023901384435669470e+00
2.145581846471127374e+00
2.267223408746412261e+00
2.238650186243185125e+00
2.233738785945780680e+00
2.253524706076978745e+00
2.364167323775036245e+00
2.259430693655852362e+00
2.386020825705990944e+00
2.383274763670825802e+00
2.242572113321379401e+00
2.219797111685394064e+00
2.273217829818712676e+00
2.117335387759300414e+00
2.168339123095669230e+00
2.127074265931266694e+00
2.097250539505207456e+00
2.130924750937872592e+00
2.150757645503388993e+00
2.135652146354268588e+00
2.166271413692518522e+00
2.078016889498540465e+00
2.167107167200886586e+00
2.265864908550974555e+00
2.132713690252313388e+00
1.897022374794471000e+00
1.829308133288384042e+00
1.810600665506927998e+00
1.867467856138488314e+00
1.917683140139631259e+00
1.978806369764756656e+00
2.123078879820200715e+00
2.093969257631237646e+00
2.059875036575821827e+00
2.121478809420212386e+00
2.157188250670582175e+00
2.070013766667029298e+00
2.151081046933528640e+00
2.292811146407593537e+00
2.348178666519924018e+00
2.296218404277603931e+00
2.153997344716244822e+00
2.326162272514791240e+00
2.385430931022303636e+00
2.377388924774401779e+00
2.316111635983826300e+00
2.331877974540239151e+00
2.426165672702240261e+00
2.433813491151431752e+00
2.292453071519673369e+00
2.490030226305155026e+00
2.337851119812696776e+00
2.303846818516876116e+00
2.324513350097356046e+00
2.301297465062830838e+00
2.282689443614877689e+00
2.243065683270274224e+00
2.342518672332883689e+00
2.307199208773082599e+00
2.171374504403853933e+00
2.241244426356411079e+00
2.188134865324591782e+00
2.103906090798735029e+00
2.057476635711409152e+00
2.047504263520834922e+00
2.033996387671643369e+00
2.034248024200808747e+00
2.088422622464047418e+00
2.092165427942231481e+00
2.144626669599678959e+00
2.140987190284241670e+00
2.174823103746006847e+00
2.167847465614427094e+00
2.127635483899794178e+00
2.074477649349128594e+00
2.064317094616240578e+00
2.056047660365030172e+00
2.173075907227785208e+00
2.328775873773137217e+00
2.375246432184713541e+00
2.440363584922351503e+00
2.488607980729161451e+00
2.561112345661863632e+00
2.465601040654569420e+00
2.416248112330746434e+00
2.321833466245196931e+00
2.368511614708244561e+00
2.477385215851596545e+00
2.350164123962107166e+00
2.339520543913229833e+00
2.308897788288173825e+00
2.378922436139756957e+00
2.276337224811642468e+00
2.584093131595179393e+00
2.541709232316119227e+00
2.569992346935893845e+00
2.296548698038464842e+00
2.556517982203084127e+00
2.578770100480649141e+00
2.372643695724790280e+00
2.354598919321364558e+00
2.438920737966518093e+00
2.548102758555161440e+00
2.526078282071456460e+00
2.291567862463103289e+00
2.376061859217825312e+00
2.430187828930261418e+00
2.270247096163334088e+00
2.262862044896846392e+00
2.247174832461374727e+00
2.108891734132532836e+00
2.182463002656842566e+00
1.852989333461481536e+00
1.897539187604150968e+00
1.940360745539728260e+00
1.989844305874071573e+00
2.107972783028982278e+00
2.087376378335181304e+00
2.172905121324452349e+00
2.096084978546940647e+00
2.074326083582174185e+00
1.934051445391579804e+00
1.989228757634102340e+00
1.896068209338733324e+00
1.861617205672558395e+00
1.902681174437294898e+00
1.805150514057338729e+00
1.784255579531668356e+00
1.856256195223004557e+00
1.952532423362153935e+00
2.026657313135425742e+00
1.951715481057192836e+00
1.795823308634514337e+00
1.800005958206616352e+00
1.676865777470348595e+00
1.726411890320812992e+00
1.803809099003206740e+00
1.887766953836316874e+00
1.828268756359747282e+00
1.913783830936453212e+00
1.739267085208488384e+00
1.611685229663068597e+00
1.552523188540360533e+00
1.643748719834862149e+00
1.605138799228433166e+00
1.802501399952683991e+00
1.799378379888697754e+00
1.837091725095251205e+00
1.941720373209414818e+00
2.162076028599485777e+00
2.013226862791195781e+00
1.925370600776988628e+00
2.237603668086989295e+00
2.096548056004780669e+00
2.189227388833689503e+00
2.100636234920568501e+00
2.158739133219169659e+00
1.910037628888205941e+00
1.910300775840471310e+00
1.734679816008228848e+00
1.901819008849807924e+00
1.789348256635767909e+00
1.891297876409343548e+00
1.983162003999285661e+00
1.924877954374786260e+00
1.838881986501610610e+00
1.799381412818481962e+00
1.713185459483199669e+00
1.718143790571712737e+00
1.627344868234710029e+00
1.529768957175759336e+00
1.521346064004855503e+00
1.519335253610296421e+00
1.529529084760406610e+00
1.635179015574778960e+00
1.676245209414671367e+00
1.781364837820633040e+00
1.922375597876111453e+00
1.837098748363026779e+00
1.759443559967229787e+00
1.737839392435107877e+00
1.728875712884841986e+00
1.701249599015190128e+00
1.832720842661305749e+00
1.856907578698013150e+00
1.819588728701102998e+00
1.913544596347458659e+00
2.169107311205619837e+00
2.128570338098406012e+00
2.153037121435547263e+00
2.214719187255210553e+00
1.980179130914837105e+00
1.916912283701956099e+00
1.800495666420359298e+00
1.892483720157743132e+00
1.884888988990515823e+00
1.938564563553281994e+00
1.873794687628547395e+00
1.879606631966369568e+00
1.956462171772977543e+00
1.799267862542736740e+00
1.838645688829931402e+00
1.964043112557223747e+00
1.942892668924599553e+00
2.057148382037607970e+00
2.048562921149149396e+00
2.047998377847328300e+00
2.106353480978097714e+00
1.997795725215218976e+00
2.077420233739956767e+00
1.990156858403302920e+00
1.997105730610289731e+00
1.987841259762021862e+00
2.011421480231994074e+00
1.967703051590292240e+00
2.091119509751471206e+00
2.173098206645587283e+00
2.180107263462141898e+00
2.151870996623543419e+00
2.116538926311230639e+00
1.968904231644118097e+00
2.053769776905546074e+00
2.074184738903904979e+00
2.000200164837344641e+00
1.777077452845332362e+00
1.776468451772090784e+00
1.920584724713553459e+00
2.035364018965716504e+00
1.980273328922434795e+00
1.959927543536031047e+00
2.057755526334150709e+00
1.767683432560898549e+00
1.755855839570407362e+00
1.877651208787771697e+00
1.993157407676841908e+00
2.013432805334721021e+00
2.139959366843564137e+00
2.075086157683154298e+00
1.962621513835251186e+00
1.912631706495950379e+00
1.772465243915436472e+00
1.924661416530418778e+00
1.832169725414380057e+00
1.738608997402356415e+00
1.701136993550492083e+00
1.828186456313855679e+00
1.722654086009856256e+00
1.776918965495578595e+00
1.898050862629321989e+00
1.853794137497496441e+00
1.762400190160162028e+00
1.717212147258321275e+00
1.912788405879714881e+00
1.904474114917541483e+00
1.961239837526704832e+00
1.996396761332590586e+00
1.859792207152993315e+00
1.899074928496093273e+00
1.966742987134415976e+00
1.971575871054866536e+00
1.896969175383090844e+00
1.800857261229917183e+00
1.791849238736739069e+00
1.871052587517897603e+00
2.055729637849748492e+00
2.124531622786656193e+00
2.301054180377169800e+00
2.396750762744123797e+00
2.297030718215049561e+00
2.476777113904647720e+00
2.480799124018257640e+00
2.459134085691912386e+00
2.488172297930975496e+00
2.452548175759822868e+00
2.453302891667781704e+00
2.315448050347090891e+00
2.278485829846011779e+00
2.430439941061286913e+00
2.472772912832965186e+00
2.260689914971581338e+00
2.219497878880102082e+00
2.299614594400400058e+00
2.445160828851674406e+00
2.414822422959843173e+00
2.402486307991691383e+00
2.309541438617717990e+00
2.395861902984451230e+00
2.269121832829194219e+00
2.457039456808746358e+00
2.405697974424001462e+00
2.493872562340079035e+00
2.430544546483707435e+00
2.583613151422336607e+00
2.532097435487760340e+00
2.798064541029568808e+00
2.794247308441632605e+00
2.721878751676702901e+00
2.763427539645527009e+00
2.594567503916640039e+00
2.855137633807128150e+00
2.738560318237480029e+00
2.623824161315162051e+00
2.677508078384468249e+00
2.659791828549669113e+00
2.385661315682096273e+00
2.460870705646223566e+00
2.412820258469023038e+00
2.298474319991034243e+00
2.244267336950592995e+00
2.287512987222990457e+00
2.470629401599707009e+00
2.696457340836831751e+00
2.826093922910527745e+00
2.793946852267795489e+00
2.685748341914912629e+00
2.528588240345295723e+00
2.732219180337073894e+00
2.833069094835503510e+00
2.921887871270785197e+00
3.115250594511921101e+00
3.126416923478812393e+00
3.182759566647205052e+00
3.081040579635667687e+00
3.118467813682588741e+00
2.906174623293838355e+00
2.599767777535662461e+00
2.449432408602777222e+00
2.589271306212066914e+00
2.756764079423631220e+00
2.688485428466111049e+00
2.522592904647322332e+00
2.673487313714986602e+00
2.665217167447198499e+00
2.582245419328211167e+00
2.327216494421518789e+00
2.348027878715596817e+00
2.207537818846561528e+00
2.311012440343396257e+00
2.301988411932418543e+00
2.224429710310793951e+00
2.191293207024436640e+00
2.267274659782234636e+00
2.325930930968165722e+00
2.295273455380616667e+00
2.314795751267548773e+00
2.258828927073786019e+00
2.119150008089649262e+00
2.014460434754631546e+00
2.140588916550134169e+00
2.143849055635205669e+00
1.983795335079253430e+00
1.934691715117730082e+00
2.037207739096168702e+00
2.006957602745295777e+00
2.018817386459799579e+00
2.165482912468377652e+00
1.987738297969081858e+00
1.955897509638411913e+00
1.985545691534778223e+00
1.842145888355275707e+00
1.999103947757886024e+00
1.992735971013709584e+00
2.129443068894423696e+00
2.236375991231132065e+00
2.283202095111017904e+00
2.361802725742077058e+00
2.179425776488988387e+00
2.260075142104048140e+00
2.532484205719760517e+00
2.626089655042079141e+00
2.531871092958954961e+00
2.479447551993569476e+00
2.405425604626001412e+00
2.346304134261572027e+00
2.433866113181635704e+00
2.481587876601604847e+00
2.354268102364617032e+00
2.413431315735795835e+00
2.324714041716593016e+00
2.197163697602335652e+00
2.217476936605419002e+00
2.189405774859534581e+00
2.175310753737727865e+00
2.070850448504068630e+00
2.293789423346737077e+00
2.477785011362598322e+00
2.328566996861551441e+00
2.110405223117544971e+00
2.156054901606516694e+00
2.018514699234466470e+00
1.932015838153564369e+00
2.004913276354082896e+00
2.188595914237531304e+00
2.153199200965912219e+00
1.944976713358883336e+00
1.968190961089056890e+00
1.759597222963210639e+00
1.641965454598293350e+00
1.708053261040076265e+00
1.822169233493455165e+00
1.864157619368579821e+00
2.127363798970791198e+00
2.019067944912834811e+00
1.879481189250832518e+00
2.140708220021042330e+00
1.884603856297607294e+00
1.964847635672236192e+00
1.944900063315623706e+00
1.980747470338665606e+00
1.840107573286053455e+00
1.948715875146977083e+00
2.009883044164182397e+00
1.819972609363995408e+00
1.848282992242343159e+00
1.808599151888379719e+00
1.824414535270675319e+00
1.838102771896872545e+00
1.824656253477632495e+00
1.932417518457175687e+00
2.118605187497544673e+00
2.031218239129354952e+00
1.943544279637288597e+00
1.876699337666021705e+00
1.756316270914414002e+00
1.763259126187459502e+00
1.813556759436987020e+00
1.742983253900260321e+00
1.802130451149058565e+00
1.756702384540134609e+00
1.900272366395471257e+00
1.894989738802056456e+00
1.920384149145140107e+00
2.052805957871894016e+00
1.998507774327353825e+00
1.984050738993226259e+00
2.155129593608832383e+00
2.321212787463706295e+00
2.275518735267521464e+00
2.408613830162878777e+00
2.549087582516485373e+00
2.661360582422318100e+00
2.607765628825269300e+00
2.689993952921201359e+00
2.844444524710967759e+00
2.718371758605608868e+00
2.490295304904366347e+00
2.438206616397649462e+00
2.439186127780204050e+00
2.398558224770952041e+00
2.353907383540239096e+00
2.320735835251162893e+00
2.362787200435796375e+00
2.360905405427107695e+00
2.299902011063092111e+00
2.179980835806269557e+00
2.223461624854077279e+00
2.103768589689684276e+00
2.243617350971285784e+00
2.226766489863165166e+00
2.319425535220404289e+00
2.164614272473515566e+00
2.183268708078891507e+00
2.303755725963880785e+00
2.120589007069810794e+00
2.141748331453398713e+00
2.028140990442728775e+00
2.093969521432773817e+00
2.148337959433127775e+00
2.087330297004860391e+00
2.224245821422814018e+00
2.173080781418011753e+00
2.207095066067023215e+00
2.343165639284178425e+00
2.305802036398059585e+00
2.408000662270115111e+00
2.187452110153923268e+00
2.039640691783224380e+00
2.156056790145151947e+00
2.170336594919424211e+00
2.146394870642270192e+00
2.301294338396203454e+00
2.339863977342802936e+00
2.267265141945454587e+00
2.211837688197670460e+00
2.212126865189689706e+00
2.438231387746798706e+00
2.616984605091661642e+00
2.429923054127979487e+00
2.464100373502837282e+00
2.454096959279841617e+00
2.697557263422254881e+00
2.699281341691025293e+00
2.530013410843223287e+00
2.418205566967970732e+00
2.473708763438582814e+00
2.506808265455401585e+00
2.256724516509709844e+00
2.241325185221826555e+00
2.306818622567612831e+00
2.543039376792596951e+00
2.496032809616517856e+00
2.458875164900543364e+00
2.386802882944341508e+00
2.373591701112422125e+00
2.080383798349234148e+00
2.225576487694303385e+00
2.135826342667059841e+00
2.206980192185105771e+00
2.098034095616703176e+00
2.082239560476006890e+00
1.908069876508784901e+00
2.248423563245658841e+00
2.274847798906905361e+00
2.323572572385023349e+00
2.348059594622692092e+00
2.480022051499025881e+00
2.448393962299558080e+00
2.254544547580812353e+00
2.352440153199659267e+00
2.549556006851647627e+00
2.612181934778137204e+00
2.553106655269528069e+00
2.625178846538784860e+00
2.572267467666157437e+00
2.404645013492786365e+00
2.477252504256822530e+00
2.656564861684561851e+00
2.772393575269868293e+00
2.750283815804056342e+00
2.953664507451693844e+00
2.884309262939987573e+00
2.896306980293853250e+00
2.882474038920146864e+00
3.186036558500375371e+00
3.215324148307775687e+00
3.297321128465585449e+00
3.295298135150502183e+00
2.950512012248643234e+00
3.052670268382824403e+00
2.897780132666933905e+00
2.856290343215986294e+00
3.024186505921151014e+00
2.975508990698441103e+00
2.811977912385386080e+00
2.830083065610608628e+00
2.811026138943628627e+00
2.672751415314632784e+00
2.570853712944915603e+00
2.496560471980080909e+00
2.225740904496579020e+00
2.001124552565731740e+00
2.110232296901585425e+00
2.258118421007157650e+00
2.225101581170771947e+00
2.458266642690291715e+00
2.269534900735679983e+00
2.324960854134492827e+00
2.342899353324772171e+00
2.318809815407865127e+00
2.485723403605164528e+00
2.643143393599237445e+00
2.604776654740552200e+00
2.457887246435937367e+00
2.555337081210182770e+00
2.365617191556184995e+00
2.363286674447994784e+00
2.402684996888955204e+00
2.320494900738268029e+00
2.226415710427233741e+00
2.365877327262319252e+00
2.461023932204958076e+00
2.525707319548889718e+00
2.390389524344198158e+00
2.754879790086259383e+00
2.654336402795705929e+00
2.817805333251509392e+00
2.643233920746172583e+00
2.613006801935395362e+00
2.697494070604803618e+00
2.461774487651141374e+00
2.516753512824633887e+00
2.609645401922411345e+00
2.411147717929937873e+00
2.417710119674568503e+00
2.399906742565849349e+00
2.273522688878339970e+00
2.372112452675555705e+00
2.356609568232268970e+00
2.441030863698126829e+00
2.297281996424687556e+00
2.174706300502909251e+00
2.037538412251676867e+00
2.193490958373308874e+00
2.043111694700086467e+00
2.264685921724014062e+00
2.443802507456898088e+00
2.463657855770257310e+00
2.304434080481428282e+00
2.292803698794014355e+00
2.085942205645725078e+00
2.270305363412108868e+00
2.001880084022002571e+00
1.909806097363031752e+00
1.897088280973626917e+00
1.918819909516070066e+00
1.941267017583876431e+00
2.052090054065988767e+00
2.062654254105090956e+00
1.958097436473676289e+00
2.269692621742811944e+00
2.290878446059494422e+00
2.162186054505783162e+00
2.019007410731336716e+00
2.107167039667307229e+00
2.130157579700388659e+00
2.063464888231634653e+00
2.179036594930452431e+00
2.158599443607010837e+00
2.148701537413031382e+00
2.110397875292236325e+00
2.142824369548262720e+00
1.956855162661656822e+00
2.053184759948510241e+00
2.177576912636127293e+00
2.168038097289440636e+00
1.932112136917568890e+00
2.091569979284043868e+00
2.117064556753127658e+00
2.046831093085399011e+00
1.921328045151777575e+00
1.964921712243256513e+00
2.033527820333309144e+00
2.010057340580837959e+00
1.913227143638557060e+00
1.911866275785196745e+00
1.828927301565624663e+00
1.862136523537397448e+00
1.790505037484650286e+00
1.701022564203120258e+00
1.799304444826628879e+00
1.723233247218197706e+00
1.722832893127620446e+00
1.836692274583852758e+00
1.726928089488215079e+00
1.704587135517637186e+00
1.716958652741832347e+00
1.731594245684586086e+00
1.816567191088797495e+00
1.787995608342243914e+00
1.728586578430609144e+00
1.716780737781016919e+00
1.794622375084345522e+00
1.901029344803738308e+00
1.930295042435116404e+00
1.938047649694728092e+00
1.983952807719340683e+00
1.809970380764513775e+00
1.807928175683039207e+00
1.848138880404753825e+00
2.007462015239401154e+00
2.107734273206230302e+00
2.036202536762080406e+00
2.215343415663307169e+00
2.174711498970717916e+00
2.067536413717081523e+00
2.077916938104281463e+00
2.269378476825601343e+00
2.139925932092320515e+00
2.041905782615701881e+00
2.050560583041027396e+00
1.983069481261861888e+00
2.013070810879415529e+00
1.927915113619574017e+00
2.176404541695194705e+00
2.103466963550307600e+00
2.212972499939912296e+00
2.298858653787503759e+00
2.222368725472274598e+00
2.092755077692421750e+00
2.008126367122433642e+00
2.030121540144516512e+00
2.031597765953962575e+00
2.016316998555583773e+00
2.161990222622651725e+00
2.056084497437045133e+00
1.965618987770292980e+00
2.161066065738662889e+00
2.066411673182403597e+00
2.083466243209290525e+00
2.085677825893889725e+00
2.168919364342949407e+00
2.170766502628359795e+00
2.235406802550919725e+00
2.071000886203502755e+00
2.146496805277439801e+00
2.019485206130042343e+00
2.067381442521046164e+00
2.032986801509696129e+00
2.174118676170540887e+00
2.170406168736679575e+00
2.243121638786848671e+00
2.202586211727299847e+00
2.067563258457094211e+00
2.072294541369237297e+00
2.322561973441457983e+00
2.349493706564044437e+00
2.447147203620029021e+00
2.457856083055852014e+00
2.575037439458318644e+00
2.405971788029964920e+00
2.519500610701713050e+00
2.567774755228753314e+00
2.532278855396136841e+00
2.725350198068420493e+00
2.592541174250713176e+00
2.582789005547024619e+00
2.814181565975200972e+00
2.609702179057472815e+00
2.547367689898304199e+00
2.295635420196119547e+00
2.388222824476142314e+00
2.855720153398599859e+00
2.851174527929551950e+00
2.591886211316303257e+00
2.595381993728080428e+00
2.707844598552036519e+00
2.581712079325734877e+00
2.562214672958434747e+00
2.569492638543511731e+00
2.641165407809531906e+00
2.170243592702509883e+00
2.152976535013135795e+00
2.302398341999339237e+00
2.639179759539192816e+00
2.442541116693987213e+00
2.363080315123108566e+00
2.642839485412391554e+00
2.857015190656326364e+00
2.772717694787864229e+00
2.655893333543866142e+00
2.714369935389940203e+00
2.531681083532441701e+00
2.608316829489255806e+00
2.325188522301422811e+00
2.527092451621409719e+00
2.565903346027619047e+00
2.644781548745399835e+00
2.789380109379455241e+00
2.723294247135511714e+00
2.848494128033430162e+00
2.826662139428942400e+00
2.545111048963597522e+00
2.640846859266174462e+00
2.557195993533092793e+00
2.680614525762922806e+00
2.459236077257016095e+00
2.641248724588706409e+00
2.622418545072573437e+00
2.802615373257338671e+00
2.918203782777944788e+00
2.760118087356792760e+00
2.764209125728069427e+00
2.578770245795158456e+00
2.665296425812983205e+00
2.705342882020701722e+00
2.575851945217726868e+00
2.486373610363400211e+00
2.363263098214425817e+00
2.373255642807476917e+00
2.639882554174919793e+00
2.787537470250071259e+00
2.665475466141769889e+00
2.729266784283519875e+00
2.444439928821343866e+00
2.473631110210671391e+00
2.626640501539214245e+00
2.441378652927074011e+00
2.470723782594071327e+00
2.410168459245891182e+00
2.186642837007187090e+00
2.392598522830689411e+00
2.475365170234240519e+00
2.398951206845759465e+00
2.350625384688311392e+00
2.242064447785003800e+00
2.283513984544903064e+00
2.345146957436770041e+00
2.114067257705980030e+00
2.264155065663230992e+00
2.147778591265497639e+00
2.372055107550702147e+00
2.249900612796364108e+00
2.236858416679442296e+00
2.451846874569402868e+00
2.571570535483070685e+00
2.770134910504533643e+00
2.580569329343296303e+00
2.742354419610912419e+00
2.659421532803821098e+00
2.509447179826465923e+00
2.418089572606605842e+00
2.464868942063545454e+00
2.345277832184804456e+00
2.428059933020680905e+00
2.383651092503938251e+00
2.255795682960764825e+00
2.106366549473914773e+00
1.856593098262192987e+00
1.742991511592041132e+00
1.820763739456081831e+00
1.824392873047248287e+00
2.003489546907410102e+00
1.915791481754819392e+00
2.031438511638576472e+00
2.105999114219268886e+00
2.062498548831176670e+00
2.093403681202851363e+00
2.173715638362438085e+00
2.164032101399475660e+00
2.154589278032137845e+00
2.169251694865276470e+00
1.943169943274490441e+00
2.030688906022666274e+00
1.913175234366327748e+00
1.984976029668667818e+00
1.891827823311563295e+00
2.009968342891335968e+00
2.218382647955120746e+00
2.407324209969021744e+00
2.342654505707799650e+00
2.413012730713693266e+00
2.199229087916947378e+00
2.329859878048410327e+00
2.437935969784335910e+00
2.231424260567008488e+00
2.348316526695383821e+00
2.526196141331919165e+00
2.603518896327673193e+00
2.507061178308793270e+00
2.488498880065917795e+00
2.534088184792048004e+00
2.829484436818442639e+00
2.663514581531893910e+00
2.714870703529872920e+00
2.606785845033541715e+00
2.477083449940846283e+00
2.549629180651299620e+00
2.552423812241761514e+00
2.606346577369429429e+00
2.498866801674427762e+00
2.347244707562053279e+00
2.418708353168322667e+00
2.223644588591966009e+00
1.990899243571191857e+00
2.017942938167085920e+00
2.218944354513180617e+00
2.250683537056063166e+00
2.406876992407070315e+00
2.463144192020803480e+00
2.311812759744576340e+00
2.292815172103047860e+00
2.324714976003006583e+00
2.300466406653054463e+00
2.211902712717615849e+00
2.181293417350974817e+00
2.001610478884565225e+00
2.133948408431343147e+00
2.177640665534559261e+00
2.161827716026593738e+00
2.167027691939362732e+00
2.080315726382307773e+00
2.079252591420226892e+00
2.038122684120689865e+00
2.139844935521954206e+00
2.090824055949560112e+00
2.121087501696165223e+00
2.137390171380673998e+00
2.016012582225116923e+00
2.052855891143036793e+00
1.967218703365050780e+00
1.966903110492004725e+00
1.974690098404616734e+00
1.986109249631553775e+00
1.986407131780489443e+00
1.798585626309419316e+00
1.872994555059547928e+00
1.930356527973045688e+00
1.953707256728032693e+00
1.868356621385788285e+00
1.739877523807120907e+00
1.731785033566142218e+00
1.872647232896204939e+00
1.911494338478769262e+00
1.897128140664149365e+00
2.058031891890720999e+00
1.853238227135304284e+00
1.845730744236318888e+00
1.820218075434655969e+00
1.875129036649576308e+00
1.946053129353696454e+00
1.998584730330443815e+00
1.781137646163808430e+00
1.814696827942715140e+00
1.900372848553500305e+00
1.837748168048244812e+00
2.032681627904280308e+00
2.166757129894576472e+00
2.147955302930026011e+00
2.051207941440695404e+00
2.140893359994504586e+00
2.231058402840167876e+00
2.120037192327937525e+00
2.229161394467324087e+00
2.256553237570044779e+00
2.380104202666355917e+00
2.396664161409719274e+00
2.231809398737687911e+00
2.390783900405768936e+00
2.247115553418749023e+00
2.154383719438667022e+00
2.004682503787489356e+00
2.130349161230522981e+00
2.383548671911750905e+00
2.438415903740536184e+00
2.237728570409262652e+00
2.090950336555613021e+00
2.225312259988482921e+00
2.309154676402197737e+00
2.427263024439774153e+00
2.325343939932239756e+00
2.211148359093035420e+00
2.228939214617746689e+00
2.387140146142566088e+00
2.493506597071055264e+00
2.440325094411940565e+00
2.396101743765483238e+00
2.266718943967098276e+00
2.361294899539210235e+00
2.374348781272594078e+00
2.445889321890222234e+00
2.453355269499860825e+00
2.355680876198265938e+00
2.585772292408490713e+00
2.410373202611848509e+00
2.505591804759038421e+00
2.365908468928597852e+00
2.299582840353134650e+00
2.459626165816176435e+00
2.584058643346821782e+00
2.429412538076034078e+00
2.407124426230437653e+00
2.377126373232514300e+00
2.284010511106754127e+00
2.311897006311559810e+00
2.424666549342319399e+00
2.465986152660877728e+00
2.713891410097961643e+00
2.826839770189712109e+00
2.734472880923798144e+00
2.974373989626246662e+00
2.739136782739735043e+00
2.725870336015137951e+00
2.632254210792545734e+00
2.892934453626387903e+00
2.701359246774417855e+00
2.529075305669884699e+00
2.420276207891514098e+00
2.487656767427119497e+00
2.502875109605851023e+00
2.229407914499515364e+00
2.214755502582980817e+00
2.225325918142823323e+00
2.133879619895610258e+00
1.953080026081923659e+00
1.879712805714364832e+00
1.940880151482117899e+00
1.845065585715443879e+00
1.980541604004947942e+00
2.168425323339580935e+00
2.055619763396038024e+00
2.084065363018889450e+00
2.312792870374637655e+00
2.370327779996424411e+00
2.291485506403692529e+00
2.652064182659916280e+00
2.596281208301201460e+00
2.768719836517576915e+00
2.632006123735641800e+00
2.470787808426429866e+00
2.531583908174170006e+00
2.725444874387217276e+00
2.767965394839236204e+00
2.572184517579446883e+00
2.527979376327648797e+00
2.665716540819268232e+00
2.636771667140496600e+00
2.923798026432509634e+00
2.670687063967156938e+00
2.325951774676326522e+00
2.493027661081031354e+00
2.541574120937732939e+00
2.401678103665463304e+00
2.331145119170465296e+00
2.565521663420300857e+00
2.720091118293266774e+00
2.617801137392009814e+00
2.590249491211054966e+00
2.768326730295938010e+00
2.707347924616024137e+00
2.902639560131769159e+00
2.974164545491386313e+00
2.687121137184386388e+00
2.212772195547096921e+00
2.186993740012890708e+00
2.217499500803373103e+00
2.016989790723457077e+00
2.035784499906906131e+00
1.809846963447177659e+00
1.893867900420416639e+00
1.998654960535554359e+00
2.047705694321237502e+00
2.066187406884686606e+00
2.102035419915748271e+00
2.262270467081926029e+00
2.003803153538846527e+00
1.872801780814256745e+00
1.936328852884339424e+00
2.086148286538566321e+00
1.949053131439118181e+00
2.003650837525867701e+00
2.162374129464148531e+00
2.276128726760597853e+00
2.176976156431898346e+00
2.131211897619063045e+00
2.066393721455762833e+00
2.270566455592715194e+00
2.607872916685908926e+00
2.529629112896254028e+00
2.671961845712760297e+00
2.729489211248291802e+00
2.793553971681787651e+00
2.834648762094920116e+00
2.772060145806241493e+00
2.540724005837830646e+00
2.522062371915014811e+00
2.748716761983506007e+00
2.650104138251459851e+00
2.569388333471799069e+00
2.870426756205179952e+00
2.821829777832116637e+00
2.547398693413436721e+00
2.264948175314376755e+00
2.327476877314455628e+00
2.207059041330523552e+00
2.350092350320417189e+00
2.615858286645996511e+00
2.270598728382304810e+00
2.174443919333242548e+00
2.260103078404578358e+00
2.157751365730342652e+00
2.163304566516978777e+00
2.340499946383164609e+00
2.495439498623312602e+00
2.303040314642410991e+00
2.259065165254490193e+00
2.260238313454728587e+00
2.526130711515853111e+00
2.332335776999888477e+00
2.499138886276808247e+00
2.447495275611775600e+00
2.280287029595041925e+00
2.197763063290126162e+00
2.192950442362665342e+00
2.190113425922688872e+00
2.233586661175510635e+00
2.277239345278523341e+00
2.224856410680858598e+00
2.361554320172377874e+00
2.245265183967270595e+00
2.119128770510974924e+00
2.373103092442855555e+00
2.218931212854458490e+00
2.247512135186867877e+00
2.341292203867597177e+00
2.362417368982798305e+00
2.325233824757736212e+00
2.393023173581214635e+00
2.326471638984801693e+00
2.701560531330974069e+00
2.665697885061114381e+00
2.869207903973347129e+00
2.565859611913904992e+00
2.572430867023936418e+00
2.472050853210961741e+00
2.521780122482572217e+00
2.419208012785558637e+00
2.407596825945686803e+00
2.459653585031885026e+00
2.423683090556053799e+00
2.386335439444482009e+00
2.654067981871508053e+00
2.746294357856290613e+00
2.801135692056943682e+00
2.783046354116019749e+00
2.695685046679276997e+00
2.781042593533017637e+00
2.911699743678837216e+00
3.010899366149581535e+00
2.937199822959268403e+00
2.934912012670620296e+00
2.975071012762582345e+00
3.030855339597158249e+00
3.014608027618209896e+00
2.846572270572878427e+00
2.903869955017475135e+00
3.030154870442263171e+00
3.044983394087396711e+00
2.839770642440779369e+00
2.852277622495829501e+00
2.936862165625392596e+00
2.832499537387006328e+00
2.945736332436822202e+00
2.904252444892626350e+00
2.821016216409272914e+00
2.771500054302693528e+00
2.769609010184833409e+00
2.648131943650140485e+00
2.719706787080694355e+00
2.666327316787142188e+00
2.881045379197991529e+00
2.684477453791519252e+00
2.778538535849377489e+00
2.722361552445233812e+00
2.755338614689460730e+00
2.708400861884812105e+00
2.496071685886549485e+00
2.488010337849509757e+00
2.313857407306964209e+00
2.401851161932402334e+00
2.317449875828900829e+00
2.381557069754475009e+00
2.430062360754369877e+00
2.588024533933436899e+00
2.539399035666212612e+00
2.509987092366494199e+00
2.536110733431732989e+00
2.490281172056934444e+00
2.596469048358489573e+00
2.712649752296748318e+00
2.734732088224838265e+00
2.650890246513089910e+00
2.683827803304719151e+00
2.904997684929532475e+00
2.751599060192381430e+00
2.715743661603825299e+00
2.723238708858928714e+00
2.723047064788775895e+00
2.841460126969732158e+00
2.733766428271509952e+00
2.912969986932890443e+00
2.929834169683363854e+00
2.937796665968881449e+00
2.848280897994276195e+00
2.833037282254085021e+00
2.840964424350282957e+00
2.791248425784941922e+00
2.808168562560900305e+00
2.894845181089103825e+00
2.935932343415986523e+00
2.734068260641547621e+00
2.704028485356432476e+00
2.665138267352909818e+00
2.777109079859363838e+00
2.585416170715783224e+00
2.510530471913694495e+00
2.653634303342871092e+00
2.300369669846141996e+00
2.179883630434453323e+00
2.069546760711610478e+00
1.950497883061188542e+00
1.786475411421984738e+00
1.704211666448652185e+00
1.713141173724338051e+00
1.723602461714136336e+00
1.737259107749453912e+00
1.824836344886504147e+00
1.827911640031407492e+00
1.816784449964025328e+00
1.716008601254990884e+00
1.678424313742931329e+00
1.763191647922071947e+00
1.739019449249842975e+00
1.802082407635710259e+00
1.935981915751085580e+00
2.064132557881362739e+00
2.002464067051494823e+00
2.066809318734697420e+00
2.345018084301528916e+00
2.212309914659860155e+00
2.441311031569374901e+00
2.573541729738205053e+00
2.548643143326794647e+00
2.184840694917460358e+00
2.339374498680746761e+00
2.384973889021628768e+00
2.559202333097846616e+00
2.388062836311732884e+00
2.459678317014893700e+00
2.249507023044107878e+00
2.668347209005950127e+00
2.788541607437440284e+00
2.593004135545614819e+00
2.436026775379538822e+00
2.538208690509532683e+00
2.267727673175987668e+00
2.288570679431025656e+00
2.267049538152069221e+00
2.322160576492200867e+00
2.425685142573237307e+00
2.492145401380421177e+00
2.525636862439081032e+00
2.481436766984897346e+00
2.262974898736689777e+00
1.922035337709742997e+00
2.139854601556186342e+00
1.934885799946536311e+00
2.107568188301379042e+00
2.214555612783766225e+00
2.272391296279010486e+00
2.247692760338007911e+00
2.134358611881836953e+00
2.210716595533055440e+00
2.475563900009093210e+00
2.612365815779484457e+00
2.526592125683603030e+00
2.510202338420062240e+00
2.575315979610702577e+00
2.621476300482972643e+00
2.655688318253857982e+00
2.310915179820931975e+00
2.319135938285553866e+00
2.484492690878645771e+00
2.688995866683361768e+00
2.687064830322503983e+00
2.921427938540832159e+00
2.769616267058200076e+00
2.646205793105633308e+00
2.870035653254872976e+00
2.865406166993846426e+00
2.804216564079065055e+00
3.042352716491069309e+00
2.871673226967694781e+00
3.147629747525912514e+00
3.141992093001011011e+00
3.198125115649037564e+00
3.081777167096742431e+00
3.170307345106068819e+00
2.994972568272332936e+00
3.052728288521433964e+00
3.125444946362667231e+00
3.110827950354953852e+00
2.896446501021507025e+00
2.545565549379632753e+00
2.532950482483504295e+00
2.705430764540845079e+00
2.525837920234152101e+00
2.899239752419534355e+00
2.830412248566250177e+00
2.571794704151110000e+00
2.302756071036908825e+00
2.223285124436066518e+00
2.407237791108176594e+00
2.697216976676461542e+00
2.791358100855179547e+00
2.561947354610701222e+00
2.456409640084186830e+00
2.260135572382741653e+00
2.173205618116402338e+00
1.954347353212176897e+00
1.827054684187724654e+00
1.826059101832116616e+00
1.976447899937608721e+00
2.002151532682383106e+00
2.025518859781214154e+00
2.153571832011130116e+00
2.329303501230542306e+00
2.229271442490429855e+00
2.098384462535861861e+00
2.093731475741717141e+00
2.121084715936983667e+00
2.248852082328839597e+00
2.599978010384519145e+00
2.621963803132672410e+00
2.818018017243161921e+00
2.675055933939097130e+00
2.823707678639996388e+00
2.509217406737895395e+00
2.688096018934904130e+00
2.448761590113828213e+00
2.370328427797754323e+00
2.288403560014477645e+00
2.133344355167358763e+00
2.128147984620204713e+00
1.911735428156650984e+00
2.102845034841608562e+00
2.124011313570710602e+00
2.451584951037207638e+00
2.502156231570372924e+00
2.432964707370505852e+00
2.263608195097544407e+00
2.387663530901671827e+00
2.727877676364317328e+00
2.648322952635411731e+00
2.556418800041865502e+00
2.591591702591455437e+00
2.507540666788436567e+00
2.232728061382760032e+00
2.469811100110154367e+00
2.317071831780637137e+00
2.439320824601999949e+00
2.483283533801421417e+00
2.537774895451416324e+00
2.348920897890608206e+00
2.184084011730693220e+00
2.378626372615061157e+00
2.352436672520593408e+00
2.313651348723912982e+00
2.429245935099259679e+00
2.374294559492988288e+00
2.372517628477781138e+00
2.339118061397973403e+00
2.264339712736814114e+00
2.123906835116296410e+00
2.001238176745053998e+00
2.134035998141531554e+00
2.184021348873860902e+00
2.355020825571461529e+00
2.107417030449904694e+00
2.288775032967271805e+00
2.452307159040410411e+00
2.516768370036469804e+00
2.427061999051113084e+00
2.382331639409263069e+00
2.516794454232593736e+00
2.294332713359844789e+00
2.446053000032749392e+00
2.669744756838722921e+00
2.567288368440138413e+00
2.654938317855737306e+00
2.428549913858964349e+00
2.489906837732511757e+00
2.606595832996914552e+00
2.562500183871415427e+00
2.576944914308909151e+00
2.451031167733256577e+00
2.380805348129289900e+00
2.374356929136841821e+00
2.114644822272089719e+00
2.089015625791243114e+00
1.985441931317377451e+00
1.993882462671739519e+00
2.196416838396318738e+00
2.152558895361902813e+00
2.242479942799669779e+00
2.261629194939984266e+00
2.237890951955204155e+00
2.324275079650254483e+00
2.088336948392018222e+00
2.121982771572481941e+00
2.174112507495606028e+00
2.059789698681019576e+00
1.934531316712622795e+00
2.204962909081094047e+00
1.874386654635795679e+00
1.791221726319825791e+00
1.763328917429177745e+00
1.698305775699236797e+00
1.651551399483133897e+00
1.614549781973408260e+00
1.827915852895509952e+00
1.678141134017288705e+00
2.038031795713505900e+00
1.977969539023350043e+00
1.925485572406389512e+00
1.802572754528149357e+00
1.967873318092812296e+00
1.878137907638370185e+00
2.089284875800339947e+00
2.122151334457581751e+00
2.290958336263791306e+00
2.434155539965829007e+00
2.798926830346243122e+00
2.999401801033328763e+00
2.700385709382208343e+00
2.860487932195515892e+00
2.684612998446942012e+00
2.581686449744231560e+00
2.727495593652979888e+00
2.696548304749220470e+00
2.937129811146121927e+00
3.160815548118379059e+00
2.860323809520534333e+00
2.421313812772278862e+00
2.346241903932202000e+00
2.216269832832136633e+00
2.386509615125170569e+00
2.583123851605089616e+00
2.654701648239287337e+00
2.795659037821321302e+00
2.544042179690687355e+00
2.587857554658056003e+00
2.570028883273424825e+00
2.745614195797418944e+00
2.818363877957349661e+00
2.806643275287407313e+00
2.666518725708186377e+00
2.721768037455901457e+00
2.838027151218711630e+00
2.788795249419492972e+00
2.713541917432305439e+00
2.833210938296489179e+00
2.696638866566206438e+00
2.576116980905609033e+00
2.678550230753845796e+00
2.717855509715798146e+00
2.767844450680674306e+00
2.770548168168122327e+00
2.599165449248900917e+00
2.508240513314862863e+00
2.438334764827353229e+00
2.383155511280372618e+00
2.316799764665732564e+00
2.348399218941947808e+00
2.346390672281967849e+00
2.338548101488932662e+00
2.460019626090862221e+00
2.351746364218985086e+00
2.327796844575880097e+00
2.458895321251573396e+00
2.422899116171450817e+00
2.565579096151204386e+00
2.622929668085250743e+00
2.579277907941665227e+00
2.788991601199881210e+00
2.749398699194909756e+00
2.751017722708248847e+00
2.913071032921843440e+00
2.878235893404631707e+00
2.959637123371480438e+00
2.787692203056023388e+00
2.929827512019171465e+00
2.818788330984033585e+00
2.479026787364611906e+00
2.409395768474038579e+00
2.242677992232251949e+00
2.109370397882112780e+00
2.045021011107062137e+00
2.083015193870588977e+00
2.027718792527831493e+00
1.963467215833191615e+00
1.999928115296672804e+00
1.716998216911434616e+00
1.801991022805783160e+00
1.854367359978469798e+00
1.981649971948449274e+00
1.990837566664303449e+00
2.003161147381700147e+00
2.146861041656133118e+00
2.382318094418002019e+00
2.327367833453076962e+00
2.312916001278406242e+00
2.264840241155137157e+00
2.286917964104201673e+00
2.308145060598192355e+00
2.402795510648708444e+00
2.543369999431337902e+00
2.820852387712167619e+00
2.621751976814752361e+00
2.637626986858403466e+00
2.550735918770326904e+00
2.356657730727871769e+00
2.506456269923199809e+00
2.258666310014655121e+00
2.091795203607993425e+00
2.272122496189687535e+00
2.343922247310629370e+00
2.153669411293412495e+00
2.176517284330919288e+00
2.332942582174229784e+00
2.037316121275599468e+00
2.082501596231508323e+00
2.188181216515239669e+00
2.121658292811985369e+00
2.227026771985125553e+00
2.134553874737721291e+00
2.428855612439035472e+00
2.509550474796557129e+00
2.443686434335873958e+00
2.509049823292305526e+00
2.280521911802784185e+00
2.674188409340690242e+00
2.755316839438955334e+00
2.557190064935935592e+00
2.430404511184274252e+00
2.595719550150955790e+00
2.448937117683181341e+00
2.505735513312936646e+00
2.427348232419484830e+00
2.617419904302235700e+00
2.498562108327276654e+00
2.690246580051657954e+00
2.702201393694469989e+00
2.727276173343106347e+00
2.930935844665505829e+00
2.730421207608009215e+00
2.469816661125588730e+00
2.286298369108371364e+00
2.686026432432198519e+00
2.638224532617075901e+00
2.572855544119691640e+00
2.689064306036471397e+00
2.895496593573476218e+00
2.931492660927642380e+00
2.962368438316048458e+00
3.059753989968420740e+00
3.065144283529973812e+00
2.906487525969286168e+00
2.705636446734503764e+00
2.809624900945481230e+00
2.789399211176410542e+00
2.760825017511732593e+00
2.905281258571525971e+00
2.678272301091827678e+00
2.684514614320525627e+00
2.682698401767479979e+00
2.541658250910863615e+00
2.783233930126497668e+00
2.816407408209842700e+00
2.896935065911544260e+00
2.852566638858506032e+00
2.719560064634233942e+00
2.528570529682625079e+00
2.487929291852261304e+00
2.738063521776187503e+00
2.843876404130856628e+00
2.936883932092935634e+00
2.916060195184507542e+00
3.193431835056522505e+00
3.184637716947426700e+00
3.146069953343425762e+00
3.134148089031304707e+00
2.961404612946471726e+00
3.076893039892364623e+00
3.021850924067673194e+00
3.093220424873678986e+00
3.066520339511365822e+00
2.982538454724832366e+00
3.063044582879888456e+00
2.889776214005315147e+00
2.610655803012416065e+00
2.834225026927463365e+00
2.870601874784544094e+00
2.825933103636660615e+00
3.048880167529844254e+00
3.353425117193868044e+00
3.070796336121796699e+00
3.114792735920342004e+00
3.132984755689825818e+00
3.099791177198183423e+00
3.079555143104685921e+00
2.674724126830117843e+00
2.800527792973805497e+00
2.944101918472834978e+00
2.830074854886802882e+00
2.461703564545370870e+00
2.252579567144029848e+00
2.136609434547373620e+00
2.298844575426528092e+00
2.280430255201632672e+00
2.320817368657348556e+00
2.315814666044061720e+00
2.104409386758117950e+00
2.055047242092320925e+00
2.148697935070200682e+00
2.244207286053904848e+00
2.337355918053848125e+00
2.199124169183355182e+00
2.227818816218112730e+00
2.221040714247918935e+00
2.065684401661939340e+00
2.076500301266219761e+00
2.015718397006456719e+00
1.789558769293126295e+00
2.000920801101157664e+00
2.293026815369775928e+00
2.256729891627631268e+00
2.274524922824083806e+00
2.160138094479157278e+00
2.184720492281715387e+00
2.041453423954331825e+00
2.211963643804997659e+00
2.050007810929133090e+00
2.205854266332766489e+00
1.954178655046817426e+00
2.170857874050180047e+00
2.123192567246529272e+00
2.042255317722572627e+00
2.109134833921991969e+00
1.997942057911600067e+00
1.967312000235760916e+00
2.060351127451327535e+00
2.316966154304114234e+00
2.310613008795086465e+00
2.206171689091337651e+00
2.064575880928186891e+00
2.101852233638552114e+00
2.002718826364497051e+00
2.109498549391668476e+00
2.208774943365405807e+00
2.221565133243968315e+00
2.123769602047465010e+00
2.164766561380070176e+00
2.013212726669943997e+00
2.108785572789101614e+00
2.090367326706699114e+00
2.058422652947665021e+00
2.007299965220892268e+00
2.114326910958187256e+00
2.018005722319658357e+00
2.046805145266010761e+00
1.968086192810412083e+00
1.969708330332592627e+00
1.951393073706132908e+00
2.137202605137492828e+00
2.109960014436292219e+00
2.051265290086909499e+00
2.019467280711177093e+00
1.995375917615821892e+00
1.851225886921371133e+00
1.879775336643570105e+00
1.953013160404813098e+00
2.040697325223772118e+00
1.981349526777204550e+00
2.085484428077967411e+00
1.989739235945529039e+00
2.039944424311362248e+00
2.020102245890084358e+00
2.030595312695245180e+00
1.914597934482732411e+00
1.945159637678550713e+00
2.028884360300900802e+00
2.115776529416508289e+00
2.161471012023701732e+00
2.054385681816321085e+00
1.858575155402760970e+00
1.804100277407816089e+00
1.981701214526697008e+00
1.767288373079125341e+00
1.904475275998009476e+00
1.923271245985171962e+00
1.984813862914611482e+00
1.971170571390346238e+00
1.870441968768805863e+00
2.324363602937233431e+00
2.074738829663368644e+00
2.209300328062507202e+00
2.135063349513164788e+00
2.063265912659188572e+00
2.309890900748497788e+00
2.233424755248591076e+00
2.461042987124181458e+00
2.342617776805965502e+00
2.196026196236558814e+00
2.350538198756540353e+00
2.568886074200653180e+00
2.536061864762955587e+00
2.414388445074487688e+00
2.421568770765277101e+00
2.464551175190190513e+00
2.544446311912154979e+00
2.554584145688807872e+00
2.533421781100789971e+00
2.615993217162402740e+00
2.468628664532422246e+00
2.294284632720790196e+00
2.208243821171847365e+00
2.028650934315173071e+00
2.153223373367028959e+00
2.239243557465437906e+00
2.302594376472247184e+00
2.405422994165394623e+00
2.532343449836130134e+00
2.618300188769116854e+00
2.486496559389630878e+00
2.471052013309620765e+00
2.713301867080769814e+00
2.705526350386201706e+00
2.751358848606899610e+00
2.847994567364455776e+00
2.938761689087107332e+00
2.705135924523398128e+00
2.844947842522796755e+00
2.794685932542543050e+00
2.828142856235487557e+00
2.846413609676349044e+00
2.748735279597755987e+00
2.695420642745996354e+00
2.711098134609251975e+00
2.623887280686187040e+00
2.560525951516603005e+00
2.476150038014946819e+00
2.321987925150135634e+00
2.433808869996437085e+00
2.624507738607058105e+00
2.673937482939252153e+00
2.338823906499356564e+00
2.338472633874975948e+00
2.342781759500077499e+00
2.294127081218992004e+00
2.580800705810380347e+00
2.452634535309684338e+00
2.449413212405240348e+00
2.548748953785022309e+00
2.504285958643659438e+00
2.572102271936225648e+00
2.629866503996649563e+00
2.841853745306286871e+00
2.497543614785483701e+00
2.479810334624276802e+00
2.353497106601773581e+00
2.378917584932284779e+00
2.025144496970801455e+00
1.954824192048084663e+00
2.019911877935482991e+00
1.764921124008861142e+00
1.800188983875875781e+00
1.736638255235570361e+00
1.801795655110898675e+00
1.756176721735710267e+00
1.748373626874980546e+00
1.662682707803774917e+00
1.667709271264249393e+00
1.640833890116072613e+00
1.646222646449638338e+00
1.695066152921829383e+00
1.617632815203235319e+00
1.629823307299988366e+00
1.571364097502276014e+00
1.544668205232398339e+00
1.586832188768350971e+00
1.560530240171080107e+00
1.666809989512879397e+00
1.691391435488866390e+00
1.750248849208428936e+00
1.792624111203336534e+00
1.702675888895440526e+00
1.647409533240745461e+00
1.728089995170930759e+00
1.702676502432736827e+00
1.748327011916409601e+00
1.786943864200746690e+00
1.697941162548294747e+00
1.748884216253117740e+00
1.690274866169858781e+00
1.650585269394281296e+00
1.739004532140071557e+00
1.717336657977327707e+00
1.826027827821137928e+00
1.778870394568353497e+00
1.722663857265136489e+00
1.752529478829141674e+00
1.711165918118074059e+00
1.882992620501357850e+00
1.915772127880004394e+00
1.877049308859929599e+00
1.834750493705096686e+00
1.763330106164261002e+00
1.782960134478858150e+00
1.753434488389098211e+00
1.926990980765310058e+00
2.045915796164655909e+00
1.922130737847587367e+00
1.921242309203064824e+00
1.876460464294089636e+00
1.788201335990523555e+00
1.746803762662921145e+00
1.946208685605926414e+00
1.828273177384156067e+00
1.725935923415824691e+00
1.806521957269845879e+00
1.805548831771733642e+00
1.750545582749600593e+00
1.814141973812180675e+00
1.721389923166696923e+00
1.809919401349661561e+00
1.914641396249756600e+00
1.828392311973806583e+00
2.034419913762896659e+00
1.877571115352036468e+00
1.897500863634462354e+00
1.778689277725694851e+00
1.905113414651637971e+00
1.819211633497597402e+00
1.803174914776948468e+00
1.780538502607754703e+00
1.852308440891205610e+00
1.877730476104124246e+00
1.977006689270286444e+00
2.007291555884690659e+00
1.841043091819257072e+00
1.828407547060793004e+00
1.849732931020761750e+00
2.027387082671703755e+00
1.947795063260233661e+00
1.934791555517897610e+00
1.916225901954798250e+00
1.867120104698069882e+00
1.842741478815452805e+00
2.052990232459527498e+00
2.001776345250543265e+00
2.072739020808501920e+00
2.003994870012657969e+00
1.864058002649998214e+00
1.944313599199799514e+00
1.942648047152573776e+00
1.996693683730636826e+00
1.947886537699112575e+00
1.913931254124854098e+00
1.912790876604475665e+00
2.068160627512750871e+00
2.108503690246473994e+00
2.133317184007646805e+00
2.110815718805337138e+00
2.043666735004630475e+00
2.006851989714837803e+00
2.035040922980510203e+00
1.867628949152426499e+00
1.791768293004865731e+00
1.859770457346468175e+00
1.765407462460356625e+00
1.741393726780434026e+00
1.876436658625076026e+00
1.801983745813613647e+00
1.741659714012450344e+00
1.717746535776293326e+00
1.806981830504541087e+00
1.876760787097520922e+00
1.864297609237118403e+00
1.841468346511206278e+00
2.078485694669616191e+00
1.810439950972120737e+00
1.799487565231191244e+00
1.725781241139966227e+00
1.709774414586542335e+00
1.648928582047175295e+00
1.758161005610808791e+00
1.749437307215689907e+00
1.786046269778012618e+00
1.788920129570478412e+00
2.025460067463557667e+00
2.078786355449557810e+00
2.147580976532116104e+00
1.999315202660784330e+00
1.836844984591882168e+00
1.934696313162447501e+00
1.864937219929544865e+00
1.907979340153497905e+00
1.792371418988960130e+00
1.866580766718416662e+00
1.842944166485515289e+00
1.742818977510738554e+00
1.737888715709632770e+00
1.843968409885151205e+00
1.757113730231021798e+00
1.819219684132499681e+00
1.890301986429957282e+00
1.959934332632284226e+00
1.777349991013256636e+00
1.896159145319306738e+00
1.984948696935909584e+00
2.017011670939782952e+00
2.028943084031316957e+00
2.067392738957659404e+00
2.123306552554891979e+00
2.242030418857307250e+00
2.140572935141627386e+00
2.221901823864163461e+00
2.199702878926252048e+00
2.179166346444823432e+00
2.358570896224095215e+00
2.113896888128417917e+00
2.229091689907559903e+00
2.221078093909654161e+00
2.389868337849880398e+00
2.411698214282264718e+00
2.371999028433593448e+00
2.392414493771252815e+00
2.355133647915240047e+00
2.096595949056827113e+00
2.027642059784856343e+00
2.102521345331008096e+00
2.007020267139068004e+00
2.017466031326804909e+00
1.964868581559022997e+00
2.036298135749598615e+00
2.222313591591138060e+00
2.218865930710105516e+00
2.216194985754307289e+00
2.076141795716254013e+00
2.023973763667270109e+00
1.922688212180541090e+00
1.899568445956362650e+00
2.027843370454206706e+00
1.918300263909886727e+00
1.995388342969420581e+00
2.046363255306292483e+00
2.045914839003984742e+00
2.034572927620942995e+00
1.868537926958388606e+00
1.876410539524704157e+00
1.947250049101477698e+00
1.897743001276620767e+00
2.025914811765457735e+00
1.981997723550172452e+00
1.878409479441788266e+00
1.878645519535280695e+00
1.831843931000748604e+00
1.913061188590108541e+00
1.914544153220697931e+00
1.810209731584675685e+00
1.874811263250795612e+00
1.828378919506011391e+00
1.927129436442902355e+00
2.102815639557146898e+00
2.032535440057494203e+00
2.006746410423874583e+00
1.956892498632231137e+00
2.001997890725412788e+00
2.059073062289294320e+00
2.012908883965132123e+00
1.807656294189610380e+00
1.911042129687359648e+00
1.739446643987843322e+00
1.921434180856969487e+00
1.948865626881529645e+00
1.927693394596437626e+00
2.075225745988514614e+00
2.093372159905475538e+00
2.172680412901270675e+00
2.033975924257425572e+00
2.148403086295090691e+00
2.107421068492804306e+00
2.180468327775371140e+00
2.174528488130297532e+00
2.136110503164359464e+00
2.087689675388609611e+00
1.945682509757679535e+00
1.898756934398773799e+00
1.923444250373449016e+00
2.004641320131559823e+00
1.844950154336191694e+00
1.769216873874800644e+00
1.898137451000866172e+00
1.976579628820113177e+00
2.041763166967271559e+00
2.039599776857657698e+00
1.961279033522471682e+00
2.099062655277331046e+00
2.122055610227064903e+00
2.147436084736296102e+00
2.134895761625699162e+00
2.234111266199890977e+00
2.259514813601220418e+00
2.297046602563423967e+00
2.207903568887631174e+00
2.233657055016849302e+00
2.163965770352622719e+00
2.246603960569621972e+00
2.239974322675542417e+00
2.133169846088078803e+00
2.052938531609421524e+00
2.217230164086998911e+00
2.166222505727096959e+00
2.169781411446785935e+00
2.101345362534156713e+00
1.988710811775980636e+00
2.083920008813444635e+00
1.998872493813027784e+00
2.058602175053182215e+00
2.022338441124385433e+00
1.989366306761810588e+00
2.266669829624399668e+00
2.218045226135198611e+00
2.260418389940602513e+00
2.244784832234453020e+00
2.078639254833550165e+00
2.010067850265671918e+00
1.917711621227498053e+00
1.964654963745931182e+00
1.929028173735805929e+00
1.833693155367209782e+00
1.928488645129879497e+00
1.934851075668738041e+00
2.084432309318370979e+00
2.257399036442163887e+00
2.103209699472717631e+00
2.105786577395058146e+00
2.088279364030210861e+00
2.061278012872190146e+00
2.086857897708004561e+00
2.026020574840029287e+00
2.051701725235884233e+00
2.169171225854223728e+00
2.094282403017473815e+00
2.163145060764114280e+00
1.943947077518488831e+00
2.175609598539646417e+00
2.080349629879897133e+00
2.085400672183582493e+00
1.998594743967100795e+00
2.089294083327307039e+00
2.154490018751791247e+00
2.046178895839271039e+00
1.901759656072001370e+00
1.959504911044438691e+00
2.031224684774499689e+00
1.996502745876278073e+00
1.963084916619283193e+00
1.899635446401387817e+00
1.920221843102431158e+00
1.809523127162116163e+00
1.762039624546590133e+00
1.788544627051611435e+00
1.897393799891940791e+00
1.889864191052106346e+00
2.028470124405947317e+00
2.061871762309492428e+00
1.961462600242537935e+00
1.862269967055409037e+00
1.922713340401882132e+00
1.913528364127095927e+00
1.974742990121173492e+00
2.122110499475375445e+00
2.147904802262682544e+00
2.229918632120193589e+00
2.137452500036428393e+00
2.150671959905420927e+00
2.058123247993547178e+00
2.033221190139124612e+00
1.987772522121687535e+00
1.905520864851919738e+00
1.937314946362917345e+00
1.887471467725281737e+00
1.926002909517536388e+00
1.907839583828590868e+00
1.894849920301248103e+00
1.935079384269183578e+00
1.912754302381622917e+00
1.942204979543282528e+00
1.870580011947326593e+00
1.734832511452937487e+00
1.676333025210277494e+00
1.653410650122757675e+00
1.727172222682383573e+00
1.776928002726144484e+00
1.756609036329164653e+00
1.802421823012333446e+00
1.799208593421808722e+00
1.832944628546462784e+00
1.829013704641474058e+00
1.857874528322614571e+00
1.928564459369363160e+00
1.958717364219512369e+00
1.745829925797008242e+00
1.875551306260576201e+00
1.749088825684955273e+00
1.791725645552691315e+00
1.861463004500095941e+00
1.840409794404493260e+00
1.764026211129279931e+00
1.753556422471424847e+00
1.819720039647606091e+00
1.820200630011695297e+00
1.827440837013389441e+00
1.903796398789536104e+00
1.902889100546770296e+00
1.966685468780404511e+00
1.953637269551413036e+00
1.885941881062679792e+00
1.838599603510598923e+00
2.009697802967685742e+00
1.988930126075951765e+00
2.141808331635282503e+00
2.186469574325743626e+00
2.125938019337128004e+00
2.147422061925957415e+00
2.176041613482075476e+00
1.944907008219475930e+00
1.985983778348743289e+00
1.958216628164855866e+00
2.050568967612392601e+00
2.016667212679644106e+00
2.048263968439380189e+00
2.116932262910010465e+00
2.190240132394258410e+00
2.121892086260077193e+00
2.105210766002194589e+00
2.129561293486057938e+00
2.154500786571982740e+00
2.174370939703048844e+00
2.054439359508123175e+00
2.040624428943635493e+00
1.885666308998447116e+00
1.988199654335202959e+00
1.976761716735339514e+00
2.031436269160959984e+00
2.031217374589995295e+00
1.866405195299239317e+00
1.972804543641537789e+00
1.939118032834813876e+00
1.915219346961583469e+00
1.918355191682280969e+00
1.908141013225408411e+00
1.879106780942277233e+00
1.731680770840350325e+00
1.754531381255535649e+00
1.738617793122019473e+00
1.672408063886434038e+00
1.710622329986642098e+00
1.865695929196200087e+00
1.841628356928898480e+00
1.802533628192679149e+00
1.721474641551687945e+00
1.759895989213939860e+00
1.782929686963836913e+00
1.908721009409400260e+00
1.893414100590981031e+00
1.983924106903501849e+00
2.063446423697412602e+00
2.040868184041669142e+00
1.956070960028012617e+00
1.921723652878883470e+00
1.964103474252060666e+00
1.943670386769433378e+00
1.813196375155155415e+00
2.016240418518620903e+00
2.111967061181643235e+00
2.148442508359534653e+00
2.056696899267883349e+00
2.142143450649048653e+00
2.083371505180525940e+00
2.226753019434757341e+00
2.094542303628862623e+00
2.239668848865735917e+00
2.198661512033857512e+00
2.174819298390190170e+00
1.980468948023121900e+00
1.932943830445345013e+00
1.826220752234070765e+00
1.871355541266535916e+00
1.816124104417828899e+00
1.732292494375161862e+00
1.774344744435693677e+00
1.869332432963621615e+00
2.018865370159404815e+00
1.931177504680168688e+00
1.988649021720774623e+00
1.919627757967142578e+00
1.857334071300808409e+00
1.928217428655000454e+00
1.948399112000371192e+00
1.879976340200675500e+00
1.842301830378728633e+00
1.903648685393332762e+00
1.824805357491907198e+00
1.826830922520329414e+00
1.912574984024180358e+00
1.897533536530913834e+00
1.890580275124743359e+00
1.682052996249124854e+00
1.703018492450213195e+00
1.718490190611385859e+00
1.939153792874272142e+00
1.917974822117185729e+00
1.970082172611467231e+00
1.930546002397997896e+00
1.908109057235785277e+00
1.943631758936740672e+00
1.929023208665804345e+00
1.999309704577075131e+00
1.963202177509054236e+00
1.978999145442087659e+00
1.984832065396882728e+00
1.950789379338073282e+00
2.036940785531479836e+00
2.182366522747136717e+00
2.021226385682893589e+00
2.058028457243719078e+00
2.323878469761265553e+00
2.250241486475939023e+00
2.138587091408995278e+00
2.119082365524526335e+00
2.198667039551787994e+00
2.083910116264465984e+00
2.171402259377927635e+00
2.216375969671778634e+00
2.161732501418835994e+00
2.155813292367942946e+00
2.183832767532129182e+00
2.262065941673421232e+00
2.344636778591044912e+00
2.330365090125885885e+00
2.217648848993813093e+00
2.227725633334053157e+00
2.322224805202456110e+00
2.309385125871453948e+00
2.292102209643156030e+00
2.274492746643538954e+00
2.186297172747917017e+00
2.281648465007567239e+00
2.256891747271662307e+00
2.243187023825329529e+00
2.124845179640988402e+00
2.181957588709355633e+00
2.195526033659060960e+00
2.132170889651436418e+00
2.113395963732223493e+00
2.084857895101017267e+00
2.016879195718625617e+00
2.067467116616646727e+00
1.980936965207988232e+00
2.088400839334502379e+00
2.160992580515936012e+00
2.177412145206287342e+00
2.252280222043016256e+00
2.260415219954016397e+00
2.240532830904068184e+00
2.040440068024583109e+00
2.112913096741110941e+00
2.034049146949275855e+00
1.922264034520029030e+00
1.927137327888381657e+00
1.993865276527405195e+00
2.137830308019672554e+00
2.049609245985924311e+00
2.071359166188704304e+00
2.083187591938068906e+00
2.088423687971926679e+00
2.003470369897379477e+00
2.063283414129715165e+00
2.094617408241205236e+00
2.149892073659828817e+00
2.154603285780595456e+00
2.116599168335074665e+00
2.103713165342660396e+00
2.206131436311800531e+00
2.292174094711667554e+00
2.246871126603841695e+00
2.284688556739449261e+00
2.238550333183184637e+00
2.172836317759583746e+00
2.240774051669410127e+00
2.225654529984939956e+00
2.269798322186129980e+00
2.048037413454363520e+00
2.077239345578800300e+00
2.046809360141522927e+00
1.949457693287757198e+00
1.906207816854112114e+00
1.942150935830828873e+00
2.145046063306879081e+00
2.100198021422325922e+00
2.220763395177403066e+00
2.190212857196781826e+00
1.989958095254259263e+00
2.157860318659352572e+00
2.069623122751554245e+00
2.047691288853104474e+00
1.922288608301989221e+00
1.951593117910691566e+00
1.916982072051085506e+00
1.905706109970613404e+00
2.015752961559399647e+00
2.083069747657734450e+00
2.015366384242210707e+00
2.094205463727993877e+00
1.983317037526757476e+00
1.880086809696874806e+00
1.869102157494378469e+00
1.900693403388146629e+00
1.822844271595092769e+00
1.782462836385043436e+00
1.859967901322938211e+00
1.912039346810278762e+00
1.942703409160737360e+00
1.880263876104202314e+00
1.806208120597107447e+00
1.854976390498972005e+00
1.812203753095088521e+00
1.810712127580802688e+00
1.901614244099954609e+00
1.909930002990726239e+00
1.956449204787820584e+00
1.886051170249548603e+00
1.858947351487677757e+00
1.790245713715107323e+00
1.864689029522373476e+00
1.757651800024503164e+00
1.733051819534546345e+00
1.824681824718286327e+00
1.838265323785135852e+00
1.933134205744235556e+00
2.070110686722595350e+00
2.125605522350581644e+00
2.097898213512253029e+00
2.146688543919022862e+00
2.126109016774831773e+00
1.988824693933527010e+00
1.972364457314452979e+00
1.833491952944777070e+00
1.883035259730885924e+00
1.846465266539820904e+00
1.811048110115328402e+00
1.831983357762401177e+00
1.829490059215490794e+00
1.797634269657077732e+00
1.942397232007003982e+00
1.848524062060832307e+00
1.769370406908679083e+00
1.782237924918258498e+00
1.931430682954342837e+00
1.897880758063034135e+00
1.968094195333836671e+00
1.853818510301852518e+00
1.614954025042783847e+00
1.671554079414836913e+00
1.667392009416482246e+00
1.739704612605380785e+00
1.750992498230695249e+00
1.651127134942733221e+00
1.607645436436224706e+00
1.668641997720698100e+00
1.612427093612263995e+00
1.688868943412930479e+00
1.774370744989286930e+00
1.833060335990024603e+00
1.785350305988964381e+00
2.039970809966252130e+00
1.894269970100003642e+00
1.881505127270413746e+00
1.985143309192934247e+00
2.018311850673746299e+00
2.135711705473969602e+00
2.164655706873309882e+00
2.221900478905629583e+00
2.228978071449535747e+00
2.180363955178301616e+00
2.196069857367955791e+00
2.072727327766994865e+00
2.176023299512858777e+00
2.103842902032244222e+00
2.074783969448338983e+00
1.910592940289038921e+00
1.866673016904200066e+00
1.849194915238491888e+00
1.810367499532358648e+00
1.806298622575129853e+00
1.839914588777074256e+00
1.953469102568006432e+00
1.897004514717080204e+00
1.839482762617384193e+00
1.803289847895721998e+00
1.794534402435057796e+00
1.816613395719143487e+00
1.721192707613417916e+00
1.674749816050795426e+00
1.762204265075351106e+00
1.834266419245887958e+00
1.782666402598179323e+00
1.848361456499500788e+00
1.851231146057381372e+00
1.820379046275990786e+00
1.803601554763614612e+00
1.828141530337483944e+00
1.774513197615954052e+00
1.788587376006443908e+00
1.956926604087393828e+00
1.902801598632479330e+00
1.944929858308294568e+00
1.955595882796165697e+00
1.979887365449510828e+00
2.015577307181745326e+00
2.204697958043468020e+00
2.221682514424452748e+00
2.197269565489195386e+00
2.178951259059917600e+00
2.056827305045247467e+00
1.969444854584076809e+00
2.109752360174375951e+00
2.084635288593923441e+00
2.256192605001988483e+00
2.280082528513558859e+00
2.237175838620283574e+00
2.313169802935576946e+00
2.032235940192974155e+00
2.024710348347893429e+00
1.985578900451456352e+00
1.889450708613551910e+00
1.973653207018730704e+00
2.038716260631828536e+00
1.957226562437806017e+00
1.975046846450861482e+00
1.892532931561863974e+00
1.866004670415011280e+00
1.738962065251233424e+00
1.736861232303008817e+00
1.696042142116760632e+00
1.911338804440278594e+00
2.049582336840896080e+00
2.265876691982194213e+00
2.234630611119977406e+00
2.254277178697087880e+00
2.235987167695840938e+00
2.064154018196085794e+00
2.100605746426287723e+00
2.112379774345181094e+00
2.068767563797390796e+00
1.942042941994134964e+00
1.867872854119470016e+00
1.959484859687258052e+00
2.064194322510270130e+00
2.104812543360767396e+00
1.958070253269119432e+00
2.034818402727830211e+00
2.018820347409837623e+00
1.950843680333423036e+00
2.017657787213446241e+00
2.020059262558521862e+00
2.084508414034144330e+00
1.999017184081771425e+00
2.048642099062321531e+00
2.097094035037305293e+00
1.919702955149039880e+00
1.890316910313302179e+00
1.838798499652947172e+00
2.015789993676400549e+00
1.906474501003505795e+00
1.935727717445008045e+00
1.930251447051647862e+00
1.952939189453933855e+00
2.061391101299694384e+00
1.865269911262764646e+00
1.962443506365477042e+00
2.055205763791772000e+00
2.134788841718170627e+00
2.174155903866985540e+00
2.196664784550013128e+00
2.092408440245541179e+00
2.083934981922730856e+00
2.008786750830836354e+00
2.067382533073095718e+00
1.837014202950164377e+00
1.918254182351626813e+00
2.055291016472621024e+00
2.058990770144146776e+00
2.190351830977189440e+00
1.963264785047255767e+00
2.100614809140364692e+00
2.132012539577082144e+00
2.099000422986872394e+00
2.248878202909305291e+00
2.169673793252534733e+00
2.191236308660396759e+00
2.195949430790535395e+00
2.180436887505451171e+00
2.197531645167567049e+00
2.304858900412311229e+00
2.314243048903988687e+00
2.303039487913085548e+00
2.269571826721243468e+00
2.293208719881411728e+00
2.071075364467290125e+00
2.181656199199850210e+00
2.195121482879844876e+00
2.137124691948322663e+00
2.308884086878652209e+00
2.200770652151284423e+00
2.145062867949194985e+00
1.970051925865752729e+00
1.940325978512606575e+00
2.096162107781551320e+00
2.037357261615061699e+00
1.920967868805048440e+00
1.979464223175618542e+00
1.901363069663445593e+00
1.801266893632337274e+00
1.848475511156735696e+00
1.862083899621388428e+00
1.904341232923866256e+00
1.897336763883677113e+00
2.038223520789820054e+00
2.011851607663814878e+00
1.898435514600822716e+00
1.879976975095930092e+00
1.867520693991271408e+00
1.975089621640029103e+00
1.922130821315742422e+00
2.023597030319043366e+00
1.958760230914749823e+00
1.916823068381769080e+00
1.825047413619186321e+00
1.877022080923525849e+00
2.086050313748434970e+00
2.172244435311333710e+00
2.076316753004483484e+00
2.194992289660985474e+00
2.276106688338011885e+00
2.216050990189028180e+00
2.343742314267876825e+00
2.338568808867773186e+00
2.173181866199379808e+00
2.351176524302359461e+00
2.217978584631448147e+00
2.050754758125168387e+00
2.144584716212196263e+00
2.114617875513645995e+00
2.051414205196573359e+00
2.078846343944180663e+00
1.942332406593692662e+00
1.899495367967893422e+00
1.956970668450347173e+00
1.922994056828867704e+00
1.985352030724877315e+00
1.919308133412612527e+00
1.989376492580071654e+00
1.978466498660051531e+00
1.851079502296800738e+00
1.742725711807063815e+00
1.781128461585233858e+00
1.796076424220914847e+00
1.767113653806693607e+00
1.781025781521795581e+00
1.816109857723926524e+00
1.716655807709172699e+00
1.730698809356181700e+00
1.677618957251316933e+00
1.728603079768912476e+00
1.720431461994347710e+00
1.563856273395072938e+00
1.676066974289048384e+00
1.691266802815629688e+00
1.799906065370822761e+00
1.763257118605633167e+00
1.683510371413265094e+00
1.761579753878699028e+00
1.725677992114919235e+00
1.695954275866031313e+00
1.704365742684001317e+00
1.727423306057093155e+00
1.711568673088626591e+00
1.745451570593280266e+00
1.738675185442753568e+00
1.675010158209503830e+00
1.758436061777563841e+00
1.809961298027489285e+00
1.716293902826566464e+00
1.676708343401206447e+00
1.743921903259381789e+00
1.751600183501261121e+00
1.766469077684000410e+00
1.743162554153570687e+00
1.874901337585473282e+00
1.831627721905105366e+00
1.948717842665740774e+00
1.996945553749457813e+00
1.927415408902749983e+00
1.885709357796170549e+00
1.873721893050090737e+00
2.096934983729179081e+00
2.153400707434513173e+00
2.173313665523416649e+00
2.184748918664348505e+00
2.232360313900010329e+00
2.338488445301400542e+00
2.265313272744501116e+00
2.147395568965525747e+00
2.265542220448679256e+00
2.230022636522194457e+00
2.143610926015850904e+00
2.082512443055115625e+00
2.107451505830766347e+00
1.964430554373946203e+00
2.053560360407887142e+00
1.850194175659371165e+00
1.922565305613980202e+00
1.860717613032076612e+00
1.690320007911357836e+00
1.675750665953235963e+00
1.717263055040534558e+00
1.605309678943406260e+00
1.565113646525926772e+00
1.646015696814253415e+00
1.704598306117319773e+00
1.730529798087536486e+00
1.784889691419793589e+00
1.892486856725873468e+00
1.830224905599117324e+00
1.852574232849612423e+00
1.907799868045116920e+00
1.890250385749089990e+00
1.888034263184508177e+00
1.792607007331201929e+00
1.725070597133920858e+00
1.681847848729782102e+00
1.800939466209637629e+00
1.837300808827496246e+00
1.807392057515629258e+00
1.809275378903051568e+00
1.822729813694693224e+00
1.882422196951216931e+00
1.852267323864986270e+00
1.936593895310259050e+00
1.873340431913149917e+00
1.829603843408991182e+00
1.830918913973373252e+00
1.869873645201018286e+00
1.983970297622379197e+00
1.751009358586864462e+00
1.639996113995331850e+00
1.869848789382196452e+00
1.878864377531396013e+00
1.873651360445390379e+00
1.938721355176410421e+00
1.925502897583495132e+00
1.825964321866748730e+00
1.642020459025724799e+00
1.635988171236970601e+00
1.718472238181854017e+00
1.663224795384804944e+00
1.697667717233677820e+00
1.635748560125011464e+00
1.648175218124304120e+00
1.750839467890247469e+00
1.715535639680547009e+00
1.707767785532289473e+00
1.757745803290015507e+00
1.782242830950384604e+00
1.842795287194584297e+00
1.848357674599800715e+00
1.875414730976896038e+00
1.869252346192616487e+00
1.760873391295373569e+00
1.933575315492059632e+00
1.874182783180967204e+00
1.840378273041162860e+00
1.873440067606334969e+00
1.938577909023249779e+00
1.921357585129643608e+00
1.850565911421807819e+00
1.910491611699303371e+00
1.899729383271400618e+00
1.985617777303478215e+00
1.994330237233183034e+00
1.907258453860974035e+00
1.914588018771240296e+00
1.909365115297637416e+00
1.951224135555853278e+00
1.906211386864022472e+00
1.964786491361388832e+00
1.991483089444850973e+00
1.936950516566724012e+00
1.974446632110340216e+00
1.955063896494020126e+00
1.825188046453001256e+00
1.790732153882132138e+00
1.946482591550269037e+00
1.933180789161342394e+00
1.851693104377133414e+00
1.792074987289999699e+00
1.792912528329983157e+00
1.688310142069098463e+00
1.777466259923012659e+00
1.799945692366038186e+00
1.801660236820934680e+00
1.850111240164679538e+00
1.920900029212278426e+00
1.902660201130239592e+00
1.900536877772965649e+00
1.930062453674902700e+00
1.854730269771563522e+00
1.808581280831416560e+00
1.876600869051097353e+00
1.820778382461207823e+00
1.898042739096558851e+00
1.948037488741401146e+00
1.941761395241658361e+00
1.962604390168949164e+00
1.907554905081927155e+00
1.846457296644318680e+00
1.844902612451175816e+00
1.876349449122245217e+00
1.814984105637379219e+00
1.834409518017453999e+00
1.770319131596666873e+00
1.812301264410926649e+00
1.683687241612633168e+00
1.697581585904692547e+00
1.599728402481199740e+00
1.631786397092630958e+00
1.661681250815685518e+00
1.642953565110196301e+00
1.649869747816254506e+00
1.684938796996517274e+00
1.700955687610676392e+00
1.665228863051839481e+00
1.751565961995747323e+00
1.704346362439301377e+00
1.758910585276938221e+00
1.769979703924777770e+00
1.761306104357674318e+00
1.728763408784484534e+00
1.712191983068653611e+00
1.604568082853523592e+00
1.543328497399693466e+00
1.475439818338974751e+00
1.497236249328860902e+00
1.572809476316602728e+00
1.622969195837893785e+00
1.734186913330932223e+00
1.710925230100867722e+00
1.740233344713044250e+00
1.690767332394906397e+00
1.741808322509937668e+00
1.753386658899891204e+00
1.698633200968486134e+00
1.682636010030239326e+00
1.681413841155242395e+00
1.734497083683087082e+00
1.763690530566660142e+00
1.722931388363548200e+00
1.795853814842162555e+00
1.812899721554861676e+00
1.711589316439485309e+00
1.745982167381064931e+00
1.711675233893681147e+00
1.693860822672927924e+00
1.754388856066847024e+00
1.812211975142703713e+00
1.803362923493477377e+00
1.874554675514594759e+00
1.767480478609211314e+00
1.772612592543865384e+00
1.826901870311984810e+00
1.826191420154944289e+00
1.858770021313354448e+00
1.932283869126696807e+00
1.884189359939927977e+00
1.954174222498216595e+00
1.881104110741527613e+00
1.841553552199163057e+00
1.833519136720404674e+00
1.895057765191887178e+00
1.842195009576659048e+00
1.901579463331050768e+00
1.930013999082576870e+00
1.907005552138569149e+00
1.931898401658253661e+00
1.887573468302200297e+00
1.863967612808020480e+00
1.868175347672844433e+00
1.844860154195162583e+00
1.814314425908539308e+00
1.854545293544888729e+00
1.858228786529979804e+00
1.818619389452177382e+00
1.821259791640227554e+00
1.810714746745601067e+00
1.842662432408473494e+00
1.790267866458607138e+00
1.730716033971679169e+00
1.797666742006178042e+00
1.734206904033076979e+00
1.867234624202478654e+00
1.848209365047354780e+00
1.845136384662350748e+00
1.877375066983169694e+00
1.913381655557568228e+00
1.949510021407561799e+00
1.927070385170385425e+00
1.842815278639444276e+00
1.916956350775689266e+00
1.840805712357068025e+00
1.839759575543331360e+00
1.787078921004917387e+00
1.819226171828726812e+00
1.737017117359387353e+00
1.702310365704930994e+00
1.744993182056648662e+00
1.844008671192328030e+00
1.880490654362476866e+00
1.873660758299017681e+00
1.765376052799821904e+00
1.684297885766562919e+00
1.669300136586750805e+00
1.680248648895797947e+00
1.739611763020222801e+00
1.857263610255238229e+00
1.714516592090473690e+00
1.777299616752376021e+00
1.795836827646406508e+00
1.717499733852806854e+00
1.768680184216966822e+00
1.809904812452540757e+00
1.813704022058473697e+00
1.743195305993260558e+00
1.754299722403769524e+00
1.714506942714703941e+00
1.703585041809303258e+00
1.856033218210793478e+00
1.825990523584963388e+00
1.783128934228446649e+00
1.775492151211418346e+00
1.817633518091707590e+00
1.910406411661031312e+00
1.925821515543401086e+00
1.885172241800158854e+00
1.868559033104849831e+00
1.889290033632190280e+00
1.845122853750825742e+00
1.852500053668061586e+00
1.805922320312250529e+00
1.780513982410621976e+00
1.692731897494739624e+00
1.741829078882225046e+00
1.809239018499910090e+00
1.814947826584009993e+00
1.816356991764791706e+00
1.854993798085225354e+00
1.857786873751542167e+00
1.840464993204893762e+00
1.832807638092424529e+00
1.809008131122785024e+00
1.858945992183001827e+00
1.832920800461078636e+00
1.701065679855187529e+00
1.757491462804453342e+00
1.745650974816339573e+00
1.730807556721506879e+00
1.681360902838590965e+00
1.819873495932615270e+00
1.818462035796441834e+00
1.869590385497018392e+00
1.935966857837747135e+00
1.934984945018586311e+00
1.894406908210758189e+00
1.791721942148958968e+00
1.829093184908440417e+00
1.831715522600101176e+00
1.928215815010108969e+00
1.911126912170279413e+00
1.975788986386318058e+00
1.942517110355186594e+00
1.861375626065495892e+00
1.856179230881316089e+00
1.853415472138912667e+00
1.909788906695023103e+00
2.020228724225491046e+00
1.899710225270604846e+00
1.753137971526148364e+00
1.810654979479979332e+00
1.731817951411082968e+00
1.710634232351335493e+00
1.776458443736957493e+00
1.778415126019515569e+00
1.806374197962933303e+00
1.735934959219754603e+00
1.770690103684862793e+00
1.832560774033547446e+00
1.928821152088228130e+00
1.868061772966662204e+00
1.949359121476605061e+00
1.876838064792391902e+00
1.854095446012862691e+00
1.840293402300237746e+00
1.787220961232122374e+00
1.697783965613535839e+00
1.750186893066451033e+00
1.693841329514624627e+00
1.671580778294586178e+00
1.620765205504223649e+00
1.604026172422960306e+00
1.605345339617240352e+00
1.629145124696090408e+00
1.675645367504792871e+00
1.708688299156481349e+00
1.739061764358614148e+00
1.723517917288693635e+00
1.736514594207909878e+00
1.761332266777434041e+00
1.809431589268382545e+00
1.835977624958275323e+00
1.832007959337454084e+00
1.947701008927867017e+00
1.909219483085528690e+00
2.045615980375870446e+00
2.056770958745509414e+00
2.147035849523512674e+00
2.044397916060883613e+00
2.107909921225197714e+00
2.043088939168987928e+00
2.045774349991593244e+00
2.071602389567088753e+00
1.968327165202570894e+00
2.061484695819729485e+00
2.104983624038346157e+00
2.085532523892237311e+00
2.121491401717689573e+00
2.063645972648107563e+00
2.021118733528033395e+00
2.002759418908329092e+00
1.994911158225956882e+00
2.059776262787782475e+00
2.143270225733953538e+00
2.262641991044281653e+00
2.268990847939531985e+00
2.260635059053354823e+00
2.334559917857313760e+00
2.273285522641346201e+00
2.310568290034322736e+00
2.188852734060695138e+00
2.198638403474034053e+00
2.165504999880037307e+00
2.066022262488829586e+00
2.260834672765327014e+00
2.184112544915382870e+00
2.097835809787430339e+00
2.127756114259663267e+00
2.114029550795453627e+00
2.008823694395799997e+00
2.110025986920391894e+00
2.173497140021532825e+00
2.271988241880805948e+00
2.192137143408185551e+00
2.158945183345790664e+00
1.953379764140295682e+00
1.880898028728849258e+00
2.002328761066893836e+00
1.972960405649584859e+00
1.937253641082429034e+00
1.847242583615134492e+00
2.003746820466438816e+00
1.925546169223076420e+00
1.912295600172071230e+00
1.857745373873944228e+00
1.931004447800759083e+00
2.094524718757391213e+00
1.889004553731363334e+00
1.872642727058160261e+00
1.979133765545369128e+00
1.900862383777475850e+00
1.884401976694543235e+00
1.693432019389576215e+00
1.813006259261855657e+00
1.764891947538429484e+00
1.809631368147925912e+00
1.728188275607023705e+00
1.703121370697886494e+00
1.646282314732080199e+00
1.635865322207273431e+00
1.636342139491873349e+00
1.676473595061575894e+00
1.683878610166273715e+00
1.594885245263313100e+00
1.656544851071523938e+00
1.611981816129308243e+00
1.674758191955904696e+00
1.650975151931623142e+00
1.694321154891360592e+00
1.704987882931845888e+00
1.723946171220646306e+00
1.675410074442788888e+00
1.686460823559270406e+00
1.734435663152670282e+00
1.688178425296051000e+00
1.601488914655594398e+00
1.569392673722913578e+00
1.672079824664090220e+00
1.638191101990809084e+00
1.665540814949209025e+00
1.610429420466099604e+00
1.561709960789729124e+00
1.632421064906486752e+00
1.685496014012312305e+00
1.672468142349056386e+00
1.781215551186738910e+00
1.859674813223283429e+00
1.796161675470927532e+00
1.740875901966086658e+00
1.739672782862996758e+00
1.761606232583515563e+00
1.769632424352984179e+00
1.765855154542245620e+00
1.815429433050030239e+00
1.779846069317125412e+00
1.750128511050701219e+00
1.679401998352933578e+00
1.644743282613690738e+00
1.681566786434748106e+00
1.663599935756646886e+00
1.690612912330969664e+00
1.634785856950173422e+00
1.679152875246645804e+00
1.854626328690846426e+00
1.695649777316874163e+00
1.760004326636484873e+00
1.723763158857588129e+00
1.747059162210535366e+00
1.727751634033469541e+00
1.729853116018864378e+00
1.783190371555723353e+00
1.732731449423087211e+00
1.779203847057776899e+00
1.830638332773309784e+00
1.853692399274158520e+00
1.776750801674464864e+00
1.835419264651173998e+00
1.841761055024383698e+00
1.812480174167991009e+00
1.818454529357674820e+00
1.828966511614445567e+00
1.845762439291806389e+00
1.895627309119472637e+00
1.762988276728658654e+00
1.800206055193124044e+00
1.742531325625865213e+00
1.821720412484396423e+00
1.769832596499483213e+00
1.671191626816315612e+00
1.662047347399193908e+00
1.750251748894712023e+00
1.894745265186813521e+00
1.816813801734735945e+00
1.800905798789855128e+00
1.940700187727881998e+00
1.996897796409277337e+00
1.914328111864840087e+00
1.948647851927412633e+00
1.937366264469885691e+00
2.005657139825366198e+00
1.875455638405968850e+00
1.991055215510157517e+00
1.904174017121514906e+00
1.880987480566387537e+00
1.909343180559805120e+00
1.893042020963532357e+00
1.886381684816570870e+00
1.882962866813105984e+00
1.920624152200029799e+00
1.793457933496189982e+00
1.760164972449138832e+00
1.780343127791465196e+00
1.774471011438073287e+00
1.880129401956848856e+00
1.889741737302344626e+00
1.754060554961454299e+00
1.647648410165332589e+00
1.669511130512595809e+00
1.691729318749429112e+00
1.727265312318084556e+00
1.767700679856245127e+00
1.671469342080860621e+00
1.708812964456953631e+00
1.655461848311542861e+00
1.605393383432663912e+00
1.614727756480266008e+00
1.685356186751622909e+00
1.796529175218349872e+00
1.706345955308726792e+00
1.749346023035996067e+00
1.736148518737260282e+00
1.828981171783383486e+00
1.849343103614991213e+00
1.839713227763646985e+00
1.839044867116777171e+00
1.782781319262502606e+00
1.747655369709874007e+00
1.725873779542053121e+00
1.826382620388669720e+00
1.927463120199868207e+00
1.886821062077497890e+00
1.857092749296775924e+00
1.904729644778992315e+00
1.766091924166711680e+00
1.885940246338989379e+00
1.941151618772062770e+00
1.935311795029930781e+00
1.753738463920769819e+00
1.809336135686230307e+00
1.793010997634420622e+00
1.718264442759476873e+00
1.721525582595499149e+00
1.713516521233975354e+00
1.708561912513107295e+00
1.696285728754381328e+00
1.752248852794378253e+00
1.861727681731265127e+00
1.864646590761884326e+00
1.870078846039677334e+00
1.753008898694472961e+00
1.700805697194782695e+00
1.664054229504899007e+00
1.620043326315607768e+00
1.705485435373897518e+00
1.694872784205392335e+00
1.697926186579367558e+00
1.763038537364474578e+00
1.751413789808345944e+00
1.768723681008265824e+00
1.684493864200981683e+00
1.750556438545234128e+00
1.887539737551937158e+00
1.847304381524094152e+00
1.811371386186355181e+00
1.964393366602378954e+00
1.887673497196429739e+00
1.898271604108456856e+00
1.787137382344818226e+00
1.720926499138997201e+00
1.770631362470890480e+00
1.747623410681022227e+00
1.732505909754677331e+00
1.637557785314399661e+00
1.680725483026816791e+00
1.745538854546239804e+00
1.753793860193169074e+00
1.690810209896888461e+00
1.779669593533964367e+00
1.762679604765488683e+00
1.877862931611953057e+00
1.848218192255550729e+00
1.836624034121647764e+00
1.815361885668435482e+00
1.777019324581109450e+00
1.691580273224904118e+00
1.733163115319724223e+00
1.809833061618390415e+00
1.686200789093160513e+00
1.683580998870161549e+00
1.672385008043237198e+00
1.706258775390036453e+00
1.802753528074518163e+00
1.830921716581020098e+00
1.641037518904703729e+00
1.697694915724589526e+00
1.795817699513186039e+00
1.734206882703119845e+00
1.671230292816286545e+00
1.772879766138293567e+00
1.771797100799235469e+00
1.869415729949007732e+00
1.923159608049142211e+00
1.937701245403345762e+00
1.850365299915294193e+00
1.808359768235557219e+00
1.884286572379624936e+00
1.999271657863320728e+00
2.012911730808778277e+00
2.036455386826476310e+00
2.037210781926955594e+00
1.878532992588734407e+00
1.793579890008837774e+00
1.880468824005085304e+00
1.891060650976892132e+00
1.799738319528728203e+00
1.798939739774066515e+00
1.702503006663271812e+00
1.837683533070141984e+00
1.816699280616339784e+00
1.918060345083606677e+00
1.953384756518472987e+00
1.703115676572660275e+00
1.709366625215188229e+00
1.678966328290633969e+00
1.773155338832471228e+00
1.839974091139513268e+00
1.950042300458198818e+00
1.822260037294654245e+00
1.740209021891425456e+00
1.832676832047037241e+00
1.891084915469835259e+00
1.901648484037321341e+00
1.969145228673786274e+00
1.905464449343021727e+00
1.858250139006501378e+00
1.778051859106352772e+00
1.655257896113596638e+00
1.705295964067747194e+00
1.586353267750629792e+00
1.675425111625898245e+00
1.676180953148798780e+00
1.677686965103143635e+00
1.752864077310482882e+00
1.769645621988976236e+00
1.765522607647726616e+00
1.709350015865940264e+00
1.749824834499802639e+00
1.759864461530905144e+00
1.817060008579986174e+00
1.784524399764152003e+00
1.803153965396320446e+00
1.830199727415785516e+00
1.841339808802599176e+00
1.823934488295496203e+00
1.852163474820303080e+00
1.844466558218893049e+00
1.695637448283283666e+00
1.801310560373714731e+00
1.833673434220450149e+00
1.861994778353728064e+00
1.881595506308320953e+00
1.773997416009531980e+00
1.667356185839319549e+00
1.763732845519617731e+00
1.721336482641066423e+00
1.594140422058793138e+00
1.575499246395601460e+00
1.619460128165340462e+00
1.473467162354178628e+00
1.446289883812784005e+00
1.523155853526286796e+00
1.559144546252202446e+00
1.570172555974782336e+00
1.607150256971845659e+00
1.722718063150825429e+00
1.663637328433288820e+00
1.687719505844785584e+00
1.701234744325266668e+00
1.724079117433311659e+00
1.709296152822852966e+00
1.710012786408035002e+00
1.672591471688595677e+00
1.763321961780466296e+00
1.773564424349752366e+00
1.753152604359953459e+00
1.687689546598715173e+00
1.698836761658277794e+00
1.715137021830103414e+00
1.785620156789067048e+00
1.850577284075268780e+00
1.800550523508990253e+00
1.703641346452160477e+00
1.788370078538528585e+00
1.752732816215363254e+00
1.736259009727574076e+00
1.730190101136445779e+00
1.754335661009139846e+00
1.776221569170794545e+00
1.718198180236269801e+00
1.693022028323833084e+00
1.671104975373193247e+00
1.623666473607515703e+00
1.640072126140219799e+00
1.654320904192666752e+00
1.730207094234214704e+00
1.737520230905364116e+00
1.615181736816284186e+00
1.569610768396126232e+00
1.547133827538673234e+00
1.681121607139535179e+00
1.692779720453565062e+00
1.631060148638461493e+00
1.640070493277374641e+00
1.669899412248678328e+00
1.665757404080493220e+00
1.616350073060519144e+00
1.682458425810850144e+00
1.732135186432307128e+00
1.649570424518849387e+00
1.661532836987687389e+00
1.741481466926076749e+00
1.700350681422035271e+00
1.752743405915111241e+00
1.700317667055848858e+00
1.692276057109995291e+00
1.622535203076974852e+00
1.652730753212247272e+00
1.640668665226017175e+00
1.563388922700691630e+00
1.564454687307274439e+00
1.530080608813999543e+00
1.658444998767740097e+00
1.640583193944811002e+00
1.798004407193506626e+00
1.727756182515318706e+00
1.663372188364729887e+00
1.720434117593566237e+00
1.633957649399755407e+00
1.708637897515108861e+00
1.696307479719567191e+00
1.763002404152614000e+00
1.699186912603958932e+00
1.700077178737783967e+00
1.733363351722211121e+00
1.803440657393667657e+00
1.765711250903325480e+00
1.640533437179044762e+00
1.764920986751273180e+00
1.794155889698207496e+00
1.861970455054178242e+00
1.796271512977160700e+00
1.809784529151884369e+00
1.820221671741735880e+00
1.699908202809355950e+00
1.859987176533803854e+00
1.768597612224904747e+00
1.747394685391278735e+00
1.709893765155281908e+00
1.728437909306503428e+00
1.869590676761311965e+00
1.868768296801778250e+00
1.808764893957351960e+00
1.846709649540199338e+00
1.916114284641810883e+00
1.835261600019823192e+00
1.818261134297270543e+00
1.875579712150836853e+00
1.797467924290935271e+00
1.714981675931007477e+00
1.646912043877911458e+00
1.682309665324295489e+00
1.707355425573547691e+00
1.634086628322945156e+00
1.572875183095594709e+00
1.634757545299476478e+00
1.646119872715770205e+00
1.843194688393565928e+00
1.903924387675045571e+00
1.819696555585338382e+00
1.926883848015929823e+00
1.847939143895396263e+00
1.828596416808733416e+00
1.757401629764056006e+00
1.816483299328956136e+00
1.772801063188289561e+00
1.784896251620642138e+00
1.824047750761180753e+00
1.833907975568966009e+00
1.860066955824321022e+00
1.877020853090361818e+00
1.964720877774542407e+00
1.886481256159525666e+00
1.891842525889331439e+00
1.899255770953354627e+00
1.783897469393273649e+00
1.790123326714098129e+00
1.871018015246228350e+00
1.884442772934169952e+00
1.838894200595794004e+00
1.854368173848737422e+00
1.925529115222963439e+00
1.972684918350774641e+00
1.956003558466826941e+00
1.909827671364777046e+00
2.026430343557758640e+00
1.990001936711045971e+00
1.863760056579071733e+00
1.741697874024900505e+00
1.832478278461640242e+00
1.856237896254181896e+00
1.852140606584911975e+00
1.763511818240953932e+00
1.743554336522321391e+00
1.812949597306850569e+00
1.807757613765116789e+00
1.798477273218524797e+00
1.808388481285014837e+00
1.806921574965052679e+00
1.789925887606179433e+00
1.824738302335504381e+00
1.749749958461525923e+00
1.709429094749928213e+00
1.701238834045797566e+00
1.740111965229708568e+00
1.749663675217602909e+00
1.789795504287546635e+00
1.726968948284864025e+00
1.783417344019988304e+00
1.746576408427618299e+00
1.733020590683863604e+00
1.737765959262465243e+00
1.636590331460328951e+00
1.634963395609223102e+00
1.716102221758256885e+00
1.774661830882507507e+00
1.741210291722706582e+00
1.755900229329405260e+00
1.706026623485835447e+00
1.694497615242798183e+00
1.687430384272169404e+00
1.773485389601513695e+00
1.671066057240565783e+00
1.795583749920577343e+00
1.788954791754889140e+00
1.861966511212999498e+00
1.808522551776027276e+00
1.806789146020945092e+00
1.841548332500507090e+00
1.820353422562154488e+00
1.784118198807763234e+00
1.848168634319993231e+00
1.974736598968366952e+00
1.881273442990768929e+00
1.976810656355752593e+00
1.961934516738121914e+00
2.022277078536767636e+00
1.979399889007999347e+00
1.944328132360226835e+00
2.006485345596444869e+00
2.036819745209071719e+00
2.088349191782080450e+00
1.920974024950546255e+00
2.025474518132176716e+00
1.983290183668583673e+00
1.964571233078916235e+00
2.030408408414745125e+00
2.065452785589513507e+00
2.180002574635436119e+00
2.089431950342172328e+00
2.261939617230447119e+00
2.096132409804894792e+00
1.955272505430760477e+00
1.924027529295025074e+00
1.893200632515598114e+00
1.772908276968328201e+00
1.827595006182217485e+00
1.687779845757145125e+00
1.638383856310587472e+00
1.582838877934712229e+00
1.595365262299976106e+00
1.625344966885518883e+00
1.626341345880889744e+00
1.717290046679217586e+00
1.707748966618233277e+00
1.691510861778786179e+00
1.771878276899753413e+00
1.752870293276304725e+00
1.782649831975511301e+00
1.732717386663032100e+00
1.775440723912968144e+00
1.758652362919252754e+00
1.910295583056393909e+00
1.912553281374588243e+00
1.972527783266552204e+00
2.035572553717016842e+00
1.928062317223101951e+00
1.846686987010408565e+00
1.789461183120066856e+00
1.803098059946104392e+00
1.856553045835265703e+00
1.891342956462018776e+00
1.921608712308565670e+00
2.009758988181255646e+00
2.025382972483253052e+00
1.997833944482467317e+00
1.959830071536476037e+00
1.841043831367868089e+00
1.821512647912425509e+00
1.928271296251161449e+00
1.950846970777478484e+00
2.053514586861775015e+00
2.055661109696818034e+00
2.048917752778089962e+00
2.052109990909642967e+00
2.094067036120109915e+00
2.016472708439369210e+00
2.066784824660131026e+00
2.046392423282397122e+00
1.963885402240303391e+00
1.923308850648492108e+00
1.953072800704377165e+00
1.980257665114453225e+00
2.036967054101246344e+00
1.953076014831264251e+00
2.013683375992011193e+00
2.048737230301263867e+00
2.001611255716470250e+00
1.964882440148436382e+00
1.982719205932725437e+00
2.111134617376699829e+00
2.165486739924748161e+00
2.131681064857686714e+00
2.019262951150603058e+00
2.047892239645676238e+00
1.902657228475088225e+00
1.857739486800954687e+00
1.936735772625682639e+00
1.937590348325517242e+00
1.895258830509545245e+00
1.993379415694087164e+00
1.936710592552817634e+00
1.865383884830957406e+00
1.857922176401204162e+00
1.880054703566454988e+00
1.873590249107949912e+00
1.825729106700202831e+00
1.969796440647730407e+00
1.915331556051431905e+00
2.103499704052499197e+00
2.061999327425710238e+00
2.048535244319360960e+00
1.997752974691143768e+00
2.047391898141269539e+00
1.980400405022643584e+00
1.869319449994723881e+00
1.877282783935161348e+00
1.940622228318636511e+00
1.966370342586198694e+00
1.817339197033530418e+00
1.834614198171435673e+00
1.968652799254900110e+00
2.138131010256910880e+00
2.078547149262391702e+00
2.109714179549038171e+00
2.115204273885967545e+00
2.079831592610931423e+00
2.095889400737414920e+00
2.045067215666302118e+00
2.110942386697062911e+00
2.140614400678378715e+00
2.161532330094642074e+00
2.102930555566168369e+00
2.062519755092814044e+00
2.147189847824106490e+00
2.053003211031180442e+00
2.073019888007472389e+00
2.077082254403804562e+00
2.019651545338224441e+00
2.028285279800813079e+00
1.991462056288376026e+00
2.065877574756727508e+00
2.071882940540049400e+00
2.111429361728744514e+00
2.081660420070191808e+00
2.020119794388456569e+00
2.037214913683341955e+00
2.100001941745331724e+00
2.221517843076454835e+00
2.174564555290241064e+00
2.146904182474274503e+00
2.138592056447320644e+00
2.079524221079027235e+00
1.993910533109967576e+00
2.042115274847313700e+00
1.923828597916583005e+00
1.914190598985737735e+00
1.911377702903007236e+00
1.893612551573440772e+00
2.002589695160145400e+00
2.002459515718587824e+00
1.952979629795987826e+00
2.004652200155141450e+00
1.961179617709345679e+00
1.997296912630906141e+00
2.049023546549767705e+00
1.965557449617814978e+00
1.952224707438759976e+00
2.013934889136529627e+00
2.079729043315934778e+00
2.060297360994677973e+00
2.056207426250101555e+00
2.002428058898523933e+00
1.943226969884179978e+00
2.088699477513527025e+00
2.066567902760131581e+00
2.044129118701139891e+00
1.998814527553955944e+00
1.988087122027836662e+00
1.907975293484465373e+00
1.902796592564796940e+00
1.994858685295993306e+00
1.976504782177642916e+00
1.908679801488322392e+00
1.804670331076785539e+00
1.824719362166530301e+00
1.797085194607318970e+00
1.709792755332689929e+00
1.676560862332734381e+00
1.694002013125016637e+00
1.768977397326862100e+00
1.863186459086259017e+00
1.815046954572259175e+00
1.875740831361036642e+00
1.855682175410189316e+00
1.882157155526292147e+00
1.906949256389931513e+00
1.882206912732237836e+00
1.785782395895608277e+00
1.896963001453249920e+00
1.828926975436613755e+00
1.808545990573459106e+00
1.810919297963515362e+00
1.876151064973992311e+00
1.885804197834521467e+00
1.898643669655957655e+00
1.916376417527107190e+00
1.921161373551928619e+00
1.842115018133214654e+00
1.750352526116710994e+00
1.739569191362980938e+00
1.720200507628082409e+00
1.816642287154247359e+00
1.922601594639353317e+00
1.860364403901926034e+00
1.871712453263407516e+00
1.863664547636401991e+00
1.821347877173044028e+00
1.784490991008392591e+00
1.775731397274956658e+00
1.806063895465935598e+00
1.759011503090359696e+00
1.753253769211566393e+00
1.712259647441341182e+00
1.769867039207503767e+00
1.708691185008125890e+00
1.698394327937080561e+00
1.713400008092122340e+00
1.651900567079247706e+00
1.700000244124706184e+00
1.698504098674914475e+00
1.748529933045712914e+00
1.746338815713046833e+00
1.655454336094668744e+00
1.724421338379848567e+00
1.758249044521624116e+00
1.760813870988622520e+00
1.758947182530851583e+00
1.729046943115246426e+00
1.713690298095049025e+00
1.650168356141962667e+00
1.690115978728665036e+00
1.646845262260099085e+00
1.660881281590931957e+00
1.694796177727776687e+00
1.653561486897997534e+00
1.696387499245020081e+00
1.668523293606443803e+00
1.690008924581760441e+00
1.712302824441282345e+00
1.734459083938117319e+00
1.673652069542167498e+00
1.678422575016644380e+00
1.667587693073485644e+00
1.700998646363563571e+00
1.656362078790306835e+00
1.686034967929235684e+00
1.736151245598936077e+00
1.660313445283994715e+00
1.772002589953659335e+00
1.753266681163631935e+00
1.728268139459791186e+00
1.656407926009411335e+00
1.760261457562329213e+00
1.759945679982787947e+00
1.736010335486049216e+00
1.705807296408439422e+00
1.792306957890267505e+00
1.739032087152682982e+00
1.736740414522622178e+00
1.747678090904588588e+00
1.743571242568481727e+00
1.727420231712428311e+00
1.740991769042726789e+00
1.769359629432792680e+00
1.800046521187859128e+00
1.736304427982878096e+00
1.761071686044471507e+00
1.757233685159987013e+00
1.761384346603070750e+00
1.742146904370669436e+00
1.766202456064375426e+00
1.759479331792194845e+00
1.798412194231927552e+00
1.765999765035315416e+00
1.707034453859512135e+00
1.729727235784749517e+00
1.732971316737191181e+00
1.731612135126889163e+00
1.735158490380555696e+00
1.760356681720514738e+00
1.737452694674777032e+00
1.780194751871833958e+00
1.768572201775119979e+00
1.827542776646896572e+00
1.813041597257280424e+00
1.840971588894730671e+00
1.756309886230308148e+00
1.767752120226073975e+00
1.827680629980960703e+00
1.817769537761820597e+00
1.778973640075127038e+00
1.741455252664208864e+00
1.772332704446610396e+00
1.747470670977093299e+00
1.754943214332036927e+00
1.741525407181718998e+00
1.778903393662106369e+00
1.778317830441568104e+00
1.790267961269454977e+00
1.751190720024794034e+00
1.787271120401100699e+00
1.820723869254799343e+00
1.770613368074984040e+00
1.768296926952877213e+00
1.793688052188334048e+00
1.813986142207943519e+00
1.865882399918434631e+00
1.879322111816816188e+00
1.852773431234433055e+00
1.838823327288750198e+00
1.825010300036502109e+00
1.854019144770019611e+00
1.915019239758466441e+00
1.848804054356479432e+00
1.848591676871697009e+00
1.800086931175539195e+00
1.886378808747103841e+00
1.790019773220463239e+00
1.790989513128650401e+00
1.875991039993737397e+00
1.895866500418804668e+00
1.932862575890358370e+00
1.875971314644360843e+00
1.848481522255347009e+00
1.945447842008854344e+00
1.953013806294115806e+00
1.915546574379833888e+00
1.909281618392761448e+00
1.921109660777074568e+00
1.960789706859377368e+00
1.925998611940864080e+00
1.814457910209532621e+00
1.852626617202930204e+00
1.800899772598995030e+00
1.773807553712989149e+00
1.863811845057718131e+00
1.834596320974198891e+00
1.848535441677513491e+00
1.827275883187577721e+00
1.907499339639131763e+00
1.849525124081895733e+00
1.942095084667966765e+00
1.930290164384643736e+00
1.933102595113936228e+00
1.942980972487982072e+00
1.884821396674623006e+00
1.878998498321167165e+00
1.785424094498907266e+00
1.861049709247646788e+00
1.929391903197771985e+00
1.947204464721181250e+00
1.801911653638302413e+00
1.883128465371756155e+00
1.850437930485288929e+00
1.900013173627993934e+00
1.919722528982499732e+00
1.923866037895350267e+00
2.012392775661061783e+00
1.939380902875794455e+00
1.936806962144179467e+00
1.997088694647949580e+00
1.916466926668982884e+00
1.862080920959156449e+00
1.934044296433031329e+00
1.957573499334297917e+00
1.947830205462355302e+00
1.995925741899733374e+00
1.903349071029570183e+00
1.860358398411966929e+00
1.884298819578646533e+00
1.886668577951805981e+00
1.915377540550152302e+00
1.955863996117565673e+00
1.958061227769605228e+00
1.932946130468988999e+00
1.869950159750498608e+00
1.973008161258264614e+00
1.944226323114127464e+00
2.020443954244448559e+00
1.957119349282035792e+00
1.920099692789547730e+00
1.930161209114775733e+00
1.902024974482565911e+00
1.900998541092695504e+00
1.864330537453611880e+00
1.839059830734782963e+00
1.748886350727454131e+00
1.773772615569500166e+00
1.847353566213927101e+00
1.884837991463378604e+00
1.795389029163955152e+00
1.747380879470166182e+00
1.850301345722148216e+00
1.783310716234193904e+00
1.796840498164363087e+00
1.823292677984197141e+00
1.946667741652585937e+00
1.865757082994818017e+00
1.813978837943273525e+00
1.770963328782680701e+00
1.796359930082632284e+00
1.843611287090057838e+00
1.865583965024279367e+00
1.911672541839148254e+00
2.025736871547189732e+00
1.917983918141514144e+00
1.860094127884415194e+00
1.853988096160171128e+00
1.800932091644052102e+00
1.777812558230209783e+00
1.815908790415571072e+00
1.926666157345761965e+00
1.820944671730495124e+00
1.775550899787472048e+00
1.718680809016683853e+00
1.658057148752502208e+00
1.718398261040107178e+00
1.798337818564502255e+00
1.777747636342927207e+00
1.798254994067249646e+00
1.934676145736528685e+00
1.799210310432889814e+00
1.850258591376045425e+00
1.821769296925852988e+00
1.789339787150975303e+00
1.792858729388395966e+00
1.878849697722456691e+00
1.837546606287641993e+00
1.833665206126853686e+00
1.720815622904995568e+00
1.777084231622202415e+00
1.786540119643042379e+00
1.794535649792850629e+00
1.733188705908197624e+00
1.742163880995892367e+00
1.803705304502518203e+00
1.851200329172587589e+00
1.916150621989430425e+00
2.004889091484536312e+00
1.959821711203306061e+00
1.859650298024223769e+00
1.895199671032982147e+00
1.927871324664278019e+00
1.851150727174691424e+00
1.936979755137927972e+00
1.897143498604532352e+00
1.942203592445308935e+00
2.084077085232989290e+00
2.034394124795107395e+00
2.072801665438690488e+00
2.000007832250109807e+00
2.012435773045786913e+00
2.029464503747943294e+00
1.939888170881873597e+00
1.965215804536315947e+00
1.933114484985114290e+00
1.913613214583488320e+00
1.885747352711164337e+00
1.857658094066428012e+00
1.897075881734212599e+00
1.900476612608313243e+00
1.845439201854211175e+00
1.904302098662105980e+00
1.923449848726286993e+00
1.900300763184543662e+00
1.888361214374260966e+00
1.906420702509223908e+00
1.899161042063348681e+00
1.930685868442745923e+00
1.959095482426557400e+00
1.969437077301787520e+00
2.003853218193390795e+00
1.947045231295840839e+00
1.890896122172410543e+00
1.983106522275096095e+00
2.039610727225155795e+00
2.039428342883532252e+00
2.151481134457447375e+00
2.019300087051088877e+00
1.900442847197036489e+00
1.988224350620640068e+00
1.947656149133675907e+00
1.942383914790766886e+00
1.925721266498690909e+00
1.971627743573878266e+00
1.973223429192916045e+00
1.930826961945313780e+00
2.001495041492325377e+00
2.002978513980712805e+00
1.938756221173756789e+00
1.879484465186782582e+00
1.946468204385048750e+00
1.998425659566990253e+00
1.997460040268913772e+00
2.008856575214870599e+00
1.942932431807781857e+00
1.957732950211878320e+00
1.934229891435742088e+00
1.981858797618629042e+00
1.964529386448246706e+00
1.954218302319569611e+00
1.877282799586810436e+00
1.811292913454103815e+00
1.756286905906033313e+00
1.773452525277277259e+00
1.745588825927617105e+00
1.776756956510624930e+00
1.833352875295179985e+00
1.807937397634223453e+00
1.854513102535159108e+00
1.916339556514660591e+00
1.949818634515554372e+00
1.931829496981852579e+00
1.899344875636769014e+00
1.952271286136191275e+00
1.936767788134048152e+00
1.889840599563263224e+00
1.939504271747349851e+00
1.972551650313078220e+00
1.944583292393416540e+00
2.063734285078803410e+00
1.966434838075758140e+00
1.976301497099330229e+00
1.978600515110128688e+00
1.919559395404931035e+00
1.979831872921286928e+00
1.987414366663136756e+00
1.895955436519600301e+00
1.961593372753754672e+00
1.953077718498243742e+00
2.039403100644393341e+00
2.078107349173746510e+00
2.057070488187520585e+00
2.090119517797101256e+00
2.102409572270607541e+00
1.989419649763755293e+00
2.106356512874158593e+00
2.154967768686590901e+00
2.031445565804538056e+00
2.168128649232848648e+00
2.098022221003729815e+00
2.112392220460713066e+00
2.057385071892967154e+00
1.954653163587759979e+00
1.887146175828144035e+00
1.949633701696980026e+00
1.932732011556233198e+00
1.952765356720090884e+00
1.904220738127069934e+00
1.819634993054251471e+00
1.991697124998295987e+00
1.933249735787543777e+00
1.925218026973448238e+00
1.933957749845453877e+00
1.929879661788722611e+00
1.837845556537875957e+00
1.839379431111912488e+00
1.780818304282655751e+00
1.812223478083124784e+00
1.773233198850344694e+00
1.732335254062755014e+00
1.759717991564949680e+00
1.918258922710120995e+00
2.001412586084014400e+00
1.894511662505615979e+00
1.857873960223140886e+00
1.940794175567975843e+00
1.954940228312336270e+00
1.922672737688769562e+00
1.951849288735862498e+00
1.974695140983629749e+00
1.996807690770909582e+00
1.960968793081832251e+00
1.979126394457488614e+00
1.946709355940573927e+00
1.927659296287129953e+00
1.846739984176204219e+00
1.944116054175041075e+00
1.907796437845616921e+00
1.872837952017441188e+00
1.921638339659580641e+00
1.946528036430272390e+00
2.067412275507551467e+00
1.991073178867337257e+00
2.028111718461994784e+00
2.090630941098047479e+00
2.004724966071814052e+00
1.941339495920345382e+00
1.787403444792668772e+00
1.784128080281425444e+00
1.875467274538385798e+00
1.847425834756111440e+00
1.880365409330313931e+00
1.892136208769916728e+00
1.904174524787306755e+00
1.876089139161712049e+00
1.870730387264783356e+00
1.876902960202390336e+00
1.975877286138410627e+00
2.083844798742077842e+00
2.068318331425284651e+00
2.053765885798838120e+00
2.026670509550680066e+00
1.985064959479990288e+00
2.020728817582970294e+00
2.002230993058562003e+00
2.003937146133741187e+00
1.967306667120917618e+00
1.886978874220806457e+00
1.912263519293465830e+00
1.890523144262070021e+00
1.864676429728045814e+00
1.996701063800530473e+00
1.998020986329125392e+00
1.938006355070571729e+00
1.925128890191845077e+00
1.916464152209135241e+00
2.019353654975633905e+00
1.979276781639675242e+00
2.028902166107656502e+00
1.936806420634076487e+00
1.919713276690483195e+00
1.873856942670426795e+00
1.796053205886133375e+00
1.860939534549207908e+00
1.989593682500021776e+00
1.992767411712807801e+00
1.811760728712995538e+00
1.840082428297353356e+00
1.866016884458036706e+00
1.796514503095035575e+00
1.805101979612595553e+00
1.728781222933480688e+00
1.747067477730658291e+00
1.667845065271025939e+00
1.766715666196869705e+00
1.681315204098559279e+00
1.792448546316324220e+00
1.777683759627401772e+00
1.743925950398944380e+00
1.720184143865866488e+00
1.738364802811161569e+00
1.855333684271054162e+00
1.858678127020584103e+00
1.865510519906109055e+00
1.929496549042349907e+00
1.933476283225202152e+00
2.012128305339220269e+00
1.967307554711996476e+00
1.972574881057897800e+00
1.941747845616954349e+00
2.006196523277293142e+00
2.029835460252902291e+00
1.945008539562945948e+00
1.969525963144862946e+00
1.964652689006265662e+00
1.980275063441119032e+00
1.869952013423415327e+00
2.071583451596067604e+00
2.091350926403008792e+00
2.118959654739348775e+00
2.009628248022337083e+00
2.000668330262902916e+00
2.089530796812953284e+00
2.045764777497759201e+00
2.004330997023235028e+00
1.983339175015777389e+00
1.962994483165897863e+00
1.980424992484636215e+00
2.038289924378944740e+00
1.982094570298987390e+00
1.985885436809828208e+00
1.989971740316419657e+00
2.012257444527752348e+00
2.009289823887689508e+00
2.000758965952306845e+00
1.897407871905798959e+00
1.886529219088544762e+00
1.831242522384777471e+00
1.809517001811179471e+00
1.819534019132820202e+00
1.857264084964732609e+00
1.874223463066442497e+00
1.895387745978919236e+00
1.929337091248333191e+00
1.886315670071721629e+00
1.852633174651805881e+00
1.809715786772527979e+00
1.940915606765330370e+00
1.839229151360634251e+00
1.905027113072779832e+00
1.837201931005388200e+00
1.823579688666432608e+00
1.798328809230227421e+00
1.846004687675073308e+00
1.829350433288138289e+00
1.825182253240411390e+00
1.893858496204674058e+00
1.901333366044722917e+00
1.864982971983124793e+00
1.875369001958448578e+00
1.904447362126020948e+00
1.826225471672581868e+00
1.916936255770329556e+00
1.911905970786570652e+00
1.879696247534507592e+00
1.890681167680033692e+00
1.852528595143015488e+00
1.930633481711509392e+00
1.945178082381078255e+00
1.853619936843689420e+00
1.900639963132996879e+00
1.947581381313077120e+00
1.915735614188908587e+00
1.990788483916118512e+00
2.010193629483257194e+00
2.002467180114221534e+00
1.924620599116144692e+00
1.963859431985343518e+00
2.004068885625556184e+00
1.934057938869081061e+00
2.049255884412964690e+00
1.945484712289455631e+00
1.935531084828992832e+00
1.973431790039987810e+00
1.992212769865095989e+00
1.970077368228238424e+00
2.049415329524953311e+00
1.908373861675864758e+00
1.968239545581455863e+00
1.934302698744423843e+00
1.905839755231384602e+00
1.889964581748795558e+00
1.966562736813231016e+00
1.974020594099179959e+00
2.038969577268200606e+00
1.995308730924959972e+00
1.882919811609182537e+00
1.892572694292503632e+00
1.880306498700172968e+00
1.895660442534472967e+00
1.843480521908224201e+00
1.876776776686369219e+00
1.902596613190840280e+00
1.887614330059695034e+00
1.952756847016492658e+00
1.946698813200621103e+00
1.831116761121628800e+00
1.969938455242455033e+00
1.997737488830402253e+00
1.940190764236568555e+00
1.941820040719651530e+00
1.976366464495192377e+00
2.073659972423968156e+00
2.029368281738638036e+00
1.932384447658770599e+00
1.853462739488144662e+00
1.854521711339530476e+00
1.848259189159253690e+00
1.804879120333515052e+00
1.817379391796182020e+00
1.936188982516686696e+00
1.842225280779382413e+00
1.896439821212926313e+00
1.825901252328093083e+00
1.861573540048772957e+00
1.894602235584735395e+00
1.851683402142359824e+00
1.926467653273520986e+00
1.915023183593437706e+00
1.970982360563329872e+00
1.904245414438084039e+00
1.880899826184347035e+00
1.876722734112983071e+00
1.940098778418828607e+00
1.977084732240526055e+00
1.897233569850661494e+00
1.987081932575861520e+00
1.922460175478517330e+00
2.021873796304749948e+00
2.053251910772269095e+00
1.939472033828080200e+00
1.954583700197732643e+00
1.907600813448321331e+00
1.887570262541098387e+00
2.015127642984693601e+00
1.980794709785194341e+00
1.897736262483061154e+00
1.930251279716752810e+00
1.964717106845773387e+00
1.836897751226979070e+00
1.808425175646426020e+00
1.912590173413557526e+00
1.913303326649019587e+00
1.953094762312850063e+00
1.929124303500822979e+00
1.998459420020252342e+00
1.950598832521263759e+00
1.944619530914968086e+00
1.992123535423061087e+00
1.998923948427210773e+00
2.030786065908797511e+00
1.986952801618102837e+00
2.059791709589498421e+00
2.101542346062172051e+00
2.062081898631654475e+00
2.075573243954500935e+00
2.069208669419375202e+00
2.051423308466132411e+00
2.019965353035127809e+00
2.063607672899467449e+00
2.056799690393009250e+00
2.043839405835175427e+00
2.094582650954511127e+00
2.057808034101320072e+00
2.023634164027793503e+00
2.039356597307486751e+00
1.979315099241361509e+00
1.981645606858118747e+00
1.986798779000798820e+00
1.977513311328222390e+00
1.974199351054880536e+00
1.977824125145763778e+00
1.928107266569093925e+00
1.987888052728983723e+00
1.960962005409751407e+00
1.993658864384217910e+00
1.985950099003730873e+00
1.947922382737129698e+00
1.916989632692163603e+00
1.964228595829274227e+00
2.003666480026317309e+00
1.979949639792328853e+00
1.965767909151753701e+00
1.937140931020803203e+00
1.923401091179495648e+00
1.969971281196718049e+00
1.967388053450527252e+00
1.953317411911577706e+00
1.958494754738975940e+00
1.942528813545143063e+00
1.924378748739760336e+00
1.899690146104739741e+00
1.882640638028257651e+00
1.927243551190801707e+00
1.940553161029749507e+00
1.969258777872249677e+00
1.934360950405777047e+00
1.995509929933071414e+00
1.938638548319048471e+00
1.962773075036185144e+00
1.960106109788723572e+00
1.962761964203974419e+00
1.992399671623945379e+00
1.983687378098285325e+00
1.942844797372216492e+00
1.958838863774500672e+00
1.892371117545041725e+00
1.917727191223682404e+00
1.869891443397404318e+00
1.960514857943815636e+00
1.900345859452721831e+00
1.923021121495088082e+00
1.956133804542057097e+00
1.939630952630940763e+00
1.994066116478274253e+00
1.974245846540494398e+00
1.927198696951992751e+00
1.906888115125037642e+00
1.893580940312369343e+00
1.926636931198184355e+00
1.902574667709010070e+00
1.930861783935043485e+00
1.891961762754980292e+00
1.898279687689094608e+00
1.915058048916201683e+00
1.930693138521230034e+00
1.931954150514935797e+00
1.886412596372431860e+00
1.884688582853945471e+00
1.893946255008748025e+00
1.964156362106965092e+00
2.016485158524662147e+00
1.939860115670443586e+00
1.916326522851974801e+00
1.878577397578947039e+00
1.913845125981784134e+00
1.878613249473959579e+00
1.903499690724421045e+00
1.859192420993126094e+00
1.939566612007400881e+00
1.876350631241400890e+00
1.879141643271300621e+00
1.849589548234898739e+00
1.881766160261171272e+00
1.880161394306319123e+00
1.894606827133637816e+00
1.928251140656296547e+00
1.928984573657113843e+00
1.921005397423946714e+00
1.909380990640880071e+00
1.916058607391973645e+00
1.900688700946042253e+00
1.903915433252972189e+00
1.897928675943153731e+00
1.941810988654152581e+00
1.919684007580091167e+00
1.933082007939208369e+00
1.912555172587372621e+00
1.893529386216753041e+00
1.929445043540064297e+00
1.920340465023814946e+00
1.884352445297028389e+00
1.915502445838296985e+00
1.942149967217457140e+00
1.872074605027971517e+00
1.994977375588762536e+00
1.896826671592604097e+00
1.926115028690966069e+00
1.933357990592386777e+00
1.919846873027493794e+00
1.945313560267186048e+00
1.946368048959187691e+00
1.939175292073342494e+00
1.895003818676201934e+00
1.907123673270924247e+00
1.882510267019194883e+00
1.888727481740803960e+00
1.880303866170169647e+00
1.931868239954663169e+00
1.891280269396907299e+00
1.920762522100064151e+00
1.940713762727055203e+00
1.933084056471796597e+00
1.935152029282002584e+00
1.905261295124124787e+00
1.888100966608322606e+00
1.928904175200842230e+00
1.912931822297748941e+00
1.922460933556771279e+00
1.861960366879725770e+00
1.880753572631614912e+00
1.843462437127652898e+00
1.870178948972198718e+00
1.851255436238454566e+00
1.882131575579161664e+00
1.942318298665779874e+00
1.925812919134960222e+00
1.858815780189475353e+00
1.844576462978464226e+00
1.898098831721978685e+00
1.886692045178144816e+00
1.836004059987966563e+00
1.943171572663944469e+00
1.974201038287120014e+00
1.914902016533398310e+00
1.929719065467139449e+00
1.927758783570542089e+00
1.845737671949879033e+00
1.908716834839198739e+00
1.845762724674218536e+00
1.821044466601248413e+00
1.890766399353520644e+00
1.899741551559325226e+00
1.920329742543633644e+00
1.902662140528673884e+00
1.909911277608689506e+00
1.939759530612543470e+00
1.909583301312980153e+00
1.912964589916602787e+00
1.897231824541089518e+00
1.867324200603899476e+00
1.813934328287049036e+00
1.862634578529145601e+00
1.904646933505002471e+00
1.873250549005816890e+00
1.864462982607886010e+00
1.897738709355677900e+00
1.909786907147784873e+00
1.888980129078240422e+00
1.908453514903602155e+00
1.916794416257049605e+00
1.943340337909658988e+00
1.930815984946014696e+00
1.902986367190583783e+00
1.918530531374078807e+00
1.876998606513459844e+00
1.900269521662449224e+00
1.904139819324413452e+00
1.913375882984656995e+00
1.904622395054332173e+00
1.908136132104348182e+00
1.895672359577215804e+00
1.914206364765921542e+00
1.906010529387825780e+00
1.899031730499236792e+00
1.842078429336092782e+00
1.844310133977152821e+00
1.879066420692620420e+00
1.846655500576657838e+00
1.907759645388859004e+00
1.946422496280614922e+00
1.897630783543543531e+00
1.907382590696831581e+00
1.922828503879894013e+00
1.905309723635695285e+00
1.904068518985360559e+00
1.893774718981200644e+00
1.906883237097940276e+00
1.887990591802201967e+00
1.843652789504175660e+00
1.834220037316424134e+00
1.856838111194098140e+00
1.834371020175945777e+00
1.862664523556970764e+00
1.854853604305048309e+00
1.834448577366227573e+00
1.846597113103409793e+00
1.817697129152243685e+00
1.861946131563692264e+00
1.836738009030788543e+00
1.840564095114266552e+00
1.853500146223309830e+00
1.957618700493862329e+00
1.903275737202299478e+00
1.939031461482499719e+00
1.854625015188832160e+00
1.898867190545098671e+00
1.884371763526684118e+00
1.954408201076498264e+00
1.971705129242240062e+00
1.951054437584435197e+00
1.967855795761074500e+00
1.958341673604599098e+00
2.003557296203124949e+00
1.989886879518281138e+00
1.964284046005293716e+00
1.985284613662786191e+00
1.943389546809930479e+00
1.965269169426569817e+00
1.980819289518504389e+00
1.986739082769238163e+00
1.962297456363744308e+00
1.940572039435312535e+00
1.979113445027087748e+00
1.960028245216807630e+00
1.974666916245365389e+00
1.974939733596718483e+00
1.933085601860783820e+00
1.919439453455891842e+00
1.930061789462042432e+00
1.931811157267833590e+00
1.964518236659819284e+00
1.980565836021223047e+00
1.936867195197347735e+00
1.960415861580536934e+00
1.913303898353852617e+00
1.923459088950283169e+00
1.933357925350882356e+00
1.959745896020595790e+00
1.957437577798564643e+00
1.885111371222315979e+00
1.950826504777307679e+00
1.906838935638490495e+00
1.806052919947646496e+00
1.932105631903796805e+00
1.896881269289076188e+00
1.905466149841982038e+00
1.912218988165637512e+00
1.853880378601629575e+00
1.831877080065106300e+00
1.926594660900260658e+00
1.882298317086764206e+00
1.941013792715263975e+00
1.893454703030134301e+00
1.927136431883256007e+00
1.938297885630411166e+00
1.958088320586020892e+00
1.920217787285303013e+00
1.931194983635314166e+00
1.965375089049407498e+00
1.910465867704346010e+00
1.848818709126260895e+00
1.806166120757929816e+00
1.853790449914665128e+00
1.795638781614097734e+00
1.786557887646295528e+00
1.844567872755511484e+00
1.891466880504453885e+00
1.891441823271506006e+00
1.839933220561616567e+00
1.959722157873514004e+00
1.957218074382753192e+00
1.918685161741406464e+00
1.902744392956932096e+00
1.846598956477456976e+00
1.855385347758370607e+00
1.909812210048618120e+00
1.896593715399533364e+00
1.863720832207641953e+00
1.861964488925804018e+00
1.905451580967477021e+00
1.932571695581824400e+00
1.860062004090522469e+00
1.780527196797289324e+00
1.767389727748708284e+00
1.749536795616615681e+00
1.760226319165002939e+00
1.742978005117924223e+00
1.789374205981283827e+00
1.775278459521819396e+00
1.818940185881830596e+00
1.742692991147821946e+00
1.772408129805658650e+00
1.786860697392361530e+00
1.851193698376327079e+00
1.846781786025467165e+00
1.829325533618462840e+00
1.852420160059095933e+00
1.782177794884246991e+00
1.795576186615244874e+00
1.803901688573683160e+00
1.827216075570787579e+00
1.726834393377997268e+00
1.784730436817514754e+00
1.753736735479759945e+00
1.879732124704469598e+00
1.829632864865317954e+00
1.791485907748403550e+00
1.840443390087110664e+00
1.837556265269904454e+00
1.870923218845168101e+00
1.812031611600567249e+00
1.856808721024701292e+00
1.836604252827255479e+00
1.819636215362558485e+00
1.864123224613406959e+00
1.793954394666151142e+00
1.735807423999102150e+00
1.747272943225704145e+00
1.750448504296922891e+00
1.748661867166555695e+00
1.738062979228250038e+00
1.776144538233506376e+00
1.778221620656727842e+00
1.739840052439157736e+00
1.782605181777831227e+00
1.809864572217103618e+00
1.859800803877893483e+00
1.797965061942370157e+00
1.898387527233725391e+00
1.843402330336816330e+00
1.924423688506593733e+00
1.866413702409671194e+00
1.848425084186679612e+00
1.846564732601055026e+00
1.847798945580852337e+00
1.872657698891560862e+00
1.858002098070495212e+00
1.835109311955976930e+00
1.670164036455739964e+00
1.692548160200503249e+00
1.712482905555022139e+00
1.760105902024816649e+00
1.676806299856476334e+00
1.804647162748198141e+00
1.712480516655987994e+00
1.734781734820596277e+00
1.807035112646597108e+00
1.951102093065345988e+00
1.920920922440785938e+00
1.933208707954825245e+00
1.918407797545332194e+00
1.944092275792773661e+00
1.788062772162769987e+00
1.800899297934565269e+00
1.794038830746811364e+00
1.851769730667784941e+00
1.788858837560015180e+00
1.883281100408985775e+00
1.839953270079911940e+00
1.811256343817298609e+00
1.786033505613194849e+00
1.783071077198252974e+00
1.866578503351464358e+00
1.886551998434851996e+00
1.878809241858762524e+00
1.874271596896670777e+00
1.860615233271961211e+00
1.932291227918563781e+00
1.939502550611585496e+00
1.870596058014968976e+00
1.871507496801024129e+00
1.900483546661940526e+00
1.914617495078759335e+00
1.842142939220307030e+00
1.819592281254228450e+00
1.850167060873422420e+00
1.832333578050314715e+00
1.808184513449633490e+00
1.811305005114168809e+00
1.806936269093571079e+00
1.801574054058783680e+00
1.881776314948149453e+00
1.784229626613175190e+00
1.793427151841306522e+00
1.802783351105603726e+00
1.825717830447947554e+00
1.772385762850683610e+00
1.809977193642537951e+00
1.636171022584349544e+00
1.721094042209790231e+00
1.740526010312730465e+00
1.715770693410622494e+00
1.801226681354688441e+00
1.726582027876981229e+00
1.682139237864837655e+00
1.662363443045162148e+00
1.793858911403072520e+00
1.712343394320229306e+00
1.807282659892164300e+00
1.801514302719885663e+00
1.797730562561572931e+00
1.791682097298474163e+00
1.722288234277710384e+00
1.789866763540426842e+00
1.683826361402770200e+00
1.630450742156877020e+00
1.773294931290493315e+00
1.765450754403119271e+00
1.736571760989900293e+00
1.778716874649689750e+00
1.792394536456112464e+00
1.809415909068684103e+00
1.793707377269546210e+00
1.769789929105372916e+00
1.763102944776452574e+00
1.750654759919754389e+00
1.711224333144097276e+00
1.720487584855509455e+00
1.755290650538357644e+00
1.762016537863999810e+00
1.768601181124396238e+00
1.758186362421394477e+00
1.810014942559876161e+00
1.785508419881877806e+00
1.799024820282240089e+00
1.744336510103050353e+00
1.745167644610767121e+00
1.748371893550433098e+00
1.799216936969802116e+00
1.771405847493842334e+00
1.749450449554050380e+00
1.822039043418079762e+00
1.829965978741964872e+00
1.768782292331199990e+00
1.716884866006108457e+00
1.782098569415844436e+00
1.777529666560393018e+00
1.816345949398266102e+00
1.845441776252829902e+00
1.855825989918947094e+00
1.824475385216057788e+00
1.794417525882243014e+00
1.779995807110994255e+00
1.826904814468601757e+00
1.859496116982712000e+00
1.826521445689117673e+00
1.798106878716496437e+00
1.853105892017376632e+00
1.843346194913043634e+00
1.831159450231188757e+00
1.830434674780782922e+00
1.787928322148877536e+00
1.778259013813105360e+00
1.772948966489676925e+00
1.757162217102836710e+00
1.753957154451195821e+00
1.723991607958033079e+00
1.760941179827232084e+00
1.744820748525777399e+00
1.764979161458764212e+00
1.753869248039403139e+00
1.701997523749776864e+00
1.801333663931438567e+00
1.742741592556343422e+00
1.774404665404393455e+00
1.764401882073785233e+00
1.737444438984766082e+00
1.778528758112707164e+00
1.764763701775344140e+00
1.726232366693880804e+00
1.676213423932112700e+00
1.685873124463671324e+00
1.708970680842039069e+00
1.797149569539709946e+00
1.740867607475175216e+00
1.711928753847157481e+00
1.668389388222311753e+00
1.734401709875243114e+00
1.794886481435081116e+00
1.685205706563893679e+00
1.764569918706074159e+00
1.773756082630548514e+00
1.662551500604782850e+00
1.716599987580996745e+00
1.778425860861738039e+00
1.751736696518961356e+00
1.768270977188544091e+00
1.824150664833628088e+00
1.766092258081319422e+00
1.806238784912780559e+00
1.781340983967748093e+00
1.815347270549844794e+00
1.833570635229647472e+00
1.776213520526860323e+00
1.809780099439636247e+00
1.756099537901340213e+00
1.786693106935697273e+00
1.799058749562690185e+00
1.719215614696211869e+00
1.840510727781833111e+00
1.804614466118624083e+00
1.772976103327301489e+00
1.803066646171668452e+00
1.772276268469244576e+00
1.765302741358459215e+00
1.771719596244245798e+00
1.816971247971583825e+00
1.811578871164604143e+00
1.791150081191102972e+00
1.811693689977075916e+00
1.772508810778726573e+00
1.816227442588825847e+00
1.849752567264870695e+00
1.789307349317154738e+00
1.805219393432242914e+00
1.756330028017182965e+00
1.772594237455707988e+00
1.791646169527944643e+00
1.772511139643738298e+00
1.742070057792620918e+00
1.783955322776249242e+00
1.771801746064315841e+00
1.809990932840527034e+00
1.824718923976781371e+00
1.798865870103258491e+00
1.806130488774721154e+00
1.770906360610339458e+00
1.805917962747799255e+00
1.817234115187020382e+00
1.777683267253024058e+00
1.782619647322464251e+00
1.769697946630762742e+00
1.763567821039314198e+00
1.770566928785468841e+00
1.836298041455555419e+00
1.816252371633519713e+00
1.814713700677047958e+00
1.897925454263451606e+00
1.800919568779600022e+00
1.825053194653255551e+00
1.787116514485414864e+00
1.827461591448878320e+00
1.804954935154858386e+00
1.779699411517331464e+00
1.848155343277142704e+00
1.752423485693592520e+00
1.774369408154723882e+00
1.774985470365997742e+00
1.785638918539445452e+00
1.809515659582708880e+00
1.805379151739098464e+00
1.802592086293300033e+00
1.786794493485955204e+00
1.791444080434827946e+00
1.800286329240677219e+00
1.816600708039405987e+00
1.737604336452231779e+00
1.720886069133809260e+00
1.710617121699320009e+00
1.800911837663243587e+00
1.799288991149561090e+00
1.716216820867564996e+00
1.815095049075092337e+00
1.662925011589204694e+00
1.747463598632400528e+00
1.718505587673524682e+00
1.810255533404990791e+00
1.776979544183240556e+00
1.672841696160705327e+00
1.710812523159933152e+00
1.704272950743531245e+00
1.748861849387912004e+00
1.732370792643254109e+00
1.735484332889570158e+00
1.741666341598660184e+00
1.717638159463237280e+00
1.759449631236002176e+00
1.785321640905269902e+00
1.791437988807064174e+00
1.811616705888085432e+00
1.804708000072719143e+00
1.841743559001054242e+00
1.829495012647618823e+00
1.786917675667023753e+00
1.789598706393872529e+00
1.815293643729932960e+00
1.765709237399177178e+00
1.777054743553630800e+00
1.818864687569343941e+00
1.781866529097912100e+00
1.797059827935985510e+00
1.869730873932517801e+00
1.761285298533634913e+00
1.894163549701655347e+00
1.862062022577009923e+00
1.782613959038645390e+00
1.868614216071367684e+00
1.813368569127296270e+00
1.795291853091263379e+00
1.901263589529305520e+00
1.883546451137844358e+00
1.847922580628474254e+00
1.817386152995085657e+00
1.868397167799165315e+00
1.889113907608992893e+00
1.828516845693879622e+00
1.918188941857121410e+00
1.854354732635339786e+00
1.814248064426800422e+00
1.802605575629546930e+00
1.883135967713327696e+00
1.877441248069905644e+00
1.855860739150059890e+00
1.857650720535257483e+00
1.812015461690067886e+00
1.734003398403558327e+00
1.755663924550972421e+00
1.816070565311665774e+00
1.868849743447309475e+00
1.841046677342633719e+00
1.809451197170645953e+00
1.787370011413284887e+00
1.765051545168246472e+00
1.791817160636014483e+00
1.875657037674175465e+00
1.903698839490641337e+00
1.888823903794364600e+00
1.898167782041901619e+00
1.936234073289337276e+00
1.823396797496599886e+00
1.868082705385439191e+00
1.797787282252942598e+00
1.789607277488489023e+00
1.764640475014722210e+00
1.867084617153106363e+00
1.832140233812874497e+00
1.954030918048597298e+00
1.913761383871202426e+00
1.873474343532923303e+00
1.929767043428779916e+00
1.719500169657992128e+00
1.789232455178694003e+00
1.667029446393272663e+00
1.680849120589792856e+00
1.621234548355636074e+00
1.670863236254269690e+00
1.628520614823971258e+00
1.612423458546409005e+00
1.625843172636661560e+00
1.658067907488816051e+00
1.731752807135287675e+00
1.666725538295861897e+00
1.580723184495665956e+00
1.688519428862435889e+00
1.687649081514628557e+00
1.627360026586193387e+00
1.697095599657497011e+00
1.668397692262548304e+00
1.653702506810801998e+00
1.641930546670821389e+00
1.625246106700510618e+00
1.624302080634686396e+00
1.660557828213621745e+00
1.577055793775514081e+00
1.636127176646071657e+00
1.599842426454630262e+00
1.579420624457661182e+00
1.603866121059105199e+00
1.625464410097260393e+00
1.622856858319738471e+00
1.680621420867104199e+00
1.647109306655308858e+00
1.643263566089846917e+00
1.634004876041176946e+00
1.652283768566551236e+00
1.625790680294871615e+00
1.664262716553895904e+00
1.521141998348812141e+00
1.566400901228190312e+00
1.614388035459841886e+00
1.619908180010888987e+00
1.541951933273943975e+00
1.641802370052928284e+00
1.716777624390195101e+00
1.798129865808535843e+00
1.719553782214647830e+00
1.737729283549964032e+00
1.604213773734280757e+00
1.782403120347918035e+00
1.840747890971047518e+00
1.773843040661412296e+00
1.786728425087461103e+00
1.817511306706610874e+00
1.695800350001639423e+00
1.746776542987706016e+00
1.717037471902396417e+00
1.710142630124855678e+00
1.583684319954581587e+00
1.686507582182604992e+00
1.681394151073091425e+00
1.660730684355251618e+00
1.653685835818817562e+00
1.634156623178124379e+00
1.642782587356618640e+00
1.509982872862172476e+00
1.517279470791307761e+00
1.529864918887973824e+00
1.541882430259566616e+00
1.605747029624324584e+00
1.502206265867609192e+00
1.450521344891924302e+00
1.513491140942645474e+00
1.544076735361206376e+00
1.555582057787870065e+00
1.539076000156322843e+00
1.652579948970701373e+00
1.593366204567058686e+00
1.540020993933752802e+00
1.614058685911966551e+00
1.612694745335942148e+00
1.616853977697382483e+00
1.567408897440940807e+00
1.698455228388893623e+00
1.538942216152129561e+00
1.610402278124184683e+00
1.597091640458147888e+00
1.574662239511397610e+00
1.642059112952853228e+00
1.759670150205565831e+00
1.648558577497508448e+00
1.550713570702360045e+00
1.560226224448378662e+00
1.585903459158609641e+00
1.674852069840342406e+00
1.612120062516904762e+00
1.638017858793838988e+00
1.605326347275140009e+00
1.532610684113327348e+00
1.615528477970150867e+00
1.530713161460411476e+00
1.533284733052167059e+00
1.538660231825911273e+00
1.475670741450192835e+00
1.616695647537342850e+00
1.581837233252944674e+00
1.518209257944472590e+00
1.636171588201200011e+00
1.609981921105908542e+00
1.557779110750845630e+00
1.610016204225210856e+00
1.589565739645693920e+00
1.576919559416635419e+00
1.596469902271890007e+00
1.621441665489682382e+00
1.672320384599688348e+00
1.603573834348165805e+00
1.594930717841491319e+00
1.649547461031636519e+00
1.649510576011973484e+00
1.586734173300482942e+00
1.568882004286219489e+00
1.620528085703148324e+00
1.641389614131676389e+00
1.707319825492566778e+00
1.661896092394699265e+00
1.652065827144012733e+00
1.663100210886078623e+00
1.631985783681317193e+00
1.651470334409504526e+00
1.658271967342080488e+00
1.754706405540289227e+00
1.674042368603484210e+00
1.686514588606134568e+00
1.676619166897116875e+00
1.729726678419678310e+00
1.672900203346676218e+00
1.675515935895460329e+00
1.679512769530371763e+00
1.674935831322239110e+00
1.615721591948803937e+00
1.589282130916405134e+00
1.645938713401589037e+00
1.669993486715654507e+00
1.625791838502029352e+00
1.670748828355435034e+00
1.676831247076485232e+00
1.777997665486497292e+00
1.722147837416283522e+00
1.694382948807161560e+00
1.721994288189911515e+00
1.668002117792213967e+00
1.687585929614011437e+00
1.623514560195957745e+00
1.656515597909698378e+00
1.613205545743210845e+00
1.589687716050124155e+00
1.601603701280042591e+00
1.682959401203106609e+00
1.705283597177988275e+00
1.611181412716236494e+00
1.679582211242956369e+00
1.730700477313247720e+00
1.633979584669672080e+00
1.641000624024610444e+00
1.640587364292145800e+00
1.703844971130139552e+00
1.727135728788510072e+00
1.648736330165154307e+00
1.606656026744669896e+00
1.574631666788835815e+00
1.673476588875431492e+00
1.734082182654576254e+00
1.705060141213644576e+00
1.646242807713790723e+00
1.649003478537548917e+00
1.642998651652672226e+00
1.686333874935643795e+00
1.713270208573904885e+00
1.632635558280484567e+00
1.631375526454435843e+00
1.654599199987061064e+00
1.669315330095761718e+00
1.649386721557874358e+00
1.703143954525848880e+00
1.654228378271592970e+00
1.698489691902684173e+00
1.683030313777928555e+00
1.707221071258639089e+00
1.645523636298990011e+00
1.607488095286825347e+00
1.666502664063975514e+00
1.676950550856133759e+00
1.690829122894953906e+00
1.666459824986683547e+00
1.679829945226631205e+00
1.719230757097920614e+00
1.723067606135710417e+00
1.738598562407695836e+00
1.714597947849163750e+00
1.686886898537860668e+00
1.666327284638726036e+00
1.620862934738240613e+00
1.656679384037673897e+00
1.677981388502341575e+00
1.767869325617272169e+00
1.702141008976365333e+00
1.645710569845220128e+00
1.664309367114559679e+00
1.653078008358771500e+00
1.669619536910122992e+00
1.653087403975884051e+00
1.634292157701885406e+00
1.694021629193447787e+00
1.641016862240333163e+00
1.651897302216410068e+00
1.671687766062018632e+00
1.696957114426766333e+00
1.585868677866459686e+00
1.656098778884651068e+00
1.665065257829989598e+00
1.601171459485800641e+00
1.603833381076442688e+00
1.713926943405458925e+00
1.742868317540896772e+00
1.718524979186024204e+00
1.705436380571448307e+00
1.736545232785169368e+00
1.748860951465965652e+00
1.733310946462609747e+00
1.748813950283238050e+00
1.684090578876936473e+00
1.630396964790086001e+00
1.648807870787111218e+00
1.684661727857448499e+00
1.676165440305901200e+00
1.614169515687252865e+00
1.659016802313322936e+00
1.596928413597914709e+00
1.661796559201927037e+00
1.668718992760078512e+00
1.646595020447356505e+00
1.735425376457570446e+00
1.733650702652770548e+00
1.738915932476970960e+00
1.759957988564304188e+00
1.765378833397564406e+00
1.740767408720718556e+00
1.698533651638649111e+00
1.758002110822865172e+00
1.716452639136059277e+00
1.713819981681807381e+00
1.769786570072853449e+00
1.687898850529191641e+00
1.693238328167212314e+00
1.726581804366825290e+00
1.671447773698449213e+00
1.699913716944473574e+00
1.774782689904625066e+00
1.691125754128222081e+00
1.685989203492630706e+00
1.673555999144723527e+00
1.717740114556513653e+00
1.641298090401699161e+00
1.652813400229260488e+00
1.642987458872891660e+00
1.669773282427164718e+00
1.641080466254407400e+00
1.667390083659253230e+00
1.678742582633020231e+00
1.728839906865504705e+00
1.762657021102188359e+00
1.718365791399471432e+00
1.751853634598433240e+00
1.720257239251988146e+00
1.707854747560575648e+00
1.719813982200954605e+00
1.687972625574153840e+00
1.685037256151886043e+00
1.687309155719208364e+00
1.651761167233540606e+00
1.722787034046811439e+00
1.660173989037632358e+00
1.743395654788813864e+00
1.783600238475409272e+00
1.760183936615242306e+00
1.696111989095077988e+00
1.715255301848245706e+00
1.666290566319578614e+00
1.692449472636689212e+00
1.755898149548082321e+00
1.558835348024349532e+00
1.550893580355074075e+00
1.457456815186876531e+00
1.640979304136277239e+00
1.610195364088806258e+00
1.634339068067646839e+00
1.584758982472815436e+00
1.571778470521461246e+00
1.621897533038371586e+00
1.701416000884264479e+00
1.693463845724327399e+00
1.568139560891870898e+00
1.571236228326750695e+00
1.728921617831596924e+00
1.658872314958496741e+00
1.681203960600942127e+00
1.719294041409253238e+00
1.718275815005424256e+00
1.719568770737375685e+00
1.702974096088704536e+00
1.700569022735646030e+00
1.685671296104301664e+00
1.704761361146346355e+00
1.721828733076605777e+00
1.707565937427889535e+00
1.750137183355389148e+00
1.669520104311656317e+00
1.764852841222104285e+00
1.686358270165772888e+00
1.660955899308663941e+00
1.712040997911747464e+00
1.716998284583215240e+00
1.639056567573918155e+00
1.695767181358541764e+00
1.686624408705510003e+00
1.647173514239946623e+00
1.675599213214405525e+00
1.623012809747004903e+00
1.622942920152086632e+00
1.703069805127541692e+00
1.657439980036342630e+00
1.554405113656703863e+00
1.570455951298410868e+00
1.685007335368609027e+00
1.626637864031732272e+00
1.587312594907167806e+00
1.636177882543430551e+00
1.628582839228532864e+00
1.593619082230495865e+00
1.534168331362659732e+00
1.591399947051377772e+00
1.516426673647986334e+00
1.541515149871208967e+00
1.671336263208568651e+00
1.659460381284872499e+00
1.668940137866250506e+00
1.632210291722832718e+00
1.744110309857267671e+00
1.677488927383566031e+00
1.686584336287549002e+00
1.679927587796585575e+00
1.658089968367265632e+00
1.693201562301840601e+00
1.667465262250961366e+00
1.660756611125223436e+00
1.594698902900102633e+00
1.611160009147897698e+00
1.649346218794748742e+00
1.649426371921863810e+00
1.656489698423142087e+00
1.657731909045764063e+00
1.687026507994567215e+00
1.718838015444543288e+00
1.673845288824083344e+00
1.715168453242384095e+00
1.689591040475571848e+00
1.667808999117952773e+00
1.639526028793450108e+00
1.692574540378838810e+00
1.681965085398242854e+00
1.680272391550432065e+00
1.717682823977190631e+00
1.692027625092368481e+00
1.712622071532448498e+00
1.726208848200033952e+00
1.689115087761075662e+00
1.708538905827165388e+00
1.677565947370659227e+00
1.713787281590185119e+00
1.677976179321323036e+00
1.689388659516830815e+00
1.707918833356977473e+00
1.708944449927406684e+00
1.725473336616230480e+00
1.693660740178672519e+00
1.716275927958628600e+00
1.697851495858080595e+00
1.692128559235438034e+00
1.675979548327524604e+00
1.707517122685502819e+00
1.719228816649825076e+00
1.699010839228258796e+00
1.702007615238360749e+00
1.726679661624513695e+00
1.754739428058226691e+00
1.711411014703264177e+00
1.771783550381492489e+00
1.861400613830208606e+00
1.807989051769953281e+00
1.756229372648137721e+00
1.645100618763364109e+00
1.646711876022554089e+00
1.733702536077767586e+00
1.704204094549162551e+00
1.717295944189209500e+00
1.760283882088720331e+00
1.780617446614187083e+00
1.766335306569687846e+00
1.780241256740960676e+00
1.799215988123511911e+00
1.844362087418757401e+00
1.831120633967783462e+00
1.770926010557175356e+00
1.756018616284501288e+00
1.814798381708304875e+00
1.811543583554258596e+00
1.824868063497240289e+00
1.875720457338134750e+00
1.821870440830653415e+00
1.916981496119624762e+00
1.737320169377559287e+00
1.758185802812602505e+00
1.801529722527292376e+00
1.794380246815252544e+00
1.861597384177440251e+00
1.761875092756402195e+00
1.854933355963755970e+00
1.802520955877134456e+00
1.879479438232013022e+00
1.859235855641025115e+00
1.837766422341492456e+00
1.901723383837999215e+00
1.814239563412993528e+00
1.818875544123560672e+00
1.951745967691488781e+00
1.952299406204014209e+00
1.921598822425121256e+00
1.953056840231142788e+00
2.013565409035041665e+00
1.997858223240188691e+00
1.925764361474410213e+00
1.958815996980407093e+00
1.993545002187950832e+00
1.913798987348992009e+00
1.925135128245449856e+00
1.793981217784563986e+00
1.852612730997222457e+00
1.849311222026571500e+00
1.750877748855365512e+00
1.726916833330082612e+00
1.758925559709079378e+00
1.773602035181280012e+00
1.754234460616782787e+00
1.649155974104694167e+00
1.761309761872976942e+00
1.771347730771252627e+00
1.825414752763091730e+00
1.899548215219315050e+00
1.950841100786218307e+00
1.905835204861255905e+00
1.900483900929976100e+00
1.958344235153869350e+00
1.949255548819074813e+00
1.935910933911072496e+00
1.984027387086876537e+00
1.898681135413318177e+00
1.869585237356526264e+00
1.921149978595720675e+00
1.920257731377020827e+00
1.824646917208802455e+00
1.935890902133060587e+00
1.902456262176456914e+00
1.925062925026546967e+00
1.926704125449412608e+00
1.917160381138606651e+00
1.958574670026724585e+00
1.954343480920204934e+00
1.931399272503686593e+00
1.912234171660765591e+00
1.938638083589197869e+00
1.969841798643707786e+00
1.992392221786626783e+00
1.983193652938674445e+00
2.028481029864281471e+00
1.954400482847677090e+00
2.013472420855843215e+00
1.955512909605980676e+00
1.922698624847340776e+00
1.906484407916851698e+00
1.939119005289670294e+00
1.931545849267791493e+00
1.979130311261005026e+00
1.920747962057042013e+00
2.010543686391073059e+00
1.897603895978056565e+00
2.002520703312948402e+00
1.884196358736046850e+00
1.903177782228989257e+00
1.964920539563502988e+00
1.932271382676364668e+00
1.869692243837545398e+00
1.921100239181529501e+00
1.906190556933985869e+00
1.897679182440966006e+00
1.942874033712188142e+00
1.913346698603519913e+00
1.832521479147805277e+00
1.894626967625291813e+00
1.929717359748500671e+00
1.880086961612372320e+00
1.853058647773789147e+00
1.945069642915134178e+00
1.929273930599943565e+00
1.893030227207711969e+00
1.932532893663807094e+00
1.978375857920699588e+00
1.976496284172946760e+00
1.930681218791481912e+00
1.848583841200645894e+00
1.741119266880717831e+00
1.670004194772674699e+00
1.612673899824481394e+00
1.548730459627160716e+00
1.628521899577822563e+00
1.661967531860176539e+00
1.612083723280966385e+00
1.723696340323129128e+00
1.662909674273393312e+00
1.597025431826974096e+00
1.813546386951703893e+00
1.821952179283196083e+00
1.775611509000608601e+00
1.761162794851132363e+00
1.647665745129365700e+00
1.530313189628542014e+00
1.617034443959609824e+00
1.540125562156467787e+00
1.531075452163750628e+00
1.716541650403941688e+00
1.694611647214048666e+00
1.645721323676946790e+00
1.739436806052915063e+00
1.732703241695660257e+00
1.681519934807565120e+00
1.677435584148696757e+00
1.809158564649699485e+00
1.754309393260408578e+00
1.778509321323231918e+00
1.714610136781927086e+00
1.656051079229137191e+00
1.673929251828485842e+00
1.680603354547740125e+00
1.663296451120216846e+00
1.770059268129273278e+00
1.796471019027321425e+00
1.717768620043963024e+00
1.688369753813278029e+00
1.587083035847506984e+00
1.807575667224284865e+00
1.754612485603996408e+00
1.721339618602987676e+00
1.682466250584716994e+00
1.613191327353167948e+00
1.683580648138709668e+00
1.762408486304646082e+00
1.811252712574501267e+00
1.762246262784536999e+00
1.860309365104086510e+00
1.775651132942104748e+00
1.701630690131420653e+00
1.788318367270448572e+00
1.816682742180872667e+00
1.912606475982791876e+00
1.949615874454523556e+00
1.909017957547890276e+00
1.909540195436771004e+00
1.954448496423438320e+00
1.923240915318717548e+00
1.866758349225924540e+00
1.931891997948794515e+00
1.992617990482215884e+00
1.929423223736935977e+00
1.959196973202540493e+00
1.887513550461629608e+00
1.897978338703374623e+00
1.811791015746321065e+00
1.951437714436320414e+00
1.962821551434695611e+00
1.992744195773336280e+00
1.969406735354235272e+00
1.926140863987553686e+00
1.895295769063829239e+00
1.924909765706002585e+00
1.893658813744094394e+00
1.916398531551921858e+00
1.931281392668767083e+00
1.964024806632018061e+00
1.989948135411564012e+00
2.003839127202151182e+00
1.967749470821543945e+00
1.926584817200572175e+00
1.852636852763603015e+00
1.931530516190030244e+00
1.831487617196424722e+00
1.893702667554290953e+00
1.855686551623442870e+00
1.993091781138170981e+00
1.965109044509016023e+00
2.016565644209376007e+00
1.870161494193598006e+00
1.871598682999582763e+00
1.930477230613440565e+00
1.956713381648763850e+00
1.992601766867653001e+00
2.040940473309079906e+00
1.975826806077151554e+00
1.983514216786998574e+00
1.999092486167969307e+00
1.940039989901509498e+00
1.954438186453226312e+00
1.936749504582970793e+00
1.944908792137876041e+00
1.855756415258253522e+00
1.923364848951287120e+00
1.925040218849121798e+00
1.989502176397709432e+00
1.887105124709725024e+00
1.907666513426123922e+00
1.869822010529547773e+00
1.808010924385136997e+00
1.869601684734501612e+00
1.822528279632959602e+00
1.742979960397380124e+00
1.761967014725064562e+00
1.742454925971663737e+00
1.773737917157119259e+00
1.890667801187019048e+00
1.666278931618163872e+00
1.716516681511471853e+00
1.722648191469727363e+00
1.713089850677421255e+00
1.632889329459239480e+00
1.601142229630538649e+00
1.712158313998161319e+00
1.728519436475446369e+00
1.727391190767734619e+00
1.841967440071393680e+00
1.853702726516925470e+00
1.748101109734844893e+00
1.753962186792923372e+00
1.752064463698537855e+00
1.731402052662881497e+00
1.725580899271755397e+00
1.779141437742104204e+00
1.784473803451803509e+00
1.726681144714413918e+00
1.824697752175548526e+00
1.840138394018179691e+00
1.836708436434750125e+00
1.818141320331541300e+00
1.894331935680141799e+00
1.908409617292090577e+00
1.816318785777034428e+00
1.811389580372610997e+00
1.794585910848268684e+00
1.751044589022531461e+00
1.865785008243262766e+00
1.821270978068853186e+00
1.809182141867547999e+00
1.813168593815988938e+00
1.680899673214433676e+00
1.660795653374261605e+00
1.715691764676690045e+00
1.746199644032702558e+00
1.723921142298595388e+00
1.731818909250271821e+00
1.718333896267198790e+00
1.742008589751757652e+00
1.708981517182998289e+00
1.686212269906228300e+00
1.670996010399961040e+00
1.704414101626264166e+00
1.727573318718264916e+00
1.657767009383158241e+00
1.740715909370266212e+00
1.809094024315078153e+00
1.743552530306100801e+00
1.803014904531205831e+00
1.825504232967688045e+00
1.818541365981622970e+00
1.838723906998388058e+00
1.764344148118373257e+00
1.802625559270691680e+00
1.826027959020061653e+00
1.738409788109493759e+00
1.714073344510082864e+00
1.722721482634443912e+00
1.804676628219599843e+00
1.790647661533461887e+00
1.782645527610280167e+00
1.774052213809599543e+00
1.783793244992094573e+00
1.754716876932008729e+00
1.753049997028429452e+00
1.763722505360818760e+00
1.762320212137711950e+00
1.760823043708545033e+00
1.733379591809307119e+00
1.607813852324466941e+00
1.653754290485769163e+00
1.697265755579755009e+00
1.793605033694379847e+00
1.867059700233117292e+00
1.880191832647582828e+00
1.924486533428746426e+00
1.948944229127798966e+00
1.929336145776725964e+00
1.920340207589362524e+00
1.869004420012514878e+00
1.792425116856261269e+00
1.878513263975090997e+00
1.854888209018670686e+00
1.769378244053150695e+00
1.881312839764607503e+00
1.823422985090955351e+00
1.756343442134220334e+00
1.799292959257721369e+00
1.736496978177151984e+00
1.743754829351257474e+00
1.679937844748581766e+00
1.655133147184322251e+00
1.623709833535925018e+00
1.590354412677733142e+00
1.714881578684373631e+00
1.715039780199005603e+00
1.614959471539347380e+00
1.638908386324761546e+00
1.556390850993498720e+00
1.600026349873647558e+00
1.564707774339223034e+00
1.591210037974640112e+00
1.557730732628268111e+00
1.590584252433352441e+00
1.656494324464677037e+00
1.678870581782907934e+00
1.584142715877533414e+00
1.516325128805336542e+00
1.495740350410851072e+00
1.606247782356816423e+00
1.501154086314488767e+00
1.494071011807798222e+00
1.545003270158441522e+00
1.572309621916652578e+00
1.548308192186500953e+00
1.655519803185961480e+00
1.580779041314672284e+00
1.540469522988256124e+00
1.534036948165227843e+00
1.592736272155682142e+00
1.630469984752808132e+00
1.621038942431699770e+00
1.540934496179331203e+00
1.539773978307957814e+00
1.575249145118361671e+00
1.597977462143020944e+00
1.606818938563643551e+00
1.640916410754342358e+00
1.630469262692945787e+00
1.621431315108792459e+00
1.643848233386988156e+00
1.591413044303239932e+00
1.662806851119574603e+00
1.664948319485787254e+00
1.614749047575966712e+00
1.577179453230476591e+00
1.569474405199571709e+00
1.591968966491420057e+00
1.546324824579635715e+00
1.591340530920626106e+00
1.538724357814042154e+00
1.525843848405445291e+00
1.546855137143991810e+00
1.543300570836641405e+00
1.553342320131504417e+00
1.583405971772778198e+00
1.575407114236822004e+00
1.452863580536611243e+00
1.471053602013282502e+00
1.414480071668001937e+00
1.469738632180435101e+00
1.451842743279579961e+00
1.508196752974984234e+00
1.507820415135030734e+00
1.467192896159700721e+00
1.418341041659621826e+00
1.418961883593406581e+00
1.477954178034534216e+00
1.484101935593928889e+00
1.523539943804965713e+00
1.555808760196365048e+00
1.522379297432876477e+00
1.556454882175403398e+00
1.510907090623628379e+00
1.486058931072862466e+00
1.506903768034030477e+00
1.591938325538070353e+00
1.637957846829980690e+00
1.589690438661289562e+00
1.579239220064867277e+00
1.581871598389379407e+00
1.582495645475871848e+00
1.528370554857360508e+00
1.555158166015749188e+00
1.515136619431738163e+00
1.534438450048504432e+00
1.578050183467186951e+00
1.552583578023495781e+00
1.639186906910987895e+00
1.565184062298418555e+00
1.640291705838954339e+00
1.639138443235454101e+00
1.678886596761118843e+00
1.796452408666094680e+00
1.778777504727251824e+00
1.770544952680841000e+00
1.680247050876452652e+00
1.708317566989121294e+00
1.675132672419547886e+00
1.765598268641168422e+00
1.746413727470153887e+00
1.712359442273216903e+00
1.880582214058102108e+00
1.787018605829821416e+00
1.774257079818627014e+00
1.755400355415228208e+00
1.670185482608857575e+00
1.681315230874202760e+00
1.625445048267881054e+00
1.612061982749087186e+00
1.657935395540428125e+00
1.731042825051961165e+00
1.674202859959115886e+00
1.705401450235986438e+00
1.633514306558991658e+00
1.638853004354482668e+00
1.720846095348308458e+00
1.750532768296129360e+00
1.723905388790787141e+00
1.689948015526749669e+00
1.733019503973034503e+00
1.735141337745310430e+00
1.718043016286239899e+00
1.710472751294549676e+00
1.730750764351368653e+00
1.740706541534151830e+00
1.718126947739981647e+00
1.733613679731343060e+00
1.637877238916664924e+00
1.715068468969846549e+00
1.762684960591818228e+00
1.701255772275362066e+00
1.658840642301338208e+00
1.704591582564405128e+00
1.765997578706650195e+00
1.773730848712529395e+00
1.664483115874386687e+00
1.710808484694365417e+00
1.645784651767486118e+00
1.698245584603636615e+00
1.769273129923013999e+00
1.772110637197737537e+00
1.796023952573694960e+00
1.692108398643716427e+00
1.729542698546798318e+00
1.685055932905439535e+00
1.703139216453288141e+00
1.643603178290006683e+00
1.654789466353381755e+00
1.596886317317442572e+00
1.713175543818303614e+00
1.754619992118604754e+00
1.764574626944506841e+00
1.804843591349070575e+00
1.760543172591468641e+00
1.759300576039874109e+00
1.653242171798990690e+00
1.732889885684101516e+00
1.805856147116096766e+00
1.852136115816817474e+00
1.796184548878779097e+00
1.760677930344140441e+00
1.749971032562501527e+00
1.757460331152046473e+00
1.790490399865311000e+00
1.744881185596535156e+00
1.749204943606112561e+00
1.749895758505622734e+00
1.776531359020765199e+00
1.694464613003846987e+00
1.735390152655920337e+00
1.766887702596613652e+00
1.735344221595187530e+00
1.806283656976612972e+00
1.761600430071577961e+00
1.718817830609452368e+00
1.760171494698405503e+00
1.774535563812398742e+00
1.776254841380180638e+00
1.833037049043045430e+00
1.774530360131837847e+00
1.848760027849431609e+00
1.811275747150475013e+00
1.846236676355543560e+00
1.759054618244468626e+00
1.820661327536655882e+00
1.880766628363748083e+00
1.824951299011206007e+00
1.783064670118225337e+00
1.822689505795014320e+00
1.766052327899399366e+00
1.749758902991856768e+00
1.808689551188814804e+00
1.836920212489731474e+00
1.790102955186669176e+00
1.783295574710278109e+00
1.762265619514619353e+00
1.738097223705902916e+00
1.779846978463031526e+00
1.743624701122413523e+00
1.770908976043226613e+00
1.777658457482081955e+00
1.830002608267807584e+00
1.815002499700105298e+00
1.841015208657671209e+00
1.832977203354246187e+00
1.807253680756620184e+00
1.797824238809283992e+00
1.806481341574402988e+00
1.863317334482407439e+00
1.879099620478658972e+00
1.841588826788685074e+00
1.822203971675903977e+00
1.842082533009188783e+00
1.845326945631647453e+00
1.780801182839966579e+00
1.822813985054271280e+00
1.810972840918414262e+00
1.867146298752383471e+00
1.813361892020683763e+00
1.763449327967471669e+00
1.787889219865035795e+00
1.614229999225692769e+00
1.573015586147381351e+00
1.582388637280833787e+00
1.606819059774852398e+00
1.639454755062279112e+00
1.710916032471845094e+00
1.646704879092618423e+00
1.514829418364875835e+00
1.551231830657330280e+00
1.572069740323675191e+00
1.584236034664029180e+00
1.608900289162975117e+00
1.555640472939918917e+00
1.600275768943644650e+00
1.614839015949517398e+00
1.622861117494497574e+00
1.641299930761552117e+00
1.788691035922769235e+00
1.719832813750361789e+00
1.651503669612734981e+00
1.702274656751859405e+00
1.623487076795275819e+00
1.622547131816132637e+00
1.682922798156951005e+00
1.708975096402990168e+00
1.683431394117372859e+00
1.663909457502891875e+00
1.636128006269547575e+00
1.683755178837958777e+00
1.696286207997343087e+00
1.663591586123772004e+00
1.644376837068975750e+00
1.701596014198507367e+00
1.668181424310611893e+00
1.718955873591464512e+00
1.656655321205489750e+00
1.665343032628260334e+00
1.774055893853884847e+00
1.801144828646806362e+00
1.806049356435606157e+00
1.822731203102121222e+00
1.775045683520395379e+00
1.705084522420499571e+00
1.715477873126788788e+00
1.748149594584567312e+00
1.769038592934633058e+00
1.773588923194318490e+00
1.813505221616392049e+00
1.800460514787999067e+00
1.806381687039732675e+00
1.742454772912143124e+00
1.722378471710816816e+00
1.689461830052756408e+00
1.717564485896791560e+00
1.683195458515724052e+00
1.691869915493052101e+00
1.737698545343425049e+00
1.717655430649871029e+00
1.716554338133347013e+00
1.676557758281731259e+00
1.647356297957984772e+00
1.619088630630186598e+00
1.629139914048702620e+00
1.639847608502974063e+00
1.678398453614212693e+00
1.720389037664612486e+00
1.637493744892965397e+00
1.671338890078119199e+00
1.516056098905643523e+00
1.582389005732732556e+00
1.623263183746129767e+00
1.752370982390776044e+00
1.739697336454626209e+00
1.765437552364216733e+00
1.687942158400179915e+00
1.661721718391937719e+00
1.714377817976330709e+00
1.808489937948130288e+00
1.732955294074008945e+00
1.699025526758976667e+00
1.751040771802477192e+00
1.749489806772635436e+00
1.736326588036342544e+00
1.803586255260272830e+00
1.684321166608194087e+00
1.677705309455858496e+00
1.685556406517722206e+00
1.598413848381597058e+00
1.582141165976926001e+00
1.662913436204868312e+00
1.692751180341405481e+00
1.699226030825405687e+00
1.665767229208723554e+00
1.588871200560286301e+00
1.605117703914032523e+00
1.558295755938772009e+00
1.577909354995134850e+00
1.569894567567847510e+00
1.536619650892073086e+00
1.525520607003184592e+00
1.528929716285115203e+00
1.488462058995329240e+00
1.459820759648422062e+00
1.537516186548812280e+00
1.537950330044201230e+00
1.484076753321688757e+00
1.448873408296033061e+00
1.476710359945254014e+00
1.424326371024339011e+00
1.483439760400375507e+00
1.463529268306294373e+00
1.490164040893646069e+00
1.474161949129197069e+00
1.435791961225167945e+00
1.446822811794215902e+00
1.422138185916039133e+00
1.504660502197947780e+00
1.511681304222412869e+00
1.481076875454660824e+00
1.468783986936131658e+00
1.491622851024758445e+00
1.497491125955147551e+00
1.481105936388373845e+00
1.418738866239145358e+00
1.375335748528854207e+00
1.360499703524579607e+00
1.344996893095361523e+00
1.367310103171119673e+00
1.320385011909914752e+00
1.331925111127793437e+00
1.317185120842300883e+00
1.342887450551629502e+00
1.332083189121331834e+00
1.312839104943229751e+00
1.323931326720180879e+00
1.342772925929950123e+00
1.375738464278888795e+00
1.398715778550461364e+00
1.404770227967424789e+00
1.444476836591202851e+00
1.408023924842885188e+00
1.383089304362925320e+00
1.384535252047614851e+00
1.390632532029627333e+00
1.438923425930283218e+00
1.475644434576028008e+00
1.498481572817430107e+00
1.482577887335292832e+00
1.459844639605305749e+00
1.423468099460345471e+00
1.449017160777764435e+00
1.464631035345931531e+00
1.449834917416263913e+00
1.462429124869967678e+00
1.475732780054908266e+00
1.462251453346615548e+00
1.527943396797009967e+00
1.612406776567515188e+00
1.541991746786354867e+00
1.552582836570692626e+00
1.643750603639521080e+00
1.508988211364450382e+00
1.517821722484232749e+00
1.538178375488828964e+00
1.546175649391158480e+00
1.525512004744428607e+00
1.534064844880213441e+00
1.521274403392207208e+00
1.481804126420026568e+00
1.488829418179293818e+00
1.454828849402876489e+00
1.499169415498090352e+00
1.484193427756355321e+00
1.520556976291807638e+00
1.451406375799359827e+00
1.478341483257722633e+00
1.489134000089616494e+00
1.547990523309128008e+00
1.576639522582718778e+00
1.526200272606473840e+00
1.490695563158431103e+00
1.569235604381119753e+00
1.507926102599656870e+00
1.470306014937540207e+00
1.594798352063350633e+00
1.550399182393399355e+00
1.500366457271188114e+00
1.563524694915272129e+00
1.624377583316437113e+00
1.575817263136139568e+00
1.652973526962856488e+00
1.598525177547785114e+00
1.534075143702054111e+00
1.528055082283678257e+00
1.564885448600257911e+00
1.648667793364475553e+00
1.615668185691419012e+00
1.660116014253751215e+00
1.631574964600195354e+00
1.621716348666665919e+00
1.474550709119187841e+00
1.538383176188762969e+00
1.576003559947859678e+00
1.571973743097908827e+00
1.555701362866446225e+00
1.516773816244228579e+00
1.523189784637372979e+00
1.531889855518868027e+00
1.427299370768280617e+00
1.460556286816130811e+00
1.474291360268317863e+00
1.471075686463091170e+00
1.413826822471927702e+00
1.454169659813411952e+00
1.414529886212740228e+00
1.435147487634660823e+00
1.429921196689574403e+00
1.400056457304616808e+00
1.393106934900369298e+00
1.392963361545498824e+00
1.403106949089789612e+00
1.395908975913896510e+00
1.414642070502664772e+00
1.432180716156928657e+00
1.476545495019845111e+00
1.459103735970227467e+00
1.465865546807313624e+00
1.526367044224978819e+00
1.447636722792451147e+00
1.449909819785672127e+00
1.426523523684044115e+00
1.444972158219951952e+00
1.436953734722107523e+00
1.351515299362548106e+00
1.462715139835035760e+00
1.430047719277574014e+00
1.461916837984197803e+00
1.434554939076824631e+00
1.454800102961868458e+00
1.436058654451138006e+00
1.406384795553480727e+00
1.378673506085275058e+00
1.342658307286743957e+00
1.361531017422125123e+00
1.367193610563381068e+00
1.353437621175040961e+00
1.374134385161491778e+00
1.377047568079243334e+00
1.388121131796125507e+00
1.468646325412515941e+00
1.501623936459247854e+00
1.444703432573296586e+00
1.441054671609021787e+00
1.423295262121702986e+00
1.439805118114859894e+00
1.469497362057692547e+00
1.490169454582949360e+00
1.427903721279313976e+00
1.434928840390253590e+00
1.431359576934758682e+00
1.448214684450105372e+00
1.462675950446745476e+00
1.484606946294933394e+00
1.453413752501856449e+00
1.443745159616468543e+00
1.436000389727878801e+00
1.353093012454557931e+00
1.415942877780812292e+00
1.399353807916460690e+00
1.374790332785250646e+00
1.389945734152324919e+00
1.422118717182702552e+00
1.386641971965181908e+00
1.441556358726029829e+00
1.524821309804235581e+00
1.581793306167571078e+00
1.564123481404049887e+00
1.410798949310468675e+00
1.423695028414407204e+00
1.488822871349814614e+00
1.554645041845072129e+00
1.581713382710572269e+00
1.562068079129936171e+00
1.502348380821268981e+00
1.500765229257180478e+00
1.522322761846388817e+00
1.502141398193045152e+00
1.485500930107741091e+00
1.512962841613541443e+00
1.506434253614955532e+00
1.503972317542446202e+00
1.536899569808888089e+00
1.485723514385968391e+00
1.417635030842989474e+00
1.429511562796984769e+00
1.476149264607768963e+00
1.440133429262857812e+00
1.409204305864350637e+00
1.430478358510279824e+00
1.388979600321185615e+00
1.474572214733462561e+00
1.488550872785890267e+00
1.429357568787179344e+00
1.421966440603491311e+00
1.419219840091946017e+00
1.469657005023181418e+00
1.414603671367906879e+00
1.489998896630905678e+00
1.482889701418668826e+00
1.408162518876923563e+00
1.421935669942366864e+00
1.467277418520585686e+00
1.484642813822771856e+00
1.497295749766758943e+00
1.462635579649307571e+00
1.501117984916342518e+00
1.367995225334110332e+00
1.407804330837674200e+00
1.458123279576575060e+00
1.525113119004406048e+00
1.432997613679692472e+00
1.451958534477445273e+00
1.414360038756566684e+00
1.406949425050821656e+00
1.423716363191051881e+00
1.494283447350465144e+00
1.528364006818239806e+00
1.522952180150720203e+00
1.497762821207414330e+00
1.393687595821832215e+00
1.464692892697089244e+00
1.495385115401108633e+00
1.523069457111715597e+00
1.556602858317610583e+00
1.486617942993277097e+00
1.481959483437021108e+00
1.515021170570877818e+00
1.475958633516585072e+00
1.479632707656455493e+00
1.543168292351269510e+00
1.482137933216806092e+00
1.502671256224211271e+00
1.571551714406065559e+00
1.522982755896666429e+00
1.573297857529449395e+00
1.534844969467161535e+00
1.558184832488593408e+00
1.641190602281109800e+00
1.548770983164462045e+00
1.564917586318132159e+00
1.490701180734528952e+00
1.495910801473765650e+00
1.501168138180804190e+00
1.524247661597024184e+00
1.531435901102006225e+00
1.495951103430066542e+00
1.405316134846817722e+00
1.413730260086947688e+00
1.492899033778119833e+00
1.468686791781188550e+00
1.565361082246166990e+00
1.547493889518250620e+00
1.533162435838857363e+00
1.468166867292998834e+00
1.499690045720294185e+00
1.454820161492240693e+00
1.488459325677091272e+00
1.525502245131678203e+00
1.534997444673548150e+00
1.521489548479097786e+00
1.439529192691553217e+00
1.475728303137574970e+00
1.434107304798422966e+00
1.464844476690694286e+00
1.434902912005192599e+00
1.426033751989055132e+00
1.472452138933966426e+00
1.533316840580416285e+00
1.527884629446016440e+00
1.495745255410681818e+00
1.422302984282979965e+00
1.501891335540521899e+00
1.488789840450533974e+00
1.405125956011798127e+00
1.389282805000159549e+00
1.415725574550606769e+00
1.442902250565577971e+00
1.418387015683086450e+00
1.405711060888054087e+00
1.440081555771365096e+00
1.472749495567527989e+00
1.509102979828197189e+00
1.527599735532360059e+00
1.573884990802128847e+00
1.554714902185029279e+00
1.596457454458223291e+00
1.542649243130487235e+00
1.536423964869978898e+00
1.594791770863908997e+00
1.622666199850164359e+00
1.489304306653875809e+00
1.489041909893423332e+00
1.553740007489885055e+00
1.568320694015955752e+00
1.605781947065382909e+00
1.586620983432556198e+00
1.506522851597207113e+00
1.596849694989523005e+00
1.544891489779250282e+00
1.584036114775270843e+00
1.603393358672869473e+00
1.553402369608283928e+00
1.639969976097864102e+00
1.641980299956951050e+00
1.580209031853182067e+00
1.597260740788803757e+00
1.637754105013353723e+00
1.654088478493215941e+00
1.585277127755903459e+00
1.649727160550507277e+00
1.652085633999526237e+00
1.562627664844281172e+00
1.578798735010390697e+00
1.544039466325722643e+00
1.578196035368179651e+00
1.492997083984721085e+00
1.465190167294277979e+00
1.474635076036440839e+00
1.491996625922282327e+00
1.517078147953807576e+00
1.549394238932098267e+00
1.522513074192134219e+00
1.552500869449821019e+00
1.459509893737387154e+00
1.508152499488011777e+00
1.505727324698832081e+00
1.636518973541018163e+00
1.581799667858945213e+00
1.627092270263827967e+00
1.615327163739743943e+00
1.570707859332399758e+00
1.541317190352180289e+00
1.420846966274224243e+00
1.444236029946209809e+00
1.681307536884866671e+00
1.537915152251417839e+00
1.563862577339123705e+00
1.536995701256346658e+00
1.550963640187343007e+00
1.522478337181539798e+00
1.499154682541911532e+00
1.445747252379727898e+00
1.493724271953549954e+00
1.535019489615712773e+00
1.504420187721970725e+00
1.482234117625818026e+00
1.441495383304636446e+00
1.441726082465978998e+00
1.527071388368594462e+00
1.581354738435882368e+00
1.527111841576410889e+00
1.526394213026013302e+00
1.508148421935756822e+00
1.475582089408759456e+00
1.483434403077784403e+00
1.488204923002833135e+00
1.446701571139335618e+00
1.497205873195346149e+00
1.562856851043610940e+00
1.513987041282425450e+00
1.517602310971222446e+00
1.508474969687944256e+00
1.499414103508903251e+00
1.602582965246214686e+00
1.555674190523179456e+00
1.540204266243525577e+00
1.600873811726007512e+00
1.587685129657457450e+00
1.545009812337531763e+00
1.475461831251337452e+00
1.594981453780922376e+00
1.538497311019543456e+00
1.555058340314025456e+00
1.504751744322307738e+00
1.444476211385944175e+00
1.524174336921574335e+00
1.468372005470085062e+00
1.488634393141425205e+00
1.568540446278889444e+00
1.560214395059788872e+00
1.572617860672773649e+00
1.514373009335312714e+00
1.504493825614914293e+00
1.508562603656516510e+00
1.504932594677033553e+00
1.558661992523079576e+00
1.576263152389514532e+00
1.502908548421613810e+00
1.466669360155288926e+00
1.557805540402412703e+00
1.566400461419673151e+00
1.611706917492162328e+00
1.543220057181073468e+00
1.601804177170715882e+00
1.541405479843956039e+00
1.528199623985638800e+00
1.557212474045761352e+00
1.513494907556328428e+00
1.516173636759630128e+00
1.551561407895555744e+00
1.431844479788479507e+00
1.440507024499714017e+00
1.488555960128090216e+00
1.623775994889865570e+00
1.581553042535037701e+00
1.625626584679400022e+00
1.574363420142472547e+00
1.609794589779260487e+00
1.592399086653728979e+00
1.509686211970006742e+00
1.564027294350930131e+00
1.516330627399689712e+00
1.629450012062870989e+00
1.555488305596983478e+00
1.507896047155349306e+00
1.515643614536553718e+00
1.557275139503542238e+00
1.557115101782668543e+00
1.546950547368908024e+00
1.609876115491755577e+00
1.552328019973121531e+00
1.583045671917484132e+00
1.467338755169205866e+00
1.485384485150983203e+00
1.583430944756983205e+00
1.543376470470277928e+00
1.491413810269003548e+00
1.511869720382489346e+00
1.455012033355043588e+00
1.485517420986423698e+00
1.572166814060999007e+00
1.594281694041527420e+00
1.625937878624869271e+00
1.572292885349204861e+00
1.581934395778546110e+00
1.610806032619755745e+00
1.468401228156942295e+00
1.530323097121808473e+00
1.478869046573720647e+00
1.364305528168230808e+00
1.454434936453622873e+00
1.541076689725979110e+00
1.551025958943858640e+00
1.518997715001038973e+00
1.544172340760777917e+00
1.631260371770910877e+00
1.604069376623456833e+00
1.565789899104502947e+00
1.619442914537445821e+00
1.562461257105013601e+00
1.623096317704483482e+00
1.606092525690314687e+00
1.580254568556656691e+00
1.577767156611551425e+00
1.507632962748316041e+00
1.572342076068476313e+00
1.677859676486713081e+00
1.619175256784466166e+00
1.529759811042075368e+00
1.578208129724360642e+00
1.633044559919813565e+00
1.500503019155245088e+00
1.462787696931600712e+00
1.466333091569018254e+00
1.510978685706659386e+00
1.473304281020578976e+00
1.506461836582635883e+00
1.571734488447186662e+00
1.532797424759947846e+00
1.504874985954130384e+00
1.429084044640047235e+00
1.501825772962358307e+00
1.564268962234070637e+00
1.571056806509213200e+00
1.507891939611229137e+00
1.653724452437136172e+00
1.611494169190990311e+00
1.555443276763927019e+00
1.616215010574121536e+00
1.608939328279567427e+00
1.581934476574679227e+00
1.588255226776905227e+00
1.652842950103335262e+00
1.585618220669642531e+00
1.585883065555100391e+00
1.514715309359770945e+00
1.561835380898775494e+00
1.533686429727292744e+00
1.602574278430655141e+00
1.627511713172697050e+00
1.573019740448355019e+00
1.532225974058717632e+00
1.559946161256393848e+00
1.525326278531034641e+00
1.557494986814979443e+00
1.617824923146236049e+00
1.651930639094563613e+00
1.601693698786354814e+00
1.574320020402311782e+00
1.484347419539095769e+00
1.608364303627133340e+00
1.504349276242159084e+00
1.502028237633349805e+00
1.558684272740263221e+00
1.634002732592980678e+00
1.594833938156627662e+00
1.552559136186612454e+00
1.610293993066123974e+00
1.595330670816030638e+00
1.523656388039443366e+00
1.452947955169094696e+00
1.450612365173916674e+00
1.474099189452439340e+00
1.507398005177788880e+00
1.527610693851506607e+00
1.519924595977333759e+00
1.511129388503820392e+00
1.579359902769028157e+00
1.618339683775853244e+00
1.607737309388606706e+00
1.551792992023252715e+00
1.575816126400197081e+00
1.582754298372788027e+00
1.564095682227289785e+00
1.501119458262914153e+00
1.540684411660913078e+00
1.660766761265954239e+00
1.627049339465088895e+00
1.556983011484801116e+00
1.582510837779203872e+00
1.537926931880341908e+00
1.596595663299849477e+00
1.582755305878259522e+00
1.579441728130512423e+00
1.609732567151236582e+00
1.576275441989687609e+00
1.598434393654959873e+00
1.605747701697587404e+00
1.608400045754711183e+00
1.599741039975785650e+00
1.591190603785977320e+00
1.651900139965715608e+00
1.606686953201556189e+00
1.567597639331834269e+00
1.503413742736056324e+00
1.429190109939714848e+00
1.500588954633247596e+00
1.478946212358396961e+00
1.440882479489943524e+00
1.431933314365159804e+00
1.379449930667819846e+00
1.362845731563324669e+00
1.373083680454263655e+00
1.370710767247154571e+00
1.343417672753031367e+00
1.349922678758662675e+00
1.366419464233099790e+00
1.394648400396574228e+00
1.352435853689844203e+00
1.359986787411186837e+00
1.351348186030617793e+00
1.361095118301524964e+00
1.342559542569924824e+00
1.395426481606947711e+00
1.396623941835989813e+00
1.359879282608514428e+00
1.390083014492967006e+00
1.390441400593678045e+00
1.361228334405955254e+00
1.351709848819449888e+00
1.307502145175264419e+00
1.337730033195962953e+00
1.380353320210359724e+00
1.429954328044816148e+00
1.424481805907205079e+00
1.436630763229476804e+00
1.400236706129352582e+00
1.468298675662774055e+00
1.429729106473528910e+00
1.430303509526515082e+00
1.412826650047439792e+00
1.406979332695225127e+00
1.385242459251214697e+00
1.357604865703158747e+00
1.338930527117634828e+00
1.335071716378352535e+00
1.392261616477609598e+00
1.402402092297986735e+00
1.432126146310397585e+00
1.434016810804627173e+00
1.395091399170101720e+00
1.426865078574231394e+00
1.374067763065494052e+00
1.372364450058280338e+00
1.371741686736505761e+00
1.387157959521646333e+00
1.386482601077885013e+00
1.382254479092014376e+00
1.407992342264000385e+00
1.425558872754759010e+00
1.463106796463472303e+00
1.470207341706436743e+00
1.457949647201788768e+00
1.457289698637649566e+00
1.457476122305995547e+00
1.469695720587297583e+00
1.401059619545133028e+00
1.520629850585110132e+00
1.445081405766112770e+00
1.434284122443965748e+00
1.457438168498033981e+00
1.396920858066696303e+00
1.510997359983057953e+00
1.476118662530765180e+00
1.485960457253959754e+00
1.460788451352942330e+00
1.467809191330144536e+00
1.430875321901372565e+00
1.473878257480031095e+00
1.455376388684221700e+00
1.427737592363248487e+00
1.561402912218075922e+00
1.466553672734218328e+00
1.501342957962753522e+00
1.589005155084811882e+00
1.517242201123077061e+00
1.579960513862819660e+00
1.547102217892471154e+00
1.642173205453643980e+00
1.668352810139162257e+00
1.557529136428930538e+00
1.565810836788706917e+00
1.593433063907285341e+00
1.597730452013995661e+00
1.600187748623713713e+00
1.614950955945517741e+00
1.586018741403075527e+00
1.574330147004268543e+00
1.554153196945573745e+00
1.561598770048472584e+00
1.586986850247116276e+00
1.584720386648389434e+00
1.552687379948846758e+00
1.544243884257860966e+00
1.531734188931944907e+00
1.575527242361010938e+00
1.615673566795404970e+00
1.605163533898646744e+00
1.573059294784042272e+00
1.545757165093475827e+00
1.540636149742810490e+00
1.561187085522689033e+00
1.668680037586479870e+00
1.635894626188687306e+00
1.607459012296953649e+00
1.639102622895689976e+00
1.599005970122270526e+00
1.646047859503615651e+00
1.588868995333331924e+00
1.670606388471572057e+00
1.689628199104356909e+00
1.717464576956778455e+00
1.657093076944902821e+00
1.607887697897766310e+00
1.568790567007443348e+00
1.660526754000349214e+00
1.510619182790982062e+00
1.641842332398391724e+00
1.555760308746629850e+00
1.526679756071956495e+00
1.446952047725663437e+00
1.602648742711502150e+00
1.554409323366684470e+00
1.567124845027351832e+00
1.578835314941552381e+00
1.553358035510191693e+00
1.574346724871745984e+00
1.529832066551000569e+00
1.572155017381115849e+00
1.597604833322218809e+00
1.568429335695363358e+00
1.613071402244123931e+00
1.560953258313905412e+00
1.488083862674563829e+00
1.479268872776863475e+00
1.453617488389346013e+00
1.461737611541984450e+00
1.476130456510682754e+00
1.499851629985250678e+00
1.473400505512766578e+00
1.461834427561042427e+00
1.445766782139263684e+00
1.476534300208719230e+00
1.442995071930290418e+00
1.430435256547701650e+00
1.478192077975083452e+00
1.388452507404209335e+00
1.426545280842354213e+00
1.335255492059212790e+00
1.323392289911221376e+00
1.430454736472916988e+00
1.399367343517207596e+00
1.373168548921207321e+00
1.348693424872668745e+00
1.354806389732017280e+00
1.321264649133238489e+00
1.319508801267250009e+00
1.385126571432477638e+00
1.349141052698625387e+00
1.374703984139116208e+00
1.353621469465195348e+00
1.368579306199598777e+00
1.398706676940721039e+00
1.368169177592541308e+00
1.390262071489337004e+00
1.417604645584878531e+00
1.389481662322647582e+00
1.379968402369746272e+00
1.329214405574794089e+00
1.405692711101349968e+00
1.376718998598958077e+00
1.373656577145710989e+00
1.354904399973306584e+00
1.384802255430376050e+00
1.347649618997980303e+00
1.322684745449566934e+00
1.321473901343164670e+00
1.385016392476350555e+00
1.385060669067283534e+00
1.371692892251784812e+00
1.331604753996743273e+00
1.348742852870448150e+00
1.350340221030247090e+00
1.377747898506679558e+00
1.390992214679517947e+00
1.386018407526722118e+00
1.356595015025110262e+00
1.368861999660728301e+00
1.434763700838277201e+00
1.367916394589437923e+00
1.462391955580888192e+00
1.401539132279230992e+00
1.364767968363086892e+00
1.380382509533633506e+00
1.377503553801165959e+00
1.372957164433821653e+00
1.348110595349482299e+00
1.368785064160305431e+00
1.392613624599684741e+00
1.311841376041215312e+00
1.311644812331792975e+00
1.361850047619587389e+00
1.364308540911562728e+00
1.356528032112887638e+00
1.400181043680776005e+00
1.360079079667777302e+00
1.376076093140976342e+00
1.418877920811177695e+00
1.395690046720801769e+00
1.378377998704631180e+00
1.328480240183594008e+00
1.342005619218310075e+00
1.353930214282685673e+00
1.347710870000739858e+00
1.367199288054522066e+00
1.332961905922490864e+00
1.303398723820359484e+00
1.316913291218492210e+00
1.307213551586856592e+00
1.320821234725519489e+00
1.318776262462468152e+00
1.310869275390881050e+00
1.321808873509994653e+00
1.308633815816809376e+00
1.314460575865093350e+00
1.311407459142153398e+00
1.308383701540052790e+00
1.302031533424271803e+00
1.300223889688657763e+00
1.307213237547466544e+00
1.297541451636900600e+00
1.300002348556494658e+00
1.317624311733171627e+00
1.304842840011528393e+00
1.302749726977728395e+00
1.311529263008619273e+00
1.320135356802627058e+00
1.305134660029791283e+00
1.317179516013851082e+00
1.314094960250892008e+00
1.312055933516989681e+00
1.309285179725320658e+00
1.329272727328426162e+00
1.308569932343570219e+00
1.327847110370218076e+00
1.316425585926608743e+00
1.316555158577726869e+00
1.325787461375256271e+00
1.330905325323608501e+00
1.329664397599711334e+00
1.310981009983028356e+00
1.312636060557460294e+00
1.325842172608591829e+00
1.320542969590855487e+00
1.327727817192805970e+00
1.316444954410961099e+00
1.314637709282389100e+00
1.302208445076753929e+00
1.311093033596045121e+00
1.324129560677160145e+00
1.318914434985346329e+00
1.330593389209660637e+00
1.348569736611878067e+00
1.312579583659762683e+00
1.313514485144546162e+00
1.310175734821384719e+00
1.320207265288603660e+00
1.330855518541542715e+00
1.330371578556466483e+00
1.332815559463941257e+00
1.310839501939298435e+00
1.332704094382925808e+00
1.329140577156098457e+00
1.334053403871254373e+00
1.319014448055927380e+00
1.327413900185178131e+00
1.321141620630073454e+00
1.312462864381780836e+00
1.323946468890810246e+00
1.309710674266299835e+00
1.315773046093532406e+00
1.315280294551224527e+00
1.325208163319616661e+00
1.308761147487107257e+00
1.311878737547151452e+00
1.305953954543732864e+00
1.303213955685989189e+00
1.311966536113482462e+00
1.321164626420079147e+00
1.316931906373868033e+00
1.324094250521922644e+00
1.315326343065376102e+00
1.317250052163059237e+00
1.328105451349920640e+00
1.310410212015975295e+00
1.317427494747952288e+00
1.308088618665449010e+00
1.331356109100118701e+00
1.320011312163151596e+00
1.340409687503188785e+00
1.319387728810488269e+00
1.335550811381987391e+00
1.317244202721880253e+00
1.326612134257519671e+00
1.310559497286511998e+00
1.299026493984812625e+00
1.318766293636068232e+00
1.306699459110470807e+00
1.314860496418501334e+00
1.306584902199030118e+00
1.331787093616061624e+00
1.321087675866783995e+00
1.311479729357586388e+00
1.298405872185479648e+00
1.302003101473870439e+00
1.321325434792122833e+00
1.311362316822795027e+00
1.331857196985048786e+00
1.310428187628449592e+00
1.300472217165177913e+00
1.300291425058989425e+00
1.313043335584831217e+00
1.311796222255561029e+00
1.303843220312530748e+00
1.315853424032396246e+00
1.320649379134647861e+00
1.303972485078093380e+00
1.304825271760261973e+00
1.307572964528366466e+00
1.348881573755758234e+00
1.336034751288832867e+00
1.373163569680487583e+00
1.355490892931364488e+00
1.328140930137133191e+00
1.335394105555622213e+00
1.312403894445516972e+00
1.325248398472236078e+00
1.333028658221860674e+00
1.355830475068959817e+00
1.310740165591442130e+00
1.331962391288039171e+00
1.310377674434790141e+00
1.311562985448482932e+00
1.332520013365874556e+00
1.292491103587851686e+00
1.304946403041456815e+00
1.313417445845330045e+00
1.325642302672559225e+00
1.312454685935893872e+00
1.319820754384221750e+00
1.316872896863819253e+00
1.314018733377382064e+00
1.322976391574274713e+00
1.317869871479254273e+00
1.320232008833013504e+00
1.324883978545371432e+00
1.311091596906440504e+00
1.307189087596061006e+00
1.341195189467944138e+00
1.327446910946232350e+00
1.319754421936068400e+00
1.331341829325531467e+00
1.315887166760024929e+00
1.324034433043457248e+00
1.323392177471588882e+00
1.323749166720826542e+00
1.323853290592253096e+00
1.312616653458487104e+00
1.314219073526986525e+00
1.315956806816965363e+00
1.315572044425002751e+00
1.320295187665512682e+00
1.324523537589817668e+00
1.319783243845022769e+00
1.309215912099513934e+00
1.322049159579293143e+00
1.315110104232305455e+00
1.302037924623966392e+00
1.313354533336285934e+00
1.310838382785933565e+00
1.328351467517259410e+00
1.310414889324952759e+00
1.313775155821197416e+00
1.298851453787137400e+00
1.297995089769756749e+00
1.308193891955840460e+00
1.303436360816803363e+00
1.314284818879313033e+00
1.298733966472037871e+00
1.322790427863977936e+00
1.290903411076682383e+00
1.320069911736480250e+00
1.309537463806830893e+00
1.299231142057968968e+00
1.315687781054084571e+00
1.305074187913731087e+00
1.322312625882416048e+00
1.307908540629314942e+00
1.296730858349836479e+00
1.327595471187475784e+00
1.315913107651033753e+00
1.316980788749304132e+00
1.302092787712768152e+00
1.313030956237096092e+00
1.304711393034752698e+00
1.318384279942173443e+00
1.310085089480583997e+00
1.322350964262541950e+00
1.323542731449928400e+00
1.303686198660725770e+00
1.329073341865013358e+00
1.311562156707796856e+00
1.290932106349561126e+00
1.306246159859776323e+00
1.299453423728242019e+00
1.290340219519602982e+00
1.294873565459241371e+00
1.295225452785502052e+00
1.322875103902747540e+00
1.303124326317356863e+00
1.319321516647791626e+00
1.290046303128207450e+00
1.305646000239418125e+00
1.316506617655387679e+00
1.310202901923464003e+00
1.306828103611561875e+00
1.302047318421647226e+00
1.290324010728137516e+00
1.309260582440875176e+00
1.297934621348905138e+00
1.303675008621717701e+00
1.284964204780309815e+00
1.298101746691952663e+00
1.293274843507802307e+00
1.296315645433070651e+00
1.304535731242210117e+00
1.306940085097313409e+00
1.306858837916458516e+00
1.313370674107829261e+00
1.299930172271324347e+00
1.299832125048499210e+00
1.298659586290393575e+00
1.315945858118947154e+00
1.314312225525050337e+00
1.300606048192836095e+00
1.302762253882236321e+00
1.318820618052031435e+00
1.305130546083703269e+00
1.311179125327342820e+00
1.295362483838464529e+00
1.290348014396797582e+00
1.292461428350831776e+00
1.289771949828381281e+00
1.286737300796786165e+00
1.302636435649968671e+00
1.310344148608856285e+00
1.296502013098421058e+00
1.324994992237324087e+00
1.305721279253988509e+00
1.304669991429070919e+00
1.287669407486567330e+00
1.321732762027294728e+00
1.292991994106135856e+00
1.351670919639883728e+00
1.351132574122978491e+00
1.351529376356937817e+00
1.355899394309701078e+00
1.341056670397359873e+00
1.325984155249976704e+00
1.331064232546063764e+00
1.284402746508271465e+00
1.298673913201971342e+00
1.293638468136650177e+00
1.298870326831760069e+00
1.295949673932111468e+00
1.303335548314225045e+00
1.302657958307763986e+00
1.294721383535532233e+00
1.290664126085381502e+00
1.289506778197902603e+00
1.309464227799005398e+00
1.294554870882048458e+00
1.282159739332464854e+00
1.304375776545542820e+00
1.302544598575507084e+00
1.290426673920039624e+00
1.293142948563223316e+00
1.299886094653687429e+00
1.304750948001243138e+00
1.295046396718805948e+00
1.288872090049464791e+00
1.330807114420717419e+00
1.286977635850355961e+00
1.312729233117478467e+00
1.302122590310479389e+00
1.311588264428132700e+00
1.282355909744168798e+00
1.325905224204422472e+00
1.300157141138431616e+00
1.311666619992713612e+00
1.282076230152958018e+00
1.293464538482012260e+00
1.303740655136055082e+00
1.279173853157289154e+00
1.287755280413746650e+00
1.283483353578278363e+00
1.302589528151531395e+00
1.324507357636449001e+00
1.322744494015909211e+00
1.286460316251482494e+00
1.305357181827361712e+00
1.312320844593670488e+00
1.302607178920114794e+00
1.305201200820190977e+00
1.323960230488043788e+00
1.315572956148634898e+00
1.306541191568893368e+00
1.288805737161652587e+00
1.301883351312608905e+00
1.311576903861233045e+00
1.291002963469094267e+00
1.305515080240593706e+00
1.271392287426805545e+00
1.298240348129445776e+00
1.292311458351711018e+00
1.325401981890506731e+00
1.309902807592838725e+00
1.307850561031527636e+00
1.321236651873153756e+00
1.316184122675356560e+00
1.314437768404692397e+00
1.318094945585123190e+00
1.315193650093367195e+00
1.330677043348589716e+00
1.303339518652250284e+00
1.287932791248158848e+00
1.310900832804592353e+00
1.283198951208852190e+00
1.301313026882099599e+00
1.309557153569341104e+00
1.321951119626760152e+00
1.314211520204570549e+00
1.316855675576519058e+00
1.317116294331847737e+00
1.314406498055125327e+00
1.319259511057316647e+00
1.304645064221126471e+00
1.314197575556709463e+00
1.315958941682851657e+00
1.315668201065860465e+00
1.305944999133903162e+00
1.314712272619353861e+00
1.327371558509916616e+00
1.318491725496811151e+00
1.317572629351039026e+00
1.307841879700992749e+00
1.322606443923089792e+00
1.315924251836153580e+00
1.328602422318018395e+00
1.325188009255085841e+00
1.337940021182259853e+00
1.347241455143967537e+00
1.358973838080504981e+00
1.344002874204275333e+00
1.333213717588721314e+00
1.317735651132277974e+00
1.313723476815591429e+00
1.296537604624399265e+00
1.325671235470385456e+00
1.328184727587567782e+00
1.315703546893082443e+00
1.318822825464260218e+00
1.309885255133216075e+00
1.374796723213945748e+00
1.324551222470211176e+00
1.330914403882040187e+00
1.309995973649239032e+00
1.351398797553666098e+00
1.389626906662753791e+00
1.355942483211671989e+00
1.396051960266031067e+00
1.346017090541190120e+00
1.332832092376220690e+00
1.380569255479046520e+00
1.370905085460891515e+00
1.357255295050595167e+00
1.348225106482034308e+00
1.349485681576954699e+00
1.343613282910243178e+00
1.359542426306252549e+00
1.390988021665965579e+00
1.395026146658477906e+00
1.380305880741216962e+00
1.403406431003220378e+00
1.352363258372761834e+00
1.412178543629447391e+00
1.336529703314381479e+00
1.336912087469732224e+00
1.369936452376914859e+00
1.347423663122335302e+00
1.389149775747551940e+00
1.418688265378109437e+00
1.398936782177426785e+00
1.384171942997799221e+00
1.322305034829724280e+00
1.328960987117324244e+00
1.304023535281427781e+00
1.337140701118543884e+00
1.359010198029267702e+00
1.405093274745485843e+00
1.392879544793518498e+00
1.398634373476512316e+00
1.349665602844289714e+00
1.346412328640437694e+00
1.355121258024899022e+00
1.392866722009884484e+00
1.361676925888985812e+00
1.326387474713496939e+00
1.346833894847273339e+00
1.317925198200549097e+00
1.321529364788929461e+00
1.384390178004508254e+00
1.341927351370608035e+00
1.388160626872494419e+00
1.393790004223332657e+00
1.398492567548127452e+00
1.396777136623778004e+00
1.367073873791069705e+00
1.334229755313782517e+00
1.325270445023169597e+00
1.338127874447628374e+00
1.326130822749511662e+00
1.359470591025702113e+00
1.351934623531898527e+00
1.390556540828721044e+00
1.372159512446179841e+00
1.354037106223786813e+00
1.329499995756993291e+00
1.343369853441281903e+00
1.358119204988925910e+00
1.327637158534139106e+00
1.350559465239155044e+00
1.348499347087183331e+00
1.333605951309901672e+00
1.344240041767261973e+00
1.309182451586965446e+00
1.297270588440823325e+00
1.297106995442052657e+00
1.282665452678259710e+00
1.290897659296756483e+00
1.273665705443581375e+00
1.348800240904348691e+00
1.331220033888906196e+00
1.374051806576511936e+00
1.372697965892648586e+00
1.486976673936514448e+00
1.386270570740575137e+00
1.355150068647065664e+00
1.443072637655445245e+00
1.408577706754427838e+00
1.352552364045575883e+00
1.354632024959805614e+00
1.388636881752643548e+00
1.362993681956948144e+00
1.348263914267962438e+00
1.299453306310026424e+00
1.287088328891435873e+00
1.293088860717823918e+00
1.324090487450256148e+00
1.340902197148983177e+00
1.313689000329767431e+00
1.337377172619586885e+00
1.402657664494996403e+00
1.386684228111346062e+00
1.322383367217588201e+00
1.382168739053698303e+00
1.328349796698228502e+00
1.345420202849534563e+00
1.382190746999328201e+00
1.374342539584112899e+00
1.346392619021863579e+00
1.332172568599900853e+00
1.385593819188297493e+00
1.387278063731232747e+00
1.394311897513408116e+00
1.356096241757972054e+00
1.352695461049731485e+00
1.343057959819103253e+00
1.367710215618455294e+00
1.360436771643505960e+00
1.338838883331400442e+00
1.340060429151234356e+00
1.324976795440909516e+00
1.353851877757714428e+00
1.356904466487892202e+00
1.374531268550343910e+00
1.364914308293535772e+00
1.408211844728152418e+00
1.333463762991640156e+00
1.333095984334311090e+00
1.291406289862176759e+00
1.276548368012844881e+00
1.277977676400892104e+00
1.279154776545863959e+00
1.257795857351187818e+00
1.247439695112425584e+00
1.258720068020879879e+00
1.246646200894866663e+00
1.243404186748231721e+00
1.260781583962136132e+00
1.276937617179172202e+00
1.262699291948951252e+00
1.240133812084772913e+00
1.226410263530096634e+00
1.232535143935378663e+00
1.249437911461324324e+00
1.254333078817662317e+00
1.246185027213702057e+00
1.215289446049617528e+00
1.229881601433042260e+00
1.242861866783415703e+00
1.232308930825072313e+00
1.235085593808681104e+00
1.234993098245614540e+00
1.251868330924255757e+00
1.229769952408316547e+00
1.246539895898330474e+00
1.262911501475039167e+00
1.264516663950523201e+00
1.238220654880953786e+00
1.235170636739518102e+00
1.255826617626234043e+00
1.250005063194443711e+00
1.239902921724294282e+00
1.252288483847872058e+00
1.259734692710768655e+00
1.248878645952573585e+00
1.262523045952573142e+00
1.258284980201732628e+00
1.258052347371989343e+00
1.290135365826893699e+00
1.266308285463940919e+00
1.274484422917405269e+00
1.246892485542612006e+00
1.260146114142421281e+00
1.238296784366083925e+00
1.254915530957907199e+00
1.277505219115490087e+00
1.250832578426711805e+00
1.253112938030245260e+00
1.250706270653270780e+00
1.249920580416213456e+00
1.270453873102495246e+00
1.279985422160049291e+00
1.276403751045049439e+00
1.266344267851055694e+00
1.281774193816452634e+00
1.244066832327261451e+00
1.233520704413310964e+00
1.272992244548470486e+00
1.253183765727702514e+00
1.224706030748773600e+00
1.250961715999871826e+00
1.232268049170260227e+00
1.237679990821084930e+00
1.258194230832856420e+00
1.245810526269166107e+00
1.247544922967606773e+00
1.247802788870523871e+00
1.247914085293425401e+00
1.272529460092067133e+00
1.253911746827620854e+00
1.272307093387818666e+00
1.262325734699077939e+00
1.254487621810171927e+00
1.253177596645786318e+00
1.254776197144038985e+00
1.258945436076327917e+00
1.249641384812533396e+00
1.307171832173910753e+00
1.329776370631168492e+00
1.354698076176983790e+00
1.389842519102783891e+00
1.354892233173295768e+00
1.381507267701742814e+00
1.339471776425341210e+00
1.367269129781941928e+00
1.359348355989848711e+00
1.332203051713338304e+00
1.318066758389939919e+00
1.385067939514441404e+00
1.334884112002115319e+00
1.353971201485797415e+00
1.328273348199241033e+00
1.338917497403735890e+00
1.362064923240401626e+00
1.303589254468702219e+00
1.291659104229622157e+00
1.284635923594509510e+00
1.334744669877159229e+00
1.314827810858092860e+00
1.304798284631931482e+00
1.310606286876618398e+00
1.320251816814994594e+00
1.304768203912199054e+00
1.310237193826819802e+00
1.311437178410487681e+00
1.316569753360021133e+00
1.288496302746424682e+00
1.307977685582857097e+00
1.299346866936397449e+00
1.285959472972509232e+00
1.292092883818946270e+00
1.315883987730834814e+00
1.330295217214898518e+00
1.405035680976067347e+00
1.390990353399495394e+00
1.395332525214977748e+00
1.450856078174286523e+00
1.417907075129392069e+00
1.421754221265593809e+00
1.530851308257249022e+00
1.480702642965184168e+00
1.531399775737927627e+00
1.599678944659132407e+00
1.582411088550974121e+00
1.547500712688080204e+00
1.576601986563706204e+00
1.496387015265575382e+00
1.504819434703910330e+00
1.586277019884225092e+00
1.518651804952561468e+00
1.530719909570021686e+00
1.533621187501032823e+00
1.515478057656365785e+00
1.552573217117826143e+00
1.465271665297190884e+00
1.490311176503299029e+00
1.552325007906070864e+00
1.517223012423394302e+00
1.514594358530375162e+00
1.557164401792268560e+00
1.434685993681040772e+00
1.507214249737585110e+00
1.485398389801565910e+00
1.416898001289779385e+00
1.455874068700262036e+00
1.498082019790063946e+00
1.475450157458056077e+00
1.594998823027601986e+00
1.595521261486891218e+00
1.556247098136111173e+00
1.586771263368192519e+00
1.572500793527130236e+00
1.503954046134265976e+00
1.555428710493842681e+00
1.533356213714352378e+00
1.559585622015094986e+00
1.514007356895072709e+00
1.472340671375359955e+00
1.523924489019914175e+00
1.535101074798324916e+00
1.603909027317979463e+00
1.582633744281516153e+00
1.547297382913548347e+00
1.568890701640989649e+00
1.590823783946913039e+00
1.601277564566076839e+00
1.597582647136981615e+00
1.615448656831672825e+00
1.606674547544970411e+00
1.569856253825123060e+00
1.602114476262742393e+00
1.572494671359592422e+00
1.623400559425420164e+00
1.661019738827435921e+00
1.608875139326002790e+00
1.586221863257747167e+00
1.566924959962453956e+00
1.566041406735775965e+00
1.593418171402145367e+00
1.584377696972351535e+00
1.600418179782025385e+00
1.547029246789882073e+00
1.595950815211870655e+00
1.552184367537146503e+00
1.609504773502124397e+00
1.626817526382255741e+00
1.646779975329617507e+00
1.678624246813984033e+00
1.613902761109800466e+00
1.648843409259131532e+00
1.593228032058061183e+00
1.567281292236199830e+00
1.573926837199927542e+00
1.611085409525447654e+00
1.536715597652355214e+00
1.525700461788860318e+00
1.542622717816693578e+00
1.601591011364933426e+00
1.585756209536398620e+00
1.628825877119757681e+00
1.645832042292041386e+00
1.622669729823643880e+00
1.516054009674968173e+00
1.559216394382426429e+00
1.621727571554840042e+00
1.564143933157962962e+00
1.637949531975533723e+00
1.554114415250122505e+00
1.571709125703608878e+00
1.594043209477548961e+00
1.608202497112872997e+00
1.600055039486860231e+00
1.592697902456435832e+00
1.623758162961922435e+00
1.616467538394042336e+00
1.626486309665910124e+00
1.619943800103262221e+00
1.583357326016729960e+00
1.625312794928412519e+00
1.581418992441808502e+00
1.584819001021555485e+00
1.544500469878687277e+00
1.540536857499481549e+00
1.532199517801048572e+00
1.588265167207440598e+00
1.639989627950068307e+00
1.557311194739301463e+00
1.620416120209810851e+00
1.545437619186571965e+00
1.598815216416018981e+00
1.551107853205782705e+00
1.530800382155554695e+00
1.611963469596483067e+00
1.615385602148233568e+00
1.612852644910309330e+00
1.605661191289928125e+00
1.590272831712052470e+00
1.624010944191591976e+00
1.571385561870833669e+00
1.546760116952061948e+00
1.535913311051270380e+00
1.521450497450232975e+00
1.569594331300098400e+00
1.565388055555336999e+00
1.554623347659832788e+00
1.560190991868913635e+00
1.601474798711097769e+00
1.566162387471443651e+00
1.613314280786331434e+00
1.602415025049919395e+00
1.576513378142333055e+00
1.570909829068871444e+00
1.556829114352193066e+00
1.531204020708167857e+00
1.579323553757598253e+00
1.640557160756281663e+00
1.572579994706226891e+00
1.558030977588769961e+00
1.541721190743538639e+00
1.514965033949895679e+00
1.510767801778356123e+00
1.450156380248421639e+00
1.500031992941609937e+00
1.501810939313688920e+00
1.457092379302569407e+00
1.494057139055620320e+00
1.484157463956272238e+00
1.541180090458757146e+00
1.589552127389799674e+00
1.519550272746794661e+00
1.525217394707736318e+00
1.491530943481928606e+00
1.566627945250927967e+00
1.538808898830551941e+00
1.527718564901315856e+00
1.503391990110682475e+00
1.536373134589534395e+00
1.607163299814944546e+00
1.538949358648701526e+00
1.506512504187292212e+00
1.560111126028600470e+00
1.503990839213272368e+00
1.485894779544822963e+00
1.492982486466793990e+00
1.519021855710407598e+00
1.589435760053911073e+00
1.562016512118214351e+00
1.518044946782303839e+00
1.542363077910311686e+00
1.504717427633795790e+00
1.545963800818178635e+00
1.520600726958875493e+00
1.543779425444732345e+00
1.450926709607508913e+00
1.395496523455990179e+00
1.419133293852341104e+00
1.482182226326641983e+00
1.474677246086018023e+00
1.450838357666138112e+00
1.508507932468755364e+00
1.413766618136488296e+00
1.434737946761933225e+00
1.476333543771093604e+00
1.486450665624397871e+00
1.494718642909056427e+00
1.511726371045378547e+00
1.424860519397792125e+00
1.448553602259917472e+00
1.400609787974536058e+00
1.384242023203417826e+00
1.418116266747988963e+00
1.411283297899089240e+00
1.421380473353288210e+00
1.409497348105138270e+00
1.478401928355515205e+00
1.443870302779204806e+00
1.457648785213170983e+00
1.459771981801811780e+00
1.397363048251103246e+00
1.360846637652251223e+00
1.401031448605890350e+00
1.381043036541847568e+00
1.378612823157572942e+00
1.355928109922797331e+00
1.435725261704508648e+00
1.439814078688410826e+00
1.473957703839170463e+00
1.470451230875966964e+00
1.515295427560055863e+00
1.526200643828311554e+00
1.491260795949375106e+00
1.464470311377295220e+00
1.541780302882219678e+00
1.559669103526996281e+00
1.477219332248586037e+00
1.510512193450699980e+00
1.523890856635368829e+00
1.525386940112601453e+00
1.532182602601959154e+00
1.537208238612537414e+00
1.498354497169925637e+00
1.521619694210941898e+00
1.505584784583510860e+00
1.563540473875614234e+00
1.553444355090033868e+00
1.514401708567956861e+00
1.523790637492564493e+00
1.448639743561478399e+00
1.451856577488293887e+00
1.430949241477814882e+00
1.465852113624289910e+00
1.477866803187090516e+00
1.438017559116057109e+00
1.438371350802360782e+00
1.420746016539914169e+00
1.457870011506535279e+00
1.411092675788703676e+00
1.437596345033374190e+00
1.427259779854923583e+00
1.443314127498285471e+00
1.407001993284883401e+00
1.375907976393544230e+00
1.391781490863821524e+00
1.398516491627963543e+00
1.397303993135619038e+00
1.445972853012799986e+00
1.447982933854801146e+00
1.534360012516776450e+00
1.486487955476595069e+00
1.528931434967677916e+00
1.520038528072724215e+00
1.586556481177149980e+00
1.499690129268008931e+00
1.468838772121546121e+00
1.455668203024770069e+00
1.443352443763707527e+00
1.462222903316958922e+00
1.485490373677778919e+00
1.483970126013585134e+00
1.413918614237627880e+00
1.480889547747427315e+00
1.471302565820019170e+00
1.500958293251404507e+00
1.557925871272716645e+00
1.586784376736816604e+00
1.477116025758731466e+00
1.442888493922878990e+00
1.398839423657634917e+00
1.421034298258056827e+00
1.453512903674140322e+00
1.504859507002036523e+00
1.476416479336168264e+00
1.481822135712205446e+00
1.393961986606759407e+00
1.409393086327338063e+00
1.411734795661859776e+00
1.427115809494404086e+00
1.465415240495192117e+00
1.502909558622087305e+00
1.475794923706046813e+00
1.457332703560381582e+00
1.580019110353903411e+00
1.573702102041864892e+00
1.622545160141919407e+00
1.654724954790192104e+00
1.646571583580011433e+00
1.613347260487695722e+00
1.595533743339796251e+00
1.529032477354453690e+00
1.701385353878810625e+00
1.637571576073921342e+00
1.572454077170886588e+00
1.621097152378843109e+00
1.589235878142102543e+00
1.721596205979941008e+00
1.661843687479044984e+00
1.661817522857646390e+00
1.696961780372614692e+00
1.703950270084706453e+00
1.633429525802507332e+00
1.643977146818276225e+00
1.669841783225901155e+00
1.632169035950246538e+00
1.580376039256150777e+00
1.574456772304547281e+00
1.686531618575790148e+00
1.660976760043114675e+00
1.676702783410811914e+00
1.628590308840176082e+00
1.627078971409326558e+00
1.541559759722788803e+00
1.572065963461816596e+00
1.628309858491868933e+00
1.662053165680812628e+00
1.686671322439844634e+00
1.667662822972561854e+00
1.641643889141741974e+00
1.635312078357943344e+00
1.623702058204777865e+00
1.570206450254127528e+00
1.569062675774121285e+00
1.469497219950501421e+00
1.505842509917170613e+00
1.537162536939363777e+00
1.527895818963311392e+00
1.515191913762998110e+00
1.534664253093985131e+00
1.558521535868128138e+00
1.608884150103050636e+00
1.594174237134581729e+00
1.575111346134815182e+00
1.545213127932048680e+00
1.491399326034261508e+00
1.502023195153154411e+00
1.442309935579707103e+00
1.480035439104816941e+00
1.481685155505734874e+00
1.471331145945951713e+00
1.515199974502865254e+00
1.550044635141836213e+00
1.524790999136446334e+00
1.581492480537199707e+00
1.611769989490002830e+00
1.527867181474825031e+00
1.571455921526467181e+00
1.524288863276890726e+00
1.558725325546769014e+00
1.554836242116367062e+00
1.615372610687446420e+00
1.613897863224428297e+00
1.637137592586350943e+00
1.568579331491352313e+00
1.611712602112433945e+00
1.608143062264908885e+00
1.620926085481773526e+00
1.571366707013236885e+00
1.538354283817396251e+00
1.496452316630860313e+00
1.526293940585022657e+00
1.540825343419850446e+00
1.551318552921399530e+00
1.557403386203701334e+00
1.577800034700880261e+00
1.581858404425260378e+00
1.561533476026259581e+00
1.567859407244057035e+00
1.616787141089820246e+00
1.603280460343004199e+00
1.540085383833045052e+00
1.577350087807038337e+00
1.562041600374194150e+00
1.546702301771443855e+00
1.552498065701308771e+00
1.577574407421774794e+00
1.555496506028401837e+00
1.587747919051901269e+00
1.591935837040587831e+00
1.527204450377571465e+00
1.568594827916943046e+00
1.549715892229516445e+00
1.588953717352572292e+00
1.563386838209534391e+00
1.599351475452784666e+00
1.646899538558005638e+00
1.601530371893760130e+00
1.614924751622390575e+00
1.482541705336605453e+00
1.472525984661668730e+00
1.425322645069938332e+00
1.584432814709440640e+00
1.550890451693118344e+00
1.555461176233829512e+00
1.550900445675125860e+00
1.645899646268367267e+00
1.601919413941883308e+00
1.599803490042452481e+00
1.536825013695685804e+00
1.540696092266611306e+00
1.560968960949434603e+00
1.502699300584964925e+00
1.535359541905629177e+00
1.510912026466005198e+00
1.522575202572192588e+00
1.483525385662657348e+00
1.544297980100950207e+00
1.550879741565394321e+00
1.484247298222847400e+00
1.460851393823622502e+00
1.437234620297336729e+00
1.448416640673988898e+00
1.546697263374438025e+00
1.523509665192395168e+00
1.566314277469077920e+00
1.507044494207285590e+00
1.475336794415706976e+00
1.408213666106772344e+00
1.518890635109101828e+00
1.506398944302498100e+00
1.499774488882869461e+00
1.505572868237609274e+00
1.517157277989398034e+00
1.508832594385540071e+00
1.467325384676472666e+00
1.507740491241510883e+00
1.511035880743786475e+00
1.507228353194795645e+00
1.478414582178193104e+00
1.470286023645156259e+00
1.475187877658964641e+00
1.500064655409585335e+00
1.509191529438057344e+00
1.468001144105282485e+00
1.484513090000909141e+00
1.442709798923327957e+00
1.445493346648627941e+00
1.518082352101639776e+00
1.540297452757382946e+00
1.495570130623657290e+00
1.541970362257568006e+00
1.494697406028161035e+00
1.487444578777664228e+00
1.491772152156750186e+00
1.488661513665267444e+00
1.549712861102450878e+00
1.491251111596662682e+00
1.504562874507368697e+00
1.435261224877894426e+00
1.465072853618973214e+00
1.489150948029636989e+00
1.473805310025779303e+00
1.508662663882397448e+00
1.511785110212188199e+00
1.493428350098215729e+00
1.458899313085884719e+00
1.503566257707925624e+00
1.469663973214525576e+00
1.468677486953699374e+00
1.494009016432293224e+00
1.451222814737153310e+00
1.485366441055345987e+00
1.518242452394050535e+00
1.495503294598040434e+00
1.504994319029222760e+00
1.450879229185791042e+00
1.462038348794524323e+00
1.444169878605505053e+00
1.426335974385580796e+00
1.429567366413019514e+00
1.478503972266542732e+00
1.470141757971783036e+00
1.496669307099444346e+00
1.499916821370826048e+00
1.421648928003705681e+00
1.496924694894423258e+00
1.462498704408127237e+00
1.470821708763384583e+00
1.470195909413769986e+00
1.426883699568475716e+00
1.486833587295249393e+00
1.444278982669690015e+00
1.474121518022423638e+00
1.460003295999850348e+00
1.489210853796378187e+00
1.467231521185789589e+00
1.456693232906413504e+00
1.478968725879201473e+00
1.466530361621189105e+00
1.422070649630142958e+00
1.424294523168752491e+00
1.468037955893831459e+00
1.398466851759865959e+00
1.384252077993981089e+00
1.345781659198819202e+00
1.350708444668502040e+00
1.383069318319164465e+00
1.373452756943945419e+00
1.418592777041868702e+00
1.365244475389985723e+00
1.420638147948291685e+00
1.412107101250439367e+00
1.359663495931926480e+00
1.380410171165707967e+00
1.377040250371178942e+00
1.384159700412305183e+00
1.384227414463409689e+00
1.383728585977791914e+00
1.363315854325580334e+00
1.377860151263508692e+00
1.376896608553355605e+00
1.354917811046318699e+00
1.373178680973806243e+00
1.375140589561344884e+00
1.377676208145900860e+00
1.368091926537221559e+00
1.378925834145005247e+00
1.406605066477045307e+00
1.367772050538641704e+00
1.407463920596211171e+00
1.414330461101297010e+00
1.379317518602267922e+00
1.426488890403222243e+00
1.455333463818619721e+00
1.389542550763256612e+00
1.363213737007960891e+00
1.406102527353931597e+00
1.399151160047287901e+00
1.400117944300783845e+00
1.357116232046110982e+00
1.430251330361230977e+00
1.375157516895547438e+00
1.396466021650592859e+00
1.370381396511655803e+00
1.372434428024474462e+00
1.377605814421451580e+00
1.433397367039626058e+00
1.423185530037272883e+00
1.438059855117285624e+00
1.402097514434760495e+00
1.380843099916213346e+00
1.348597071498194966e+00
1.372438727880422871e+00
1.362850362814149729e+00
1.345888284197012119e+00
1.356604720105284434e+00
1.372000665155592269e+00
1.366321956736671783e+00
1.347466011347999038e+00
1.405146232055216826e+00
1.475591917702603117e+00
1.393232265604708697e+00
1.438282739418301537e+00
1.448744543822047204e+00
1.432858933801962831e+00
1.447459294049004530e+00
1.490340680870192225e+00
1.467889535001578816e+00
1.489366171221270907e+00
1.438449433805893518e+00
1.364813233538481052e+00
1.420746403497763488e+00
1.426458205637456622e+00
1.383599613015969121e+00
1.454366911304318277e+00
1.392876894751701844e+00
1.355719961317550126e+00
1.426440725617675431e+00
1.396977951005441865e+00
1.399129373433293688e+00
1.390147627838923761e+00
1.416899001491542798e+00
1.442141228120203067e+00
1.430737971574436163e+00
1.389763828953303859e+00
1.436234668023774974e+00
1.402651537553718075e+00
1.424466392705438622e+00
1.408633685374497624e+00
1.414347741778648526e+00
1.410906892575732652e+00
1.390808100734204578e+00
1.369306284020587627e+00
1.438951609176216895e+00
1.349623806407550752e+00
1.387252939920227801e+00
1.360545701514186412e+00
1.331451886228121051e+00
1.353879185986582856e+00
1.339459596126382879e+00
1.391546464323676346e+00
1.438401122652001485e+00
1.472244164422696677e+00
1.475330721956938040e+00
1.414192191013938560e+00
1.373589526666764815e+00
1.405190216247595325e+00
1.363204951610369919e+00
1.433411380806627999e+00
1.396605619549257327e+00
1.389829175031100039e+00
1.472782863233795370e+00
1.403759916901758498e+00
1.444130600653429797e+00
1.411715434146840531e+00
1.442244315319451076e+00
1.437856222862050393e+00
1.455584561306440872e+00
1.404706397454867695e+00
1.388681192000882803e+00
1.422350227670587497e+00
1.410630823350087715e+00
1.408405674352865455e+00
1.425170390967738898e+00
1.454010761000733343e+00
1.385020265196510003e+00
1.351383140338430211e+00
1.349072867078121352e+00
1.384433385552709339e+00
1.436185675108913262e+00
1.408953460581936712e+00
1.380576634786379486e+00
1.376907349853405682e+00
1.359181036411255317e+00
1.357231129904529210e+00
1.341024926792361072e+00
1.354692200354273401e+00
1.361357029039834243e+00
1.366021171618513996e+00
1.460296957973164833e+00
1.454785754594498881e+00
1.431849480035225941e+00
1.409339743261037281e+00
1.465105837590835680e+00
1.485571784740424617e+00
1.456105773875975506e+00
1.461094821502167074e+00
1.441321484174258538e+00
1.458132430454737838e+00
1.500023925547344872e+00
1.423270841297274325e+00
1.481052890540577316e+00
1.468070235144683489e+00
1.471779630764830982e+00
1.481366261152275099e+00
1.470974989257429311e+00
1.447211413098568267e+00
1.479556909862912439e+00
1.414328340279383811e+00
1.417861427846159206e+00
1.467205356810287409e+00
1.458953549759824719e+00
1.494178954297133544e+00
1.461021729776647682e+00
1.523805320671553831e+00
1.493984393408100964e+00
1.499184546729932510e+00
1.527064960410612127e+00
1.532593327297181895e+00
1.486984319249752717e+00
1.495373453773662709e+00
1.491504309201426182e+00
1.496342179542040851e+00
1.497130091334367252e+00
1.507948343823157122e+00
1.503676761180274601e+00
1.460267582087454663e+00
1.470705612902881487e+00
1.478488642089182514e+00
1.459554095110417782e+00
1.487578690331113451e+00
1.486505027650686817e+00
1.503646615843555301e+00
1.497219111418624182e+00
1.441853283394106455e+00
1.448922252552144574e+00
1.486720543423021734e+00
1.462546820830765482e+00
1.424598459885906721e+00
1.457029576072484733e+00
1.443960174887488179e+00
1.478063988827165831e+00
1.558706734614684786e+00
1.541119647832039030e+00
1.460597007856736074e+00
1.498596349397974814e+00
1.481588863851274862e+00
1.511048783767540593e+00
1.481426775718579281e+00
1.515561081528705945e+00
1.501817104751002052e+00
1.470350075606858598e+00
1.520015987881704111e+00
1.477160153820429533e+00
1.534705483005593063e+00
1.555776086003278325e+00
1.520690008892391809e+00
1.531191282422584621e+00
1.487106992023546681e+00
1.507514026526549422e+00
1.495691802926009117e+00
1.569238952653212671e+00
1.524294959240696246e+00
1.487278517860208593e+00
1.506885406890235313e+00
1.501003095502482454e+00
1.508959191118820931e+00
1.517787740643601335e+00
1.475735401304911099e+00
1.443299812030582885e+00
1.470172469470486964e+00
1.520130317344757565e+00
1.479448138217702269e+00
1.509357710341532099e+00
1.467290501447246376e+00
1.508467660323024262e+00
1.535593159806190489e+00
1.509634743161492487e+00
1.513073819192659375e+00
1.479295740015152960e+00
1.482893583337830945e+00
1.505413930789830212e+00
1.496821387285754756e+00
1.475412873274128733e+00
1.455645395452935364e+00
1.470037831826082053e+00
1.456752642934321829e+00
1.425988918683111617e+00
1.463225365176960002e+00
1.448219387101796318e+00
1.463268684961531729e+00
1.485857602636086572e+00
1.418064423251764516e+00
1.453934167763559326e+00
1.464833901815486783e+00
1.451173807403600913e+00
1.470758794352383214e+00
1.469976741437020618e+00
1.481362260932541641e+00
1.447746906100960018e+00
1.460022623278362408e+00
1.423122861850512733e+00
1.449001916804382839e+00
1.453923535403200962e+00
1.470565934059029356e+00
1.467960829399936662e+00
1.466366081257542309e+00
1.484445118644212025e+00
1.474834221897012521e+00
1.513613492402196670e+00
1.457949046595809373e+00
1.450005865664148574e+00
1.473728168408078965e+00
1.442356979550712071e+00
1.465154645066349959e+00
1.462298229385981418e+00
1.500208316360785110e+00
1.471964373350098443e+00
1.498815450823492545e+00
1.498642822365293892e+00
1.496364225575237183e+00
1.501372469829136636e+00
1.503097372263872966e+00
1.543910540356649985e+00
1.489233810946595460e+00
1.561414141786906074e+00
1.518747991014324894e+00
1.486822433387120279e+00
1.479175484434789967e+00
1.490496973134496583e+00
1.490203533959371107e+00
1.460358363397677550e+00
1.514235210075898896e+00
1.515271061101276295e+00
1.455269603497091557e+00
1.468885026160217544e+00
1.408142519109812696e+00
1.517584377779819693e+00
1.498796830539551594e+00
1.432411790093306214e+00
1.475716304703174053e+00
1.527577925273678527e+00
1.474520872506193792e+00
1.472734252415037082e+00
1.525705000887154217e+00
1.455249536487289053e+00
1.467823619288010750e+00
1.463891537646085705e+00
1.447795674276680211e+00
1.483625306724811743e+00
1.498834641411314061e+00
1.478908394806681903e+00
1.425346833983890837e+00
1.449577346046529547e+00
1.419008771361599530e+00
1.430501514412031439e+00
1.473612611723837729e+00
1.471556764739542444e+00
1.423111300917700106e+00
1.467165949480002451e+00
1.439180223287206628e+00
1.463061554253330954e+00
1.434952095854013399e+00
1.478730137807955591e+00
1.478039194136573808e+00
1.539889695005772774e+00
1.457728846776250808e+00
1.466078811716381214e+00
1.486512381862912902e+00
1.511365548357012090e+00
1.475819199707217866e+00
1.454077434869145868e+00
1.440891722565005084e+00
1.445621828536707953e+00
1.431523727019808456e+00
1.448616387069054490e+00
1.529258939381528348e+00
1.469874625057268291e+00
1.448602401375100213e+00
1.441764081817640264e+00
1.468533213786284986e+00
1.417509180046658601e+00
1.452000772877013679e+00
1.504561829288343588e+00
1.530979956045348755e+00
1.473618540651440378e+00
1.476434183973464043e+00
1.460428487268686348e+00
1.405456985897349576e+00
1.443606984606245591e+00
1.436077525910000929e+00
1.439111888908538583e+00
1.465016206287607314e+00
1.395672489241646552e+00
1.439474203040091993e+00
1.461507233195562749e+00
1.467883920898888306e+00
1.457324002025762288e+00
1.443783288333173376e+00
1.453555011428250276e+00
1.477438722430669982e+00
1.474408368633828292e+00
1.411060376271597194e+00
1.440957501042049005e+00
1.464863855215010169e+00
1.508559255522596843e+00
1.469852509050382006e+00
1.503721117005529795e+00
1.431661875673925888e+00
1.422537617150619882e+00
1.462195000322024763e+00
1.465670511390335218e+00
1.457516215905588330e+00
1.489864804626463535e+00
1.475228159645296078e+00
1.437419765893988011e+00
1.456065927122068615e+00
1.438328614830951757e+00
1.421464260114573053e+00
1.470152143915226972e+00
1.461400488850288948e+00
1.527101588561713852e+00
1.503685305092960833e+00
1.493245160257649751e+00
1.486186031236784721e+00
1.516336551237606800e+00
1.491227438102220360e+00
1.520014088354538551e+00
1.475392242166054135e+00
1.463166604606368049e+00
1.491503445146972417e+00
1.536782057598296225e+00
1.561090615602368947e+00
1.527533270680362376e+00
1.542029732355792992e+00
1.570345062818787163e+00
1.541800925202746697e+00
1.539985807598614809e+00
1.505028715688620178e+00
1.480650597566859572e+00
1.464961045991078459e+00
1.564020319048619045e+00
1.537086154304875496e+00
1.519802700254582639e+00
1.526827228419875615e+00
1.503895650588705557e+00
1.538955396813497911e+00
1.588083365845322614e+00
1.568362327033482995e+00
1.521910862646714824e+00
1.552378906744694476e+00
1.548640593290871781e+00
1.512288109110474510e+00
1.570773640142674621e+00
1.556423718525749678e+00
1.512082980937266452e+00
1.503436105749788254e+00
1.495858862370466280e+00
1.450426658484352815e+00
1.448701417095372257e+00
1.454079727931065547e+00
1.525087539752706611e+00
1.530168623014096507e+00
1.490342466022634316e+00
1.487424247998984761e+00
1.543897204887430652e+00
1.543901886170278459e+00
1.534532944411315825e+00
1.524743219391317739e+00
1.524329872152861531e+00
1.565481019043855060e+00
1.546261329276559682e+00
1.532706261020843952e+00
1.536510234362008953e+00
1.510900352683455683e+00
1.485868624799150162e+00
1.439641312862568467e+00
1.433260801226258874e+00
1.464212967648151675e+00
1.542287637100289377e+00
1.482176158797399390e+00
1.494427764012821847e+00
1.603252390116597592e+00
1.541988928386950120e+00
1.479141151469010484e+00
1.556241167824149230e+00
1.540435991503274593e+00
1.500562256890333845e+00
1.512204166533456018e+00
1.525379109284556112e+00
1.471025713844677396e+00
1.546000908854095357e+00
1.539962317056894125e+00
1.588773196618530559e+00
1.532674518674330910e+00
1.572420121425279982e+00
1.546357259371065052e+00
1.549478085282313788e+00
1.588889595109581387e+00
1.535013358308442433e+00
1.536837196689665452e+00
1.525235613359123166e+00
1.489935574952065300e+00
1.466508923908553808e+00
1.515457324962304897e+00
1.498180716441674054e+00
1.479851639713096301e+00
1.474025796293321866e+00
1.496197427460852047e+00
1.447892918042317678e+00
1.468394186296619219e+00
1.449538256029239358e+00
1.456319390046132645e+00
1.479645587722944855e+00
1.506843709429877887e+00
1.496662770409429966e+00
1.507197051414722599e+00
1.512037252554454980e+00
1.521199389962274218e+00
1.479288197231683144e+00
1.492470977711485514e+00
1.459865010983528721e+00
1.482014074923275082e+00
1.525605842231715137e+00
1.482419337387785641e+00
1.486345319985057589e+00
1.453588091724842490e+00
1.429592727519622519e+00
1.444414736027329171e+00
1.488911978167859251e+00
1.518372864560080471e+00
1.482830698053394292e+00
1.472333516216262517e+00
1.513209126792701698e+00
1.470131805944381975e+00
1.474905574480883885e+00
1.454335242544165574e+00
1.463591417934459571e+00
1.448254801237756961e+00
1.455661297669261334e+00
1.453140330562346261e+00
1.472329885346911338e+00
1.474660873545695638e+00
1.518378735127639878e+00
1.450775143812604639e+00
1.456247464099210243e+00
1.526566514958505483e+00
1.508681862273135055e+00
1.495809482104841548e+00
1.490648851294787525e+00
1.459152402030492679e+00
1.476293092881241886e+00
1.491958807534870868e+00
1.474640040278495157e+00
1.495030590722028485e+00
1.496128522708497721e+00
1.536116089127011808e+00
1.527475782616695366e+00
1.523431744122058840e+00
1.492568741169010282e+00
1.511236714949076188e+00
1.523298648404206146e+00
1.447770423977047027e+00
1.491983803457342717e+00
1.497183732142340240e+00
1.514684980986708229e+00
1.492141543878253040e+00
1.501092494099977914e+00
1.517537497484290121e+00
1.490978539315350071e+00
1.497929620674797402e+00
1.523634547229582470e+00
1.490047918025989793e+00
1.473866246797157720e+00
1.464799615938370048e+00
1.471545712821879626e+00
1.499542136261296399e+00
1.505206841954801478e+00
1.508406199289392902e+00
1.516201421269348426e+00
1.487111299589220170e+00
1.515507450166152514e+00
1.501372315152486925e+00
1.477239611285347420e+00
1.438163502217686629e+00
1.486584663403388129e+00
1.495785457856777967e+00
1.515254423490868474e+00
1.496081405034320744e+00
1.509699696920216994e+00
1.577674609447905052e+00
1.488721529845430380e+00
1.524621564521911221e+00
1.482138184987316754e+00
1.473295858222316568e+00
1.513723203905796177e+00
1.465887355548233240e+00
1.462390815064954497e+00
1.437045008043882355e+00
1.449504396273986195e+00
1.523792274304838656e+00
1.468181767864302767e+00
1.500552337381806822e+00
1.472655065807300101e+00
1.489376254747923456e+00
1.478203523888536486e+00
1.508657224356539706e+00
1.477395936541129995e+00
1.485441321549320293e+00
1.470156099082818635e+00
1.468186113193999498e+00
1.497181116587859240e+00
1.441845765878960295e+00
1.425957977732451365e+00
1.458870738239775644e+00
1.465860950233717652e+00
1.510018972122751491e+00
1.479178814692129418e+00
1.497445155443181353e+00
1.460290477286182442e+00
1.463662594116415860e+00
1.399079630952437592e+00
1.442270263353776505e+00
1.390517009961674821e+00
1.395611979223263965e+00
1.438881607845008404e+00
1.510925747136876884e+00
1.472734685779936381e+00
1.533427979902056038e+00
1.524055910631664901e+00
1.490141637431632526e+00
1.427494915174551959e+00
1.456360643220479201e+00
1.466645507176453700e+00
1.448823828464111729e+00
1.447322565112118431e+00
1.457684234068870932e+00
1.498610468976754317e+00
1.470230050712964864e+00
1.465346006870897888e+00
1.512271942390295054e+00
1.480551988482453618e+00
1.446519056407325143e+00
1.479368709216321021e+00
1.468944838607954217e+00
1.511955135084377178e+00
1.540830423866701882e+00
1.455420518611684644e+00
1.476285102042854458e+00
1.437203136609841669e+00
1.437891528683225451e+00
1.422815433874584867e+00
1.444063135871179959e+00
1.444403025266745910e+00
1.495458561634353867e+00
1.510516156593980641e+00
1.498214511642721236e+00
1.514671756818688486e+00
1.478097801748000650e+00
1.449359363960564195e+00
1.472352462191459432e+00
1.514311537540228514e+00
1.502885900844660227e+00
1.449596064533664741e+00
1.451317358639915511e+00
1.423624198580152989e+00
1.461449584000217738e+00
1.413402115902017586e+00
1.428455552178573340e+00
1.437367730149414324e+00
1.453135474492378565e+00
1.449780706732464397e+00
1.440485075875807208e+00
1.474334559466006889e+00
1.467683149443472779e+00
1.476930206212063723e+00
1.458775540604131393e+00
1.497318389386513848e+00
1.445863771819473342e+00
1.456065039227152358e+00
1.507557786894776486e+00
1.455398289313526883e+00
1.493575809325409898e+00
1.547239071916352682e+00
1.524545632642558379e+00
1.478545573303138516e+00
1.489048472215318331e+00
1.524676930304764255e+00
1.495036858874219998e+00
1.447224118481400534e+00
1.498513592224761659e+00
1.489454198592777834e+00
1.476334515931624125e+00
1.479449776211065881e+00
1.475933472988195216e+00
1.486867219806566887e+00
1.436236396801654713e+00
1.492561511888367276e+00
1.459076896366469756e+00
1.508906072475614479e+00
1.505749747539711692e+00
1.448048737224212124e+00
1.393361815164766204e+00
1.426874885301615326e+00
1.426365059940958080e+00
1.413300008465690150e+00
1.461673563932343711e+00
1.436404187512057451e+00
1.434315482616747239e+00
1.448968043936475381e+00
1.427518370987606255e+00
1.465834887677372134e+00
1.471846081921400540e+00
1.502958133989217515e+00
1.505863845090199549e+00
1.536925272557361444e+00
1.535962514773506316e+00
1.501899302352505572e+00
1.501742811071249406e+00
1.468196302909714479e+00
1.473021822700423034e+00
1.519544087136174504e+00
1.486793144487163598e+00
1.527446785467564849e+00
1.489007759707523526e+00
1.441882525864864206e+00
1.463514939266903792e+00
1.445145481756348271e+00
1.486999862222922131e+00
1.493632209036903635e+00
1.513930202488282362e+00
1.437350775731213393e+00
1.512696228444682101e+00
1.511563427045562014e+00
1.518983827969550893e+00
1.460276563804270067e+00
1.502735983710425938e+00
1.493286739655206308e+00
1.520724123268593742e+00
1.525756914894078609e+00
1.523587677738949875e+00
1.484431822136712542e+00
1.506603127120855312e+00
1.474853185767505126e+00
1.461572097974124906e+00
1.436543055986522877e+00
1.464574698226047023e+00
1.431338224411121240e+00
1.447738632376356582e+00
1.456954541207490239e+00
1.445775907578967567e+00
1.440848235778155351e+00
1.466656858890229786e+00
1.463570324639477782e+00
1.419546809025414413e+00
1.447423075241452084e+00
1.473117937562101964e+00
1.428071546531483049e+00
1.454276293274392229e+00
1.447340051556101459e+00
1.436735610764228621e+00
1.410188523047103626e+00
1.422021229898124739e+00
1.413759474567066077e+00
1.432243488436021783e+00
1.459069814970429091e+00
1.463693089832335925e+00
1.387691118296574988e+00
1.425802295153399735e+00
1.460107469651225065e+00
1.402289512498652302e+00
1.436416393050198748e+00
1.451542928338151794e+00
1.431158215447217996e+00
1.461671310854651740e+00
1.412558687384734890e+00
1.427420898316764886e+00
1.411009571965184506e+00
1.429695021551489420e+00
1.441211004548394792e+00
1.383110866790284277e+00
1.390804516584392081e+00
1.413067676055590693e+00
1.404486853860775764e+00
1.395103785246445405e+00
1.410387464862880025e+00
1.426532699837233409e+00
1.444546931746863327e+00
1.451884698180689437e+00
1.436908796721673376e+00
1.455647899143122759e+00
1.481218370232086690e+00
1.480130646801126826e+00
1.480790542064098547e+00
1.435214748414506136e+00
1.431734137552914898e+00
1.427820382399930033e+00
1.439767944744523742e+00
1.442512451052503586e+00
1.410110025711306170e+00
1.441694226362629339e+00
1.416971596035112357e+00
1.410208743713335489e+00
1.526764434913141733e+00
1.456282991237824564e+00
1.447185382531641418e+00
1.421631156997255951e+00
1.417930438883213684e+00
1.467510817749823948e+00
1.474692337439305945e+00
1.482355057998074876e+00
1.542225419532337272e+00
1.439036521088509213e+00
1.452911554380421633e+00
1.448714703813033022e+00
1.473022322518655391e+00
1.537197104013844129e+00
1.490465621169930310e+00
1.505502720625508939e+00
1.539574860670414047e+00
1.518896582643224358e+00
1.503528479212526081e+00
1.462978403586954634e+00
1.460320023161893799e+00
1.478724408171702365e+00
1.487689302644131351e+00
1.476177349412902684e+00
1.472724208388911160e+00
1.509341669795738694e+00
1.479392781019203795e+00
1.489878716168332451e+00
1.469156068589230868e+00
1.418161290998904756e+00
1.452669912928135076e+00
1.464159631363375569e+00
1.448453362204736861e+00
1.440544987314585468e+00
1.439320290466238550e+00
1.452095824241610655e+00
1.459641456895054867e+00
1.433654199387068839e+00
1.472035936328891959e+00
1.437000790373839987e+00
1.438611747139718844e+00
1.491803430025735455e+00
1.459601004791360790e+00
1.472661622731991971e+00
1.431675613166649264e+00
1.447384312896845326e+00
1.474984302790670387e+00
1.455183620218292839e+00
1.476735071635368213e+00
1.456591340411134805e+00
1.502134054725670076e+00
1.452855837361543667e+00
1.446866677545221025e+00
1.419445469705662877e+00
1.457650892067494874e+00
1.473837638240402370e+00
1.469789739997237055e+00
1.507570926629052677e+00
1.476141960139184084e+00
1.375596770488730192e+00
1.390513152022238685e+00
1.415418104073945083e+00
1.400693722414826814e+00
1.393135209401231922e+00
1.411657514225016063e+00
1.384212686319426844e+00
1.439868302945752410e+00
1.474443024250069012e+00
1.448858330408330453e+00
1.460882018689952266e+00
1.426982387531354313e+00
1.359298476405404577e+00
1.417965584403102497e+00
1.404756868711423134e+00
1.431475262693669759e+00
1.406180806465006317e+00
1.410278197537228939e+00
1.441822027053941913e+00
1.453119025332947345e+00
1.489091555348276197e+00
1.510655002461996688e+00
1.480485472396328106e+00
1.434982995054286281e+00
1.405281553896620128e+00
1.400904986903977578e+00
1.398737135046560942e+00
1.411263295401560480e+00
1.456807534961625628e+00
1.417723538179824105e+00
1.440571476233797998e+00
1.447821292623142631e+00
1.430395729174324559e+00
1.419265008041888931e+00
1.359372952462634121e+00
1.460462640984856675e+00
1.419838710878240873e+00
1.350091364156321028e+00
1.391189812141692794e+00
1.399185122193989717e+00
1.400873437768106244e+00
1.447368173068929842e+00
1.376588704103312466e+00
1.386192833263930169e+00
1.416199425528075206e+00
1.432770671867015455e+00
1.466154767858407482e+00
1.430181300800451138e+00
1.452948380857457922e+00
1.443020107707088551e+00
1.435715593929705491e+00
1.416414665477573775e+00
1.454795788230944353e+00
1.423546657070901666e+00
1.424046832547608776e+00
1.442175263878620939e+00
1.409265750560471320e+00
1.409987980794625617e+00
1.437584033011925833e+00
1.367555326799399396e+00
1.400126351554962456e+00
1.432640258107551023e+00
1.438545352631835694e+00
1.469802979693427547e+00
1.410025022534937778e+00
1.412034855386487209e+00
1.427311730848189519e+00
1.481729123200417941e+00
1.474841981241560962e+00
1.468929373128147198e+00
1.502530430199335632e+00
1.473409112816348454e+00
1.435042661762677918e+00
1.445597778020409230e+00
1.442494159807202969e+00
1.471082846741440076e+00
1.440547295215634183e+00
1.426906186141835731e+00
1.428336075889443224e+00
1.407352503581343894e+00
1.402863877363606404e+00
1.433737582213107764e+00
1.406646594461642641e+00
1.429970920751970409e+00
1.426201859864378418e+00
1.437750316326874778e+00
1.429895539488937439e+00
1.466410585302701852e+00
1.441037992722451255e+00
1.454506040313685133e+00
1.403453501243576929e+00
1.447556889965206706e+00
1.378983178926736386e+00
1.416091517989420900e+00
1.477530881810185992e+00
1.438073485885082325e+00
1.407978915013281096e+00
1.420596119133673563e+00
1.502355346022495652e+00
1.475556575549048288e+00
1.474638563816735637e+00
1.493996981873025209e+00
1.496803057190521979e+00
1.482694946609531828e+00
1.534948838979376173e+00
1.526813413082325432e+00
1.557214402425468380e+00
1.508066964323382164e+00
1.486615599743975391e+00
1.497546599663253097e+00
1.475403196065794287e+00
1.497477646551229391e+00
1.473541818377843260e+00
1.480589187408773544e+00
1.445529868469053847e+00
1.472000062669674536e+00
1.457837651518942623e+00
1.497470539216621432e+00
1.468570173370435050e+00
1.478218275478131893e+00
1.398074045899743822e+00
1.415472431089911831e+00
1.395569033703841555e+00
1.408633701689149476e+00
1.412494372447047342e+00
1.434729921228587113e+00
1.450950378955395248e+00
1.434665801290260445e+00
1.437251565060823522e+00
1.407136943436322341e+00
1.411296675494390751e+00
1.431698241469956834e+00
1.421102296205855930e+00
1.472944648402928935e+00
1.413175481596572691e+00
1.407936146520130549e+00
1.436638829567030928e+00
1.425826806458046825e+00
1.422210328497327314e+00
1.429976307020121462e+00
1.472543920931009609e+00
1.406395370807896894e+00
1.433424704014781170e+00
1.405501465603728128e+00
1.367567445012189742e+00
1.356483425748770566e+00
1.388279469695938406e+00
1.387522492485401715e+00
1.402173188507335633e+00
1.386608967732808839e+00
1.375065263629218437e+00
1.334534514393669102e+00
1.347513951865536574e+00
1.309854049307438206e+00
1.372819518317377918e+00
1.413744179987925564e+00
1.375538441085889518e+00
1.406894713650520545e+00
1.386931569031597533e+00
1.386416199999764620e+00
1.377906208221166828e+00
1.372306078890225711e+00
1.377466949901485771e+00
1.383159061295398784e+00
1.375975307038129536e+00
1.382590106241158967e+00
1.353458245086495149e+00
1.398644400579598379e+00
1.424210112753902857e+00
1.443812375715388230e+00
1.471403185977891992e+00
1.509651905963074636e+00
1.462380178064202729e+00
1.410435376402083385e+00
1.488507181145177105e+00
1.472984895024830543e+00
1.514718505484799138e+00
1.454196697726224397e+00
1.396546184051509432e+00
1.451019032764335748e+00
1.488385580731816038e+00
1.475922236847417413e+00
1.475649239471824359e+00
1.434392548202407580e+00
1.433163413120190466e+00
1.463617916712318667e+00
1.430665808204745204e+00
1.446572292808766313e+00
1.436772990477602985e+00
1.426438258942474446e+00
1.455264730664195483e+00
1.459322506496957494e+00
1.460579569484685702e+00
1.413861794120587545e+00
1.421296523134509382e+00
1.452720658916442975e+00
1.397012465203993692e+00
1.416151012749563787e+00
1.413057228935255871e+00
1.381967412296272180e+00
1.390776649793118214e+00
1.406031945236577707e+00
1.428063023018571576e+00
1.476234083965956678e+00
1.427711037029255170e+00
1.453321315971592753e+00
1.457509035417415610e+00
1.401171544066431629e+00
1.461394759414764932e+00
1.396611769332269715e+00
1.381083000501498015e+00
1.470129756699482648e+00
1.476572862066122038e+00
1.393249672467695932e+00
1.384569827744697834e+00
1.391314895018543885e+00
1.420230713497694586e+00
1.411397231486964721e+00
1.404867858159970062e+00
1.428843262986295048e+00
1.449658430527317465e+00
1.502960125102858591e+00
1.480982113199573513e+00
1.481219084638609296e+00
1.534136981626053498e+00
1.500039075617549456e+00
1.529468388253158562e+00
1.506334498112415377e+00
1.491698246226553559e+00
1.553156148555094207e+00
1.460669765252268437e+00
1.462363954810827371e+00
1.481085304945520376e+00
1.434495713458430188e+00
1.442786060650476321e+00
1.521233275553014908e+00
1.550606843722462935e+00
1.478113022352401051e+00
1.511333637473917246e+00
1.484996288864778302e+00
1.522700147361485401e+00
1.518093502820434537e+00
1.454035548866763117e+00
1.435224174844033307e+00
1.432824490641859683e+00
1.457886258927589385e+00
1.452949098186124166e+00
1.521335138936575015e+00
1.546075768241276238e+00
1.479374575458501706e+00
1.497619057084854211e+00
1.473618048405766157e+00
1.521602413331005099e+00
1.515988725017625383e+00
1.473633533859614042e+00
1.482171522890960658e+00
1.558622453215142478e+00
1.519229557246423612e+00
1.523428149761189898e+00
1.492334763719058266e+00
1.537139120366591172e+00
1.554417851577535536e+00
1.477758731334472442e+00
1.477820809461936724e+00
1.490348493475163627e+00
1.544171861118208477e+00
1.500838964498294459e+00
1.561189972138751436e+00
1.535912761019220474e+00
1.469338824979591562e+00
1.560476128343090574e+00
1.584183410246314150e+00
1.589399607471702058e+00
1.559276123440231032e+00
1.541552100769923550e+00
1.494744002042541542e+00
1.490788203339340701e+00
1.508138360732624861e+00
1.502046267127323587e+00
1.491295060783174531e+00
1.535823076480587357e+00
1.450059202808422043e+00
1.477496186261577860e+00
1.468785693085315147e+00
1.483573649583137755e+00
1.500069004570942388e+00
1.519694814452911213e+00
1.461201642470135065e+00
1.468643118713556905e+00
1.495190156907923784e+00
1.498916944842670462e+00
1.511948192036195904e+00
1.430746561591145660e+00
1.422078984732503493e+00
1.472416909638442739e+00
1.461035808109513168e+00
1.460005093161552248e+00
1.477829378807015370e+00
1.453964879217335637e+00
1.455394490519883899e+00
1.473325548346971159e+00
1.472162087477102643e+00
1.469742465405095233e+00
1.452470540399800392e+00
1.496367002520376133e+00
1.559511305515748569e+00
1.493952638813104361e+00
1.498824620011832920e+00
1.509764058473177961e+00
1.486867188894097636e+00
1.452511862789976904e+00
1.458969366577317350e+00
1.507913291439214376e+00
1.532171946488153802e+00
1.544543516472109523e+00
1.499151370795231530e+00
1.521572849623076262e+00
1.431034948377608584e+00
1.480409458828377600e+00
1.461589520842570655e+00
1.491720720751139817e+00
1.461164014316480575e+00
1.489987811210574442e+00
1.422520170985416055e+00
1.444986356828799945e+00
1.476019489085061309e+00
1.512703046174625587e+00
1.476720697843384444e+00
1.440718771965690648e+00
1.481147079243958498e+00
1.497037389025625664e+00
1.460818531737331893e+00
1.496639230193972381e+00
1.533539663797486741e+00
1.532947137237939739e+00
1.490948574560702733e+00
1.482524781326685082e+00
1.480008496027125808e+00
1.553696217746097563e+00
1.522842347388666751e+00
1.500282191025269496e+00
1.510441346072651791e+00
1.517165438781490794e+00
1.499126267164694770e+00
1.501554162860964325e+00
1.464939651609481253e+00
1.434449428622642797e+00
1.436168747142703372e+00
1.438109502966994802e+00
1.464897871423533005e+00
1.454347668110314240e+00
1.460329109218774013e+00
1.554715281751335665e+00
1.497986299335986260e+00
1.453151665445355345e+00
1.527853288630941719e+00
1.489272351084990786e+00
1.545221865690685981e+00
1.498766860743507845e+00
1.508553076077158384e+00
1.521907039981025278e+00
1.515607732409213870e+00
1.524360577720406562e+00
1.552667335747878186e+00
1.594958882612868223e+00
1.559894052460248925e+00
1.544102141221312507e+00
1.547554462424536315e+00
1.550196976606270427e+00
1.566366764204309092e+00
1.511992333735563188e+00
1.516718883904255355e+00
1.537414743604414769e+00
1.530018403511344438e+00
1.542003657902799585e+00
1.586220782366926763e+00
1.549505371233627082e+00
1.539762583351434122e+00
1.486309401405209840e+00
1.552509882118513707e+00
1.492871615576688127e+00
1.546956528067854997e+00
1.529029051332658540e+00
1.478933733908562198e+00
1.477441295694130741e+00
1.483219728034239848e+00
1.528117092539187594e+00
1.533136217439172500e+00
1.529100834372825624e+00
1.508512946177033243e+00
1.594741550176172140e+00
1.549814704056829973e+00
1.544683937953285957e+00
1.559215542411265032e+00
1.548475318531353562e+00
1.458765361029282781e+00
1.477918164475873652e+00
1.534812476035867457e+00
1.521782127855476840e+00
1.553125758285352598e+00
1.564449774702032947e+00
1.536298448899194202e+00
1.541023381374964751e+00
1.482460163054305058e+00
1.545469347321438480e+00
1.476421458413718524e+00
1.514563186189976873e+00
1.525453507905803141e+00
1.523182031593184771e+00
1.457745143425634105e+00
1.414511343770256557e+00
1.446501110544054836e+00
1.491454296362466847e+00
1.506623284033949295e+00
1.511103892680991656e+00
1.534658567477889424e+00
1.534765788506357032e+00
1.514638825849902171e+00
1.480125222165376453e+00
1.511975004487059682e+00
1.526507970743777642e+00
1.597860306753283721e+00
1.557973999476135019e+00
1.561694730353516913e+00
1.582054570423666817e+00
1.540986322188943269e+00
1.558544235778792419e+00
1.567037277828851716e+00
1.603901340860007796e+00
1.553645446898104465e+00
1.555828889109177160e+00
1.601670906266428274e+00
1.570612329675968866e+00
1.579055846043947220e+00
1.581031507375189271e+00
1.544123810853795353e+00
1.566361878979776634e+00
1.560898301862488902e+00
1.583344854000664936e+00
1.490252799480267010e+00
1.475232294045526249e+00
1.495724505623460932e+00
1.525732768296311326e+00
1.523110606057685557e+00
1.569241998257238091e+00
1.581767285486226582e+00
1.601131153170510801e+00
1.565896971079502542e+00
1.534481488909027691e+00
1.525319622070203218e+00
1.591157545810165885e+00
1.616826782538503426e+00
1.614370522414690479e+00
1.660483583386971773e+00
1.629627870255354605e+00
1.592590946153979337e+00
1.603764933332053388e+00
1.559666698191388923e+00
1.618489277937366300e+00
1.589818170781767348e+00
1.553218482053403404e+00
1.537918402802624041e+00
1.567176833449326567e+00
1.529711902869775431e+00
1.655188529851270296e+00
1.554009010305296590e+00
1.554051214824490046e+00
1.541316390238600009e+00
1.565971257386719717e+00
1.550499951329622483e+00
1.572743683226434985e+00
1.589374566930609411e+00
1.580647559304386052e+00
1.544334263940194907e+00
1.528454903333720472e+00
1.547167983769323518e+00
1.553650883958811457e+00
1.544682427388870627e+00
1.573562630724123501e+00
1.525164791151576438e+00
1.551166238093001803e+00
1.588643992368272029e+00
1.538892447481520875e+00
1.520184222158204257e+00
1.505926911348355102e+00
1.599105745969281234e+00
1.585208399087636000e+00
1.526225059218281332e+00
1.508065774710050988e+00
1.512415497293882805e+00
1.461779323654108786e+00
1.527248116705017367e+00
1.523844791507158680e+00
1.482870672111856525e+00
1.500434281216765475e+00
1.506423295582186128e+00
1.486949557475067740e+00
1.529402288360650397e+00
1.473294918744057380e+00
1.512890563880608941e+00
1.537903145926151405e+00
1.453391541319202451e+00
1.451638982043557569e+00
1.506564217749428281e+00
1.445809136176968268e+00
1.475227901004822373e+00
1.496683273289959759e+00
1.485830047011959643e+00
1.492650623618602124e+00
1.494113827591233346e+00
1.492814225736656786e+00
1.463684793614583590e+00
1.480099345981858550e+00
1.398583552070850722e+00
1.445422390251447142e+00
1.434691561708556273e+00
1.486421389307533980e+00
1.505854068031143633e+00
1.533876672643780248e+00
1.628589303207244710e+00
1.575745705641175443e+00
1.557012760603631696e+00
1.550143027016464226e+00
1.576670016570738353e+00
1.591423641450240289e+00
1.652773047916189064e+00
1.624784610121045025e+00
1.570888555832307576e+00
1.579136878598750737e+00
1.579215598515762764e+00
1.542658521423640128e+00
1.606100491398598340e+00
1.595646639162877856e+00
1.557440761141342556e+00
1.545324813523063723e+00
1.628169629639602434e+00
1.614775571946936550e+00
1.577441216792220491e+00
1.569616411191852690e+00
1.568557800974837102e+00
1.609194504242904777e+00
1.657975485182020758e+00
1.593087613694428528e+00
1.565520542450349550e+00
1.570621350979010122e+00
1.551067649367837475e+00
1.526156816406293526e+00
1.528197084725452681e+00
1.540826347081424519e+00
1.536435412999919148e+00
1.543744123123784728e+00
1.548996128359513946e+00
1.503425420381752309e+00
1.500057086521496386e+00
1.422199649114952225e+00
1.455101030167466947e+00
1.489077408441410677e+00
1.532567128809794621e+00
1.488831738913813263e+00
1.440386144836400151e+00
1.495822189975916094e+00
1.530632556256424470e+00
1.482944184996492831e+00
1.449916449354105019e+00
1.467757236395268006e+00
1.441304034213239271e+00
1.499222639386641021e+00
1.564554707712008330e+00
1.558841610205994099e+00
1.518737100097461434e+00
1.498889419970937720e+00
1.529651543491381327e+00
1.469031579002218812e+00
1.512341165966808898e+00
1.454691757086789439e+00
1.495756429144257549e+00
1.496154328012267776e+00
1.509528707059066832e+00
1.535726489352844837e+00
1.457914314278089707e+00
1.542236399603739594e+00
1.456720516413829047e+00
1.462082977931672190e+00
1.386578847831159811e+00
1.447818454747430428e+00
1.457649380867498179e+00
1.408954171783829867e+00
1.479479107426335593e+00
1.408752818492431391e+00
1.463900439709614698e+00
1.507954158209901419e+00
1.527268541682359038e+00
1.519610984735370707e+00
1.477482207562620165e+00
1.490286580505853831e+00
1.504549662051300363e+00
1.491780418686292853e+00
1.544295863470345864e+00
1.355614580894626053e+00
1.399347554117500225e+00
1.468649397346241114e+00
1.412523404213616773e+00
1.403003220882773849e+00
1.483930210070761202e+00
1.462175827926883720e+00
1.418740956651069807e+00
1.406558546802985088e+00
1.410940217956540232e+00
1.459405623753853742e+00
1.446658564854120588e+00
1.525542625108697870e+00
1.505733719241960200e+00
1.494868607659502358e+00
1.567723792842415254e+00
1.536151170332701099e+00
1.528549490389573329e+00
1.502892317602009031e+00
1.577570700578762697e+00
1.517164206778703672e+00
1.548945791471067812e+00
1.599195091504956645e+00
1.613091782200554603e+00
1.570084660878035443e+00
1.539276678153305156e+00
1.618290941353478063e+00
1.616160477557077479e+00
1.564962725896348994e+00
1.522477040000922877e+00
1.601386091527926769e+00
1.587385851392412839e+00
1.588413410467128140e+00
1.592167386571330168e+00
1.557027595085042071e+00
1.599312948364541409e+00
1.578399488009152529e+00
1.546011930157364489e+00
1.464827695301888610e+00
1.575590909549430707e+00
1.498823101071113939e+00
1.456974787410861616e+00
1.490024984863265622e+00
1.502921565174180740e+00
1.532058231273354609e+00
1.494891781176698853e+00
1.450737874385893189e+00
1.509556268763347253e+00
1.465255908632437931e+00
1.475188790074065892e+00
1.544744385370612205e+00
1.570983273935306013e+00
1.641413464656836574e+00
1.618738029989496896e+00
1.515316754741633964e+00
1.523255709460853868e+00
1.522673847848629691e+00
1.509145486342010622e+00
1.549561553953328730e+00
1.564982753096060275e+00
1.611739418364381171e+00
1.596753735831221599e+00
1.527407640136544398e+00
1.500806211797935719e+00
1.498830545371209855e+00
1.450603004017638975e+00
1.389894718037496757e+00
1.515499824557573261e+00
1.463270348811439803e+00
1.422492428590454105e+00
1.424384969872287243e+00
1.417638154910913384e+00
1.443227049271999851e+00
1.425463014047805732e+00
1.370009230450572435e+00
1.404629557241534821e+00
1.442796902730876685e+00
1.498451604139335425e+00
1.518204600255579795e+00
1.484166882363349371e+00
1.438016804346772926e+00
1.481403668540551610e+00
1.451090899603187712e+00
1.418884076936214322e+00
1.382984391179949979e+00
1.438633625433971774e+00
1.505667501921616358e+00
1.515151650352422275e+00
1.524755158248114029e+00
1.558257510291069847e+00
1.471250783177563193e+00
1.455571554480813878e+00
1.474869981297340704e+00
1.454505395971708914e+00
1.415097782457419795e+00
1.462680892178926717e+00
1.561744220550585815e+00
1.552953824848370745e+00
1.550557060072486060e+00
1.551671786678588072e+00
1.483474425487669945e+00
1.531766579322616284e+00
1.472140996304228677e+00
1.470970582574913532e+00
1.527436755371608612e+00
1.529529901331230901e+00
1.508100071430075184e+00
1.544600710755145601e+00
1.577849824610926266e+00
1.590599946630098183e+00
1.580353879395635319e+00
1.593124861149030957e+00
1.552419436320961799e+00
1.529144641390955961e+00
1.527448170418753692e+00
1.501767818591327019e+00
1.444167842804042756e+00
1.535316862869569476e+00
1.535734958788384619e+00
1.518628142581585294e+00
1.553496753763753402e+00
1.489321522623796135e+00
1.554733296954419641e+00
1.573094536068923022e+00
1.635751641121683253e+00
1.594098935227774572e+00
1.591541102880431602e+00
1.649759133924394217e+00
1.633842657695197209e+00
1.587721537403611105e+00
1.617539522269799246e+00
1.543526329906148575e+00
1.542697303985575363e+00
1.611056489406699876e+00
1.504599310042813221e+00
1.515613872004778928e+00
1.501352882941619171e+00
1.628406171781952905e+00
1.599653162695832798e+00
1.557404695395487204e+00
1.532958292848709991e+00
1.671892584572291840e+00
1.600948265619809074e+00
1.699020732515309939e+00
1.659202134765012548e+00
1.711556273978995568e+00
1.638617989922208640e+00
1.644245651381247564e+00
1.715344519806062618e+00
1.690264979259421319e+00
1.730317940815750966e+00
1.694151222505491772e+00
1.665253027129630414e+00
1.579560437082250468e+00
1.540905802251989032e+00
1.576360372136818011e+00
1.610618797699457261e+00
1.605535428330038261e+00
1.578266839115416653e+00
1.594107560796105272e+00
1.621237858429662060e+00
1.586349989288438733e+00
1.625173210003135527e+00
1.616167737363090273e+00
1.500230435123971251e+00
1.525819156080788108e+00
1.477606701365591579e+00
1.401923755596823806e+00
1.481410398933129757e+00
1.484303136885897878e+00
1.477078607790188514e+00
1.458022458506090802e+00
1.371410389143733921e+00
1.454153467602425476e+00
1.480815203239042921e+00
1.463783850664803099e+00
1.475673628590637332e+00
1.572144323609907079e+00
1.512819079689236679e+00
1.519994003839501451e+00
1.533537783484943517e+00
1.535447790218707587e+00
1.543997291603242727e+00
1.508979996786626421e+00
1.589580752083913806e+00
1.644739487879352202e+00
1.559129050378706527e+00
1.481468246495513119e+00
1.584874621719055687e+00
1.558828306776098405e+00
1.673707399242144733e+00
1.529782388931517856e+00
1.486230377661063917e+00
1.558324070905025005e+00
1.589881329709937896e+00
1.580865740923635743e+00
1.660711691603245166e+00
1.703794671005359529e+00
1.677949958016817789e+00
1.662963681375239977e+00
1.722392720181034287e+00
1.667228044476079640e+00
1.712441968975098261e+00
1.727130793752868154e+00
1.753959433102488141e+00
1.742301396480340880e+00
1.768382408981350240e+00
1.652795302482369832e+00
1.696276662330031160e+00
1.635725906159528620e+00
1.590407635110681506e+00
1.607760610284702407e+00
1.620883361166269188e+00
1.676117560205116375e+00
1.650523725003989250e+00
1.618501480511690405e+00
1.553556892596611227e+00
1.534923815516644030e+00
1.516764766792502162e+00
1.622265757942672249e+00
1.517617312786317063e+00
1.556717425007437372e+00
1.549777987131408352e+00
1.566016171143871816e+00
1.600045156906111155e+00
1.626893077916972574e+00
1.643556471058275736e+00
1.575973970527738244e+00
1.506889458067846244e+00
1.474177343680275198e+00
1.469882224312469399e+00
1.506266516645982989e+00
1.497139944658141042e+00
1.539021140852167013e+00
1.623356705399866540e+00
1.642352104847802696e+00
1.495887869207444210e+00
1.508118053315418372e+00
1.416912517292047591e+00
1.532746967255488091e+00
1.539621896771611320e+00
1.535602591199047406e+00
1.586907233491134050e+00
1.567061349638254164e+00
1.547724868862040637e+00
1.530033973229904865e+00
1.538424000829675675e+00
1.564004567540550950e+00
1.597249881302996499e+00
1.595064996701992754e+00
1.616834880985158707e+00
1.635236941163876745e+00
1.537684280921068458e+00
1.550163897272697655e+00
1.618478943558029126e+00
1.547723937064285460e+00
1.465219053268486560e+00
1.578460530883788016e+00
1.496930343160407739e+00
1.539353808548167946e+00
1.465971102890126110e+00
1.410298092758396127e+00
1.495403821946130751e+00
1.540199486039769639e+00
1.677303114359621539e+00
1.617381553294057861e+00
1.535931372325920918e+00
1.604629467007228971e+00
1.546330261109175153e+00
1.618377527954077300e+00
1.617827339017184229e+00
1.641109900562564672e+00
1.615063064458517106e+00
1.719887142801605817e+00
1.603154457241262154e+00
1.521302185588593536e+00
1.741049276153635583e+00
1.660536111207507659e+00
1.688539332204885612e+00
1.669713603452141371e+00
1.653229531412201414e+00
1.626051136717689305e+00
1.532996112955743229e+00
1.567221789850835156e+00
1.579997716640034744e+00
1.548573392875059351e+00
1.518144238749201902e+00
1.538661790825666120e+00
1.535116862844575492e+00
1.582002977822696277e+00
1.565705932393868238e+00
1.531222202293228918e+00
1.472159326140518365e+00
1.487361832967339703e+00
1.500212189944843733e+00
1.538642248159515002e+00
1.568743484564988577e+00
1.498099433008746484e+00
1.490945285127112330e+00
1.570019584469488638e+00
1.588548001056577785e+00
1.483665452331107248e+00
1.531071373079228248e+00
1.622609179637428012e+00
1.590178063108705908e+00
1.555199632504558949e+00
1.530936871286659340e+00
1.541812643112568715e+00
1.578871948940892223e+00
1.566917327750791067e+00
1.511426994965793691e+00
1.538987662940314527e+00
1.538482786732060292e+00
1.553120529279339967e+00
1.592310201002581582e+00
1.569601527411452979e+00
1.526262999152183664e+00
1.537133641661332595e+00
1.508291230335784050e+00
1.572638674321308327e+00
1.633433418395257464e+00
1.567206552294414079e+00
1.539332880444830742e+00
1.543420978263273291e+00
1.647710246302908743e+00
1.603373016927974293e+00
1.570346835876151870e+00
1.622089641702457952e+00
1.578344717963206856e+00
1.578509338997978073e+00
1.492723674021927405e+00
1.474231491972548991e+00
1.455898671226473873e+00
1.472759556539604331e+00
1.597665094361442106e+00
1.566673646184294499e+00
1.665834393811804981e+00
1.616500349823285498e+00
1.599271896563631001e+00
1.503931961621280289e+00
1.509234275111070112e+00
1.572261469244585319e+00
1.527888904036186490e+00
1.600900782750541707e+00
1.581045118454495579e+00
1.659424074541617777e+00
1.593681327484151478e+00
1.467392640113790447e+00
1.549846282442852718e+00
1.588989733750300282e+00
1.469027381138728217e+00
1.507605069171344736e+00
1.436861650052958295e+00
1.498412538755237167e+00
1.521365599606908425e+00
1.518784022735760519e+00
1.535465016132623317e+00
1.518489851136926916e+00
1.509215898654598931e+00
1.567750970785041664e+00
1.532645199145352022e+00
1.568693820555110419e+00
1.497048092300937494e+00
1.555498264371211858e+00
1.535458164851666529e+00
1.611660711511032629e+00
1.582329779138500703e+00
1.603130848543768971e+00
1.541017626099175919e+00
1.518721992588418779e+00
1.517157110267200792e+00
1.487908990679417398e+00
1.513364013360232629e+00
1.485645497098034618e+00
1.466398778876894182e+00
1.444077416557834281e+00
1.463608637735027918e+00
1.521318315529605503e+00
1.547861464003466914e+00
1.490251036313484434e+00
1.526312077943240419e+00
1.525294913796608087e+00
1.546824846368431094e+00
1.515347228671858337e+00
1.473194441718540082e+00
1.485520772805691614e+00
1.428118016561149117e+00
1.481340784019385071e+00
1.541524524984207334e+00
1.538132930372893892e+00
1.568112181981825781e+00
1.520091478400454665e+00
1.504356016402318641e+00
1.530958441230815481e+00
1.584644349187839918e+00
1.585970655732694468e+00
1.536981854116668655e+00
1.602114429905445059e+00
1.501298028818911279e+00
1.521587700853166636e+00
1.562579933962758405e+00
1.527325388781977100e+00
1.560136178284988295e+00
1.458917607567163932e+00
1.484214878601017640e+00
1.537349712296635751e+00
1.469376466574521922e+00
1.519883478061410109e+00
1.516827365965559116e+00
1.550724633930192553e+00
1.530787338953156329e+00
1.581346847337667505e+00
1.527381002103015639e+00
1.551797388105833564e+00
1.524597785716296228e+00
1.622905469299262604e+00
1.563897193806679686e+00
1.590384476051512452e+00
1.593042612503352107e+00
1.566955559692587929e+00
1.575782871899457538e+00
1.549834475754948926e+00
1.552926949142830582e+00
1.526030736138105137e+00
1.528553968371754168e+00
1.541652892465972702e+00
1.538113793279277219e+00
1.545623400396127112e+00
1.495749978209128805e+00
1.527879119114006867e+00
1.526102601615782595e+00
1.501694296966194164e+00
1.467908335773185913e+00
1.453777722494396185e+00
1.503369604130350368e+00
1.605005892325678030e+00
1.560606263316421716e+00
1.425459309452727030e+00
1.507824615314173666e+00
1.487923341858171655e+00
1.489350970007326191e+00
1.505219212870557266e+00
1.521650283783775981e+00
1.503655204190850636e+00
1.541168729781091651e+00
1.538306494083230280e+00
1.503599037638789548e+00
1.529527092917853048e+00
1.505743915702746794e+00
1.524134112477247394e+00
1.473083226854238426e+00
1.448170517871173901e+00
1.460388017408615680e+00
1.505386541789156762e+00
1.466580871474255199e+00
1.433134378805722253e+00
1.505154691818598289e+00
1.567637269963156221e+00
1.572550585661697253e+00
1.492448528758322679e+00
1.510662816159360933e+00
1.517936990646982620e+00
1.467316390560607475e+00
1.481627381731475124e+00
1.502772399226919298e+00
1.538386141814950703e+00
1.506683150089087819e+00
1.489642894127332973e+00
1.559739023784009859e+00
1.480465201724089797e+00
1.457152050479066707e+00
1.573848264626157345e+00
1.638764811143853084e+00
1.616010841454050606e+00
1.604026528495642756e+00
1.587409924182765719e+00
1.484467386639614528e+00
1.444389835000077449e+00
1.497460372913738125e+00
1.511907084086767217e+00
1.532301930426757997e+00
1.494874632604254572e+00
1.607984472504750739e+00
1.668805914066070928e+00
1.647777394904199832e+00
1.677242236832222844e+00
1.732105737214154173e+00
1.863638429662766605e+00
1.823854076662343893e+00
1.806514084547982346e+00
1.801051290150726292e+00
1.788768901327524530e+00
1.778689906223161588e+00
1.717858379024398197e+00
1.739953289896051469e+00
1.712144423355472123e+00
1.716522359059353020e+00
1.759499256265132372e+00
1.798324257550055094e+00
1.789704760268527872e+00
1.854025779766900417e+00
1.908689208742082588e+00
1.873888332503807597e+00
1.875472472327919027e+00
1.790674314235223497e+00
1.783294649551356637e+00
1.941825276373224662e+00
1.792245530813068699e+00
1.763750905048317330e+00
1.835836593340129275e+00
1.762462001956222490e+00
1.845649178439548121e+00
1.678296624546105065e+00
1.758845653987268332e+00
1.769756133539996501e+00
1.784031492780016048e+00
1.802544009820684634e+00
1.783657673960503232e+00
1.847558436598832454e+00
1.885242062812868324e+00
1.842736071384565077e+00
1.808292692552245784e+00
1.938810315326639611e+00
1.847289723048897381e+00
1.786309371918279210e+00
1.718980519127859319e+00
1.699336891458195442e+00
1.590152413888579641e+00
1.700985724910043517e+00
1.623480569620083136e+00
1.643745131866661158e+00
1.711834663170618720e+00
1.632278713748196441e+00
1.577491565968619280e+00
1.667750570077048300e+00
1.678438996248640791e+00
1.614800782894250331e+00
1.575835954899719615e+00
1.655704731537099406e+00
1.597422297963175142e+00
1.689222955028912621e+00
1.730740108176955117e+00
1.578269289607517889e+00
1.575085669855217363e+00
1.735977664973758383e+00
1.832978196009930061e+00
1.810383233627908650e+00
1.827859618878972636e+00
1.698485896817106600e+00
1.771520990075968305e+00
1.755114817057525700e+00
1.585846719358265267e+00
1.581340871980792206e+00
1.591879567235134019e+00
1.574432696875701865e+00
1.568344388326176730e+00
1.766714600731695617e+00
1.751512411687094817e+00
1.873681592155009179e+00
1.810138160884032343e+00
1.859911548768681921e+00
1.742428080728081641e+00
1.620915249626562638e+00
1.749252079999007892e+00
1.695994382680653612e+00
1.730111092295887998e+00
1.698793262569725071e+00
1.708981246239237084e+00
1.789382895440578602e+00
1.880022711550393577e+00
1.899247884316112911e+00
1.846892517051136107e+00
1.730667757982476962e+00
1.768499363570827265e+00
1.820174106812967985e+00
1.980361056293457045e+00
1.705336035785420590e+00
1.831969773791505496e+00
1.864366283090625798e+00
1.842570150475242086e+00
1.729187524046580382e+00
1.675239173108466595e+00
1.683641431731691673e+00
1.547881411866599777e+00
1.473709578136400022e+00
1.456184769492911313e+00
1.512440498438497372e+00
1.456546602013482294e+00
1.402994808952747308e+00
1.420571466236220548e+00
1.490419041015004220e+00
1.526092229394021560e+00
1.612255859703041194e+00
1.581771416005985254e+00
1.582301144104829138e+00
1.637626220703555902e+00
1.546640156323668691e+00
1.543819979972724576e+00
1.520824996096896919e+00
1.532652209334276705e+00
1.588867197274755227e+00
1.714162645565254772e+00
1.715536125286595937e+00
1.615572564738984251e+00
1.701048397476429441e+00
1.800010204989340279e+00
1.855093619287531803e+00
1.828997272479714553e+00
1.844956510596687416e+00
1.852526575553237409e+00
1.907574937223847078e+00
1.867985049654972807e+00
1.937000558977479692e+00
2.006399278630194516e+00
2.058252438173731047e+00
2.027627316351422682e+00
2.172016964311079157e+00
2.106563214075825030e+00
2.155864309851585503e+00
2.088852794842210425e+00
1.900211282087812092e+00
1.946246747241739516e+00
1.895738208416097192e+00
1.806284139870038219e+00
1.889967237721307480e+00
1.870256185958016015e+00
2.013662400274641939e+00
1.958628886540582981e+00
1.869236913884438023e+00
1.940767832840901486e+00
1.968474592513252075e+00
1.982569546057196597e+00
1.926397525027860436e+00
2.045221376207984942e+00
2.068888238888745068e+00
2.098941207010794230e+00
2.110520624057768746e+00
2.036399396557421415e+00
1.895549336001081775e+00
1.845894912749356465e+00
1.781869154517843779e+00
1.753066864297418093e+00
1.814349182409609407e+00
1.778115192543643142e+00
1.720998701816294441e+00
1.831204772930389080e+00
1.914867343346823514e+00
1.935884315361760866e+00
1.916507440832226683e+00
1.908640929096641070e+00
1.912064772695157178e+00
1.732019117491305549e+00
1.785376380682280884e+00
1.822626304425375210e+00
1.814359059584309986e+00
1.908371409922161366e+00
1.987814479048982230e+00
1.970658311076212144e+00
1.958930817553154347e+00
1.936296728475573659e+00
1.900105649286834231e+00
1.831162841812077557e+00
1.770614664540278715e+00
1.813896640398362514e+00
1.761005653639418078e+00
1.853748193541626899e+00
1.804738230620512418e+00
1.754319082591990320e+00
1.938667148057620526e+00
2.002654156143947706e+00
2.000313684510108825e+00
1.971086107321528669e+00
2.011639399289137486e+00
2.056996106072489727e+00
2.095170569048872888e+00
1.971128898348494918e+00
1.896840687515849888e+00
1.930880497172348109e+00
1.998206121091147702e+00
1.918867372535634441e+00
1.763301697527196232e+00
1.926156645807440837e+00
1.828709962586945625e+00
1.866795907655058429e+00
1.831968646593862715e+00
2.016907549583173864e+00
1.986221148011463988e+00
2.018996833235056521e+00
2.013010749436925373e+00
1.987323160544715694e+00
1.949322422454117909e+00
1.922756318366206640e+00
2.029268377585648153e+00
1.790542069182494256e+00
1.940406868201380641e+00
1.948827632042994251e+00
2.044654004097008038e+00
1.763335270829509360e+00
1.761791689728543497e+00
1.809773608152251745e+00
1.791429945410955904e+00
1.841404200725444085e+00
1.893034982031217783e+00
1.809804458519972847e+00
1.739418733748211654e+00
1.820906613110826244e+00
1.838490756110187974e+00
1.675974814261733670e+00
1.741917150302093376e+00
1.796500273763389499e+00
1.790224639391439165e+00
1.722484247951178604e+00
1.736974284676453761e+00
1.807405704574157612e+00
1.689185274316188590e+00
1.780170921864809408e+00
1.793721345983480209e+00
1.711719566100926349e+00
1.713682495273888495e+00
1.751894948800167606e+00
1.778203827735552522e+00
1.810006389451299658e+00
1.810236421329357137e+00
1.806200835590990428e+00
1.767255995860923967e+00
1.710079664200551353e+00
1.710430798015715181e+00
1.717312809225478354e+00
1.737858075426871096e+00
1.646909757742270664e+00
1.708394337963171639e+00
1.661321627720144800e+00
1.594582251555959118e+00
1.573601378312895482e+00
1.637114545011000288e+00
1.635114765392496006e+00
1.669163719753270492e+00
1.660987797325662152e+00
1.673854655640273581e+00
1.626641810616554107e+00
1.592240621547976520e+00
1.575405320863397352e+00
1.565302744935555657e+00
1.544498786967489545e+00
1.594984810113989848e+00
1.598715640882952815e+00
1.587833925296266768e+00
1.579936897518546823e+00
1.583653240154241137e+00
1.626285027193660859e+00
1.623833772004105391e+00
1.578511976891621815e+00
1.720141672486650508e+00
1.673276904333670601e+00
1.628830472230605952e+00
1.707709115421449653e+00
1.748636709159979041e+00
1.627502211236655505e+00
1.691648947618153542e+00
1.642880962874351258e+00
1.707668317796027901e+00
1.685335735810794100e+00
1.671137156166836224e+00
1.710043314823869620e+00
1.718955534686892994e+00
1.648721743902267667e+00
1.666659595889776968e+00
1.685190138369944801e+00
1.656107619529670227e+00
1.725369412380886036e+00
1.610277278208815055e+00
1.667926244970804772e+00
1.589362297605475760e+00
1.595125986163324905e+00
1.574633197838197773e+00
1.564374696598527015e+00
1.541508773190637616e+00
1.589351212221882692e+00
1.586185451687296410e+00
1.675432148736462068e+00
1.612893904010548329e+00
1.594235293140354726e+00
1.638861470028083689e+00
1.654634841799258682e+00
1.577113742119880646e+00
1.629435923893541416e+00
1.595301881933664623e+00
1.545150598893912708e+00
1.593874126637373934e+00
1.613525365911198106e+00
1.628235713763276804e+00
1.580970735946671146e+00
1.599815239617554896e+00
1.615226914893571397e+00
1.615581741791040749e+00
1.641458282979843197e+00
1.617968123502896205e+00
1.676332200836115005e+00
1.715018795576297217e+00
1.690835718057978720e+00
1.653217210810425497e+00
1.717672228864157047e+00
1.798964363558311685e+00
1.734431558175580923e+00
1.715479009609921501e+00
1.742758731986619791e+00
1.752554605085261619e+00
1.736035674172538235e+00
1.741833138385028512e+00
1.727516788052383845e+00
1.666821006174854292e+00
1.627747911218198507e+00
1.724277547167077040e+00
1.769021337313528397e+00
1.762278589860892142e+00
1.688711222774810894e+00
1.773683960850426899e+00
1.750744085493258329e+00
1.809649205219258095e+00
1.700949125470609058e+00
1.703303901458273373e+00
1.671938133503902302e+00
1.713361046767101881e+00
1.738333522640319151e+00
1.736176884302224943e+00
1.746588513010451260e+00
1.723271793373539751e+00
1.680415738307795781e+00
1.621988962593206907e+00
1.670408834044317281e+00
1.742698118972263455e+00
1.670049060602843527e+00
1.619636845521542856e+00
1.680637978585824310e+00
1.718359486569836614e+00
1.673832916200747700e+00
1.627982550738769518e+00
1.691188762009722124e+00
1.669342095394963144e+00
1.650460950318153097e+00
1.669814741818670623e+00
1.611849207452615618e+00
1.623818983342889766e+00
1.630500775925429524e+00
1.643996276299007242e+00
1.653209779583879158e+00
1.701936457238887312e+00
1.601963865019456534e+00
1.581675041876036580e+00
1.611654367312291170e+00
1.641035321751280307e+00
1.621796535788594174e+00
1.699367357764719921e+00
1.766477148524126184e+00
1.772345245381202528e+00
1.770034408202973975e+00
1.830590131888354843e+00
1.698948746946820298e+00
1.701155678636561142e+00
1.688835560376887424e+00
1.676026045067155357e+00
1.693542506570858031e+00
1.724925624174048933e+00
1.766137417240789986e+00
1.756547726321570746e+00
1.702243833854128363e+00
1.713684139852568622e+00
1.716274654477870643e+00
1.638521725852931432e+00
1.534835093256824878e+00
1.499469282828790773e+00
1.489208632057661852e+00
1.526124157880538457e+00
1.576505278363467655e+00
1.609834520876460617e+00
1.549975778571712315e+00
1.707793996300288164e+00
1.690554157245713229e+00
1.740663730880990911e+00
1.726246514730174875e+00
1.721777327486810671e+00
1.745692245383950292e+00
1.677119923435291149e+00
1.864094259795352038e+00
1.649398256747095948e+00
1.706455850398087115e+00
1.820799596810168230e+00
1.840065003325584314e+00
1.776343467900570294e+00
1.738866964311291730e+00
1.823759337185473672e+00
1.700586709275386577e+00
1.684293713478872467e+00
1.624761172452735103e+00
1.678798120067269029e+00
1.673850420865839128e+00
1.651805428441442292e+00
1.705277632494471618e+00
1.643529143988948782e+00
1.737275115948969439e+00
1.739697922896241034e+00
1.691968936856764305e+00
1.697869950951049756e+00
1.789252246535604440e+00
1.790806670314631699e+00
1.700586594230777404e+00
1.579545872600668588e+00
1.620210421616035568e+00
1.551462130565981257e+00
1.528395266382062578e+00
1.539131515849892162e+00
1.521115329097919577e+00
1.510056805681761594e+00
1.532248599778353038e+00
1.485458078002386717e+00
1.501349764866829029e+00
1.513318363628215257e+00
1.575910123968330190e+00
1.581697912756665492e+00
1.592207173255971275e+00
1.492748544694587398e+00
1.583656805270049928e+00
1.622978761753788746e+00
1.640280508694388129e+00
1.631994214182723502e+00
1.611250768441714110e+00
1.580097447483408191e+00
1.742321011095540717e+00
1.716047733650407858e+00
1.637430753103475745e+00
1.687786656457867851e+00
1.729722712839893761e+00
1.689029885999172587e+00
1.849187518856494572e+00
1.744088601014146978e+00
1.721285461654363136e+00
1.725735778476603199e+00
1.789619768540367861e+00
1.976857735423415585e+00
2.033127713202631526e+00
1.904097967364093646e+00
1.717813317665909389e+00
1.661011784671637015e+00
1.570618044355388765e+00
1.719083517370143310e+00
1.735780831818757308e+00
1.618312654651709037e+00
1.719165886738781568e+00
1.879017128520754421e+00
1.757702004387969641e+00
1.865429358202953747e+00
1.873347829926211849e+00
2.019864121303726279e+00
1.910605777125794047e+00
2.042350079786373840e+00
2.082204005970349936e+00
2.051249548035400938e+00
1.877445394843310744e+00
2.005607742429390772e+00
2.014277027524800978e+00
2.092081588177608253e+00
2.045699250725166785e+00
2.097173065398019176e+00
1.936333994929722913e+00
1.850933690558782763e+00
1.800734339253349026e+00
2.015298362779523345e+00
1.892117493208620216e+00
1.991525021134747053e+00
2.043682940454560448e+00
1.829908520541124961e+00
1.836947667153075558e+00
1.825341798539892313e+00
1.748280042056948647e+00
1.728109413972285457e+00
1.777141222612886429e+00
1.803194999653681796e+00
1.719716219452910089e+00
1.631822106643786130e+00
1.549263054330711986e+00
1.642117759134780641e+00
1.569885652180771807e+00
1.593446047837504764e+00
1.547413207288638182e+00
1.598446269362709726e+00
1.604107789963551411e+00
1.620108307533796532e+00
1.636977937060700716e+00
1.540023742581593025e+00
1.670430931584267586e+00
1.736667317264039223e+00
1.875791434140609226e+00
1.816508053057536376e+00
1.766774654235924391e+00
1.790863185302801419e+00
1.684383978893645661e+00
1.894727450320456530e+00
1.955187776262412136e+00
2.103885447262821007e+00
2.120661282524483049e+00
2.276679529390633672e+00
2.272756921849386380e+00
2.071038534886927795e+00
2.136891530913906490e+00
2.138466315817773022e+00
2.174562518461846228e+00
2.287850769197194989e+00
2.118374485194675305e+00
2.073895323834629156e+00
2.077149208234562394e+00
2.029403942979815856e+00
1.929803303486353094e+00
1.956394256290808098e+00
1.941377811394940256e+00
1.948406288006160114e+00
2.014503109306842177e+00
1.949023421554391122e+00
1.900375955010207951e+00
1.959013265415162408e+00
2.043130195523007675e+00
2.113781845517955116e+00
2.231466687399551674e+00
1.979049466278796965e+00
1.823498106927522899e+00
2.089923272271278609e+00
2.008737731915923863e+00
1.911013126417706820e+00
2.020095597941326204e+00
2.096491608886148938e+00
1.945893461402674829e+00
2.095426681394288781e+00
2.050265616585876138e+00
2.201837793419963329e+00
1.981305573336102022e+00
1.898954230061274284e+00
1.999506514448884831e+00
2.058307211803556136e+00
2.037400675694183594e+00
1.848473825771417500e+00
2.050268422870182849e+00
2.079733967096196512e+00
1.995212294490979144e+00
2.035707348504717906e+00
2.026953871030848564e+00
1.966571373859141714e+00
1.988353800283213735e+00
1.885619431949365987e+00
1.760811908724183583e+00
1.817958616975646091e+00
1.669579333530536891e+00
1.588570972390450198e+00
1.628538553731324168e+00
1.525571716299869651e+00
1.544909619779635479e+00
1.781325824419536019e+00
1.679587806994341515e+00
1.641536664795037126e+00
1.499044232837418722e+00
1.599451990675077706e+00
1.643693129133251052e+00
1.770899816129989590e+00
1.771118300987944760e+00
1.926167476422971259e+00
1.958483161020784902e+00
2.011742366895746592e+00
2.153063074331582172e+00
1.942009735318855235e+00
1.884436589705735576e+00
1.740780153713923806e+00
1.743418651796817764e+00
1.926465113833588205e+00
1.946506074522642349e+00
1.954811725033400061e+00
2.024521149758359950e+00
1.840438076376675891e+00
1.915497327335333955e+00
1.814957701310287330e+00
1.752073836749794777e+00
1.751820779110286885e+00
1.860527796296846059e+00
2.260014606665411652e+00
2.026868065504680683e+00
1.913779393328499889e+00
1.930470181776957617e+00
1.946650264259102370e+00
1.993107713556623750e+00
1.954383426714320970e+00
1.832614403080896848e+00
1.900541231130211450e+00
1.898882880821888275e+00
1.957594775132612597e+00
1.935067461921635701e+00
1.876683557258397306e+00
1.841936512365430101e+00
1.806911365913723921e+00
1.823971421958603845e+00
1.965409017334311725e+00
1.940755595899178232e+00
1.925795458586006426e+00
1.771912531127491475e+00
1.867511804281466015e+00
1.846926961044078164e+00
1.904390066614277899e+00
1.888311723004864051e+00
1.976211130223817447e+00
1.904834835488114830e+00
1.767378197790843597e+00
1.890316105286818038e+00
1.989539273762492622e+00
2.104810290038117593e+00
1.927979961473827109e+00
1.922733132229932140e+00
1.866533384139730023e+00
1.831243415727254353e+00
1.759284760870719611e+00
1.667173866937206039e+00
1.705394221803640864e+00
1.614393644630470304e+00
1.852746281754351632e+00
1.871388066825121932e+00
1.845623499870277406e+00
1.813930851255900256e+00
1.858074209385619513e+00
1.859249380403317442e+00
1.750015854014140615e+00
1.775671111827259008e+00
1.684407540668679815e+00
1.655782150429022659e+00
1.747329815774463224e+00
1.738139857044131542e+00
1.817143420964876910e+00
1.823421043270998521e+00
1.787312878701386554e+00
1.855081386187175996e+00
1.863662055224147407e+00
1.714021012408517786e+00
1.785614329644052534e+00
1.715479167523134452e+00
1.739496850777531245e+00
1.765077321993490322e+00
1.802550739603305807e+00
1.786317388966409681e+00
1.637265605882353370e+00
1.586422747600412908e+00
1.712748851303473874e+00
1.694831918495258050e+00
1.724914678370583765e+00
1.665161851298574192e+00
1.690197455836535800e+00
1.647031595830624973e+00
1.632852542004977314e+00
1.709099091822443794e+00
1.757162354518587044e+00
1.812577900641354489e+00
1.837395730452027420e+00
1.823685458319932895e+00
1.735541618332362646e+00
1.812072840844150434e+00
1.866739311956562508e+00
1.912550421500500919e+00
1.986030462193349999e+00
2.117493208834609231e+00
2.138391932676902751e+00
2.027333871518235853e+00
1.958095024524496797e+00
1.897370728838632115e+00
1.799337409700235701e+00
1.970827329581044118e+00
1.888291676149458587e+00
1.859897792360093893e+00
1.920064632714032937e+00
1.935929302028274623e+00
1.838783590706325910e+00
1.823025237898392659e+00
1.699010271601295807e+00
1.787218541589878251e+00
1.659926612350816733e+00
1.645850355457993519e+00
1.820590466135301400e+00
1.793994096101765079e+00
1.734045921857151118e+00
1.671732513328332059e+00
1.692966110777708311e+00
1.739169225739930269e+00
1.834902598288285835e+00
1.752245725527664000e+00
1.757574347390692182e+00
1.726494126682751817e+00
1.682656636457432686e+00
1.861945706911321663e+00
1.906374289537240641e+00
1.820609328043604425e+00
1.923738469425032793e+00
1.915973921658507662e+00
1.916561032541748366e+00
1.862574057202447175e+00
1.863465871435201704e+00
1.841761404748294195e+00
1.869317353281215066e+00
1.945321767325222551e+00
1.970093246061226155e+00
2.153408373176410873e+00
2.091367507602862386e+00
2.182845107781902882e+00
1.954474825712542163e+00
1.862725093575937407e+00
1.926838286790314214e+00
1.928514164656453644e+00
1.896480905631448222e+00
1.917540477166309376e+00
1.726778197312483609e+00
1.714239598827776101e+00
1.714295412686164255e+00
1.669877968297260873e+00
1.689368567198146875e+00
1.695603017865429551e+00
1.703185185779854782e+00
1.749306795366328160e+00
1.707056758284424935e+00
1.702937287474068917e+00
1.798613499451950037e+00
1.876974962981894590e+00
1.941187890813783845e+00
1.672604658908900532e+00
1.720547987406122692e+00
1.829183771089132771e+00
1.800832976276969255e+00
1.946767299460987921e+00
1.821441092993480115e+00
1.585874722531931624e+00
1.586938318565204398e+00
1.588199192482269373e+00
1.664738640978800976e+00
1.676548796606845970e+00
1.681546066073553725e+00
1.762012780236251519e+00
1.729908496609901203e+00
1.767301342827809707e+00
2.007106250383481783e+00
1.851447772718178397e+00
1.850522597102664646e+00
1.897298755787953928e+00
1.898992777513372809e+00
1.779180080483501181e+00
1.925059441530881266e+00
1.892020194949034950e+00
1.974832338298812884e+00
1.867219773916823700e+00
1.780007328087258367e+00
1.581469781612910408e+00
1.521471819808320802e+00
1.650567620387075385e+00
1.741050509422745751e+00
1.730173240547131952e+00
1.743955452870801004e+00
1.626448827623518278e+00
1.825306139373380043e+00
1.803500515278407601e+00
1.752725243603232563e+00
1.684104342623596873e+00
1.582361145460610574e+00
1.571765126202709473e+00
1.510594508567413952e+00
1.565002186086029257e+00
1.688606577954229415e+00
1.812738319771502793e+00
2.019110104330693822e+00
1.973980141399606980e+00
1.934555568642003953e+00
1.969276480208119295e+00
2.000245030808049496e+00
1.888480410797181319e+00
1.916129292826468378e+00
1.853059365042693640e+00
2.058796687560141336e+00
2.019604517836815383e+00
1.924086725711961821e+00
2.047779860606213198e+00
2.198856751978623070e+00
2.381526783704969841e+00
2.233224807838983583e+00
2.015819836689742406e+00
1.929227977676775785e+00
2.078900941672101155e+00
1.983074057901101472e+00
1.949469888174923504e+00
1.979834567173341942e+00
1.916130103684104968e+00
1.990962401533536319e+00
1.869785210325171310e+00
1.843822374241549600e+00
2.015187394870847637e+00
2.065479980888818901e+00
1.928589215911907573e+00
1.968534176768084620e+00
2.048014391667721590e+00
1.920516653517015948e+00
1.796658940707971608e+00
1.979347991319359457e+00
1.788753878472594483e+00
1.839992239377762795e+00
1.997992231851238643e+00
2.136429873370784716e+00
1.981951702813736338e+00
2.002180490153071535e+00
2.205902915936672315e+00
2.166591299291683814e+00
2.056181444554705084e+00
2.087281298743049351e+00
2.110753960948147157e+00
2.110596833783329185e+00
1.998808853782731765e+00
1.995815139685133799e+00
2.128502228173392741e+00
2.194639276186941323e+00
2.275053531968666221e+00
2.096784299491190051e+00
2.038210231358511315e+00
2.065327581459539541e+00
2.011752871037908896e+00
1.894981975509924199e+00
2.006512285354116631e+00
1.979565089531809541e+00
2.059411078686151697e+00
2.026909385965654842e+00
2.112638864643180625e+00
1.997846669018450649e+00
2.136171759098380196e+00
2.130524298259972582e+00
1.991488689032154813e+00
1.939362238680668149e+00
1.886190134974207400e+00
2.053696262284474550e+00
2.030994343606590036e+00
2.047434691647944227e+00
2.265157484420899259e+00
2.327073895661032399e+00
2.309281854347456253e+00
2.297337607350624200e+00
2.122034964485848718e+00
2.112046380338586271e+00
1.969309096556938421e+00
1.927814638365692446e+00
1.977980842733280786e+00
1.927074322148806251e+00
1.909822839830250141e+00
2.057005033533454874e+00
2.028738316396728969e+00
1.946083009105054495e+00
1.913416421430198078e+00
1.921439748106284151e+00
1.962149576014146968e+00
2.040736053196710476e+00
1.828874260542157293e+00
1.711872799074317664e+00
1.693404475415765997e+00
1.681847477998283491e+00
1.635932184154763380e+00
1.559324185876103330e+00
1.650358984613944813e+00
1.617191392559436780e+00
1.589951166725473763e+00
1.571743593375636738e+00
1.698850168892453327e+00
1.570999454878320378e+00
1.587532328442209817e+00
1.537878329863876514e+00
1.516826206528656185e+00
1.499787990184609399e+00
1.494126671072138146e+00
1.470093546858263434e+00
1.525930418227117391e+00
1.537609003643888750e+00
1.430788998823322000e+00
1.412187493838207297e+00
1.488970977845639698e+00
1.454185805623987804e+00
1.570982666612320555e+00
1.531560042698951740e+00
1.516794987764688019e+00
1.584805058072795703e+00
1.598321692411334816e+00
1.557131463767564172e+00
1.563069503652164238e+00
1.580228028272722574e+00
1.591368606165312061e+00
1.567680604226048269e+00
1.632505955919556273e+00
1.568370658000638240e+00
1.587648475396326031e+00
1.551062057420663498e+00
1.493389641622584918e+00
1.469209011929948572e+00
1.540104714218662796e+00
1.575144684065385103e+00
1.605743911691494219e+00
1.644040369324502704e+00
1.574023776338528746e+00
1.681911829660285962e+00
1.604333890307501731e+00
1.705240466665060239e+00
1.702798916581554911e+00
1.672004541161562940e+00
1.627689834997918084e+00
1.525328239104492889e+00
1.428459208984603102e+00
1.485300186921482579e+00
1.517477398008068690e+00
1.587966476536541771e+00
1.604023723482737696e+00
1.564862957122796105e+00
1.531099885839561026e+00
1.515036444715272435e+00
1.502994596243282466e+00
1.551821897441562514e+00
1.509282479114565145e+00
1.547262250077569679e+00
1.657739652888647885e+00
1.674618373293438545e+00
1.634196944262807705e+00
1.728309620893187182e+00
1.670122309241327319e+00
1.577558368119800436e+00
1.660549487274564084e+00
1.702316544303321022e+00
1.769646360376727623e+00
1.712310268264362945e+00
1.818390362882477795e+00
1.720990026008692775e+00
1.815359956816181342e+00
1.954664561226328257e+00
2.069273996938262972e+00
2.160650983958482652e+00
2.227610342595113480e+00
2.297787202924865824e+00
2.351238028026620075e+00
2.356894901164300560e+00
2.366570152790112846e+00
2.240940227826249131e+00
2.433734830116967895e+00
2.698830227378050228e+00
2.691328544666995892e+00
2.554309623799851714e+00
2.697431371151167490e+00
2.624387189842694479e+00
2.567753812666889957e+00
2.468205430499209818e+00
2.534842809354092452e+00
2.546716420606161879e+00
2.358719584644918932e+00
2.373890574878736892e+00
2.503715258490320839e+00
2.647872680094004227e+00
2.769535479438829384e+00
2.629873127053931281e+00
2.602007840333297128e+00
2.550886812155361838e+00
2.642382551021232207e+00
2.649019055366194308e+00
2.409627356168553280e+00
2.509632549310798044e+00
2.641698342271268540e+00
2.494839902302679935e+00
2.386310030352434275e+00
2.417177900733239682e+00
2.321478824399237251e+00
2.496150489371949277e+00
2.492249239004791672e+00
2.513308939448702262e+00
2.545587447320222019e+00
2.540915950135903323e+00
2.615299848668591221e+00
2.732463402573627409e+00
2.444566127938037070e+00
2.334797713599351621e+00
2.408209269694994603e+00
2.263267420229388094e+00
2.241327590573044759e+00
2.317819198155884663e+00
2.418753395552989627e+00
2.406793739116545705e+00
2.127984647191088818e+00
2.024293471938015010e+00
2.288376958244578763e+00
2.130708497325279449e+00
1.875629273559993093e+00
2.077992708850546766e+00
2.011173712051329776e+00
1.906785244753841368e+00
2.153144545090053708e+00
2.202797348354719187e+00
2.193777793309311885e+00
2.250990741646967663e+00
2.539141587237655262e+00
2.390769746575992727e+00
2.420116440545753811e+00
2.470471094036213788e+00
2.588565535823621033e+00
2.317365435041220056e+00
2.340742330860416498e+00
2.398881471241713026e+00
2.254241031656089245e+00
2.237021337180665981e+00
2.575576003401712999e+00
2.496948980465224732e+00
2.594471880725031987e+00
2.541046362012666204e+00
2.453186539582777659e+00
2.331083663686236651e+00
2.287488658737896863e+00
2.341400647825489845e+00
2.162104365804592199e+00
2.120419543205933621e+00
2.410338590978459816e+00
2.387331111631648017e+00
2.350729003992474642e+00
2.530758909460716133e+00
2.434808527712560622e+00
2.374585677026984865e+00
2.565760825627540598e+00
2.597669700418876015e+00
2.696632878975239400e+00
2.511872728096886220e+00
2.475760246581425239e+00
2.500044841599264434e+00
2.290156159244948864e+00
2.391245364123834261e+00
2.329158942287667955e+00
2.370505445865198180e+00
2.435972923256751521e+00
2.355849048550952674e+00
2.365407686992152314e+00
2.205004878969073712e+00
2.131167836945482730e+00
2.193786512235349928e+00
1.992664519612441953e+00
1.959664978791580969e+00
2.011760371917514778e+00
2.009597062499659081e+00
1.917915548455178643e+00
1.940322266445844601e+00
1.855161488501980704e+00
1.842848124864383985e+00
1.794823347298747374e+00
1.942082809106946195e+00
1.785493383140821289e+00
1.721831139646077924e+00
1.712380251372367379e+00
1.829286969483864489e+00
2.020198566590031053e+00
2.131722057402694492e+00
2.209886572812457040e+00
2.302251735607015348e+00
2.171826506342038776e+00
2.362206335654410072e+00
2.143767408618975079e+00
2.159185545243400117e+00
2.009103194858324226e+00
2.110919484761662357e+00
2.413258312146717710e+00
2.467180526296575582e+00
2.326203963509890560e+00
2.304338625767403670e+00
2.234456103865007481e+00
1.965733668068156748e+00
2.190242588912825195e+00
2.352150657281370627e+00
2.272671940030127846e+00
2.236939701182385942e+00
2.028288594392098076e+00
2.250043883888192653e+00
2.460824190392860711e+00
2.322485356964625769e+00
2.023249243224090055e+00
2.164199054366730657e+00
2.215609991909064824e+00
2.186417126454402560e+00
2.007965032131673766e+00
2.122597702821412469e+00
2.021142695431003666e+00
2.186964407734427240e+00
2.213606882038019474e+00
2.293413631664566132e+00
2.327954665137969226e+00
2.343485567282193482e+00
2.405852028469936954e+00
2.363882868540245763e+00
2.370458671648418392e+00
2.138668464266862745e+00
1.979305991500750039e+00
1.951517775516323328e+00
2.067759381893154114e+00
2.218079209969308074e+00
2.184571535300989797e+00
2.280243617387239574e+00
2.114498319584131814e+00
2.255318272760932885e+00
2.296298189535348921e+00
2.322749568374260054e+00
2.252831587905425259e+00
2.273142252690477871e+00
2.389022128615721829e+00
2.375593676783625874e+00
2.427163106266887915e+00
2.323722902949852731e+00
2.249529602274330742e+00
2.360537618372695601e+00
2.448565949337613290e+00
2.435114431235675170e+00
2.298749410160879858e+00
2.260441370350561030e+00
2.227591976707465449e+00
2.223786176413183657e+00
2.239912506135748327e+00
2.347265511166817920e+00
2.335117284855488862e+00
2.305145761585454256e+00
2.193527658540866287e+00
2.176006756980941148e+00
2.160222025443751193e+00
2.212030793710588306e+00
1.997215232896755621e+00
2.015479146693079038e+00
2.251026342402763003e+00
2.255333017015535013e+00
2.113134449816743476e+00
2.044768962718233940e+00
2.062660683284032181e+00
2.187259549755008248e+00
2.119217435720230913e+00
2.244730152869515383e+00
2.312442751060744595e+00
2.290777782725603284e+00
2.284743484795040747e+00
2.189857519661912555e+00
2.252746479562186988e+00
2.348373760620893425e+00
2.324947468236240766e+00
2.316377710854691241e+00
2.289080689558805837e+00
2.353780510376606294e+00
2.419011466563119050e+00
2.385772142932966577e+00
2.289371162244238533e+00
2.330034757528310241e+00
2.321118261089489820e+00
2.480084512451556478e+00
2.410468555481243502e+00
2.352819170585900732e+00
2.238200007161785798e+00
2.138077305357298563e+00
2.132923025101361336e+00
2.083367050876348880e+00
2.133477511661727277e+00
1.987610270641574806e+00
2.000902861683980571e+00
1.885865873446496810e+00
1.877936536804347689e+00
1.961561984086279686e+00
2.082689720904083330e+00
2.158970987732038882e+00
2.286315338745034786e+00
2.133957310290219400e+00
2.133522395215246004e+00
2.054619650822910426e+00
1.932036921283718733e+00
1.892348245046705069e+00
1.881686818436282271e+00
1.944924578419813033e+00
1.886585277594688081e+00
1.918662895214802155e+00
1.856519739476514275e+00
1.841606532378984751e+00
1.822254189395111412e+00
1.768103542696314756e+00
1.766588827520948479e+00
1.807615263619727131e+00
1.792023150534512776e+00
1.780146553187656799e+00
1.752583437970545832e+00
1.677295070754045936e+00
1.697557043928713538e+00
1.695526667536456422e+00
1.689021186051478773e+00
1.729064390169843479e+00
1.716021273846241035e+00
1.822611710307206145e+00
1.822479910360515154e+00
1.647477482225575329e+00
1.758722196495946744e+00
1.799462137603509149e+00
1.990938656918617822e+00
1.946052755988204375e+00
1.720991149415880272e+00
1.756896962756163028e+00
1.781867783571537522e+00
1.870546554751860713e+00
1.644235389280812365e+00
1.554781285596552820e+00
1.603381279719976904e+00
1.566542100636059143e+00
1.548430251914558964e+00
1.563540480033458469e+00
1.472626302194921522e+00
1.498224929039768671e+00
1.535485726055452860e+00
1.608363956849835574e+00
1.616578377802221134e+00
1.680898953339517776e+00
1.614147081818439355e+00
1.668373091285607179e+00
1.887667058852211754e+00
1.803947740370074326e+00
1.782926387059122764e+00
1.733909095229618558e+00
1.765854235563078856e+00
1.804508249053908164e+00
1.715724612324702747e+00
1.733266475038144794e+00
1.667964569581310119e+00
2.036414783561270703e+00
2.150518308526981226e+00
2.186880956861194214e+00
2.249921299411671516e+00
2.117378202979209423e+00
2.095885107145436965e+00
1.990098401856535082e+00
1.999551188947558567e+00
2.213109796655733152e+00
2.292522350446477564e+00
2.231960247915391715e+00
2.353667285530022024e+00
2.198102848450366853e+00
2.178614665737432343e+00
2.123468996408260256e+00
2.356405908988339792e+00
2.260780134512981654e+00
2.086103606025866863e+00
1.996560288123235827e+00
1.946422864830827493e+00
1.985339169181358443e+00
2.122124810272926876e+00
2.045674259352592728e+00
2.164039759691741338e+00
2.175115441929644788e+00
1.852159762659533637e+00
1.694685070337098365e+00
1.740545889833736259e+00
1.876381045009143156e+00
2.292985484604044277e+00
2.334954860573127622e+00
2.349022408457090982e+00
2.241370346471649011e+00
2.276767688220576069e+00
2.353240589031182495e+00
2.391102789616335933e+00
2.377229028653653486e+00
2.256735064458579743e+00
2.201910060021124771e+00
2.183335363293392728e+00
2.334959616744880062e+00
2.401987171475503668e+00
2.201248771531123971e+00
2.140361751514697097e+00
2.096309380893740304e+00
2.179462853324512839e+00
1.945192204174945871e+00
2.032868775894405733e+00
1.890194332415858769e+00
2.146141566259517131e+00
2.257887878658122460e+00
2.309970490564448475e+00
2.150285379508727779e+00
2.272554116930559420e+00
2.263957415282735308e+00
2.073513183893535672e+00
1.883816369004690738e+00
1.710015700469929456e+00
1.584999156576282209e+00
1.696533118755828351e+00
1.629068962348177774e+00
1.585666448723826116e+00
1.605759612849008144e+00
1.596682339400018913e+00
1.541039745268906858e+00
1.623800941307243839e+00
1.724342036385459132e+00
1.549798448828811903e+00
1.525523627557067607e+00
1.512400710405624737e+00
1.585136933006746185e+00
1.851571828268121722e+00
1.781211443757835911e+00
1.696510759045488870e+00
1.661168336869439210e+00
1.696866148598886070e+00
1.690464127284328155e+00
1.801245704873049247e+00
1.832681599620221924e+00
1.743162543302585910e+00
1.678324024367535694e+00
1.784258991398939953e+00
1.803511390948367543e+00
1.854868778534760398e+00
1.755034898915545094e+00
1.643009089581539461e+00
1.613700186430391703e+00
1.618834807552046007e+00
1.567902333861874942e+00
1.417821682781705839e+00
1.470175032789721170e+00
1.527156019245335061e+00
1.556094046608061054e+00
1.591691672964779869e+00
1.606530903671692156e+00
1.563809559831614626e+00
1.465533935639398821e+00
1.549783684025965780e+00
1.633210525391325385e+00
1.695743756752874809e+00
1.758984052048923941e+00
1.899380568115747847e+00
2.055792638445818277e+00
1.840842554500519146e+00
1.972913154807786063e+00
1.796990938528504556e+00
1.752218398731907767e+00
1.859367715083328543e+00
1.989615422223945274e+00
1.915991119229366157e+00
2.123798354161709145e+00
1.971956167391645032e+00
2.013982706235046383e+00
2.166053797313400420e+00
2.201367050967334649e+00
2.144729506053864476e+00
2.290794228937804267e+00
2.131299448142784492e+00
2.102322461532589948e+00
2.194382303741166051e+00
2.293718909718359455e+00
2.066476055221467156e+00
2.147468138362288226e+00
2.200385509480375479e+00
2.242713055605757955e+00
2.107981870397788615e+00
2.146324785434326365e+00
2.260750590888914058e+00
2.556062455284290547e+00
2.588767819342373766e+00
2.535067297835424061e+00
2.190555280003745775e+00
2.126772274640545746e+00
1.985281613003133216e+00
2.212397604475584867e+00
2.213085557625820599e+00
2.389882276198933120e+00
2.318679487099677416e+00
2.411711474368213537e+00
2.335402124619589959e+00
2.528314093227780113e+00
2.597417103162321883e+00
2.548653996054353943e+00
2.377622926303222695e+00
2.292191318788702858e+00
2.213489329133618622e+00
2.476617647964529212e+00
2.568319857921585125e+00
2.446512179588760549e+00
2.445731306433181373e+00
2.408573263917833884e+00
2.417802912959007067e+00
2.659384127036301670e+00
2.638606633051189920e+00
2.490387541141002803e+00
2.513330171945317826e+00
2.585813707485132174e+00
2.505770205069029366e+00
2.408138863555525866e+00
2.543570202918468137e+00
2.473734575303987437e+00
2.182174601684800930e+00
2.318860079961610587e+00
2.335928899350353305e+00
2.308659777746292718e+00
2.341526929224017728e+00
2.420970050772139004e+00
2.449633432136806288e+00
2.570703207888763941e+00
2.550744069615884069e+00
2.541971725731004383e+00
2.613865483011740043e+00
2.598764814136480084e+00
2.539098030908024217e+00
2.570151361019385572e+00
2.560916130381211797e+00
2.461852646367517661e+00
2.588515841108338211e+00
2.609505782815606523e+00
2.422779164917243211e+00
2.369251354450451874e+00
2.245567976085373285e+00
2.033595466005172270e+00
1.725807843823592203e+00
1.918787049642290077e+00
2.033967634653082168e+00
2.103776084048829098e+00
2.103985310873081715e+00
1.970755132292101530e+00
2.061866179922699160e+00
2.077394735078796018e+00
2.004229987259894763e+00
1.924128989477841278e+00
2.043383708457913173e+00
2.125439531441256413e+00
1.925546517326829798e+00
1.819328955540557846e+00
1.798732332368120579e+00
1.715438432711854810e+00
1.754851951173181046e+00
1.632748200429260388e+00
1.584127573670937261e+00
1.678822113729681043e+00
1.595160379895478098e+00
1.617891591441262600e+00
1.785359987671669257e+00
1.765298643954771096e+00
1.785382874037100942e+00
1.944576909559043276e+00
2.009173492410849970e+00
2.018458197269410004e+00
1.952209495783618909e+00
2.079856478144755272e+00
1.990624649615803987e+00
1.931324632656101992e+00
1.954737329487288511e+00
2.207488342236150203e+00
1.866690524863326983e+00
2.042723063607046363e+00
1.989545178950633764e+00
1.769159184973918775e+00
1.909792314152988446e+00
1.955568003041337377e+00
1.872471320812679973e+00
1.845121062334351691e+00
1.913451206506875613e+00
1.844511890399100462e+00
1.726405547648462768e+00
1.788443507674659205e+00
1.751434384982509140e+00
1.717062702676412922e+00
1.576480983569825689e+00
1.973125388838713246e+00
1.892593932426432479e+00
2.024340947587197181e+00
2.159018566547434848e+00
2.477377338979674715e+00
2.343968892151373051e+00
2.515296432025852180e+00
2.260815475845315170e+00
2.339292876199392079e+00
2.379775475516965777e+00
2.347549517938834818e+00
2.373113833368127423e+00
2.243307775522919822e+00
2.157142400180642738e+00
2.112856733281720967e+00
2.240488419424098598e+00
2.293941872250229164e+00
2.178215182908354475e+00
2.277136657992358426e+00
2.222060317022116926e+00
2.380040222559339114e+00
2.354301311459580326e+00
2.278902500344394344e+00
2.189213934044217158e+00
2.328882514979052853e+00
2.392273347351086432e+00
2.262650682232877575e+00
2.335220758125913232e+00
2.233146457100547710e+00
2.293978741995280846e+00
2.222023859351907049e+00
2.357936396259812994e+00
2.330759686856437529e+00
2.219065103515226678e+00
2.221582088620466688e+00
1.999706131079405536e+00
1.980033569185689624e+00
2.115151993040486289e+00
2.160362904543179585e+00
2.224206941601265086e+00
2.336858211788955142e+00
2.647903891347495264e+00
2.690859855402167433e+00
2.634637822870802282e+00
2.650779542043462556e+00
2.801757791600524961e+00
2.710467280168919579e+00
2.487972017497089627e+00
2.680769618132259779e+00
2.836949226335503838e+00
2.826055192840340347e+00
2.672395585552154618e+00
2.693268495392512119e+00
2.823561792649779356e+00
2.636045702469559160e+00
2.536604233754905735e+00
2.689640090678593776e+00
2.531405259585908674e+00
2.403362444940317033e+00
2.448376196577412678e+00
2.392536164058615800e+00
2.508980504021978142e+00
2.537930009582371138e+00
2.583355391329006601e+00
2.578356906638085366e+00
2.492387795306091558e+00
2.312971707746682704e+00
2.384908684155435221e+00
2.271814961982111303e+00
2.114613644835626083e+00
2.049846102332104625e+00
2.128765802252207795e+00
2.097405505939088588e+00
2.183223240807828702e+00
2.169266538276744427e+00
2.115927037436918567e+00
2.142431614300824183e+00
1.979660872329069399e+00
2.005836112624912015e+00
1.879722104652801429e+00
1.937994713995084606e+00
1.904650642375052660e+00
2.029387088162423414e+00
1.899640347928676087e+00
1.728854355808009169e+00
1.905921514460496180e+00
1.779598793221280451e+00
1.864996028760949942e+00
1.867760098771739985e+00
1.802410449442812590e+00
1.930508715479052340e+00
1.849290221319046523e+00
1.759419140216577748e+00
1.610365091375408175e+00
1.611814855050904827e+00
1.736643428159703184e+00
1.727685762192029850e+00
1.685921080645689907e+00
1.745637222443828573e+00
1.647744526185220826e+00
1.772937217286259637e+00
1.915678329048442485e+00
1.807529050550360061e+00
1.591579677300268170e+00
1.614501742404769624e+00
1.566152956151912079e+00
1.686022026556199371e+00
1.592872550990890534e+00
1.652783527226435289e+00
1.642677427171692628e+00
1.623703930658738637e+00
1.648053158247739791e+00
1.702863248966739462e+00
1.788859742712011647e+00
1.761661523608058832e+00
1.764698521278361687e+00
1.835710228972947000e+00
2.083522422810346164e+00
2.080991874005691855e+00
2.238739469028336426e+00
2.299936025050823840e+00
2.142093653679746357e+00
2.197089429211406042e+00
2.307663878569288229e+00
2.252430943018783882e+00
2.272798173880259398e+00
2.169853629722496180e+00
2.100630360677496089e+00
2.195193076517118591e+00
1.917781340845200910e+00
1.884228808091798157e+00
1.924572586082519576e+00
2.076152280869925981e+00
1.967398759921664908e+00
2.010888751454679380e+00
2.051267535289267308e+00
2.170278831056146718e+00
2.067081504709014084e+00
2.226595946452627039e+00
2.243805921015522120e+00
2.065138456283523105e+00
1.881181628694065466e+00
1.921134501832549635e+00
1.619401994823667756e+00
1.648917097284794409e+00
1.637085603287201208e+00
1.504257185869167568e+00
1.547138789616025356e+00
1.493131854018343363e+00
1.481678546761276971e+00
1.520448749609808692e+00
1.436062866288792650e+00
1.497994101978451731e+00
1.547776167113776857e+00
1.646432451647377615e+00
1.631839863153512260e+00
1.539052556581859577e+00
1.638254238937176144e+00
1.508193558840926096e+00
1.536943513388491223e+00
1.440039034150085273e+00
1.487312759044912669e+00
1.444230554155610413e+00
1.408291794190964952e+00
1.420543519129972232e+00
1.435094377299081625e+00
1.447791464498525027e+00
1.420055269622034766e+00
1.507122156803597068e+00
1.477656491262863581e+00
1.483161077552984430e+00
1.481274968311635298e+00
1.509759146610768710e+00
1.576874800712278812e+00
1.632976205520252577e+00
1.773609725325321129e+00
1.745910212031485109e+00
1.776788007497655197e+00
1.735905294049099989e+00
1.907479150188922778e+00
1.831388322090729659e+00
1.946699203894102670e+00
2.023209108638585274e+00
2.044347023900855209e+00
1.868891725579636232e+00
1.774756877899352103e+00
1.674759175301688607e+00
1.804585048478761111e+00
1.701930662192005395e+00
1.700423280024550898e+00
2.052138847809638733e+00
1.951824852192635573e+00
2.013082395295643146e+00
1.925788701085549670e+00
1.820031693055595534e+00
1.908261566892761607e+00
2.165160216044462071e+00
2.136221756006660311e+00
2.030707453129896312e+00
2.014197941906364697e+00
1.908625891772999683e+00
1.838312674212065678e+00
1.954696421832050834e+00
1.998080722280082933e+00
2.119463575386470566e+00
2.096942399247075262e+00
2.113619752418919084e+00
2.077793034732706712e+00
2.101538402395846550e+00
2.155424216974128448e+00
2.180019982948719903e+00
2.162804230863653920e+00
2.244769084304025331e+00
2.260829823414514106e+00
2.120525046543619840e+00
2.165762840082379626e+00
2.144925320396037893e+00
2.290444527583990197e+00
2.349307689284739542e+00
2.114760178040632876e+00
2.083971776520986197e+00
2.439215992694325319e+00
2.546538112353084138e+00
2.306328435018917933e+00
2.410630197582559031e+00
2.182735089075294788e+00
2.105616362614854076e+00
2.153109967487236265e+00
2.289960197869397529e+00
2.314012456519449756e+00
2.275148712508711757e+00
2.104473890336781672e+00
2.311019241316759398e+00
2.447662125693067736e+00
2.378370507861636174e+00
2.436663431069777896e+00
2.324938028931738287e+00
2.357955248818488947e+00
2.273945607939740654e+00
2.325783840813407277e+00
2.103821005499617147e+00
2.084484869326856504e+00
2.315818009840869163e+00
2.269371150059970699e+00
2.284386606268347109e+00
2.448914249385603537e+00
2.346146332779593280e+00
2.365802326018894952e+00
2.421566003501732123e+00
2.234640430505146380e+00
2.352292216139289849e+00
2.360737158847453276e+00
2.160208751558401197e+00
2.312548241912575797e+00
2.684419992109848163e+00
2.653991683254638634e+00
2.763257334155200695e+00
2.413132461068147716e+00
2.597900804575446365e+00
2.453793369196048069e+00
2.712389512881110409e+00
2.550325144023226187e+00
2.718709208579392023e+00
2.623181657293868430e+00
2.706985280270895800e+00
2.750642428535790884e+00
2.749904827212316327e+00
2.586973665193034400e+00
2.506031518205024344e+00
2.377040350776617128e+00
2.343003747812852922e+00
2.500845876915320787e+00
2.210664225067172861e+00
2.185204784699491753e+00
2.312590382925792554e+00
2.312996759413227466e+00
2.227391480168940507e+00
2.301740317350637444e+00
2.063259716474818983e+00
2.061745373762809752e+00
1.991523091546916202e+00
1.983805360923061034e+00
1.893418198388104878e+00
2.027855938303004368e+00
2.130644187453294425e+00
2.117746008760438059e+00
2.223830830329110775e+00
2.145417096172923088e+00
2.143870827823929126e+00
2.044732290377711426e+00
2.141529160158042178e+00
2.074455207279444213e+00
1.981486516172223711e+00
1.956161987600296026e+00
1.859795399702134366e+00
2.021425057650703128e+00
1.729312215413993936e+00
1.806656635911943143e+00
1.874901642816467540e+00
2.142439998870496076e+00
1.945258254330548553e+00
2.080525049426958262e+00
2.032032865553219825e+00
1.956613516817605092e+00
2.054812906005437867e+00
2.195468270583812664e+00
2.246411043428060417e+00
2.051660295677933732e+00
2.122369064875985867e+00
2.130397944543419797e+00
1.994394614376755026e+00
2.165542112236169991e+00
1.954498174940376920e+00
1.687708629850951603e+00
1.719697561635123773e+00
1.588053464837785089e+00
1.712519894658675490e+00
1.868834068974346119e+00
1.881162182788369108e+00
2.156934387868504999e+00
1.958834450423055484e+00
1.849196663779447247e+00
2.010706928281352113e+00
1.902130958042964393e+00
2.167366295729009629e+00
2.147408672757856074e+00
2.252810020433413385e+00
2.096664659785640428e+00
1.978569722176247714e+00
2.218228767585666450e+00
2.364086694750645368e+00
2.277545982551057779e+00
1.912310465031728191e+00
2.028370727950542296e+00
2.204381454719667399e+00
2.135381729718612842e+00
2.284014767195896134e+00
2.126809327874043642e+00
2.208861230112751706e+00
2.277336195240940775e+00
2.206261771824818307e+00
2.383049568603230028e+00
2.169770427766527732e+00
2.261551513665383428e+00
2.191446377937810830e+00
2.256244023712412172e+00
2.482712522859365389e+00
2.301791102637471109e+00
2.230116726561209628e+00
1.997835848960721750e+00
1.945864091561460008e+00
2.173331155588535069e+00
2.235103319213490813e+00
2.301626894864251760e+00
2.570709414741501497e+00
2.529015597450896102e+00
2.335820900577814996e+00
2.318542064629077970e+00
2.262639128085366824e+00
2.609476244997912087e+00
2.425110287524253838e+00
2.480740309681813471e+00
2.678526786787822189e+00
2.606408524675991600e+00
2.370461564446520786e+00
2.160700993495669575e+00
2.324404955753201829e+00
2.299802364070881566e+00
2.339702302429591096e+00
2.418312976472273057e+00
2.714756773122548594e+00
2.665326097130145122e+00
2.611191934903661416e+00
2.626731051377819259e+00
2.493178559161894459e+00
2.688403487424218863e+00
2.455133606853142858e+00
2.408613646481466031e+00
2.480333356154197144e+00
2.407407343263949784e+00
2.400118419271942471e+00
2.271046048417226348e+00
2.064173314434385453e+00
2.127690363671968843e+00
2.079017484528003390e+00
2.457812363905241160e+00
2.438872022835910869e+00
2.536488938736046528e+00
2.634452354289142484e+00
2.744459038662864447e+00
2.807569260178230497e+00
2.384476808908707390e+00
2.390587926808668495e+00
2.592200747729745736e+00
2.675355924708596067e+00
2.441428967007536865e+00
2.404933806363480198e+00
2.187507838344538325e+00
2.194156063362897147e+00
2.190550126991722912e+00
2.280892786316944143e+00
2.260320292769880446e+00
2.303359099836145951e+00
2.493139394284315635e+00
2.254397791661913786e+00
2.197617181917828955e+00
2.110186865355665464e+00
2.038869666797202829e+00
2.255217071587787281e+00
2.158058966201206630e+00
2.145952720786294954e+00
2.190338994262833072e+00
2.123062790329671046e+00
1.894280788349268718e+00
1.721871172959782204e+00
1.818014840125979026e+00
1.937524633649623018e+00
1.723024893535415547e+00
1.795434910939215145e+00
1.893963959740751601e+00
1.878926331032792829e+00
2.056319357323151742e+00
2.192273240369905452e+00
2.358807499111586381e+00
2.141882856677706837e+00
2.378702957358870052e+00
2.149512708501462921e+00
2.409637265720371513e+00
2.472381342674479399e+00
2.343629575778707341e+00
2.275558581330739294e+00
2.352138837341798183e+00
2.425005899158075184e+00
2.222112860359283015e+00
2.281998952880798015e+00
2.318899800573622549e+00
2.207661992026177522e+00
2.027006333900262192e+00
2.282881261527650807e+00
2.246006864606396647e+00
2.205134946548610753e+00
2.184707554764905524e+00
2.040239092939555743e+00
2.226444457393614407e+00
2.399875390726207591e+00
2.325892705332708310e+00
2.386443688286550291e+00
2.337562647460762033e+00
2.579318520382186009e+00
2.660127046194443512e+00
2.629877945560826547e+00
2.581296511690978512e+00
2.539165644508644792e+00
2.266781533006335003e+00
2.363527737545829233e+00
2.360897322304404522e+00
2.514314911375795436e+00
2.344664701696856479e+00
2.004638894665803139e+00
2.352473965452873017e+00
2.239861448858923687e+00
2.056661560291654922e+00
2.048462557019806951e+00
1.966269663404855095e+00
1.795234287472550205e+00
1.759412860529797618e+00
1.931951669860650478e+00
1.802267031383306239e+00
1.651035310534673561e+00
1.570769769541265681e+00
1.665193190438118087e+00
1.610407220362477965e+00
1.842905595420225806e+00
1.742985461526266322e+00
1.839902483149041812e+00
2.190289478030805093e+00
2.262939312709607353e+00
2.209772694224011680e+00
2.112246632302146931e+00
2.041000238645033882e+00
2.261952771875977763e+00
2.113088007397188939e+00
2.032385147811672343e+00
1.943251854638730736e+00
2.073564774342358419e+00
2.218172850097986704e+00
2.231658118983766759e+00
2.335079901988006412e+00
2.299080390340083824e+00
1.932743514034053200e+00
1.954981364307740721e+00
2.105482983221460547e+00
2.314183962699632335e+00
2.462630467576781168e+00
2.596213523269473189e+00
2.489987714509127148e+00
2.459728261978039399e+00
2.554402431223916636e+00
2.496491400998655408e+00
2.341375228950339782e+00
2.195539631952444726e+00
2.337634642721157618e+00
2.290840616404755448e+00
2.212056834575552244e+00
1.960420459764333101e+00
1.864446435247026468e+00
1.860474209992343031e+00
1.934151564862469641e+00
2.135799659661241190e+00
2.009231762141104660e+00
2.212449402783432717e+00
2.409427164112058595e+00
2.607686335674685996e+00
2.947804810281639654e+00
2.796258877588908121e+00
2.626287084662444649e+00
2.234039126974864953e+00
2.636760384117003753e+00
2.326383809873175945e+00
2.449283018283765934e+00
2.318542200590815394e+00
2.175387362649396028e+00
2.162745809121469520e+00
2.329273169729058068e+00
2.562674177075828563e+00
2.389589686834606486e+00
2.653828918109525148e+00
2.580686919709330951e+00
2.694605542324832737e+00
2.691082072913352441e+00
2.835297359427234820e+00
2.773112067782236956e+00
2.614962639148563639e+00
2.741378203551925186e+00
2.671805566898532103e+00
2.702371082399356084e+00
3.052132822959278791e+00
2.755541817074546707e+00
2.502588367336343822e+00
2.350927781500686375e+00
2.524605398559890634e+00
2.666706654752244887e+00
2.453072597402190524e+00
2.492769812566525189e+00
2.714944413932111278e+00
2.669049392927412168e+00
2.733320792395844911e+00
2.608815912097436573e+00
2.635834276424528611e+00
2.583757695699491208e+00
2.061217743462015584e+00
1.982180988527496357e+00
2.034466457780906623e+00
1.947136114234973014e+00
1.789867920403692914e+00
1.743865974172117195e+00
1.808972873509812507e+00
1.768207367457732992e+00
1.977277616604630639e+00
1.854089757088701829e+00
2.064283498780796311e+00
2.163432476412879168e+00
2.149393213247882350e+00
2.288113209121958036e+00
2.242612319533944465e+00
1.992853985211764822e+00
1.950572458377619611e+00
1.964753513722467870e+00
2.056766366207448460e+00
1.995469921074833675e+00
2.052557576174222298e+00
1.941972381953222415e+00
2.068525088848215177e+00
2.033115438593737334e+00
1.750137705417194933e+00
1.961666950489813210e+00
1.853668433053791365e+00
2.098568062628492825e+00
2.060711653962713719e+00
2.030795978276420222e+00
2.045247393119705048e+00
2.064118932767679659e+00
1.929927726902243679e+00
1.902084567921611402e+00
1.572908781178302462e+00
1.727664642535567951e+00
1.880230442781737343e+00
1.924038430826441326e+00
1.988598395688669251e+00
2.154313500942646176e+00
2.061804875098754319e+00
1.904012254445069052e+00
1.800421905525612765e+00
1.861403392360680975e+00
1.930631190931403118e+00
1.849790952871019023e+00
1.846495310855176708e+00
1.867277696786796115e+00
1.914487919100062774e+00
1.873937204190361694e+00
1.783506230173909746e+00
1.818701624800472816e+00
1.823770435021271119e+00
1.951955688865566252e+00
1.891135981713619740e+00
1.844252293129044151e+00
1.892499059049860932e+00
1.881678858580957625e+00
1.849748713572883840e+00
1.871355993237411308e+00
1.891329376595509260e+00
2.006116032743004762e+00
2.052394359677606417e+00
1.900423165414890203e+00
1.709434513816415091e+00
1.828089622898266819e+00
1.807856812866770468e+00
1.764971849053730057e+00
1.716860299305823290e+00
1.714629482108335212e+00
1.693483286993922476e+00
1.640244780423270043e+00
1.588170876002481968e+00
1.703735244822251582e+00
1.835366302894348767e+00
1.686369067774037944e+00
1.625626841580954718e+00
1.609848412063806133e+00
1.612574492136412463e+00
1.495837261622772418e+00
1.520324742595480227e+00
1.452143111359592842e+00
1.453150598502585211e+00
1.539270809501463333e+00
1.553718828389667905e+00
1.516192673394120449e+00
1.511974382449777998e+00
1.587110884771650188e+00
1.649516467491780380e+00
1.581073478362263751e+00
1.542524553862433034e+00
1.582189411607737961e+00
1.579269926952476144e+00
1.634239291141127870e+00
1.541727211756454663e+00
1.555765551712334105e+00
1.598478155701123393e+00
1.664987021155217128e+00
1.641778156056084459e+00
1.594540192052194216e+00
1.578239879594744544e+00
1.743502066779679893e+00
1.699602500289658868e+00
1.823873969430447550e+00
1.581460009080006168e+00
1.735859385928822496e+00
1.814838177193179192e+00
1.736217412149311246e+00
1.702568824268702485e+00
1.685384015985768480e+00
1.918264006519401876e+00
1.879374202615410772e+00
1.827460632432331700e+00
1.864475968874690137e+00
1.880964192649146494e+00
1.893765636607925407e+00
1.851881170504486862e+00
1.815339292857789388e+00
1.863242491424506930e+00
1.666496980045174547e+00
1.774423032177293136e+00
1.802465300740466292e+00
1.858256410469850683e+00
1.842796442192969675e+00
1.753027618904092977e+00
1.795493403902981289e+00
1.738504309030434847e+00
1.810104990722347873e+00
1.780812619467033286e+00
1.773730903097347600e+00
1.692777208033961145e+00
1.634036760400201294e+00
1.631732299751124993e+00
1.600823741847589687e+00
1.601467144078988936e+00
1.637694340843932395e+00
1.750420696461460590e+00
1.736135027932624642e+00
1.756214286285628035e+00
1.744618318543153190e+00
1.723009155768368883e+00
1.703127750237266813e+00
1.824077233819068500e+00
1.777896400782448705e+00
1.712221801585943171e+00
1.749464144160363777e+00
1.682597213114785273e+00
1.903187198042038952e+00
1.828037072488726933e+00
1.985187346579213363e+00
1.932978151660435628e+00
1.873655236019793113e+00
1.875079604119022525e+00
1.844672435947442901e+00
1.858273603802599760e+00
1.986092532142220035e+00
1.727570986980287993e+00
1.874180480457206199e+00
1.802585164060249490e+00
1.880967416154572858e+00
1.925818163487442947e+00
1.878225755613859960e+00
1.868757996479029515e+00
1.857766106183198040e+00
1.846861607501267377e+00
2.164804600818226454e+00
2.022854507494548315e+00
1.857868651970533858e+00
1.608966322726899323e+00
1.662062358432708109e+00
1.690798811166077886e+00
1.838810571616723344e+00
1.765147287301725543e+00
1.820823493137446514e+00
1.755601644953251883e+00
1.754145226375679378e+00
1.744798534628519970e+00
1.703639825973517041e+00
1.676237278097907790e+00
1.765940962436046480e+00
1.673484197437771215e+00
1.570777320837768887e+00
1.551172874562093185e+00
1.525078675644732762e+00
1.776747868672715613e+00
1.576244459167515100e+00
1.592492463414578063e+00
1.837679429224232219e+00
1.987265559306740315e+00
2.036182173133436635e+00
1.686883783037053997e+00
1.723216472156501089e+00
1.673921395815135549e+00
1.860200741777915390e+00
1.905073506151059304e+00
1.784458741879573873e+00
1.669153467384573153e+00
1.784004578297336163e+00
1.772360058835760865e+00
2.043915967745459028e+00
2.260098796299641055e+00
2.389238100100358420e+00
2.346760666446838339e+00
2.413487906633509539e+00
2.457037794188623892e+00
2.418933988874135466e+00
2.522117153548189883e+00
2.539473027557317852e+00
2.542422913311701560e+00
2.564666215763748092e+00
2.476252630570588753e+00
2.387096293828713467e+00
2.592583620905115183e+00
2.487198371180050493e+00
2.502597245642713908e+00
2.275427537448162063e+00
2.095361370601685813e+00
1.802221315114960420e+00
1.905536281067351956e+00
1.890689115665997733e+00
1.791814505883031261e+00
1.860905811194607518e+00
1.704889890751952075e+00
1.783836298705653300e+00
1.911570540386489325e+00
1.858797540615939159e+00
1.971809528282529422e+00
2.054718344209765402e+00
2.338562212311240618e+00
1.961430931493158836e+00
1.948356584236456079e+00
1.934478938753718458e+00
2.132083081730251184e+00
2.131557107235420467e+00
2.405924875462785106e+00
2.256253225567311116e+00
2.143184014182159647e+00
2.198262594117813329e+00
2.095622198407736114e+00
2.038693213730320863e+00
1.991783188291791795e+00
2.179896474645122151e+00
1.903811297159097471e+00
1.884261299924508526e+00
1.835491387086841453e+00
1.665035093955932854e+00
1.806527829317484901e+00
1.725307910308392589e+00
1.730578204869642533e+00
1.730289528280980482e+00
1.740546184953945197e+00
1.800910126236732633e+00
1.813040086380099281e+00
2.100458639037655395e+00
1.964239796625690149e+00
1.931453405227148812e+00
1.837828157021671460e+00
1.760834096619112055e+00
1.687104310973662757e+00
1.759896060140550222e+00
1.765151771256952884e+00
1.759083229395552062e+00
1.808017366282422156e+00
1.538128688259920551e+00
1.607033616188259684e+00
1.526436580667196674e+00
1.556626924603496498e+00
1.633255448534744803e+00
1.689599429370924888e+00
1.763596393631868153e+00
1.904286976654568919e+00
1.871645902856920785e+00
2.047785885532917849e+00
2.280999275492898715e+00
2.249491040776916861e+00
2.179981178204780434e+00
2.080146231983878824e+00
2.347173495039941216e+00
2.394304547664596772e+00
2.373052998097488153e+00
2.565525457833230494e+00
2.579823497224617679e+00
2.622590481876814206e+00
2.471346964557858072e+00
2.450817920115011983e+00
2.462036481164906032e+00
2.546254290949610866e+00
2.672750594030512961e+00
2.538907771081704734e+00
2.630813291316725699e+00
2.631484220062761281e+00
2.535087747281035142e+00
2.581785003780138865e+00
2.507369545839552849e+00
2.620727900596810489e+00
2.681347879069590157e+00
2.620521105717990462e+00
2.398394587728325256e+00
2.629314471714447432e+00
2.717248487446571659e+00
2.535389293374830544e+00
2.438929661864631449e+00
2.661295150969042567e+00
2.385740436177830937e+00
2.342194201999417302e+00
2.412575164664593874e+00
2.520469014037958644e+00
2.522069860995596269e+00
2.556557207330299786e+00
2.475207133125142178e+00
2.469852157617524746e+00
2.546239183520263349e+00
2.224946092744935822e+00
2.340875307493166080e+00
2.508282823753045232e+00
2.359582284073738823e+00
2.229628925752731750e+00
2.413137851840073012e+00
2.033329268131017997e+00
2.300289350497998875e+00
2.241260119433508002e+00
2.075557120323583415e+00
2.090515460201255671e+00
1.977699077449003751e+00
2.135668715339358315e+00
2.016691937590942008e+00
1.986954670947904678e+00
1.780361563128041613e+00
1.742294814660111824e+00
1.617320267142788204e+00
1.594528706996328760e+00
1.603032305648913081e+00
1.679284343073639052e+00
1.734720813258544547e+00
1.779973764570315087e+00
1.862289102107162142e+00
1.913383182856329245e+00
1.816205287355726838e+00
1.839174146213440109e+00
1.901828544738006777e+00
2.016931165996529440e+00
2.119000431439011845e+00
2.543567582258241089e+00
2.495938974342720051e+00
2.473618047422663668e+00
2.221865510004979782e+00
2.310603656079964985e+00
2.394087622535647331e+00
2.325152162069951789e+00
2.309755333956561962e+00
2.305869934225473816e+00
2.332551369038413647e+00
2.124611111219036896e+00
2.414097254851687691e+00
2.502885130236895517e+00
2.407641636245057448e+00
2.420017866185154798e+00
2.396830944373917749e+00
2.455342245505923504e+00
2.466372561115666606e+00
2.506003565930761567e+00
2.455315905813094446e+00
2.316646492294515802e+00
2.283596047579962374e+00
2.307111683664755386e+00
2.301695742337212192e+00
2.120449601141988882e+00
2.099600729001458443e+00
2.170554356843335420e+00
2.352431683187365952e+00
2.110580118988599096e+00
2.153244342653529042e+00
2.080938972799284414e+00
2.252230264764188750e+00
2.403176691278415600e+00
2.342917457609142495e+00
2.215935375893143711e+00
2.040932001235901350e+00
2.249070243056548346e+00
2.017412233487224871e+00
1.891606438800035095e+00
1.660379267064010733e+00
1.578050763133316048e+00
1.688273374039373165e+00
1.635194547604690296e+00
1.551530410003845839e+00
1.607715186923343698e+00
1.834134354577152681e+00
1.682471321620383931e+00
1.791151637724578416e+00
1.811292485080622461e+00
1.796607520290075533e+00
1.817452077970919344e+00
1.755459998328062099e+00
1.841513877621529183e+00
2.071366753794188664e+00
2.148909872878886684e+00
1.964309630787844041e+00
2.084071675995566419e+00
1.988806039133418579e+00
1.958514662618249469e+00
1.893885816244056386e+00
1.933252719258433450e+00
1.951779524918421771e+00
1.864061470509287721e+00
2.054167502995342787e+00
1.932310980065054640e+00
1.825612005841813712e+00
1.729170140165237513e+00
1.893877263559132773e+00
1.838700136729130019e+00
1.805249128467734110e+00
1.823896814848606551e+00
1.908993101169451201e+00
1.823348911293192431e+00
1.672818942588746971e+00
1.637430745092621542e+00
1.684144815193388656e+00
1.661588505290463758e+00
1.648299109751726776e+00
1.802489959585028112e+00
1.640158475507432767e+00
1.665186704197087808e+00
1.664148332384651985e+00
1.631919566423607693e+00
1.668833426535588416e+00
1.669869236940878077e+00
1.686630893075516946e+00
1.501809328434293045e+00
1.479299997118931786e+00
1.519409774819126868e+00
1.586827101286877317e+00
1.550470950708619400e+00
1.503836343193085456e+00
1.558856829739061922e+00
1.551364023791264257e+00
1.523986427585732439e+00
1.582348210968074209e+00
1.500108914719417097e+00
1.425744416756365762e+00
1.475472124769544813e+00
1.444476948686423290e+00
1.477835586387088007e+00
1.484271962412139656e+00
1.485089258317128902e+00
1.493161137002185335e+00
1.522495356026825508e+00
1.534153630332422136e+00
1.505332751452687967e+00
1.546208271615341578e+00
1.562336441532789832e+00
1.603367409265697763e+00
1.694232746494687358e+00
1.561399622549152433e+00
1.449524391007195545e+00
1.411223890528723768e+00
1.485645203876738707e+00
1.408536511136178948e+00
1.511102905041925126e+00
1.476944075992722150e+00
1.441716352520253208e+00
1.495844108347939239e+00
1.458496753956513459e+00
1.570026058633820609e+00
1.547216768196484571e+00
1.602725485781213211e+00
1.569882322600655966e+00
1.562625731527111705e+00
1.548343766999889626e+00
1.600001935796087071e+00
1.529544914884429563e+00
1.572174431401482941e+00
1.569637641467027445e+00
1.567067368980934239e+00
1.563834445089572034e+00
1.572486512258526536e+00
1.572794923915073362e+00
1.544679333497249729e+00
1.581513377162035328e+00
1.573491069498242911e+00
1.606014866572621269e+00
1.553605084918147528e+00
1.601831230968756792e+00
1.714693030095853832e+00
1.579379263273988032e+00
1.540548073507020277e+00
1.498650766394049816e+00
1.513040487664021105e+00
1.563830264307750406e+00
1.553868685042677056e+00
1.537871622581611142e+00
1.581487582918981394e+00
1.513233596042669715e+00
1.629293276419553571e+00
1.485241096853118670e+00
1.522323651008489875e+00
1.604689383716566553e+00
1.534709154818040933e+00
1.493225920920757899e+00
1.508452225541569769e+00
1.485964646854637694e+00
1.508060812434166342e+00
1.531635328183706513e+00
1.540053933604744518e+00
1.591592173119861231e+00
1.598793353249970073e+00
1.516503472173420741e+00
1.548959857182985234e+00
1.511959286662986734e+00
1.484318629531312661e+00
1.584859704576665251e+00
1.577621355655889124e+00
1.531850224318029863e+00
1.511833161425099714e+00
1.590364733116949258e+00
1.575854949097708513e+00
1.567211585788970130e+00
1.482293580547273670e+00
1.484068674358973494e+00
1.545311072697157728e+00
1.502928276114762873e+00
1.502132281071565600e+00
1.481764265865311181e+00
1.553683548339406917e+00
1.583201185698313473e+00
1.499406057705242601e+00
1.589774209691150908e+00
1.592215207442813973e+00
1.572139378146857780e+00
1.566522094200797799e+00
1.584891718961623175e+00
1.595312671930008364e+00
1.584066401156594139e+00
1.589886731131347153e+00
1.560788186865360139e+00
1.580036985751419376e+00
1.598639284084528267e+00
1.544777118997040510e+00
1.640010020141440483e+00
1.578259448852879387e+00
1.521327237278035982e+00
1.500200115752202690e+00
1.586785504557244986e+00
1.625863037095956809e+00
1.635328614062405927e+00
1.596798430829786897e+00
1.568337166942279426e+00
1.590763298741736831e+00
1.586340397875154684e+00
1.598125968557366328e+00
1.634533263858018115e+00
1.623610167915067848e+00
1.581097347325585378e+00
1.767449592427289717e+00
1.740124891354530412e+00
1.769715786187415540e+00
1.536881003683903790e+00
1.599492351261186718e+00
1.464046219256671444e+00
1.421085631995971710e+00
1.498616098004824870e+00
1.492686176034055956e+00
1.545096973239549198e+00
1.673436072485981363e+00
1.573498101152305484e+00
1.663788723667641190e+00
1.554284325154486446e+00
1.629282211273843428e+00
1.670255497684521862e+00
1.644701608707008988e+00
1.593558845675205893e+00
1.759011448563650104e+00
1.648465634711882899e+00
1.671865051353412790e+00
1.641359028203863035e+00
1.601844867180961751e+00
1.639165813746758849e+00
1.683415657492190354e+00
1.749457009911753236e+00
1.987678732995158404e+00
2.060387063008764841e+00
1.918724676089257786e+00
1.789097850649032040e+00
1.870669960748779337e+00
1.839443765611159520e+00
1.805140513394394297e+00
1.705880307769518600e+00
1.671614536019125019e+00
1.685404126760210231e+00
1.707777011945471601e+00
1.699015718100880035e+00
1.723691569069100371e+00
1.822500313249714399e+00
1.700906868206092382e+00
1.657584566319622921e+00
1.612626462290353224e+00
1.581231874538745474e+00
1.546513082387521276e+00
1.580313763924387827e+00
1.658698646831287871e+00
1.757722668091066254e+00
1.798687047481513535e+00
1.791826489546187062e+00
1.699581433052869572e+00
1.778465447235886732e+00
1.613107370740337387e+00
1.663449526713997928e+00
1.607329278526295147e+00
1.620952370299823198e+00
1.602081572986180813e+00
1.608137876130260269e+00
1.814519268617321490e+00
1.647081723196614167e+00
1.653927078577314136e+00
1.516349688672292029e+00
1.522210388573388862e+00
1.482200787501940287e+00
1.540677220675453096e+00
1.554888865527340736e+00
1.540810770605104407e+00
1.511232605583073818e+00
1.514617582204634383e+00
1.509750473625925071e+00
1.567245070049944733e+00
1.544984128958447167e+00
1.525637200576084540e+00
1.482275223326384728e+00
1.504691962541433226e+00
1.508216409271162961e+00
1.534157932343493069e+00
1.476551229699856860e+00
1.500056244672670624e+00
1.566470446598740018e+00
1.491932335932597775e+00
1.510795898908040336e+00
1.487357747545049014e+00
1.508590523160433960e+00
1.468651493671340180e+00
1.514502420127475713e+00
1.521333088650712373e+00
1.523619464933087420e+00
1.524145790894287922e+00
1.509767351875341390e+00
1.538362144881027405e+00
1.489952884695277202e+00
1.506716967928177997e+00
1.551437169585537790e+00
1.602854300011865130e+00
1.584087470793051677e+00
1.549077066719269036e+00
1.515127186799051673e+00
1.548632990634254636e+00
1.502868729936743364e+00
1.539328719634982523e+00
1.561614167933683683e+00
1.575619336659222380e+00
1.540078243198175878e+00
1.531951359080248043e+00
1.542604140540055457e+00
1.584017967378962277e+00
1.560160191126927831e+00
1.602315829128194924e+00
1.530711826080622062e+00
1.502316953963753976e+00
1.550924933679955542e+00
1.525490525438068845e+00
1.564315837700084977e+00
1.512321715103948305e+00
1.512957615881155293e+00
1.552895961344977982e+00
1.525830737232106493e+00
1.488822431143758118e+00
1.492819488100376679e+00
1.510875681106956359e+00
1.522468393939928610e+00
1.477528119250216543e+00
1.531196446371804853e+00
1.479015302033040324e+00
1.539067479662354243e+00
1.566393726070097525e+00
1.528558317344735462e+00
1.558482084940385093e+00
1.539717631367773398e+00
1.555288080357977609e+00
1.505799687787446883e+00
1.516479782197415194e+00
1.530295708213775141e+00
1.510491730719285774e+00
1.490973200599847726e+00
1.497139487079004683e+00
1.515783711580573900e+00
1.505622150729864384e+00
1.479106218029150766e+00
1.481492993978667183e+00
1.482863090722253974e+00
1.551935629575099451e+00
1.553265730310759984e+00
1.495335815668193513e+00
1.425949329505975083e+00
1.454266130209188601e+00
1.491139307209380149e+00
1.554820397127950171e+00
1.580779170994969451e+00
1.607127773145953231e+00
1.562660623944627680e+00
1.606743370411737981e+00
1.540706197736971594e+00
1.548311254359806766e+00
1.536549060377263798e+00
1.590454867191268162e+00
1.610492040674232905e+00
1.566597709545925365e+00
1.563591294259988995e+00
1.567477395258252804e+00
1.512717297655375104e+00
1.604335106618703044e+00
1.587053120150534236e+00
1.549887161032851512e+00
1.540790254899457645e+00
1.490366126184510920e+00
1.488132284475952583e+00
1.541789566394226041e+00
1.588628422288159703e+00
1.515615122300273843e+00
1.554133790182413710e+00
1.568801880753432743e+00
1.496455248877930577e+00
1.498956128957185108e+00
1.504323753750682169e+00
1.502708247611202363e+00
1.471172668155385166e+00
1.510708729264675032e+00
1.500634552408938394e+00
1.534043740209336759e+00
1.531163624865459427e+00
1.558823133116437720e+00
1.566717378467528787e+00
1.549922067949379700e+00
1.549688314838944425e+00
1.597652867915696939e+00
1.563938041587152661e+00
1.550606119562942586e+00
1.519303685971228779e+00
1.507646111223905017e+00
1.565871381227674330e+00
1.565497549752510320e+00
1.571633179540484315e+00
1.567435378886650854e+00
1.547951885261499072e+00
1.554246517487847035e+00
1.590045230725566139e+00
1.569013062113480128e+00
1.569309020880007122e+00
1.584483482042218672e+00
1.632753159414971345e+00
1.627529117695055039e+00
1.608994520738253442e+00
1.646026575344013976e+00
1.568488297041249258e+00
1.630447308419253893e+00
1.512617132659330066e+00
1.532049346980949966e+00
1.584669813655783299e+00
1.587800488744590233e+00
1.575200629577379274e+00
1.601689047180912651e+00
1.630072029159459923e+00
1.621472635274266105e+00
1.664870460856909373e+00
1.605491400789928802e+00
1.613873025510204062e+00
1.617674984052788423e+00
1.621459693651859935e+00
1.610664427829511247e+00
1.616613358836391567e+00
1.637012955935010838e+00
1.613082860664824425e+00
1.654259380332615548e+00
1.646943945776685236e+00
1.625418887717469341e+00
1.634414486601590388e+00
1.600497346965958023e+00
1.596632911663061094e+00
1.582814566837090764e+00
1.569747824413639803e+00
1.631543039978442744e+00
1.590757311737750479e+00
1.610754559558806864e+00
1.591784874134054117e+00
1.584081826384204472e+00
1.602960994371006365e+00
1.633936447465023312e+00
1.605466907620823003e+00
1.598448451201099463e+00
1.613603553967152937e+00
1.632703752409866649e+00
1.553600167556504985e+00
1.625297160086935477e+00
1.622783136058189690e+00
1.562676780364615992e+00
1.568302451304350864e+00
1.639254960723836252e+00
1.625869935351378803e+00
1.641504630766759787e+00
1.682098075487308719e+00
1.624519912567996105e+00
1.650837887355933731e+00
1.597689795459646289e+00
1.618007234549480255e+00
1.581440355009505749e+00
1.634776965864920939e+00
1.671737627233879309e+00
1.643255576682134400e+00
1.648626130742596452e+00
1.613242608441393555e+00
1.577108276658284236e+00
1.559595943433657705e+00
1.548240234556119921e+00
1.570707182087268228e+00
1.614222126105941069e+00
1.594757527336448710e+00
1.584659024680650896e+00
1.554235714491863707e+00
1.603256953742024926e+00
1.565279529462740848e+00
1.553936241341895785e+00
1.591531071447551238e+00
1.597868219177201787e+00
1.548022904634670738e+00
1.614053555258316397e+00
1.583724999382626564e+00
1.585214318509036824e+00
1.564630094580558017e+00
1.624667731838890683e+00
1.751715968493865239e+00
1.821654759594447892e+00
1.815828034560726056e+00
1.762231439224289486e+00
1.798840009436530663e+00
1.883935978975951553e+00
1.807953648472340413e+00
1.854980073843248922e+00
1.736061164691943715e+00
1.758461338016672038e+00
1.731130003362504111e+00
1.785278705670815702e+00
1.759397767393128476e+00
1.730221690358915154e+00
1.628981543145400446e+00
1.771065784000507737e+00
1.830671115010613637e+00
1.698848028040048863e+00
1.751827022156604352e+00
1.699016590916526459e+00
1.824713645333341683e+00
1.800832346941563911e+00
1.743335678135474076e+00
1.668843678921127616e+00
1.678234161627774723e+00
1.773531239382420965e+00
1.731986975937514828e+00
1.714470565691666115e+00
1.838332116144642425e+00
1.775641794577323740e+00
1.678626628413570465e+00
1.847877470739579753e+00
1.741381890632972551e+00
1.745264230417782114e+00
1.752398310998917186e+00
1.710796256714905317e+00
1.830792378867216019e+00
1.888401172014600338e+00
1.844836790785948422e+00
2.025355309313686458e+00
1.804736440488177607e+00
1.888337714028768488e+00
1.931612114655233192e+00
1.881236868343902247e+00
1.787714948263446679e+00
1.783468726504398694e+00
1.834155015385691589e+00
1.769690524085288930e+00
1.713612525774008022e+00
1.741120840175533591e+00
1.812214586667697080e+00
1.821783702292502749e+00
1.698093529499461241e+00
1.861392980319833468e+00
1.933317387480219640e+00
1.867408967258429531e+00
2.143043217313145732e+00
1.894712727178408551e+00
1.829047056292328888e+00
1.838840690866386129e+00
1.905054769360789324e+00
1.790581326711240928e+00
1.699906532078396371e+00
1.736782671121314570e+00
1.835676646256070299e+00
2.063779150164135157e+00
2.006350126827181501e+00
1.909887407654035973e+00
1.927651596191843453e+00
1.703021528307540056e+00
1.661852351823793095e+00
1.723567598588099825e+00
1.727974519673378451e+00
1.565539744751313966e+00
1.663718903212574762e+00
1.748304805145532548e+00
2.004786024262319888e+00
2.083304875183949800e+00
1.906720547059515880e+00
1.788351242526250662e+00
1.985415619140737720e+00
1.875549129881558308e+00
1.803547613344355316e+00
1.805402162776932773e+00
1.813940524976884960e+00
1.897239246983770666e+00
1.907908451680641049e+00
1.758055375084955019e+00
1.701007631773338469e+00
1.815681740425653778e+00
1.970268889753025610e+00
1.915376944440301710e+00
1.830838752443151085e+00
1.895007484536986420e+00
1.865894570810341824e+00
1.886785053018895875e+00
1.829403282827655408e+00
1.789957847408052416e+00
1.781891480376334602e+00
1.811855575150634223e+00
1.908171747733785173e+00
1.885511685575592900e+00
1.784992462626350695e+00
1.739931287428093221e+00
1.784023411859031683e+00
1.776798884612471374e+00
1.795633687858499750e+00
1.761008501070154608e+00
1.808523286795194362e+00
1.989452263801072540e+00
1.879588196427545377e+00
1.873521414456582379e+00
1.962044729027128565e+00
1.981340201388884337e+00
2.130257413174313719e+00
1.905284153243945067e+00
2.063749913656395041e+00
1.971549114931199886e+00
2.225514917727115627e+00
2.362527922642901235e+00
2.557934258266054695e+00
2.496555799721161151e+00
2.542483507075512517e+00
2.597468760982741376e+00
2.541766778359280110e+00
2.418754732422490505e+00
2.411156879971015687e+00
2.361817961777169295e+00
2.359503662910848565e+00
2.385878837336683933e+00
2.266779456882392019e+00
2.176532556323925949e+00
2.266481003369159364e+00
2.178133859629292957e+00
2.264928147860374441e+00
2.129383535102421288e+00
2.115040957016838252e+00
2.014350502336064164e+00
2.087022831348036345e+00
1.907957238124021959e+00
1.868170239567733537e+00
1.795188443081121576e+00
1.812302449656842063e+00
1.943053814381167310e+00
2.091760177612472571e+00
1.948206719177948631e+00
1.792628184667633739e+00
1.907086533213094182e+00
2.024929029780765610e+00
2.284484995585457590e+00
2.168160849275666546e+00
2.079777869325288187e+00
2.044881857773693135e+00
2.219561628739926018e+00
2.166509065694350866e+00
2.247230726036041570e+00
2.289609917592345223e+00
2.421888109628361097e+00
2.670076359795763299e+00
2.693281831411995952e+00
2.419407320063581057e+00
2.186498972562462839e+00
2.149966619449076966e+00
2.472999727566985939e+00
2.494337718754120026e+00
2.276204286115979247e+00
2.718267699272102877e+00
2.570372415720653780e+00
2.636501354634035454e+00
2.598639234588649316e+00
2.718132015620405628e+00
2.534212946174692060e+00
2.387377424160061601e+00
2.651199137858224475e+00
2.550747457332718682e+00
2.386711837065793596e+00
2.400703381909166545e+00
2.492568032517786580e+00
2.551810470212676485e+00
2.559660912144885447e+00
2.511465843719931090e+00
2.278834954020566350e+00
2.573360608181183284e+00
2.721894336045498797e+00
2.587427742744795367e+00
2.719250768723258993e+00
2.740226270197180902e+00
2.574799100973103716e+00
2.519994431874246654e+00
2.534350797971870239e+00
2.687283071141720381e+00
2.776601537805876596e+00
2.691366469990841725e+00
2.788572737279432001e+00
2.603117775239859988e+00
2.523929294354240849e+00
2.592832801244283836e+00
2.659978313837865205e+00
2.518522142584028511e+00
2.394603824648512624e+00
2.560320378986789880e+00
2.587807964268935113e+00
2.532477210865873296e+00
2.618012526269349660e+00
2.671653240035234855e+00
2.868158724293362383e+00
2.732785027989893756e+00
2.731383314950794006e+00
2.736208104769063176e+00
2.859036748640234382e+00
2.813473858673892547e+00
2.807113667419261382e+00
2.781173917587287825e+00
2.766066530514812882e+00
2.693111465814756578e+00
2.630998163983815363e+00
2.662539392051389342e+00
2.473436802647460020e+00
2.442278879761646149e+00
2.394712782846470045e+00
2.367397023343520868e+00
2.271597403054265829e+00
2.524701846636573155e+00
2.360946750152493667e+00
2.246557935134414041e+00
2.066153913580965007e+00
2.028908174424038702e+00
2.178618389829007462e+00
2.240511695980482276e+00
2.248609042941167591e+00
2.383840881827205660e+00
2.257876726511703236e+00
2.419065221865420945e+00
2.290426709518270876e+00
2.196310484654022677e+00
2.310959565017059347e+00
2.150666271389416906e+00
2.224825411596643931e+00
2.185810118727450568e+00
2.071860311795379328e+00
2.189018220456818042e+00
1.977498105665904227e+00
2.085020745991758684e+00
2.265754019059004865e+00
2.252144474802966645e+00
2.272061017988280529e+00
2.345611648993932263e+00
2.267388628193110822e+00
2.129127740533507396e+00
2.210295144981229143e+00
2.229295382391176528e+00
2.232436630397498067e+00
2.287712349596008998e+00
2.354503444129257606e+00
2.250908812755358923e+00
2.297559872803889292e+00
2.357043041565948460e+00
2.403287385038231250e+00
2.357068155334189008e+00
2.251405631891575165e+00
2.140524269101535815e+00
2.200982391421830719e+00
2.019954575402395314e+00
2.256810340910790913e+00
2.251651289119166677e+00
2.344806043340236457e+00
2.604615070606152827e+00
2.589818930888376336e+00
2.457275808962384289e+00
2.496459834034967962e+00
2.592203234746958795e+00
2.509945220383476894e+00
2.534932385893462925e+00
2.648963256658001253e+00
2.652417987568002733e+00
2.420234829753300065e+00
2.367733576544996055e+00
2.256913923266349542e+00
2.442485552101673285e+00
2.255793261357273760e+00
2.290384178581886587e+00
2.339742996553437759e+00
2.409013487134992637e+00
2.363767129520327082e+00
2.185128921312309291e+00
2.204784701700973404e+00
2.179070021579404326e+00
2.344299439347691028e+00
2.260283816173877636e+00
2.581778796077842664e+00
2.514138426909879875e+00
2.690633309526166528e+00
2.795521331496489736e+00
2.666526759212165754e+00
2.658149407538186182e+00
2.594146974141120499e+00
2.569792434387979441e+00
2.645395953839758008e+00
2.660103487426943580e+00
2.824840543901402157e+00
2.660939505348870693e+00
2.696491227434871796e+00
2.697061488778775384e+00
2.534773665107628471e+00
2.464000549078657176e+00
2.517911237003576552e+00
2.454260753723374933e+00
2.549138677895627314e+00
2.686129105407234263e+00
2.489151270098395319e+00
2.475989834968115755e+00
2.584835719303260948e+00
2.334901917515043834e+00
2.643181255857148582e+00
2.661244551859483831e+00
2.579396260388396200e+00
2.391807873834661091e+00
2.554533174017529884e+00
2.551977492825333371e+00
2.337655464760852730e+00
2.549647159245528982e+00
2.780860683318537863e+00
2.652737161319921544e+00
2.614912766643572084e+00
2.577429332810315721e+00
2.344673567570215500e+00
2.516250684715685804e+00
2.454000566074898249e+00
2.402652457244801365e+00
2.318852487681200447e+00
2.521291959274070127e+00
2.555331120354629171e+00
2.625690655816972363e+00
2.754337534762220763e+00
2.845120670452789380e+00
2.744890026268903771e+00
2.601686960274170790e+00
2.568207071172867728e+00
2.471644520904119346e+00
2.464934275384137230e+00
2.341300770741848947e+00
2.321079877731401009e+00
2.313725615017250270e+00
2.329387405376688758e+00
2.367590191334033367e+00
2.102768868188846785e+00
2.082638460091046806e+00
2.202625503441690835e+00
2.274684309229871637e+00
2.209568852230385794e+00
2.245432552795378456e+00
2.259669424058109222e+00
2.213783548071641238e+00
2.232059192785806001e+00
2.346012941560880360e+00
2.315500303541688343e+00
2.680613068010178957e+00
2.537738835417446381e+00
2.452518884727518333e+00
2.577986370573107866e+00
2.397425278870377596e+00
2.686465538341143766e+00
2.701956123871573467e+00
2.480454671328407468e+00
2.529066741346450264e+00
2.440971053672256197e+00
2.208191916323590132e+00
2.086662551496508478e+00
2.025283992189815141e+00
1.915372374158173185e+00
2.002313195152919167e+00
2.026057226431196678e+00
2.085990822400237477e+00
1.976960704683868864e+00
1.990125983902266471e+00
1.965225990824557289e+00
1.998217377994560451e+00
1.992421509479171071e+00
1.889895706479421733e+00
1.934360282840726697e+00
1.940103811111415055e+00
1.887553521223345188e+00
1.795395179467503599e+00
1.873715030096412715e+00
1.930612509711264524e+00
1.809473671192629585e+00
1.824337314926997022e+00
1.963052974592357947e+00
1.854217786492239117e+00
1.905802250721517099e+00
1.875857764247722992e+00
1.892071232511367551e+00
1.827869984602549680e+00
1.904250361576074191e+00
1.984251557605099636e+00
1.750697567697945711e+00
1.697382018521271796e+00
1.841601603745699034e+00
1.928464208563597904e+00
1.737373734899738009e+00
1.924722444412533040e+00
2.014784225343665636e+00
1.920911533297933849e+00
1.726337381596646958e+00
1.790165802819607688e+00
1.784771039935968862e+00
1.848057890003904635e+00
1.771890457913703809e+00
1.727936721161749789e+00
1.782169626023117903e+00
1.746861477004920893e+00
1.797830325375204596e+00
1.874457955252000207e+00
1.754067293814437711e+00
1.891463589204289031e+00
2.012922367585187722e+00
2.190970420667549323e+00
2.119403005940450058e+00
2.148164159699249787e+00
2.162214657665005202e+00
2.090836921424690242e+00
2.069422208791468432e+00
2.020146105772786527e+00
1.957577732782630031e+00
2.012210080309317473e+00
2.110697677734611144e+00
2.288270128554461991e+00
2.224182938061390669e+00
2.068144678880724729e+00
1.898269947483801623e+00
1.779456113681574747e+00
1.866344205889411967e+00
1.727947411993224769e+00
1.926909956661447598e+00
2.039240738473602210e+00
2.174214768313777135e+00
2.176509345077755064e+00
2.077789168248761698e+00
2.214797704655669275e+00
2.515492904838437127e+00
2.509541528530833787e+00
2.725759075511892782e+00
2.611185719853438503e+00
2.652282153187828673e+00
2.503104598882884613e+00
2.407060729108898123e+00
2.655588444094534761e+00
2.440067878883870556e+00
2.523128564965012810e+00
2.320192577341813500e+00
2.076659951999716203e+00
2.278905413583445227e+00
2.028902764731590480e+00
2.078763310321158464e+00
2.224344841298115494e+00
2.300712345787917279e+00
2.121393674147950215e+00
2.160140776777364824e+00
2.359264597895185389e+00
2.422031419981089062e+00
2.376728819647312640e+00
2.286633855195165044e+00
2.223255338574384066e+00
2.135533594835074211e+00
2.171769859137696823e+00
2.396759152843423557e+00
2.413624887356076609e+00
2.426924776748584645e+00
2.126865287535660176e+00
2.062174883367268396e+00
2.125346117860981821e+00
2.053468326787896814e+00
2.019821258198214675e+00
2.091759523231390361e+00
2.191103039171696132e+00
2.260473922879510322e+00
2.292148954551070261e+00
2.411740522552611843e+00
2.537815195134443425e+00
2.484028163241494003e+00
2.258692617587301221e+00
2.331381790219390293e+00
2.138015131032498850e+00
2.215941014086990624e+00
2.367299706945309890e+00
2.473720474723160478e+00
2.244369004460857298e+00
2.238672493073103009e+00
2.293208314239830958e+00
2.375757312991969350e+00
2.378852592901877561e+00
2.281904336315149884e+00
2.438018784691444285e+00
2.675870387915373350e+00
2.515461001841718502e+00
2.311742094157453575e+00
2.590841332852160228e+00
2.716005259138514649e+00
2.743140440076886843e+00
2.621254949532553891e+00
2.315642233389622273e+00
2.437459172133876084e+00
2.032901275194915591e+00
2.086998230683500655e+00
2.250406339754615459e+00
2.196382941431040514e+00
2.104095353555764270e+00
2.246218450370250697e+00
2.217395611814648948e+00
2.204446519142333916e+00
2.308748367790815603e+00
2.122466392248485434e+00
2.352625286517923353e+00
2.063751078153749585e+00
2.172087490932404386e+00
2.181862232999630447e+00
2.340777672104448648e+00
2.292851812913624165e+00
2.190075323276276631e+00
2.214378681076303312e+00
2.265457021665779891e+00
2.272101629662764299e+00
2.066599974401266859e+00
2.603455443639088873e+00
2.377130061880378786e+00
2.175823184932269339e+00
2.384399414810672635e+00
2.237305371167490620e+00
2.339409161634293799e+00
2.591509815938355832e+00
2.547771807783190123e+00
2.410335146235905945e+00
2.514537988483023234e+00
2.602493412341324142e+00
2.395946858261299717e+00
2.577019488918883994e+00
2.478830686504714276e+00
2.157822841860288499e+00
2.382813445471781311e+00
2.157924297959190163e+00
2.354033694425995638e+00
2.420077348721165755e+00
2.571505937879829951e+00
2.782351605285022345e+00
2.825747398568724922e+00
2.666556266470250680e+00
2.362760941237644907e+00
2.334112911112159683e+00
2.109076961616032975e+00
2.410119099106120100e+00
2.419834863872257102e+00
2.439676456808204108e+00
2.523240396061510182e+00
2.441993305471142683e+00
2.532461218696300698e+00
2.419138806026647881e+00
2.437049159746030647e+00
2.432071247613229570e+00
2.256257990415559522e+00
2.392140645389761122e+00
2.672219836151886962e+00
2.452378848845651493e+00
2.524815611862070597e+00
2.302108178407725969e+00
2.281791106347981213e+00
2.143223233279732742e+00
2.280173781812513845e+00
2.429410220506293516e+00
2.585663732126132430e+00
2.491741659800245756e+00
2.604309435418752372e+00
2.739638780360382331e+00
2.646979191548965549e+00
2.611920718502513505e+00
2.699772863256476363e+00
2.640573161700701110e+00
2.505085992905584646e+00
2.591540068211869219e+00
2.498015822888127069e+00
2.483213953389620698e+00
2.491994334158334823e+00
2.484123578994072545e+00
2.669130557205298793e+00
2.399212529593571563e+00
2.236791777449020024e+00
2.279408397874573833e+00
2.350465242671884170e+00
2.280560991099573442e+00
2.257545041048384160e+00
2.440623251570949392e+00
2.483656801477914566e+00
2.382569120278399399e+00
2.342788906671303018e+00
2.626079874487684762e+00
2.486953465434158073e+00
2.277806598272629213e+00
2.326664118575037854e+00
2.301303032735610543e+00
2.533723555865914356e+00
2.594568680547608253e+00
2.662061184490918109e+00
2.603545181551461862e+00
2.585039811546786304e+00
2.666896728511446213e+00
2.494253451353820594e+00
2.709885740772469909e+00
2.543697848288526409e+00
2.498573159987612868e+00
2.472616794733898171e+00
2.483391829881911317e+00
2.441635753235440909e+00
2.671537016428443767e+00
2.530643308178127882e+00
2.467280015867164611e+00
2.463581580399742954e+00
2.242880576560879025e+00
2.798963124413963666e+00
2.638476390324185239e+00
2.576829879504422660e+00
2.592928276665661613e+00
2.688361434800551120e+00
2.558380359872215681e+00
2.667206506775422259e+00
2.967421587887507428e+00
2.814380924913109538e+00
2.554718385437336092e+00
2.548243933721707322e+00
2.642654084564468153e+00
2.304175249161684036e+00
2.383734354353397755e+00
2.390153920997610371e+00
2.077894185171191399e+00
2.074840383396090893e+00
2.244160028019151376e+00
2.224843458837661547e+00
2.241578309383805756e+00
2.367163252086801783e+00
2.523200846928634000e+00
2.335271093105932838e+00
2.454658896433585369e+00
2.351578925042679291e+00
2.275063040423317418e+00
2.355343189269425430e+00
2.228566630070395238e+00
2.209340166045716813e+00
2.096126611300843212e+00
2.202453858192771285e+00
2.367367553317786921e+00
2.341304853238266315e+00
2.202335640746301948e+00
2.337469504676713772e+00
2.330991908249002265e+00
2.487224013530318079e+00
2.384311855863326279e+00
2.400182231246821285e+00
2.415967933722838801e+00
2.585724497213686135e+00
2.555860183592223667e+00
2.503581088788604081e+00
2.357972588734978281e+00
2.311487187729096782e+00
2.341156865254374164e+00
2.534749672942832266e+00
2.403127218635401352e+00
2.517134959925161564e+00
2.501474282935148619e+00
2.344357664466222513e+00
2.580373954893468103e+00
2.542363758046979338e+00
2.495581641981694521e+00
2.535636631660918017e+00
2.450685888547068370e+00
2.282896728716633739e+00
2.208382215401534676e+00
1.983465136717709854e+00
2.228997437868024623e+00
2.296303239780333794e+00
2.152842468885881821e+00
2.284353344550182907e+00
2.201832970783582866e+00
2.228997443329125527e+00
2.105379665080722607e+00
2.032774279848049037e+00
2.011819349914080846e+00
2.133479868813008107e+00
2.084089583806744361e+00
1.831788966506975536e+00
1.809290442714178493e+00
1.723394312870404121e+00
1.743608291121669707e+00
1.788541459867591499e+00
1.670608513065324319e+00
1.903050491102801889e+00
1.675752867217189968e+00
1.848041264544738382e+00
1.688685865203485958e+00
1.655522271679786384e+00
1.763987381320274439e+00
1.821278137190395441e+00
1.727252171159714411e+00
1.740341121983729700e+00
1.786494035462889096e+00
1.595886539238513979e+00
1.608915232138488749e+00
1.759551582009452053e+00
1.781172634642784525e+00
1.738067042002899187e+00
1.658415760504104774e+00
1.729467560242711643e+00
1.692323342692449772e+00
1.611721695080171379e+00
1.711453713886210481e+00
1.649823133195915226e+00
1.771215038805568964e+00
1.820152458770170512e+00
1.809923823102158380e+00
1.919681627668684554e+00
1.704226729421886910e+00
1.773994060477748214e+00
1.731359651801363642e+00
1.598916079786065092e+00
1.685778457217132376e+00
1.887485444815419244e+00
1.928558398420822106e+00
2.037867652950552610e+00
1.957072907410605911e+00
2.091638163405792117e+00
2.310421388839665635e+00
2.326026454073831129e+00
2.354223731212831350e+00
2.209830607588676887e+00
2.127514269669775526e+00
2.172786775598988473e+00
2.117162740901748386e+00
2.123989281054729616e+00
2.115675622372236830e+00
1.912834249055532343e+00
1.872564404168607810e+00
1.843271924988576949e+00
2.179995864369042913e+00
2.074882182872933800e+00
2.203120536750141856e+00
2.307955169942160101e+00
2.243916560870040211e+00
2.219373190955708619e+00
2.366034080857519761e+00
2.254286634110178600e+00
2.327740696037897905e+00
2.285873610091106567e+00
2.053431338430107278e+00
2.158990073646664065e+00
2.187802498009757457e+00
2.150533379271510448e+00
2.207161850187209229e+00
1.989507737847505231e+00
1.725197571194335033e+00
1.751483625098451125e+00
1.623343878137718965e+00
2.054006476239625290e+00
1.829058787638158323e+00
1.714358138535605480e+00
1.808268901205026369e+00
1.987416202742916971e+00
1.945851379143301640e+00
2.124567256833323370e+00
1.922182706619687709e+00
1.699523497160186913e+00
1.672099342574229874e+00
1.784186673378418186e+00
1.912940874165981686e+00
1.836191683221660931e+00
2.012009680456564364e+00
2.007913598273709965e+00
2.010021623185469508e+00
1.812380413215886943e+00
1.734897118058859711e+00
1.886162689363457545e+00
1.831060089590494488e+00
1.985786221744109126e+00
1.952517384643499998e+00
1.971573644532060410e+00
1.911026863510180140e+00
1.823498711463896305e+00
1.850783957396844537e+00
1.851717741378500648e+00
1.861400990645321496e+00
1.955175594309051412e+00
1.856464310398412421e+00
1.759652727425228491e+00
1.678212434211464821e+00
1.772118747037717768e+00
1.771606077652564171e+00
1.835655198643335151e+00
1.903879962606437548e+00
1.757018670897627644e+00
1.762994856410934341e+00
1.758534751050064848e+00
2.010875224283400708e+00
1.933300495689999732e+00
1.809115638499783074e+00
1.754456037142739566e+00
1.763189567962797133e+00
1.810594510823481107e+00
1.682326765601805496e+00
1.737062702825337590e+00
1.765932959101599087e+00
1.750322087172428098e+00
1.906583304146389102e+00
1.900292981581356511e+00
1.756128694472176122e+00
2.023235991221637775e+00
2.257363775324010557e+00
2.404237943902490571e+00
2.329679217175959494e+00
2.248041573133571891e+00
2.075112275719652732e+00
2.355268621943299667e+00
2.392728482900462694e+00
2.372274295262349675e+00
2.453242485208320556e+00
2.556518828759186235e+00
2.283205397207009657e+00
2.283018673887165839e+00
2.193929558538628477e+00
2.344260980933908112e+00
2.300906171900830799e+00
2.220222964564240176e+00
2.160915715281622074e+00
1.908675722189681734e+00
1.934741510250222563e+00
1.964285445103864269e+00
1.981021202681787496e+00
1.915523509833866544e+00
1.913080052025413202e+00
1.978694896882794430e+00
2.158697308971605722e+00
2.291708771876050044e+00
2.301398483540654460e+00
2.437210527846754626e+00
2.367518610492715503e+00
2.376723203130364670e+00
2.557118008926690944e+00
2.756738099026954103e+00
2.656457472712816958e+00
2.620863150410469355e+00
2.413353058197396983e+00
2.147482177671554027e+00
2.070758780400459909e+00
2.093976670421705322e+00
1.889735615142342340e+00
1.899328557932431494e+00
2.010969998464148034e+00
1.923838855050474583e+00
2.023291446682307981e+00
1.990864513016914472e+00
1.945141678689640052e+00
1.853438195202019356e+00
1.964871269398452247e+00
1.989500382672685364e+00
1.916094744692986351e+00
1.995806881574204494e+00
2.024651338662804889e+00
2.082945952341979101e+00
2.027817328292612853e+00
2.026277507698726943e+00
2.151593043924946436e+00
2.260518406350136456e+00
2.059322456471102125e+00
2.123925103901433520e+00
2.107187424614164861e+00
2.229275838602576609e+00
2.219531846015754706e+00
2.226750404228158509e+00
2.230038552443700084e+00
2.269395053517794469e+00
2.251226117207982380e+00
2.375774623596713653e+00
2.423143869382049509e+00
2.749937273447576214e+00
2.622134762732609925e+00
2.543584411733171624e+00
2.678759404810429956e+00
2.931077305991162341e+00
2.796935171707247481e+00
2.928154554318011193e+00
2.941829977454783140e+00
2.700349861037689259e+00
2.537481983120587703e+00
2.236724656190657967e+00
2.300699956534092205e+00
2.060474064203054567e+00
2.020163498288384485e+00
2.126875515100350444e+00
2.079797906407657493e+00
2.041044202406940844e+00
2.145883819533536130e+00
2.271934151433247617e+00
2.102576377590779089e+00
2.289275663492434276e+00
2.461971854961575001e+00
2.594709983911479334e+00
2.683592296133600286e+00
2.705527840716237531e+00
2.865213178643059244e+00
2.691936817032417828e+00
2.903129500370487115e+00
2.855671519159568295e+00
2.966734748784578546e+00
2.741390502323933109e+00
2.572106862245977954e+00
2.700202050407220167e+00
2.713175029718080999e+00
2.771394699065447220e+00
2.737671816580591333e+00
2.700087731521902512e+00
2.719305263359609981e+00
2.716696703214722231e+00
2.616753428759282407e+00
2.684026847934201321e+00
2.472117254477719683e+00
2.447329865334538113e+00
2.556087747496065266e+00
2.473478269363639015e+00
2.841924927335004902e+00
2.771377245171131598e+00
2.799156184660776869e+00
2.576945949211732145e+00
2.634402155054643035e+00
2.721287656743765826e+00
2.674392762868781137e+00
2.527186271347975577e+00
2.443610093412294404e+00
2.576463107531893559e+00
2.371218983358038823e+00
2.380761777547470093e+00
2.139205715453511125e+00
2.111697139923501165e+00
1.967649898598052172e+00
1.873806854758039986e+00
2.359152238703755344e+00
2.491918147505142400e+00
2.340039508641204691e+00
2.299031152037776415e+00
2.104418103306627152e+00
2.098802074936756856e+00
1.938747703105385245e+00
2.174104233995653335e+00
2.189928744295953411e+00
2.390079541281108888e+00
2.368192281165784507e+00
2.328840236458725066e+00
2.216998859615914252e+00
2.541609300138350402e+00
2.151806309155729569e+00
2.160458881449122348e+00
2.349666070892181935e+00
2.309465645094780584e+00
2.618250832734398958e+00
2.756061363816193932e+00
2.754577219960523404e+00
2.644019606484838469e+00
2.937922542160068318e+00
2.674559896541389925e+00
2.514082192007319527e+00
2.576793408953242714e+00
2.523238630463189747e+00
2.603078606150519558e+00
2.419812932301904418e+00
2.360904280567710956e+00
2.193568161572458042e+00
2.040168390369612617e+00
2.244847793120938739e+00
2.627102199434904417e+00
2.285177011304861949e+00
2.279534668181615320e+00
2.056724847043864823e+00
2.039189214218810164e+00
1.906759875185709552e+00
2.028742891212639954e+00
1.953569383383602531e+00
1.966321824247618144e+00
1.827124899315730078e+00
1.941350572804787067e+00
1.750591742176169863e+00
1.972603497420236218e+00
2.016672778568975311e+00
2.076582435797875270e+00
2.097157413541355542e+00
2.289099688732841198e+00
2.333819206454732953e+00
2.337530786166883257e+00
2.666029567826699420e+00
2.651338038671295472e+00
2.743103473790610369e+00
2.699775813575409966e+00
2.773997168059548990e+00
2.717826878297646243e+00
2.739797745961432440e+00
2.822291057439917150e+00
2.591188179357847510e+00
2.525654327346114947e+00
2.577872171675836377e+00
2.562465731707142425e+00
2.529830237949745708e+00
2.407479501162486546e+00
2.026341082865849241e+00
1.969715663091255564e+00
2.153874923571089006e+00
2.323170022566546145e+00
2.456682406666681473e+00
2.422206137800443582e+00
2.356247433974443695e+00
2.457463683250171282e+00
2.496309701845853546e+00
2.417728666472087173e+00
2.068191804936863054e+00
1.979345714797087430e+00
2.336516663989305798e+00
2.270285406247099846e+00
2.557236903564745756e+00
2.321180303276004775e+00
2.230690625651873038e+00
2.412614075754384135e+00
2.386107517259715038e+00
2.524595308641961022e+00
2.414222846193308403e+00
2.447369361101487950e+00
2.302022886954518288e+00
2.283633223905635390e+00
2.528086353664703800e+00
2.365134528190611984e+00
2.324826426286554337e+00
2.469505843340645157e+00
2.441596495015291524e+00
2.607496865513148521e+00
2.515886290356397659e+00
2.513850380563267262e+00
2.554106351187600321e+00
2.483861812684608150e+00
2.334535477187087871e+00
2.479722073990379805e+00
2.246476146993069634e+00
2.639221934546917225e+00
2.564253866998362774e+00
2.617703554006157063e+00
2.477352743872785812e+00
2.302881742650122021e+00
2.203531623264747275e+00
1.994240733939096177e+00
2.062550434732464577e+00
2.163026876695110179e+00
2.206420436295271514e+00
2.172023040305736785e+00
1.993517548038374443e+00
2.102544280286071210e+00
2.458413243939584270e+00
2.556105362004074788e+00
2.704045325734637295e+00
2.524338795645629574e+00
2.318268092775588762e+00
2.734451943798224427e+00
3.098479235621292904e+00
2.945202230781497565e+00
2.728255067509026688e+00
2.345794862579770435e+00
2.332953927488087054e+00
2.251303766762335012e+00
2.033256742593112509e+00
2.303084021381673452e+00
2.289830317664010906e+00
2.065263684886555318e+00
2.110402268864434827e+00
2.188105003069691801e+00
2.354208133205044184e+00
2.071180802731462656e+00
2.215943467497150099e+00
2.155231033780857341e+00
2.390191112265379392e+00
2.095067079995212023e+00
2.209030498099554318e+00
2.000824937911426016e+00
2.184962832034610614e+00
2.227523318712402833e+00
2.410269118229451113e+00
2.562185532889387218e+00
2.465600561761304377e+00
2.532449141711201612e+00
2.470899637930795034e+00
2.482742201653076020e+00
2.406354700765329202e+00
2.083267727588983487e+00
2.189843761048481774e+00
2.151768054780772044e+00
2.162873885097297055e+00
2.131921523930904172e+00
1.995877496544495866e+00
2.184911655111155593e+00
2.216135089722565343e+00
2.360349204774191190e+00
2.605377833570037716e+00
2.311710708335663611e+00
2.581013896244316985e+00
2.218198576618602758e+00
2.140318146653858555e+00
2.100171749944907962e+00
2.280973894990584672e+00
2.191791653864311407e+00
2.265961203101798827e+00
2.211372500524458662e+00
2.025834229852117474e+00
1.992685258706430984e+00
1.861000780808264921e+00
1.844599819089341342e+00
1.838344341598376008e+00
1.889924272916992054e+00
1.872017174947108176e+00
1.969853616880222535e+00
1.846679437924151124e+00
1.847350267836855409e+00
1.859662109146285269e+00
1.812223009511542582e+00
1.861633264663037579e+00
1.891730266201991251e+00
1.940012471158742979e+00
1.966753166386712603e+00
2.121543758570614280e+00
2.202680967702821846e+00
2.369973380360465232e+00
2.161945203653501402e+00
2.246384004805789036e+00
2.408206111985892850e+00
2.400674837241648429e+00
2.164511729358114422e+00
2.504186483767414817e+00
2.642155673284567019e+00
2.699071211942644322e+00
2.733991336808848427e+00
2.619429027175016245e+00
2.499282638709136695e+00
2.540457509231768274e+00
2.519465609696164954e+00
2.269854618522290313e+00
2.078616251553995653e+00
2.207731802515918496e+00
2.214326369166367492e+00
2.258466774789582576e+00
2.261033950251905456e+00
2.250662612057954259e+00
2.189226045587381542e+00
2.210833838539750573e+00
2.347819126586131677e+00
2.333402073765950657e+00
2.359386531950026900e+00
2.270573428550655137e+00
2.388221192204224241e+00
2.234500791295767730e+00
2.187764639360659569e+00
2.168660166574918335e+00
2.049732208787959475e+00
2.003549403323781508e+00
1.962973028857290192e+00
1.987548535943208128e+00
2.198120149984723604e+00
2.276377911157821288e+00
2.392154168585036267e+00
2.339038128304026465e+00
2.420243633334098643e+00
2.103127559656874812e+00
2.246866879482802393e+00
2.361977417115384892e+00
2.322601186388110861e+00
2.063755918273958212e+00
2.354193404481423890e+00
2.273982962213948689e+00
2.158200445301750037e+00
2.605751240418151315e+00
2.424492650966408203e+00
2.502871927206572700e+00
2.395227744084956534e+00
2.535159619388995811e+00
2.704088616026918412e+00
2.683278324343796761e+00
2.662605167339432199e+00
2.694068438791569431e+00
2.575117079241698193e+00
2.775613723664178689e+00
2.655628392035660479e+00
2.691201052497809165e+00
2.836115661916803532e+00
2.807385088977721654e+00
2.757705457027221474e+00
2.643682021571332363e+00
2.773247951726650395e+00
2.653689911616909036e+00
2.677509934218587517e+00
2.947493234634906312e+00
2.794867677396179584e+00
2.944577438732190355e+00
2.976470276139044469e+00
2.789132350059450260e+00
2.833954967490205590e+00
2.811260429004011741e+00
2.746031263855438720e+00
2.377286200709125108e+00
2.402628795853994248e+00
2.221011926019263338e+00
2.235688227798616978e+00
2.303782925783974367e+00
2.404322522080142743e+00
2.323394687546156856e+00
2.451760963773313762e+00
2.057578284038768857e+00
1.878558205192606856e+00
2.089558417239060883e+00
2.046936811646701493e+00
1.916976224458360578e+00
2.089225170655808927e+00
2.179358364401389636e+00
2.197156184603642259e+00
2.140470536052367923e+00
2.005469193814820361e+00
2.109181731209826882e+00
2.077250510861939237e+00
1.950588959795649169e+00
2.051425030961690599e+00
1.941986324719481960e+00
1.958202938409953520e+00
2.117098755228314921e+00
2.075041157556879678e+00
2.214223749189016655e+00
2.390230352655359880e+00
2.136451717470926770e+00
2.195546487400800828e+00
2.266193886876848751e+00
2.306996238322997606e+00
2.267626750426678495e+00
2.335608438743519866e+00
2.311633765163119580e+00
2.256797694464489190e+00
2.202744703666256409e+00
2.155124127038820614e+00
2.269353118073567988e+00
2.285501234419379912e+00
2.370279589035503065e+00
2.256816961602383653e+00
2.098948021595440139e+00
2.036314257995425869e+00
2.161608076041364512e+00
2.109881204908044872e+00
1.888794137265638051e+00
1.863603757463280441e+00
2.018283777025271064e+00
2.229429679556758082e+00
2.296086359520139730e+00
2.442780695136808955e+00
2.552091020629363882e+00
2.309639204521194866e+00
2.312711144091725401e+00
2.494980002416281373e+00
2.595683843523491685e+00
2.579054763388634264e+00
2.481802540244839150e+00
2.489834194776726406e+00
2.693919155220844797e+00
2.809133311009135880e+00
2.509062371333804720e+00
2.534710680628889712e+00
2.706103791192002284e+00
2.663356788372879702e+00
2.462129744237971707e+00
2.581982320035099310e+00
2.673166225221621950e+00
2.560073970012283429e+00
2.562990487285759400e+00
2.576658850972744830e+00
2.833477992450770699e+00
2.924086862988242608e+00
2.973757730867412796e+00
2.581110939324875009e+00
2.478015236290009859e+00
2.665018297097140554e+00
2.497270263408314150e+00
2.617328142302961069e+00
2.489596725698884683e+00
2.266372929787292101e+00
2.173866147167552665e+00
2.378514029729297263e+00
2.350386512485725277e+00
2.403627410470826398e+00
2.630863781979402294e+00
2.249159259605748140e+00
2.234558210579878690e+00
2.327885198462664285e+00
2.337490174584857527e+00
2.312472463579250626e+00
2.273372589352658402e+00
2.238210586735022822e+00
2.003860306161414861e+00
2.220274742422406078e+00
2.050537573436562067e+00
2.289305190669780110e+00
2.353350562471099749e+00
2.220241641813818223e+00
2.163348642863733406e+00
2.200936898998255398e+00
1.991430266415935346e+00
2.125656109405405836e+00
2.274000386698171283e+00
2.231657113458128006e+00
2.188300926752683839e+00
2.140819276025732076e+00
2.015238549614136510e+00
1.968630075266766921e+00
1.809726041178155942e+00
1.669232397796541312e+00
1.726209554468332907e+00
1.788749767850063233e+00
1.781512258244576374e+00
1.672152938062380079e+00
1.788034146118618439e+00
1.717359159968791404e+00
1.848822431854997950e+00
1.782597471690126945e+00
1.890628560484370002e+00
1.642820357185365676e+00
1.595860392213194645e+00
1.542399657688007020e+00
1.570870234070544491e+00
1.541164724278660358e+00
1.543342701168590514e+00
1.672784638211171959e+00
1.589471378607298480e+00
1.609030326810204858e+00
1.720921626239031443e+00
1.699923634237348935e+00
1.575249703115626065e+00
1.574228200456483595e+00
1.731795504010944509e+00
1.842186590048490835e+00
1.760456663136164890e+00
1.728217279423491570e+00
1.741694420476404215e+00
1.659061157871870584e+00
1.746037110617036703e+00
1.791901835588070035e+00
1.743194565303147758e+00
1.704529549224911511e+00
1.857965225962749711e+00
1.762318677656576238e+00
1.819052121069840267e+00
1.719771334535508123e+00
1.745389633278521702e+00
1.798737665613286518e+00
1.844015640942476608e+00
1.784841492855869571e+00
1.736073911775770862e+00
1.894731066011912546e+00
1.708529096353840426e+00
1.691342207461757230e+00
1.673810687027500910e+00
1.683595631667778703e+00
1.661708433596043033e+00
1.663081821345915978e+00
1.626017309435883185e+00
1.561175433574978788e+00
1.761608321947774503e+00
1.690799287879673818e+00
1.668659316263870540e+00
1.586039926858841209e+00
1.736575331381296161e+00
1.681525966820728524e+00
1.819276492855782523e+00
1.874796741509656250e+00
1.887260178674151190e+00
1.779342523037254598e+00
1.717653234272430662e+00
1.894285641354884087e+00
1.720220466176921814e+00
1.750120288233036003e+00
1.817174741131900584e+00
1.892233061691420470e+00
1.881267885590150124e+00
1.896435214285406623e+00
1.816517765551086905e+00
1.733133321176936636e+00
1.656869303967771767e+00
1.828448783536867683e+00
1.744598646689438093e+00
1.771708067396410291e+00
1.676311903976597018e+00
1.792703340313873461e+00
1.787787122152517894e+00
1.742492566853291347e+00
1.805707148517775140e+00
1.684355938133296648e+00
1.633560845559391295e+00
1.688531969991772685e+00
1.539908271842332255e+00
1.623586601291400422e+00
1.660340428790662237e+00
1.599175838349155887e+00
1.634833212563943983e+00
1.745419132233036574e+00
1.794940548322168761e+00
1.865634245859373985e+00
1.941090195085694248e+00
2.023917188904694520e+00
2.073675773879830153e+00
2.298911839115497902e+00
2.527640913781157739e+00
2.298867362359929167e+00
2.193717934507399825e+00
2.110555278798745160e+00
2.027405126058192675e+00
1.983531366016746178e+00
2.118122944450619993e+00
1.888840588795879905e+00
1.876756017616139527e+00
1.865603385268379766e+00
1.893410619250759375e+00
1.862498882675412748e+00
2.080992449476219974e+00
2.235335502496168303e+00
2.220848859827584842e+00
2.086787529897273341e+00
1.811561110867875302e+00
2.042913237197528709e+00
1.779050984224711307e+00
1.726417096196336987e+00
1.828316372597768469e+00
1.812823639264029119e+00
1.792395618622363518e+00
1.650063353138158773e+00
1.607619116035198026e+00
1.670029605035783682e+00
1.753033609530082693e+00
1.780289433498007279e+00
1.858684394612144075e+00
1.673321251048312197e+00
1.704753630496420369e+00
1.913045676468113632e+00
1.939762800042476476e+00
1.700511753035624851e+00
1.768893993041939394e+00
1.696315973553353507e+00
1.749522195269216374e+00
1.785093539587840672e+00
1.730164526104994271e+00
1.819871771517416859e+00
1.755590759699809711e+00
1.774292503600863657e+00
1.883854902791920471e+00
1.889144041241597183e+00
1.853863048805770575e+00
1.874930508763072101e+00
1.979942568312255347e+00
1.820819046590344659e+00
1.812677674735011513e+00
1.795890461645032854e+00
1.630121839763244207e+00
1.649640601132575712e+00
1.890732539123185729e+00
1.983645107822313625e+00
1.925539496164141662e+00
2.023760952292050330e+00
2.013172293062220231e+00
1.952900658134387291e+00
1.861744608287502656e+00
2.079921267111188854e+00
2.218141734729601300e+00
2.260034773403722941e+00
2.334607323717293959e+00
2.255051168396242200e+00
2.316421689775583825e+00
2.216355360037176592e+00
2.236821357677025723e+00
2.363355275103633080e+00
2.361823248340340520e+00
2.299955627657026103e+00
2.305318633026056663e+00
2.379644521547647162e+00
2.353551095821520889e+00
2.323126969263000330e+00
2.381346590544526354e+00
2.332118138242954331e+00
2.289122649823070343e+00
2.188904974669005021e+00
2.244499897245683773e+00
2.226990168355850397e+00
2.315512390271342813e+00
2.187847546071669314e+00
2.167121938915029133e+00
2.132917611281861969e+00
1.956415855019964845e+00
2.080762438429446082e+00
2.030173291842164662e+00
2.003526565718696695e+00
2.013806431200189095e+00
1.885481810557816162e+00
1.916056471471667688e+00
2.100218926533152786e+00
2.207217012518799315e+00
2.150203151231081300e+00
2.309496083884328144e+00
2.198209289693768387e+00
2.151774895576331836e+00
2.224372627532741564e+00
2.024622506340567174e+00
2.160870059608010152e+00
2.303610955911555180e+00
2.381946631530360570e+00
2.347159705758064874e+00
2.446979190048531816e+00
2.334979242474226169e+00
2.321255909859420541e+00
2.191278056677407715e+00
2.242874711235651297e+00
2.322398548838297216e+00
2.391572863564273455e+00
2.358147734902831694e+00
2.387243372069839165e+00
2.480374711466584614e+00
2.423587609849329194e+00
2.314388524658825386e+00
2.338633805264759946e+00
2.417570141648135884e+00
2.405130718349996144e+00
2.391441689268648751e+00
2.329885512544852766e+00
2.249492208041766528e+00
2.285882501079271822e+00
2.305896896764524584e+00
2.308990604317034290e+00
2.278321425660000621e+00
2.254269738330413997e+00
2.223223812165541879e+00
2.146845386482794993e+00
2.031981793792218216e+00
2.035876383552773561e+00
1.939805315275738407e+00
2.093417911514128704e+00
2.152043205642920398e+00
2.176730318829682709e+00
2.079784835099201423e+00
2.071771014331031058e+00
2.179719846814653916e+00
2.190921395181909315e+00
1.966734184957275478e+00
2.122471030046492846e+00
2.145305490748910415e+00
2.174391671144579430e+00
2.170387060984461769e+00
2.294184340776479480e+00
2.290801040004302624e+00
1.903378742667983792e+00
1.963732180605393562e+00
1.876022425233712099e+00
2.151361544380470114e+00
2.112689313232371191e+00
2.095028636889341378e+00
2.057798609938158663e+00
2.211354447506320930e+00
2.179504289738146916e+00
2.242238136202165499e+00
2.051424753351139163e+00
2.090220486917911291e+00
1.992739050997587746e+00
2.091509591376391697e+00
2.088795099318850212e+00
1.873887696287649618e+00
1.829137238577352331e+00
1.940295977100995106e+00
1.997200883799044924e+00
1.920580032604394471e+00
1.956007584683907785e+00
1.929352708731824295e+00
2.039392486143498218e+00
2.135231822829828818e+00
2.123400285217382777e+00
2.071769581286877493e+00
1.971377149906425874e+00
1.998823334871552948e+00
2.036233739812122412e+00
2.122172670427700858e+00
2.153157169075253563e+00
2.157781828594349083e+00
1.985278436295538906e+00
2.105978812992346239e+00
1.994118506779405831e+00
2.017647807257498371e+00
1.921694279284028362e+00
1.992148269492500789e+00
1.963522431462310314e+00
1.792161994150405224e+00
1.699331251622383077e+00
1.667471817475903118e+00
1.697860655327298574e+00
1.739082637604283166e+00
1.961934574503950923e+00
2.011554242395996006e+00
1.817441669400297721e+00
1.968255039389703587e+00
2.020505647818690242e+00
1.940552379310699571e+00
1.867147649038175095e+00
1.947327704197701292e+00
1.819875655752345889e+00
1.827820765091420219e+00
1.990739544918390447e+00
1.896461716201421233e+00
1.874853882110787406e+00
1.856420054510748097e+00
1.852205295151418740e+00
1.935665961282969416e+00
1.992293780888586330e+00
1.927124586536268724e+00
1.992498084433143468e+00
1.803633233371958910e+00
1.864086325697544400e+00
1.929845145164398756e+00
1.931264501083215457e+00
1.963187838758951864e+00
2.027809091006786524e+00
1.902982845223159858e+00
1.853278574691038960e+00
1.740743236368472946e+00
1.689210329697654611e+00
1.555489222080235212e+00
1.507442392334410686e+00
1.549503664137687586e+00
1.428874405992744068e+00
1.543079848361048834e+00
1.505503986497525704e+00
1.502400295443487632e+00
1.440937581951301949e+00
1.443062924933457447e+00
1.490474588757938479e+00
1.535212347056134519e+00
1.497120804104893121e+00
1.602194007067635040e+00
1.553995935075090040e+00
1.505687699446871752e+00
1.364872141543333806e+00
1.440983069678761996e+00
1.420924213327583008e+00
1.626105769163880055e+00
1.782386144742739154e+00
1.793771532041524175e+00
1.860966131671911050e+00
1.837531510602187002e+00
2.157307711124789584e+00
2.086204861058117199e+00
2.063486567655483661e+00
2.040879516515747394e+00
2.168443760445845303e+00
2.087877126982388809e+00
2.058124564977410920e+00
2.019128668223904910e+00
2.012853941200219765e+00
2.020864583050263619e+00
2.033177714661239754e+00
1.979342068485802963e+00
1.873438163527730849e+00
2.035978014016330828e+00
1.915509117076371615e+00
1.831956919661763550e+00
1.813205775868669045e+00
1.702307092820215972e+00
1.706593560068046633e+00
1.872709264734819801e+00
1.703680352778832008e+00
1.685511206552580576e+00
1.632583567538808289e+00
1.658566482709140866e+00
1.641617695530436238e+00
1.629872272416716728e+00
1.564546476619102844e+00
1.589004432277850043e+00
1.564530582545911486e+00
1.590602392833847079e+00
1.659307820506911391e+00
1.800453259309397369e+00
1.750446420586007745e+00
1.699624387874884235e+00
1.800378659391995706e+00
1.839727330576211850e+00
1.784340172766009314e+00
1.883567066732221962e+00
1.925513610385271468e+00
1.904675628258755582e+00
1.803341256812278415e+00
1.892084577498501341e+00
2.087492657112086647e+00
1.926289138363207920e+00
1.875075099676825507e+00
1.968145000782395293e+00
1.958755702872391868e+00
1.958695630638925378e+00
2.030395924639124772e+00
1.780026519958985087e+00
1.755734759086204022e+00
1.784709353777541363e+00
1.784644513437172675e+00
2.036540592554445972e+00
1.985433486985356710e+00
1.789908297465004239e+00
1.711878692719343675e+00
1.795549805499612406e+00
1.697875863520580175e+00
1.656655554347828962e+00
1.736182369754728727e+00
1.688414728337912951e+00
1.676965212341223532e+00
1.634844325123924191e+00
1.638490699027465469e+00
1.702645352485835595e+00
1.722523909668092656e+00
1.874152083818978465e+00
1.798893475289425670e+00
1.664186798028349568e+00
1.726082436869766035e+00
1.789197975689272191e+00
1.931526755247315430e+00
2.249638974525189017e+00
2.319441216547362572e+00
2.355179061113823913e+00
2.460592552484001327e+00
2.431555037991152801e+00
2.589678033367224241e+00
2.416700163222047060e+00
2.358131547766403102e+00
2.499578344522347173e+00
2.620016671353862847e+00
2.479206146769312724e+00
2.599664321948277568e+00
2.690610849224374768e+00
2.715649545570033574e+00
2.689454821825128406e+00
2.583495819818772521e+00
2.656548701497220222e+00
2.552407505341956817e+00
2.456830620371541762e+00
2.251890199672908821e+00
2.507169064100691624e+00
2.275685137740500963e+00
2.147642573119778131e+00
2.031862126174922789e+00
2.168669991843131140e+00
1.970002059169071451e+00
1.912832246231940703e+00
1.878904707856810408e+00
1.782037889848263168e+00
1.704439618971968162e+00
1.684294428600757509e+00
1.751583294769533561e+00
1.805592640507342361e+00
1.992080293481981901e+00
1.951775726943228984e+00
1.872545153907635651e+00
2.197842478027890234e+00
1.960038895975575457e+00
2.010130337885598806e+00
2.169248695341305044e+00
2.081663444023571063e+00
1.860811153412047503e+00
1.943111083121478844e+00
1.782163198685304151e+00
1.841259560443343490e+00
1.966366025254155048e+00
1.861735415045472131e+00
1.870098850658488576e+00
2.272567812313937008e+00
2.153167284400375525e+00
2.232954027369483008e+00
2.206071540325716729e+00
2.109880203696766543e+00
2.067621533054035066e+00
2.180434406415910686e+00
2.134490860632673570e+00
2.393866486233706681e+00
2.495720965642421962e+00
2.471189777653327369e+00
2.344618527666396446e+00
2.326477802797350947e+00
2.195436913998920048e+00
2.058416220829751175e+00
2.166397609565487770e+00
2.282692740430253941e+00
2.318333712999248064e+00
2.184277673504784634e+00
2.203214765112159412e+00
2.135819970413338265e+00
2.349283389535297140e+00
2.399355967189550132e+00
2.426379835222057135e+00
2.326928361902094622e+00
2.232626604480217214e+00
2.232067366603381675e+00
2.316061957204211819e+00
2.319861838585652425e+00
2.342986449215494815e+00
2.424240580463587147e+00
2.233565951535001926e+00
2.204842085498462279e+00
2.461373319631963152e+00
2.470278719564626968e+00
2.324891561783945182e+00
2.395734907060746988e+00
2.406175895556014854e+00
2.328290921519063250e+00
2.363433164869814807e+00
2.445167843801716145e+00
2.405110952386205092e+00
2.286312342279192666e+00
2.359864894805371094e+00
2.448547466491972635e+00
2.380601040011887992e+00
2.376185578347110194e+00
2.388018057475962852e+00
2.274110751338918490e+00
2.237805301496648802e+00
2.400114352999958900e+00
2.245746512918161741e+00
2.129022827978773957e+00
2.046221632813960412e+00
2.024252242661640278e+00
2.127709663104445870e+00
1.955466605733392038e+00
1.888564620160504859e+00
1.827162831126190268e+00
1.980354581426126082e+00
1.873871606123840072e+00
2.066640030520665139e+00
2.004585048088648680e+00
1.827552257268147518e+00
1.982037039846705317e+00
1.995115602111891429e+00
1.908361554046147823e+00
2.061705714557445113e+00
1.997649980596025721e+00
2.096973107345059706e+00
1.857726013916479735e+00
1.967409480255766008e+00
1.970277380969844838e+00
2.094882418075915353e+00
2.099222543606496405e+00
1.891847696216411245e+00
1.954030025500854917e+00
1.809746236697263422e+00
1.635877126212442523e+00
1.612110343840147175e+00
1.730005766492433983e+00
1.608583385254426013e+00
1.647894238561246061e+00
1.670140257590422728e+00
1.717630391438431658e+00
1.725529696518452560e+00
1.802180376250331006e+00
1.934666622807656111e+00
1.966885052570185088e+00
2.009577060908960711e+00
1.974648212775744316e+00
2.030274517541093005e+00
2.249400120823791926e+00
2.234106687210200004e+00
2.336353726190847802e+00
2.296614183729388525e+00
2.173068987071927083e+00
2.242792410068630282e+00
2.056106238143131204e+00
2.049281524273363075e+00
1.870704606823271776e+00
1.785182452911129536e+00
1.680448049670235200e+00
1.939541398904703451e+00
1.963677844180882204e+00
1.794559982189455560e+00
1.966301602916615376e+00
1.919247584045068677e+00
2.180849747867816379e+00
2.074336372163616105e+00
2.047084862495594848e+00
2.093049213345080428e+00
2.345213755808240208e+00
2.572851865501676549e+00
2.612575764010235613e+00
2.394780643870902725e+00
2.404410369177936158e+00
2.261417490691693732e+00
2.481318762927340771e+00
1.968326686783480550e+00
2.267112357287094593e+00
2.154485567139883262e+00
1.943167364341120473e+00
1.973787822596842378e+00
2.094301048996426218e+00
2.295933712134861970e+00
2.032470410701964880e+00
2.147845601398398863e+00
2.002041126808180582e+00
2.146084938238940865e+00
1.999255427250584471e+00
2.089316304279889458e+00
2.079924057285328587e+00
2.099335706701381810e+00
2.134366905656437385e+00
2.026640217070790229e+00
2.065493413211175966e+00
1.940399074446132355e+00
2.049983743789394186e+00
2.139674444601681547e+00
2.230250754818084324e+00
2.299346102961692395e+00
2.265503031452206884e+00
2.084182838422122153e+00
2.010540981527987991e+00
2.074705364956526576e+00
2.033492676296405843e+00
1.965560381920846034e+00
1.946626978011199549e+00
1.725776514368352554e+00
1.602972798311952829e+00
1.598072736050845100e+00
1.598563178604234913e+00
1.793882399119493432e+00
1.839587935894430704e+00
1.946207061509056979e+00
2.020952399261709331e+00
2.023320352688811496e+00
1.972823860762270343e+00
2.005728550295556634e+00
2.037107886941444956e+00
1.803778334849795106e+00
1.687459672451956161e+00
1.757188256807422855e+00
1.792233298473595138e+00
1.873389410989752868e+00
1.835311214030662663e+00
1.706018092328476454e+00
1.773920498153434000e+00
2.023593354533042454e+00
1.954459324971892897e+00
1.892613622812422625e+00
1.884366136589577856e+00
2.039464928270482424e+00
1.888385650922422387e+00
1.849520153088951124e+00
1.788842130721323809e+00
1.796387639722064611e+00
1.833722131675433520e+00
1.744507669601184974e+00
1.753265372214393159e+00
1.836440252445651344e+00
1.729958941575437059e+00
1.793413513163403916e+00
1.975577556982770933e+00
2.012109060944919481e+00
2.060076684577760275e+00
2.058038747089729004e+00
2.074253368030623434e+00
2.286150088702461947e+00
1.997796012116411557e+00
2.148144830802686922e+00
2.019602167392953618e+00
2.089302086590094643e+00
2.051316149037066605e+00
2.197451049049088834e+00
2.345421335971497268e+00
2.140276759267826900e+00
2.061844953120969492e+00
1.920197729947952014e+00
2.089292241624253865e+00
2.100485009717131035e+00
2.056363254849300493e+00
2.175429820256821856e+00
2.309060039127353026e+00
2.213878782933980105e+00
2.251141981256563174e+00
2.238497464808176574e+00
2.153761351966196891e+00
2.229672102594166816e+00
2.182198993248275709e+00
2.158307240992838771e+00
2.146205924078135485e+00
1.987573474314973776e+00
1.820016846579291636e+00
1.606233766789776141e+00
1.516050192314616352e+00
1.524100536839627207e+00
1.517560933629570341e+00
1.674286192592304268e+00
1.634856697742545606e+00
1.822262811498072343e+00
2.076762181000189056e+00
2.030418273966686282e+00
1.985749257429793690e+00
1.842315767957592998e+00
1.729653055268461470e+00
1.593062399188933220e+00
1.656595518458646055e+00
1.666404960181798511e+00
1.760617014326557817e+00
1.500057959500181060e+00
1.511284540884198835e+00
1.667089027517807409e+00
1.780988046676189818e+00
1.719482425414663673e+00
1.863294896669898115e+00
1.844039298277656780e+00
1.899738866442570506e+00
1.854053232460781020e+00
1.858460850865483849e+00
1.790715672232228384e+00
2.064749001132284434e+00
1.808441336250924403e+00
1.739850241475141557e+00
1.838977592269596117e+00
1.882323037093126761e+00
1.833447857938730552e+00
1.851529087885766423e+00
1.803658500875007009e+00
1.761325810766202205e+00
2.011670822841256534e+00
1.889304625377325797e+00
1.822286071001548713e+00
1.767044158184997604e+00
1.841829198881502094e+00
2.087290327433068082e+00
2.008862652862315024e+00
1.943692275682336268e+00
2.039086469166950355e+00
2.039552281778246545e+00
2.057940640408336019e+00
2.070566333027820782e+00
1.715635169011894501e+00
1.748845002286457007e+00
1.883617041292498184e+00
1.781376822151180539e+00
1.773449579794085684e+00
1.641979851505573906e+00
1.657198519534641257e+00
1.590747269326159952e+00
1.619425954173070448e+00
1.718403237489899871e+00
1.797801070773047849e+00
1.701450406461793463e+00
1.654695079641867794e+00
1.676414592490738986e+00
1.658079083560509925e+00
1.631465511409339264e+00
1.756262613598915667e+00
1.751592693041547300e+00
1.839661792228359349e+00
1.937026573498569437e+00
1.926909744434378124e+00
1.893041318137186124e+00
1.841877479106159621e+00
1.749619944460911958e+00
1.746899360986287730e+00
1.757829332703899849e+00
1.657236719396767644e+00
1.704161921583394301e+00
1.691007082294722519e+00
1.656033228130196155e+00
1.681920772835898470e+00
1.739146513454499665e+00
1.838145139171116549e+00
1.852961693182490377e+00
1.881526421285317996e+00
1.901776982732772847e+00
1.762768706515393413e+00
1.773468646894155398e+00
1.888713035077764113e+00
1.946217481726826515e+00
1.983661752937524225e+00
2.055186584137290051e+00
1.903197040242904592e+00
1.894018790466015956e+00
1.834314293951483599e+00
1.753561730296788301e+00
1.751030299694521730e+00
1.795625089455932466e+00
1.906032486098970802e+00
1.865363387982432286e+00
1.922693251135493941e+00
1.857803490267732283e+00
1.900463467132062378e+00
1.932686038642029924e+00
1.891175561573688269e+00
1.965514676515059955e+00
1.808978628747013095e+00
1.693471312713690891e+00
1.670776653402530121e+00
1.678815144209884203e+00
1.675469481744008338e+00
1.558042821264906674e+00
1.563160205034749284e+00
1.700812849063594312e+00
1.625941417533536937e+00
1.667698522924829119e+00
1.605138878202790220e+00
1.626016099856752994e+00
1.737849493990598626e+00
1.914300472754503435e+00
1.731851117212433566e+00
1.621653702425976729e+00
1.653994666387238244e+00
1.639501363858658634e+00
1.643529001900889686e+00
1.677433446150057517e+00
1.626709798094307935e+00
1.557907704957435024e+00
1.652786120472451881e+00
1.614899232358691483e+00
1.665301202368919542e+00
1.652721926342109571e+00
1.595478329870652079e+00
1.569249125418332280e+00
1.622096928569954022e+00
1.637626863289505019e+00
1.689379082659544729e+00
1.667516747854604686e+00
1.627001398331851423e+00
1.639097871023438513e+00
1.643112968990704914e+00
1.658679886848207774e+00
1.650218727741204594e+00
1.593114438049046289e+00
1.675615714346088359e+00
1.651351129859832234e+00
1.814350624794121236e+00
1.723972010686397605e+00
1.797773357856236931e+00
1.741779740097944007e+00
1.685981606891923335e+00
1.832183959602909473e+00
1.694744854297805192e+00
1.762765473314946263e+00
1.753152274370484376e+00
1.751438973052185988e+00
1.777063921078442021e+00
1.920148437585678325e+00
1.957154940097843410e+00
2.016976693529594744e+00
1.915152639249157351e+00
1.951372992314938326e+00
2.181705334066036173e+00
2.164668233259206875e+00
2.263948732245153472e+00
2.051403512681984065e+00
1.982907965210070955e+00
1.886622486979786739e+00
2.070333536585064582e+00
1.975403345098723173e+00
1.901387367956055341e+00
2.020003643011782479e+00
2.065595555989235610e+00
2.035926857495435005e+00
1.881061681858650303e+00
1.970388553052857983e+00
1.853990008540354895e+00
2.039672988672285747e+00
1.980314401187765139e+00
1.954250311102195381e+00
2.025937649397513418e+00
2.007799924233137023e+00
2.027751464725365160e+00
2.087574918962438186e+00
1.885102248083428744e+00
1.872634903456731559e+00
1.918125673013189703e+00
2.033971299274823341e+00
2.146690721386730782e+00
2.244933090971176881e+00
2.186001448374750300e+00
2.023688813489479266e+00
2.113282929773083296e+00
2.230527489692916365e+00
2.129440315157721031e+00
2.337181819631147572e+00
2.379737684624477545e+00
2.366620702325715975e+00
2.389490040667724191e+00
2.367904022859587787e+00
2.288869508488041049e+00
2.256939600513054867e+00
2.245856391923585438e+00
2.323379481920427203e+00
2.191352364332337821e+00
2.264486916685280793e+00
2.444156944018923472e+00
2.566595569009448408e+00
2.442167428131242435e+00
2.560536747862603324e+00
2.360403159524993466e+00
2.425187103049306181e+00
2.366912418863158951e+00
2.368034252931097150e+00
2.322500854995420472e+00
2.414632483654465922e+00
2.365884379203936128e+00
2.694773431004021891e+00
2.465870652414397401e+00
2.298099304465169190e+00
2.302281609513776139e+00
2.145840713266244482e+00
1.987479168953978581e+00
2.025492639353359881e+00
1.918491759136383701e+00
2.000929383138674300e+00
1.809894163302499637e+00
1.706714471516227905e+00
1.851127364929702424e+00
1.771729133502094822e+00
1.733610400570340548e+00
1.736984914627347498e+00
1.707198343438820931e+00
1.689620563620283011e+00
1.856370300296454889e+00
1.775947191455816254e+00
1.950379171450359772e+00
2.098275157386473300e+00
2.124757767337041248e+00
1.856749188689140517e+00
1.904840963548168231e+00
1.847355319082334857e+00
1.949408778668989983e+00
1.750329933135995386e+00
1.665579707739503146e+00
1.730521951917052270e+00
1.799345199281975338e+00
2.027522571796187112e+00
1.988261367220056863e+00
2.092532086147315340e+00
1.977780885962882040e+00
1.844642204846476341e+00
1.959784325311625608e+00
1.904160291210288847e+00
1.914791515934595401e+00
2.083222289595959342e+00
1.931218322016982070e+00
1.859183534238257884e+00
2.005808335242441842e+00
1.891670206111448094e+00
1.833907798742256734e+00
1.919629524925072772e+00
1.846053160427276740e+00
1.833230444917682167e+00
1.817412999548099650e+00
1.660926211357938831e+00
1.604876760528953339e+00
1.736882162074177893e+00
1.793134396826520760e+00
1.755859637245849925e+00
1.811368152260597553e+00
1.779275229980820550e+00
1.783591570765221013e+00
1.858464517634218272e+00
1.967570003696313297e+00
2.077097265460587039e+00
2.043335944766448531e+00
2.116666541482586705e+00
1.949541191064007029e+00
2.061369567626686106e+00
2.302609707415284479e+00
2.305919936567963902e+00
2.195524406425600983e+00
2.436807983497361718e+00
2.345953517113064546e+00
2.450667396083530569e+00
2.373047872563135208e+00
2.304831325682008547e+00
2.117848117777248351e+00
2.249662278382923208e+00
2.330383182002691012e+00
2.402462224944854174e+00
2.444689552923738685e+00
2.407447643801055026e+00
2.109127658198437949e+00
1.946961206718038406e+00
2.081800471058837143e+00
2.019878569483885222e+00
1.960976000001658059e+00
2.246256325999778980e+00
2.035366273871995091e+00
1.897203572753397571e+00
2.047051886689718270e+00
2.079081056574594744e+00
2.036375920019296792e+00
2.101268085973030164e+00
2.119422039313099582e+00
2.253499319052241212e+00
2.212977374929975038e+00
2.197097584490967481e+00
2.328478656046485185e+00
2.122994284048447255e+00
2.126810186891314292e+00
1.998125320942281347e+00
1.907713552404191493e+00
1.872379193218982385e+00
2.094179111073356747e+00
2.167253984919194298e+00
2.304460906133518172e+00
2.266467496085329714e+00
2.165755176108945079e+00
2.056109839115499494e+00
2.348515605758176417e+00
2.191211452159781192e+00
2.089254378164135506e+00
2.114707280619094298e+00
2.155387668414570079e+00
2.027713261409461065e+00
1.964868509005599284e+00
1.890084630476568828e+00
1.865823878117602197e+00
1.905585752168856395e+00
1.887113925401268766e+00
2.043029043578541870e+00
2.072899045744899471e+00
2.151012285851449324e+00
2.071480926621763530e+00
2.136517875928402699e+00
1.887983484749471419e+00
1.816237752962863050e+00
1.994970361289027938e+00
2.033823747190643960e+00
1.933270969821070384e+00
2.050360969240413223e+00
2.192445695480766510e+00
2.022505477759450887e+00
2.063965105895468000e+00
2.154640867732724452e+00
2.161724549104103943e+00
2.279046296245183179e+00
2.159976899317984422e+00
2.211871835629163119e+00
2.360183945765736979e+00
2.358204491931529923e+00
2.086402728296845144e+00
2.225658422098040656e+00
2.218222290206749214e+00
2.110484493393641081e+00
2.045609589554694629e+00
2.143683182929743136e+00
2.075326663331591437e+00
2.037621159602942100e+00
2.083630921484581844e+00
2.154747705627870324e+00
2.104619454149291524e+00
2.181937966803275675e+00
2.293611601884144147e+00
2.327209401467779326e+00
2.119120869198124701e+00
2.352233374629203233e+00
2.225880191851375756e+00
2.260874675145325252e+00
2.293112645710727815e+00
2.314481566139848123e+00
2.232934909824490610e+00
2.222477776964564722e+00
2.131686460083655366e+00
2.152395576349803719e+00
2.205306749733321414e+00
2.068126264119988011e+00
2.273920293936456005e+00
2.010677476809796360e+00
2.096222010110389888e+00
2.145774202483202941e+00
2.006493365100936010e+00
1.862038919905353529e+00
1.930356065353634243e+00
1.884648475661393485e+00
1.944898724575130133e+00
2.043257161149101719e+00
1.974890003496707180e+00
1.976244123558465127e+00
1.868004966197486683e+00
1.864018526893143068e+00
1.980744297855668856e+00
1.983324872563532404e+00
1.932761758546141628e+00
1.983019104009436484e+00
1.983206548582728823e+00
1.888164761717096241e+00
2.084749391040048305e+00
1.881053921250010585e+00
1.833799017429753819e+00
1.903771221644481759e+00
1.891652177105783927e+00
2.174570672809466920e+00
1.931878826718947062e+00
1.860797913286257543e+00
1.861751489587638586e+00
1.949899570014925088e+00
1.908206640807241339e+00
2.015286201684876932e+00
2.125071701252084999e+00
2.175348599266576866e+00
2.219495004540792404e+00
2.296683813580036482e+00
2.188410089939300640e+00
2.029809564520219656e+00
2.115255693897242661e+00
2.177316736986335322e+00
1.919912557437347012e+00
2.046424922773477650e+00
2.142125139766918984e+00
1.977622521406550371e+00
1.913486940778958312e+00
2.081283125460285710e+00
2.231817022078625978e+00
2.212017165067415192e+00
1.952135299086771081e+00
2.078810655980360966e+00
1.852582130604732313e+00
1.686539259566893545e+00
1.734495152630474379e+00
1.744671678490383515e+00
1.644859822250897663e+00
1.789661535937549175e+00
1.820586885139520161e+00
1.897934162097019151e+00
1.932809961259469800e+00
2.236799452444819369e+00
2.436319673906190086e+00
2.318381232140938053e+00
2.324536866035322280e+00
2.142108747150599068e+00
2.106504583633006522e+00
2.234706876135585496e+00
2.162755238402983782e+00
2.044465723509846899e+00
1.966446752831830569e+00
1.847136103248367967e+00
1.928899534637886992e+00
2.018517852800423285e+00
2.111639566636387855e+00
2.168824288989164017e+00
2.118811942010553562e+00
2.004664897993343242e+00
2.183618004992482931e+00
2.144371345941485263e+00
2.305140770136444139e+00
2.331051767271863806e+00
2.320480067397968860e+00
2.402567893260274978e+00
2.344331540417547100e+00
2.416905289815160174e+00
2.515080804657646940e+00
2.452733703178367364e+00
2.294084514500280836e+00
2.352585871748007929e+00
2.318522647409799742e+00
2.047755237610554335e+00
2.041323404238042372e+00
2.190458277673321241e+00
2.283442187314353333e+00
2.535883644381891067e+00
2.421740688428232868e+00
2.417634343996700075e+00
2.485565818769163382e+00
2.074956954048015501e+00
2.318501819061326685e+00
2.334310731737301303e+00
2.323525428100019052e+00
2.165527983399351264e+00
2.212789036003849130e+00
2.020731053144155354e+00
2.080876269808114021e+00
2.071333655810992713e+00
2.126249122666906022e+00
2.043953027978464121e+00
1.908071229594801466e+00
2.018860400338325256e+00
1.802743995627677176e+00
1.697073175877361395e+00
1.591997236805141158e+00
1.712931820563994956e+00
1.801079880569135261e+00
1.810927217000000811e+00
1.879330752573673324e+00
1.620032192808871230e+00
1.501571816648366919e+00
1.493173913725795776e+00
1.395618124437032037e+00
1.474176556225499812e+00
1.452550673101875356e+00
1.529714269351283074e+00
1.477163508192852692e+00
1.468309551051609319e+00
1.486295737951374596e+00
1.448368422182663595e+00
1.441958949421024760e+00
1.424932339893348221e+00
1.543702682074036492e+00
1.478901107495858902e+00
1.493531669850061361e+00
1.498847681046560076e+00
1.498911216358516318e+00
1.698985434088025048e+00
1.648898559684691012e+00
1.714206536411456927e+00
1.599317698338676985e+00
1.636243142446999865e+00
1.801026329865599740e+00
1.776884128246455141e+00
1.866678084179040908e+00
1.857537448240109024e+00
1.860194235030359078e+00
1.929518426045575552e+00
2.121203091546220332e+00
2.108531873348414631e+00
2.098567294459895205e+00
2.388775909988522628e+00
2.312521096590011815e+00
2.233887969657966543e+00
2.326917462354952004e+00
2.293378813013972728e+00
2.359179084202273735e+00
2.264307024196524853e+00
2.315733011535627384e+00
2.242417932463343533e+00
2.222306802412093774e+00
2.290273739760947613e+00
2.139982629995707430e+00
2.163009244340105663e+00
2.146598256964805884e+00
2.069593050971840764e+00
2.323017159216542282e+00
2.343435954245259634e+00
2.235747234763789670e+00
1.996303843271080902e+00
2.043825709822806758e+00
2.146306588733337239e+00
2.158117441663673475e+00
2.144598150167654982e+00
2.070921221596377482e+00
1.976068504946899340e+00
1.923559659255060783e+00
2.157386694745429434e+00
2.165785530804510195e+00
2.071402391481473426e+00
1.912685813233210963e+00
2.171484425536723606e+00
2.244333069135116432e+00
2.040789046912677041e+00
2.283300373327043609e+00
2.202722025982870147e+00
2.198375494335050639e+00
2.024686542354849461e+00
2.051620002403041987e+00
1.980321897626815986e+00
1.938841572589901308e+00
1.673687947641375962e+00
1.763829702264730237e+00
1.690554948179593842e+00
1.715147792199727572e+00
1.716962317885753153e+00
1.703352545613424418e+00
1.572375604038256602e+00
1.768527332994803247e+00
1.674128245749659127e+00
1.610798861840635254e+00
1.685455372202657287e+00
1.746103098188894753e+00
1.760158066725294734e+00
1.744152837668151879e+00
1.869332149291899725e+00
1.681895278804497407e+00
1.564802901640355515e+00
1.507528270748111687e+00
1.651970572979120977e+00
1.648427807263979528e+00
1.788304357444119086e+00
1.907831784921920404e+00
1.999493100888632302e+00
2.084418265002052628e+00
2.146353921481590543e+00
2.159636996246779184e+00
2.296698167336534535e+00
2.192535144574562000e+00
2.238130921894106340e+00
2.287044106961892087e+00
2.327330840274416168e+00
2.230790638088183897e+00
2.240265393915709335e+00
2.297136819139061981e+00
2.180789141272958087e+00
2.215444948773462208e+00
2.282742243300160734e+00
2.428141533693701781e+00
2.397841960211346990e+00
2.344017438629323102e+00
2.479664551191585797e+00
2.271503574663982672e+00
2.315958436519486074e+00
2.259485567435144393e+00
2.205194472029361030e+00
2.183478568339659365e+00
2.234083020007084919e+00
2.218304984859486240e+00
1.977945680611072232e+00
2.238594834348989870e+00
2.057812522592739946e+00
2.067664641774030088e+00
1.877963026919991396e+00
1.929745680815130982e+00
1.990638986943623623e+00
2.049622768622452629e+00
1.967329765801584029e+00
1.866900824591226860e+00
1.979941936123342350e+00
2.016169892546223696e+00
1.932268674063982283e+00
2.022772329140252623e+00
1.913595790383695761e+00
1.782456286001172785e+00
1.868173977378073225e+00
1.858508743753186421e+00
2.014481368120569993e+00
2.030719834353052367e+00
2.050619788923207842e+00
1.908409479137201936e+00
1.920438257181757757e+00
1.902882054501334075e+00
2.021509107438553166e+00
2.048267503429993308e+00
1.968844140307421720e+00
2.027771040922445867e+00
1.917275274158608322e+00
1.997520185056387954e+00
1.966389680328433975e+00
2.084729232040370306e+00
2.098331451004653125e+00
2.067857338795376698e+00
2.029289439250987925e+00
1.949975965847028148e+00
1.900938901724806840e+00
2.015166304493537730e+00
1.938798182236539436e+00
1.905277730898780053e+00
1.924581813037217204e+00
2.006016049317306038e+00
2.219977912148576316e+00
2.204723553887209864e+00
2.433108201842288043e+00
2.250142266285966475e+00
2.403478317829909727e+00
2.198311392157186184e+00
2.098666797805011086e+00
2.224736117323043771e+00
2.204485004239556289e+00
2.061426571523987228e+00
2.176595566204122534e+00
1.893444905250125432e+00
2.024549808537077666e+00
1.912814254080370535e+00
1.879043719507174082e+00
1.928235097516986851e+00
1.923446717721759347e+00
2.103645851970791014e+00
2.064998440775890565e+00
2.046066757449250151e+00
2.186929740777729059e+00
2.129794528823728772e+00
2.207486118731307734e+00
2.061230186169593193e+00
2.115097821168686831e+00
2.258493233695282765e+00
2.133312792853632178e+00
2.158136239175331372e+00
2.132786036861895607e+00
2.366611518993359642e+00
2.194979342744368012e+00
2.152815135813118896e+00
2.124595946390248180e+00
2.206278561902380808e+00
2.064544032825161857e+00
1.902076780789117016e+00
2.130046082409433161e+00
2.098787505412301080e+00
1.944841594481979685e+00
1.910084044290671912e+00
1.805047784998752514e+00
1.720514768320375865e+00
2.029746999380242389e+00
2.063260895006509443e+00
1.920410806670370452e+00
1.912466561593043402e+00
2.164178732257908688e+00
2.263766200254576422e+00
2.230508387458462138e+00
1.993993156720424098e+00
2.087023310828327816e+00
2.122528575296268372e+00
2.049096519331323751e+00
2.198514267100383002e+00
1.982449130590365760e+00
2.164457214469980073e+00
1.969879284264384411e+00
1.931713337294953980e+00
1.696956380987777235e+00
1.842729682977778394e+00
1.840426458675430421e+00
1.762926210582922870e+00
1.690488846692440816e+00
1.695201501105072062e+00
1.709129900318314910e+00
1.632284070051361891e+00
1.695180709677119424e+00
1.895503180097002138e+00
1.806147749182858364e+00
1.863145744191881281e+00
1.852859854285865637e+00
1.866361471633749103e+00
1.897686635317167747e+00
1.914496711981928501e+00
1.945771984269010213e+00
2.018083890787298440e+00
2.190723722230411674e+00
2.346184373299857295e+00
2.362137441701376073e+00
2.412518223256831629e+00
2.289277331750792399e+00
2.287075099682961632e+00
2.271318888177777495e+00
2.307690333404651017e+00
2.226851219223335843e+00
2.328656220817626465e+00
2.276569883164274444e+00
2.142951649586061880e+00
1.992644696051930842e+00
2.124832527361099288e+00
2.173499104848108487e+00
2.142866598213708951e+00
2.026728967271189230e+00
2.131169031496740196e+00
2.109631577310613793e+00
2.196239759829140770e+00
2.293220051801983850e+00
2.256345657623120005e+00
2.128602884881397372e+00
2.178027161245388310e+00
2.039563725263555227e+00
2.082126117125900233e+00
2.060851488641557872e+00
2.123575364425818179e+00
2.077424887745016768e+00
2.126735331337310075e+00
1.988528514703897132e+00
2.128500218358942764e+00
2.276302381462868674e+00
2.218911914880577818e+00
1.977645502782901632e+00
2.018763890828059182e+00
2.060548573521203686e+00
1.963190291863683434e+00
2.067859983224858311e+00
2.086753159779798139e+00
2.148268847128397496e+00
1.971548010384078342e+00
2.013822466035778191e+00
2.017408449110163371e+00
2.107585899802524754e+00
2.146403747850444077e+00
2.048346171338657484e+00
2.006311019894514658e+00
2.026277951939932542e+00
1.937536290466696620e+00
1.955737769450294428e+00
1.977848202284197221e+00
2.016002059989118855e+00
2.026064030917840153e+00
1.990808740124419662e+00
1.952355446386550453e+00
1.999085672971819605e+00
1.979257858759146727e+00
1.952292990975632136e+00
2.063409017633380582e+00
2.125929220530184072e+00
2.103893397513592056e+00
2.073019526980480975e+00
2.184124288274101655e+00
2.138462722553993167e+00
2.148813467697229473e+00
2.250925096796020597e+00
2.226556936068095016e+00
2.207186446473949459e+00
2.098758133460315811e+00
2.064045140969989589e+00
1.971336520788621538e+00
1.878322746849230951e+00
1.878330457427478617e+00
1.969238419800096063e+00
2.080979587379466533e+00
1.848924110682098387e+00
1.882170266963210103e+00
1.941539083555779976e+00
1.845354532852976792e+00
2.027055286437648984e+00
1.984297249852959633e+00
1.948952592387506400e+00
1.976200610885003428e+00
2.011811921184138097e+00
2.105777728473032795e+00
2.171046625212312176e+00
2.131373980975811655e+00
1.942077866916058104e+00
2.113071866366152296e+00
2.041569546706099469e+00
1.894099715221705171e+00
2.001869780398749743e+00
2.019203821792591835e+00
2.196861020513112717e+00
2.222098435456933974e+00
2.038144073854779137e+00
2.105706584322180497e+00
1.953406093517988218e+00
2.047480053583353943e+00
2.105604188803257060e+00
2.088126459275938096e+00
2.079810794632114046e+00
2.174206459330105368e+00
2.135947432067927920e+00
2.148864666701801873e+00
2.148734509016638761e+00
2.101206067915332376e+00
2.104628934612501556e+00
2.120357081464159688e+00
2.231033698834222534e+00
2.287614627395415656e+00
2.057444816000395083e+00
2.110942726175712103e+00
2.146953865374253478e+00
2.088803034574450823e+00
2.012446048174576951e+00
2.006887989003828920e+00
1.893507579854282419e+00
1.922941327616759732e+00
1.890060082033697242e+00
2.223416192637177602e+00
2.143952657728320332e+00
2.105095350142243138e+00
2.075787594750694076e+00
1.924690518787885107e+00
1.929061531334221424e+00
1.947939430441018693e+00
1.934957189421552259e+00
2.084309942040252217e+00
2.139745961643187311e+00
2.077947027036155969e+00
2.189210941762958829e+00
2.157809430080984914e+00
2.047296531935796526e+00
1.993252653558952758e+00
2.042512058642716788e+00
1.996431863138411478e+00
2.012215399965838980e+00
2.109830619416729114e+00
2.144427439038604444e+00
2.014759589106985160e+00
1.974485355685732690e+00
2.077520015509807028e+00
2.144171643920385950e+00
2.195165527873861322e+00
2.196238583688808976e+00
2.201131661963573460e+00
2.155235761359902913e+00
2.160062017839415649e+00
2.051860194690452666e+00
2.051211721115573372e+00
2.141201448926460582e+00
2.147177452788251895e+00
2.116530511299075545e+00
2.066419989882650743e+00
2.140407158995413894e+00
2.152461109831457886e+00
2.149277608953750640e+00
2.173021298030265225e+00
2.149915867723429574e+00
2.185165091331132015e+00
2.185888887664117597e+00
2.176237314771014120e+00
2.146353698146713729e+00
2.206012379461839590e+00
2.203256784589511241e+00
2.226069984370607546e+00
2.252081044707934687e+00
2.205323490546332366e+00
2.238153230412200045e+00
2.189428172910109716e+00
2.243310634016008276e+00
2.236079729201566835e+00
2.230503575671878735e+00
2.240297964033394873e+00
2.258188150990087628e+00
2.224060354442736198e+00
2.269900499633254132e+00
2.241883307733969932e+00
2.207661368054705697e+00
2.230994201117021181e+00
2.224432682459769772e+00
2.199476659248790433e+00
2.217435088467889948e+00
2.206606834938353856e+00
2.205431706677074999e+00
2.176245975417832490e+00
2.173301936780860810e+00
2.154804539051594414e+00
2.204105526546953353e+00
2.156684611276537211e+00
2.222625499733489551e+00
2.252601249185882004e+00
2.251043547125793243e+00
2.365988091281409300e+00
2.334248096791219140e+00
2.307870687065515014e+00
2.284561565696108687e+00
2.316604743833691415e+00
2.249580768122604546e+00
2.291738117331763025e+00
2.225861976694726962e+00
2.274897508743594088e+00
2.208701421549913224e+00
2.263443582628624551e+00
2.256602713744372046e+00
2.205797754226525242e+00
2.228303266524453097e+00
2.278596695900401592e+00
2.226674842356823891e+00
2.187056598971926835e+00
2.240016315866287577e+00
2.242601008881639491e+00
2.252850931571834359e+00
2.365629871039108156e+00
2.280153529151910163e+00
2.327394120927220644e+00
2.331480064750302006e+00
2.239051168839832684e+00
2.248706350588099756e+00
2.201428934029560747e+00
2.259085375237314786e+00
2.293949267083701837e+00
2.270702495255942477e+00
2.316198745315987129e+00
2.265550044104213789e+00
2.231500185669986092e+00
2.204175271739591047e+00
2.188043775542085179e+00
2.231245111564394978e+00
2.275352301943876387e+00
2.220243205310171053e+00
2.250512597101944845e+00
2.142758094826217263e+00
2.232506813938968993e+00
2.204529965583121864e+00
2.154199386535498917e+00
2.215816052001966519e+00
2.177779568514225161e+00
2.278624722498753030e+00
2.197158579599314709e+00
2.216291515903773934e+00
2.176770893967885367e+00
2.216854168210173448e+00
2.257302917462153946e+00
2.193323513452282381e+00
2.257110032291750557e+00
2.257770906746891182e+00
2.214234394103448356e+00
2.307170527925844983e+00
2.252514830850502747e+00
2.260235866665122106e+00
2.296383565387534187e+00
2.314477755226841627e+00
2.210996919096551938e+00
2.249665648227642478e+00
2.285479534825752612e+00
2.253192217473384051e+00
2.266799252356960892e+00
2.247919273790528472e+00
2.221640731512497080e+00
2.174899275276427346e+00
2.171206290065114786e+00
2.157342328435111867e+00
2.117340681115514656e+00
2.167636343956456102e+00
2.247761768096625534e+00
2.296188963022462115e+00
2.268490053419167207e+00
2.248425375880496624e+00
2.241432662526852138e+00
2.235449650450827885e+00
2.194992265398526321e+00
2.075128719294819568e+00
2.018381012827426435e+00
1.999918174056195985e+00
2.072582364633774432e+00
1.979141720562024975e+00
2.105357867619625178e+00
2.007210825856544645e+00
2.088055683417814112e+00
2.054844899160760185e+00
2.120135219020721884e+00
2.204372768559625939e+00
2.207099420340293161e+00
2.214880007011585050e+00
2.156885613859107487e+00
2.175074299753403828e+00
2.306057032422495823e+00
2.200488324924939398e+00
2.232123244629726333e+00
2.207019695568875672e+00
2.037983069592021579e+00
2.094945137820917846e+00
2.042570035933941153e+00
2.016584591000073257e+00
1.834592760674569556e+00
1.761235904592490353e+00
1.979636329074273116e+00
1.819609302763702363e+00
2.063131909098483430e+00
2.002418250169648140e+00
2.098583032559181660e+00
2.084911534301345348e+00
2.235716783724927215e+00
2.111408713172638230e+00
2.130946750513751820e+00
2.112707763132288363e+00
1.990397645560711748e+00
2.122369433259245319e+00
2.093964801527650188e+00
1.948442517199181934e+00
2.019828188587594830e+00
2.089353385242626260e+00
2.090273577690624940e+00
2.026846485169222056e+00
2.045993684461346884e+00
1.943199591446798991e+00
1.694251402802201989e+00
2.076469187915595427e+00
1.883838654387885558e+00
1.886536650459812003e+00
1.797680617785951895e+00
1.848101054701948298e+00
1.860947804638938718e+00
1.882429841249373847e+00
1.762179797591552521e+00
1.729051297180064228e+00
1.613728190785010064e+00
1.719747626360998760e+00
1.800791832545863169e+00
1.798806707707949704e+00
1.540939945605803496e+00
1.600317434822450702e+00
1.554578483285963264e+00
1.607411612829032777e+00
1.608408074607930560e+00
1.568597545427400597e+00
1.647636179850527682e+00
1.735457842134940920e+00
1.655296073656412847e+00
1.627996583739548475e+00
1.616406378168463220e+00
1.626741043343465476e+00
1.763829487490414127e+00
1.734482416026837281e+00
1.756481048826823432e+00
1.751528156901113853e+00
1.870335936799806920e+00
2.055961688365288254e+00
1.976523153627717022e+00
1.884263620151566343e+00
1.881227676351434841e+00
1.859336408579664202e+00
1.834683637303368586e+00
1.810184227992372996e+00
1.795593657033850432e+00
1.840867881774514547e+00
1.916963448126724812e+00
1.819348952984909396e+00
1.849372639947782337e+00
1.921530189757781226e+00
1.913425908994795144e+00
1.841561830483004369e+00
1.897893601648536821e+00
1.925450531607187710e+00
2.004906918149490291e+00
1.925669461075105948e+00
2.018291591641929728e+00
1.944206705906399435e+00
1.911761044053002401e+00
1.872968992578795788e+00
1.809359851030362565e+00
1.820084334670821757e+00
1.918585691436119678e+00
1.793204456554159387e+00
1.721927776806691401e+00
1.712466929168272589e+00
1.589057828567280062e+00
1.504701648051063323e+00
1.460657696823436380e+00
1.502592701517874385e+00
1.579577831721968861e+00
1.636868339333907185e+00
1.605003486651021660e+00
1.766861921210077124e+00
1.704030376505295985e+00
1.664396264898732269e+00
1.676302702822931590e+00
1.684545968746681721e+00
1.699427258551852393e+00
1.774489286970920565e+00
1.715469218090649894e+00
1.718614600174722007e+00
1.813800161246694964e+00
1.779019044549553508e+00
1.865001330906536081e+00
1.850000503809495989e+00
1.939614202712987012e+00
1.940453562760690032e+00
1.889142539284615507e+00
1.907672319420385065e+00
1.831506294142476898e+00
1.855088722838378112e+00
1.907296140177756394e+00
1.817373211624375928e+00
1.916572939946189713e+00
1.971395861514378733e+00
1.898865107419753784e+00
2.036325405262284338e+00
1.994977582783992176e+00
2.119927127660265587e+00
2.077746349856671948e+00
2.129927634247034796e+00
2.004149192465733087e+00
2.109334984500793819e+00
2.128216467801747225e+00
2.019566832154211511e+00
2.142979965897116035e+00
1.964094179500140758e+00
2.023883651631674496e+00
2.080205992809636140e+00
2.090260088082871448e+00
1.935021346605696690e+00
2.110508826262516902e+00
1.922963126695188540e+00
1.948571762394507800e+00
1.698418786730107932e+00
1.925776675583715791e+00
2.005609282218023370e+00
2.057107861753126432e+00
2.087272204455286939e+00
2.247045673405474897e+00
2.002928850116392656e+00
2.062620284313245289e+00
2.314127101493558936e+00
2.180539163564872318e+00
2.085337601339706470e+00
1.980367731968032619e+00
1.940986991477514412e+00
2.153609975424151113e+00
2.159072678192846428e+00
2.042910287820996373e+00
1.858702847279878334e+00
1.913451687379818411e+00
1.809799750996193834e+00
1.886904627939047119e+00
1.917654603469060914e+00
1.848901770998580885e+00
1.894074491428691331e+00
1.813185681285902406e+00
1.703499047441628278e+00
1.664254522087923682e+00
1.755250292734698681e+00
1.844157701120636039e+00
1.896798091233645067e+00
1.703454295973832577e+00
1.632853130814751585e+00
1.623454051344559002e+00
1.626459791136501076e+00
1.770031996725244028e+00
1.649924300171291103e+00
1.775859962174457962e+00
1.691222136383436547e+00
1.721677127808286079e+00
1.612177976944952906e+00
1.647269062185080957e+00
1.680157608583558559e+00
1.776871087665929050e+00
1.812833417111515022e+00
1.786571730968568028e+00
1.905787547282769445e+00
1.980490618394077584e+00
1.918648155923293741e+00
1.965373782035713113e+00
1.823022021595017028e+00
1.808563986227488485e+00
1.904413644304070008e+00
1.938313272558826128e+00
1.796517274034746148e+00
1.660217827869338691e+00
1.604855265913200935e+00
1.722894958631638218e+00
1.790352870588621137e+00
1.878899037012560225e+00
1.797674596150592441e+00
1.744042112382535814e+00
1.677212686689121712e+00
1.734458109860179453e+00
1.800515613215408983e+00
1.714800774789906557e+00
1.706629530243950921e+00
1.710822069927170119e+00
1.721696891021248677e+00
1.777411852347979382e+00
1.608811892492354900e+00
1.648094825834953037e+00
1.723913244074930073e+00
1.811857665036724185e+00
1.671388368734893382e+00
1.656155436297625849e+00
1.737444160490665190e+00
1.638648798893640679e+00
1.606989400423564973e+00
1.551702820293724860e+00
1.659077253791773288e+00
1.571494903557496770e+00
1.609298728633675957e+00
1.610573243388200737e+00
1.605759124155280881e+00
1.528307340380048895e+00
1.562866582917576741e+00
1.586779533660186869e+00
1.569875601120044317e+00
1.523967304076602858e+00
1.646773077906151572e+00
1.641111241849751323e+00
1.624033077131548541e+00
1.662091532366621660e+00
1.759763672658192668e+00
1.978299612121121598e+00
1.898872299164842126e+00
1.895740706510401052e+00
1.890121557113206618e+00
1.702168740262278268e+00
1.741567164549533642e+00
1.858133372957631479e+00
1.916465944821245326e+00
1.754542913308779983e+00
1.804742843428724708e+00
1.908336834344212418e+00
1.729135397609952829e+00
1.784548675053965194e+00
1.681955035029986778e+00
1.830166289304973937e+00
1.672529979549875812e+00
1.577613779947413697e+00
1.679672706268966254e+00
1.537944093266103263e+00
1.576318051546051313e+00
1.597563371789868514e+00
1.617088614116097167e+00
1.592794676539683207e+00
1.803596409168503278e+00
1.849218683081578218e+00
1.748369207821303117e+00
1.750888764038716072e+00
1.617230892929454988e+00
1.615080681911311933e+00
1.685301984313630763e+00
1.859712562842397610e+00
1.923132752300906301e+00
1.765458683157593134e+00
1.847943547985421597e+00
2.103717196303607651e+00
2.122521440799572723e+00
2.281573708707235415e+00
2.151999312057042424e+00
2.106876769316003539e+00
1.999387775408190349e+00
1.789875908321284959e+00
1.818551805130947940e+00
2.034471207157471540e+00
2.011890908846222903e+00
1.909307948041565339e+00
2.021723283805027194e+00
2.146555981719278972e+00
2.070576847422243461e+00
1.970913394928826001e+00
1.898364596602408083e+00
1.980672324855179633e+00
2.032671192137220473e+00
2.065161526126082503e+00
2.020723327207858411e+00
2.174430221772907235e+00
2.069773656957726526e+00
2.247591175055243973e+00
2.067844312177790744e+00
2.115242238640516526e+00
2.037053142043100173e+00
2.188597849206950219e+00
2.375289124312385258e+00
2.309454546491587212e+00
2.155061912884177477e+00
2.183865602800214134e+00
2.088532962043789798e+00
2.049149288743326469e+00
1.979088618255047560e+00
2.061285336816745861e+00
2.218027064629668921e+00
2.005687597608207806e+00
2.213824808468568328e+00
2.026282517033150210e+00
2.208425341684874255e+00
2.055460359033444817e+00
1.902763990559967144e+00
1.863874848134901674e+00
1.750052766944640403e+00
1.775267851917650574e+00
1.735192450035275114e+00
1.881736706749948418e+00
1.808721187011212317e+00
1.746524151955296089e+00
1.768181313247308983e+00
1.889786670842021232e+00
1.733353346571322673e+00
1.651472601428234821e+00
1.633473637391741784e+00
1.582637899128453540e+00
1.622303055153268225e+00
1.583076263856793009e+00
1.669344226721021451e+00
1.957345154055667669e+00
1.882387487264202797e+00
1.762034120372793611e+00
1.939418709757479320e+00
1.954928958425564467e+00
1.886773243831489699e+00
1.779855328256640057e+00
1.670925947458022920e+00
1.799476296745056159e+00
1.907638860126420699e+00
2.073148822660587864e+00
2.025784089226152940e+00
2.282316606219627175e+00
2.271643492838719247e+00
2.169396836673771922e+00
2.163755033769344749e+00
2.336514327124314949e+00
2.562991356679508836e+00
2.424618323484556193e+00
2.116406995878805652e+00
2.098014573419291207e+00
2.065573097762534616e+00
2.215975519677059857e+00
2.188330369823281440e+00
2.228266199597528363e+00
2.313021283720040344e+00
2.305931651384062420e+00
2.346544914518365221e+00
2.417763882382543805e+00
2.367769587765743644e+00
2.366758810521898404e+00
2.383675091669464674e+00
2.213662345770778916e+00
2.047539048263300909e+00
2.064406434370790411e+00
2.080505734062412682e+00
1.951268640298050805e+00
2.114761060262633663e+00
2.240135007701272052e+00
2.133620228510307193e+00
2.173701424293497109e+00
2.113976254477072381e+00
2.105001125176824583e+00
2.117472277261559288e+00
1.894829055136197704e+00
1.849162303462081436e+00
1.854063624558080603e+00
1.859648338788532307e+00
1.739156629924016428e+00
1.917473581111451608e+00
1.842062796360500299e+00
1.911220895886925231e+00
2.049574921157108598e+00
2.108923543159198832e+00
2.080611444083504402e+00
2.073583720862585800e+00
2.106404632365053153e+00
2.190921070921689751e+00
2.255501162744143251e+00
2.144240475370947863e+00
2.228692042738875667e+00
2.064687470449609652e+00
2.114720988086837838e+00
1.921245176791880116e+00
1.930589882447147687e+00
2.164903709522863817e+00
2.070828312572186025e+00
2.347045075718196649e+00
2.281873704221341281e+00
2.110451819644381555e+00
2.250435400770863570e+00
2.493761357437739523e+00
2.491531773463852684e+00
2.318502119232385361e+00
2.244550220006162000e+00
2.391312855557968575e+00
2.376262081319107100e+00
2.460952633718022753e+00
2.396451620146089923e+00
2.502738542660023491e+00
2.491144908943840441e+00
2.437325499444882748e+00
2.366875302927182290e+00
2.362094532796771951e+00
2.393308131470126998e+00
2.437565389701841667e+00
2.362357746042788698e+00
2.399245165227838150e+00
2.405318372164843677e+00
2.252975009924462313e+00
2.283229714513186348e+00
2.340156627631131858e+00
2.363272336841569121e+00
2.388089319155894508e+00
2.257159437682579650e+00
2.277172396896192996e+00
2.274273134761131576e+00
2.341067192636108629e+00
2.337592066589215367e+00
2.399528863801165368e+00
2.283520829090533333e+00
2.343889304126926643e+00
2.359527525874336895e+00
2.732441207457422916e+00
2.470854955394541808e+00
2.482305677145401290e+00
2.702803187192424517e+00
2.837326828269127965e+00
2.581816345035088389e+00
2.525003925880855871e+00
2.326487548436737995e+00
2.296593427965960998e+00
2.424972282662258394e+00
2.529623954029300403e+00
2.382427853313387356e+00
2.217154228963363671e+00
2.218356129898015450e+00
2.148071073380546814e+00
2.118820143120268895e+00
2.100292794099968496e+00
2.257595741393026323e+00
2.145708314949199558e+00
2.110503186200541670e+00
2.080383511942171193e+00
2.224741088419411650e+00
2.209107855561915024e+00
2.298043567353992067e+00
2.270124370498228572e+00
2.414445453438516687e+00
2.378012198620152784e+00
2.196053753842035494e+00
2.173325827054346959e+00
2.108562998773896524e+00
2.101930047066659313e+00
2.145970870255478502e+00
2.114868236357458464e+00
2.157652678422662174e+00
2.210877989124363285e+00
2.156348401580045593e+00
2.215202652608823541e+00
2.129292488686991724e+00
2.149535720733046773e+00
2.128536182342441574e+00
2.189945439030646313e+00
2.181117753865805309e+00
2.166641084391527805e+00
2.089112581734957175e+00
1.974133018877199941e+00
2.119501923751684114e+00
2.132754766571121063e+00
2.148842588618749438e+00
2.151696339211981002e+00
2.150919468117861388e+00
2.106988489138965193e+00
2.151183809026170124e+00
2.206605954412037551e+00
2.186323502385923767e+00
2.149766347031067948e+00
2.087364190119529006e+00
2.062311349871046584e+00
2.111799073170295138e+00
2.215791026248600915e+00
2.168961738501342218e+00
2.128978665415764304e+00
2.110510541058387091e+00
1.934953558708425447e+00
2.046695916230000023e+00
2.108640688588476753e+00
2.122589737841308555e+00
2.239565273991573680e+00
2.093824637267328370e+00
2.132349933613935544e+00
2.354108063633149950e+00
2.277791898988988706e+00
2.190545205922908245e+00
2.154061933868181011e+00
2.320150150432316760e+00
2.312458042668810165e+00
2.138587365948528163e+00
2.315882563737026612e+00
2.167209032828107507e+00
2.203811259838836634e+00
2.194838828162974043e+00
2.320249918841189807e+00
2.285476013327473410e+00
2.424988454804674731e+00
2.368909564256517886e+00
2.236033247221152376e+00
2.238648192453245755e+00
2.231358028657230097e+00
2.225010703312091831e+00
2.151952783055385954e+00
1.986872357084292329e+00
1.928958744445907092e+00
2.001460660842236727e+00
2.029154069809026684e+00
2.140390868141770486e+00
2.105754634022160232e+00
2.148642041364233091e+00
2.146756165031757924e+00
2.234738834748253744e+00
2.252254094814458263e+00
2.335998739248173361e+00
2.254757817718461510e+00
2.307637222571499613e+00
2.200363725071112775e+00
2.206165251180797426e+00
2.225800807398642611e+00
2.245499528350039409e+00
2.391171285686297665e+00
2.315343631428206539e+00
2.247851788935884887e+00
2.309849103641935297e+00
2.216450967704851394e+00
2.326584178088295651e+00
2.185809074155373288e+00
2.174647755262058890e+00
2.154629751360671808e+00
2.188012019674485220e+00
2.260477810051277014e+00
2.295422391281903174e+00
2.140815443926854744e+00
2.314120072093775793e+00
2.441898530871466910e+00
2.383219920814106274e+00
2.385933340703698669e+00
2.477557787731019534e+00
2.441022207136781308e+00
2.405576742620597841e+00
2.374352105372641741e+00
2.364431619831407705e+00
2.326423297695154879e+00
2.257545071169450690e+00
2.173693441734662724e+00
2.297987899397778477e+00
2.148080110411400678e+00
2.265433294829471755e+00
2.243594132804085373e+00
2.407250992219132524e+00
2.361009928060760377e+00
2.478984766304800136e+00
2.401119853187577036e+00
2.572358003578525398e+00
2.533672313712421964e+00
2.566076220788906515e+00
2.625902618603849881e+00
2.544165607189274425e+00
2.528934389348453937e+00
2.616080299834348200e+00
2.716113140642360424e+00
2.515291764406258679e+00
2.525402054730119694e+00
2.600062117346018109e+00
2.555017845522258746e+00
2.535360975051667243e+00
2.571420851023094478e+00
2.653975180325548244e+00
2.631137949981359636e+00
2.660695583941706133e+00
2.731027000767949797e+00
2.680405379114886522e+00
2.714962053441552392e+00
2.566058461173847061e+00
2.528301056463923668e+00
2.469328506397537648e+00
2.604768710843414325e+00
2.640348442776695670e+00
2.472103768032098081e+00
2.528978739319903912e+00
2.448964869111346587e+00
2.398520660428776097e+00
2.267002369078681578e+00
2.266182659655141762e+00
2.214298717610880818e+00
2.119896399393970121e+00
2.137841865139164188e+00
2.171797042948884204e+00
2.227241194132994373e+00
2.236240180785234788e+00
2.204152388011295649e+00
2.148531926286535221e+00
2.109170595950352833e+00
2.114488858035950436e+00
2.146696485941232080e+00
2.051514343620384651e+00
2.041398935772723799e+00
2.118054831756652767e+00
2.145097981251543828e+00
2.036728916078850204e+00
2.128471474294401311e+00
2.191194549264140257e+00
2.181733256968271917e+00
2.156652423618472536e+00
2.239634198228518613e+00
2.188924342552047708e+00
2.117330473558988846e+00
2.248258586354093591e+00
2.202866115988433293e+00
2.399545712357509242e+00
2.121755837464517569e+00
2.171383450066779908e+00
2.247013329604284682e+00
2.173518824181075892e+00
1.954824059025500604e+00
2.249932573170810635e+00
2.397631386572086853e+00
2.484663884092709107e+00
2.512206208191297030e+00
2.597845539022248129e+00
2.355340441591285305e+00
2.341557058524781354e+00
2.335609367705991701e+00
2.530366006451718164e+00
2.548178718009578070e+00
2.555942877749375786e+00
2.800054487613529819e+00
2.952796721318781792e+00
2.830783422430835028e+00
2.661040368382659338e+00
2.648420117783310879e+00
2.597583093312927804e+00
2.448593425034855997e+00
2.277889061178697272e+00
2.258399517803636680e+00
2.195131619473779327e+00
2.062360386594378703e+00
2.063117306522322281e+00
2.030337177134557969e+00
2.165307096109079232e+00
2.365206151457966310e+00
2.303005627387478604e+00
2.454080935921042705e+00
2.523374142427573297e+00
2.720038155152161963e+00
2.564423318072226010e+00
2.548694109603524716e+00
2.501415078630727873e+00
2.460282704894268146e+00
2.513897918827676659e+00
2.329769932446524638e+00
2.314459131253114421e+00
2.223117564308773719e+00
2.577809873966038445e+00
2.484971744122015824e+00
2.428767263198027493e+00
2.591999726789050218e+00
2.639737023106188296e+00
2.735764645925935934e+00
2.550839998730353830e+00
2.532887357896951297e+00
2.378324394058921154e+00
2.588572459422812777e+00
2.518022063617766815e+00
2.366664564328759823e+00
2.237870512608788776e+00
2.439121989951796632e+00
2.385538553637386094e+00
2.479675217820515254e+00
2.556853984499873889e+00
2.331088819491196507e+00
2.259299974895971896e+00
2.356982270777748578e+00
2.261099212837436756e+00
2.427581223903795049e+00
2.617410942067790014e+00
2.702156864512089918e+00
2.588700478842500541e+00
2.500879386249506453e+00
2.647170895300841043e+00
2.590411519062559620e+00
2.467161967851953186e+00
2.500447705302333734e+00
2.642247023177969556e+00
2.883954796484199168e+00
2.850671965338403169e+00
2.881348885049686004e+00
2.878911195353044850e+00
2.794449145292038139e+00
2.764127840218292498e+00
2.645335030359216688e+00
2.652418110272810381e+00
2.663253427502745296e+00
2.585038467633164583e+00
2.692880359025952686e+00
2.584466149950966241e+00
2.422362215047993317e+00
2.501842628520575929e+00
2.424993560294203654e+00
2.467563074377066012e+00
2.462791286628374543e+00
2.530642592025145632e+00
2.328010594212023499e+00
2.345778388973892348e+00
2.318945871370461376e+00
2.215935160826024930e+00
2.201216009999916956e+00
2.200860834844869274e+00
2.154296226462885766e+00
2.122086110786290281e+00
2.151285312904736013e+00
2.085212896864922616e+00
1.923668240458278333e+00
2.032268278337693079e+00
2.122103070718544870e+00
2.089053016925266348e+00
2.212838361944354570e+00
2.210396706361691166e+00
2.146224756168270797e+00
2.074833442899642222e+00
2.120094770352267233e+00
2.073174840295097354e+00
2.113883333892512706e+00
2.226645773539771334e+00
2.347320596609989707e+00
2.336334162986632546e+00
2.283403749778967651e+00
2.263181525395704163e+00
2.104834047161143751e+00
2.154146748598782857e+00
2.323439315845701181e+00
2.329096205044555834e+00
2.410290358866677085e+00
2.381885359289432902e+00
2.313886149373442169e+00
2.488192547650935893e+00
2.493964324718743519e+00
2.501355213654242515e+00
2.597145233317819102e+00
2.616128605084462322e+00
2.496506550796874890e+00
2.597924813305732439e+00
2.408373647658741845e+00
2.475735827748897666e+00
2.365117870809893663e+00
2.435506403012315246e+00
2.371658324277887697e+00
2.482600437422582296e+00
2.461658435458090821e+00
2.502754414247864823e+00
2.432771747787866090e+00
2.453596072277948181e+00
2.400129527671207796e+00
2.562032479534991580e+00
2.564920200028233399e+00
2.454558145252252466e+00
2.594755184289905259e+00
2.582109050412169982e+00
2.518397482292045186e+00
2.488213433547618259e+00
2.519935072669790888e+00
2.558837234138005901e+00
2.606081068541342027e+00
2.680668427451975422e+00
2.590478483673912979e+00
2.623875301003613547e+00
2.661841989896507776e+00
2.680747890460869698e+00
2.709115515761989723e+00
2.756200470783487066e+00
2.784048903185837087e+00
2.782899892146051268e+00
2.741485798137110130e+00
2.773139355508045245e+00
2.724475626609329293e+00
2.709755674482392518e+00
2.576036789528661775e+00
2.470440318985228867e+00
2.688124121582773807e+00
2.621327776086009642e+00
2.550963801946179110e+00
2.623789683806399431e+00
2.761818129826458801e+00
2.611926559029808192e+00
2.669107201122264517e+00
2.620212615893328323e+00
2.619881960272072430e+00
2.561691375684212790e+00
2.390782396907696228e+00
2.469242003649370076e+00
2.649870136376430985e+00
2.533061653349287123e+00
2.562126071613784362e+00
2.591037627902006868e+00
2.527920481336818792e+00
2.442403014193521571e+00
2.533587757896476500e+00
2.304538489137196500e+00
2.333697716516303533e+00
2.319514820527357024e+00
2.264199534490726418e+00
2.636933943076559039e+00
2.709797973611979494e+00
2.616726036679568157e+00
2.620094938812983720e+00
2.531230018860554765e+00
2.484001537547083416e+00
2.461169004456835285e+00
2.481791959185674301e+00
2.501220939077751115e+00
2.504489836037802064e+00
2.538630755139830608e+00
2.652456877349131492e+00
2.636181526994315405e+00
2.551344499821392553e+00
2.565088612152996106e+00
2.544055219112095312e+00
2.407650944976807761e+00
2.522360068541638523e+00
2.601969463436852426e+00
2.470415732187618119e+00
2.481889499380291575e+00
2.435858528886241992e+00
2.599813870995667298e+00
2.728586805191036468e+00
2.685858875784776778e+00
2.743391591639199323e+00
2.739709595684298726e+00
2.927929837077161590e+00
2.915179891093889086e+00
2.745688871123114883e+00
2.775092720595047968e+00
2.704678831667696848e+00
2.601422032642640936e+00
2.734362874301604407e+00
2.672541747947670743e+00
2.596717766260407068e+00
2.789872573369690301e+00
2.722882867981654353e+00
2.750466097976246527e+00
2.928007406979364902e+00
2.915115301810205839e+00
2.839555393333871081e+00
2.768423599735638785e+00
2.702529517714348906e+00
2.520237493424400288e+00
2.653610650551122330e+00
2.649014928286633541e+00
2.512747937869682424e+00
2.476291685754491212e+00
2.459879096358168926e+00
2.350696972775771165e+00
2.381862674177106065e+00
2.325355677564172829e+00
2.244085802558859477e+00
2.316738808465395483e+00
2.541386017329235969e+00
2.392094166058490234e+00
2.319694579660312339e+00
2.296804500689234807e+00
2.265510252890199805e+00
2.343945613184106325e+00
2.394234425489915719e+00
2.394595551979927350e+00
2.274485246983428688e+00
2.232363570144818787e+00
2.253285491659672068e+00
2.248329137315299153e+00
2.377360565369311285e+00
2.490415518766407210e+00
2.574191966346843774e+00
2.507676772876497928e+00
2.539356853330756447e+00
2.546484446973770854e+00
2.463269721623657205e+00
2.510496661803854668e+00
2.553971845560949916e+00
2.748220931217671303e+00
2.621817065283776227e+00
2.452645906018483757e+00
2.503999176986568376e+00
2.507520062159285690e+00
2.485985324168040300e+00
2.478772315824091077e+00
2.484359039652759282e+00
2.413892955539048479e+00
2.406935221137834979e+00
2.352075207713676175e+00
2.535064423402135336e+00
2.390164505570202547e+00
2.404822509283523591e+00
2.377633730921202115e+00
2.414414270867745405e+00
2.498931356495708744e+00
2.355743015871434309e+00
2.338796251114064528e+00
2.249720371918543016e+00
2.267929476976556558e+00
2.430084759493538193e+00
2.376315411306996417e+00
2.416283998307239944e+00
2.348075614152184798e+00
2.274098429979701130e+00
2.232406954417967437e+00
2.315177260932022474e+00
2.342521401340729170e+00
2.288030568650105678e+00
2.353940593890331279e+00
2.294375859443269050e+00
2.402838844504460170e+00
2.447893222875289432e+00
2.472130093597957323e+00
2.549670547609137916e+00
2.488011932406988258e+00
2.564638338205347701e+00
2.497409160750095225e+00
2.627458806877678743e+00
2.683380582253607649e+00
2.738864047295677562e+00
2.699890546585344442e+00
2.675683292961871906e+00
2.645782023414247508e+00
2.810185834066414756e+00
2.765930081018090902e+00
2.751281911204845887e+00
2.867194519857132917e+00
2.706256234493252144e+00
2.651617958388645668e+00
2.584274969772387021e+00
2.570459298371063017e+00
2.474561692118158795e+00
2.562129381452618926e+00
2.659565045479237444e+00
2.568035731324748383e+00
2.862797766247409559e+00
2.798629003939750781e+00
2.646053928104199038e+00
2.522857729491885692e+00
2.501512599432297979e+00
2.541769531348122779e+00
2.424643342636602750e+00
2.306336698289739306e+00
2.285812212694958934e+00
2.292147815509916420e+00
2.268890678392961213e+00
2.274477966657311168e+00
2.334569658851554763e+00
2.325312371618863505e+00
2.472320478247280295e+00
2.400214966843836617e+00
2.407077403880557576e+00
2.483716952250345944e+00
2.626304409828723596e+00
2.768876871367631498e+00
2.534843490601645488e+00
2.604259224800435479e+00
2.684281990578946342e+00
2.689782505014089775e+00
2.884209707836081549e+00
2.800082089917297790e+00
2.772217452268212590e+00
2.913670502444028365e+00
2.990144188323361263e+00
2.885650075068423970e+00
2.995140547110713758e+00
2.878339514511773167e+00
2.921002943903830307e+00
3.030752491243321245e+00
2.867629472917865296e+00
2.846218242278497179e+00
2.906127476192885251e+00
2.788141053021663929e+00
2.877114131117850082e+00
2.795595213793613087e+00
2.884891305200411260e+00
2.857291359596248803e+00
2.974848816929823503e+00
3.041017038063307254e+00
3.067827498180326184e+00
2.855225836700732156e+00
2.900615292216808694e+00
2.933995003925028211e+00
2.908833333802073984e+00
2.953903901444574931e+00
2.840892318437961084e+00
2.874716119831213668e+00
2.717660529706741546e+00
2.754609618855453856e+00
2.821864794944929145e+00
2.693336052137058623e+00
2.729741198779189304e+00
2.672172298595662632e+00
2.827894459818616202e+00
2.827894472583798446e+00
2.925260848352927656e+00
2.893169933835083807e+00
2.927507833956774164e+00
2.923288095393528074e+00
2.821048200298056585e+00
2.791545538201622101e+00
2.742920402850521189e+00
2.728796856386158431e+00
2.670734591339829933e+00
2.717169309095665675e+00
2.877896717090348666e+00
2.935074013781268754e+00
2.946710457299730468e+00
2.954139011036016615e+00
2.771705621109409989e+00
2.882879569108032669e+00
2.721663963638619510e+00
2.751025462407711508e+00
2.675676987394139061e+00
2.668679431864083629e+00
2.683319491927117273e+00
2.411647553474425276e+00
2.303864849757026434e+00
2.338889633326915796e+00
2.439253354684683295e+00
2.567494066925959384e+00
2.489562902851558235e+00
2.595353413825174371e+00
2.618172498343987353e+00
2.557631537937728350e+00
2.742912496049100923e+00
2.769736331850440436e+00
2.637249001529033077e+00
2.699797994892196851e+00
2.600864394665313384e+00
2.612115548474616578e+00
2.474729556142404974e+00
2.528337391554550173e+00
2.462398051739064453e+00
2.520078926687300047e+00
2.482553801510690494e+00
2.613830048919930427e+00
2.570594716579658989e+00
2.582170023837173645e+00
2.722255401064947566e+00
2.663374057425717645e+00
2.646370771071421935e+00
2.689063913358530122e+00
2.453834927865438775e+00
2.571715966661707764e+00
2.755456952840232621e+00
2.734597813452793069e+00
2.607051440797079511e+00
2.545962105630821259e+00
2.683474526722100961e+00
2.708927438572004132e+00
2.725698032095695833e+00
2.771095901786933879e+00
2.668997503216521405e+00
2.812544667869790516e+00
2.720112512371660074e+00
2.730057015896214079e+00
3.051240641147527022e+00
2.891485681247780715e+00
2.765310131892259715e+00
2.702626729512095149e+00
2.789299723085525429e+00
2.830176810842528035e+00
2.992729603641761216e+00
2.837961738706898718e+00
2.972312365555545899e+00
2.734646906698371183e+00
2.893146095078376945e+00
2.831653893606948191e+00
2.852436477265420045e+00
2.496831529573070974e+00
2.533811093752312171e+00
2.455603041531867259e+00
2.453196390984581310e+00
2.451984100932840693e+00
2.539120863784085635e+00
2.527274904642711650e+00
2.414877840746608939e+00
2.426440714604482629e+00
2.519001976987651048e+00
2.618301945492867766e+00
2.711148691016154189e+00
2.667405547532543331e+00
2.634874665836511198e+00
2.473053065844305731e+00
2.575749098416718841e+00
2.577222486382045652e+00
2.630762062182405270e+00
2.698665054604780345e+00
2.653912655160427292e+00
2.810950268255142603e+00
2.686342228024563905e+00
2.687914729800206626e+00
2.707943567076664504e+00
2.589100731021181545e+00
2.684354939780082550e+00
2.861111697704723955e+00
2.823151595698032423e+00
2.754102107220354867e+00
2.847169124213247748e+00
2.799618010223992925e+00
2.788488964422719985e+00
2.663445330760188412e+00
2.715297878301246914e+00
2.691416618963354157e+00
2.663684295654144663e+00
2.658184197629437140e+00
2.567487047085451835e+00
2.609378781737786479e+00
2.739515604019899353e+00
2.732491553296889197e+00
2.879476711612513284e+00
2.965549952886997964e+00
2.834579305795123627e+00
2.758533419190375646e+00
2.824463794784442872e+00
2.865723431897712725e+00
2.878775829773028150e+00
2.838150348727428440e+00
2.944006241949153946e+00
2.844762547024417110e+00
2.922025445091979368e+00
2.893235076360045177e+00
2.900087157310315522e+00
3.005563890809498595e+00
2.826596140327752860e+00
2.854755377695659568e+00
2.799108742031369612e+00
2.807291617415879958e+00
2.958465631986658018e+00
2.734771990980224832e+00
2.855777269290649123e+00
2.883452799045213677e+00
2.921760153576675290e+00
2.961253745954754546e+00
2.971579908501992939e+00
2.945664647319182095e+00
3.018226927205657439e+00
3.084303915127705853e+00
3.152479724277341688e+00
3.028627086146182812e+00
3.015385710745920100e+00
2.917750619734432505e+00
2.816396792044697506e+00
2.907770507328786280e+00
2.974686559061850755e+00
2.918821096458962483e+00
3.111264003778507981e+00
3.143440417122812303e+00
3.122442064359503000e+00
3.081095272321503931e+00
3.037111421712840098e+00
3.054387959505638683e+00
3.313548902798062912e+00
3.340512721016469566e+00
3.295907180702898565e+00
3.130474327025931203e+00
3.093131697571486427e+00
3.118691837335118677e+00
3.038130515597983194e+00
3.021962748103246721e+00
2.932588256396088777e+00
2.917187286865937423e+00
2.736793839613634649e+00
2.805507134568135719e+00
2.892779304856929024e+00
3.028009232373638504e+00
3.083474972558255089e+00
2.884756470905188497e+00
2.826717453300392702e+00
2.921637904230226290e+00
2.812218076831899172e+00
2.891732862723120689e+00
2.686173835904063889e+00
2.785301698273638049e+00
2.634967652868163146e+00
2.706471912766938992e+00
2.623673293086675518e+00
2.679507999268927687e+00
2.769685749606669134e+00
2.739723645468665758e+00
2.639898306999329591e+00
2.547092684885924552e+00
2.613398824100560347e+00
2.649262425454331993e+00
2.644965367820347080e+00
2.607605521666142234e+00
2.731007338991463307e+00
2.778090061319844928e+00
2.600666218475754743e+00
2.680326233489866983e+00
2.684241008402621365e+00
2.784865413260985356e+00
2.656101627045922342e+00
2.626626300359714339e+00
2.455348702137632788e+00
2.627123321256021882e+00
2.675229554252037012e+00
2.791825877990321558e+00
2.779056319558370625e+00
2.950619212183872797e+00
2.830669457986939808e+00
2.660081723226373374e+00
2.584117497735609614e+00
2.604415086672831059e+00
2.609817015099419546e+00
2.587633676538382943e+00
2.546114054937698601e+00
2.541538666388885481e+00
2.563151878380606430e+00
2.506885282335916010e+00
2.626710561451711889e+00
2.628066370545615094e+00
2.442159327280867043e+00
2.429723888961049294e+00
2.494603162550026898e+00
2.525231977177772702e+00
2.512741455874582641e+00
2.595701738579383466e+00
2.625501657911672115e+00
2.654961877239531365e+00
2.653980858240546414e+00
2.421882665302256044e+00
2.524356116139723216e+00
2.536916889591867452e+00
2.600287034384348051e+00
2.565610840191079767e+00
2.546474488871280695e+00
2.600086039263883375e+00
2.605309641809211652e+00
2.591802110511537194e+00
2.773996705485545888e+00
2.621075809327119366e+00
2.654928631719923882e+00
2.687258264531477980e+00
2.597291472573170168e+00
2.712881826547441477e+00
2.703268276238406820e+00
2.631570958701699325e+00
2.712803371588514256e+00
2.731692228220666152e+00
2.940428199813906129e+00
2.888569633535136294e+00
2.837782698775012324e+00
2.793973012791451271e+00
2.759580433016166179e+00
2.701286055469840797e+00
2.710772949587035185e+00
2.647421976133631283e+00
2.715608757078169955e+00
2.819706907193478607e+00
2.946606547551976263e+00
2.815276727054086603e+00
2.872565435288193303e+00
2.743471615758062754e+00
2.982572843918289696e+00
2.824417308516893321e+00
2.805309636573235288e+00
2.934089502571132879e+00
3.123691725824190080e+00
2.913256719109172721e+00
2.950375275084291093e+00
2.641108734588715645e+00
2.835712639275558722e+00
2.887588245268455811e+00
2.699484522065802583e+00
2.954444222312565316e+00
3.013828298146496554e+00
2.996724838496210630e+00
2.839600929633443016e+00
2.813750745292372901e+00
2.884820648483148453e+00
2.698415183345389323e+00
2.603818281304632443e+00
2.692608648883976663e+00
2.606711336308974225e+00
2.674746144970824968e+00
2.727491595120770107e+00
2.725281931278498604e+00
2.727180407207164592e+00
2.746579198147502066e+00
2.806010668283419385e+00
2.808870311761756167e+00
2.861107285279508972e+00
2.629628862220427798e+00
2.559900235009828773e+00
2.495776710016540445e+00
2.411279157132026452e+00
2.549560572064402120e+00
2.517459288408687268e+00
2.441910251227434880e+00
2.535594193627401349e+00
2.567721702194245559e+00
2.401640141654341587e+00
2.336123007782426431e+00
2.521342329969550100e+00
2.565883641735386078e+00
2.483028657581503040e+00
2.448184871108209038e+00
2.645171211182979487e+00
2.729689240377609849e+00
2.708060943577846658e+00
2.725307100304843910e+00
2.732500282074145304e+00
2.662102211449862921e+00
2.545733321623048440e+00
2.418044066465343533e+00
2.600009402186275409e+00
2.662346377800037800e+00
2.667469882900563416e+00
2.723012871045441763e+00
2.654673954853919771e+00
2.860259023442521364e+00
2.986877103225433761e+00
2.992030539881536111e+00
3.157026402998278414e+00
3.131466648971449107e+00
3.137677206017611464e+00
3.176599302070954867e+00
3.120943948342528529e+00
3.116699813286260667e+00
3.128829853031858566e+00
3.169059103425294843e+00
2.942786120655790150e+00
3.184477429822015537e+00
3.001537138339946509e+00
3.075830750785801815e+00
2.985827015114271177e+00
2.948341900988383557e+00
2.883790655639608680e+00
2.921708926683957319e+00
3.032705876632004305e+00
2.934630367813038099e+00
3.144199878811763771e+00
2.969014723733734318e+00
3.115120524931136448e+00
2.964191329094651994e+00
2.994224469079627582e+00
2.805313240195783653e+00
2.824126228197885613e+00
3.002104916379573218e+00
2.725737988757731767e+00
2.776077596483002452e+00
2.945873948205381510e+00
3.069944598167330785e+00
3.092115008450723401e+00
2.891194535843160551e+00
2.795119771939392539e+00
2.813641187836749324e+00
2.825390024261051458e+00
2.800932511959125737e+00
2.726446767112186809e+00
2.775452043362458099e+00
2.789578051646123935e+00
2.845931710465987585e+00
2.840623969938753657e+00
2.908055790579219924e+00
2.780299180836167228e+00
2.663530950657382768e+00
2.650902654590888474e+00
2.941702110583735763e+00
2.946829429111042842e+00
2.834057401956163957e+00
2.740803322801559361e+00
2.690178201572741568e+00
2.682319264257129632e+00
2.875549871767559829e+00
2.762633810825473990e+00
2.659432308761231045e+00
2.683240600463649539e+00
2.732640503413803046e+00
2.719409524438134440e+00
2.687682365088055025e+00
2.719146375322534670e+00
2.646854196560558314e+00
2.620535424110970624e+00
2.735554021382116119e+00
2.892625602102315341e+00
2.793251166544021835e+00
2.794189924674392422e+00
2.773164552887508627e+00
2.856674011174994199e+00
2.827682420265143381e+00
2.682766912883581600e+00
2.702939130614554042e+00
2.606956854595769535e+00
2.549561478388800317e+00
2.465314882116049322e+00
2.367464409227674427e+00
2.505952574110578368e+00
2.537681246870645779e+00
2.516005084127650449e+00
2.426223005335319538e+00
2.367461418089129133e+00
2.346973712696873271e+00
2.436306497123599701e+00
2.512577930393867121e+00
2.531289852195426349e+00
2.516529404398605951e+00
2.393311246486077959e+00
2.483092608206678875e+00
2.542233798128869626e+00
2.567633379281322625e+00
2.426583504228057020e+00
2.558016920633011893e+00
2.413831092892039898e+00
2.393275278161461017e+00
2.371955755077614025e+00
2.509823894550786250e+00
2.465911802765772709e+00
2.442995972904082436e+00
2.490650546809673571e+00
2.622692618913147200e+00
2.487060169158882950e+00
2.538567452923582213e+00
2.534505621256455843e+00
2.464781166576904603e+00
2.468722119406011384e+00
2.451465214324465069e+00
2.472421730951901875e+00
2.741762175875422702e+00
2.660856071817852886e+00
2.606456334372883266e+00
2.799401298098668001e+00
2.650567469577128854e+00
2.868758177700614809e+00
2.876903842641687969e+00
2.978750673020063466e+00
2.881452432594188817e+00
2.793992481231370562e+00
2.890999632722913937e+00
2.923135304487235242e+00
2.829081834989899846e+00
2.709051596695562836e+00
2.800623293234828726e+00
3.004703004700542746e+00
2.964961300558651480e+00
2.967939471413053809e+00
3.138555013505377023e+00
3.121213310149371534e+00
3.072267119550226688e+00
3.043674135011497306e+00
2.993613332894513590e+00
3.115616388430408445e+00
3.027920108682778721e+00
2.920980992938040366e+00
3.112487860946766549e+00
3.194076826062872687e+00
3.140206744228589919e+00
2.914571827695188411e+00
2.726751833205600217e+00
2.878540750850206109e+00
2.751018090731828902e+00
2.717756284445793202e+00
2.889247044108814944e+00
2.900835679426735592e+00
2.945091313075987927e+00
3.107112966661318421e+00
3.227720161893050665e+00
3.209663751246407681e+00
3.119074588845581975e+00
3.193447921559776859e+00
3.086602904817476567e+00
3.010222342668510631e+00
2.808362424133108881e+00
2.919960077139994059e+00
2.999224595085179246e+00
2.813598255939325110e+00
2.958343720678775934e+00
2.834326234529032096e+00
2.687214442141656168e+00
2.979871958382258601e+00
2.832957608682641570e+00
2.656588015979317596e+00
2.759336307646763853e+00
2.859030418974920273e+00
2.847302456952750305e+00
2.842300971493334938e+00
2.840001187386469450e+00
2.969812658840815800e+00
3.009536842552643865e+00
2.989735765295384429e+00
2.877824635583480006e+00
2.912500231729936218e+00
3.018555651790291616e+00
2.996630042960139573e+00
2.688360490995009400e+00
2.725073327319959660e+00
2.850305726833555209e+00
2.810074555860774037e+00
2.663433445003593913e+00
2.692659466704899529e+00
2.725102848494617369e+00
2.916232523118097220e+00
2.917869571364220871e+00
2.897295371898684468e+00
2.984155476506801907e+00
2.852784109785333921e+00
2.986906977874241864e+00
2.766412764852098860e+00
2.593348498092271637e+00
2.690484564989332750e+00
2.613988771048609383e+00
2.585451715792831617e+00
2.683292274614544670e+00
2.730538151681140224e+00
2.747274462718560795e+00
2.794834252694935461e+00
2.650689063726085148e+00
2.580631316578903878e+00
2.564801556531465909e+00
2.522810025049757154e+00
2.595819841706189290e+00
2.636183384853161726e+00
2.605557859842963619e+00
2.532556733303091168e+00
2.499167479831338579e+00
2.358027389384772743e+00
2.401389740011759866e+00
2.340234412565747046e+00
2.519333036547494409e+00
2.454341313116476186e+00
2.537462822663547168e+00
2.561978537972705805e+00
2.532677487311150610e+00
2.601058292339905265e+00
2.640212969661013709e+00
2.479290818732676094e+00
2.672289678293273685e+00
2.594465457745016135e+00
2.696108009317828014e+00
2.838266254101974528e+00
2.884404622018782671e+00
2.818912362168832786e+00
2.887951362404542532e+00
2.827996717468500787e+00
2.934828195194109757e+00
2.834181656199320276e+00
2.741158700827512451e+00
2.800369673669737658e+00
2.718894159559545720e+00
2.682145736590316520e+00
2.660170709218379503e+00
2.668461400557600172e+00
2.577217560266197971e+00
2.631900270757237426e+00
2.588306803452759208e+00
2.691269422495992103e+00
2.581907980501563671e+00
2.639746871880936929e+00
2.733558451466763017e+00
2.725427157009208123e+00
2.582032976289945658e+00
2.590146532334173024e+00
2.750259098343233344e+00
2.664406449384891573e+00
2.717968957925849249e+00
2.815251105371258333e+00
2.696147706368740238e+00
2.760092579140729363e+00
2.676187727475204170e+00
2.631089215139013060e+00
2.680607443217712049e+00
2.633020116222703155e+00
2.667326470178843056e+00
2.686709360865460194e+00
2.683998240722245576e+00
2.868374521091947127e+00
2.828655335530164017e+00
2.719640052236160788e+00
2.695808322368426158e+00
2.675532887759438427e+00
2.612849421655404125e+00
2.690718664809905736e+00
2.826152368019628103e+00
2.617011928864124926e+00
2.794513106571776095e+00
2.939849405831923779e+00
3.014159649832082177e+00
2.930842454515647066e+00
2.971676416703353141e+00
2.930684201044648773e+00
3.030107508715995657e+00
3.006551033059503109e+00
2.968253724516644265e+00
2.893784844942960621e+00
2.898247331008599659e+00
2.938301487144229895e+00
3.069518638407898070e+00
3.049979126998528578e+00
3.050280452675905529e+00
3.036222083699408270e+00
3.059465858703914964e+00
3.025952363616697838e+00
2.758993472643138212e+00
2.846195208381431918e+00
2.811433620098847896e+00
2.940573368035179325e+00
2.976822579607506736e+00
2.976870550160486406e+00
3.039160436378629537e+00
3.109063877668508002e+00
2.997630142977426804e+00
2.909316188882489218e+00
2.976546370024120147e+00
2.891809147335364649e+00
3.046246224173700057e+00
2.909596426056116236e+00
2.887931430948479150e+00
2.863814451498978730e+00
2.867826936480836864e+00
2.771803267298977413e+00
2.679791763126293080e+00
2.809706058487367653e+00
2.818821642556916807e+00
2.761333685124738313e+00
2.760092681042895624e+00
2.847465421075240144e+00
2.821550105961892374e+00
2.676176762412846077e+00
2.633387542153782679e+00
2.619846126094427241e+00
2.707677076885173673e+00
2.786551048634720029e+00
2.708829920544219227e+00
2.739548380731312793e+00
2.910151714909542164e+00
2.855863651059306729e+00
2.683035644229697425e+00
2.681449030138102430e+00
2.788728842197612412e+00
2.999820354057221916e+00
2.923651694872297924e+00
2.800380010004047016e+00
2.762735744474054123e+00
2.706396013060208716e+00
2.666896150367349616e+00
2.689724797461645611e+00
2.628841176764542098e+00
2.664012954640059494e+00
2.602290348684135779e+00
2.527706359886579879e+00
2.495728528385215306e+00
2.410141280442973599e+00
2.365583383956859631e+00
2.317302928872299272e+00
2.315777189519423018e+00
2.403920671487966398e+00
2.512523257149450462e+00
2.473732245850494227e+00
2.469170076414610726e+00
2.454416361616823306e+00
2.396419244060690179e+00
2.384810462089508754e+00
2.362890169171749655e+00
2.362394229873753915e+00
2.401311575990490166e+00
2.390326604794412724e+00
2.312436680985113568e+00
2.284118462682278583e+00
2.314958530376526991e+00
2.317742679564771979e+00
2.320527423326763206e+00
2.322478032296786843e+00
2.272839836851694884e+00
2.349132595807855939e+00
2.214268887972156374e+00
2.262412905712420930e+00
2.362720628416343782e+00
2.453297513378376760e+00
2.540353299372753337e+00
2.560979051461611089e+00
2.610444930873842662e+00
2.525320235181691242e+00
2.527180153426260123e+00
2.457295372347771067e+00
2.397206537433969498e+00
2.437970454163143952e+00
2.395081757102710096e+00
2.378279296318285496e+00
2.404797194135693150e+00
2.411514956828445300e+00
2.446780579015491508e+00
2.372023304675709543e+00
2.442922099008196568e+00
2.501526816152246369e+00
2.474823369979739507e+00
2.605528665742134375e+00
2.587007241828914506e+00
2.512246937577685024e+00
2.804298962431766462e+00
2.686593785548612168e+00
2.718460674833553803e+00
2.770363202445496942e+00
2.594684634362083742e+00
2.528415516373729854e+00
2.580507934416990778e+00
2.529003984716264419e+00
2.619556592415849039e+00
2.572091105012338286e+00
2.461395117164708157e+00
2.489790312736187339e+00
2.598753486592429773e+00
2.612162239435909861e+00
2.523706276461262554e+00
2.485516404648936639e+00
2.609363494835457153e+00
2.684237883850848050e+00
2.329010019500711515e+00
2.369042098493656656e+00
2.424365075504816058e+00
2.338081445348226595e+00
2.283773235403346646e+00
2.337426524583433363e+00
2.429116895210703841e+00
2.293827242981155923e+00
2.260516068793010369e+00
2.306081889498416082e+00
2.319073401339946106e+00
2.426213444575088030e+00
2.429831730321516226e+00
2.395113890042048777e+00
2.437310932145146936e+00
2.356082511299017579e+00
2.334156498381008582e+00
2.383463691988510380e+00
2.329702189546179802e+00
2.262842199722209902e+00
2.292406542891692656e+00
2.341705833265721903e+00
2.295197500950787006e+00
2.379009574714737951e+00
2.370320415723561336e+00
2.520178319492372587e+00
2.385699841879846073e+00
2.498761388371893766e+00
2.485609657618058410e+00
2.695985138807346360e+00
2.623124891300921746e+00
2.726587442872219658e+00
2.811714830927996456e+00
2.659648188675559854e+00
2.691156960983954516e+00
2.867393654598850983e+00
2.866309019993015017e+00
2.887194308749585492e+00
2.843812302251009339e+00
2.959987169048890365e+00
2.686793208464266058e+00
2.598070345264002601e+00
2.687747634664225949e+00
2.565101402875598957e+00
2.686008361787308285e+00
2.686117462460910321e+00
2.719778049111005291e+00
2.714298228309003580e+00
2.741612647327727803e+00
2.806051093519197792e+00
2.768093452455020032e+00
2.792694748267412042e+00
2.840871826763927910e+00
2.715033235352749319e+00
2.734117905870580234e+00
2.785493050758467426e+00
2.905337794960575870e+00
2.722598850022048822e+00
2.830440104863177542e+00
2.898400747336196126e+00
2.865850018878019601e+00
2.787521035485476251e+00
2.674117890028130162e+00
2.781446445821131874e+00
2.883997937316377325e+00
2.993764662337258020e+00
3.036888055410949416e+00
3.096097201212269834e+00
3.041661150389599388e+00
3.052597616897713362e+00
3.071256246378429200e+00
3.068374360563221881e+00
3.018573435100285085e+00
2.844211749299156100e+00
2.897644487696172000e+00
2.827228145389297342e+00
2.905574974388545950e+00
2.824725289950818397e+00
2.711747794513327037e+00
2.863616594169735574e+00
3.061549740211810366e+00
3.026525841626534152e+00
2.933362462958017503e+00
2.821486293079473739e+00
2.811193715931677328e+00
2.625004313597790517e+00
2.856863891013085688e+00
2.867940291858043889e+00
2.703053036422617517e+00
2.674680408838064682e+00
2.852216822960218945e+00
2.667122563107703570e+00
2.788324143439510738e+00
2.801554818359088816e+00
2.715418135566425750e+00
2.793311249062986334e+00
2.882232669440299322e+00
2.826927246669960425e+00
2.799986092079091993e+00
2.767891211023662645e+00
2.667594560744039001e+00
2.530657173321031017e+00
2.597351475661472620e+00
2.644048427958995084e+00
2.792410687766384569e+00
2.663330642346649846e+00
3.033316621735959728e+00
2.901783628423141970e+00
2.756024561851119881e+00
2.864850719328571937e+00
2.759755397396030929e+00
2.729361320706430671e+00
2.690043098015177492e+00
2.528611203480892744e+00
2.610719449447142182e+00
2.651895454128215146e+00
2.461575408000200138e+00
2.562790884460476093e+00
2.576652150878479652e+00
2.535752325818632080e+00
2.387181609724974063e+00
2.526551556775550544e+00
2.663653052539310728e+00
2.667723709523314835e+00
2.812245307876140910e+00
2.905495360697385010e+00
2.936790772881390232e+00
2.746149778697303478e+00
2.685423221647590175e+00
2.682646348005626624e+00
2.719889920743195688e+00
2.754741709178529785e+00
2.964041563169687254e+00
2.800173154198296377e+00
2.958065415873992965e+00
2.944705793047998288e+00
2.957463076097591070e+00
2.884514876084773416e+00
3.076902787661121685e+00
3.125665586538683538e+00
3.209826597036213869e+00
3.102338933117147146e+00
3.192599442363001749e+00
2.983792587479683345e+00
2.975662996642034930e+00
3.064817572844549254e+00
3.056840015295890112e+00
3.153108797673518815e+00
3.148917147280053452e+00
3.118623174866428371e+00
3.194327780931918159e+00
3.171017473901805328e+00
2.967927982664455566e+00
2.957268658903522418e+00
2.967124018903812832e+00
2.886977255796591812e+00
2.819195157424710718e+00
2.799456623618453932e+00
3.008005042059882062e+00
2.929179429105361443e+00
2.924975606201956957e+00
2.912581446648598860e+00
2.965279055211689663e+00
2.977323585058017752e+00
2.828130094965752850e+00
2.843114668869368700e+00
2.736880594748803741e+00
2.829528637781889788e+00
2.960334926610472817e+00
3.022001854209609650e+00
3.114295909942510487e+00
3.101632117071619454e+00
3.103063726687968149e+00
3.176960132223904498e+00
3.033359599975160137e+00
3.202529930577759476e+00
3.107219365287579471e+00
2.971059152418359606e+00
2.902856754507727732e+00
2.996909665320969030e+00
3.010552877843466035e+00
3.028046812218195605e+00
2.841302102121314288e+00
2.861103612850194544e+00
2.715690369617510758e+00
2.771426859026372647e+00
2.659324906626600704e+00
2.598374799994936701e+00
2.624486457550698315e+00
2.767420566734713816e+00
2.819258004541913998e+00
2.749134903608752456e+00
2.870835009395781512e+00
3.015198218116565965e+00
3.038421039416551395e+00
3.059369553952142606e+00
3.150230472661279535e+00
3.159121745954820870e+00
2.985355659825159158e+00
2.813907624303486177e+00
2.696336272786742594e+00
2.739532834066598976e+00
2.852683045841430509e+00
2.737644035572459167e+00
2.669839748540414615e+00
2.962790668165776076e+00
2.926970414573851098e+00
2.950365039423851421e+00
3.012215104062800464e+00
2.956479673974439226e+00
2.941813816347518706e+00
3.026919095500631318e+00
3.057374698627361997e+00
3.041056642510476138e+00
3.047241068265129194e+00
3.098425433738425827e+00
2.916583253190915936e+00
2.780206739538580329e+00
2.739881267059485204e+00
2.930389804961218925e+00
2.966585960361694418e+00
3.052698402721874427e+00
3.049061809800549305e+00
2.977556661943848937e+00
2.961348412936225749e+00
2.908174611568688395e+00
2.908834429199789628e+00
2.827437265472856343e+00
2.848717962854520724e+00
2.804439949060877346e+00
2.729792740608695478e+00
2.902367867828457015e+00
2.828427120590867094e+00
2.856296258805094634e+00
2.821244708194104778e+00
2.829821224798270585e+00
2.798207025109389789e+00
2.770609855964736301e+00
2.811609356556279415e+00
2.879167551356052623e+00
2.897100057561724729e+00
2.940897631667936718e+00
2.997165363250874570e+00
2.843525092532178000e+00
2.704179281326199558e+00
2.655187910265651041e+00
2.610738024917508504e+00
2.553082748598261009e+00
2.572238708085681669e+00
2.539366524494531152e+00
2.510735394215493521e+00
2.509543318338494089e+00
2.486851690981476626e+00
2.491318056494394195e+00
2.604343853505874939e+00
2.690154276462966454e+00
2.607771441959320757e+00
2.653288548761175036e+00
2.656295055475038414e+00
2.650254402752695082e+00
2.717811173807294978e+00
2.684874060758312364e+00
2.746093023638378483e+00
2.671023915255680059e+00
2.602183521533486754e+00
2.454625144384897428e+00
2.591535013212959093e+00
2.703911707437498091e+00
2.726493099152559552e+00
2.800300016972479433e+00
2.741194589399470694e+00
2.669023652429749927e+00
2.668583137915665926e+00
2.687116613696372891e+00
2.731016377047772004e+00
2.593349304138876654e+00
2.506800378811499641e+00
2.494831139695870448e+00
2.451710090522579932e+00
2.433531934440205102e+00
2.355070729521984596e+00
2.336100773633242866e+00
2.484279620853531600e+00
2.582584155274755044e+00
2.630795692314401801e+00
2.568822926607440493e+00
2.591765402028027854e+00
2.638305563313242175e+00
2.562927336591312333e+00
2.578664479814548827e+00
2.465088889307132103e+00
2.549451510487426464e+00
2.497326792590372158e+00
2.544576689214597121e+00
2.528814230352656178e+00
2.636702023703346054e+00
2.849560757808102807e+00
2.724187635154703635e+00
2.791278017396138011e+00
2.781535584459724930e+00
2.828162958224206935e+00
2.592624120236661334e+00
2.607047637630464543e+00
2.612293495956656386e+00
2.691908477099105301e+00
2.738147177787044306e+00
2.675639271256327945e+00
2.438289849646396057e+00
2.321580878907086198e+00
2.389981509550847871e+00
2.307296408856577496e+00
2.310231812835489507e+00
2.227887703036069755e+00
2.434178676764284788e+00
2.292530264012729191e+00
2.216802864471351775e+00
2.209780784840070567e+00
2.246981119698214791e+00
2.331232204426231913e+00
2.296468461189873800e+00
2.303162157694403245e+00
2.274971775349378778e+00
2.307021846923923647e+00
2.314169244466162123e+00
2.350910654186801008e+00
2.349236965974955460e+00
2.343627295841555380e+00
2.394177205997258362e+00
2.246004860048211427e+00
2.312469140425193359e+00
2.349241058332026455e+00
2.378682704271432247e+00
2.399904168341314481e+00
2.525543685946393779e+00
2.432892665943055199e+00
2.432677714257620583e+00
2.317494634592554892e+00
2.315200845930857732e+00
2.265687198350220033e+00
2.427565877735457622e+00
2.452021367927909257e+00
2.490070256659103531e+00
2.664669529409997129e+00
2.565169077736234815e+00
2.566837315886948190e+00
2.550801564911957531e+00
2.418817936212227071e+00
2.349722852770601556e+00
2.418160593652141088e+00
2.283693291707977746e+00
2.280208740365815778e+00
2.218866309840717754e+00
2.264784105607699605e+00
2.374080169484508840e+00
2.407712480931449850e+00
2.567950202243544755e+00
2.489831612923977922e+00
2.429648873464518744e+00
2.524805884296628999e+00
2.509532643911311922e+00
2.563383566015763115e+00
2.577974730047052798e+00
2.420542822878751998e+00
2.398178221591911630e+00
2.254439565609789753e+00
2.284224307920518449e+00
2.453834788366664021e+00
2.518064063714922529e+00
2.417757111273738602e+00
2.450832601230021446e+00
2.512907569398367791e+00
2.485192721395293347e+00
2.442489147328591237e+00
2.487177055213567911e+00
2.541643026693102048e+00
2.673914754535991367e+00
2.579371354744517841e+00
2.499994979269063222e+00
2.589836502283856312e+00
2.502311280987694175e+00
2.533576841328141871e+00
2.622813914843546534e+00
2.584971807000682187e+00
2.512107091305285422e+00
2.593277748034475749e+00
2.585680707041484006e+00
2.689158837001937030e+00
2.702446689795371615e+00
2.620519012825473837e+00
2.481097100180379655e+00
2.692332269469462691e+00
2.587099802396306103e+00
2.650714643151955485e+00
2.750182624094039241e+00
2.675269537377223728e+00
2.720493870646619960e+00
2.850534675948251717e+00
2.921436884803653822e+00
2.779585884183863875e+00
2.735253749696631598e+00
2.835099274418283688e+00
2.838431417326478190e+00
2.633477546425619487e+00
2.576302294271134663e+00
2.505081172606124618e+00
2.907561090869733800e+00
2.819527279147069354e+00
2.746278702669794125e+00
2.831055669562577926e+00
2.692200636169998607e+00
2.700539699241595315e+00
2.672037573369926644e+00
2.813535823388409796e+00
2.752173635173986277e+00
2.933183656511170412e+00
2.817333338607102888e+00
2.934935456159714739e+00
2.897242485426734682e+00
2.885653066373746967e+00
2.722599563688410385e+00
2.689113865044510110e+00
2.819852590632743627e+00
2.752962764160495457e+00
2.707694833420486891e+00
2.653897349120739602e+00
2.775528266175860015e+00
2.695879520217804082e+00
2.692298977382328040e+00
2.586946313293831512e+00
2.510664448984996522e+00
2.466429268752794002e+00
2.403793672802688963e+00
2.559810693095971867e+00
2.570278518490932917e+00
2.678766144769180180e+00
2.795902931067256070e+00
2.786630437043991826e+00
2.611362282244689581e+00
2.540841740262735016e+00
2.540667098710749361e+00
2.550578681844465123e+00
2.690356251337545412e+00
2.551506541318023569e+00
2.404288237909265380e+00
2.388670846345505527e+00
2.336007454326147759e+00
2.395606214130394651e+00
2.305845667261181564e+00
2.362741621331392761e+00
2.305281476797516493e+00
2.313383352209856358e+00
2.391447741374894687e+00
2.396326376282368553e+00
2.376769432891352452e+00
2.431215465617297955e+00
2.437918833278710284e+00
2.449231458833583730e+00
2.390247780359702201e+00
2.626677705198282808e+00
2.558193113571487043e+00
2.517372508468114667e+00
2.437226747822147210e+00
2.400455291945069902e+00
2.425286306971885519e+00
2.540787257298527280e+00
2.511075528568723847e+00
2.531458660399914962e+00
2.476044209643168514e+00
2.485920356672263409e+00
2.308515812019689140e+00
2.338131306455384806e+00
2.281201197292445748e+00
2.262733131512396412e+00
2.333162274019013882e+00
2.337305650139357649e+00
2.230165413940701225e+00
2.253404058674532529e+00
2.340131731785845215e+00
2.354508122839657158e+00
2.436263751574253345e+00
2.450464806076537716e+00
2.471333974503695963e+00
2.415368579607133803e+00
2.468120896523274599e+00
2.355402670778917962e+00
2.316602363780571050e+00
2.318739090822291349e+00
2.340938962297400394e+00
2.325901117711776767e+00
2.338163181882984443e+00
2.359139370011172243e+00
2.465949813427552151e+00
2.489784295622349930e+00
2.568914138972588024e+00
2.598753693418956789e+00
2.577353912228337762e+00
2.571206775398529043e+00
2.386896555525642505e+00
2.344512447108276998e+00
2.322055333697854440e+00
2.205215008130635201e+00
2.233696032024663936e+00
2.265379692399010381e+00
2.426670534825628334e+00
2.279964749117435741e+00
2.308802821507364378e+00
2.177135370523990865e+00
2.306203240621071515e+00
2.242435106130610922e+00
2.218240431475038132e+00
2.241086894378879979e+00
2.297299254194768992e+00
2.305177662974292385e+00
2.322083430507093649e+00
2.325882382439173224e+00
2.376746770530700825e+00
2.461159751385636696e+00
2.555635057110737574e+00
2.450519914264290389e+00
2.544994719158831575e+00
2.512720860482481555e+00
2.446693959358568371e+00
2.381436863590416397e+00
2.248057470106352262e+00
2.247163015780021755e+00
2.180845942562238626e+00
2.408386629510275156e+00
2.403095091351363344e+00
2.241326812620707543e+00
2.330092655599234064e+00
2.517102375099119271e+00
2.591051586499263149e+00
2.515345145303565122e+00
2.519710855239281955e+00
2.695694647797898025e+00
2.609292486442843728e+00
2.513809419759606367e+00
2.569493068628185828e+00
2.477857095847301849e+00
2.415899903910237345e+00
2.326981432844013487e+00
2.376565698683198669e+00
2.184854797036999141e+00
2.290663588281128593e+00
2.377058716244822012e+00
2.450931419589998939e+00
2.435750942004701880e+00
2.452332505948251473e+00
2.429804163256427341e+00
2.558930538082534678e+00
2.541383843741382265e+00
2.509027874576974515e+00
2.386592255152203190e+00
2.417914688740963047e+00
2.630401399472487078e+00
2.704405262864113535e+00
2.647215482227642358e+00
2.659188716217806281e+00
2.578420141074080352e+00
2.521748870956671773e+00
2.472871384711774922e+00
2.524282160962350918e+00
2.542866696939231730e+00
2.546925427718716328e+00
2.508869764911322076e+00
2.420977500046393782e+00
2.494226152995289603e+00
2.370620507665286869e+00
2.295370065091243639e+00
2.319928381177082777e+00
2.500132971404007698e+00
2.442258516858465622e+00
2.275736236519959821e+00
2.226403757784525261e+00
2.307202592459467461e+00
2.431484495016656311e+00
2.519503585108772814e+00
2.618797437540876683e+00
2.545264038090825576e+00
2.468405230906795644e+00
2.508281609155708303e+00
2.535236393718854675e+00
2.496545020794841641e+00
2.605277727330213011e+00
2.522056871093105723e+00
2.500150201375448411e+00
2.395446753786441896e+00
2.452198939111748022e+00
2.495523022081704845e+00
2.463219798432291441e+00
2.561216042366881496e+00
2.586201991115395504e+00
2.522382873374562795e+00
2.561280943984032721e+00
2.508104589947331320e+00
2.586372705061821708e+00
2.605707211112925581e+00
2.686075778746017217e+00
2.556805289480615695e+00
2.938740900583331594e+00
2.805184658301484557e+00
2.900825210903058782e+00
2.847169167040935811e+00
2.790734854964020961e+00
2.701002120396581940e+00
2.807394412526071026e+00
2.883252966547878327e+00
2.824656130144380661e+00
2.929083472510405795e+00
2.834560104342658260e+00
2.692291544301009587e+00
2.642876220922664832e+00
2.782963989179556563e+00
2.735694864132785842e+00
2.712139667461194392e+00
2.797062867455718749e+00
2.821785547528064875e+00
2.835747066902621683e+00
2.888860473980123800e+00
2.929022043219979832e+00
3.279550225956738174e+00
2.927993683646675116e+00
3.084396682223859987e+00
2.894135116202908087e+00
2.922615462547287102e+00
2.934763186467009621e+00
2.957953751963714240e+00
2.993664658411987034e+00
3.147761212581853041e+00
3.126537440444351557e+00
3.197337398872018177e+00
2.924304087186381462e+00
2.970237829527746953e+00
3.254391300950354449e+00
3.155583657637957895e+00
3.024306543989957241e+00
2.879634543875319252e+00
2.927656128161791216e+00
2.883719164930329093e+00
2.770642770110337771e+00
2.752140137154390764e+00
2.804627545949265333e+00
2.910114848755332773e+00
3.021574873766161851e+00
3.038642883750942936e+00
2.708467573038303655e+00
2.665714093276426944e+00
2.629521791304189282e+00
2.703750091014656576e+00
2.719559473800775340e+00
2.900554894269966599e+00
2.926669402162346945e+00
2.843156800141594776e+00
2.676600217706754048e+00
2.633417749564370691e+00
2.658508954612194497e+00
2.527018500324260675e+00
2.347214455204946759e+00
2.334742594685087269e+00
2.433301920278337693e+00
2.388149316824223600e+00
2.387655940552951161e+00
2.391547395331029335e+00
2.396203100706887135e+00
2.369724096369998811e+00
2.436629574840904144e+00
2.431629094484305309e+00
2.320922764028570562e+00
2.382860903269227837e+00
2.302836969108933651e+00
2.249412862788826573e+00
2.243261915407439133e+00
2.304126873705570233e+00
2.217537264595149438e+00
2.313188379426924790e+00
2.399469772217211361e+00
2.373639038317318928e+00
2.353905856755702075e+00
2.433004326951782037e+00
2.435450475605742238e+00
2.466871104868191722e+00
2.433196935900504343e+00
2.345984735186430026e+00
2.530380361561206826e+00
2.515600389168193285e+00
2.499515129917184719e+00
2.445033386730993907e+00
2.405243397332209820e+00
2.497496417501958277e+00
2.449281960988588747e+00
2.366883265169527739e+00
2.309171593545406687e+00
2.288140004902954772e+00
2.238985562720709144e+00
2.264621369319238742e+00
2.278028252782477558e+00
2.234801706432288704e+00
2.332231905427772478e+00
2.321521543633732865e+00
2.331501678085423634e+00
2.339067275454639105e+00
2.284421094058028956e+00
2.289713288296328475e+00
2.289408977906683962e+00
2.293146190968634812e+00
2.260197688463848387e+00
2.332981420818646789e+00
2.306908461280572809e+00
2.284764816745148863e+00
2.336413876413365287e+00
2.404861388266060551e+00
2.380312958304656057e+00
2.263564516834917661e+00
2.370422301846050406e+00
2.377264045470058207e+00
2.311876017684936002e+00
2.328576423257985972e+00
2.416470394689405055e+00
2.478374076378711433e+00
2.407871031317129873e+00
2.313145862972761702e+00
2.282862007423697381e+00
2.333645686598078584e+00
2.398463783849933861e+00
2.418128236739002901e+00
2.481831098021133997e+00
2.451398380877228167e+00
2.556164146135508464e+00
2.683040023392941009e+00
2.734978232898480854e+00
2.711532147896873468e+00
2.769590808318417974e+00
2.670546444878546755e+00
2.567045846790831476e+00
2.522872470842417059e+00
2.505297511999980298e+00
2.359447556100471743e+00
2.289395443452038048e+00
2.474226124554937289e+00
2.490827847746629242e+00
2.394332260345502839e+00
2.394035144176864360e+00
2.380170811717450707e+00
2.326875658742721065e+00
2.487837032217939282e+00
2.490618192164670397e+00
2.378823197564668313e+00
2.317169710234318281e+00
2.405530710546417428e+00
2.289136465112008523e+00
2.378540560654085922e+00
2.292562599932691736e+00
2.362189324278936464e+00
2.430836061638518064e+00
2.422177868025282343e+00
2.394110540623997530e+00
2.671729286279346915e+00
2.882004298227068162e+00
2.901970615676228160e+00
2.950025160687996806e+00
2.873401195468363145e+00
2.766816564527657452e+00
2.691917638320650230e+00
2.712146994221146468e+00
2.790627834960658582e+00
2.654899308908163835e+00
2.562377241140080919e+00
2.732538575998443964e+00
2.728312555339262424e+00
2.710706586015147135e+00
2.850632959883631745e+00
2.830158162986814663e+00
2.674327328037333640e+00
2.690308392662836390e+00
2.513782090145024739e+00
2.493396007898529998e+00
2.494339066688977979e+00
2.397139104400054510e+00
2.320186500133027963e+00
2.525558185720651938e+00
2.426033391912921111e+00
2.398776380068421421e+00
2.607865031633822550e+00
2.600304692491000047e+00
2.460920042378577310e+00
2.704061310148345498e+00
2.623528589750266704e+00
2.601607524106445801e+00
2.629043892278696504e+00
2.618869880846465659e+00
2.525807964927704763e+00
2.524847708123301171e+00
2.673169238037734097e+00
2.553447072682760055e+00
2.521398705684464669e+00
2.615973801629894790e+00
2.555683911569353928e+00
2.661292394103886849e+00
2.635375965453028879e+00
2.608759406018820837e+00
2.466825990625336029e+00
2.459986329296225183e+00
2.399574766550520266e+00
2.441051409828962182e+00
2.513113398590419045e+00
2.510730711930855730e+00
2.542437425621542957e+00
2.472703854872210005e+00
2.589093382978682190e+00
2.669029705182095036e+00
2.679851697378095920e+00
2.561989594993406616e+00
2.678515148798063628e+00
2.706278877965363705e+00
2.693675746924641956e+00
2.786880810754273963e+00
2.721307471190671290e+00
2.749327946105294629e+00
2.645117528909854965e+00
2.680213644739730672e+00
2.807419327949050469e+00
2.811962453457167666e+00
2.719867718204406426e+00
2.862480460748442646e+00
2.848279774003430020e+00
2.783581170850780939e+00
2.760865503025843104e+00
2.775348000002919591e+00
2.836936173620226764e+00
2.865829955240858595e+00
2.729131344515826285e+00
2.801734281540010141e+00
2.875918813429545917e+00
2.964585076630051663e+00
2.907318383056688660e+00
2.884637188846251643e+00
2.827981610826718395e+00
2.758101749780009104e+00
2.877180690560693144e+00
2.710907137397626787e+00
2.696513754415329700e+00
2.697584791750976319e+00
2.744056179140596630e+00
2.670325915578678710e+00
2.763643331432043659e+00
2.584212084033373991e+00
2.641813250400005142e+00
2.634198161218092249e+00
2.506715338618329181e+00
2.417836245161298248e+00
2.475477217014187215e+00
2.462440799452344731e+00
2.464103728816724459e+00
2.479964844023042403e+00
2.396266233240726518e+00
2.385666747701464363e+00
2.249878680336200976e+00
2.345412285322791224e+00
2.326507031744720511e+00
2.262713958148250715e+00
2.373387185007244771e+00
2.306133729693182310e+00
2.425777290207594472e+00
2.291992689664525518e+00
2.254004033728197687e+00
2.337481579446180735e+00
2.304635432755487212e+00
2.334151587138265871e+00
2.364916316002460217e+00
2.391747563239949859e+00
2.434315660515556257e+00
2.409593014283711199e+00
2.351153149371371764e+00
2.380166804790344592e+00
2.672799525837756818e+00
2.806404809843790371e+00
2.838506359342949370e+00
2.910167240230607799e+00
2.840777460289564793e+00
2.958330552207599773e+00
2.729846175833455568e+00
2.899964519566686327e+00
2.923006277613429571e+00
2.849830833233027771e+00
2.816133263290344413e+00
2.691577003187376693e+00
2.747846863743554469e+00
2.796772917390514035e+00
2.607306948197283258e+00
2.602566321490579870e+00
2.459739613716998452e+00
2.614316804960424179e+00
2.817005824606000797e+00
2.867656678306467199e+00
2.893360530986573753e+00
3.034208825195676695e+00
2.967617327415966511e+00
2.883913805422449794e+00
2.952658274997901788e+00
2.912491909443150728e+00
2.753448273726097906e+00
2.664961464798372148e+00
2.679342645342581264e+00
2.678246149905842532e+00
2.666220800781041511e+00
2.626068040911219814e+00
2.698330060166956201e+00
2.767989711328240787e+00
2.708821469819005401e+00
2.692705271339108197e+00
2.514803131198634745e+00
2.528495152774590249e+00
2.646853838793075120e+00
2.536003030152421012e+00
2.552054576317937862e+00
2.367754581499626809e+00
2.447341042267709543e+00
2.481240278984647052e+00
2.610949249656560944e+00
2.496496292753616952e+00
2.447435084174260478e+00
2.350133953055921321e+00
2.529494091661399491e+00
2.633415760166959441e+00
2.796216260267949671e+00
2.903991086510894881e+00
3.006747091532270932e+00
3.002097871875460289e+00
2.906720282694751578e+00
3.001294813096527569e+00
3.032434814234387765e+00
3.010364296195468636e+00
2.971389718999902563e+00
2.860360338166789695e+00
2.767546453128557182e+00
2.829254928435092964e+00
2.876780151111548722e+00
2.751557502553187096e+00
2.839019369875438681e+00
3.085021838440624276e+00
3.041076381281090146e+00
2.893507457422278772e+00
2.826191755600805156e+00
2.689169492626266589e+00
2.680317477094264600e+00
2.637714775975573467e+00
2.612730715268853032e+00
2.674316594597648145e+00
2.822478024943469332e+00
2.758265243947757739e+00
2.723420168254849116e+00
2.803630860444807915e+00
2.855628680127388019e+00
2.878566654188849938e+00
2.914476946900012244e+00
3.086659465308333239e+00
3.039914077909132928e+00
2.823242319227769137e+00
2.857484843822026832e+00
2.670376718811671157e+00
2.645759486653894488e+00
2.627330603148896770e+00
2.704640239044700412e+00
2.706800371695621710e+00
2.782387495264946331e+00
2.887640274019671160e+00
2.843401935545157411e+00
2.808940991899088413e+00
2.739281411861936189e+00
2.742696875271006807e+00
2.740177393025335473e+00
2.739063844667966485e+00
2.725101991002470303e+00
2.764501536371489099e+00
2.922834430625936175e+00
3.070338800695866066e+00
3.046325839304243388e+00
3.070368929535367997e+00
2.939286580356051282e+00
2.805685672514180773e+00
2.670255821689512477e+00
2.753579812673897731e+00
2.648921775832174585e+00
2.743919172343165958e+00
2.671945881349143015e+00
2.692331309082853785e+00
2.791327869863714728e+00
2.829175774522303843e+00
2.772242799445886252e+00
2.579124676274788364e+00
2.524932353189849099e+00
2.525833981696829600e+00
2.488968497632897403e+00
2.658986425896745942e+00
2.717693475891989507e+00
2.559858273505402959e+00
2.597582696521498757e+00
2.579728916187309817e+00
2.580225447801714811e+00
2.678674993668400006e+00
2.822718049646820937e+00
2.895357702976120162e+00
2.962233407843129385e+00
2.891899572238599614e+00
2.873212517082955664e+00
2.800662641853680856e+00
2.867697287205257517e+00
2.817198556196506498e+00
2.848284133647107197e+00
2.899753987133020683e+00
2.851480673091220552e+00
2.742933563458842983e+00
2.736830385305694779e+00
2.731409949210845234e+00
2.707240334132564819e+00
2.668167818905833322e+00
2.813019295183049717e+00
3.018887911031773452e+00
2.775555505647464116e+00
2.734453925484647385e+00
2.814218465940782732e+00
2.699121127253928165e+00
2.736911797373532185e+00
2.915332630462304397e+00
2.704902454921088495e+00
2.887493883673855954e+00
2.810657201627714485e+00
2.662564036357180086e+00
2.666119172565570850e+00
2.623001100753795445e+00
2.695833741256728810e+00
2.651611045875448713e+00
2.735488043124760793e+00
2.398622150438766809e+00
2.421791957850996990e+00
2.240436748484655016e+00
2.297727474705732575e+00
2.259824689321947133e+00
2.375522387246915113e+00
2.404040777552769903e+00
2.292664108790915201e+00
2.391537049699771433e+00
2.140219387719398902e+00
1.978857861094695636e+00
2.152137197064001306e+00
2.117723545403393803e+00
2.232254125431483605e+00
2.224889031021300756e+00
2.215995950256568481e+00
2.239830240049888843e+00
2.086230354581932289e+00
2.038271898191743148e+00
1.959095413984656586e+00
1.903418253963627294e+00
2.190815417010679500e+00
2.117365589565245010e+00
2.157188469916369922e+00
2.132128375285184951e+00
2.127061876614553260e+00
2.276397109607893654e+00
2.309665491977948903e+00
2.456776128074475096e+00
2.274428618555126569e+00
2.138806220350460308e+00
2.301627368482841884e+00
2.204293951944019891e+00
2.195900759223043508e+00
2.361202897894540076e+00
2.367040796202040109e+00
2.217781946164734119e+00
2.297134364393792261e+00
2.290588925828173750e+00
2.174808954479232614e+00
2.377019444631041090e+00
2.564870331202658615e+00
2.876400905414921993e+00
2.814678646298589992e+00
2.651734441944782805e+00
2.542527498950816867e+00
2.692506311327090174e+00
2.769921112068018498e+00
2.691850973006131742e+00
2.550993950882737504e+00
2.509219957059322326e+00
2.606806563869692006e+00
2.590879968872242589e+00
2.337821367740665846e+00
2.663458121066387019e+00
2.834480965744407222e+00
2.630852452478268155e+00
2.376919989390398946e+00
2.473755146540322247e+00
2.217273925681628288e+00
2.101769781393827863e+00
2.158725293619933705e+00
2.328002970932312454e+00
2.412789051203035218e+00
2.366523005382156875e+00
2.092357309239500918e+00
2.039917462523197944e+00
2.322117996552772734e+00
2.419453218848671927e+00
2.296398110227834799e+00
2.418178298509346291e+00
2.571724637699055460e+00
2.464508050809881556e+00
2.510924690164625162e+00
2.613066382613718819e+00
2.823808562487964302e+00
2.786729159326101435e+00
2.693493519775122191e+00
2.763390290622153689e+00
2.733712706615161192e+00
2.684114688371557200e+00
2.696820303965693277e+00
2.907117100012514221e+00
2.793664903465882254e+00
2.677888463158348831e+00
2.658377787005926862e+00
2.593820852761618667e+00
2.958130368562827517e+00
2.628808630401450408e+00
2.670088520546649136e+00
2.675879300865157795e+00
2.603667348497138434e+00
2.656960865743664524e+00
2.570496541571698490e+00
2.552031866272668204e+00
2.336328500250671958e+00
2.167092632514918460e+00
2.100326325414695106e+00
2.116696754418312842e+00
2.061646211912069759e+00
2.090235761476489262e+00
2.237703770632028188e+00
2.223646486444139647e+00
2.117461977640669346e+00
2.265845580291790728e+00
2.485344829817791812e+00
2.403136825916696750e+00
2.368338211278747885e+00
2.383537531848938684e+00
2.231035793582137217e+00
2.319750298883056505e+00
2.440858022596114729e+00
2.565315901435692769e+00
2.406976135670072736e+00
2.401518346914107038e+00
2.393015928944788318e+00
2.407938615035589258e+00
2.569739400283850728e+00
2.338500373501529062e+00
2.388737888607294746e+00
2.456919151941431068e+00
2.547401991739191907e+00
2.367715050835978996e+00
2.294838073590494520e+00
2.459182928913288713e+00
2.459130951213477356e+00
2.558975374710773298e+00
2.305229903025530991e+00
2.636792635292891429e+00
2.418639369125096472e+00
2.453174501075169545e+00
2.312134703538303970e+00
2.277532999153758286e+00
2.304140048050637546e+00
2.276787078622385163e+00
2.040044317613641578e+00
1.997062713409965884e+00
1.955797997080923167e+00
2.192355287250394635e+00
2.024974323706735024e+00
1.899243371305424199e+00
2.122480841355765868e+00
2.164587206022316579e+00
2.083025601095204848e+00
2.141565626237631470e+00
1.958829865016308514e+00
2.122454963437672593e+00
2.220602074878044618e+00
2.237540176267125425e+00
2.104009671024869910e+00
2.337071232001404653e+00
2.362257628385278529e+00
2.067645981258662058e+00
2.326007660879350514e+00
2.219593063534946786e+00
2.193062372865461906e+00
2.438158768711248037e+00
2.429111727604284621e+00
2.334593977936381570e+00
2.272873482961821345e+00
2.379236281041837486e+00
2.364391872923573334e+00
2.411780700373864494e+00
2.471523158467709536e+00
2.412705820632970344e+00
2.341464584297904050e+00
2.347073654280928068e+00
2.167393699289913656e+00
2.117579579026819925e+00
2.077277604700101588e+00
1.945904702080998527e+00
1.974021540761589089e+00
1.940804136278276193e+00
1.883764400318931109e+00
2.017257430473514024e+00
2.026206642211215492e+00
2.155570780354582272e+00
1.877232066540744704e+00
1.946731737129181905e+00
2.010213514609565433e+00
1.861306455242010216e+00
1.944805763703843837e+00
1.882517762752231594e+00
1.982123066482530671e+00
1.990922685110238177e+00
2.139461807409032357e+00
2.029891786249399921e+00
1.925759473091807727e+00
1.873133744481479512e+00
1.972559386122595404e+00
1.995687474149801188e+00
1.837742125296380591e+00
1.963593381508359270e+00
2.040947052151832253e+00
2.177216051095270277e+00
2.326935116898884104e+00
2.354390804368502010e+00
2.348707335384653483e+00
2.584200442070034853e+00
2.635871858656190891e+00
2.616286194466900472e+00
2.736028063208618910e+00
2.539580136783763820e+00
2.468864772520658057e+00
2.450103172056030676e+00
2.547829061578542387e+00
2.471314748606513678e+00
2.553715907193139678e+00
2.634832858783873188e+00
2.881485273823193083e+00
2.958503242606534300e+00
2.972907069919366041e+00
3.085113987033818894e+00
3.021971703502254858e+00
2.957596384558904390e+00
2.814306679558854274e+00
2.945453745445551164e+00
2.609979193523939589e+00
2.660075468943453370e+00
2.839741729163702377e+00
2.941512722172337391e+00
2.850715961497302331e+00
2.762640272923224227e+00
2.780818713155443600e+00
2.966712785994604751e+00
2.929491284099263293e+00
2.987460199675228800e+00
3.106198862649818704e+00
3.076913948432357770e+00
2.843480011150756770e+00
2.929140997226366228e+00
2.872630589236745191e+00
2.844622588828569221e+00
2.927513042650469188e+00
2.860213033240155411e+00
2.950882713743244956e+00
3.125262108408538353e+00
2.857593083170628656e+00
2.744758335669699179e+00
2.849959656352613280e+00
2.833078687481465519e+00
2.686814655760262571e+00
2.441992515298727184e+00
2.399787692898505576e+00
2.206887860081650388e+00
2.161795011035111624e+00
1.864072819141197934e+00
1.950027057901514649e+00
1.980487348111694690e+00
1.909615424635562997e+00
2.083905904872086268e+00
2.189403894812788298e+00
2.272007740436782885e+00
2.601671570336215655e+00
2.626985051778834901e+00
2.551626671861539908e+00
2.540605879824476165e+00
2.473836781103345039e+00
2.203961643055941000e+00
2.444907580466768593e+00
2.474455980027018498e+00
2.307631798958665215e+00
2.261446374291820938e+00
2.427992386162728167e+00
2.614733653756892817e+00
2.558713796498289117e+00
2.627942669749586013e+00
2.785595761916753510e+00
2.627266355467551495e+00
2.624727378903521924e+00
2.528456943034282478e+00
2.409122598147708239e+00
2.473765842913243418e+00
2.388110845961656459e+00
2.471923575621346458e+00
2.479443423970223215e+00
2.599391155840771184e+00
2.752764746384732675e+00
2.564924845208603088e+00
2.724299920368947969e+00
2.714367694341582649e+00
2.735992577965621564e+00
2.406616518998747178e+00
2.340328541351421876e+00
2.423939759699898389e+00
2.414290794637449444e+00
2.336413496934723888e+00
2.211104684419859634e+00
2.408260623958386581e+00
2.490617961148235082e+00
2.542232822652302104e+00
2.752340280749703716e+00
2.692294335060937183e+00
2.531675755461840982e+00
2.633112847092328401e+00
2.517867670419504655e+00
2.564072959290474518e+00
2.511842751213610558e+00
2.490853773957749873e+00
2.345068719086635056e+00
2.307062464802844826e+00
2.472477578752631633e+00
2.459102624229966505e+00
2.326683909893381585e+00
2.369913939369291622e+00
2.300957831442976609e+00
2.190287918065992212e+00
2.121535337590241266e+00
2.091408607521601848e+00
1.943136348234218547e+00
2.162967171542323541e+00
2.050498716565690938e+00
2.211569461547429505e+00
2.216536052044306260e+00
2.072197190233710629e+00
1.869089699133575255e+00
1.915374944494643294e+00
1.884757729899151801e+00
1.966749185717354909e+00
1.898498550812632413e+00
2.102880639155898290e+00
2.089121308963171053e+00
2.056459350544554976e+00
2.024758160143701247e+00
1.852611934085074408e+00
2.026592902884711389e+00
1.992160566327509708e+00
1.983416816191952758e+00
1.909093630959003862e+00
1.817489828856200473e+00
1.814693029359719878e+00
1.752695967541787692e+00
1.837036324689999889e+00
1.980840405274622462e+00
2.066025726562741749e+00
2.218197421365565969e+00
2.217500113062579548e+00
2.155835140963327845e+00
2.221830117582841879e+00
2.332084190461976014e+00
2.329318084956493173e+00
2.337012301412430215e+00
2.181538528388597520e+00
2.182867306872124935e+00
2.111997510844522807e+00
2.201367502860888337e+00
2.177239532232841945e+00
2.141615789602900666e+00
2.215244540988893895e+00
2.161201576420877846e+00
2.139407190822328886e+00
2.204702949665894973e+00
2.153907843142740308e+00
2.293050233714956754e+00
2.266234841328975236e+00
2.325701349255749673e+00
2.099550984155144739e+00
1.831410171831753475e+00
1.923614355237895035e+00
2.132295281987595104e+00
2.166149784977101422e+00
2.192986590851778050e+00
1.803595087843358646e+00
2.036902128413288882e+00
1.966086115376587173e+00
1.855750007888495423e+00
1.901024889677220386e+00
1.752755148411319963e+00
1.803020746357682613e+00
1.907341330916921152e+00
1.867441475270335438e+00
1.834028335642009955e+00
1.763618635985580330e+00
1.857330161585305728e+00
1.905973218736637831e+00
1.942004563181827903e+00
1.891794078645381294e+00
1.948838791612572896e+00
1.994833068800038856e+00
1.896084481645711195e+00
1.840960360083799374e+00
1.991843063531967939e+00
1.917439882467616430e+00
1.911909642138505339e+00
1.753207495516037717e+00
1.653062612810316523e+00
1.738638748048477067e+00
1.893640855679392443e+00
1.747366571126660828e+00
1.776771847355602896e+00
1.727582383504257635e+00
1.841010736950013715e+00
1.737851725770130473e+00
1.764462226609852857e+00
1.654464217293140083e+00
1.798890727624964825e+00
1.688044134455415568e+00
1.839179939087171700e+00
1.770436383643718248e+00
1.791481204103935410e+00
1.712236529884005432e+00
1.797162000228252454e+00
1.658898165844375994e+00
1.740142510617753269e+00
1.949618894886685938e+00
1.861922436661548552e+00
1.861775080587717346e+00
2.016278194804010493e+00
1.801353031247661107e+00
1.988920297776529456e+00
2.159567650036007702e+00
1.886102794429727059e+00
1.837326371845034556e+00
2.027480787091883396e+00
2.127917932965717185e+00
2.087341629752804462e+00
1.957717318750164415e+00
1.919328739544113871e+00
1.926590302366099294e+00
1.919042427425406760e+00
2.120200764055482523e+00
2.015182125551812309e+00
2.024801167952493763e+00
2.234149135060935265e+00
2.288628844303392640e+00
2.337926546535168626e+00
2.551650800105155437e+00
2.504955820696906699e+00
2.614916213851187443e+00
2.809766491127506871e+00
2.573078036402683733e+00
2.576132185451343926e+00
2.433726905017440600e+00
2.618289944904373723e+00
2.442825633765711046e+00
2.396720372885041250e+00
2.168323488113767628e+00
2.053630849088543542e+00
2.031062050614097281e+00
2.118994842742117246e+00
2.262889438169122247e+00
2.295677603028909886e+00
2.346756386674375250e+00
2.353207657143619347e+00
2.548411345901294034e+00
2.476914825713089741e+00
2.224352842584949919e+00
2.257906384226278984e+00
2.488463461060139270e+00
2.432595637226108387e+00
2.538063101019247814e+00
2.490628289285210961e+00
2.554517493937845884e+00
2.777986269258164498e+00
2.531632778432511888e+00
2.559252226302441091e+00
2.634560774018468443e+00
2.781999850650702655e+00
2.853892673155932425e+00
2.532007109817655088e+00
2.564165692692450982e+00
2.390295358001606640e+00
2.266144131012467700e+00
2.448701137621879464e+00
2.524370019099150042e+00
2.322713574992202101e+00
2.340972469923961352e+00
2.500260473167849273e+00
2.520631943448996548e+00
2.395472861931870590e+00
2.297058231932217254e+00
2.519587277571333050e+00
2.593031871376976660e+00
2.444916327139745604e+00
2.551460306549191870e+00
2.582492077888391968e+00
2.788531469382688144e+00
2.893362222982664989e+00
2.793012719102731634e+00
2.527094427716872538e+00
2.571200164802320831e+00
2.610963510819146016e+00
2.445547747173806297e+00
2.441342050831195820e+00
2.345185488475624247e+00
2.583997627417543352e+00
2.620161767170937850e+00
2.647732940153288972e+00
2.778354970383980049e+00
3.108974386836062198e+00
3.204705109580844979e+00
3.148654095707977163e+00
2.833756901776178339e+00
2.871900173782083510e+00
2.920386481055955219e+00
2.805183915967079944e+00
2.591328611840670426e+00
2.408431213686615280e+00
2.350381385093515352e+00
2.480158793102044346e+00
2.449266843316950659e+00
2.606444952728844466e+00
2.546788844991095146e+00
2.634357498726740410e+00
2.494863453901013273e+00
2.399338755821823543e+00
2.416319389878963886e+00
2.369593148099224944e+00
2.371646926122936261e+00
2.296554161944803774e+00
2.280545603290679679e+00
2.377201743446890614e+00
2.303359259382264934e+00
2.497815265018667130e+00
2.632748621141246748e+00
2.349031591030525057e+00
2.272920298669740991e+00
2.338868115414915128e+00
2.240624373600724084e+00
2.162157868243691716e+00
2.164029018985106134e+00
2.059409311558190847e+00
1.995564393270099712e+00
2.013020476929752167e+00
1.931183129465277926e+00
1.978360344715478503e+00
2.014422459831496148e+00
2.038591041466573994e+00
2.041078958274880506e+00
1.939641644979945623e+00
1.786550878998567571e+00
1.978638060407858168e+00
1.907992227298803689e+00
1.958092869598718089e+00
1.968621937500954600e+00
1.917797423036409654e+00
1.763247849816297563e+00
1.798955706176201819e+00
1.769576556822431090e+00
1.821508827947179832e+00
1.902224632549885275e+00
1.835647579778792116e+00
1.803358164996939683e+00
1.845189703022051875e+00
1.855339132296177196e+00
1.859391642157508961e+00
1.742066838823956854e+00
1.702791655308520280e+00
1.713621679566635247e+00
1.809734583456565460e+00
1.774111988178703081e+00
1.785967042509009506e+00
1.729665148603845237e+00
1.739809734800619401e+00
1.837999187903096354e+00
1.761012938700498243e+00
1.744159241667780247e+00
1.873660437716031968e+00
1.936487351313834093e+00
1.830459398849824781e+00
1.881098356392497895e+00
1.902178080918329073e+00
2.021072877098150755e+00
1.971528956050430770e+00
1.824180128844548499e+00
1.979546772831584089e+00
2.008832708047849636e+00
2.033664834555347856e+00
1.998149594977954635e+00
1.995797524941435475e+00
1.942063942584244529e+00
2.123688916454153031e+00
2.036995358604308137e+00
2.071961738288308208e+00
2.058219901107515515e+00
2.110796293363645937e+00
2.033367848517376064e+00
2.085226875377111710e+00
1.999792202901081062e+00
1.936455778648156212e+00
1.811719279765313217e+00
1.740666285983117900e+00
2.036873758318950678e+00
2.038485515241401203e+00
2.006640795808800615e+00
1.968697097255374562e+00
1.929021618202736654e+00
2.056459923644023302e+00
2.165569475546912148e+00
2.134938766390972020e+00
2.367008094707856003e+00
2.254970836400636003e+00
2.286043718507118072e+00
2.297309391061810757e+00
2.242557036341027654e+00
2.402490320586355477e+00
2.398121956946678512e+00
2.342219162167566093e+00
2.326962069496222973e+00
2.341625461112977202e+00
2.197984702445021643e+00
2.178049377232904149e+00
2.208748141725850545e+00
2.322310835990938571e+00
2.536589823247504150e+00
2.439318806783195903e+00
2.749349637070217511e+00
2.504167307663593967e+00
2.578204975279775990e+00
2.614110147772190196e+00
2.491963145650369693e+00
2.407836472317805843e+00
2.499376284102014179e+00
2.532276448235900368e+00
2.422360607859781023e+00
2.523498069839019031e+00
2.605159557597643616e+00
2.441491561043856784e+00
2.155226391252696772e+00
2.054472931738132058e+00
2.141173571376860707e+00
1.990785014800973585e+00
1.850780214346336328e+00
1.823629555926748580e+00
1.955308058377134284e+00
1.944977370455028831e+00
2.110801536941844248e+00
2.068323616983860358e+00
1.990046924463960032e+00
2.228377128223047787e+00
2.179633141041582789e+00
2.183984690380547988e+00
2.129522820847081555e+00
2.107323043794958828e+00
2.149790110406913257e+00
2.285492420990216544e+00
2.183071112470641228e+00
1.909801814061988789e+00
2.058277277690185869e+00
1.899642851276802213e+00
1.873613304419393000e+00
1.810910624872361652e+00
1.700965321040055045e+00
1.744991048533158562e+00
1.729293548321355400e+00
1.798221943451918214e+00
1.759270032116145410e+00
1.756710440500989678e+00
1.725995459447652980e+00
1.764793617186697361e+00
1.770548296346480033e+00
1.681932088815906168e+00
1.633226903544296338e+00
1.726792206574199406e+00
1.710474035598046783e+00
1.759486379360009956e+00
1.766599684479572385e+00
1.846071605513519343e+00
1.875185363857121867e+00
1.806617154309098305e+00
1.911955436063082603e+00
2.059966602208915809e+00
2.040678553045863985e+00
1.947694012296350419e+00
1.981593793218192179e+00
1.951040011923689921e+00
2.118044611911432007e+00
1.936600572977420054e+00
1.720352507547593834e+00
1.670522873931256091e+00
1.697122672336421445e+00
1.664908903616239222e+00
1.864294101009897675e+00
1.790571484022593696e+00
1.787266539136195709e+00
1.788463928790970492e+00
1.812471902112134492e+00
1.750003606658197874e+00
1.734153904300991922e+00
1.740069082536338962e+00
1.677527637995175791e+00
1.657111517524426869e+00
1.770856574179141552e+00
1.787415404574887123e+00
2.012289538131431854e+00
2.031236677653060152e+00
2.259212052503146495e+00
2.275581531717095096e+00
2.287757130553583096e+00
2.294278138904129349e+00
2.277197449407295071e+00
2.324568192847479065e+00
2.168125039207750682e+00
1.929284480403727464e+00
2.172438008077416605e+00
2.050637864972665980e+00
2.324471404946482522e+00
2.089405480138583293e+00
2.247054132078647459e+00
2.365522018718671404e+00
2.206434951139109035e+00
2.337421175165019349e+00
2.053571775343098871e+00
2.022455400615296828e+00
2.051971157067353335e+00
2.201827691750410931e+00
2.193928923917371598e+00
1.963486713160090824e+00
2.065445236743487900e+00
2.184227146049567470e+00
1.953767681496770159e+00
1.865375417937046088e+00
1.996364864185161458e+00
2.051355403656856868e+00
2.039239273325925694e+00
2.276170988160188813e+00
2.208007816682286961e+00
2.114423440532543275e+00
2.104558429976289169e+00
2.382124749378470074e+00
2.438232831773205156e+00
2.222591084093170188e+00
2.370644468744003142e+00
2.373130318670303218e+00
2.398273277409585624e+00
2.541189694381237540e+00
2.340181367386598321e+00
2.694748093237380626e+00
2.707542795188324636e+00
2.579566897027502748e+00
2.525942141006523478e+00
2.625298740828883481e+00
2.466515573012061591e+00
2.311938693635098740e+00
2.572165830221422755e+00
2.649252200740655372e+00
2.558491734733984391e+00
2.442171578986473968e+00
2.554620215967629004e+00
2.698794422062592346e+00
2.553448383250024545e+00
2.506307355034131934e+00
2.712868585391519982e+00
2.665167527527757318e+00
2.728388231244040618e+00
2.654633541393817797e+00
2.460189813551610261e+00
2.524109700418845303e+00
2.583282473813236724e+00
2.440259950498489872e+00
2.685196296658294290e+00
2.708349367482067116e+00
3.038366630544621305e+00
2.900936361156491117e+00
2.937509445275841902e+00
2.908426678031172941e+00
2.856335523356869022e+00
2.582137291220623521e+00
2.809896440337071422e+00
2.458075323306259108e+00
2.538030265450275103e+00
2.521494265284830671e+00
2.542445320094436578e+00
2.510918954391769375e+00
2.360684339706770718e+00
2.578411041978980744e+00
2.458615512552087878e+00
2.529638366531358873e+00
2.586712767358853693e+00
2.629853006765420886e+00
2.528090620747088568e+00
2.340174470193188139e+00
2.668173077001598781e+00
2.561926089009558538e+00
2.212741172170652693e+00
2.441690361297810252e+00
2.247259424012449269e+00
2.416842933829873807e+00
2.373401585751903298e+00
2.508424756563774505e+00
2.524414880497663827e+00
2.670761220089564958e+00
2.555911460128457158e+00
2.627131535043111032e+00
2.459820201008013907e+00
2.607953496353792922e+00
2.652854660298859191e+00
2.761177971677518439e+00
2.386296847343350347e+00
2.458832471195861125e+00
2.473848834695668408e+00
2.414258940657471708e+00
2.283031118642940172e+00
2.511582329485650078e+00
2.616588716009497162e+00
2.532629460677398470e+00
2.731759775115860656e+00
2.660456803015738725e+00
2.278318768500856351e+00
2.589467163547800155e+00
2.543485396739195270e+00
2.609173094823627359e+00
2.598862705586985733e+00
2.781607271158281325e+00
2.889354341021616701e+00
2.899141863484266946e+00
3.022824699633164247e+00
2.740524408302071890e+00
2.907467966431374506e+00
2.904528898558238925e+00
2.535482890671538758e+00
2.684346762099071970e+00
2.616093196320950831e+00
2.590031509922320563e+00
2.755845171459931908e+00
2.775028541952959671e+00
2.941814260381422574e+00
3.114327793538761657e+00
3.077464627075418679e+00
3.051194592888632151e+00
2.600420920121992552e+00
2.584952543800558278e+00
2.552717454241423045e+00
2.739364793634539552e+00
2.587838694152524432e+00
2.559855597771051983e+00
2.474275537189825513e+00
2.432397931301025995e+00
2.345006325572673855e+00
2.482063495774039286e+00
2.268063261538606934e+00
2.156049268590466639e+00
2.164790689230910115e+00
2.131491060163680729e+00
1.996105448503848523e+00
2.033427900750847783e+00
2.070886431620283297e+00
2.162240726824848469e+00
2.309000616643139825e+00
1.959963537757752894e+00
2.155201818124067525e+00
2.129010968825068684e+00
2.158803791344218403e+00
2.180534977964720955e+00
2.022017761219588650e+00
2.030576841332579097e+00
1.949823627521775515e+00
2.099286192990013511e+00
2.216024559537273397e+00
2.409752551717202262e+00
2.183283226037997959e+00
2.221775394037920126e+00
2.274939869443279417e+00
2.271674711701480831e+00
2.281701743713168362e+00
2.447850087885079517e+00
2.448723495996503630e+00
2.550797864732585296e+00
2.574366710389848656e+00
2.730253572368727344e+00
2.687524316749867470e+00
2.667600616994671103e+00
2.321296409488121881e+00
2.297549570102924488e+00
2.181201937606386920e+00
2.342739912519212542e+00
2.359435720901495781e+00
2.335755480375826920e+00
2.572730535661318374e+00
2.575687781098101148e+00
2.644333398162645565e+00
2.386455132482697916e+00
2.569257112038524138e+00
2.543038745071238615e+00
2.330796336627535048e+00
2.357792507289782069e+00
2.229030176455776058e+00
2.273622917218071304e+00
2.241330581211087747e+00
2.303609811377258065e+00
2.247598690306272573e+00
2.495729850025397489e+00
2.429744618809801082e+00
2.464096315674114912e+00
2.286637471833669721e+00
2.279883554142317248e+00
2.290315666529877170e+00
2.150599589068568296e+00
2.143019690055587567e+00
2.043320028218072348e+00
2.234256398955076328e+00
2.385111960334603154e+00
2.560214948881984309e+00
2.689235364382103199e+00
2.506945438689586414e+00
2.777834506992795660e+00
2.920065156753690605e+00
3.004453439825899519e+00
3.096849548519458928e+00
3.308640346106689112e+00
3.041634756283105201e+00
3.209633485388636576e+00
3.192267139212438209e+00
3.148564128591043954e+00
3.130643305246901154e+00
3.245173685654062723e+00
3.117303737229249361e+00
2.892724364558346029e+00
2.908499694643409406e+00
2.824734878871788091e+00
2.952823692339538564e+00
3.183875118048482111e+00
3.289768927101964113e+00
3.037392432144925269e+00
2.981610137753010203e+00
2.875689940440310455e+00
2.859031562376636249e+00
2.787590774222302947e+00
2.747775667522810661e+00
2.633700791658908358e+00
2.884121006898135775e+00
2.848260102544418970e+00
3.001076584603680875e+00
2.940615891777385471e+00
2.907009152487479930e+00
2.895828894264599551e+00
3.049655357146052737e+00
3.240773283603963328e+00
3.288453485922440578e+00
3.301599773961100937e+00
3.310474176205747909e+00
3.224628334237975569e+00
3.038429637720128085e+00
3.060515771637492222e+00
3.051967987370892477e+00
3.216227859495452090e+00
3.140994649703015007e+00
3.119946727011584375e+00
3.067469763464520049e+00
3.001812750982018052e+00
3.039483944895845280e+00
2.792362555608280505e+00
2.895402125508298674e+00
2.951271950569069435e+00
2.996548220770558935e+00
2.914804686112698384e+00
2.835936922311530051e+00
2.764306407242586694e+00
2.903320695626906200e+00
2.709635663172316633e+00
2.414821961547369167e+00
2.692945149053837639e+00
2.517201419960455322e+00
2.781227418341062130e+00
3.021971645676564844e+00
2.787325505203205545e+00
2.668457729971219106e+00
2.818805002213355948e+00
2.611177638156419789e+00
2.472377399697968325e+00
2.430970166690864964e+00
2.559940509692236077e+00
2.435708557761115056e+00
2.230166524586530752e+00
2.281944053631691283e+00
2.167830225910756248e+00
2.327954564886201005e+00
2.301189021344619778e+00
2.333558229488794211e+00
2.774354999148299417e+00
2.762684836083437734e+00
2.956263638488139556e+00
2.939113410067585086e+00
2.866968274697840435e+00
3.044869921281126768e+00
2.797592740042241122e+00
2.649473613433093178e+00
2.665042986835988170e+00
2.618048829657485310e+00
2.777578251374580809e+00
2.872956120581489525e+00
2.864178823255320250e+00
2.916671669774718367e+00
2.846597461297614817e+00
2.839139402891025732e+00
2.625062276840548048e+00
2.372705582594642593e+00
2.413080184234482672e+00
2.395275988909091769e+00
2.251861558195202839e+00
2.212595417079881610e+00
2.370500434888877628e+00
2.429545876467391619e+00
2.521290306018939997e+00
2.653400276787844181e+00
2.517294368459191301e+00
2.373171256032770682e+00
2.474620540927056744e+00
2.437120233765976973e+00
2.676201541333756762e+00
2.842929892463800456e+00
2.932396121994124361e+00
2.699155225962860172e+00
2.669072358084350061e+00
2.800937080922708766e+00
2.878024583195835984e+00
2.863498025198531582e+00
2.977946974896382493e+00
3.096053464382945375e+00
2.942044401325811354e+00
2.916393429694339456e+00
2.812334953085972256e+00
3.008831158553254781e+00
3.211569258180111852e+00
3.199093814371803290e+00
3.172896416920043094e+00
3.143405404475787090e+00
3.190310832017357434e+00
3.221352287759660982e+00
3.064543951246969211e+00
2.992852992679505331e+00
3.029292330102508313e+00
2.738527495567519843e+00
2.999963726016926735e+00
3.002467104700657696e+00
2.902055019719308238e+00
2.880263547097124732e+00
2.847720784271003058e+00
2.589868483298570112e+00
2.648476098388061750e+00
2.863651734852611597e+00
2.597934883360981662e+00
2.680017536907413955e+00
2.683249433671544892e+00
2.659149073930819895e+00
2.693446876326275774e+00
2.694323851584069729e+00
2.652263048071791474e+00
2.497176788164079841e+00
2.555439909585335290e+00
2.561125294138305808e+00
2.851625468048117895e+00
2.932376856555284572e+00
2.950857500902241526e+00
3.123650987920139510e+00
3.331795174120225411e+00
2.970029724495339085e+00
3.004299722909518522e+00
2.879742187773431716e+00
2.943809912535515494e+00
3.073286480194052928e+00
2.992292039648674518e+00
2.836464360763547798e+00
2.880037665015661386e+00
2.756213519704221238e+00
2.797448955345749777e+00
2.466095543139125823e+00
2.564367161578490428e+00
2.495672310148461026e+00
2.540477716853656087e+00
2.650244351057678305e+00
2.555570198286616801e+00
2.742650088657133889e+00
2.656920211169556456e+00
2.777360256804430438e+00
2.862026529226967764e+00
2.835161897793593067e+00
2.842562036042532547e+00
2.675873331372116137e+00
2.692238747255376818e+00
2.586855999608133061e+00
2.697540053551873207e+00
2.809611086719540740e+00
2.867233525167475872e+00
3.053679761142103821e+00
3.242099451280334055e+00
3.275112183612180150e+00
3.062944923806428577e+00
3.245126304219631219e+00
3.255043905953461714e+00
3.020716977190557095e+00
2.803977596955978147e+00
2.861241316958128333e+00
3.029656631541017831e+00
2.894865954980009093e+00
3.011853147431915012e+00
3.052466745891253996e+00
3.034866089773697428e+00
3.042215749573467853e+00
2.947120447659737685e+00
2.967620986493639812e+00
3.030574642671011620e+00
2.974412557548894220e+00
2.592625572578107995e+00
2.590408172077811155e+00
2.447781024518909998e+00
2.530562758699267167e+00
2.690030372438139139e+00
2.516555176432071050e+00
2.448020013956889063e+00
2.360406424907970813e+00
2.301292200145826250e+00
2.547825806393199333e+00
2.470010027151337439e+00
2.705879469333066112e+00
2.673854985947614171e+00
2.472775147239588467e+00
2.639321135093917192e+00
2.578109860670874109e+00
2.539675193255697572e+00
2.823400443277894301e+00
2.721587758060801665e+00
2.736133956842590642e+00
2.676017401459177325e+00
2.936483891114070488e+00
3.153267261739631344e+00
3.184104040378165745e+00
3.109408525767707321e+00
3.262332218206724033e+00
3.264159440785721511e+00
3.436513452145265379e+00
3.188634243703285964e+00
3.229038623551495846e+00
3.305985209379553869e+00
3.263879891216679763e+00
3.106420195536204965e+00
2.972756443296852513e+00
2.836350229594657435e+00
2.805019586485915983e+00
2.807879158800304253e+00
2.980638351573658973e+00
3.074457967002996117e+00
2.901257237588216409e+00
2.754331957887911742e+00
2.578690062275167172e+00
2.454423561919776731e+00
2.600321848816338210e+00
2.591867833381977348e+00
2.627295486620329079e+00
2.527357981852450752e+00
2.354253318521934535e+00
2.390070545324487039e+00
2.344157426729847504e+00
2.451067424261377248e+00
2.520462352887446134e+00
2.553832620782970242e+00
2.537460740915264967e+00
2.428415999812751913e+00
2.547101412803656650e+00
2.571176669528226988e+00
2.461431210289877214e+00
2.094834600897641508e+00
2.200521610027898589e+00
2.263245754963894463e+00
2.159371377850119345e+00
2.175495057888449324e+00
1.973695863913101256e+00
2.142654358228594624e+00
2.097001028366241027e+00
2.050324781544724750e+00
2.067328969867259225e+00
2.185809265901935028e+00
2.290338303457822633e+00
2.221993265438805931e+00
2.309407001924983049e+00
2.193840402497937436e+00
2.122492101038511603e+00
2.331104669656475004e+00
2.241419736218325465e+00
2.371645946089600443e+00
2.573571252910536789e+00
2.444317914661674696e+00
2.609229524618524199e+00
2.486537041413612759e+00
2.477148789588467181e+00
2.414505273083742853e+00
2.458209508549315192e+00
2.457692830289962327e+00
2.607174195792341109e+00
2.546424090259157946e+00
2.567001645144457722e+00
2.701899802952748786e+00
2.760360727995571750e+00
2.893337811621556011e+00
2.930181598346208283e+00
2.985018023325167746e+00
2.835860948147738814e+00
2.810594313999948746e+00
2.992419377874071085e+00
3.032576994043805652e+00
2.941604167802685410e+00
2.885441065182003051e+00
3.035047295278629598e+00
2.818328963522582331e+00
2.736107421494794245e+00
2.698259960271456315e+00
2.604357442122791966e+00
2.581588455009338201e+00
2.638195290347030930e+00
2.646674627045116246e+00
2.865807366637253217e+00
2.638140501786681025e+00
2.695629827223667618e+00
2.630064878841488873e+00
2.750086636171098498e+00
2.680611181010358557e+00
2.746927632072859726e+00
2.926234158615409697e+00
2.779389390232002377e+00
2.785382144324468179e+00
2.859671692528837017e+00
2.775970397860600070e+00
2.913398750394121883e+00
2.842036059247947666e+00
2.940545838001019874e+00
2.971182795715234359e+00
2.851777278393195392e+00
2.854311031578748548e+00
2.924788154832127507e+00
3.033289278373271447e+00
2.958502224563165584e+00
2.904992647105175241e+00
2.872847818602786152e+00
2.967516384485314074e+00
3.101919063057819503e+00
2.951947760679609623e+00
3.056797156784429426e+00
3.054986733184253289e+00
2.992714687422009856e+00
2.954932947501446971e+00
3.024510628919668598e+00
2.945224807544845724e+00
2.839164472025470509e+00
2.883845516575854973e+00
2.900696893626480755e+00
2.970400883450858842e+00
3.064437303411588154e+00
3.002604644911451182e+00
2.997989054512272489e+00
3.038770484872453714e+00
3.168906358869254980e+00
3.219608644742906201e+00
3.223448869493689362e+00
3.167370305266246966e+00
3.160966848197384493e+00
3.277765239836297528e+00
3.217396314822814851e+00
3.231975082867198257e+00
3.300840983123335182e+00
3.264288406579557655e+00
3.307862828594430926e+00
3.323725550321590116e+00
3.440243605564930363e+00
3.449178003391724534e+00
3.598164452439481575e+00
3.398467256916897661e+00
3.510957338232405078e+00
3.565609465194737204e+00
3.639763311461352568e+00
3.698837081457162501e+00
3.842903553414551698e+00
3.899860121323563078e+00
3.927037496275276762e+00
3.959868785383289680e+00
3.900014828746401374e+00
3.824989515577448707e+00
3.686921888191856844e+00
3.854254051025492789e+00
3.821136761895730150e+00
3.859991531300143830e+00
3.906311338775875885e+00
3.782873159420738318e+00
3.719833838919631930e+00
3.598735976730186081e+00
3.778565628540929033e+00
3.791613347149440649e+00
3.980970257429128800e+00
3.837529981781042210e+00
3.681893907511523345e+00
3.632753921075782877e+00
3.727029995106591276e+00
3.884015157888125458e+00
3.584932157840392986e+00
3.547740492352120967e+00
3.585628238314054972e+00
3.492629190500374570e+00
3.351335138886085474e+00
3.487993385301029203e+00
3.613825650481776730e+00
3.621272052467180202e+00
3.623001977352629410e+00
3.544887243790780573e+00
3.548534278449611001e+00
3.507208325100674262e+00
3.524213332180265112e+00
3.532606190447036276e+00
3.352291104769123287e+00
3.265231340113171399e+00
3.194900743968422940e+00
3.283660504464212870e+00
3.286166072551242934e+00
3.251959416057824903e+00
3.271179685760293054e+00
3.293855617524988677e+00
3.276169866207915504e+00
3.512658751459599937e+00
3.443675536545171667e+00
3.580523220793907946e+00
3.386344621458549309e+00
3.504672994831132371e+00
3.357349353367692135e+00
3.334756691663320005e+00
3.304007105181608672e+00
3.483049639818683652e+00
3.470537119187381059e+00
3.376312120194568056e+00
3.424810501531428297e+00
3.484895940663657044e+00
3.468622912068313635e+00
3.478702215349246174e+00
3.595936934050698586e+00
3.598559361940502743e+00
3.697973549121630565e+00
3.661996714231791294e+00
3.605356675161539570e+00
3.536401645916348979e+00
3.807078952391052873e+00
3.640989135377814545e+00
3.739432457932855502e+00
3.915438147096098831e+00
3.924194978181394067e+00
3.867440026559226585e+00
3.929552409349242215e+00
3.749537156872955634e+00
3.714449616136128007e+00
3.799065786285227286e+00
3.699722279144305404e+00
3.546973252951866051e+00
3.510405518991899232e+00
3.462197280520632248e+00
3.656313965764720564e+00
3.475363215291382701e+00
3.563976811698578828e+00
3.675481799112146231e+00
3.599848146903600554e+00
3.622726271113622332e+00
3.687602377986807234e+00
3.867095872588877992e+00
3.979255118478294051e+00
3.870770846407863175e+00
3.865606716304355039e+00
4.028515727377797617e+00
4.187090047127842496e+00
4.204840658824157806e+00
4.146491451821369800e+00
4.118438742018724064e+00
4.008134408434909091e+00
4.126519429287704988e+00
4.109627293018871086e+00
3.792824548260516959e+00
3.846290367868812066e+00
4.115129250324234711e+00
4.112915142369511834e+00
3.961174035323836051e+00
4.045454754048930290e+00
3.927800217831217022e+00
3.975937918116402514e+00
4.024349719439881845e+00
4.204327388609632621e+00
4.079959236417825430e+00
3.965562211361630229e+00
3.950499577809101659e+00
3.913582307067585475e+00
3.966611009725330206e+00
3.825556323921096347e+00
3.809523620058188786e+00
3.921613342125672474e+00
4.083700861111351443e+00
3.981181174192857330e+00
4.010135016754087012e+00
4.057510906460819911e+00
4.051144420960625325e+00
4.139765695031574211e+00
3.991182367651683549e+00
3.965873912940152568e+00
3.913483819197935087e+00
3.880650282304957344e+00
4.042571393142586622e+00
3.994294774311029528e+00
3.942618659614239185e+00
3.950452236023030750e+00
4.049791486345965197e+00
4.106320192970016159e+00
3.988120131395496593e+00
4.041836221658497763e+00
4.124483214132281361e+00
3.952275684056557825e+00
4.124317661025878934e+00
3.867811024277022725e+00
3.877707781888369176e+00
3.918923623466119111e+00
3.863205699795534631e+00
3.917510911152521480e+00
3.778434368503384988e+00
3.804325418276983672e+00
3.847405641619558114e+00
3.798887749331814945e+00
4.148519977020766802e+00
3.949899419102294917e+00
3.817228303928416278e+00
4.026497307814422832e+00
4.132723283120840918e+00
4.027621022425505792e+00
4.198375635307115772e+00
4.131508994211485764e+00
4.164623694340112259e+00
4.202846155334940548e+00
4.242159527242202799e+00
4.133402512807282214e+00
4.205651028682586556e+00
4.290964250475234110e+00
4.274653745746875622e+00
4.278311443044645834e+00
4.243911230688974356e+00
4.295411478217102896e+00
4.169582323146713065e+00
4.177863654687332229e+00
3.988451259020783457e+00
4.180620526548641358e+00
3.945004301171307404e+00
3.993073607060242836e+00
3.967287953894260255e+00
3.960314337820707298e+00
4.021679800990008324e+00
4.052411537718081824e+00
4.125301266412226830e+00
4.242118980792968230e+00
4.188776249345014691e+00
4.177747687021103218e+00
4.142325892879610727e+00
4.064567682009742278e+00
4.065320085153496521e+00
4.098501825692498102e+00
4.085146470046478129e+00
4.166143484905350469e+00
4.048675476175347399e+00
4.250277851376445426e+00
4.194191949343070824e+00
4.083890181846002498e+00
4.181250789442043647e+00
4.027123469897038177e+00
3.974923229620864085e+00
4.023312976297200194e+00
3.980125279556890661e+00
3.988102265635675714e+00
4.180552131136396454e+00
3.964972474701540683e+00
4.005407666608997275e+00
4.022438639650973258e+00
4.028890395850804218e+00
4.034140710889093207e+00
3.958807584669423729e+00
3.911771760649384699e+00
3.902971150118286214e+00
3.851083981275864154e+00
3.946334451646618557e+00
3.915830509877400001e+00
3.793272183941295506e+00
3.827760804196699063e+00
3.927436158928848009e+00
3.876538362463691545e+00
3.867046904440168298e+00
4.127632191226545899e+00
3.901520846550663446e+00
3.860495552998442381e+00
4.003641133627252380e+00
3.871484575908833214e+00
3.861157658755793420e+00
3.872039953615897367e+00
3.774976600508269886e+00
3.929301324667348716e+00
3.890888985507941378e+00
3.985694760018744009e+00
3.999004351595568441e+00
4.024620949780054247e+00
3.883039161664442851e+00
4.052842993440235020e+00
3.845489777091422479e+00
3.873562717402847966e+00
3.943640490251007158e+00
3.903580859293898531e+00
3.892917471098916948e+00
3.973474481510722356e+00
4.036510769614531036e+00
3.827649209810575659e+00
4.077223853956196464e+00
4.120222536791003698e+00
4.273792541168220716e+00
4.192744389503741509e+00
4.226455641839183208e+00
4.312457264121779765e+00
4.352433249802701631e+00
4.288957621994192060e+00
4.172543704673241649e+00
4.078994361367052512e+00
4.132990633453533569e+00
4.033476751707766539e+00
4.063407577732276010e+00
4.132537814996093850e+00
4.052710933827891715e+00
4.105550891566050353e+00
3.953661739652508000e+00
3.958545729615801978e+00
3.985070608162926131e+00
4.003794786847109322e+00
3.937047033439433630e+00
3.822372870224986396e+00
4.057138805715479357e+00
4.007743392879313582e+00
4.104817409103284298e+00
4.127878528851045559e+00
4.191733495618484184e+00
4.109626140079727818e+00
4.225225810818357353e+00
4.275858004833361647e+00
4.147696557920761862e+00
4.168721159912506913e+00
3.985463242352182522e+00
4.039279245933633078e+00
3.883986859987112350e+00
3.923609871359398316e+00
3.999798680455951772e+00
3.854237596778588681e+00
3.717054894332156412e+00
3.621878886382135843e+00
3.613596892290867224e+00
3.591672847882268371e+00
3.620354079555621496e+00
3.602711893928948417e+00
3.705553213219997755e+00
3.741511413866699165e+00
3.837933428335999597e+00
3.968239851400134910e+00
4.052241981535738446e+00
4.112108804080262026e+00
4.083397795593344703e+00
3.905893930889257959e+00
3.834950841468870220e+00
3.780168707528386296e+00
3.964859358335259820e+00
4.115751900974991884e+00
3.866135773082593374e+00
3.734539491680482826e+00
3.914833192655799987e+00
3.913988991505798154e+00
3.790374882798315692e+00
3.897049675009703229e+00
4.037660922840403011e+00
3.982069849805315087e+00
3.749970532467180817e+00
3.732250648433057982e+00
3.537386367526535569e+00
3.609166161088231739e+00
3.418427891185749967e+00
3.346167104896186739e+00
3.404748860404392286e+00
3.293721632579531988e+00
3.362232741408429870e+00
3.419114937561042566e+00
3.615940046109040296e+00
3.803624786563898574e+00
3.890864988173573291e+00
3.702757456410491699e+00
3.684510410373698530e+00
3.818436692157480827e+00
3.798001630700073683e+00
3.861789096149454981e+00
3.964816500374855668e+00
3.853977143517032466e+00
3.862268737276797648e+00
3.964326629126393442e+00
4.045566713711489903e+00
4.197208567687727765e+00
4.014695793673260127e+00
3.965547630415558800e+00
3.936481581424382092e+00
3.974145807953052945e+00
4.031076329240124601e+00
4.029708180401230244e+00
3.895824759425226436e+00
3.823977197599806033e+00
3.817733036441176342e+00
3.783038628910585288e+00
3.720261636560256324e+00
3.810358186497172728e+00
3.915920738846498050e+00
3.770091686833352718e+00
3.832032027058754675e+00
3.848986907371426902e+00
4.006474654467388596e+00
4.163083141947424792e+00
4.229510552134591705e+00
4.117138887020476368e+00
3.980555515187022220e+00
3.866168518127919729e+00
3.925017882203963193e+00
4.061752451417548038e+00
4.014501287111255756e+00
3.992404938078675691e+00
3.977144561900169517e+00
4.038460271048197825e+00
4.126298318915109675e+00
3.885882115339213794e+00
4.090532567091178073e+00
3.980773165216039633e+00
3.913626789297892650e+00
3.918924994457908095e+00
3.837827494337570755e+00
3.845422408821416393e+00
3.851143542414946275e+00
3.886888548782641006e+00
3.807825000749497146e+00
3.831130892322913262e+00
3.772476207885575139e+00
3.683295668515330856e+00
3.673363194436939594e+00
3.690175199892500757e+00
3.770923310082220592e+00
3.625785711200160133e+00
3.479080635576355718e+00
3.630765609270936167e+00
3.673200012596931519e+00
3.513596996122979821e+00
3.663293011177741310e+00
3.639025745694496994e+00
3.568568658605063337e+00
3.672055755615347028e+00
3.637174038493963923e+00
3.920999186339490183e+00
3.862331842566220086e+00
3.857782657894716305e+00
3.960041099138850385e+00
4.063785343442775755e+00
4.015671912432667412e+00
3.788021142731903268e+00
3.778806031571985802e+00
3.838142910884330572e+00
3.843929643123029649e+00
3.851933162154319135e+00
3.879381046111626041e+00
3.810497998638582740e+00
3.864024089666363793e+00
3.833969002729737507e+00
3.891001809066923389e+00
3.864132605379948959e+00
3.835881006588582220e+00
3.786794495225112467e+00
3.799309734095559499e+00
3.825868935085923184e+00
3.837837618073606460e+00
3.799389216953596105e+00
3.706622387404681529e+00
3.859310822111787331e+00
3.804717692717561661e+00
3.752894846029735998e+00
3.699339582081440092e+00
3.775874864569542577e+00
3.855828673895730141e+00
3.899521376915712878e+00
3.859641827512072521e+00
3.844323099053610804e+00
3.833162836649698590e+00
3.744965599135043455e+00
3.849661059860653545e+00
3.730528948086984986e+00
3.724219892180757885e+00
3.721295983170824773e+00
3.723933314025186903e+00
3.651292584100645833e+00
3.792508925750669224e+00
3.692775059254291836e+00
3.651371834987515275e+00
3.618068580914172383e+00
3.647059923558875205e+00
3.597556060167385272e+00
3.681537303414637918e+00
3.747150621821961458e+00
3.781671603670693216e+00
3.560207098123513880e+00
3.667701237324146213e+00
3.648822600269225003e+00
3.610896350276162625e+00
3.577587476546514988e+00
3.705186992623587638e+00
3.675216907489093909e+00
3.573627269491009173e+00
3.614803429157621206e+00
3.393953192934918928e+00
3.482249187120762368e+00
3.533881425266570453e+00
3.537414366271742328e+00
3.569447852543802924e+00
3.481620450044818682e+00
3.473672405964151721e+00
3.486778925738095669e+00
3.533169317637283147e+00
3.492290606486440740e+00
3.580794707404657995e+00
3.424662052230404985e+00
3.573543616645850296e+00
3.488979069268500321e+00
3.281095626494962225e+00
3.183020210337081490e+00
3.209400869760384190e+00
3.155881852496666973e+00
3.389319713879623386e+00
3.225369312327810878e+00
3.152913613521149738e+00
3.492160843473605780e+00
3.512302247351089868e+00
3.515400704406044241e+00
3.530039629189237527e+00
3.568516305213382367e+00
3.713113385943106248e+00
3.753140672930435517e+00
3.703358118680566413e+00
3.749347791403062402e+00
3.612386613618084663e+00
3.542881909793364592e+00
3.670745406417822210e+00
3.728787943669794824e+00
3.859402635356522282e+00
3.624669403843550075e+00
3.505085503818355708e+00
3.544013354371233326e+00
3.611479171869392157e+00
3.581009324553565243e+00
3.646113845835711853e+00
3.680413882136749137e+00
3.681466568991628385e+00
4.003625265606035377e+00
4.066025443928132255e+00
3.972689564682343910e+00
3.664174506432920531e+00
3.670692246728143537e+00
3.727825822924093035e+00
3.594796702583737513e+00
3.465690637844254240e+00
3.521037833204039291e+00
3.462836283221204958e+00
3.448894154145710100e+00
3.410510267385810756e+00
3.408358256781594875e+00
3.402455619628136141e+00
3.405240680409123311e+00
3.327588234636388531e+00
3.413579733245309722e+00
3.265773078054284628e+00
3.206851579669303121e+00
3.034193126454491463e+00
3.048368585918113993e+00
3.053668032081934491e+00
2.935180627774504725e+00
3.050575199995232190e+00
3.236382536450296943e+00
3.374068841150327458e+00
3.388024977162765516e+00
3.400302897835982385e+00
3.421770178001230622e+00
3.612651498875809164e+00
3.589386845431770556e+00
3.735929169438460207e+00
3.869695496613506869e+00
3.740097620912645304e+00
3.789844373611760187e+00
3.745498157252528770e+00
3.874878481904248329e+00
3.909692261573282757e+00
3.824613262337742015e+00
3.770201256074892981e+00
3.595903527385067466e+00
3.770336410273770866e+00
3.769371500021629462e+00
3.630451257345749916e+00
3.764980400215774292e+00
3.703358374666515740e+00
3.675645513221294625e+00
3.682526889167141881e+00
3.398556318362823792e+00
3.542324930403144112e+00
3.537104803448130497e+00
3.557845322009586031e+00
3.740495207758193885e+00
3.823403520984837822e+00
4.155123549500427060e+00
3.957613009376910185e+00
3.915703848854516167e+00
4.020617584997674854e+00
3.865372836672427148e+00
3.684726458033862784e+00
3.693621507604655907e+00
3.800657746789827929e+00
3.859675140638955337e+00
3.832519921701319721e+00
3.907858667233547134e+00
3.963368263392708535e+00
3.922677776757924395e+00
4.024626947409259081e+00
3.847987614694463154e+00
4.067455279376471111e+00
3.938748296234916069e+00
3.947479115303902830e+00
3.970697212522722896e+00
3.887157500576498670e+00
3.743111208560791159e+00
3.765343631766052024e+00
3.796713089479790693e+00
3.801575004496254184e+00
3.852019230687632856e+00
3.987831920803085239e+00
3.941264238800943343e+00
4.084974472278257274e+00
4.066097612112328896e+00
4.090652517453910342e+00
4.145162221493354338e+00
4.154712312920278983e+00
4.110141875750382923e+00
4.121028924336285648e+00
4.098965769239545587e+00
4.081457607760869521e+00
4.183170653139169026e+00
4.207835901414695101e+00
4.062376533979639603e+00
4.121976687782706428e+00
4.111757151829931622e+00
4.042943333555441221e+00
3.977170342967080163e+00
3.766773992949348671e+00
3.802926807571776369e+00
3.866916329013907472e+00
3.839872760839929899e+00
3.639103868226859717e+00
3.699211112995083095e+00
3.778971888192805828e+00
3.852551796202506651e+00
3.947050022893722421e+00
3.603957292322240935e+00
3.669189972495699781e+00
3.703734204446106126e+00
3.582762187330750248e+00
3.520181788640693643e+00
3.529131534654184943e+00
3.616819290329796210e+00
3.887192436823953656e+00
3.794471535535010265e+00
3.608957985143850244e+00
3.555733926504171194e+00
3.472722553627137998e+00
3.545493481304228922e+00
3.401854663761075592e+00
3.300520073646703079e+00
3.281022101405819402e+00
3.454944094739010207e+00
3.390055453293749466e+00
3.285053936502456473e+00
3.233230435283516169e+00
3.245005797133026615e+00
3.441910676755443266e+00
3.459290557063286364e+00
3.689522368732478519e+00
3.493143999213895512e+00
3.617981331776715326e+00
3.408364489078517412e+00
3.435505181473378133e+00
3.551114387319166621e+00
3.800963420109981339e+00
3.559787636256887655e+00
3.651410124228894105e+00
3.499063183554765644e+00
3.576140005596308846e+00
3.500721557017715035e+00
3.420512657157157133e+00
3.447021610896201960e+00
3.489097715298634217e+00
3.436344014877379394e+00
3.541666917424270977e+00
3.464943141375773195e+00
3.415554901108042163e+00
3.345000159986948773e+00
3.223715579516717167e+00
3.063126369213905686e+00
3.236584014090035044e+00
3.413362037577944097e+00
3.503006248485389218e+00
3.512974101470855093e+00
3.331501024919659493e+00
3.364522911779245895e+00
3.240518107214639176e+00
3.165601294275091071e+00
3.003096230790884391e+00
3.175640925412341886e+00
3.038939404288276247e+00
3.054949771335581321e+00
2.927466260427445732e+00
2.900846829302551999e+00
2.863909306283661138e+00
3.029838242676031967e+00
3.163677569850318783e+00
3.138396924979849789e+00
3.272815302712952956e+00
3.341004373062962607e+00
3.332655853725025263e+00
3.251919219500946756e+00
3.186294535257783611e+00
3.140440970682525368e+00
3.139168157711456963e+00
3.067535246759501177e+00
3.160008901052032915e+00
3.224211036656941864e+00
3.081181232750972665e+00
3.084146714475869633e+00
2.987472730174145052e+00
3.038132564386124113e+00
3.106367426306792190e+00
3.218126868115598782e+00
3.114995493604557630e+00
3.213477598730085205e+00
3.217931728973745464e+00
3.247800544634888542e+00
3.235223179398671878e+00
3.190487375104066547e+00
3.137326309613376107e+00
2.983553951323211884e+00
3.080971637915336458e+00
2.942319738672169560e+00
2.932365945645651006e+00
2.875320636421243581e+00
2.900390514721653101e+00
3.033170565785744177e+00
3.114448049356722592e+00
2.934948881842403434e+00
3.031101650785990032e+00
2.929740355108877203e+00
2.957511300314262126e+00
3.019813751840830562e+00
3.134596603461170972e+00
3.096934871068011130e+00
3.074685372755956880e+00
3.113601679894546503e+00
3.064370505105825870e+00
3.110163555797116341e+00
2.936606204027280675e+00
2.759137889191265458e+00
2.780618930449773707e+00
2.735201721784550788e+00
2.838886583085548754e+00
2.824346219082291221e+00
3.069753479753528413e+00
2.799767845989090453e+00
2.717036619502672057e+00
2.813743247125151559e+00
3.005028622655899095e+00
2.697768388864522748e+00
2.751799690646445029e+00
3.115244842906501610e+00
2.683042972946964699e+00
2.499151182134879079e+00
2.476564331670951358e+00
2.651390004699901937e+00
2.460254955239220997e+00
2.230278587595321937e+00
1.965191925503757986e+00
1.981953526349369499e+00
2.193070143001089711e+00
2.016719285125282202e+00
1.980878518870803351e+00
2.195086633484454985e+00
2.145555483617563208e+00
2.234762468522225820e+00
2.278760739822438985e+00
2.179025092489836890e+00
2.149806142398901887e+00
2.217174361793682102e+00
2.282913933154490316e+00
2.468477489143662940e+00
2.427545396084281215e+00
2.451310720653821829e+00
2.193446612439182708e+00
2.259820385143039179e+00
2.273456075271281129e+00
2.214823373394326556e+00
2.162488475409525268e+00
2.077259018011964997e+00
2.440352916856438181e+00
2.309937321940220833e+00
2.143116376623659391e+00
2.138724422134360204e+00
2.222495517194047920e+00
2.142501007435437366e+00
2.297797652710073191e+00
2.493971484961311713e+00
2.387502785661292037e+00
2.332808986015678432e+00
2.273311094689036249e+00
2.356466136211190943e+00
2.082268582152918768e+00
2.028331842932748597e+00
2.139907400343889154e+00
2.040784123783752957e+00
2.119296888867946205e+00
2.065235556786832127e+00
2.131939097075606693e+00
2.153755968626203998e+00
2.206313134113407681e+00
2.116114846809138861e+00
2.140983277772414706e+00
2.212628112580157236e+00
2.027222853132565561e+00
1.825104160953589627e+00
1.823545651015261893e+00
1.910530019922275891e+00
1.657221085830953955e+00
1.601076161678617549e+00
1.541413576455850087e+00
1.589777997553511124e+00
1.766003609892153436e+00
1.761114530621286312e+00
1.756167648198799780e+00
1.761940382585901466e+00
1.883733081914034990e+00
1.874302769083237674e+00
2.095489435678127066e+00
2.053047969454259825e+00
2.050551292068308218e+00
1.904648874909322442e+00
1.834339845914851219e+00
1.913946312571213282e+00
1.962293338631451611e+00
1.914355596419194505e+00
2.013925616296019516e+00
2.103692197010688325e+00
2.030278178969676439e+00
2.078306541922918527e+00
2.087608337367981459e+00
1.984785486943752675e+00
2.102511846679985918e+00
1.748549703744729289e+00
1.727768685824881301e+00
1.805870960960583194e+00
1.701810679749768740e+00
1.791999330779791233e+00
1.759985020431012348e+00
1.639633440402987530e+00
1.714100048807764232e+00
1.738978891783905523e+00
1.771775519512157171e+00
1.769426903928887018e+00
1.789105300278740485e+00
1.832997341180912398e+00
1.904259551823555885e+00
1.831103053984523443e+00
1.789415671524637430e+00
1.872286608253012963e+00
1.948313685429620135e+00
1.995146699686213054e+00
2.060433110818824076e+00
2.168229205427152362e+00
2.133964490003318559e+00
2.432049927269320122e+00
2.292200882506545412e+00
2.396616431252986956e+00
2.327079987170697972e+00
2.368270987617996592e+00
2.189975439791287837e+00
1.981593609301165015e+00
2.021413596111295341e+00
1.935300455493003557e+00
2.098672986056242973e+00
1.964846178873169702e+00
1.946914825610359223e+00
1.901125252576655988e+00
1.908097482672403311e+00
1.845756534196248744e+00
1.831065574248280647e+00
1.795485376628691343e+00
1.807429219020185496e+00
1.721306532531499789e+00
1.786256614390034692e+00
1.801716649292800509e+00
1.739486057307837896e+00
1.721077521403861166e+00
1.806447256287330827e+00
1.937780933396945793e+00
1.961178429080723040e+00
1.987652504015629207e+00
1.802535494506156910e+00
1.753480970322182975e+00
1.881350098431094242e+00
1.961894014236416739e+00
1.909407141321684875e+00
1.959848682701704981e+00
1.981874922345482792e+00
2.029653063417462544e+00
2.017878848737433728e+00
2.102485869430715137e+00
2.334457862728218647e+00
2.066086228497757471e+00
1.987401039688563520e+00
1.988566223321090565e+00
1.758192040864869465e+00
1.982251323037675705e+00
2.119507658702136865e+00
2.048385676419198997e+00
2.319090017810858662e+00
1.983105581298881370e+00
1.916000822579293272e+00
1.965351436927318174e+00
1.944533107313019649e+00
1.972011605949689939e+00
2.151026339383592223e+00
1.880375236629358238e+00
1.896374156422393042e+00
1.975212111783174018e+00
2.052134972939851032e+00
2.142182678853033817e+00
2.178051051500754731e+00
2.072366251040979268e+00
1.993383748325220362e+00
1.940903926342047336e+00
1.915908446485851790e+00
1.830463890393069226e+00
1.890492831283724806e+00
1.900177509725093694e+00
1.727736310076512183e+00
1.905038703536783729e+00
1.942120818627461443e+00
1.967610631809897814e+00
2.178614126023958875e+00
2.045440996605705219e+00
2.016645420100876773e+00
1.929144139109925105e+00
1.937572745764776005e+00
1.944894317278660800e+00
1.893748769053552605e+00
1.719026668751343134e+00
1.747191406584145623e+00
1.887385185988984748e+00
1.972656253830124218e+00
1.937468358097348631e+00
1.939285647889561037e+00
2.063523537387737417e+00
1.877275344579813154e+00
1.911213240199204577e+00
1.969944098485051365e+00
1.776404377019653813e+00
1.801494333313958807e+00
1.615005676163868920e+00
1.689393588834438464e+00
1.915501892744915002e+00
1.832685872406077499e+00
1.790148019949851843e+00
1.663268543301595903e+00
1.769346477021618735e+00
1.612985122931935633e+00
1.626247204420342651e+00
1.698585187726541212e+00
1.825685556873383408e+00
1.630656446861752817e+00
1.692611523246946748e+00
1.537919112636910501e+00
1.523881742070035017e+00
1.538692564907865767e+00
1.581092634967645738e+00
1.541659354571439433e+00
1.552957488179311119e+00
1.583959883726798301e+00
1.555065242784520629e+00
1.545526658211629378e+00
1.583695510205827217e+00
1.679974744259202124e+00
1.661933007252863748e+00
1.603734654590004194e+00
1.609155740516023503e+00
1.621628247202466122e+00
1.650141497786462352e+00
1.663303600489662637e+00
1.556909681460690864e+00
1.577042295952738149e+00
1.579125695965089449e+00
1.568193553160577070e+00
1.603886845669946659e+00
1.664488385976140572e+00
1.617749781470109394e+00
1.655320866555998860e+00
1.716557186796704659e+00
1.834432039679032567e+00
1.904555936958654661e+00
1.881255537345069229e+00
1.926921736615855973e+00
1.880523622214544277e+00
1.706417152784400537e+00
1.815831909472755967e+00
1.875770680780948663e+00
1.706834595804950672e+00
1.757695263697657939e+00
1.822294179809181847e+00
1.743940901109831243e+00
1.628201502976708070e+00
1.588333199849696342e+00
1.653242509543663585e+00
1.678089404696009534e+00
1.671484791701215000e+00
1.626895808652562003e+00
1.709212619207642891e+00
1.595944037758612710e+00
1.584122316995556057e+00
1.593551291767903999e+00
1.536616592121663016e+00
1.667735639815738358e+00
1.707100456084809981e+00
1.682006810670188202e+00
1.750068710993518462e+00
1.676218601842776934e+00
1.694348658663251683e+00
1.621719089235311717e+00
1.663812918783867500e+00
1.696604773639675434e+00
1.631736562962451176e+00
1.659695017663661787e+00
1.744948271913165705e+00
1.619328989016689535e+00
1.560342632033292043e+00
1.587549153581303329e+00
1.545370068535308672e+00
1.583432508320735010e+00
1.663430400100675000e+00
1.782116019419595077e+00
1.658772664474587266e+00
1.944985909285678050e+00
1.903758955420770338e+00
1.866231474690758008e+00
1.802426629218006449e+00
1.628554120048802956e+00
1.667884576106552164e+00
1.754443243141017295e+00
1.687854902431812354e+00
1.710875656577429016e+00
1.720734156740582277e+00
1.679926103581048880e+00
1.704162853894827245e+00
1.783348183404573239e+00
1.771843686632458725e+00
1.701969338378217067e+00
1.763939219004782899e+00
1.705999757767600045e+00
1.728609165936805692e+00
1.794849462810741425e+00
1.621400084294029265e+00
1.567222236903027976e+00
1.530697932618446444e+00
1.626070149498725970e+00
1.713253588067975564e+00
1.658915083534354684e+00
1.613653320711298189e+00
1.622224066518156205e+00
1.552607629019366886e+00
1.637094338089954304e+00
1.609477123894493600e+00
1.694228175324256291e+00
1.558050500013431261e+00
1.501200649195710612e+00
1.590005718861979389e+00
1.483762696666288017e+00
1.558979764669944368e+00
1.669587072202147082e+00
1.662859211166612727e+00
1.539897266175201063e+00
1.546538381872321732e+00
1.514444082366499744e+00
1.650023288478252637e+00
1.567765222165528272e+00
1.619309551558907545e+00
1.565579765799699707e+00
1.567568641363167758e+00
1.539097049254712246e+00
1.511343419772980479e+00
1.458520946261175233e+00
1.487453479532659495e+00
1.494130254943196734e+00
1.500000185529939190e+00
1.584172189194695157e+00
1.528621764802499783e+00
1.469797230035873037e+00
1.465526954899629919e+00
1.626456954873500838e+00
1.579670181920306282e+00
1.567667350669495141e+00
1.508328000659770796e+00
1.493578972541208971e+00
1.478540308930798908e+00
1.396566717131787927e+00
1.542277029032532942e+00
1.528905959269563075e+00
1.467680860618374439e+00
1.584506438019015029e+00
1.658216489644573688e+00
1.530712114902274879e+00
1.521105652000967812e+00
1.571984110579738303e+00
1.583300492055900399e+00
1.557577318493688301e+00
1.733574448457545936e+00
1.667567658148389809e+00
1.627774723990031314e+00
1.722853012253800831e+00
1.671949445006789325e+00
1.750378903724848723e+00
1.795781098441506574e+00
1.833173141930141137e+00
1.808000655724731009e+00
1.811268925657711026e+00
1.738193266208944321e+00
1.930933660458156398e+00
1.748069109359939199e+00
1.694106440224366850e+00
1.638776686841633135e+00
1.695933614387050925e+00
1.743283367013611418e+00
1.834727440032884127e+00
1.730492744840981256e+00
1.737776422882848948e+00
1.697475482388784540e+00
1.648358710524450599e+00
1.707770761546335114e+00
1.703483998916926589e+00
1.689005572816520528e+00
1.781200180071020656e+00
1.798147788528603019e+00
1.854751030380311194e+00
1.785285224362082923e+00
1.721345699879568425e+00
1.717754937635187495e+00
1.802547084317332571e+00
1.910180213694621321e+00
1.910213596282285486e+00
1.918603253710977175e+00
1.834356934591438115e+00
2.060135333053803919e+00
2.062933842808409413e+00
2.356937697214307459e+00
2.252616291577837160e+00
2.287594179297620656e+00
2.028844582769661287e+00
2.200945764686961237e+00
2.169026237408424596e+00
2.127086298213253457e+00
2.233638134512320850e+00
2.346933252220258836e+00
2.427733750491448905e+00
2.508870298389970888e+00
2.468892910225390480e+00
2.448379270933568552e+00
2.414490931130199858e+00
2.470730065348231363e+00
2.469169864981077822e+00
2.319099085110751357e+00
2.160160056144047047e+00
2.153224514355045471e+00
2.239448440134538920e+00
1.955712669652439839e+00
1.781732297613592975e+00
1.648919671409960319e+00
1.627154364715165169e+00
1.599469249178244290e+00
1.653186193331630083e+00
1.629739750711976187e+00
1.763301644085345954e+00
1.744689785279832872e+00
1.742362180489054335e+00
1.839228053217115910e+00
1.756607130629833424e+00
1.681016673232428094e+00
1.894114028500038627e+00
2.061599450026469160e+00
1.986253219415246241e+00
1.987514961361064092e+00
1.844850738848782923e+00
1.676876136756490832e+00
1.529685674241300530e+00
1.649633422574093844e+00
1.713180835487728038e+00
1.757855875139766155e+00
1.893052907123411455e+00
1.845108160683359477e+00
1.987338774445817080e+00
1.912698219018476697e+00
1.815580716744051637e+00
1.840583211436791489e+00
1.794358899362996862e+00
1.870724602899376476e+00
2.084720552643488212e+00
2.116542305128062296e+00
2.363348067933905838e+00
2.606931792654437530e+00
2.332897272157898882e+00
2.311578178439680720e+00
2.280368162529436749e+00
2.132914734113043220e+00
2.283892817960516908e+00
2.292433366032841757e+00
2.031761350152471390e+00
1.999786314642955976e+00
1.840368857844260075e+00
1.919425904775786229e+00
1.995543355487865211e+00
1.974321826617641884e+00
2.111121957835897067e+00
1.967826412616937581e+00
1.995423253787878659e+00
1.900715779597430322e+00
1.918889351306912294e+00
1.746063922579600414e+00
1.815949806729521443e+00
1.905671643385918879e+00
1.863560516708133941e+00
1.920187445221320566e+00
1.800580199300876094e+00
1.767409150561256359e+00
1.727114264282216816e+00
1.852161075740939467e+00
1.954553343231248519e+00
1.813806343497238460e+00
1.833536093198578687e+00
1.993214548823857513e+00
2.025559115160026291e+00
2.106844599757820014e+00
2.105007721136467946e+00
2.052415808003746456e+00
2.205075096235176169e+00
1.926668423592038826e+00
1.954366529742215031e+00
2.013215896776742397e+00
2.016167022925802410e+00
1.885444432242333379e+00
1.816785540706500779e+00
1.802677975297510615e+00
1.988486709794387242e+00
2.214989996317310972e+00
2.237589091465458147e+00
2.157390498138977541e+00
2.166791796883718035e+00
2.001562864476756687e+00
2.113906101040232244e+00
2.014473727894885879e+00
2.200568861900461748e+00
2.135292821918706174e+00
2.190526299614638184e+00
2.340495705199141074e+00
2.474575815384899347e+00
2.394068879200708988e+00
2.492164252895862742e+00
2.550846978856222247e+00
2.452845766713448672e+00
2.359278953051849204e+00
2.191356181610217391e+00
2.267371202373411165e+00
1.989838084941732754e+00
1.834227274607029834e+00
1.898659287711994992e+00
1.841916811426046463e+00
2.080469964227148694e+00
1.944938838477696219e+00
1.942246450958727610e+00
2.032621561624908146e+00
2.013258424034158001e+00
2.033788434797657807e+00
1.938824144601241306e+00
1.869002408231976275e+00
1.880927719511003016e+00
1.799715377353600321e+00
1.756724472493336409e+00
1.748901129039148516e+00
1.710615813885418834e+00
1.821479576346877405e+00
1.882892649796510609e+00
2.005809943987710398e+00
2.198179625393182235e+00
2.084484375972294412e+00
2.035323925184846505e+00
2.058835006162065273e+00
2.208491806709052430e+00
2.167170920713829219e+00
2.440551999415741413e+00
2.806708981305220618e+00
2.533521520841330865e+00
2.744115649450921346e+00
2.449844691082412318e+00
2.709252093965040853e+00
2.695105770948551083e+00
2.775039018735241836e+00
2.562111675575423408e+00
2.762005490734166901e+00
2.738239958049156098e+00
2.869959550411845139e+00
2.591729812072680161e+00
2.686448089956837038e+00
2.939441061814007661e+00
2.985905925825220297e+00
2.743129793493527480e+00
2.663394953454038649e+00
2.840606351084963066e+00
2.890952290074942255e+00
2.661277652500132707e+00
2.572684304997059357e+00
2.702289640478392485e+00
2.824156726527441652e+00
2.868129502719146906e+00
2.698800975895236931e+00
2.711921995523288498e+00
2.777255349344859070e+00
2.711392183941054856e+00
2.566449697126213181e+00
2.628656354755082525e+00
2.724578928581150805e+00
2.681476292653767857e+00
2.727570898299475299e+00
2.866360934973375407e+00
2.908902568014341217e+00
2.671378188543732435e+00
2.813928070534014392e+00
2.841897007700512567e+00
2.839657397879067346e+00
2.905723873964928483e+00
2.628056340599170593e+00
2.673592582746046276e+00
2.699983204125295799e+00
2.821982334159191641e+00
2.854665943213369861e+00
2.728081528786395538e+00
2.757546051003462395e+00
2.953908361121156290e+00
2.921926787999844510e+00
3.191850134886467849e+00
3.259840607876256957e+00
3.239957920186639750e+00
3.300434593413011708e+00
3.311902062580883044e+00
3.033542412626103690e+00
3.183240583180018568e+00
3.289584539345614456e+00
3.166578016710779320e+00
3.222811020436898488e+00
3.313047253101279122e+00
3.285274283407516371e+00
3.541652411511463594e+00
3.408565324552855547e+00
3.538832704056210865e+00
3.308934437315145694e+00
3.252818159183295421e+00
3.040864546509116195e+00
3.172714223943617906e+00
2.985924352554133687e+00
3.047542740903891545e+00
2.979448411096662142e+00
2.744115181533878900e+00
2.722888239802692123e+00
2.735125198764109200e+00
2.588532986117696666e+00
2.563628370982443005e+00
2.620119578610982991e+00
2.518833383569683892e+00
2.298774207252944013e+00
2.296387429428083049e+00
2.292005810550928224e+00
2.282125298935546720e+00
2.588563014015303754e+00
2.510186422894617131e+00
2.573375415786286258e+00
2.722799402335119634e+00
2.735015917448641254e+00
2.714338168681440067e+00
2.744206397233121209e+00
2.801587569193805027e+00
2.763434824979165594e+00
2.636974599700165900e+00
2.864049441038872601e+00
2.835663180796557992e+00
2.725064488434203014e+00
2.592176670964185359e+00
2.653560574612549683e+00
2.829360353114950488e+00
2.680708117874027518e+00
2.948471197475875716e+00
3.073370731318775029e+00
3.027732581923104238e+00
2.895642730640700879e+00
2.756121494429481622e+00
2.756737720956272231e+00
2.658637799382561173e+00
2.618901066874145034e+00
2.565121745923448326e+00
2.502136964919538631e+00
2.505585757995384188e+00
2.353730862265707380e+00
2.246549342448575626e+00
2.312119896873830349e+00
2.152361592443372107e+00
2.356614337318670316e+00
2.275104697561869393e+00
2.347128601739289611e+00
2.507502672409538835e+00
2.502589874402692427e+00
2.208639537379402551e+00
2.262736097035717098e+00
2.276531241068826983e+00
2.286153293911274975e+00
2.124324828409334565e+00
2.219761931543438482e+00
2.182096903910567320e+00
2.329148885666474822e+00
2.315421634837977471e+00
2.333438588854312101e+00
2.001061499496195051e+00
2.016881931311852227e+00
1.962758566756670708e+00
1.968642891124276151e+00
1.900038563469179209e+00
2.007332433817928141e+00
1.766995328883067540e+00
1.775123470881031063e+00
1.888696577332674265e+00
1.958745969795982589e+00
1.934433893458457066e+00
1.871112509660383560e+00
1.927930747684015511e+00
1.707123002025685121e+00
1.804351985887655552e+00
1.836080316104979460e+00
1.798695981322150139e+00
1.738907380007703951e+00
1.820945555184919407e+00
1.770801000058264574e+00
1.907459072616903173e+00
1.904052577468736240e+00
2.113827951996564369e+00
2.092785954136331394e+00
2.131187337295521012e+00
1.896453138834471419e+00
1.907219856293168370e+00
2.041548298747612122e+00
2.010734445415446103e+00
2.169938923821527865e+00
2.069760268029014583e+00
2.032717199474843195e+00
1.975754523815525854e+00
2.028453421554572866e+00
1.978505996768293862e+00
1.812848878060612012e+00
2.080689292939927437e+00
2.074925201055186630e+00
2.149162391549687801e+00
2.054079871350655839e+00
2.136317169505481672e+00
2.089076751159180567e+00
2.101780960905632156e+00
2.117789661854662775e+00
2.278865786748090816e+00
2.217928364238630490e+00
2.251517347791033963e+00
2.151570733880722397e+00
2.054524407507167361e+00
2.054650057689149989e+00
1.937080504596375041e+00
2.082097925844734743e+00
1.853894659323004124e+00
1.800677514425227832e+00
1.903629695225912410e+00
1.763186019385204251e+00
1.797355057922603638e+00
1.754076104994972907e+00
1.862737319715294326e+00
1.848144836272449965e+00
1.790054534962252086e+00
1.821483211614498110e+00
1.740699308093480280e+00
1.642853689246409843e+00
1.724405272815904278e+00
1.879675983154598606e+00
1.748641398547433834e+00
1.873604971665222552e+00
1.872625594822406425e+00
1.904409288675090073e+00
1.940127335240073414e+00
1.963163471912244162e+00
1.942453673019976845e+00
1.876593020291468905e+00
1.915330085423389006e+00
1.843293804824875037e+00
1.974232215386593658e+00
1.942741787995274194e+00
1.889826019896963416e+00
1.963339423306721399e+00
2.025049934922372508e+00
2.005054510517537469e+00
1.960250632786840086e+00
1.970709233490254064e+00
2.015883725888910849e+00
2.017423144390070533e+00
1.899291911424369816e+00
1.862386339550506920e+00
1.974677024147288851e+00
1.919499878931323567e+00
1.837843150587573859e+00
1.943857976666331311e+00
2.018621529386309899e+00
2.067369829647838220e+00
2.042381788328642589e+00
2.177451225173952398e+00
1.996598701485901683e+00
1.930942982608731207e+00
1.937649396978786687e+00
1.945998232310954812e+00
1.907382157991017957e+00
1.877802451260637717e+00
1.932436711088194592e+00
2.078099970645122863e+00
2.032543252425303315e+00
1.939003186665670730e+00
1.904061792107477613e+00
1.915770520924687803e+00
2.018205831977178288e+00
2.111545957623960135e+00
2.094956102196376957e+00
2.304515794890314773e+00
2.318828076319681131e+00
2.311666268788674206e+00
2.222569550369223990e+00
2.253590559667619342e+00
2.103653995378312214e+00
2.063776774573350625e+00
2.074527228219444019e+00
2.059191020866288468e+00
2.103865640286968652e+00
2.136706244176244773e+00
2.312994384086113797e+00
2.264947986005107605e+00
2.325481032561437900e+00
2.378921620253951819e+00
2.365261844423100168e+00
2.125441114019115396e+00
2.004196353993250579e+00
1.980145250985009708e+00
1.869703410654351083e+00
2.087591104270013265e+00
2.134784690634452531e+00
2.151789754548955713e+00
2.126825403330543818e+00
2.235503423599326300e+00
2.123346440537092317e+00
2.245726469604639952e+00
2.301981509608776566e+00
2.243507318946134088e+00
2.309903892801330905e+00
2.594159056723642554e+00
2.829561248706385701e+00
2.628440579671847743e+00
2.691227511122406213e+00
2.409228346618494054e+00
2.488290419021741862e+00
2.502632394257157333e+00
2.597163688758951317e+00
2.541929449442552169e+00
2.372313361244396290e+00
2.371867696105995460e+00
2.431801135534728431e+00
2.505239767071162138e+00
2.376954741523054526e+00
2.057662828823913159e+00
2.293807966843995683e+00
2.389325865670659521e+00
2.449368068519552022e+00
2.418983449497922766e+00
2.384785994606983817e+00
2.294083429847724620e+00
2.252735968650132481e+00
2.374097499743842654e+00
2.179751263477825329e+00
2.174467923130821934e+00
2.221992434151539797e+00
1.956659547945333255e+00
2.021063756155544677e+00
2.067808947320821211e+00
2.189027831052921869e+00
2.316150466782102679e+00
2.353007593299992095e+00
2.411910159745310089e+00
2.336278555650141531e+00
2.334921187063815573e+00
2.501077785676035337e+00
2.493787038713125792e+00
2.480304476597212648e+00
2.412844079474103509e+00
2.410315795148658236e+00
2.421077153855859976e+00
2.312881969290330630e+00
2.349682573815109699e+00
2.336388404946180053e+00
2.086307419989094303e+00
2.133057645009346359e+00
2.238824347193300923e+00
2.124864048863745136e+00
2.091197673266628421e+00
2.069997698561388155e+00
1.984629244052279029e+00
2.020156500845069036e+00
1.923077094508075069e+00
1.726849587470378200e+00
1.634707981081673811e+00
1.627551443802376596e+00
1.609888945785384662e+00
1.593856664415701285e+00
1.614693193079238531e+00
1.542164514166928235e+00
1.583257854674821274e+00
1.615238991454705397e+00
1.654564289818311940e+00
1.564059474325046661e+00
1.601391698600613589e+00
1.567867844424577939e+00
1.648395198612581103e+00
1.481516923673282138e+00
1.510429908863605286e+00
1.492701501072903447e+00
1.556629492383690749e+00
1.562706262379535360e+00
1.546637267859759080e+00
1.525944827746354093e+00
1.686858625290956315e+00
1.687184442535119677e+00
1.627590202028068145e+00
1.683974136933090282e+00
1.695649528935565753e+00
1.616940218624842052e+00
1.542949644430548828e+00
1.524563626499567226e+00
1.582203138641818496e+00
1.538117149167680831e+00
1.521580565314443190e+00
1.523060274174583784e+00
1.454873547829411473e+00
1.454093006856402415e+00
1.547241718181835868e+00
1.675367451383443118e+00
1.634028210904671097e+00
1.709215720408164385e+00
1.693876544112445925e+00
1.708710338581051813e+00
1.727469343665409385e+00
1.731485520190226168e+00
1.704935650631775657e+00
1.642178472611507623e+00
1.579455014368869481e+00
1.607089786486937122e+00
1.643685428029529216e+00
1.677331897147151363e+00
1.729068145510850307e+00
1.829315025073258605e+00
1.768367394432842854e+00
1.805126799132547255e+00
1.721872004571235459e+00
1.816511163565979858e+00
1.665965435997384114e+00
1.803983945569902492e+00
1.842932579443970154e+00
1.800711284475323692e+00
1.881851276972089426e+00
1.847227773227195113e+00
1.801111048110514146e+00
1.790973923399659773e+00
1.962343690885344438e+00
1.825512717609965030e+00
1.884401270130604100e+00
1.838755561424163298e+00
1.841207214767714984e+00
1.917326637970397485e+00
1.861759914906656377e+00
1.950889735663755342e+00
2.045004931794432323e+00
2.201562876276102365e+00
2.155645303170537375e+00
2.076954612975511427e+00
2.002180306253384945e+00
1.958247337845687719e+00
1.867166394391997386e+00
1.858765211469550316e+00
1.829913763898826096e+00
1.952023138725945017e+00
1.843411193428828865e+00
1.849627645424357869e+00
1.911999783595948132e+00
2.061135716666073314e+00
1.927922025434251729e+00
1.952096561292817611e+00
2.098179460220824133e+00
1.997224645254925157e+00
1.706793519541633719e+00
1.910700211510519608e+00
1.856112158418267377e+00
1.868143102906711484e+00
1.960085588956098190e+00
1.812058791799039392e+00
1.662099887885664762e+00
1.627255611410109992e+00
1.768376702494737884e+00
1.806133315612296064e+00
1.941739104530654236e+00
2.133452224222131655e+00
2.034712736077931350e+00
2.137860503354751529e+00
2.198116661063934441e+00
1.930047578220674520e+00
2.004468188820697883e+00
1.882345992635360510e+00
1.776645745690913269e+00
1.614016695276221602e+00
1.758915933398934817e+00
1.921013636772251010e+00
1.868391852290863797e+00
1.792357789018492298e+00
2.019914733507857552e+00
1.977121003585055936e+00
2.050309866260582758e+00
1.951812631615399862e+00
1.960793407847110537e+00
1.954555205106587534e+00
2.124388692760088571e+00
2.089290638595915794e+00
2.199465200009005805e+00
2.337429069610233334e+00
2.087778443077856316e+00
1.989955714763563588e+00
2.077032209920065764e+00
2.161754800447780234e+00
2.025873583726429228e+00
2.034318950793191139e+00
2.124358773571251913e+00
2.076957309941205754e+00
2.202597345242536697e+00
2.351170445458169667e+00
2.598346438182172591e+00
2.447108095397486860e+00
2.763103426228754156e+00
2.712966798196400298e+00
2.518488490068117702e+00
2.528570977559454036e+00
2.374229464116427657e+00
2.416832981789892809e+00
2.552870333558420857e+00
2.284822122933249933e+00
2.215740365115021593e+00
2.235864587699360140e+00
2.328426116421617564e+00
2.285201738997027388e+00
2.065049064809042267e+00
2.042835896046009569e+00
1.954624353789962576e+00
1.802988228189772890e+00
1.895199615067460819e+00
1.918028973802322179e+00
2.165316606219773288e+00
2.344833512203859716e+00
2.417999280925903438e+00
2.238132930878862226e+00
2.146743897958704128e+00
1.900501095660501294e+00
2.015193888835867586e+00
1.886208551648398846e+00
1.991713674897129804e+00
2.285550098178671163e+00
2.036630268963717239e+00
2.068499959946580979e+00
2.091445435611663850e+00
2.206744580680159995e+00
2.089068203323685147e+00
2.082981457791056812e+00
1.959142864966709308e+00
2.002358777519333000e+00
1.893657647153763834e+00
1.821933887000846353e+00
1.919089516172945098e+00
1.772162776535446183e+00
1.857340403062509138e+00
1.707806143837273138e+00
1.677719476167041757e+00
1.771797051048778604e+00
1.741464608850113116e+00
1.714240737249021818e+00
1.745989395794094845e+00
1.849514944974612884e+00
1.898544095608220905e+00
1.782796639427704832e+00
1.749767228261456697e+00
1.829006936122758331e+00
1.837288966729115236e+00
1.663694363568815726e+00
1.590882248120085940e+00
1.645004422683601364e+00
1.660750484861755583e+00
1.655004410521645708e+00
1.651917863607548664e+00
1.693609631806848537e+00
1.600442837586137257e+00
1.580368778809899899e+00
1.559023795061172279e+00
1.579332528590265738e+00
1.720004984091395128e+00
1.645438564315149899e+00
1.812971890869236713e+00
1.710681054323676342e+00
1.609765616874940353e+00
1.672384244282118848e+00
1.706526285246107832e+00
1.801883197304774198e+00
1.698750351532170244e+00
1.615160615572223790e+00
1.610344596921168714e+00
1.613678386779051177e+00
1.764871057606957949e+00
1.747895206934727108e+00
1.850191848609643364e+00
1.877345995074314322e+00
1.721478760482890280e+00
1.895525241703609254e+00
1.946996159942747218e+00
1.803678245367138055e+00
1.930481149908247263e+00
1.878494231371178103e+00
2.028544660901698826e+00
2.150417015939601217e+00
2.484721736819833104e+00
2.355165329575588551e+00
2.158168395829472619e+00
2.250309694075099287e+00
2.135695967443166143e+00
2.044789521140443433e+00
2.257301035785232113e+00
1.963433452759656861e+00
1.959532415051043142e+00
1.908191231303617119e+00
2.039289797362212386e+00
1.968044526866994159e+00
1.957428191350747193e+00
1.688354382361619388e+00
1.789253681220160708e+00
2.180449145354443452e+00
1.905224097528530613e+00
2.157413726550852395e+00
2.014883258456954263e+00
1.883698963980349195e+00
1.811419457926072063e+00
1.970896380029392381e+00
1.894605126179195409e+00
1.877859780396919476e+00
1.788304950699132423e+00
1.778353554412098969e+00
1.879531049289845823e+00
1.886829353734544856e+00
1.994566190475673073e+00
2.077015306040617126e+00
2.104952646891367518e+00
2.539724174571359239e+00
2.395641277956535031e+00
2.509262114648680431e+00
2.761062044726751541e+00
2.930853606994869409e+00
2.995976376988711554e+00
2.848839810385449312e+00
2.698810009669080134e+00
2.924973225762341311e+00
2.838177754459183966e+00
2.642889460104119070e+00
2.793118628826861904e+00
2.684607066276770038e+00
2.649478887419437712e+00
2.531385293932391534e+00
2.483855196244193930e+00
2.329299418152948054e+00
2.279040045315007479e+00
2.551328610984837653e+00
2.383184906636301559e+00
2.553272609256919345e+00
2.551967784663086380e+00
2.616477520535070767e+00
2.643225609191534708e+00
2.670611596152260070e+00
2.699566543760733683e+00
2.716077801043320861e+00
2.928217494617908478e+00
2.877148451984821165e+00
2.741079410713954001e+00
2.781863307959031140e+00
2.789209838583200263e+00
2.729753442727393953e+00
2.602591873349634710e+00
2.650104627360928777e+00
2.713344940345078449e+00
2.748345216345505548e+00
2.682528076028077635e+00
2.597285297614416066e+00
2.537579732143265598e+00
2.414789276509074600e+00
2.348207564975105299e+00
2.316201364302819421e+00
2.085003880706779888e+00
2.236163010904911985e+00
2.267764199400439384e+00
2.181414419478831412e+00
1.955765458668576207e+00
2.211697774210643619e+00
2.446742344924713208e+00
2.328124839232536658e+00
2.271864155526560403e+00
2.254312590789274484e+00
2.160811776841235599e+00
2.152156700866706185e+00
2.272852836173524516e+00
2.219258519628321658e+00
2.125350498553468359e+00
1.910104830608043924e+00
2.046396523578302595e+00
1.972249349744616742e+00
1.861562040665104556e+00
1.923691308787202514e+00
2.185113011516306436e+00
1.998314790978862110e+00
1.906817787099072792e+00
1.878291217257868961e+00
1.956804941482620519e+00
2.051415139470458282e+00
1.871960421037994760e+00
1.819326707081819317e+00
1.753460956772040946e+00
1.757094057670572473e+00
1.765326188182940959e+00
1.840240215296682580e+00
1.714918713667664907e+00
1.681048228236434072e+00
1.791694782449641421e+00
1.796518145771799135e+00
1.738656346581129331e+00
1.789539230236394829e+00
1.768974547121778373e+00
1.908892331790209118e+00
1.981116068502063454e+00
2.156415914357137531e+00
1.981155877808318921e+00
1.835015990994460555e+00
1.781569104317132668e+00
1.875817548575153371e+00
1.911445954253901736e+00
1.875219187886868033e+00
1.859362727822398531e+00
1.955699091154508462e+00
1.797726115166840444e+00
1.671684678919360900e+00
1.634101203718267392e+00
1.653864109506940183e+00
1.569948469501505350e+00
1.661238116992886482e+00
1.699243462043050101e+00
1.726653017675338297e+00
1.807478303277841425e+00
1.725948210969301844e+00
1.690497005055070057e+00
1.656003299052944300e+00
1.692014754842579904e+00
1.553127802512702882e+00
1.630367009055313954e+00
1.653729550119239944e+00
1.653860319409236279e+00
1.797154741067401584e+00
1.871550345710421226e+00
2.016860298028446685e+00
1.919671019843378401e+00
1.995833181630810804e+00
2.173141532682730137e+00
2.096052705414649608e+00
2.176270056355919191e+00
2.171015410083910080e+00
2.144060858258484803e+00
2.219906667771134323e+00
2.323985206734935804e+00
2.334796510058716024e+00
2.278971804456602079e+00
2.204499263520084185e+00
2.156061593884571526e+00
1.858018933707402898e+00
1.867288317665484199e+00
2.007478515305692213e+00
2.237353310484161639e+00
2.168086101452270320e+00
2.089991622258648540e+00
2.098052176950440550e+00
2.103835373569249878e+00
2.187321801286207013e+00
2.417236649202246124e+00
2.470152672882953482e+00
2.498461128814438048e+00
2.352351682007395972e+00
2.132141426511013904e+00
2.154380967479018860e+00
2.039083699239744085e+00
2.083918268914213723e+00
1.897984182212762772e+00
1.948159879813305739e+00
1.891540660447903033e+00
1.941736127803026291e+00
1.909183561692773479e+00
1.936201007410737640e+00
2.010767088755593068e+00
2.200831770110947883e+00
2.017348545263530912e+00
2.080791712782251501e+00
1.856232412142051480e+00
1.994360354843711658e+00
2.090671146746622799e+00
2.116728892235253401e+00
2.187553494814406196e+00
2.164141127460002867e+00
2.142650591610840483e+00
2.450426192748840215e+00
2.226599386506805001e+00
1.879466715903331142e+00
1.902990882529113303e+00
1.936404248527821892e+00
2.138742023848207996e+00
2.113066628887354970e+00
2.198751145070097834e+00
2.452376450026472643e+00
2.398163378245358857e+00
2.339985535047861998e+00
2.321638690841531627e+00
2.206778265061474453e+00
1.956015410796144494e+00
2.078400344083364271e+00
2.232940286754100168e+00
2.317357394539795390e+00
2.209139293278123084e+00
2.375544330127913550e+00
2.525542214308224676e+00
2.406655877869963600e+00
2.196101374021863784e+00
2.075860137460408872e+00
2.087473668754952882e+00
2.064090602384628159e+00
2.091078698075626630e+00
2.033343984646740932e+00
1.967734379667885891e+00
2.055523349708384462e+00
2.111639351258602471e+00
1.866003390300887466e+00
1.982982576266685726e+00
2.114260520296776580e+00
2.004605124092478263e+00
1.928973355639826304e+00
1.952123562104046917e+00
2.043167518027877438e+00
1.977450026642156855e+00
1.967382703153410350e+00
1.958945693310347069e+00
1.980295564529275465e+00
2.143180686523317835e+00
1.964355584887163664e+00
2.079304714812742372e+00
2.088232651574648546e+00
2.133640381132327679e+00
2.066958805595197290e+00
2.121250507951288888e+00
1.921191955834102627e+00
2.115116163062678467e+00
2.224067748944227318e+00
2.182039897853453425e+00
1.971492271893068082e+00
2.167422651426909042e+00
2.094097000638982742e+00
2.125893475715149528e+00
2.059153587059836532e+00
1.895644859176494279e+00
2.201197112917596233e+00
2.185496754097940642e+00
2.016825063300497600e+00
2.062136523829844581e+00
2.181639861502448596e+00
2.167343556773631885e+00
2.323176468507416992e+00
2.217353924351008310e+00
2.149238145544947631e+00
2.312194740541117177e+00
2.510200597345622064e+00
2.372589758205191135e+00
2.287504669762484344e+00
2.164427317393400330e+00
2.310142815755203305e+00
2.266111859427947461e+00
2.087284364249797353e+00
2.203549435734071693e+00
2.424414572666573342e+00
2.759770893013452131e+00
2.634231254470126959e+00
2.562408593387706990e+00
2.703351606904897064e+00
2.757558073085013994e+00
2.852825684751763013e+00
3.129584287787948504e+00
2.999468579832559101e+00
2.951451836839768195e+00
3.108607545009196116e+00
3.139485749920431168e+00
2.914134910071907836e+00
3.018685788939567072e+00
3.047202489658839220e+00
3.066912736041878862e+00
2.860840609497262044e+00
2.916175159140153017e+00
3.048123410309793613e+00
2.909936613662857052e+00
2.992062156520038485e+00
2.929536307861713595e+00
2.640372886038843792e+00
2.594175767286043932e+00
2.904846443206967166e+00
2.949124281481902088e+00
2.923926049248580128e+00
2.894978408394722535e+00
2.527537128994024940e+00
2.828240069066259910e+00
2.975852060514555308e+00
3.030887330040473060e+00
2.851326326823764301e+00
2.794359439046077309e+00
2.807637723045210532e+00
2.833471593246219111e+00
2.950481038271570711e+00
3.031185898893054897e+00
3.151889134358749622e+00
2.987586246308651106e+00
2.766415463086012050e+00
2.693707014478687434e+00
2.697077113519499303e+00
2.389316067584115189e+00
2.428994369665891107e+00
2.379650114533655714e+00
2.513821901505564504e+00
2.457610920043885372e+00
2.403554099143482059e+00
2.349815845902778477e+00
2.542923366140579677e+00
2.806382063492715684e+00
2.718663585883461575e+00
2.652989316762321970e+00
2.810503796582404679e+00
2.707552315423826794e+00
2.627290141741978058e+00
2.650258519399012247e+00
2.834589679385414840e+00
2.756766841382792599e+00
2.872437195821079925e+00
2.753686848955326560e+00
2.623197015543980104e+00
2.604856448744408581e+00
2.469329884876530823e+00
2.389588893430306893e+00
2.351519395721381134e+00
2.415868922943803287e+00
2.321282298034881286e+00
2.152607062579320107e+00
2.194670232805383758e+00
2.044842123554294400e+00
2.016256238135745615e+00
2.110331267738582817e+00
2.251410563398319908e+00
2.386506139285125006e+00
2.362064797407704031e+00
2.450688134527519768e+00
2.509971905115419233e+00
2.391106720374674754e+00
2.500104519009129778e+00
2.547221078394201754e+00
2.547540994936367209e+00
2.475150976875725828e+00
2.441765670710895897e+00
2.498383945994279820e+00
2.654334771603407805e+00
2.713323778559021182e+00
2.669825990536069948e+00
2.666136571717598880e+00
2.660114062274283153e+00
2.673140705573543663e+00
2.596613195025946119e+00
2.619545412786647542e+00
2.654062319009387938e+00
2.427303948324214034e+00
2.576256584660997273e+00
2.622237786358940781e+00
2.680636892408815086e+00
2.709296186989441413e+00
2.638958836095556926e+00
2.610766071321763526e+00
2.666981340022178681e+00
2.593244377424492431e+00
2.681880803640766420e+00
2.644427177118910510e+00
2.735701376591896938e+00
2.800891806072986157e+00
2.668123970537608525e+00
2.782798416653880835e+00
2.717756454955972512e+00
2.709302655383006631e+00
2.772000129407082625e+00
2.813580104791358671e+00
2.951350981728678491e+00
2.940234760306405182e+00
3.000901425959700664e+00
2.999320422803015251e+00
2.964500657842879416e+00
2.912584848372279822e+00
2.956626673348156320e+00
2.949175803903063997e+00
2.970157956076161287e+00
3.018407952426509944e+00
3.032481430426237523e+00
3.097890426960269838e+00
3.123324473728752437e+00
3.195005121950705629e+00
3.191353993474073558e+00
3.127756364505157816e+00
3.045960340772660757e+00
3.100856347799572976e+00
2.889245914771261692e+00
2.922906470733425355e+00
2.973546891138006298e+00
3.047038275551564368e+00
3.046884990385076986e+00
3.005072397638687054e+00
2.912921390696247226e+00
2.995036254569110490e+00
2.991629492731829210e+00
2.995351293555440719e+00
3.168305811097321012e+00
3.103119684081190321e+00
3.232569810902087060e+00
3.289722298471928763e+00
3.315070707054823096e+00
3.383176745947114039e+00
3.411816829980180543e+00
3.406280443257828416e+00
3.397475251792811513e+00
3.178078093072902455e+00
3.130748161492543868e+00
3.001782385918645879e+00
3.022698174948467820e+00
3.149654999209291706e+00
3.100488095456836568e+00
3.233057071052431564e+00
3.197706042914024493e+00
3.307341034431466209e+00
3.299000617882001496e+00
3.256083832272752776e+00
3.181732967375310750e+00
3.112756098649257286e+00
3.015650420867149961e+00
2.918667466350029827e+00
2.932678584387695686e+00
3.016530855382022480e+00
3.026673477442269888e+00
2.996781090154678751e+00
3.045416296601581418e+00
2.956655223858854598e+00
2.760308491704043021e+00
2.835782811457399077e+00
2.783518022576429551e+00
2.843189395053870250e+00
2.850861601055153738e+00
2.891364979062621909e+00
2.987867695277194535e+00
2.981187707067331605e+00
3.037923432069094876e+00
2.947763773626701944e+00
3.125041227337387983e+00
3.150762447288378176e+00
3.211785191858341548e+00
3.212784745719572843e+00
3.232387444142466038e+00
3.166966732954488162e+00
3.087804455430803507e+00
3.125261783380593350e+00
3.159861210745806392e+00
3.087145365928928964e+00
3.070894199489938359e+00
3.018070759051215912e+00
2.967236962989868942e+00
3.021524605536647812e+00
2.991403546576474337e+00
3.019296671933101361e+00
2.941273475160274042e+00
2.993069536800655239e+00
3.016444753916957211e+00
3.061014453683143621e+00
3.044892464056922154e+00
3.235797358732244611e+00
3.294036330550357938e+00
3.390681177494548226e+00
3.267476871492716928e+00
3.305262474487761004e+00
3.166235685984787551e+00
3.064728536452429264e+00
3.112277255181440605e+00
3.090384780363546913e+00
3.071633460153292638e+00
3.166586259326132247e+00
3.203270925882160558e+00
3.211500050394493044e+00
3.191107132663708601e+00
3.256283830085815012e+00
3.390713118064683229e+00
3.391400345347579393e+00
3.473060377581126623e+00
3.537406816851432101e+00
3.438603478056870166e+00
3.442609774833612857e+00
3.337633613808160149e+00
3.291124668914334084e+00
3.321290808339929068e+00
3.291748462450088564e+00
3.177806689665054751e+00
3.097837118811018087e+00
3.196701595691720410e+00
3.218465914057373478e+00
3.388607204665722961e+00
3.326085018415133820e+00
3.344974034432134147e+00
3.338700491303159712e+00
3.448822249050771838e+00
3.365484270099684760e+00
3.392494049981653159e+00
3.413343754041568534e+00
3.528125279319642704e+00
3.401827310435149965e+00
3.368371109427570342e+00
3.304367545179643262e+00
3.278749081484194861e+00
3.220436957876029016e+00
3.292490618418837389e+00
3.198840244878045080e+00
3.201074247891925406e+00
3.304503815818272461e+00
3.199576167083167721e+00
3.324222205771354410e+00
3.383710335498967048e+00
3.337897856314381961e+00
3.374566704561707375e+00
3.238901861782540692e+00
3.062847755591341592e+00
3.100730969938751524e+00
3.014872436948323742e+00
3.151678085250680272e+00
3.147368948795310928e+00
3.140910960970244137e+00
3.203091031061158223e+00
3.134211835023462456e+00
3.272277328432081411e+00
3.225587503504639297e+00
3.205165956619103973e+00
3.112660061042358262e+00
3.151919615972537336e+00
3.193160862742901340e+00
3.188104686991020564e+00
3.042669268595546317e+00
3.092185003831859014e+00
3.274002592167736481e+00
3.218145935847472217e+00
3.219503791217650956e+00
3.296785927487172696e+00
3.349073786216052895e+00
3.340463706037600566e+00
3.332662308576684662e+00
3.334866659991075899e+00
3.136856233726778242e+00
3.185800280516867922e+00
3.081073800963439968e+00
3.096658772259298420e+00
3.174031502172400376e+00
3.251310806142074128e+00
3.153877221535707154e+00
3.171936284148581198e+00
3.089095498239193827e+00
2.986793086130139496e+00
3.094121938439513553e+00
3.156394424692984479e+00
2.916150553258614497e+00
2.885671483977799934e+00
2.822901894828615088e+00
2.866454772221051606e+00
2.735755538056688696e+00
2.969734861037561569e+00
3.006642165705053493e+00
2.798634529513888580e+00
2.800344874608289736e+00
2.717926746811381022e+00
2.741306408906980963e+00
2.707486566917904458e+00
2.769883686233328923e+00
2.734476192374955428e+00
2.803637904917187562e+00
2.907683217982379720e+00
2.883340338858375596e+00
2.850579120369465258e+00
2.846487296396105204e+00
2.931672151538158744e+00
2.952578912650961396e+00
2.934889147836391654e+00
3.016607342382024104e+00
2.963369437902342085e+00
2.822062717083523964e+00
2.754293479288620006e+00
2.760938261035907004e+00
2.842825917900411614e+00
2.838755082863732238e+00
2.703721602443396321e+00
2.642361952282950011e+00
2.594458955837249281e+00
2.720103991957963707e+00
2.712696687212534208e+00
2.743888773653191837e+00
2.712150244153369361e+00
2.667863677969892766e+00
2.661920249948535933e+00
2.670396089954573338e+00
2.640855825273571433e+00
2.754864242959423670e+00
2.793839907450296423e+00
2.742042343261067661e+00
2.777445821899724443e+00
2.771329944009828683e+00
2.781656488838316399e+00
2.728473257367217464e+00
2.633951339005990544e+00
2.570401771249667622e+00
2.722831081427657285e+00
2.645090096837286797e+00
2.782269785606036550e+00
2.716119956512973665e+00
2.519467984456983167e+00
2.539974692616024932e+00
2.466505702651527354e+00
2.436817124334874407e+00
2.493029059393330193e+00
2.585642153722415237e+00
2.509154306012072233e+00
2.525391415344623525e+00
2.172087278504805319e+00
2.207431743372276323e+00
2.340698356531046187e+00
2.367281128370466003e+00
2.252602842630189173e+00
2.520048830140032337e+00
2.476593420160703829e+00
2.393897070480700329e+00
2.436803650755791306e+00
2.507639398674808895e+00
2.315945816088979203e+00
2.237558847598699163e+00
2.271109496527494276e+00
2.241021513955925748e+00
2.259227687310769728e+00
2.188185738866918584e+00
2.061977304265702582e+00
1.939481549515764680e+00
2.142512593898214579e+00
2.138944984881245848e+00
2.062012916722838707e+00
2.122178148175718704e+00
2.175133422069730926e+00
2.243823458479182076e+00
1.939961759489613469e+00
2.013961604805288630e+00
2.045406187983139557e+00
2.169800490521310188e+00
2.109856480036096826e+00
2.141361158424009759e+00
2.108982408531594466e+00
2.228157078748466358e+00
2.176480865104705398e+00
2.342818526949479008e+00
2.338412981820369385e+00
2.276898109981631446e+00
2.297133460346292733e+00
2.151668123294975032e+00
2.042342149696544595e+00
2.057119260350948498e+00
2.156336178150530802e+00
2.125223023692162094e+00
2.047577478630049796e+00
2.001329935758385137e+00
1.947738407872024569e+00
1.888567742331319410e+00
1.933495542401447276e+00
1.942071828932010469e+00
1.881929494906727784e+00
2.006095895775511728e+00
2.132303150427387717e+00
2.162955569527554633e+00
2.187136409273631177e+00
2.106103427880221091e+00
2.173847072845019213e+00
2.079763765852385315e+00
2.104104679255919041e+00
2.015423624768855948e+00
1.974801755913329515e+00
1.936541236304208269e+00
1.949248484632602585e+00
1.798383367356291673e+00
1.792910489382381733e+00
1.772663393425891520e+00
1.798733080284702579e+00
1.940074459422667985e+00
1.957652324431065072e+00
1.876242615412069492e+00
1.798852983509976022e+00
1.806447462218790267e+00
1.803226414567365987e+00
1.812487844331566844e+00
2.001761222875106938e+00
2.031214033825633258e+00
2.220724560388683155e+00
2.294902029960502965e+00
2.288677303160617793e+00
2.225623989987564055e+00
2.182830029825402196e+00
2.172239517240178497e+00
2.069571034843896928e+00
2.096708012418717626e+00
2.042205788583206338e+00
2.050750098398015364e+00
1.957058608902059627e+00
2.065134192407906077e+00
2.007588287675440064e+00
2.049432103267923022e+00
1.942458632298438737e+00
1.836926397991752724e+00
1.820445892029780799e+00
1.891833281589743621e+00
1.875028533309882617e+00
2.067291362407520428e+00
1.945778739783191824e+00
2.025917786965660827e+00
2.075657672236089102e+00
1.983678010204612763e+00
2.122263182630321321e+00
2.132046800852726243e+00
2.088779584947928036e+00
2.008466472857692420e+00
2.127074114743165101e+00
2.022333275744113035e+00
2.022855014323750478e+00
1.997136756172357863e+00
2.049874327393861329e+00
2.009836615367277091e+00
1.936503658239862924e+00
2.166735742656246799e+00
2.041412107496948014e+00
1.974673084162293035e+00
1.891402003089444062e+00
1.824152960271028912e+00
1.688986159408611742e+00
1.634488932909148984e+00
1.625913603270873642e+00
1.600044026249709761e+00
1.651608480221887110e+00
1.722798099704059727e+00
1.742931138833582416e+00
1.758046792763081179e+00
1.821001920422881559e+00
1.955771819636058950e+00
1.987499024817296567e+00
1.849416987650257971e+00
1.949444990630930130e+00
1.906834505415299308e+00
1.889162735399862569e+00
1.844334748374840460e+00
1.835063783241312585e+00
1.839878499794660005e+00
1.905396178007905172e+00
1.895147185985211147e+00
1.983358815372437522e+00
2.066924987577309469e+00
2.072402577074577756e+00
2.071721354102745050e+00
1.933658990262730581e+00
2.014644588239081546e+00
2.183632933026165457e+00
2.063737753679638853e+00
1.869212142791258024e+00
2.005297590541247121e+00
1.932293824069545307e+00
1.913399760177810549e+00
1.864773164540290962e+00
1.936503457793675498e+00
1.848606698287056149e+00
1.937447491089832718e+00
1.936879375356027833e+00
2.260754513047668279e+00
2.300724961204280383e+00
2.303842089440029994e+00
2.388328107437038383e+00
2.478124204560998134e+00
2.487317488030670543e+00
2.525889162745452499e+00
2.478056661864078247e+00
2.341729710288839694e+00
2.392075306599945161e+00
2.268285526256181850e+00
2.088900837064164850e+00
2.265603048432227151e+00
2.226705512244023133e+00
2.314112849075559808e+00
2.209074573711145018e+00
2.445291964267009011e+00
2.457106085568917297e+00
2.414870762663391179e+00
2.233842462397668704e+00
2.130001846470455540e+00
2.387698485995516595e+00
2.387889481452763363e+00
2.612005053658736031e+00
2.684954274068563684e+00
2.549390027194577080e+00
2.353105735967525369e+00
2.491105727216311294e+00
2.362726406841775262e+00
2.124174968248001338e+00
2.315500728821615617e+00
2.278232581916546984e+00
2.258675275114394587e+00
2.079652123144235532e+00
2.231838911374256718e+00
2.572580846618001793e+00
2.714930183348181814e+00
2.407655145532649588e+00
2.319305483607513541e+00
2.430961290017660037e+00
2.415912825480183379e+00
2.253211305352913918e+00
2.424274623605965573e+00
2.424889785523099750e+00
2.439063623203347131e+00
2.470683701588619385e+00
2.556831986890618857e+00
2.571031060663620860e+00
2.511604012502492100e+00
2.422218723334710333e+00
2.180263104884599734e+00
2.165774754363095855e+00
2.149792633648236251e+00
2.123106013204093312e+00
2.178862834176916063e+00
2.307412205892114709e+00
2.235187678417997148e+00
2.130331934240046188e+00
2.050825481180862386e+00
1.985069529245462094e+00
1.926993375229146155e+00
2.089434688453700062e+00
2.047343092494690708e+00
1.937257740853995491e+00
2.108905487859265460e+00
2.060316998058760785e+00
2.170825408237753162e+00
2.100707765787692249e+00
2.080205979428875196e+00
2.214012920221846148e+00
2.049197454323886891e+00
2.010396149190131432e+00
1.985589434952125698e+00
1.936156593138868232e+00
1.797845196303540449e+00
1.827822732521737104e+00
1.903627964517855986e+00
2.107612331720136289e+00
1.964923563813334439e+00
2.021125108800029935e+00
2.073902376866000985e+00
1.991083920886192571e+00
1.879258125805790991e+00
1.853682752374591791e+00
2.007551618552774642e+00
2.093326973937487789e+00
1.949854031470955817e+00
1.931492619788933496e+00
1.894074799248748775e+00
1.851779956486003353e+00
1.838422760211070761e+00
1.947752127038576475e+00
1.785090525531158656e+00
1.899907992113269328e+00
1.889522645624816422e+00
1.789908697069642285e+00
1.766547551627094759e+00
1.761105868822791631e+00
2.093464392050588874e+00
1.973298465154431636e+00
1.834659305001436813e+00
1.828267993663796442e+00
1.733133926717370432e+00
1.621362958143630406e+00
1.599276994390383289e+00
1.834589445275220498e+00
1.651574228438179581e+00
1.646291998188665007e+00
1.726848503484677888e+00
1.768544279461233382e+00
1.739943695044538829e+00
1.847375509753614864e+00
1.892298443704335753e+00
2.095549986521743069e+00
2.114240293235101653e+00
2.213279566550810262e+00
2.171049469731060722e+00
2.225216078057212776e+00
2.143052362314575632e+00
2.209075391523307008e+00
2.514638553507630991e+00
2.319412082968968392e+00
2.206821182506796042e+00
2.158585002824840782e+00
2.140604838129947840e+00
2.176764193146046189e+00
2.210939795310108202e+00
2.164424743530651618e+00
2.278073144487743562e+00
2.193859857966583338e+00
2.241580167111989486e+00
2.439995751804680424e+00
2.628434146187409670e+00
2.476826769658869498e+00
2.349013689532387428e+00
2.467550959757995432e+00
2.551800409730907937e+00
2.589459097389080977e+00
2.485141902480363818e+00
2.632698006332012231e+00
2.634729733567801713e+00
2.481448108137347841e+00
2.555028319817357563e+00
2.541667481414733754e+00
2.476377101010534432e+00
2.475966804743640282e+00
2.494623638300621948e+00
2.413574724835675145e+00
2.429242477512403298e+00
2.571243478276657335e+00
2.457499846157719325e+00
2.359948745605460640e+00
2.319004020767874152e+00
2.327370797575685213e+00
2.170032283837819875e+00
2.404410844023110005e+00
2.577919478941230302e+00
2.282539031227217130e+00
2.446985530616076154e+00
2.176549120340105947e+00
2.229921266858279960e+00
2.160328329198686337e+00
1.929793828738712413e+00
1.935037219190642199e+00
1.775238937446718346e+00
1.823703488484200497e+00
1.918312521860269904e+00
1.809607759053766030e+00
1.817977421136211635e+00
1.916252654359344110e+00
2.228669701969137940e+00
2.073361648088309028e+00
2.001032795894457372e+00
2.046727631865060459e+00
2.070262175086980516e+00
1.954835451587900508e+00
1.893230486207906349e+00
1.741099543860590071e+00
1.835839814401447834e+00
1.686843560697034228e+00
1.761300376910474030e+00
1.755945956016598197e+00
1.836035433138604178e+00
1.601638384010347860e+00
1.630264359252587614e+00
1.653054700416166201e+00
1.681155649891576509e+00
1.629075707826312502e+00
1.674522941994008862e+00
1.649667316001436346e+00
1.624876965672725104e+00
1.545641608871015871e+00
1.700963599216737343e+00
1.832976900674019305e+00
1.794208534062072369e+00
1.754367737501122182e+00
1.680314110127455685e+00
1.612520566050975601e+00
1.657215008054288230e+00
1.624244687728865211e+00
1.703903647240840646e+00
1.750240935910331253e+00
1.808281578460603223e+00
1.865987815759429846e+00
1.879420551007434881e+00
1.895123526938681913e+00
1.888526084643763037e+00
1.885843572699203108e+00
1.964731685011627205e+00
1.860058958540472762e+00
1.877193704782611272e+00
1.914151910155758696e+00
1.891345758500127427e+00
2.007679547586564972e+00
1.906259264336646053e+00
1.852529349946640425e+00
1.766337826140572220e+00
1.778693336495058785e+00
1.818757208051772212e+00
1.798099034338956015e+00
1.770073456634294384e+00
1.689103132898531978e+00
1.722774975482819215e+00
2.026336689163955818e+00
2.194077651390988315e+00
2.171768945328515166e+00
2.111078647518939366e+00
2.062317485758445201e+00
2.284331577801233415e+00
2.096801645858299867e+00
2.182599982122236160e+00
2.347657126635523284e+00
2.449616666974702373e+00
2.645622213935654887e+00
2.681701186484842570e+00
2.651789616515660697e+00
2.798474530959969897e+00
2.692323312332529639e+00
2.761456191171739682e+00
2.664094212564547259e+00
2.582795294030575839e+00
2.664529023522985707e+00
2.518968534016742478e+00
2.356809977562885017e+00
2.225945504159760446e+00
2.298143700788705335e+00
2.515686194762046135e+00
2.597353399555541564e+00
2.477195622039502609e+00
2.410537407819265177e+00
2.415902634629474743e+00
2.309469209484598551e+00
2.359528006616575802e+00
2.228851287759315625e+00
2.174613878885442553e+00
2.086275395357263918e+00
1.938515938174779629e+00
2.009128709504868215e+00
2.039854506742570184e+00
2.035830550545160378e+00
2.089220769554382962e+00
2.129150542660633416e+00
2.062866865276652195e+00
2.142709229724664599e+00
2.138427643689225555e+00
2.117120549205213642e+00
1.927778438953066109e+00
2.015350772620951414e+00
1.964182776890953663e+00
1.776530919370880923e+00
1.843480140960471081e+00
1.780583724689746461e+00
1.864621888971539354e+00
1.989830266592289343e+00
1.980328905999062750e+00
2.008255824579444848e+00
2.133350645832454706e+00
2.236953791762782195e+00
2.161977430738408756e+00
2.241643207193923626e+00
2.182223988410341597e+00
2.248837454447273565e+00
2.375041664142839348e+00
2.126279415328365729e+00
2.213299549563920277e+00
2.393538212383957031e+00
2.136622272137065792e+00
2.157309055906645678e+00
2.142294017081717517e+00
2.087694100364071215e+00
2.063866911581345942e+00
2.024861134282116115e+00
2.108255040380913048e+00
2.065718689820360776e+00
2.286074849876383208e+00
2.501386323894226660e+00
2.326149329229617813e+00
2.391894945730255628e+00
2.226793233964049712e+00
2.336866385022259962e+00
2.357528693540299702e+00
2.142437494227330319e+00
2.246278877828365772e+00
2.250637822476941885e+00
2.155139934468341512e+00
2.320953983353540639e+00
2.368025736063897657e+00
2.085951136839124143e+00
2.202817209097842621e+00
2.232557215704136233e+00
2.193242307130487401e+00
2.075322741902962065e+00
2.363526934549305292e+00
2.362219104922713697e+00
2.221120044886556677e+00
2.121805437500219327e+00
2.318790325985582434e+00
2.309668133883065799e+00
2.208178730246527444e+00
2.064768226197670309e+00
2.057326286509995494e+00
2.097820416132062604e+00
2.072227453672830233e+00
1.929777420958490142e+00
1.927588318008909951e+00
1.996173083948723725e+00
1.950265968688979834e+00
2.014279035159163289e+00
2.146040510109676447e+00
2.058358778887539486e+00
2.147960723452079446e+00
2.154021968172092905e+00
2.239733176472219700e+00
2.360962651216446773e+00
2.418033824566552248e+00
2.423793868637071913e+00
2.566526420577098122e+00
2.438306292131262154e+00
2.194520638192303252e+00
2.252545696368144945e+00
2.273431818843157703e+00
2.104157275881700873e+00
2.224195858271478698e+00
2.245759672419256336e+00
2.233172187712775258e+00
2.276124401955331500e+00
2.380929606635860285e+00
2.136730357994909291e+00
2.269809240007911288e+00
2.241802241354383440e+00
2.062156434125449245e+00
2.112592138030737310e+00
2.275078766620096449e+00
2.330583542455097135e+00
2.193258580433562699e+00
2.291516045180491012e+00
2.215445533796366995e+00
1.913888045033708130e+00
2.059424411485256901e+00
1.791692441914110034e+00
1.841482942297984371e+00
2.077465008115608747e+00
2.112485997031759766e+00
2.117738974697460641e+00
2.001143437946819148e+00
2.238834813972654381e+00
2.350078315561620279e+00
2.461698003702959436e+00
2.422591053078825052e+00
2.331922983413919237e+00
2.430593068535148227e+00
2.164046933624443447e+00
2.161943159073973053e+00
2.169737281181874700e+00
2.170714175654733236e+00
2.135256061369862568e+00
2.106670265376678675e+00
1.984724433070688132e+00
1.936995363875952947e+00
1.989246448796496480e+00
2.181899231207364398e+00
2.162822422978692760e+00
2.210959486894044090e+00
2.323963073969244508e+00
2.373632774486673203e+00
2.195578513463211756e+00
2.086764914618080891e+00
2.048861502855421346e+00
1.979280513271373332e+00
2.026077216306660489e+00
1.979204006767900648e+00
1.977272290785567987e+00
2.064200695076896075e+00
2.040116343383665765e+00
2.102273765750931833e+00
2.111949781917203062e+00
2.123671180413513770e+00
2.167559093692251970e+00
2.235721931342617985e+00
2.311294267559700799e+00
2.241636000153555131e+00
2.256555985858907043e+00
2.483633198642889006e+00
2.391019234172373054e+00
2.423898725841615143e+00
2.316731968806550856e+00
2.478212528686944527e+00
2.693031742517607796e+00
2.555075678925681881e+00
2.588855256544263295e+00
2.510209097697036817e+00
2.503875113139396813e+00
2.393330936884967119e+00
2.344779157475795017e+00
2.236726904723679965e+00
2.244357310703835040e+00
2.272412684220090906e+00
2.360006733099449416e+00
2.332004969697601737e+00
2.335368960776637692e+00
2.365435131866213236e+00
2.563368743409768058e+00
2.451634231952897203e+00
2.344470643797731402e+00
2.349281450089678369e+00
2.420836436296517569e+00
2.518873204580345693e+00
2.657999444127771671e+00
2.645043158697362173e+00
2.610212912824270148e+00
2.695709236361989003e+00
2.587942164077923213e+00
2.640468453364746004e+00
2.602086615458293561e+00
2.850745317603375906e+00
2.650185285789506295e+00
2.819210249247561695e+00
2.941038722130934868e+00
2.845233952127258270e+00
2.771963131864884300e+00
2.839191381365651967e+00
2.726146607778748177e+00
2.765386199719282345e+00
2.818021828489934766e+00
2.725162558057579787e+00
2.814432487058287968e+00
2.757386012847951040e+00
2.556819242753164190e+00
2.612126467079651793e+00
2.540853247041597207e+00
2.423739451700964498e+00
2.723109898938508966e+00
2.350094418226484017e+00
2.232982209292313946e+00
2.272796396266365537e+00
2.387943866419103944e+00
2.121669826614756893e+00
1.981139030328464390e+00
1.967036233075367457e+00
2.187380706481694137e+00
2.284211902283162399e+00
2.516755029212750738e+00
2.438529203622266994e+00
2.350778159382343357e+00
2.246661911987521520e+00
2.350393455890809058e+00
2.195748352386974744e+00
2.222051254821344468e+00
2.372241707936174837e+00
2.247245910931477297e+00
2.312297820011806060e+00
2.178565765757130457e+00
2.208514445102950585e+00
2.049578784073359028e+00
2.159774919215821765e+00
1.768191701686568251e+00
1.745828175633826307e+00
1.684509630825325566e+00
1.764052810514319614e+00
1.736960166385379090e+00
1.892880671532991110e+00
1.897827399525863656e+00
1.854303494778286376e+00
1.957160126109610765e+00
1.914651952606684748e+00
1.938858280038536996e+00
1.926553323004292828e+00
2.033389598789949737e+00
2.119087042124606857e+00
1.984922977605397820e+00
2.192712745788834017e+00
2.362407136449848899e+00
2.433116969410835218e+00
2.283239312286688083e+00
2.125759950665353948e+00
2.009350937380532720e+00
2.078941712113165252e+00
2.149172168311475062e+00
2.126495068501659258e+00
1.991110686163531263e+00
2.042932182954327214e+00
1.975137024736830504e+00
2.051234525098320383e+00
1.997846224443163843e+00
2.067625419071794202e+00
2.070804970975766768e+00
1.980949134510165077e+00
1.940842310606539778e+00
1.852858858151056332e+00
1.725392307846454809e+00
1.851176935865527007e+00
1.946706159453993390e+00
2.068847115874533404e+00
2.139729537723853880e+00
2.191246781476771321e+00
2.087656538416493124e+00
2.022491103791314693e+00
1.873227374109041499e+00
1.952219119648009871e+00
1.810341384827390820e+00
1.867467098719141072e+00
2.107304538658642201e+00
2.094547725955999695e+00
2.248649992442072421e+00
2.237116613619731353e+00
2.229814044955527486e+00
2.577286738262873911e+00
2.404740733923232288e+00
2.209137092335714758e+00
2.327360997921258612e+00
2.444668005534867294e+00
2.776925699607524667e+00
2.587085003476659484e+00
2.328434752356062454e+00
1.937308306745690212e+00
1.838163103830511069e+00
1.843089333084111159e+00
1.790193285781810362e+00
1.680353905995992436e+00
1.795028474525692586e+00
1.820921781624293745e+00
1.724119064306001370e+00
1.658031471382136912e+00
1.604000633459333969e+00
1.613112649276366550e+00
1.608181571724667691e+00
1.660091555582462464e+00
1.639807435073173059e+00
1.704220777572332812e+00
1.809066788884953203e+00
1.706829739113059574e+00
1.737041379260578777e+00
1.808045316502898681e+00
1.662216065856962022e+00
1.704222550460295027e+00
1.856497296974545241e+00
1.841781445503942294e+00
1.948275687926722899e+00
1.774383969050908449e+00
1.752610865293026343e+00
1.680849964662037177e+00
1.860198742759101576e+00
1.835492255407039419e+00
1.887592655569553468e+00
1.752573182252767925e+00
1.873853106265933155e+00
1.877314425936665865e+00
1.854543253814693538e+00
1.943791416268231043e+00
1.884224910686069343e+00
1.836718691257852365e+00
1.887224684847944589e+00
2.123126574625905150e+00
2.170554978803243884e+00
2.292189103513113224e+00
2.269348971523223568e+00
2.123866092090225255e+00
2.031964341978476529e+00
2.175702336944755455e+00
2.136221944147981056e+00
2.213434418411258431e+00
2.219638912862337499e+00
2.043524783392016708e+00
2.227400183531530242e+00
2.344310566506192739e+00
2.308090817007072637e+00
2.215207392881185733e+00
2.154142387349068599e+00
2.051220011962856749e+00
1.854355983526433826e+00
1.758051353786916238e+00
1.712437787342167228e+00
1.669065451192157878e+00
1.717922608047915967e+00
1.631163185907237967e+00
1.569738397121345885e+00
1.574070620574350654e+00
1.478286580633699776e+00
1.637280283182158014e+00
1.810759285369014426e+00
1.853194408024322115e+00
1.846898135715365319e+00
1.887080072119634355e+00
2.063324999768964219e+00
2.021113401324374781e+00
1.864759842248172150e+00
1.915751045036168776e+00
1.994367964651410974e+00
1.873959911238364695e+00
2.029190784973089468e+00
2.164212511499582714e+00
2.290263763092632132e+00
2.268903702364320374e+00
2.441828065521654878e+00
2.517249820756619183e+00
2.533916779655966955e+00
2.514081007593204742e+00
2.443227095768390811e+00
2.552156721051144217e+00
2.596569006490574427e+00
2.693001657326512088e+00
2.663243295866112081e+00
2.642435142753614574e+00
2.450272405179901192e+00
2.376474023062488339e+00
2.482079951352271330e+00
2.436588689925255569e+00
2.297217251383853576e+00
2.362523154322864194e+00
2.435109377303658285e+00
2.474260652741762545e+00
2.508662675779089302e+00
2.422524076572611929e+00
2.164642648028535898e+00
2.351154233136577343e+00
2.236445797114790413e+00
2.170491543280697488e+00
2.110664161584482557e+00
2.235170168032627913e+00
2.265970195653296937e+00
2.247466683950603006e+00
2.092448643172057920e+00
1.957483612599773659e+00
2.030831970056147018e+00
2.205152831296088412e+00
2.227729034053774093e+00
2.267126675513393419e+00
2.113837211873486943e+00
1.981148133191089844e+00
1.917867363746899256e+00
1.734272849015598528e+00
1.742821174435274623e+00
1.684275705459596484e+00
1.665039346360972505e+00
1.748114968886418374e+00
1.598989533788524042e+00
1.590795314507547076e+00
1.583048812134144834e+00
1.713362999280996890e+00
1.681710099840993511e+00
1.664788027893125966e+00
1.697676353632012969e+00
1.739454523230296701e+00
1.582770203836403766e+00
1.570522022122394556e+00
1.712886081750611078e+00
1.708725633157713419e+00
1.712996708306895766e+00
1.806323186360843769e+00
1.807217504015529386e+00
1.866381526245513678e+00
1.816135336491403462e+00
1.786605037733079770e+00
1.952766784834470082e+00
1.761162435616999700e+00
1.823082675947883313e+00
1.701841056295394727e+00
1.856313912307933744e+00
1.628644874046948132e+00
1.702110652734314833e+00
1.563591829756832752e+00
1.505573869959242028e+00
1.483408169263101817e+00
1.626933619572217049e+00
1.570411732587987608e+00
1.581556554029427852e+00
1.607396883782749919e+00
1.615952403613758692e+00
1.639870962204575511e+00
1.576821394428056688e+00
1.616973022936736060e+00
1.718781842536341253e+00
1.657144790890426433e+00
1.536193007047408354e+00
1.566938630759302065e+00
1.616207982222871653e+00
1.662068225056176241e+00
1.736456248628512666e+00
1.649520496623821053e+00
1.696091886555952222e+00
1.705271430810067157e+00
1.649168174067366266e+00
1.770238631351086722e+00
1.825235114348047860e+00
1.833868443081266841e+00
1.863108285826011956e+00
1.829895571905307605e+00
1.764962984786043521e+00
1.854406060693193803e+00
1.926623726820262839e+00
1.742207682024105697e+00
1.891642027754005584e+00
1.811596110883883837e+00
1.723793531385160671e+00
1.787485001849209887e+00
1.850589626733442072e+00
1.704314863807248503e+00
1.734416428613182015e+00
1.695398683177805621e+00
1.624593662353157830e+00
1.773734501750520165e+00
1.725610238011964226e+00
1.803391586804963032e+00
1.746480996130620245e+00
1.762339329981468250e+00
1.770973025137324131e+00
1.777224971791783625e+00
1.888776190868509008e+00
1.794173984211198558e+00
1.700078466990367465e+00
1.723177427289417363e+00
1.671788791243036698e+00
1.707178220601065499e+00
1.618776884752402889e+00
1.624263542558352924e+00
1.598226699394117656e+00
1.586213880681997868e+00
1.626464800393285337e+00
1.674242496772728295e+00
1.703576919560419789e+00
1.705141952578204334e+00
1.636982626174540822e+00
1.680766639951101427e+00
1.746870907949295004e+00
1.735857391888371515e+00
1.772782364263477461e+00
1.676732751034329283e+00
1.719160279846389416e+00
1.867973206611653669e+00
1.841907648248522822e+00
1.839789045052212968e+00
1.746931435469883498e+00
1.825648553993389545e+00
1.795682826044597835e+00
1.746249549579370841e+00
1.744796164774608194e+00
1.697102987412076880e+00
1.645902023258095204e+00
1.725655792020915014e+00
1.664339921373650499e+00
1.717592572798882555e+00
1.570286479331002960e+00
1.629174286609464728e+00
1.564856241174504170e+00
1.705578250700602316e+00
1.625137784986237177e+00
1.604939363899066107e+00
1.704615093044829166e+00
1.776079946509844465e+00
1.658742843502444275e+00
1.682008150398682123e+00
1.676001171483628704e+00
1.606261951736353222e+00
1.633909602396994565e+00
1.692695079736425967e+00
1.614336977967747666e+00
1.612064549326892804e+00
1.598731588468658815e+00
1.630650595998480279e+00
1.748790618824850318e+00
1.652627333475862326e+00
1.637238472143719203e+00
1.658918439180732562e+00
1.610187495605258645e+00
1.566650087731274343e+00
1.674510559227796014e+00
1.702573670371870573e+00
1.697598816850263370e+00
1.681685417002964256e+00
1.683110482651046791e+00
1.674818665323906997e+00
1.627970770420599234e+00
1.731759977294889064e+00
1.783567838859567711e+00
1.735068866617974992e+00
1.662974182830355696e+00
1.685708964042292202e+00
1.623470328904180526e+00
1.608250541770221753e+00
1.719535371257569834e+00
1.710593229721969699e+00
1.952243030476037644e+00
1.824954939841074708e+00
1.793877843440226938e+00
1.913809653191083537e+00
1.794822895115695482e+00
1.980932205705160820e+00
1.965454918926667460e+00
1.891155797382973791e+00
1.881587467053343010e+00
1.848816983016752236e+00
2.007137481037410076e+00
1.932164153428715281e+00
1.961136880093567569e+00
1.883664031626257840e+00
1.782972412663846873e+00
1.855920589960885936e+00
1.977875723759666471e+00
1.941728776851594507e+00
1.973033280968151892e+00
2.013415761468204668e+00
2.017903825059991441e+00
2.167880466591575850e+00
2.197114295368920001e+00
2.163409740978092355e+00
2.114068603189132034e+00
2.352080802156040651e+00
2.365689515486752104e+00
2.437802353780890385e+00
2.523595372927402547e+00
2.294077345409444746e+00
2.443413928414333913e+00
2.284517354155620517e+00
2.488551640702771905e+00
2.077777886125938167e+00
2.046864759433723258e+00
2.136111370587554070e+00
2.096552119674183423e+00
2.131237024979377281e+00
2.295354984145822730e+00
1.957782338703351721e+00
2.094424183003424034e+00
2.280960316350741035e+00
2.201121106360765634e+00
2.343423425069369070e+00
2.366722099130128321e+00
2.080122328908251550e+00
2.121185592837040890e+00
2.112268771765133391e+00
2.008123699998633160e+00
2.106562042434421134e+00
2.270915400820075813e+00
2.156908077742826002e+00
2.031179941649240206e+00
1.949371703571933123e+00
2.104011550269036412e+00
2.096763240310290044e+00
2.134255472908538565e+00
1.965827188194007702e+00
1.904350993171665563e+00
1.883323280567745117e+00
1.870489547593169322e+00
1.855567244961733975e+00
1.903810792592107504e+00
1.798746015108586560e+00
1.781490743254453557e+00
1.862627237965980509e+00
1.851597672321828814e+00
1.717027036384016769e+00
1.693050286968031726e+00
1.821682627478808270e+00
1.889937646639692881e+00
1.869439811161280218e+00
1.807193551430736234e+00
1.911438451210877743e+00
1.988452297598875207e+00
1.919491219838052043e+00
2.005887044744047998e+00
1.851130772022730797e+00
1.965071864584416739e+00
2.125813083503232281e+00
2.107840005883173440e+00
1.899951299871416976e+00
1.877028572930054429e+00
2.011976264862441965e+00
2.090186053511617015e+00
1.919174987415522615e+00
1.861362786594188190e+00
1.883267875888496201e+00
1.959343682642173068e+00
1.932694258871407778e+00
1.987363358914115974e+00
1.774109303974463980e+00
2.066634106259494175e+00
2.090678377209347794e+00
2.064563847930650731e+00
1.962312734465447406e+00
2.072544395644282389e+00
2.051976530132993748e+00
2.201922471550938898e+00
2.116849926008828042e+00
2.237573642375773719e+00
2.233090661749753014e+00
2.280746016048800673e+00
2.156742701135328399e+00
2.121548250788495960e+00
2.082510117808311634e+00
2.152768300579281036e+00
1.915998980927761997e+00
1.958719139136135601e+00
1.850700493215981624e+00
1.912284915568681187e+00
2.063344432939731465e+00
2.161190680976275758e+00
2.210993373891782188e+00
2.184110965980866403e+00
2.335424861391208307e+00
2.253895135978241093e+00
2.296179737650401176e+00
2.328812220910351893e+00
2.248337731787048099e+00
2.289769988495393260e+00
2.162455896294134927e+00
2.401115881569380939e+00
2.203509947096051302e+00
2.158498524703577282e+00
2.066220169425735165e+00
2.093503117715990847e+00
2.209045329886929032e+00
1.995412038552752954e+00
2.008484255923891126e+00
2.222983243251645646e+00
1.937201678127791649e+00
1.995681602701002477e+00
1.912870519683631310e+00
1.871486382711277541e+00
1.965826157780945271e+00
1.920424642490572653e+00
1.913316189849898263e+00
1.998448085745323510e+00
2.039917056876026535e+00
2.328120177038887295e+00
2.629757088263072085e+00
2.646727612183432221e+00
2.518546659569109725e+00
2.418642005410798212e+00
2.268859505851050340e+00
2.131037716662543158e+00
2.214053556342638007e+00
2.082917354631171225e+00
2.236015239679971511e+00
2.000649727754390650e+00
2.205532733192597128e+00
2.185034938752949518e+00
2.083753107230193358e+00
2.041256264817567168e+00
2.259122442747751869e+00
2.223113942091403228e+00
2.227681197866232754e+00
2.274118919366189484e+00
2.273274206223128147e+00
2.112991839696571006e+00
2.179355655004763470e+00
2.267574236394297227e+00
2.302561558431723387e+00
2.081637820597392441e+00
2.254192176140470405e+00
2.227707387244625359e+00
2.178394432678449899e+00
2.095013139615821363e+00
2.222648682724590152e+00
2.236551971301949493e+00
2.413005594016712774e+00
2.623161193328668706e+00
2.444271056057537361e+00
2.564764397076269464e+00
2.562771895125822486e+00
2.515558991122221144e+00
2.361046217602792208e+00
2.262387592867830310e+00
2.405656681113349737e+00
2.407435366896933715e+00
2.364262201469454983e+00
2.184831110811242816e+00
2.240755161099992065e+00
2.153040723969326997e+00
2.186678343675032998e+00
2.082693049562633458e+00
2.004613750635739766e+00
1.998824671935114816e+00
2.073990967492842952e+00
2.184869341469488635e+00
2.295499448586047375e+00
2.269584024882927764e+00
2.140506738813996002e+00
2.238669591802195491e+00
2.215436943071657172e+00
2.186244411821514522e+00
2.234267888561109583e+00
2.204831022145027131e+00
2.089356041464922598e+00
2.152352797076586999e+00
2.104601394783202295e+00
2.100662842453283385e+00
2.139974185461487544e+00
2.113456015813680366e+00
2.107452526003328330e+00
2.178514655294215174e+00
2.144898160702636059e+00
2.182042073515625624e+00
2.273505002716376122e+00
2.267148520404265621e+00
2.160225977689320231e+00
2.216432717572771605e+00
2.231231044586129642e+00
2.172727087542167812e+00
2.221505835219205416e+00
2.215976771568118231e+00
2.135091744294230764e+00
2.194340561031500325e+00
2.142359720845998794e+00
2.073397245515062881e+00
1.991454665754804454e+00
2.156117860666170838e+00
2.091661556301353198e+00
2.115348935254320217e+00
2.009286391416239326e+00
1.915904981509085836e+00
1.926905940136297790e+00
1.987330616447422926e+00
2.052729731780060352e+00
2.113044434316052378e+00
2.231735442144032522e+00
2.301468852340611271e+00
2.173334070617893410e+00
2.248304471059606069e+00
2.384905007406487254e+00
2.075193177734895311e+00
2.150240808575965001e+00
2.033098469095226957e+00
1.940557397848644339e+00
1.877786369032407476e+00
2.002876897488419239e+00
1.993620967853969805e+00
1.934329198869255695e+00
1.898291948563030296e+00
1.993439704932548517e+00
1.786480443386071260e+00
1.733486649369218480e+00
1.832503593524605012e+00
1.989462820701213053e+00
1.811628556332437467e+00
1.774923752810198430e+00
1.872644390467249398e+00
1.807424388146362082e+00
1.948375462692524041e+00
1.906556375237262957e+00
1.980587783904200538e+00
1.802680588788157845e+00
1.848577680428607373e+00
1.851768388464386961e+00
1.597039418753501305e+00
1.663003690475849172e+00
1.602921863203896846e+00
1.602236261700525910e+00
1.699315975743149076e+00
1.717399755185514465e+00
1.768554458940339913e+00
1.802426752703183199e+00
1.660026970912594324e+00
1.599883710467410625e+00
1.620569238069582862e+00
1.656128857611299354e+00
1.708376690899849448e+00
1.685999133962240215e+00
1.704344817183993666e+00
1.703223678218436898e+00
1.870533261461223784e+00
1.997719592095658525e+00
1.836284216955347492e+00
1.789066628556286176e+00
1.813545748430220650e+00
1.754093251020292232e+00
1.768644558464753658e+00
1.726912927198768211e+00
1.853309464359521153e+00
1.723058724329978864e+00
1.762524688226948300e+00
1.851548530009940130e+00
1.773642018477988858e+00
1.650268106771526799e+00
1.774853897431253102e+00
1.778829658356057219e+00
1.930545486826373613e+00
1.897192710258078785e+00
1.841274854625543078e+00
1.926343438602576619e+00
1.804210631819325839e+00
1.779917964108600037e+00
1.913891723439743009e+00
1.867107224063704107e+00
1.951203563045479372e+00
1.921356661291954815e+00
1.998665163648276621e+00
2.025030766208049560e+00
1.974739150954921918e+00
2.004000061152240164e+00
1.903987480535350496e+00
1.779987715724150377e+00
1.776717745708549012e+00
1.792977987468898471e+00
1.649401601089439229e+00
1.767173187105357757e+00
1.767202731215666622e+00
1.746675066247444841e+00
1.759667956415101875e+00
1.751561015631556639e+00
1.635744207997223976e+00
1.615194429947394372e+00
1.703945168715481184e+00
1.819461737092454845e+00
1.649299500540447605e+00
1.608526337791345684e+00
1.589656782801450063e+00
1.615793132186281733e+00
1.610851973265448933e+00
1.565199597350798166e+00
1.492309412868193297e+00
1.515054405814646454e+00
1.598125581999203959e+00
1.682121483142634322e+00
1.895773056891331576e+00
1.823914267838840253e+00
1.812746510913193054e+00
1.853036618603716601e+00
1.719004860639390841e+00
1.781652957757861255e+00
1.661587763597039302e+00
1.825467445560982060e+00
1.687935733947462769e+00
1.590275035322249231e+00
1.511342263289357390e+00
1.515034667533935453e+00
1.574817510336824711e+00
1.535389377523339816e+00
1.659457998769324094e+00
1.774362842670367924e+00
1.754434670025895482e+00
1.766916864908887108e+00
1.754530201661036015e+00
1.802108561199130321e+00
1.843427303744890278e+00
1.995076285482867640e+00
1.932182484605547090e+00
2.030814755305410557e+00
2.092854710763228709e+00
1.958776981848232346e+00
1.955158615919049270e+00
2.002607629968017999e+00
1.953660093642645146e+00
1.965471951861111011e+00
1.921155294819260062e+00
1.726850461713647311e+00
1.773139759772503155e+00
1.618578945893952348e+00
1.538805171777416048e+00
1.705447897903857202e+00
1.685198408519968716e+00
1.481876788962653846e+00
1.574029023304942099e+00
1.651247746118283510e+00
1.770187861645354355e+00
1.853582891625251250e+00
1.928908797364536465e+00
1.938893694980415638e+00
1.991245465917028890e+00
1.879413051939088364e+00
1.848590508875819438e+00
1.878524652944340678e+00
1.880067461071142310e+00
1.818878456848000980e+00
1.775140084102443616e+00
1.775868101736791882e+00
1.742618278104567597e+00
1.785972861364286457e+00
1.881754309344022991e+00
1.885850618434354642e+00
1.873363735479744108e+00
1.817840430040590594e+00
1.847993376609381455e+00
1.933096520464543833e+00
1.969408783854332157e+00
1.785027929562463145e+00
1.953841894403726576e+00
2.182520070842012050e+00
2.556491641788430247e+00
2.306988441608417428e+00
2.379705835467050168e+00
2.298379987250472212e+00
2.235825863081173814e+00
2.222247714740049673e+00
2.231790620578387951e+00
2.317630144866929864e+00
2.360405235425185655e+00
2.580597470173663144e+00
2.588258450593637239e+00
2.267704207950285156e+00
2.157910441171251748e+00
2.199310946589138727e+00
1.935838542882104996e+00
1.866480776706757272e+00
1.833909173072009846e+00
1.809680552770905226e+00
1.844982957961100567e+00
1.700231521664891998e+00
1.714413991901511780e+00
1.747923629009496160e+00
1.785445307217916167e+00
1.756043107585035568e+00
1.904782750506360589e+00
1.906726767187436611e+00
1.927745709152605347e+00
1.947402487240783353e+00
1.627904869233405272e+00
1.816241176163505333e+00
1.640322885385875118e+00
1.836609118479439307e+00
1.923642540613233809e+00
1.888315042722195081e+00
1.853159085709489062e+00
1.810454986436929259e+00
1.748330228602388958e+00
1.862556588510138944e+00
1.866655739017530680e+00
1.736324799654637596e+00
1.754253464009319474e+00
1.857482153029583971e+00
1.694304914996018319e+00
1.631922518712399128e+00
1.614201494620802535e+00
1.639749100214523914e+00
1.788371554205779201e+00
1.714648169553342871e+00
1.884313390790002707e+00
1.974122594416114929e+00
2.044178703312527823e+00
1.965827628373406633e+00
2.092696311115007202e+00
2.010037244586075467e+00
2.000856747227095056e+00
2.026144250154152004e+00
1.953496988252416244e+00
2.068573916076946961e+00
2.168882990650275566e+00
2.092957135418017423e+00
2.210469189810601254e+00
2.178395847371064953e+00
2.316245894157867191e+00
2.220117475135255702e+00
2.124116003592542157e+00
2.088382755074963182e+00
2.134431451557511572e+00
2.279238080013476164e+00
2.459110816167376701e+00
2.153477541244359639e+00
2.076883542896169832e+00
2.014290818200050293e+00
2.149415481156520702e+00
2.040627325250137680e+00
2.188767652269579145e+00
2.192402500504661678e+00
2.275971823748649037e+00
1.973810758639317431e+00
2.068715322104924148e+00
2.016587141349876600e+00
1.759691073701741715e+00
1.821738346070157499e+00
1.840950761488929999e+00
1.918993165539500501e+00
1.897469923764329769e+00
1.973293340407783703e+00
2.020751794219033393e+00
2.064549897515207011e+00
2.300031971220148019e+00
2.479539714961429997e+00
2.333526757819398334e+00
2.315597648505838713e+00
2.272452930863088749e+00
2.536088455226803706e+00
2.684479775653125344e+00
2.685149307129291785e+00
2.644273463118886447e+00
2.592820465599557256e+00
2.551215520878717058e+00
2.389517550872210183e+00
2.483530853634337454e+00
2.517012720866023123e+00
2.589062059938364246e+00
2.419759650590070255e+00
2.348996654886551294e+00
2.355010324825011381e+00
2.293384462809279878e+00
2.217578618572843219e+00
2.322841903874235392e+00
2.369767297237548309e+00
2.353320350435653907e+00
2.216063155741502921e+00
2.212919737203960846e+00
2.283723712159341890e+00
2.001657548560551891e+00
1.881352025612279322e+00
1.772661790378618818e+00
1.766971926774857371e+00
1.630336379376241762e+00
1.718601892698557787e+00
1.717329327874086209e+00
1.856466542296167477e+00
1.761986412356165266e+00
1.820411056507102776e+00
1.874194162995159507e+00
1.812868292075596743e+00
2.074233805559119403e+00
1.947962230952422491e+00
1.921049606176755908e+00
1.850422652464067674e+00
1.811666947153785845e+00
1.969135546228138134e+00
2.008490604044705474e+00
2.045499607770675521e+00
2.379062668354440913e+00
2.334594446125521028e+00
2.394755356110630284e+00
2.620391385790537875e+00
2.679248172140041628e+00
2.637670826840174065e+00
2.545142540843576384e+00
2.543523902450607554e+00
2.368263858150860379e+00
2.390515284771569160e+00
2.520824770721767027e+00
2.455743460263949185e+00
2.166103340864678817e+00
2.066909485411324798e+00
2.106988552863971798e+00
2.411611426104688150e+00
2.007932638359184452e+00
2.077520525558671505e+00
2.012100432649912118e+00
1.930975448568597042e+00
2.060703435370909720e+00
1.853119478733245673e+00
1.934962815557294435e+00
1.751145638831204776e+00
1.841659011775883537e+00
1.937054832961763839e+00
2.017515131970544662e+00
1.965856265445401263e+00
2.094356721207478067e+00
2.160820785937971777e+00
2.080576080872031497e+00
2.505464263611643982e+00
2.518886534570893510e+00
2.807298153076610348e+00
2.697537927674008351e+00
2.574215311397351158e+00
2.473448435289720138e+00
2.713713518917447498e+00
2.524859905838286345e+00
2.331059417371376785e+00
2.369490539996380818e+00
2.344014423480109244e+00
2.526866373408601429e+00
2.467808728826374143e+00
2.363180188156279726e+00
2.182760355891927073e+00
2.069306708987743271e+00
1.913761829089717814e+00
1.906334886244108517e+00
2.047989105174643054e+00
2.029558478556007906e+00
2.162956068901745077e+00
2.168638559160704915e+00
2.180011991443720820e+00
2.122661712571746850e+00
2.131908616072857754e+00
2.306830807826624863e+00
2.431722597986398338e+00
2.181595304057521556e+00
2.100564756170554936e+00
2.318154873366281787e+00
2.526385426296456238e+00
2.360794262030899926e+00
2.633478117083010162e+00
2.474527278878256631e+00
2.619511297869784983e+00
2.634009430414023800e+00
2.624102802146467184e+00
2.910775888959199253e+00
2.726227722981967361e+00
2.602032502934281233e+00
2.644106579432216719e+00
2.656492695628732470e+00
2.787808063441354012e+00
2.760935149470826300e+00
2.911047945545040427e+00
2.880387303624355688e+00
2.771829538627324840e+00
2.713800779104864613e+00
2.726520348801187765e+00
2.760746068542222265e+00
2.860656398164704850e+00
2.887633601639550296e+00
2.739273415028044667e+00
2.394555058630571942e+00
2.407804372088139466e+00
2.339856037026097901e+00
2.277612004746625285e+00
2.401906943220820434e+00
2.436624975736659593e+00
2.517996842810743985e+00
2.699423645295665253e+00
2.744354260533869105e+00
2.670040497473979535e+00
2.791624045365746820e+00
2.736369685790184914e+00
2.647722615879916308e+00
2.440738426143357565e+00
2.454060606485031659e+00
2.388372554887161048e+00
2.643694406560030963e+00
2.371978361204823749e+00
2.493480870401604932e+00
2.222378259698535974e+00
2.147362388660612353e+00
2.322321537552005655e+00
2.223860593382888773e+00
2.153351432193112203e+00
2.123704446606483831e+00
2.073599913708690679e+00
1.877915198311209677e+00
2.006538200652676629e+00
2.069465097188036395e+00
2.071195073781785023e+00
2.053690607676289304e+00
2.102832329961716429e+00
2.219526472854868704e+00
2.237831381630332572e+00
2.091649157257441161e+00
1.989072900008433731e+00
2.024193251815501249e+00
2.056953377905196056e+00
2.030736603826430731e+00
2.090251944404375450e+00
2.007765133207490837e+00
1.987879847765815944e+00
2.023641884649125089e+00
2.025824370608827252e+00
2.075729640231411377e+00
2.054974797450630941e+00
2.214502934537625034e+00
2.215443913721629077e+00
2.282279589778517526e+00
2.499590494808222374e+00
2.461579900209024618e+00
2.457098001127612452e+00
2.396466670661733023e+00
2.195716927540335206e+00
2.076944088581782921e+00
2.111691589617307407e+00
2.068566397541496737e+00
2.074302326837312638e+00
2.139392915481732604e+00
1.971280154339865032e+00
2.079692785006657552e+00
1.919984589160875110e+00
1.816410926218930300e+00
2.029599384902538883e+00
1.920844153457315073e+00
1.888099395293285410e+00
1.833625002505820722e+00
1.946664046247416513e+00
1.741711368080925082e+00
1.892755115686172607e+00
1.792800149286200240e+00
1.920061473060697077e+00
2.050561437307705237e+00
2.023300135845227388e+00
1.894734444016540342e+00
2.007243043221908163e+00
2.061795430294344200e+00
2.069692165165886166e+00
2.199020085081614173e+00
2.328164321898364975e+00
2.198691211236421861e+00
2.526762929419601011e+00
2.256323337843906263e+00
2.240683702747511052e+00
2.049492561095895393e+00
2.000182572761585398e+00
1.977729377324598747e+00
1.998699136545704746e+00
2.001603679030174554e+00
1.887870365252817928e+00
2.058624133594306738e+00
2.062518588424779420e+00
2.093745707959981939e+00
1.878286815690267675e+00
1.895188929124803856e+00
2.023273971204504917e+00
2.055368862885945891e+00
2.195479133862671794e+00
2.030263110508392810e+00
2.204358711804172977e+00
2.181415497231347977e+00
2.087936493643634872e+00
2.126880293767376973e+00
2.182693048090308618e+00
2.386603759181936901e+00
2.385272681215595103e+00
2.395312026463412458e+00
2.308230139924215329e+00
2.478401349871983239e+00
2.337964827532512668e+00
2.382227674864541456e+00
2.507479981168459382e+00
2.396633804079758789e+00
2.499076107729361507e+00
2.324636767109799607e+00
2.426957422997580771e+00
2.448870304371398632e+00
2.349303217436101043e+00
2.293448793455673318e+00
2.168119992606488022e+00
2.201134349847769567e+00
2.206269872652234731e+00
2.228639874501100238e+00
2.029845666690574646e+00
2.038709585362580956e+00
2.072810520067305706e+00
2.215231724089782972e+00
2.441730171141770711e+00
2.282481271582992299e+00
2.308748484193966277e+00
2.428272409998661008e+00
2.365191619266900247e+00
2.402291507342912968e+00
2.551116891656453056e+00
2.380532488772821864e+00
2.448972910299278993e+00
2.390255616200401612e+00
2.325295605976336777e+00
2.473673518361519719e+00
2.425104525593245075e+00
2.670224086844670275e+00
2.713752368926252601e+00
2.862003507866978769e+00
2.855490068448808483e+00
2.872083978448578989e+00
2.828740223774401041e+00
2.943774177422552540e+00
2.708241995331726493e+00
2.875265690702582422e+00
3.102168368206499327e+00
2.836250773313151008e+00
2.782737599184206267e+00
2.851962717488456978e+00
2.865951210942268457e+00
2.726744784524440135e+00
2.562801184492944806e+00
2.447670557613567777e+00
2.444456686333558171e+00
2.592984840353147025e+00
2.620966811295271981e+00
2.741004178726603069e+00
2.782474094580940527e+00
2.852260913435023415e+00
2.890454485844426991e+00
2.866293013357442909e+00
2.777488963743479644e+00
2.859267992847496664e+00
2.832963865919133628e+00
2.803111779710087959e+00
2.735909257427695973e+00
2.685561538714867691e+00
2.700391042445702272e+00
2.726686668501384414e+00
2.748174197027593024e+00
2.775325372344769725e+00
2.529930815707209568e+00
2.610617620613112422e+00
2.630909490463495537e+00
2.614556495804881031e+00
2.532816576165363376e+00
2.645180432714132390e+00
2.606837337649793973e+00
2.774949782778371343e+00
2.896629625449436585e+00
3.110494418354137203e+00
3.279256887843076562e+00
3.019941251485292799e+00
2.745626656757343742e+00
2.850352863108852830e+00
2.855785976483216970e+00
2.588377477067144827e+00
2.697408151732503256e+00
2.904709621590552349e+00
3.067229877251514747e+00
3.122308476504382035e+00
2.982005920314966474e+00
2.954580098617784589e+00
3.163261609641490502e+00
3.263628875749859493e+00
3.357876291590935480e+00
3.241449744625368279e+00
3.274310801974783747e+00
3.513274041037121709e+00
3.233707903213209445e+00
2.874033356904336145e+00
3.083838178057256130e+00
3.066107445197267189e+00
3.197932496226893129e+00
2.874478008718297062e+00
3.104739478145770004e+00
3.247814706642778937e+00
3.134487226740095167e+00
3.322664712029552270e+00
3.364109146394580918e+00
3.222073535344650352e+00
3.263731835557291294e+00
3.128227027285727768e+00
2.992134669771121303e+00
2.971980099539877962e+00
2.834366962781568855e+00
2.911584331979581108e+00
2.925481616043001942e+00
2.939772507354797781e+00
2.903657089876876540e+00
2.919284760213074481e+00
3.068676127669558884e+00
2.864958552632774769e+00
2.816762949112086911e+00
3.230438266580895945e+00
3.321080340179779267e+00
2.953475822574589849e+00
2.720964150504164625e+00
2.856972180479943724e+00
2.954866973644748374e+00
2.871360496387669770e+00
2.850496899007485485e+00
2.851499998926435797e+00
2.906351456112633347e+00
3.063444283387155576e+00
3.158092350471449095e+00
2.936318700134455284e+00
3.052424368502610008e+00
2.986234005044585693e+00
2.774845171816541001e+00
2.915122405032608111e+00
3.216895142412849573e+00
3.210320178167751504e+00
3.087050906629944080e+00
3.047526580501268789e+00
3.152678018718721109e+00
2.975243517503124657e+00
3.033151651284405226e+00
3.007660319384441117e+00
2.896481723589816593e+00
2.690286485369292269e+00
2.602234559286228599e+00
2.546826392718321674e+00
2.613618200249649082e+00
2.801685483802092591e+00
2.768948204614363195e+00
2.845927303413587683e+00
2.925555364668826375e+00
2.784451187513524495e+00
2.927620690233587730e+00
2.904891310908691349e+00
2.813600339841566100e+00
2.741858904475983572e+00
2.984423323139426376e+00
2.905614455846005306e+00
2.885273735308109710e+00
3.001770932938826242e+00
3.003401054098101763e+00
3.110688067751721686e+00
3.044052712534866867e+00
3.107864661586638988e+00
2.999830762528892691e+00
3.105777862624763408e+00
3.009457690786259132e+00
3.061457305974768950e+00
3.111875097419382730e+00
3.112059535014011669e+00
3.077750464052904977e+00
3.330149497124883951e+00
3.309355701215278334e+00
3.417769537970918314e+00
3.418160901691747355e+00
3.510286588824721665e+00
3.400563027133272964e+00
3.325698175079856433e+00
3.334953252244530653e+00
3.337900647026120993e+00
3.124725910577963894e+00
3.088176116223232626e+00
3.045771648049051983e+00
2.855081513705938878e+00
2.788393583722764468e+00
2.709972992400584424e+00
2.710784384129595992e+00
2.714596199997053372e+00
2.704588460456410104e+00
2.716374150897602036e+00
2.712575773036349780e+00
2.849429224739167044e+00
2.937508976442215758e+00
2.958893503412583836e+00
2.924838136433585145e+00
3.021308186918377547e+00
3.172184351804241409e+00
3.099025863725571206e+00
3.189779978879933253e+00
3.177889071900535267e+00
2.962187466155302040e+00
3.144508937195555021e+00
3.182561924035768985e+00
3.191642998138591647e+00
3.014707693737154415e+00
3.152018438478686679e+00
3.032395942336623573e+00
2.972312912396031237e+00
2.884751231863622589e+00
2.850532635898447964e+00
2.719570244992506769e+00
2.714681608039283045e+00
2.751934632699158279e+00
2.790725933603496411e+00
2.797003822082358315e+00
2.820634764941882366e+00
2.971971355597126774e+00
2.953519200720391868e+00
3.030744603396657855e+00
3.047729953190189800e+00
3.034979016086942316e+00
3.114697192361556954e+00
3.309392320542987154e+00
3.315035247428908427e+00
3.245831765718762973e+00
3.134784300775579791e+00
3.338972205344640010e+00
3.172511311175535642e+00
3.314674385569860160e+00
3.079525751378014320e+00
3.022458308830542784e+00
3.012749620161006003e+00
3.107917336784765450e+00
3.099899254738602838e+00
3.124029032610489143e+00
2.975191877373962956e+00
3.181013858957483009e+00
3.050418374354405326e+00
2.886647598246761426e+00
2.867913502483656174e+00
2.970849744739013865e+00
2.717750199047874293e+00
2.621132130661246062e+00
3.023780785772427482e+00
2.691682258698250063e+00
2.922391543995174423e+00
2.979665654259275431e+00
2.917430681564449291e+00
2.849955876144101730e+00
3.001354763726407526e+00
3.032612858690607371e+00
3.022226263636108357e+00
3.156217985718293484e+00
3.344718246096663794e+00
3.041504731812069373e+00
3.127255500487073903e+00
3.010660205865734795e+00
3.017387130439897813e+00
2.946023820442391195e+00
2.984892026021765066e+00
2.864423085060058050e+00
3.230952871096933521e+00
3.185284832755674866e+00
3.432887591340432198e+00
3.450373304384366513e+00
3.367779609725141121e+00
3.301849020597661610e+00
3.255241368458354767e+00
3.471680129053012820e+00
3.403110619006437076e+00
3.479749039921878673e+00
3.592869520046272580e+00
3.668025079993358695e+00
3.742647564657576087e+00
3.596084351900016962e+00
3.574789562576851321e+00
3.687159366815516925e+00
3.631468576037316875e+00
3.926977603333834832e+00
3.697526505179498990e+00
3.492355303719249182e+00
3.493289130667040165e+00
3.964625774057761287e+00
3.595978015333008315e+00
3.552018460330006455e+00
3.533833607770668017e+00
3.432747496852176283e+00
3.535784776207381075e+00
3.604374948512668375e+00
3.506584056963228502e+00
3.236455732533391139e+00
3.317058202032328929e+00
3.186170012864422585e+00
3.357510635761331574e+00
3.377050204711888881e+00
3.357094558627427450e+00
3.290552263813367517e+00
3.332941755808748852e+00
3.358126768210208724e+00
3.329075690941337040e+00
3.352525178358584768e+00
3.322113448287806747e+00
3.275091999600403092e+00
3.276070717155799450e+00
3.351591839689007202e+00
3.289997951499867401e+00
3.227554237434253626e+00
3.316442662157855992e+00
3.607405960966083569e+00
3.433451244026136884e+00
3.611987781279704102e+00
3.458720553932733921e+00
3.399763573171055153e+00
3.348890953039832752e+00
3.249988405422924664e+00
3.061999534409229895e+00
2.771920376705506950e+00
2.578587989328330554e+00
2.676499289183875696e+00
2.589275322281682001e+00
2.798508076910230180e+00
2.695821510088357353e+00
2.733151557204503312e+00
2.532569939757005617e+00
2.617849414867258417e+00
2.490860331279718842e+00
2.567627352175242628e+00
2.526537406107176142e+00
2.564424638211539875e+00
2.623246265275921640e+00
2.702784763679953794e+00
2.439991998292186270e+00
2.478369126032441194e+00
2.418071605674497970e+00
2.627898783360828716e+00
2.383277850796960529e+00
2.237788135721833438e+00
2.315523104309072711e+00
2.067583758631949653e+00
2.144345867214606294e+00
2.357161954334081155e+00
2.381755413113362252e+00
2.539512789754128530e+00
2.666045575922519895e+00
2.963115688372024437e+00
2.860944588559737767e+00
2.948006301924833927e+00
2.832266719713063097e+00
2.993566180080345251e+00
2.810483027483274387e+00
2.777751695341835081e+00
2.535031948040353367e+00
2.433923831178692154e+00
2.393475171176559169e+00
2.609473643626512462e+00
2.836125687264038131e+00
2.795051891798940868e+00
2.708142139647431446e+00
2.563680407723513799e+00
2.391417720895001153e+00
2.477171018519937373e+00
2.428244705923994218e+00
2.470055846697588819e+00
2.591287353648226599e+00
2.789060143486210563e+00
2.611257690288633970e+00
2.668197971575861249e+00
2.559310469169501445e+00
2.541426066839245657e+00
2.604491997970839634e+00
2.718967728544735785e+00
2.789068955495133562e+00
2.655845747861132367e+00
2.740991355942719476e+00
2.512274910776754133e+00
2.649941271499400397e+00
2.800079248734484771e+00
2.712521628061290269e+00
2.723905636177320844e+00
2.787948655077050031e+00
2.771185691081172298e+00
2.667869681983848995e+00
2.667288680734347217e+00
2.690806274003680887e+00
2.593650807235466704e+00
2.628308608539537961e+00
2.811578453746219619e+00
2.892058252053554046e+00
2.959848502577572482e+00
2.805384304111154137e+00
3.080931644456776031e+00
2.886133302949037027e+00
2.894808884231500290e+00
2.695552669616388286e+00
2.802237805506575086e+00
2.874352672512582529e+00
3.002610574302457369e+00
2.985462138111925956e+00
2.723639747176545001e+00
2.519919243163923461e+00
2.648683584167227156e+00
2.680000612286451034e+00
2.639129807803121341e+00
2.542770337231046618e+00
2.376494313651082546e+00
2.683959827730244552e+00
2.462534185963035860e+00
2.550844503927938600e+00
2.380655850313218025e+00
2.562023783968738311e+00
2.771218400191577835e+00
2.813769216211034596e+00
2.834509028915107809e+00
2.777078013218197139e+00
2.626288578163406662e+00
2.464847760448316993e+00
2.413349699982445085e+00
2.502424600327885607e+00
2.665044779529209595e+00
2.609004814912359915e+00
2.615263675164874346e+00
2.605881160911191152e+00
2.522127439113067915e+00
2.542032838419288066e+00
2.463490881180241399e+00
2.284850897385952706e+00
2.385775890260627197e+00
2.581853000083433880e+00
2.531031318140464226e+00
2.461106236235834466e+00
2.718983455995541032e+00
2.838128003627839124e+00
2.866801260664562090e+00
2.768237790211931504e+00
2.530201052334644540e+00
2.611015806440924347e+00
2.543405678809924186e+00
2.593371506901645418e+00
2.542373915802750517e+00
2.702400842837546779e+00
2.526925875852227943e+00
2.577248542606624948e+00
2.729028329339591163e+00
2.834423960097256945e+00
2.968514704729245945e+00
2.815213141574679057e+00
2.736932953455601503e+00
2.894773202203148710e+00
3.180267731594478953e+00
3.406816547074332124e+00
3.289939491364773261e+00
3.354360387914038899e+00
3.232709232733202320e+00
3.111700642291240992e+00
3.135081454173305193e+00
3.236183786946569718e+00
3.247023155761136870e+00
2.992227906648086133e+00
2.953629348661901854e+00
3.080793359683915877e+00
2.967057875696991420e+00
3.122606800995481713e+00
3.124557992542697171e+00
3.001412260449990210e+00
3.053826627660674475e+00
2.840863791135122440e+00
2.627375015534343827e+00
2.816196619922528566e+00
2.939923958199776255e+00
2.714337603000492205e+00
2.395889066325129768e+00
2.331057915642306355e+00
2.575533156254405043e+00
2.663138155293073517e+00
2.717978550672849991e+00
2.775496905298551642e+00
2.665456429311908959e+00
2.879351029448983912e+00
2.477524308863916058e+00
2.451795270139617511e+00
2.450177334132161100e+00
2.546374421190896076e+00
2.690092433355321777e+00
2.674517306322206966e+00
2.721798164876040538e+00
2.787291606728524052e+00
3.062583558164434283e+00
2.987045375962179339e+00
2.849030423531843326e+00
2.788185775112374198e+00
2.570377859848014257e+00
2.707479403974837329e+00
2.616161798441539066e+00
2.633655387184579144e+00
2.318890514542656156e+00
2.149953052671857101e+00
2.091816251351003242e+00
2.332539376809604992e+00
2.581620036847855015e+00
2.368183167747333506e+00
2.164218130638500881e+00
2.223578088321732871e+00
2.298389929008127108e+00
2.191937303834464501e+00
2.109538667843321669e+00
1.977737672450631479e+00
2.173617420576365866e+00
2.234853265562144475e+00
2.191681263691395820e+00
2.130081394631591962e+00
2.191900172875974828e+00
2.288597926408382222e+00
2.212335116042656313e+00
2.194729897713362465e+00
2.050980814198367419e+00
2.152386926701729042e+00
2.166646431430281350e+00
2.186160249904024244e+00
2.018946174611512046e+00
1.975217407402539482e+00
1.916575241205431102e+00
2.037925665153541122e+00
2.083378139851283173e+00
2.015421511510463226e+00
2.095439006304178342e+00
2.154257838407346082e+00
2.149293422495954342e+00
2.268176727394843439e+00
2.402300606185884480e+00
2.339106243703281685e+00
2.192936235586465887e+00
2.144382101493006676e+00
2.082666288907972785e+00
2.221770303729461382e+00
2.048588553393218881e+00
2.130215920962295506e+00
1.995723235233811677e+00
2.075071644610208210e+00
2.061476262490884004e+00
2.126342754141146152e+00
2.081832019180725357e+00
2.200275278822955816e+00
2.093232132350644203e+00
2.123238449106140013e+00
2.391613755880557246e+00
2.376011479124171544e+00
2.101307218551994094e+00
2.146402314785252230e+00
2.133892311059391922e+00
2.204280948214573765e+00
2.284938587160749268e+00
2.403947688483226042e+00
2.486024975234481182e+00
2.425575337414645816e+00
2.363098886403142362e+00
2.380325276692614178e+00
2.102506169347171383e+00
2.025501451547208731e+00
2.206520254866776387e+00
2.212417196433317024e+00
1.950607782005720381e+00
1.922087567742605030e+00
1.995597602736371101e+00
2.098161333870930623e+00
1.937510141361196370e+00
1.968124476005503221e+00
2.080915155733422228e+00
1.925650635863807691e+00
2.157020477377852075e+00
1.923361317204832721e+00
1.785148817044493352e+00
1.700740536161707617e+00
1.717671788627920026e+00
1.722946337864906585e+00
1.875477160039547231e+00
1.787616434375132179e+00
1.800321399581081394e+00
1.727028265477206892e+00
1.878862266112837798e+00
1.854075669484000155e+00
1.890607281345306534e+00
1.867703770910016825e+00
1.900032450848728738e+00
1.897465591462010437e+00
2.052990794507500105e+00
2.037726254135277859e+00
1.946782252664921220e+00
2.195601228701458130e+00
2.051953048935776014e+00
2.073541894603411873e+00
2.069889999492238175e+00
2.243301121042619251e+00
2.250845943876807809e+00
2.253349841056057290e+00
2.057039700468706211e+00
1.996459816549919664e+00
2.137019726754852300e+00
2.230162852800956941e+00
2.152433427109820219e+00
2.197468730106115764e+00
2.247705056880719976e+00
2.194134028082444843e+00
1.974966396815116543e+00
2.253480949020607138e+00
2.199971343556266223e+00
2.115312580280572785e+00
2.181078761310895953e+00
2.090731205119171321e+00
2.216231823906193554e+00
2.282058748550007454e+00
2.143088008448600146e+00
2.085043950665954160e+00
2.035297321362609324e+00
2.114711682457061315e+00
1.991698450354602690e+00
2.002125719782066327e+00
2.089692830768307363e+00
2.048882370333133807e+00
2.010672511214769198e+00
1.908118297560047028e+00
1.936436246079662249e+00
1.972009019024062004e+00
1.898036664845282662e+00
1.900097132993109117e+00
1.803364481647419693e+00
1.852234292380520175e+00
1.892859336050423780e+00
2.070495499656497707e+00
2.292628352358747179e+00
2.361874732263995469e+00
2.314321934552466598e+00
2.498376046954066787e+00
2.426921446479964661e+00
2.431113119459556327e+00
2.538025461685789796e+00
2.417556892926434831e+00
2.445638429509402467e+00
2.403236735575296379e+00
2.572007872328592626e+00
2.536764697210933672e+00
2.707923202019978604e+00
2.590151416333444256e+00
2.815027362192445537e+00
2.679577501691520869e+00
2.680890727300036858e+00
2.873488213274839609e+00
2.598858364104534857e+00
2.482535425686586805e+00
2.455166331584384132e+00
2.256875666115341961e+00
2.230476350212194703e+00
2.128177199268206810e+00
2.084923761630709915e+00
2.256813803354596804e+00
2.375279486480430968e+00
2.448322292067468098e+00
2.545820759823493429e+00
2.297160832682049847e+00
2.176292156304913128e+00
2.131532287502955647e+00
2.264029910973462290e+00
2.263446825184072697e+00
2.298538550756857646e+00
2.292570448453940646e+00
2.254716865631517297e+00
2.399856743208460763e+00
2.328436341631313411e+00
2.175925424130956021e+00
2.064790665200995967e+00
1.880533210383826592e+00
2.055852596763035667e+00
2.076300755838593748e+00
1.966122389463472730e+00
1.942602429012506127e+00
1.947626900176585130e+00
1.872473101334383161e+00
1.814033994513079229e+00
1.859014298232197548e+00
1.745095033931276740e+00
1.770553139554844835e+00
1.795604658905855411e+00
1.739201133074724348e+00
1.794143699598699238e+00
2.016710214556708625e+00
1.988097243538684777e+00
1.946677432737080382e+00
1.953777775276865247e+00
1.766945303258790956e+00
1.896773598972784747e+00
2.003144194337142192e+00
1.973761583967352573e+00
2.016328910205716696e+00
2.067705398539262163e+00
1.737983781874161027e+00
1.832669569967068535e+00
1.899083510626258242e+00
1.775157364188329145e+00
1.707903052027716084e+00
1.711826264077485060e+00
1.692762841820766084e+00
1.652752349543552990e+00
1.774280854967215548e+00
1.719914199063720561e+00
1.802893624693580499e+00
1.585073150339466386e+00
1.610686649861042152e+00
1.609662301296807874e+00
1.640045468043252574e+00
1.707773478463449957e+00
1.788593059109850447e+00
1.808402240619000567e+00
1.863329909479400692e+00
1.813251387899920797e+00
1.826400170548127422e+00
2.019718265949333791e+00
1.973992548514349465e+00
2.005621252544450783e+00
2.086127708278097792e+00
2.056160450340504653e+00
1.959782213152212682e+00
1.983018301862325750e+00
2.065808157025098790e+00
2.139372187285706772e+00
2.054697802547484020e+00
2.090627679695818752e+00
2.053502413506599567e+00
2.231830917107183065e+00
2.164355404902662539e+00
2.133736327271768651e+00
2.139016360327310906e+00
1.998636076340681411e+00
2.058514438576768857e+00
2.070450751321083693e+00
2.118066392551543942e+00
2.222414124211443021e+00
2.254813839720219537e+00
2.215896593020401983e+00
1.961173086884642203e+00
2.112419774590817312e+00
2.169183329717998099e+00
1.953506188978857416e+00
2.141015737083582504e+00
2.095152015634383691e+00
1.994086600922413188e+00
1.984464550742267352e+00
2.070170758476908457e+00
2.059038370367986204e+00
2.180141738864803003e+00
2.232103866781089963e+00
2.125233431066356982e+00
2.217317604774454942e+00
2.165884869021023729e+00
2.151484489273305822e+00
1.932226358935925870e+00
1.992917889380187102e+00
2.128458971435749802e+00
1.972537513960891387e+00
1.842553533904543794e+00
1.913059954054064926e+00
2.124734189572921927e+00
2.323795026147820852e+00
2.326444362028293078e+00
2.250035600761158161e+00
2.441149783157511077e+00
2.429000681101530557e+00
2.405836731319831667e+00
2.326960651505210365e+00
2.136705730907464407e+00
2.124341841125863883e+00
2.178525252995163530e+00
2.133893870513047020e+00
2.010592617043116537e+00
2.143216706948595451e+00
2.171116509681326967e+00
2.121922729075420566e+00
2.094152810063577785e+00
2.160057552181394502e+00
2.098494118736217384e+00
2.114181468436351352e+00
2.029809411699964983e+00
2.156779471661107728e+00
2.030166062958787432e+00
2.204968685553886587e+00
2.418622971521436238e+00
2.254607370899739394e+00
2.270667834514684902e+00
2.425010095702418322e+00
2.533786690267534780e+00
2.585890418308616212e+00
2.904809753424082430e+00
3.085978235855598051e+00
3.008991746431885606e+00
2.875961718099864672e+00
2.933359799663037393e+00
2.840086615818243843e+00
3.122200908585714085e+00
2.936925418117268816e+00
2.865917199490930045e+00
2.653401971990233310e+00
2.728943143124316517e+00
2.600359488770368266e+00
2.669992830091088898e+00
2.825804817409716119e+00
2.774269181806110485e+00
2.794271790391573695e+00
2.760663041389305405e+00
2.566954110507255749e+00
2.802330490974439314e+00
2.819287630825632274e+00
2.915354611880785818e+00
2.796415077002093685e+00
2.909017664196436037e+00
2.685618281588589618e+00
2.651983634716549076e+00
2.991307080225497295e+00
3.000445200510357679e+00
2.776567801658277546e+00
2.595343809570279880e+00
2.434965797003941557e+00
2.342708689437653646e+00
2.356383014298840006e+00
2.387805825608491972e+00
2.321775961710661473e+00
2.435460601691503246e+00
2.423974607052838071e+00
2.586935935293745992e+00
2.550213803014547587e+00
2.562756575998017539e+00
2.271704293595880664e+00
2.230062500861384578e+00
2.191485393842178109e+00
2.397346075735947490e+00
2.285260157750165888e+00
2.425767105703963811e+00
2.412411911137484211e+00
2.248574761362172048e+00
2.338375390504673579e+00
2.316805208351218948e+00
2.385733239099371072e+00
2.274992565180667281e+00
2.310003221154431241e+00
2.360677753517332000e+00
2.365605071293656270e+00
2.276428678203679112e+00
2.208090772117711875e+00
2.342640098178462083e+00
2.270599669245322083e+00
2.224856235385168191e+00
2.187735249449736852e+00
2.157807585069715373e+00
2.161931965831076941e+00
2.314102685869293463e+00
2.422785679243745438e+00
2.453998760666332934e+00
2.356401011247151622e+00
2.257481579809775596e+00
2.241967910568118505e+00
2.408427587269608150e+00
2.371441399954358431e+00
2.265413152547972597e+00
2.330039940627196771e+00
2.409484955143190721e+00
2.502705303025274830e+00
2.900429696412222480e+00
2.917989926826234370e+00
2.928880038845343758e+00
3.055672337891547130e+00
3.133772957748687915e+00
3.127942755334952363e+00
2.921149987128255798e+00
2.692886699666219297e+00
2.763743702539790181e+00
2.824146418079665821e+00
2.956614196893988744e+00
2.993262229424346721e+00
3.076007641425625661e+00
2.971013699607421898e+00
3.245930369893511358e+00
3.202154185511793649e+00
3.036406876984464098e+00
2.650060852260285316e+00
2.670937306563070823e+00
2.862733536591542727e+00
2.925543328290766354e+00
2.921674535192222866e+00
3.104281702517473374e+00
2.982764640564705694e+00
3.171814446760240713e+00
2.811377969535592491e+00
2.863145029603174407e+00
2.913901788248063340e+00
2.624254106320272228e+00
2.655810110650473010e+00
2.445437458826062560e+00
2.774272342340823538e+00
2.623292245616377638e+00
2.627086819556680108e+00
2.843519298286209196e+00
2.967167790755873114e+00
2.963580186149533446e+00
3.034212211261267278e+00
3.315968417965222681e+00
3.357631344202469670e+00
3.224711780675424411e+00
3.097657353188056906e+00
3.044256508609430423e+00
3.155193935776916536e+00
2.950855259726686164e+00
2.942345322044904954e+00
2.719222028427480176e+00
2.957290912544914718e+00
2.893392436544965474e+00
3.056737877342688758e+00
2.750364863677649652e+00
2.696428324708679991e+00
2.958702793003850307e+00
2.626814893463810474e+00
2.813248137544741123e+00
2.850688792085358969e+00
2.999187185594290650e+00
3.140340797407058737e+00
3.167328133554016212e+00
3.138825934744240875e+00
3.007478207184134167e+00
2.938035943224585722e+00
3.246674851381571969e+00
2.989665568597409617e+00
3.030720110039388793e+00
3.127375419490894704e+00
3.207147435206663566e+00
3.243233753203348613e+00
3.100635246095460484e+00
3.037564411197879899e+00
3.060715131930432875e+00
2.919812554500696322e+00
2.656646896077422326e+00
2.837975133616739143e+00
2.925900336659158718e+00
2.868730906644468615e+00
2.553933458832228443e+00
2.610718558726752736e+00
2.599500624728634968e+00
2.578164850986085721e+00
2.642785208688933185e+00
2.466135377109673676e+00
2.600727027334708286e+00
2.701503575763287479e+00
2.529749775121252764e+00
2.852344152182473724e+00
2.928201516264222537e+00
3.225890821041194290e+00
3.317455055471836278e+00
3.193928145347268543e+00
3.058976216853800612e+00
3.116400236748297914e+00
2.997834023962700378e+00
2.846283496011007497e+00
2.792897361159372149e+00
2.603833291954110507e+00
2.739053301311782374e+00
2.761794279015523657e+00
2.821302710937128033e+00
2.768127356574727749e+00
2.529369558532291506e+00
2.555715818364115766e+00
2.559126815986925596e+00
2.512187334241728021e+00
2.534334617880392493e+00
2.444266720263076120e+00
2.651394145229802657e+00
2.620021015745669590e+00
2.702122494397163344e+00
2.678156404541350621e+00
2.570977273682096609e+00
2.515671235634841185e+00
2.458772204298704800e+00
2.375173990542608582e+00
2.393416059647824667e+00
2.253474847436847561e+00
2.402377737563393456e+00
2.415539752776704407e+00
2.448604599028871398e+00
2.502318544475541806e+00
2.672087064056224204e+00
2.817947806384096143e+00
2.310274296070260469e+00
2.509650078678484331e+00
2.390745213406137992e+00
2.189896233328285646e+00
2.331742048189934913e+00
2.141438167576491747e+00
2.097076522804161680e+00
2.133526522588458985e+00
1.875119472109109120e+00
1.925380692702139962e+00
2.066885693873859342e+00
2.120355006990198188e+00
2.119952616922375022e+00
2.183712118417443726e+00
2.247776529786955635e+00
2.340114413975901364e+00
2.454098598877622717e+00
2.974644375196243917e+00
2.997631725149106696e+00
3.078245144391616783e+00
2.925077633041598624e+00
2.918421202304442019e+00
2.965846301923003470e+00
2.821197405135109193e+00
3.241660830789109937e+00
3.255069238712284374e+00
3.037126264382224328e+00
2.915925524699998661e+00
2.942349448942847001e+00
3.095231639597754825e+00
2.781015326452639158e+00
2.822735587398120582e+00
2.802427773011803680e+00
2.671012249446483633e+00
2.731554634783156743e+00
2.566428385321861683e+00
2.574494622400886445e+00
2.359865532738852689e+00
2.071080977513247490e+00
1.990716535582568891e+00
2.078512662193907623e+00
2.170765614017722278e+00
2.200944341626823952e+00
2.120268325704218970e+00
2.407885190568679334e+00
2.141450536587417020e+00
2.068279662505963845e+00
1.977719688809352672e+00
2.124095611704670095e+00
2.254493790814242615e+00
2.398214829440218576e+00
2.505000681662425954e+00
2.445326489872555964e+00
2.261575254407204305e+00
2.110328580359722928e+00
1.997564186405845543e+00
2.014597403020866206e+00
2.096772544169645425e+00
1.948922677170679796e+00
1.951258428022875302e+00
1.959266683074412096e+00
2.146000596981674668e+00
2.132542523657905864e+00
2.141226536516609880e+00
2.118506597338118524e+00
2.255746829110277574e+00
2.262826650755458413e+00
2.218324993240972542e+00
2.247137921598689303e+00
2.323890479906361328e+00
2.567696884057528717e+00
2.660510764109193182e+00
2.529864135472684517e+00
2.473366197833136049e+00
2.478108794892427191e+00
2.543191934783190611e+00
2.640607928546665484e+00
2.549340032604813455e+00
2.510991563752163369e+00
2.611258143554061828e+00
2.587449681135773893e+00
2.527728412812798364e+00
2.561612960643024017e+00
2.642032970794687241e+00
2.903539970414239946e+00
2.669202333043349196e+00
2.580217425307459234e+00
2.723055666766976746e+00
2.455441128840125664e+00
2.243303885636919404e+00
2.286317758313178405e+00
2.076861993009773144e+00
2.299510618359655645e+00
2.278354123248800267e+00
2.244320244933392772e+00
2.283624695546541794e+00
2.108844509587887384e+00
2.156006642998819611e+00
2.289558321555022147e+00
2.207388471459866608e+00
2.270796889338288604e+00
2.229770631975278139e+00
1.909893973397246203e+00
2.025281280898921565e+00
2.173260425965860776e+00
2.386483729299612833e+00
2.165880513480721969e+00
2.329783663448424580e+00
2.432054961152590344e+00
2.543821688266052039e+00
2.528224376892741709e+00
2.650703663225614015e+00
2.498748497232540444e+00
2.562976245383524088e+00
2.383509875048936522e+00
2.512687295239473872e+00
2.335361761510307499e+00
2.248507181792710696e+00
2.284724189063797262e+00
2.469962734885730704e+00
2.592926281492276885e+00
2.542938151996355423e+00
2.476845445790295752e+00
2.411740183404440518e+00
2.284486981537185102e+00
1.986756745447991968e+00
2.092136386757814659e+00
2.105467829942944569e+00
1.975372931453734715e+00
1.941074018595963402e+00
1.962414118637534566e+00
2.012981440624827645e+00
2.006159572982864958e+00
1.993307117608808188e+00
2.080071889147435016e+00
2.063753150923347324e+00
2.042128069566277127e+00
1.662832305451416026e+00
1.691279533227408205e+00
1.724749596312737054e+00
1.758048232603873329e+00
1.770573086144838104e+00
1.842094627814106822e+00
2.180147634218367880e+00
2.031548463100051549e+00
2.329792927963257654e+00
2.255651865089994157e+00
2.437580291278755418e+00
2.479631325783987261e+00
2.445799677704628028e+00
2.357770091699006976e+00
2.430672073569076996e+00
2.340990998552718416e+00
2.291501390860806175e+00
2.470816563843130531e+00
2.306043630329806415e+00
2.381274840553328609e+00
2.305444691821147973e+00
2.453458238121255075e+00
2.371574301997267931e+00
2.339140678248576410e+00
2.483748576896082749e+00
2.395588081902050970e+00
2.525320313220546620e+00
2.726888496957185382e+00
2.652461367844320961e+00
2.825157098819111479e+00
2.699258306054876488e+00
2.631613496909016803e+00
2.650199282599217110e+00
2.592876934552751145e+00
2.451777536339661889e+00
2.452765271576288875e+00
2.431584023115135107e+00
2.486726478439436949e+00
2.505549975839391763e+00
2.363604588103283444e+00
2.256058275120383705e+00
2.342247596569525747e+00
2.257014456625445309e+00
2.302357298790823847e+00
2.233831331700727230e+00
2.058128982085092762e+00
2.251304042239195446e+00
2.409130182715169433e+00
2.258440896893705752e+00
2.212162149865068539e+00
2.325433903163257821e+00
2.356294891912273481e+00
2.379134767613223289e+00
2.315112501300935488e+00
2.197297329717193382e+00
2.285180448516717533e+00
2.378667189051916875e+00
2.273837760800890617e+00
2.180266587095323505e+00
2.164969589288891161e+00
2.300819997872366240e+00
2.207172987912053408e+00
2.085406400934181725e+00
2.042844437969518090e+00
2.145297796395580825e+00
2.084647966951905573e+00
2.255050817386226480e+00
2.276556458879536837e+00
2.287674837167823938e+00
2.248506819003696311e+00
2.250285870341324657e+00
2.082393165907766797e+00
2.098829022735571037e+00
2.239723026775528147e+00
2.235218023850332525e+00
2.306534741860055249e+00
2.218997624196060059e+00
2.147074909456916370e+00
2.189740400340601134e+00
2.148423415954769045e+00
2.091163798613738134e+00
2.060663840519507239e+00
2.084554889401756927e+00
2.051472842744304526e+00
2.057068817580955944e+00
2.061609122721284049e+00
2.037021827998118262e+00
2.003954212151088488e+00
2.021673223983630141e+00
2.226298226135612346e+00
2.094804275380161673e+00
2.139320011933818488e+00
2.169885739315403850e+00
2.182087918214360656e+00
2.222778737461573062e+00
2.257763483505949242e+00
2.261267876584729830e+00
2.252185823164029710e+00
2.186225297991037042e+00
2.185449161080189384e+00
2.155964490933770517e+00
2.141523706500227942e+00
1.923546190713415482e+00
1.901712427969404429e+00
2.056781629517264953e+00
2.054532490028533331e+00
2.001927136246290040e+00
1.992505865671871046e+00
1.928678686423547006e+00
1.907245827004919292e+00
1.848881895226658800e+00
1.799897740817190561e+00
1.701748991305971348e+00
1.855710217915421012e+00
1.806492374931622180e+00
1.959094937274900250e+00
1.886501110375414569e+00
2.006786143794805355e+00
1.932772023081857471e+00
1.798810509320696305e+00
1.979468546080190627e+00
2.024585918820942521e+00
2.008718100412465901e+00
2.092331687979953614e+00
2.100648572625884114e+00
2.183310269959922501e+00
2.132742708378265295e+00
2.206895959561891107e+00
2.167453825824252611e+00
2.188652762193245671e+00
2.151038400652987015e+00
2.162267049034424016e+00
2.093044298000981129e+00
2.202954625511416076e+00
2.083849071392146701e+00
2.108498519657184378e+00
2.088590912696493440e+00
2.091645600612380029e+00
2.094811991140588248e+00
2.102846057248949130e+00
2.295320470830458426e+00
2.246695787299182179e+00
2.120451234136345953e+00
2.034098275604357742e+00
2.072117036933336820e+00
2.223058122157441474e+00
2.314260973055005444e+00
2.308684123321675052e+00
2.296867807089579383e+00
2.377610675990444733e+00
2.272689059963466818e+00
2.302894243660593254e+00
2.266604276966910358e+00
2.160927807598341133e+00
2.274026233260449281e+00
2.463509774393047635e+00
2.435720047792410359e+00
2.365845381823270532e+00
2.375768279773043279e+00
2.496640106564408601e+00
2.411544015245282058e+00
2.094207798625733918e+00
2.130516114227065660e+00
2.287567743717676905e+00
2.333251045171701232e+00
2.339643368590980099e+00
2.368731359710211315e+00
2.228892587540483028e+00
2.213051499337332029e+00
2.155147878285907481e+00
2.156334376626069638e+00
2.110303189224307818e+00
2.295134969985598516e+00
2.675406694046363221e+00
2.519519464519586638e+00
2.490168029103618785e+00
2.390592851398926744e+00
2.431964557380640990e+00
2.317484644428347451e+00
2.458132183806593485e+00
2.291446980239468356e+00
2.150326711681795455e+00
2.281289836760932666e+00
2.286616426958601345e+00
2.244894455098571218e+00
2.316811725628710850e+00
2.208708783709607548e+00
2.173212232470639993e+00
2.287357399232507582e+00
2.185213133968671784e+00
2.115865505908704147e+00
2.137821625689273031e+00
2.033306065492117565e+00
2.018883712134406316e+00
2.277665356137616559e+00
2.418767119812953670e+00
2.515969605478582505e+00
2.464788293430703714e+00
2.648444321561907788e+00
2.757169865146929411e+00
2.967757626642777868e+00
3.388635698619227199e+00
3.474868991511762761e+00
3.448279533932774310e+00
3.447494075034719607e+00
3.282337266734594472e+00
3.123376497258989026e+00
3.038533781496724373e+00
3.055965867497806077e+00
3.002934972596134067e+00
2.938298310976169336e+00
2.829162311245299488e+00
2.909069884246826998e+00
2.793965032701264395e+00
2.929121936061713782e+00
2.864216115503526616e+00
2.830840317524221383e+00
2.680992956034799146e+00
2.739319386122655242e+00
2.842739738780565517e+00
2.603120544937651104e+00
2.698179143112430456e+00
2.688182541052212216e+00
2.534548138606884660e+00
2.572007020201401595e+00
2.576055288795426002e+00
2.650853867417630294e+00
2.689985251012013912e+00
2.695006493450674334e+00
2.543614236036221499e+00
2.517862686734531952e+00
2.519548035111854212e+00
2.432071101861025042e+00
2.296461161472536094e+00
2.330893172364328692e+00
2.492489557076896123e+00
2.730601896667554040e+00
2.614098190001418409e+00
2.670943568984052607e+00
2.668717935117033146e+00
2.409368795474817748e+00
2.246864212175692987e+00
2.142555166925200538e+00
2.053818771140201616e+00
2.054477160507754530e+00
2.095839530926332017e+00
2.111564980689204507e+00
2.159898486885512892e+00
2.120407649297363584e+00
1.934828353210218399e+00
2.086422789472414330e+00
1.890839836485894265e+00
1.943448116617968902e+00
1.908905851939818987e+00
1.804160603180511080e+00
1.668541174582102604e+00
1.841219698576081365e+00
1.914921144774615946e+00
1.812994227018303484e+00
1.859260276302549642e+00
1.926566294030204851e+00
2.092567768144559803e+00
2.024106694354506963e+00
1.957161548738449941e+00
1.974214752191431721e+00
2.135637805759929897e+00
2.277343937034710830e+00
2.272742851255218355e+00
2.218937621955288986e+00
2.145289943724367099e+00
2.047869807384998353e+00
1.981122150076529698e+00
1.829260060100759588e+00
1.679567721669643410e+00
1.796228359562166643e+00
1.786282191254321638e+00
1.655775933843568914e+00
1.778917560912952389e+00
1.904438351066353396e+00
1.968443193692343440e+00
2.204426736581112767e+00
2.122002912370421601e+00
2.293026740866213053e+00
2.454209408373661638e+00
2.297021568313453166e+00
2.232631835647667984e+00
2.173460185974424697e+00
2.325347115215320226e+00
2.508908002593404518e+00
2.429615246078624224e+00
2.638199240512587807e+00
2.447095242407388405e+00
2.364314755376976773e+00
2.250871839392284190e+00
2.303076937578931727e+00
2.187641658456062288e+00
2.306684797926098707e+00
2.548343614743399765e+00
2.446791371566043871e+00
2.661339103805464568e+00
2.406637093302016694e+00
2.242274704488974812e+00
2.331629883604922959e+00
2.182483881893984456e+00
2.296555607186226755e+00
2.099715444545113829e+00
2.275650897126298755e+00
2.380346244354427210e+00
2.199682127208172133e+00
2.209484816703195520e+00
2.193862375866816095e+00
2.197406683702711749e+00
2.196519098015213167e+00
2.074218250156315335e+00
2.016103261481789755e+00
2.001691312348822471e+00
1.969176939688674466e+00
1.865816292540410259e+00
1.917890209901964793e+00
2.049091229870901198e+00
2.323385312843555095e+00
2.218222220286793611e+00
2.246548971846336951e+00
2.344769007562692575e+00
2.272718099260865987e+00
2.349513753953461848e+00
2.255554318704409589e+00
2.235987848480982976e+00
2.018246813114474847e+00
2.061929906550798997e+00
2.212699649058250895e+00
2.222113711152356785e+00
2.322170953019802031e+00
2.284204520143997996e+00
2.245745390901057181e+00
2.173186778926815332e+00
2.120484990504312606e+00
2.005472707906978957e+00
2.233685110526640205e+00
2.172534967784788495e+00
2.198469429659091645e+00
2.049309847387894568e+00
1.940035269119351868e+00
2.022880876347302959e+00
2.310900832905576685e+00
2.326174525744152621e+00
2.210569651079327347e+00
2.261636178470767700e+00
2.301869295967329698e+00
2.215444889991701416e+00
2.105756596276947334e+00
1.979961767509310633e+00
1.973286230257106366e+00
1.835107375268208552e+00
1.945724834698112193e+00
1.859130928293761587e+00
1.873405031916935526e+00
1.894476104749093448e+00
1.886202318615743279e+00
1.975804269546385772e+00
1.947608632035736642e+00
2.024979152557206064e+00
1.992733806575466726e+00
2.110043887873533919e+00
2.112165902111480698e+00
2.143295323503823013e+00
2.134328639423916485e+00
2.097382174731413862e+00
1.973678053353666195e+00
1.999407440790075263e+00
2.071992992354714236e+00
2.113729035167118742e+00
2.090082837551291206e+00
2.160379469424778431e+00
2.166470443186757855e+00
2.176449611234827053e+00
2.265370353627966793e+00
2.276341823670504194e+00
2.343301632846763738e+00
2.219862415865515803e+00
2.109666257300306214e+00
2.129458738120697081e+00
2.301177492677323855e+00
2.046531858474547327e+00
1.829847026235422058e+00
1.995907848951201657e+00
1.981914863074207167e+00
1.889556900541218276e+00
1.885763214975944901e+00
1.968553071755481332e+00
2.089570876937593358e+00
1.980256572101777301e+00
2.126895330409059870e+00
2.121438825628198188e+00
2.001218829030298796e+00
2.009397440642083588e+00
2.164497508492505329e+00
2.218792234117943352e+00
2.138860585432476924e+00
2.128940502245612265e+00
1.993023265711990399e+00
2.042439153544798103e+00
2.165794625322391642e+00
1.893119505140023584e+00
1.963914571986832280e+00
2.016739274574570473e+00
2.102696237634622989e+00
2.065533809636770357e+00
1.872848222771222426e+00
1.916930033856736770e+00
2.087919638189929206e+00
1.827214155901141224e+00
1.776573274409095848e+00
1.751895391884721542e+00
1.890533819720725095e+00
1.702648310550844535e+00
1.883473082059783366e+00
1.890977871414075695e+00
1.706363850331670706e+00
1.737214483026406464e+00
1.774818531326896265e+00
1.689129598750285677e+00
1.738565225129613756e+00
1.688753878059396030e+00
1.533991449245000638e+00
1.688347138934341407e+00
1.787271891740830565e+00
1.730766829583651800e+00
1.764047343614747465e+00
1.792971451387498139e+00
1.668130367081937626e+00
1.703239167218479011e+00
1.691528485145448846e+00
1.638986498117370738e+00
1.641854106902141286e+00
1.775557515998094971e+00
1.785322160165332184e+00
1.769442899059363583e+00
2.019511028480267534e+00
1.938620259920452282e+00
1.966815246946964857e+00
2.022496685510906111e+00
2.222916021000807874e+00
2.180668572867225929e+00
2.136214562118532889e+00
2.170645658781233500e+00
2.228595518475160020e+00
2.119860056347191879e+00
2.144208339882938130e+00
1.916539644883599847e+00
2.212880486293606008e+00
2.163887282927274391e+00
1.931866583175451124e+00
1.929998044828360682e+00
2.121174562791926288e+00
2.205660037038063681e+00
2.141712650282872055e+00
1.999510944120100220e+00
2.100074074002904911e+00
2.208110945645926915e+00
2.139264812114633152e+00
2.059586893051520207e+00
2.086274713628429645e+00
2.052330950483652217e+00
2.103032105351836378e+00
2.148678583741885362e+00
2.122945326553030032e+00
2.167817070133120971e+00
1.875326902587411526e+00
1.877187731970630047e+00
2.035706560585032410e+00
2.168607147459216566e+00
2.186813082960699983e+00
2.000196068420709405e+00
2.035117188758644335e+00
2.043276162778191463e+00
2.051590475666253077e+00
2.003532640548109534e+00
1.968389927034525977e+00
1.802519488788097091e+00
1.780079366868061674e+00
1.681901544004299698e+00
1.748336410706657240e+00
1.785287768209339765e+00
1.613742852549802764e+00
1.586792598353451433e+00
1.680370213931102530e+00
1.715322548522284052e+00
1.739610726287027287e+00
1.593783756118274164e+00
1.597321999659243819e+00
1.665385700105070699e+00
1.621189032420938148e+00
1.667060587326147258e+00
1.753633735905423263e+00
1.741060472706927431e+00
1.778933633165071360e+00
1.772785178098530201e+00
1.739338269494921319e+00
1.793287397156468232e+00
1.817954262358530082e+00
1.803851099932531454e+00
1.746805469624062690e+00
1.857829828233143798e+00
1.894455912911533479e+00
1.897274001572055280e+00
1.894792236496258608e+00
1.928512198467748684e+00
1.886068021713400711e+00
1.874384846049736764e+00
1.981976804832760619e+00
1.992050183232560334e+00
1.921706163290912039e+00
1.889108495550394951e+00
1.743805874444427362e+00
1.619356222346644669e+00
1.773872419436946402e+00
1.870581579676595663e+00
1.848841782056848793e+00
1.892393801145641152e+00
1.893736522749220885e+00
1.995810578671087132e+00
2.202983123159450329e+00
2.160320211830169423e+00
2.120108905580822434e+00
1.992661438038824118e+00
2.029234161926161573e+00
1.909933053492277377e+00
2.042991201865878459e+00
2.012623318124399763e+00
2.030033216213951164e+00
2.073403051431026434e+00
2.014215344612765524e+00
2.116565100956812273e+00
2.280374024650193121e+00
2.351097326530708020e+00
2.142556493367530290e+00
2.161786216380088721e+00
2.052703331714780255e+00
2.069043385583074990e+00
1.889798500901689771e+00
1.855258719261962508e+00
1.969854187847874361e+00
1.861173246233582157e+00
1.858862273771755058e+00
1.933116999947673609e+00
1.857015668514587325e+00
1.953531540374164654e+00
1.989690406842136605e+00
2.154416930401637398e+00
2.123861877611011639e+00
2.285638838195969136e+00
2.318597624882713593e+00
2.348924039068539749e+00
2.288246636157805547e+00
2.261682159640815648e+00
2.465376499310210079e+00
2.400864395961293418e+00
2.292690922396388498e+00
2.274249286727050734e+00
2.269024561951990204e+00
2.277222856654383953e+00
2.374190526238440402e+00
2.313721909737059601e+00
2.295846733224864433e+00
2.165988446243922727e+00
2.232524370596060237e+00
2.222939340033175171e+00
2.137928411250888061e+00
2.324451330013561634e+00
2.563960214593126175e+00
2.366153750032588654e+00
2.319738977838498695e+00
2.385457326862097549e+00
2.348194335436318614e+00
2.429571541993643891e+00
2.721063758830841284e+00
2.610469568756764502e+00
2.783760433156447167e+00
2.686607854238123316e+00
2.802378462993887265e+00
2.562535403972542092e+00
2.603253495844526366e+00
2.856368745012059840e+00
2.806852557610711507e+00
2.708524586735810313e+00
2.658778217332486538e+00
2.531419650463410331e+00
2.834865701706335894e+00
2.776517960566093013e+00
2.624785650867087483e+00
2.588270177771406111e+00
2.492149807326080602e+00
2.450160568569408781e+00
2.450227241662906952e+00
2.475905338600346006e+00
2.477594636120181271e+00
2.065245331070664658e+00
2.015995938617045624e+00
2.040017714445407915e+00
2.214485013565476557e+00
2.386139741134549297e+00
2.624002273130214391e+00
2.534435597275455088e+00
2.421448717293569697e+00
2.217604794313841943e+00
2.425129745006892712e+00
2.177278234863676332e+00
2.046676471902446615e+00
2.181279203783717868e+00
2.297194245350695496e+00
2.306713976243496056e+00
2.370629572826381537e+00
2.143042665360428867e+00
2.075337090403245544e+00
1.920447325756856172e+00
1.902141258309270055e+00
2.048676713226145640e+00
1.993218695441620225e+00
2.091221148969184096e+00
2.338919320479330821e+00
2.383053793236043827e+00
2.476481149761667666e+00
2.510837615079994478e+00
2.533704500928487757e+00
2.487100804704558854e+00
2.483907623013360322e+00
2.542164160082553082e+00
2.582843534156832543e+00
2.460217787810143442e+00
2.777724511105199579e+00
2.785652572545453065e+00
2.961703917329566504e+00
2.676678724307587132e+00
2.568477286050641073e+00
2.476841800021680307e+00
2.318860436020262039e+00
2.431001008510460526e+00
2.369528426913664720e+00
2.327348272674163887e+00
2.475661440416231152e+00
2.205174148451010119e+00
2.183559013093667289e+00
1.932156929075468765e+00
2.113153644916196505e+00
2.068520893109519587e+00
2.041203544084576826e+00
1.813771789735857176e+00
1.866730638887420080e+00
1.941451750166530266e+00
1.882260811073416029e+00
1.981291257554379071e+00
1.959651967669347128e+00
1.956900724468209063e+00
2.252849863085028659e+00
2.142781276564371229e+00
2.176129169993073376e+00
2.248243445825440112e+00
2.267515316362086253e+00
2.311716651308182158e+00
2.322264241895620085e+00
2.271091904915735871e+00
2.405735691468366522e+00
2.218373092015157866e+00
1.997253037374616458e+00
2.008291986381227634e+00
2.166421431358061866e+00
2.144253087398244162e+00
2.155937586832881170e+00
2.158197267118520557e+00
2.242146919168932939e+00
2.030078378321348076e+00
1.916036568669444717e+00
1.769304402527424713e+00
1.914838852197861430e+00
1.826714861094490550e+00
1.962136374020236884e+00
2.080641814313184401e+00
2.123851068884740734e+00
1.939824437733078666e+00
1.938805776414113780e+00
1.883868489942337687e+00
2.083948742219361439e+00
2.239077341505134822e+00
2.358263149969173966e+00
2.571557438238658566e+00
2.524066885316934350e+00
2.580504344135083450e+00
2.574062694319840361e+00
2.571140116054101643e+00
2.657231019344403311e+00
2.778681759008890584e+00
2.941518320321404811e+00
2.749555960947628996e+00
2.782464131549786224e+00
2.558684111081163781e+00
2.551048650680771690e+00
2.511065238333272109e+00
2.482142422603449194e+00
2.573697505663197660e+00
2.730151514232117105e+00
2.629440085764893631e+00
2.587866474558972119e+00
2.414145004481050627e+00
2.232365525090463709e+00
2.231909156684884987e+00
2.209447636396229875e+00
2.125473495928005274e+00
2.368895725813191078e+00
2.526083912428543687e+00
2.406811316738833639e+00
2.424124090135878706e+00
2.282568365340527095e+00
2.385370261098949562e+00
2.330397020570293520e+00
2.222818382553718219e+00
2.360966763795647516e+00
2.198647659887733585e+00
2.236163518332952460e+00
2.445614960069402155e+00
2.343894052197762257e+00
2.280522152874297603e+00
2.519827564456747382e+00
2.374342563356209190e+00
2.693264177005566751e+00
2.505721671105969328e+00
2.450254051953672185e+00
2.402141856187725466e+00
2.307354644595722704e+00
2.254741642758289810e+00
2.048906013635874324e+00
2.035396486776667846e+00
1.996246412579238516e+00
1.857387347434420688e+00
1.761759922362168052e+00
1.847873585566367938e+00
1.751329458846864862e+00
1.662604405562476240e+00
1.732526349258513454e+00
1.848742383404042622e+00
1.786294530788082868e+00
1.848686998838643847e+00
1.807739867618878060e+00
1.831366184097945604e+00
1.790496864739717919e+00
1.828337000202101992e+00
1.797654025677370981e+00
1.912270913792211147e+00
1.747182732158040652e+00
1.857918747308783036e+00
1.986382645043900608e+00
1.755017291399398882e+00
1.781200315867950579e+00
1.756975308177879391e+00
1.917793990363632295e+00
2.023251089391928215e+00
2.166100132565317971e+00
2.341392900688926471e+00
2.508183124071833969e+00
2.530277428205068624e+00
2.468757373154746748e+00
2.424187574781644372e+00
2.444216677975056928e+00
2.556892975257848644e+00
2.337643861879631135e+00
2.040377082428578071e+00
2.085414341039304897e+00
2.190226569029442238e+00
2.330880591592015882e+00
2.148818260086289733e+00
2.247497503603504310e+00
2.443792800683783017e+00
2.538767794598828065e+00
2.418803717531128328e+00
2.532699366147862285e+00
2.522553481311131662e+00
2.619675484609939708e+00
2.462846013460270544e+00
2.392030111273328430e+00
2.335754297321084305e+00
2.158619616009911812e+00
2.247824352271916126e+00
2.036583465651385705e+00
1.951493109082607091e+00
1.965947425250297087e+00
2.019658448434411557e+00
2.007458213672818736e+00
1.682577164400125946e+00
1.719618645202776852e+00
2.116797785699052081e+00
2.167315124561222106e+00
2.283839079049170717e+00
2.375344473517129629e+00
2.314935348596514952e+00
2.285467205930733048e+00
2.466889425179784379e+00
2.223999111813622864e+00
2.143417481779863909e+00
2.020563637048207184e+00
1.827909669080042043e+00
1.759598735008501169e+00
1.880392594701296716e+00
1.834723325170840580e+00
1.933190683405262122e+00
1.954192071977865819e+00
1.968292234172235533e+00
2.062000456855252573e+00
2.060969795738420984e+00
2.061660000467459231e+00
1.993148819552597928e+00
2.123850624004373078e+00
2.178191827044932083e+00
2.126284138412971814e+00
2.085292826513320819e+00
2.013001997353523809e+00
1.972542954333858178e+00
2.067824031584123201e+00
2.119389536375587912e+00
1.943924919032232079e+00
2.100858739192903890e+00
2.076141567968595947e+00
2.321489147267232322e+00
2.374454090360540892e+00
2.359181861748646636e+00
2.380652937195562924e+00
2.234929373221682614e+00
2.163381377700875685e+00
2.324166066036209344e+00
2.552996356323137039e+00
2.510406572666604053e+00
2.223926729318557172e+00
2.211171891638084919e+00
2.186087648999328614e+00
1.961037268887862783e+00
2.012968882553628713e+00
1.900851122765573331e+00
1.801549427092262512e+00
2.033919025036938777e+00
1.991233561051407142e+00
2.172618523591407058e+00
2.142578583819573890e+00
2.209873325339446026e+00
2.195090795759526259e+00
2.105011905865127986e+00
1.812135913778087026e+00
1.767325624528284234e+00
1.717335741341865729e+00
1.662385301732156373e+00
1.744771133866314994e+00
1.749938031509548075e+00
1.890074909097914313e+00
1.931004218592979438e+00
2.077207848949297109e+00
2.127304281525357332e+00
1.917364471146723037e+00
1.787590623178386906e+00
1.827869980009761086e+00
1.850493111193092233e+00
1.762025773675105489e+00
1.612274873514019990e+00
1.686409402765443266e+00
1.708181125679338441e+00
1.815578628080190882e+00
1.819588082322859846e+00
1.854271053832237781e+00
2.018330809226036582e+00
1.815877256059158285e+00
1.862618068503124169e+00
1.940872709861893197e+00
1.963147203196792034e+00
2.015235233033583206e+00
2.022923315478228901e+00
2.158024681785231991e+00
2.102807042035990115e+00
2.352688273699984567e+00
2.417772057635867888e+00
2.509348573254986281e+00
2.458992517849568848e+00
2.445363292253267762e+00
2.245016212380832599e+00
2.329143304310268725e+00
2.019073687025960684e+00
2.090047673354827218e+00
2.175982467495649608e+00
2.204622989913668452e+00
2.198925133173687652e+00
2.183374262727636239e+00
1.953586173400505555e+00
1.889214292377449977e+00
1.896682822055522077e+00
2.112574911136523070e+00
2.093109104140622456e+00
2.119097920164089821e+00
2.289507131179437938e+00
2.178332037160499279e+00
2.089013849346732066e+00
1.924859639662086064e+00
2.015497614698968487e+00
1.916162465528548298e+00
1.890192267185555330e+00
1.876742992079333261e+00
2.033471374904979534e+00
2.222548832879442049e+00
2.507517529639473164e+00
2.476762203371116744e+00
2.263221514317923511e+00
2.207538728497325131e+00
2.097762914185820282e+00
1.968473295607235718e+00
2.263794749209188772e+00
1.964179648228575381e+00
2.071852118181188640e+00
1.971156261324445547e+00
2.052284937887559835e+00
2.269351656479249080e+00
2.124044553760749299e+00
2.067824552359145418e+00
2.126530375317307264e+00
2.194362150071672790e+00
2.336226604006443441e+00
2.173844681697235881e+00
2.199594299516181906e+00
2.198489498708893208e+00
2.366631047533941601e+00
2.158721219529746271e+00
1.946098460266813657e+00
1.908334346140096116e+00
1.909261671953711215e+00
1.882967002164921633e+00
1.897694397443039360e+00
1.865364615992755715e+00
2.137839383075618382e+00
2.239998338682264833e+00
2.108484944435930597e+00
2.167178034601223047e+00
1.947750642421599121e+00
1.872260027594324638e+00
1.776988491727940378e+00
1.734880982620407242e+00
1.885784355736779050e+00
1.781764340189242679e+00
1.932499437805407450e+00
1.908609373108729024e+00
1.973662625565156814e+00
2.239185616099734322e+00
2.056925536613467109e+00
1.980391220379745576e+00
2.030837003603480628e+00
1.901688412309815224e+00
1.975574168375058726e+00
2.103532832647996731e+00
2.052340473100910945e+00
2.190819507002278232e+00
2.180238962016824988e+00
2.128014311247491630e+00
2.371788642697386429e+00
2.262528744062966890e+00
2.427318126896844230e+00
2.234177346693903665e+00
2.191835498978674579e+00
2.229517526135412098e+00
2.329864985260639010e+00
2.289184164393329279e+00
2.279232632193113339e+00
2.379537262930916608e+00
2.385209341104577607e+00
2.375049555652885669e+00
2.123539616186667534e+00
2.318563272572227607e+00
2.175265848019638515e+00
2.164047247364046189e+00
2.261323727259608063e+00
2.204995736774108650e+00
2.181964066207153774e+00
2.075379024031707154e+00
2.180284162911842571e+00
2.085277541815376612e+00
2.008454037866461483e+00
2.065390407519116511e+00
2.030079044831175406e+00
2.075214266332556790e+00
2.148975387820037497e+00
2.161258389725605689e+00
2.305273952255764147e+00
2.245385730506592736e+00
2.308638934733743930e+00
2.154405734891884805e+00
2.168106298556928824e+00
2.114053793495379807e+00
2.124777226753064685e+00
2.089934007092302259e+00
1.801075977706113607e+00
1.775067996858742170e+00
1.951355460494439198e+00
1.869201130541545242e+00
1.870829108464686197e+00
1.829356126280918593e+00
2.018215011149564919e+00
1.940425796898047839e+00
1.915621920044494608e+00
1.982074718638989985e+00
2.048004676003773561e+00
2.047348213484404322e+00
2.015052026230764071e+00
2.088057822358503568e+00
2.017279261697681125e+00
1.908680209324242316e+00
1.941254740489439579e+00
1.959444824425532472e+00
2.026863904320746368e+00
2.136959843299289119e+00
2.181440787991183683e+00
2.152076237493036892e+00
2.102926305192950540e+00
2.176936578439114811e+00
2.120967279907202574e+00
2.063587792039587310e+00
2.208444607845110763e+00
2.277612447329459222e+00
2.164465943099630696e+00
2.320442801134323663e+00
2.039054360532229548e+00
2.051705125011181519e+00
1.968312450886745557e+00
1.960437309080824253e+00
2.160539982132247960e+00
2.168451927349854369e+00
1.865575333271042080e+00
1.984017635077156783e+00
2.232211196812455611e+00
2.257293143849683936e+00
2.319809604471529507e+00
2.499400548860817306e+00
2.367609083235376222e+00
2.435893995858097849e+00
2.518643180572018636e+00
2.357840169119877594e+00
2.311658054711267951e+00
2.337904868432130190e+00
2.345336072220033596e+00
2.379710225754741781e+00
2.235017348637528656e+00
2.217441926482068837e+00
2.212594837409675108e+00
2.140191847000004088e+00
2.278404999172097600e+00
2.371335741852826917e+00
2.368183343398123863e+00
2.410757901926217528e+00
2.512588655825425121e+00
2.560605725601523108e+00
2.496715492520131363e+00
2.639861516851901957e+00
2.713625817398592766e+00
2.553346231617555695e+00
2.398760795199117446e+00
2.262401536115889567e+00
2.351936690941462960e+00
2.249232314186440540e+00
2.298890996734650916e+00
2.386857487652997989e+00
2.399012137959823043e+00
2.417831043310581407e+00
2.378608653414877594e+00
2.390215412932011230e+00
2.413207276007475865e+00
2.427648334638984551e+00
2.271753637916892554e+00
2.272378164586569937e+00
2.445500855374759475e+00
2.390012324979434499e+00
2.364571379324162503e+00
2.247565303978449780e+00
2.183722052418348714e+00
1.962334315030630050e+00
1.884106352223932301e+00
2.055864554058580040e+00
2.282798975510146544e+00
2.375592273155283429e+00
2.352905343324486864e+00
2.240566655940280150e+00
2.161990969688553310e+00
2.152030900537667879e+00
2.140847411924994503e+00
1.883190145469305854e+00
1.975571416084791032e+00
1.980682457792665829e+00
1.978740403781421797e+00
2.068364361664639439e+00
2.027697240136019374e+00
1.883505174895892642e+00
1.918570866677303810e+00
1.906115178746600636e+00
1.754758388179921802e+00
1.739168829470968625e+00
1.866811332303082605e+00
1.784515161433584574e+00
1.744674317132033803e+00
1.692567353373920946e+00
1.738020079972308674e+00
1.626670176558375980e+00
1.610656009700841773e+00
1.554021804903282344e+00
1.667244856554860766e+00
1.611664852275835891e+00
1.779707880107112228e+00
1.650862432322076190e+00
1.786210301177405313e+00
1.741716331022781450e+00
1.892536154381309954e+00
1.981277758305400427e+00
1.940885143761073905e+00
1.897586535388472662e+00
1.805699095342106819e+00
1.854976309065104578e+00
1.880407122071662940e+00
2.009937428469958931e+00
1.989654912847843127e+00
1.758406282885240257e+00
1.850734023994625055e+00
1.777392349086485801e+00
1.831341695522946234e+00
1.939607181941947589e+00
2.069632770140910516e+00
2.006715054716429414e+00
2.092629758733206113e+00
2.039114289760571186e+00
2.078369428420439924e+00
1.963973436051597465e+00
2.034133223356684894e+00
2.059890286479407973e+00
1.911475727705938654e+00
2.050263056946600049e+00
2.046674878308307743e+00
2.109712151997835239e+00
2.024343457580856320e+00
2.136921770562066225e+00
2.234335200720733550e+00
2.014717233751055048e+00
2.349213674730248336e+00
2.284764900554722367e+00
2.029557948582548565e+00
2.118654984710712785e+00
2.081815958566294089e+00
2.128533598523681292e+00
2.258743029171732086e+00
2.145573840103847996e+00
2.040679621820622014e+00
2.057938086745746631e+00
2.191982847146931146e+00
2.003850753728325884e+00
1.945828448734982175e+00
1.885667008410348622e+00
2.024065929408294107e+00
1.928545070459171562e+00
2.095777415717400061e+00
2.040124465960964972e+00
2.222476587767971523e+00
2.124330367319901658e+00
2.192121468465807688e+00
2.253988182326865708e+00
2.172919239669082181e+00
2.108270219916374533e+00
2.135338488599817897e+00
2.091171697971232035e+00
2.250546813166189430e+00
2.204721856537575686e+00
2.245083982288248681e+00
2.394211943028131451e+00
2.326297425997330581e+00
2.303677510388779659e+00
1.851898007218482078e+00
1.820723169606759617e+00
1.851529299118197303e+00
1.971641183400849817e+00
2.109958965237533679e+00
2.231604956601936696e+00
2.103057562319242013e+00
2.063143072634150865e+00
2.246677352857147092e+00
2.027294886005691410e+00
2.081028970047446247e+00
2.156270406859667865e+00
2.297789949277116772e+00
2.178609746898045874e+00
2.186859405771878428e+00
2.246699461502359441e+00
2.134662350448114587e+00
1.995902923267563134e+00
1.930858667992890298e+00
1.937216395454669504e+00
1.965412084507358381e+00
1.994533416094809386e+00
2.017081817836043012e+00
2.134572895118084013e+00
2.111859442975710710e+00
2.163597699234301341e+00
2.254612426656255941e+00
2.017273655866032467e+00
2.187108776542049604e+00
1.959802625707400381e+00
2.120108066121740631e+00
2.086312510373899087e+00
1.798236207238095075e+00
1.765816855523751006e+00
1.783071981050966315e+00
1.819161300293179684e+00
1.832837915647960614e+00
2.175969244806021052e+00
2.301552921811897079e+00
2.140139047629669555e+00
2.279775435983087295e+00
2.522184224821572229e+00
2.457753427099464982e+00
2.538447351548271058e+00
2.389914588532512152e+00
2.406164019848600955e+00
2.444753518160957206e+00
2.326983029786064527e+00
2.395671558505279908e+00
2.272528197566730412e+00
2.318042784070077467e+00
2.309926136062653068e+00
2.411788406678099683e+00
2.384630845430070867e+00
2.249383370608527777e+00
2.388070834427739264e+00
2.439046406227512342e+00
2.470393680093962541e+00
2.459610670846189784e+00
2.349140351012355854e+00
2.431222172785084013e+00
2.255327477113401535e+00
2.261479283201297541e+00
2.146789237562403141e+00
2.357629703430105028e+00
2.440184126194230974e+00
2.446597468523964647e+00
2.424366463794125792e+00
2.230880198817950522e+00
2.397169916278043100e+00
2.418571166957043772e+00
2.442145810793185934e+00
2.539344950182240712e+00
2.455742867598473378e+00
2.449987666854781310e+00
2.434146595202529628e+00
2.383267180336342772e+00
2.469279348621793879e+00
2.412913720933164807e+00
2.427009195153821075e+00
2.521968387413788815e+00
2.775235189528518109e+00
2.734061599229013595e+00
2.788153004907035992e+00
2.650673282649473883e+00
2.409054806411032423e+00
2.228243214168788455e+00
2.276272732455004721e+00
2.394839025007040156e+00
2.374593486187274838e+00
2.274048158385896468e+00
2.019690884619657290e+00
2.065348071764894211e+00
1.881422872344241437e+00
1.870344502763699568e+00
1.957327338664430760e+00
1.912006406738212094e+00
1.758349153873606685e+00
1.607298573742792502e+00
1.743214528166027399e+00
1.743382503840060993e+00
1.757137176948971646e+00
1.674705783857731500e+00
1.700505870303703038e+00
1.765993458990572362e+00
1.682968938144865589e+00
1.989545878027374481e+00
1.887866480228621135e+00
1.752410488754069240e+00
1.601785566775693059e+00
1.579286904967728278e+00
1.550412345995256569e+00
1.613483246928978598e+00
1.561387812602119896e+00
1.683512066924312434e+00
1.717853860947397004e+00
1.716892090342715615e+00
1.690611656412507324e+00
1.641584119238951756e+00
1.611118124849114208e+00
1.863463517822880444e+00
1.787227333654419326e+00
1.715547604634071854e+00
1.732057608800866788e+00
1.743298243176076623e+00
1.722336223081803563e+00
1.924534571810143868e+00
1.830876551886427173e+00
2.081280471060939607e+00
2.112756903443896661e+00
2.017415324432807466e+00
2.109407346325225863e+00
2.076635885344263688e+00
1.936079381977572345e+00
1.991122024760560327e+00
2.062843623493786804e+00
2.074446458136530502e+00
2.116700798938966344e+00
1.958313886177992069e+00
2.053607128295992457e+00
2.190508033450465408e+00
2.099894363748950443e+00
2.053249425333916633e+00
1.974207707815617274e+00
2.045427255755672302e+00
2.068830392671513252e+00
2.086989313009269598e+00
2.120260227845461642e+00
2.046547771681921812e+00
2.181997760081664683e+00
2.313155059377066003e+00
2.309185932867984903e+00
2.201096788418575922e+00
2.094465802775798746e+00
2.175753062033781937e+00
1.978430247726481683e+00
2.017983848539338876e+00
1.932015084965054363e+00
2.055148990638988593e+00
2.156085608235466911e+00
2.194321393662927999e+00
2.149272078162050015e+00
2.250200619264236312e+00
2.206442801737423576e+00
2.172573345837561565e+00
2.139646061052707271e+00
2.039629990360225964e+00
2.055009621878744586e+00
1.982737401182107062e+00
2.035147483736472473e+00
2.115632416138590877e+00
2.089858324507988918e+00
2.104416148081439619e+00
2.099959771349567461e+00
2.120248769721143400e+00
2.089335252561019374e+00
2.029270784576215014e+00
2.092370835729699952e+00
2.037058330575983067e+00
1.917491468496256735e+00
2.025156532099900542e+00
1.954463690162430600e+00
1.974814734068394362e+00
1.976311076495239183e+00
1.986432576475221756e+00
2.056947984596391610e+00
2.187150532095677224e+00
2.073496954184633978e+00
2.098818766446770123e+00
2.055978928111200421e+00
2.140011002804057316e+00
2.131337332300098808e+00
2.028021459847043406e+00
1.990893728544546493e+00
1.812193176910009695e+00
2.039590916347415739e+00
2.177844341997328126e+00
2.067256762183965257e+00
1.905753471002964439e+00
2.008493941062475585e+00
1.994225919450997475e+00
1.987095352787210611e+00
2.002633165094359402e+00
1.812360636869470243e+00
1.898044711540885388e+00
1.824998413948664799e+00
1.732444633892755270e+00
1.723349988039347691e+00
1.810265886487274489e+00
1.752543313140233705e+00
1.839392269712299299e+00
1.964796008090621937e+00
2.019539900626174944e+00
2.000549596998305812e+00
1.923267426087416743e+00
1.943536133482772543e+00
1.814185784201552742e+00
1.742480016199069226e+00
1.771710802740761981e+00
1.754019528575010645e+00
1.710313107142099609e+00
1.882671158611689100e+00
1.988830231370889656e+00
1.927482617936391751e+00
1.901599377127404678e+00
1.937268203412588541e+00
1.950885856024688003e+00
1.837278313393130524e+00
1.883827229195767394e+00
1.800986500390253431e+00
1.693355036463396690e+00
1.799793036708140059e+00
1.704210452301707424e+00
1.807318048173270908e+00
1.907366186814028586e+00
1.832137827243518258e+00
1.785924732627554690e+00
1.834646660327107659e+00
1.928956442020692830e+00
1.913783422707657556e+00
1.750841581925308477e+00
1.794465438415473013e+00
1.670000032205107621e+00
1.611993793461781177e+00
1.595067514840340595e+00
1.563647083669623905e+00
1.519963071791327724e+00
1.512972359317999782e+00
1.622877780984787632e+00
1.725338211934563493e+00
1.775416865885082629e+00
1.937609693488854923e+00
1.770972471583630359e+00
1.781806022933486444e+00
1.737968629693422917e+00
1.569975394324878870e+00
1.699991370751453790e+00
1.878962902387754097e+00
1.992866588208722201e+00
1.787152100977648095e+00
1.779599417092939895e+00
1.798302680246880447e+00
1.735950898767163242e+00
1.942293368959767008e+00
2.027192567586375560e+00
2.028102932252805246e+00
1.927766465124479689e+00
2.022010217949456123e+00
2.034012429725293281e+00
2.035063395720685175e+00
2.072939415955882492e+00
1.957090698361919179e+00
1.857256283848082390e+00
1.859443937444322348e+00
1.877076675506712755e+00
1.826415585167894262e+00
1.882523160591332623e+00
1.939010071836072102e+00
2.118823259028467909e+00
2.153420258507889873e+00
2.056382791597666237e+00
2.028714875656931760e+00
2.058066125335352048e+00
2.097752451113336303e+00
1.995674894751261919e+00
1.988652328658610857e+00
2.155166589830157076e+00
2.155682606940290569e+00
2.078304415895062540e+00
2.083103151880696391e+00
2.103776942993744292e+00
2.098681159560107368e+00
2.087073805479882527e+00
2.148958384272400934e+00
2.178532255601190570e+00
2.143255499137140418e+00
2.156670508540688314e+00
2.151646699123785922e+00
2.140449266209875745e+00
2.209569881580689898e+00
2.190220419178566580e+00
2.075655357207229823e+00
2.115611101062358834e+00
2.223364038850873747e+00
2.135143344483710237e+00
2.105694784572085698e+00
2.212405546518181776e+00
2.253082738770141091e+00
2.117434431289392904e+00
2.156396274740508989e+00
2.211356533633432875e+00
2.181775617441238602e+00
2.061097468432619539e+00
2.050374659369500918e+00
2.136462376590937851e+00
2.103694617565194047e+00
2.165083106613950648e+00
2.134311487181418165e+00
2.081779619810097959e+00
1.984084053959040750e+00
1.893450422684511913e+00
1.907629411606751368e+00
1.894833142147668292e+00
1.933207903582054632e+00
1.978628923404252671e+00
2.166060333319590470e+00
2.191644628270939865e+00
2.274772164480083347e+00
2.323043221928750679e+00
2.408570477039832625e+00
2.469882502360365439e+00
2.379684609859623379e+00
2.101560010928034128e+00
1.998580779352601811e+00
2.086751469865174347e+00
2.098157374547054310e+00
1.998286497756950331e+00
2.005190954010369175e+00
1.932429667064168521e+00
1.971274590493590440e+00
1.917959524824979223e+00
1.801859669187109381e+00
1.950504388713999004e+00
2.017559293540451826e+00
2.050463394513470483e+00
2.110238648557469343e+00
2.241154924392914083e+00
2.276578072929203334e+00
2.258928083812931753e+00
2.302942789609828012e+00
2.192101923368711347e+00
2.168796294140520775e+00
2.084742809710276923e+00
2.164113253091738631e+00
2.092904721666766221e+00
2.073377153080454782e+00
1.989434240286912070e+00
1.972592022825986335e+00
1.883014498351821997e+00
1.872172962309945454e+00
2.071095760185042156e+00
2.088053251656833087e+00
2.211039136146116579e+00
2.054510567946579158e+00
2.186615597838850622e+00
2.204971964986145228e+00
2.248111933304792753e+00
2.232075149638018452e+00
2.266762594327440095e+00
2.503191210134092959e+00
2.575219663187948260e+00
2.651888344849611556e+00
2.702116497054146915e+00
2.748853973256818684e+00
2.373153539480386875e+00
2.368655304189184463e+00
2.376988278918974462e+00
2.306737346891213569e+00
2.422551222475791022e+00
2.430238583948697517e+00
2.358077678993598880e+00
2.228783781269579212e+00
2.336083769267514043e+00
2.431579365010684057e+00
2.506444442975809483e+00
2.426992453804310390e+00
2.414843054325771732e+00
2.258808955804400664e+00
2.304872344129348605e+00
2.226005198045070355e+00
2.368178969804779044e+00
2.349324523475769144e+00
2.126814013485858634e+00
2.326518360754342929e+00
2.432462360403050639e+00
2.242432049789390813e+00
2.281632554027091420e+00
2.208802783841810058e+00
2.064401776026181690e+00
2.139410416587988362e+00
2.189222215763446666e+00
2.207608603717372553e+00
2.118216162044752604e+00
2.232789215734845012e+00
2.188191540206399832e+00
2.256874697212429837e+00
2.168194126534171762e+00
2.418069444835665660e+00
2.460602017789523366e+00
2.744497979076403027e+00
2.454372581473189818e+00
2.589044110133957854e+00
2.390425408738694912e+00
2.375685086672003621e+00
2.355479763439092711e+00
2.233171922968592238e+00
2.399968216179376501e+00
2.497777079158084668e+00
2.712799164699791099e+00
2.543103732939555606e+00
2.418583571886346206e+00
2.539282417733781827e+00
2.330488444246699764e+00
2.547639742041853061e+00
2.551513357248477387e+00
2.449675403050637801e+00
2.508208441215905360e+00
2.438978663597111574e+00
2.319752089439830467e+00
2.144347441124340392e+00
2.083256889785459975e+00
2.252931486914225179e+00
2.340445650182089832e+00
2.449244582383192093e+00
2.520441525052145693e+00
2.612405552505420392e+00
2.718494175211325636e+00
2.723983377876537215e+00
2.652514717925096743e+00
2.699719564480736800e+00
2.783799267854135007e+00
2.913678209343055325e+00
2.833769452106662090e+00
2.897586193300157653e+00
2.943037715093779649e+00
2.790797368363485464e+00
3.036394209391987786e+00
2.764738340679753215e+00
2.576020690602765395e+00
2.859363935543564939e+00
2.482344168534492468e+00
2.350458787902299562e+00
2.481106779307176158e+00
2.467740726547030139e+00
2.186860940158800837e+00
2.207845131225218083e+00
2.129485761928177734e+00
2.253393884168939376e+00
2.157799398960582149e+00
2.091694614774683103e+00
1.959154758937170726e+00
2.239710975423915951e+00
2.026637682426896347e+00
1.983684012985196254e+00
1.961284580165350233e+00
1.921829098428846860e+00
2.042864368574529355e+00
2.208458414317103990e+00
2.185561512529543116e+00
2.232669318671741010e+00
2.278549901706979686e+00
2.410335498142076371e+00
2.331579683711112683e+00
2.404316994813134212e+00
2.447731928570059168e+00
2.375913708898349075e+00
2.505041351676132066e+00
2.525522573519919156e+00
2.419881113522127869e+00
2.254301926302578085e+00
2.544904526073922479e+00
2.675606970348457736e+00
2.733947973160866241e+00
2.714725804760095507e+00
2.785442584929092913e+00
2.766087977072154036e+00
2.800899691252999091e+00
2.574860906962320950e+00
2.673880899396514632e+00
2.700261545162017551e+00
2.759765551385235494e+00
2.743079860027036965e+00
2.702856220670871945e+00
2.716926234735325352e+00
2.754382636439130394e+00
2.695964244885327599e+00
2.598014863022001020e+00
2.695454073643341442e+00
2.655508356727772412e+00
2.522394685664112401e+00
2.513078516726225953e+00
2.397872798166618580e+00
2.294817342415142125e+00
2.679202382313724318e+00
2.294450462239990607e+00
2.143681453103206014e+00
2.251556886510738487e+00
2.254873623923857373e+00
2.207750948294558757e+00
2.257542234627792688e+00
2.404528576545953200e+00
2.468316330500009315e+00
2.532947539195729458e+00
2.453594117222420934e+00
2.480066873334151989e+00
2.451689161457394128e+00
2.338409235599807623e+00
2.462745815570056784e+00
2.677990366293351077e+00
2.718251001281810186e+00
2.823556575418239234e+00
2.639314372015813870e+00
2.661051586314822526e+00
2.454410631202079252e+00
2.444911556231091687e+00
2.492588310445114086e+00
2.372597742270629695e+00
2.354782487272577551e+00
2.408236526584084380e+00
2.201769975668691703e+00
2.234138271742792892e+00
2.290335981605040150e+00
2.120181133058685052e+00
2.080069797829389611e+00
2.139475584179460821e+00
2.122214648832081885e+00
2.207426398814580359e+00
2.061459666847544447e+00
2.000520729105746742e+00
1.945366360599348532e+00
1.940645758275635124e+00
1.856926642336931055e+00
1.796755949615455039e+00
1.712066552999826241e+00
1.786801118526761822e+00
1.619530578162375223e+00
1.636952215607969885e+00
1.703837592284074276e+00
1.758803324232838028e+00
1.598285847615562805e+00
1.492410173160072739e+00
1.552121818600790792e+00
1.477121107336364592e+00
1.424849703523517475e+00
1.358149053625188341e+00
1.495937508784947800e+00
1.601811343405900923e+00
1.665762629627977054e+00
1.682984887969077858e+00
1.669028590344969087e+00
1.686819526742593167e+00
1.671054777601189478e+00
1.564417405648123482e+00
1.677060592681873130e+00
1.699043175431644626e+00
1.580807347645790228e+00
1.579213215775333357e+00
1.595450996383779740e+00
1.563035627520534598e+00
1.638216480512670215e+00
1.648521673662062925e+00
1.639723559545576359e+00
1.644066746060348638e+00
1.672457130444448214e+00
1.685744198841961472e+00
1.628316661764496853e+00
1.577261963648559639e+00
1.515705839501793495e+00
1.538548259881097557e+00
1.534146053595226489e+00
1.544291067693407182e+00
1.546281940901000240e+00
1.521938377937263498e+00
1.628122275501972638e+00
1.622911149804512787e+00
1.661133862172350817e+00
1.738930389966057977e+00
1.686316850887628060e+00
1.518979571065388834e+00
1.553552665209840145e+00
1.597220064903303260e+00
1.563633067630655793e+00
1.568652021032651778e+00
1.518766319364881046e+00
1.584521026111448405e+00
1.593587244458064101e+00
1.567601300573585155e+00
1.538734603268332224e+00
1.525528563502484669e+00
1.518345090620261573e+00
1.490258817014753046e+00
1.558588950481604174e+00
1.539122186295570405e+00
1.578815550033077830e+00
1.565348643740247070e+00
1.580970883200755850e+00
1.487417083489892322e+00
1.519217085856477523e+00
1.536233981321819320e+00
1.475704020983389597e+00
1.454508151539907423e+00
1.550595269345031779e+00
1.552985370410481236e+00
1.472842348780068367e+00
1.467812744731328056e+00
1.541017848893561304e+00
1.589469015491177251e+00
1.526111164789509589e+00
1.602760679217818618e+00
1.516053355238882405e+00
1.551698977492544262e+00
1.549773062704929760e+00
1.629661761703510070e+00
1.524805747042865312e+00
1.370498592306789831e+00
1.472866660568059149e+00
1.459009602117114390e+00
1.513485511631754266e+00
1.558099196218070803e+00
1.689278768514512086e+00
1.723811624270997989e+00
1.706398122254909833e+00
1.630898909673927921e+00
1.685589029343052658e+00
1.497591266403460741e+00
1.592163582511728848e+00
1.538686897927797670e+00
1.538385271145457533e+00
1.425676165238620063e+00
1.464430715437255781e+00
1.470531608598509399e+00
1.510837677360490572e+00
1.521277581166993853e+00
1.622264977761546989e+00
1.641557356406232016e+00
1.558903826142552296e+00
1.555111785394487578e+00
1.646179373516931665e+00
1.783122131976151437e+00
1.875140109978064906e+00
1.590084991481143017e+00
1.597771592940377072e+00
1.559495302693434393e+00
1.552415731551171740e+00
1.514176369757098461e+00
1.555144072768676278e+00
1.652144346779006234e+00
1.657575850418376406e+00
1.664965028374621125e+00
1.505254362377240307e+00
1.715792194843586138e+00
1.731424198700850958e+00
1.610296347525678629e+00
1.603364849774945977e+00
1.562247821175954288e+00
1.616768845078222938e+00
1.628545916194930054e+00
1.561773961815117628e+00
1.491570764682969452e+00
1.516660226913882026e+00
1.461208125740959929e+00
1.465835839131584661e+00
1.564334451525898118e+00
1.566860412431560157e+00
1.530857358484184250e+00
1.561074269301214734e+00
1.672425499495304280e+00
1.606656322243262158e+00
1.509188468374006442e+00
1.557032391564647789e+00
1.511148837839304537e+00
1.457328787865431297e+00
1.514726239585158396e+00
1.434856287941754571e+00
1.405615547233307394e+00
1.465267048669905758e+00
1.619265822841575275e+00
1.614851725420907602e+00
1.526839601515229683e+00
1.550257319006325130e+00
1.581337182195479585e+00
1.704145315510669167e+00
1.676807806007005075e+00
1.618900087485889649e+00
1.542686814364962800e+00
1.530008489818413420e+00
1.548223640573818116e+00
1.510636726039529254e+00
1.519318857041366266e+00
1.630784865442972409e+00
1.721481489368440920e+00
1.616850248658965317e+00
1.577680163273548875e+00
1.574673948568319881e+00
1.637950889224565554e+00
1.712263928731306839e+00
1.705694499601031255e+00
1.786616120153971421e+00
1.753451634584096475e+00
1.799372428902395571e+00
1.799187472116548836e+00
1.756271612913332891e+00
1.632804871808743785e+00
1.599234280461979685e+00
1.608264058712851607e+00
1.470439156054499374e+00
1.454901645659513854e+00
1.528464070371878369e+00
1.568552328681432462e+00
1.626188919346348349e+00
1.487756772301199293e+00
1.450687918071398075e+00
1.553318627535461793e+00
1.500787381381035734e+00
1.576120296149445821e+00
1.569895267556207452e+00
1.548100191709371964e+00
1.442688312272955686e+00
1.554137565282291522e+00
1.510718180316351633e+00
1.456393557402859473e+00
1.500774676081732872e+00
1.506575984788666833e+00
1.589045779262818314e+00
1.690096635644391831e+00
1.656415113932715677e+00
1.614118302502040470e+00
1.755287595424653846e+00
1.545535790938837417e+00
1.543610265993997199e+00
1.590096935849246496e+00
1.582302291684115403e+00
1.576943237085818739e+00
1.521156061941637327e+00
1.637834461309166656e+00
1.638831568819429707e+00
1.614999478137352229e+00
1.737783248023262894e+00
1.830519452249057322e+00
1.778461817029277414e+00
1.784826642988882384e+00
1.600544680943110532e+00
1.567314267430757191e+00
1.569410913030937715e+00
1.629044719802703600e+00
1.575602096041497813e+00
1.611714748184277957e+00
1.798795915076576657e+00
1.911609496453250401e+00
1.852484439700321728e+00
1.754407393175976271e+00
1.718193588236574421e+00
1.781555352502963485e+00
1.727271473742087116e+00
1.727986865270577876e+00
1.593689949254899263e+00
1.521706547970777645e+00
1.506644334112814176e+00
1.521793003462114102e+00
1.585422480679851365e+00
1.652406169096100497e+00
1.855711149948679806e+00
1.836824243408195168e+00
1.753007723073938040e+00
1.637625919146879605e+00
1.593629132143596250e+00
1.746839480361075170e+00
1.703922546730727072e+00
1.756743239425058389e+00
1.677914597678750841e+00
1.661527961201589187e+00
1.555793292342377399e+00
1.534031658298783407e+00
1.578822152564931525e+00
1.481777762719419522e+00
1.524406358396671823e+00
1.450365021738232008e+00
1.442052067787102931e+00
1.484198674304542775e+00
1.519771883904553089e+00
1.543393058604697554e+00
1.672459640542709014e+00
1.594073780232592830e+00
1.642613050596732460e+00
1.626027713069982950e+00
1.584230962625233108e+00
1.507255068154812916e+00
1.460116258233574715e+00
1.580938267264280661e+00
1.557987447705435180e+00
1.668312872872604213e+00
1.696613953261272068e+00
1.719564151503461424e+00
1.751651675029149535e+00
1.698070411307783356e+00
1.703205054388519102e+00
1.595822837437798070e+00
1.697400891152805791e+00
1.847165010646912187e+00
1.816422433014133420e+00
1.819934618737459653e+00
1.883444199488346182e+00
1.863860434608878514e+00
1.842030733463450698e+00
1.862413227275519167e+00
1.836220911732263428e+00
1.882449268764214478e+00
1.868103734553058226e+00
1.880606802732851968e+00
1.858671029496538951e+00
1.861630856874573636e+00
1.883035714889123247e+00
1.858019956642131376e+00
1.887705926513761900e+00
1.927312560413249276e+00
1.946245724740297334e+00
1.930980538515294054e+00
1.877195586349398981e+00
1.910572178437136115e+00
1.929103503063140934e+00
1.889321268781109175e+00
1.865393288726703291e+00
1.876192862560275509e+00
1.851903000812699984e+00
1.862008959265311514e+00
1.873543955208395895e+00
1.997841386686572740e+00
1.953232381958139641e+00
1.954831128749954239e+00
1.723760513417020412e+00
1.634605698895350345e+00
1.667710295906796425e+00
1.725357629289556272e+00
1.803661929332300629e+00
1.749555737834985969e+00
1.857449172277235050e+00
1.942562357414585161e+00
1.996867851777901492e+00
1.910013095810764838e+00
2.047095515028254376e+00
1.968615539415894178e+00
1.925146080793803227e+00
2.043380349215950798e+00
2.041745751154147470e+00
2.034848110023753875e+00
2.011438802019033911e+00
2.002265444669065975e+00
2.042858811916025363e+00
1.943447516429168020e+00
1.875817342958813416e+00
1.766881361851430521e+00
1.758549692401395026e+00
1.863061528808693801e+00
1.679880976162573036e+00
1.759546989105910564e+00
1.960394909496384175e+00
1.920969175007199770e+00
1.929289272596517613e+00
1.884517180718294549e+00
1.950210578224463864e+00
1.921456044961008303e+00
2.006047972065648111e+00
1.870927716540972563e+00
1.906147067554951668e+00
1.880679176082590054e+00
1.895730832157497270e+00
1.708436229613606416e+00
1.870541813057441161e+00
1.819114697302708139e+00
1.738596332235699871e+00
1.817688242285159239e+00
1.741136344111081646e+00
1.761065224251358030e+00
1.802331867279106437e+00
1.872883571095845356e+00
1.824532188459908388e+00
1.859032267765047486e+00
1.785385033703013047e+00
1.882916267674064725e+00
1.894337827829627008e+00
1.780513425384324888e+00
1.753018443645678826e+00
1.808319873965126279e+00
1.867157600842802800e+00
1.844437317742047000e+00
1.872075227566468936e+00
1.936444171143405280e+00
1.875342332119967814e+00
1.882795320128954231e+00
1.892950189609480249e+00
1.888272602248367349e+00
1.894074087303983633e+00
1.858901186393550731e+00
1.881595195456781555e+00
1.914953626948696197e+00
1.825132323674828028e+00
1.824928219058932877e+00
1.873670462909228229e+00
1.926766432482549307e+00
1.879857292295131765e+00
1.869963428166533825e+00
1.992827569418128331e+00
1.852315036467449216e+00
1.842660757958067830e+00
1.821532288313513659e+00
1.830822676108950109e+00
1.821195013660686479e+00
1.832260318451458536e+00
1.832891133814462892e+00
1.964653686357981766e+00
1.910481731786070059e+00
1.815304677026894797e+00
1.809682559449759198e+00
1.797863575176811057e+00
1.850786638354386060e+00
1.901798759276672746e+00
1.911813643970563747e+00
1.733963084063319560e+00
1.574930847035889370e+00
1.652148584170358481e+00
1.558197708817898208e+00
1.589306962682761393e+00
1.488455953825673417e+00
1.498798427293103641e+00
1.442624649423864147e+00
1.391969612377318199e+00
1.370152055885401232e+00
1.380969069730429988e+00
1.453933530890878068e+00
1.435911729775448231e+00
1.582459216668490098e+00
1.659043622055399014e+00
1.622263345701807857e+00
1.555481840613664568e+00
1.602292677489861816e+00
1.487266103816543783e+00
1.474357815870740662e+00
1.540635474535888783e+00
1.508227102164207745e+00
1.537527751172553137e+00
1.536036559142118785e+00
1.459884149824111299e+00
1.624009645368949872e+00
1.686432478579929839e+00
1.565847444090230134e+00
1.577499601728580947e+00
1.552206890276919715e+00
1.612583128319321712e+00
1.648313221894760039e+00
1.605482024911201178e+00
1.623628077951881910e+00
1.509286203112049307e+00
1.554453689723512833e+00
1.613588702761433735e+00
1.676075452567556523e+00
1.634563981610125616e+00
1.764890994270433611e+00
1.722468133035966353e+00
1.755057906283693958e+00
1.835455493596036991e+00
1.949039326455160204e+00
1.807822819802372027e+00
1.941911203488813520e+00
1.813537546461458039e+00
1.838015667431665667e+00
1.802265347037568910e+00
1.773997459960413803e+00
1.799089531629914473e+00
1.613150951810135236e+00
1.646984035360421261e+00
1.595413948335308696e+00
1.829819577638018391e+00
1.908419306447539654e+00
1.938527546658528333e+00
1.879358325874582070e+00
1.866311401943610004e+00
1.871219886583664449e+00
1.791985253929904376e+00
1.667325209030616984e+00
1.742790647778321045e+00
1.830451539899986768e+00
1.756216877380280650e+00
1.699747421204766074e+00
1.610944979381360387e+00
1.662760184658176765e+00
1.590382081853383811e+00
1.644247365745825418e+00
1.563097960937951392e+00
1.558630842571184116e+00
1.662038213061622249e+00
1.882467110028141821e+00
1.824998437987337629e+00
1.897637715996042473e+00
1.933651473773460694e+00
1.754402363307561608e+00
1.754075623283309460e+00
1.497526565906004192e+00
1.576626351059710274e+00
1.703371005807156946e+00
1.632319867263855917e+00
1.625914347426058004e+00
1.595743077974011603e+00
1.620001955702147889e+00
1.619970945040678956e+00
1.703700499376495259e+00
1.692360156500943624e+00
1.520943947006090369e+00
1.535289376177998655e+00
1.472624044407861765e+00
1.537180824243334909e+00
1.467727085513497842e+00
1.468206005749093768e+00
1.518187083578969254e+00
1.446437055067799404e+00
1.485815569948645276e+00
1.412835053054741330e+00
1.392496440322807283e+00
1.408921720308946579e+00
1.372724292694320836e+00
1.402536121825624704e+00
1.404903660007268851e+00
1.433427205959648676e+00
1.396325769118361038e+00
1.365662236142033192e+00
1.410058445336962230e+00
1.390515124952718118e+00
1.386889612484946577e+00
1.392886215041346576e+00
1.372475471999413887e+00
1.404256433649899272e+00
1.390841065983542846e+00
1.419995422249959560e+00
1.405655522423174597e+00
1.397361819363464930e+00
1.438662677907970755e+00
1.433571180347573248e+00
1.429064140837835284e+00
1.400885593616572056e+00
1.416158504308629107e+00
1.454427385772491865e+00
1.488249727893781627e+00
1.503420609261064689e+00
1.514451861538900213e+00
1.551182034356824113e+00
1.697749218220765410e+00
1.711655015568301463e+00
1.590436309299161577e+00
1.556778235467896732e+00
1.641592541774603786e+00
1.686881229207942923e+00
1.704205136103743357e+00
1.697679269823392678e+00
1.612879431309592215e+00
1.620263463844483942e+00
1.770037200498646879e+00
1.767841562488617235e+00
1.656510455176612773e+00
1.574630543941718308e+00
1.591278962352447257e+00
1.693753965444266152e+00
1.669778473835361376e+00
1.728373728024657829e+00
1.838837146431613778e+00
2.030400717493117124e+00
1.810029282534728390e+00
1.684564264944215628e+00
1.695601693396349363e+00
1.714600808407742427e+00
1.863091663659503405e+00
1.821631847202710874e+00
1.863289260317642748e+00
1.862711983078412903e+00
1.880993966501978587e+00
1.840430115931472432e+00
1.794653282325003207e+00
1.820758168984038194e+00
1.595636700810472597e+00
1.475367766955830273e+00
1.438910543403135733e+00
1.465128413376682204e+00
1.511559552802675954e+00
1.481356958434947302e+00
1.385709320185346094e+00
1.462692116791213248e+00
1.560440125792051047e+00
1.487595472687512466e+00
1.497329385423471715e+00
1.506101066268235034e+00
1.532749207185555740e+00
1.470436963294705413e+00
1.440236012434886304e+00
1.428946196515222811e+00
1.442019444306759546e+00
1.430179196293212440e+00
1.456657471629494216e+00
1.447497348419912511e+00
1.456898209437862635e+00
1.450962860774107854e+00
1.457267334749604792e+00
1.531453259352963059e+00
1.452032204123982595e+00
1.462116359068983851e+00
1.429036903660729774e+00
1.422339053917433871e+00
1.429321534792160620e+00
1.330030813975546344e+00
1.385257233943312460e+00
1.431456157113685013e+00
1.422667544328114930e+00
1.452092893691119713e+00
1.405834682755581877e+00
1.328435050025828845e+00
1.289218035996641420e+00
1.316215993630263759e+00
1.363671791411277034e+00
1.338019987769968333e+00
1.392464827506953995e+00
1.430716077206230841e+00
1.424386157469698988e+00
1.466749710601326973e+00
1.359819940150334361e+00
1.383623678189653372e+00
1.365264805151763960e+00
1.361244180417457539e+00
1.362128217175585521e+00
1.430477482279339574e+00
1.413328030199114238e+00
1.413066333836874078e+00
1.379705062159836348e+00
1.410051769584427683e+00
1.435606052574777580e+00
1.451009180716442915e+00
1.431507844830927523e+00
1.523691414068591987e+00
1.486732174176781829e+00
1.498580877368753006e+00
1.497589430156092583e+00
1.507025044683391712e+00
1.616036292518579831e+00
1.647794274310740992e+00
1.778104192847663745e+00
1.672685999651254418e+00
1.676680704945629818e+00
1.649115011590964297e+00
1.756213564119787351e+00
1.673648256876739238e+00
1.712160266136873110e+00
1.628681695419941233e+00
1.567110184105848125e+00
1.709895126438477631e+00
1.727776597065250330e+00
1.643298842354453670e+00
1.592831928900955152e+00
1.661060619054446796e+00
1.677099693893365773e+00
1.682758748074933974e+00
1.601257493838664114e+00
1.529588505855505653e+00
1.611913814474316586e+00
1.579564225039557623e+00
1.554956501239558309e+00
1.537216963488657218e+00
1.619205416191545233e+00
1.649029516888169011e+00
1.532823661688198724e+00
1.515992422054478705e+00
1.523029754657538648e+00
1.537707879560054058e+00
1.510633073500198043e+00
1.459090575609467866e+00
1.455922740511825353e+00
1.494560018774977683e+00
1.480170436284964586e+00
1.532629202791055967e+00
1.465260549555124747e+00
1.533374113488126467e+00
1.600364158833881500e+00
1.439702904398109329e+00
1.550689878105452779e+00
1.535965121053881832e+00
1.538993963402543574e+00
1.590552648956495174e+00
1.577300682765514939e+00
1.596770336080138408e+00
1.536203443181351824e+00
1.630951366675739811e+00
1.593289482663608592e+00
1.516975849505873386e+00
1.490754902881050947e+00
1.552851101835673209e+00
1.481441752768010378e+00
1.488093665271905897e+00
1.433684208262466786e+00
1.478454584502655322e+00
1.595927069177609514e+00
1.608131315002560235e+00
1.665152344645886906e+00
1.607144069182130597e+00
1.642651224998918691e+00
1.656096473938547087e+00
1.577797532101763878e+00
1.506538327076771155e+00
1.455760015209367264e+00
1.458080398800949862e+00
1.409820698552570750e+00
1.493513794975078968e+00
1.530402095089115067e+00
1.615819247221425892e+00
1.705246254617850177e+00
1.530549255402415820e+00
1.562785707665868440e+00
1.511634000661479682e+00
1.495373286581838990e+00
1.454052660635444028e+00
1.427986799708918619e+00
1.494778725276224796e+00
1.565651903241433773e+00
1.770764637022243182e+00
1.610307526856504357e+00
1.629290438004301178e+00
1.503965038659789366e+00
1.438779404956428865e+00
1.390103940995750964e+00
1.459668712039153604e+00
1.456833776087521626e+00
1.373726676787711432e+00
1.365247302741751989e+00
1.463374668229165065e+00
1.448186053377161775e+00
1.506989890013364475e+00
1.501603099730729030e+00
1.493976476474282888e+00
1.571285665035227153e+00
1.607099330037042639e+00
1.719414918549918125e+00
1.690505387282083882e+00
1.663005124768601295e+00
1.565983148478323761e+00
1.511961525428417996e+00
1.576145673297330685e+00
1.520638751874643368e+00
1.441904766449825237e+00
1.395833299636305869e+00
1.424071914720300702e+00
1.410142426770738977e+00
1.418003662050207669e+00
1.493622731475724885e+00
1.596160559792362932e+00
1.744329737165262628e+00
1.726994292298418054e+00
1.718868460340002846e+00
1.643681675654848240e+00
1.640226347874824686e+00
1.703884298754205551e+00
1.678845296957142352e+00
1.563179571364352372e+00
1.534751189401866611e+00
1.504155244270494185e+00
1.585340649733382179e+00
1.679287693604764264e+00
1.752788644016469277e+00
1.637803942179161032e+00
1.640370580773200304e+00
1.667140928814368372e+00
1.669281999995002375e+00
1.634867702244032550e+00
1.694975665066682735e+00
1.700218992908311133e+00
1.788607478837736853e+00
1.794820467933225805e+00
1.712973502664372649e+00
1.731200714742579194e+00
1.765332976358384265e+00
1.709975195524011005e+00
1.660270769014174030e+00
1.731202354045006331e+00
1.524323891415569010e+00
1.655253131375314490e+00
1.605790162479477035e+00
1.600877739552381662e+00
1.484029049569299596e+00
1.600556715063613966e+00
1.634370409330587526e+00
1.646414284556416696e+00
1.661909132653519583e+00
1.739273242752423787e+00
1.755252360579349302e+00
1.693784204013460748e+00
1.680120540953552011e+00
1.776099192222477807e+00
1.723452774774052010e+00
1.720322494962378768e+00
1.756703820345577816e+00
1.684459528927354732e+00
1.709456250875170946e+00
1.637714257755819913e+00
1.620261495932665996e+00
1.606380310794650379e+00
1.673357323503146921e+00
1.734748846084641860e+00
1.700838566939279373e+00
1.689533689000860095e+00
1.557724477904595561e+00
1.655607405445785441e+00
1.673324987628639571e+00
1.654532267136875845e+00
1.626704325446745925e+00
1.590362300041282539e+00
1.670380179422083389e+00
1.616960593560580195e+00
1.608897003993428054e+00
1.664353007804978857e+00
1.606951076194307992e+00
1.525875587687577584e+00
1.489667103714125584e+00
1.409770384580806946e+00
1.398758787084835920e+00
1.504355744236448800e+00
1.467768630576064659e+00
1.482313398643038571e+00
1.660637369500668870e+00
1.577434629601772276e+00
1.616868462297603504e+00
1.720031735856134336e+00
1.676399951847010961e+00
1.667299314903261331e+00
1.637557372963575064e+00
1.655177789662028109e+00
1.765727398508738721e+00
1.779107946010958674e+00
1.782261222489081032e+00
1.724826221381864810e+00
1.718636260011878303e+00
1.762971598846366339e+00
1.631128263574371129e+00
1.680206741920954094e+00
1.869109570303659096e+00
1.751377742772561419e+00
1.795666810321184137e+00
1.737448304618396389e+00
1.701369861941263606e+00
1.608006889166835318e+00
1.686428387674297591e+00
1.699913677421056812e+00
1.659854349689402930e+00
1.664430832194456755e+00
1.635455999336375976e+00
1.594923308929862893e+00
1.568896456084750257e+00
1.580540655742367351e+00
1.534781884296037457e+00
1.529057792411591565e+00
1.510581459009892269e+00
1.620946861980817610e+00
1.650078990160702253e+00
1.561437250496013229e+00
1.581086769240130252e+00
1.589965777280494930e+00
1.593041288283703505e+00
1.498098633979481065e+00
1.498841121721008696e+00
1.472050447183475441e+00
1.556054835686317750e+00
1.499877219026001018e+00
1.537099324529800359e+00
1.654800116224644402e+00
1.644678773810380745e+00
1.706312253508910359e+00
1.748430136041256189e+00
1.851565344089036058e+00
1.933705300513245851e+00
1.979506732921466394e+00
1.853933581231728578e+00
1.894485972541823271e+00
1.881331962606198172e+00
1.885743723592468335e+00
1.875939791401423529e+00
1.853411120755190655e+00
1.861065412378375861e+00
1.816897151552141265e+00
1.799711925751545039e+00
1.759115264148020774e+00
1.805832062229059565e+00
1.779400909317591095e+00
1.821871001728770478e+00
1.868639522632571159e+00
1.798580101067525527e+00
1.840709242714098970e+00
1.788516396988884427e+00
1.950546104199995190e+00
1.866960117361547988e+00
1.858871241004117492e+00
1.762402945905084062e+00
1.755544235836094202e+00
1.788496895595619307e+00
1.797280411850213477e+00
1.851097371220208787e+00
1.804314933130875653e+00
1.775200736972201154e+00
1.660755855996415953e+00
1.762959135829494262e+00
1.659334365380285004e+00
1.753534879299236016e+00
1.786486954285427586e+00
1.795894447122798887e+00
1.840664607835347022e+00
1.937803644350390320e+00
1.899568507828459873e+00
1.800832483064499945e+00
1.758829933112445509e+00
1.711184196852541861e+00
1.802118735093921620e+00
1.794700848358793621e+00
1.751145309901743996e+00
1.721978665870311120e+00
1.795654911077643190e+00
1.762674544445992808e+00
1.672719656526962417e+00
1.571802495858132920e+00
1.649568994618472617e+00
1.669273528608551604e+00
1.647164383377834662e+00
1.781174688535725803e+00
1.774598005547142865e+00
1.844569028251117571e+00
1.697963647637555695e+00
1.724619444811821722e+00
1.756486135293644946e+00
1.868933813759805052e+00
1.868679176343199133e+00
1.828011604454796268e+00
1.728913613260726345e+00
1.854319109599868565e+00
1.825100042075269657e+00
1.796958694345546226e+00
1.732623519869778583e+00
1.750090983915210563e+00
1.714724616430097992e+00
1.640832774089858059e+00
1.612171766729199041e+00
1.668588017020119940e+00
1.675940018998476999e+00
1.622290067857653506e+00
1.657416992231465436e+00
1.685291588401277352e+00
1.653763107304798252e+00
1.832229382387917660e+00
1.846433523689739564e+00
1.842386248030550178e+00
1.766764954217550088e+00
1.777595907750160631e+00
1.734334859902654236e+00
1.713398494229300573e+00
1.835371464050932211e+00
1.844732219588475886e+00
1.844634059112132185e+00
1.839588071980408301e+00
1.868708285787708423e+00
1.920121530868194260e+00
1.756248415363601323e+00
1.845825066487212673e+00
1.729028570032329570e+00
1.794039544252390206e+00
1.765212381451319867e+00
1.724490237122023872e+00
1.725199258034407102e+00
1.744361996720403818e+00
1.830274738065449602e+00
1.835021266422043107e+00
1.730083399565870872e+00
1.595571339382070963e+00
1.617438824883248305e+00
1.545148143282213837e+00
1.637698015179721578e+00
1.614905005162274643e+00
1.696291448559338999e+00
1.771100701982210923e+00
1.722317163371260174e+00
1.621456567345012534e+00
1.550789585416605609e+00
1.602068138207846104e+00
1.568892534976368713e+00
1.714743424284469242e+00
1.688216558272742862e+00
1.743973351441274522e+00
1.778875546545330089e+00
1.734949030376383705e+00
1.891517421987973790e+00
1.883070179312897441e+00
1.976945594271048767e+00
1.728776385102842594e+00
1.698694510088367915e+00
1.700297239948018069e+00
1.745119927842966767e+00
1.731662803949012952e+00
1.685465994853284855e+00
1.646684840296865016e+00
1.548181506189965972e+00
1.526530106559480515e+00
1.599714001306697275e+00
1.627411156112546831e+00
1.615086013188867797e+00
1.541286945606555214e+00
1.579581305820433101e+00
1.602684579566037604e+00
1.595557611539721643e+00
1.495993429904182381e+00
1.610630747916567795e+00
1.711440046844622920e+00
1.738965518976119728e+00
1.574828691527812463e+00
1.554714199757630588e+00
1.668719930315505584e+00
1.666206922316582739e+00
1.736722741137503689e+00
1.835025024118446701e+00
1.783378757787522861e+00
1.959900311581696419e+00
1.830814055628791293e+00
1.764626776575398459e+00
1.770185310385395283e+00
1.762931155714252407e+00
1.617878617152217258e+00
1.653801912222311321e+00
1.665453651192845497e+00
1.659045023971168709e+00
1.604169242329539058e+00
1.748953495455157992e+00
1.945439656681247742e+00
1.948942714432019274e+00
1.861557325530011520e+00
1.895175763389179702e+00
1.862578716360362874e+00
1.802552206623246001e+00
1.814350948106489669e+00
1.971417337326102359e+00
1.800053625159645954e+00
2.029289296578745017e+00
1.849326639598564581e+00
1.969350972865876459e+00
1.960693690775379583e+00
1.980009026999759225e+00
1.689359343641062772e+00
1.710400900803041413e+00
1.761250773457213148e+00
1.725760500610004078e+00
1.763826797408282188e+00
1.590509842385029460e+00
1.500400006324696278e+00
1.748808345152918609e+00
1.668476575533118789e+00
1.851291231536358994e+00
1.652967778011261268e+00
1.650016445156262224e+00
1.724358822070829245e+00
1.654910965405229417e+00
1.792723177716941452e+00
1.855010891944808060e+00
2.070908764552995329e+00
1.818302761740522966e+00
2.026006914701896200e+00
2.087195306440347231e+00
1.949497966778315883e+00
1.828223230637231911e+00
1.892477869922507772e+00
1.990933781926745860e+00
2.019004540881943921e+00
2.089216802328122125e+00
2.046686355737199037e+00
2.133149479239894397e+00
2.160291624227371976e+00
2.165532947798765040e+00
2.132371118180032443e+00
2.177502159710240637e+00
2.060490939220953166e+00
1.998580416902709933e+00
2.146440394725777079e+00
1.944994572709636715e+00
2.034175504284846614e+00
1.893961239089853699e+00
1.879714880392805654e+00
2.019100587898025267e+00
2.038207368635246208e+00
2.025433814625160256e+00
2.219687679746070952e+00
2.227264511015488058e+00
2.010937907753469922e+00
1.954269221913389254e+00
2.138608439537137862e+00
1.968607998199256137e+00
2.005282153315219862e+00
2.125272777988522765e+00
2.059536481105180616e+00
2.131354245671912562e+00
2.182588208349298231e+00
2.205008657478104706e+00
2.029386455398218825e+00
2.044818901008361056e+00
2.096877079138494970e+00
1.986069483182195228e+00
2.192267683375888510e+00
2.249170159082648279e+00
2.015538749621915038e+00
2.013543524984627631e+00
1.872715677287189573e+00
2.287419578514168883e+00
2.280397766084000466e+00
2.079807793338952049e+00
2.064298685413002765e+00
2.061530027546273125e+00
2.114642849029379601e+00
2.182591060375434822e+00
2.190405798640437052e+00
2.268054465873170500e+00
2.229003364378493224e+00
2.307050736260958246e+00
2.282333510470434756e+00
2.396643427013700478e+00
2.264439371624529684e+00
2.206046407025809675e+00
2.164704337951017354e+00
2.038753732268975938e+00
2.004303145221137950e+00
2.063065413819710425e+00
2.143024178877580344e+00
2.112857768028949756e+00
2.156935168138603753e+00
2.129166607328383698e+00
2.258077722494631345e+00
2.241172001942448588e+00
2.309629924375045107e+00
2.335513075428227392e+00
2.260033689438671445e+00
2.106110988195818656e+00
2.239702713234982490e+00
2.258962019088102124e+00
2.169886482333047706e+00
2.008611264199142266e+00
2.050689393512209246e+00
2.025806335922180512e+00
1.997116018274277538e+00
2.187419710512354953e+00
2.266401612070424676e+00
2.490047085789842907e+00
2.346220728990680016e+00
2.311407138571799358e+00
2.349317694877885554e+00
2.262192433294195837e+00
2.239490276173052408e+00
2.112168347782498401e+00
2.062319167810783505e+00
2.034396738702239471e+00
1.935131400924984924e+00
1.998113186216577741e+00
1.891322487170984834e+00
2.128006343019214874e+00
2.046468137746908056e+00
2.050631293910534669e+00
1.954330598112511863e+00
2.045540494656437946e+00
2.084737765602350024e+00
2.095138151782063307e+00
2.031859475695333650e+00
2.074606124812783392e+00
2.152560992681361363e+00
2.138083619692617177e+00
2.168924355912001722e+00
2.211902145592274049e+00
2.239110288236282997e+00
2.291973194538619918e+00
2.154455010324944020e+00
2.432504116801226246e+00
2.154575938054513085e+00
2.169144597116180240e+00
2.124103885490105093e+00
2.559568927252716897e+00
2.531147657160175868e+00
2.414782297822662738e+00
2.497651290964257864e+00
2.313483065023471230e+00
2.361174916198737428e+00
2.010713684720458971e+00
2.016170272705302136e+00
1.903630382801013710e+00
1.824904801357621675e+00
1.684164353476579556e+00
1.667699882878385331e+00
1.705050018617038088e+00
1.879232513726422527e+00
1.758802522583229555e+00
1.877173064177996009e+00
2.005703035637642184e+00
1.998447671864435060e+00
2.031661574160513961e+00
1.806811952109044661e+00
1.755641646315599491e+00
1.990875547275410939e+00
2.022959073577820011e+00
1.893047523953841349e+00
1.991645165172627463e+00
2.073733013288409754e+00
2.005122202906302942e+00
2.047980207790322194e+00
2.073520757569138784e+00
2.062913767978037161e+00
2.241753112414202054e+00
2.109531879610820670e+00
1.896147201174221975e+00
1.921461604883377250e+00
2.066135394938414027e+00
2.085645709280626647e+00
2.058780281336263673e+00
1.987218867961512370e+00
1.808779210403720361e+00
2.155600596875714814e+00
2.133231645098088158e+00
2.213413586117568777e+00
2.251993883545846842e+00
2.318280143347558830e+00
2.326122063301846232e+00
2.238721058741001801e+00
2.288263494950355526e+00
2.269522431541345142e+00
2.300121705606516631e+00
2.235578440116726018e+00
2.051218565296550000e+00
2.034567556583902093e+00
2.014316468123000359e+00
2.093699214472546810e+00
2.008261635542778922e+00
1.764246637475027191e+00
1.915145293191398812e+00
1.929065500994971760e+00
1.917928838884984888e+00
1.931523910936316257e+00
1.886306060364411508e+00
1.894645927617483405e+00
1.769330676206366304e+00
1.861460744754697805e+00
1.886193499205766733e+00
1.976753780302945351e+00
2.008384014052939648e+00
1.911831990952729043e+00
2.034559804275895001e+00
2.034986594139278626e+00
1.963193708341308019e+00
1.960637293138754567e+00
1.964847804493585315e+00
2.012236614072352214e+00
2.045721191311373310e+00
1.736815234592695489e+00
2.005248542248998955e+00
2.059844918157065052e+00
2.021302430176644460e+00
2.150672559059083611e+00
2.141201740651437646e+00
2.055200906152246265e+00
1.902179566352038886e+00
1.894220469615967239e+00
1.893617638351905885e+00
1.841086957101490063e+00
1.769673592004967544e+00
1.742545439698947485e+00
1.670004925038486521e+00
1.671014181327875825e+00
1.713291809006520783e+00
1.605376860567262476e+00
1.689308489389748758e+00
1.624954370034179307e+00
1.565235787494080100e+00
1.740335678763063498e+00
1.794928757580783962e+00
1.627446669760591824e+00
1.554045707452292424e+00
1.733715687396183203e+00
1.712991642179108043e+00
1.741611933520313515e+00
1.808695561680546238e+00
1.714625155529864164e+00
1.712477413799955883e+00
1.799036191923832018e+00
1.863035661735405135e+00
1.822901736926850980e+00
1.715834392453845503e+00
1.689907757606015526e+00
1.815929332611334601e+00
1.819425777713957082e+00
1.864391418146277735e+00
2.001152994755684311e+00
1.925456907812219010e+00
1.816691794533640714e+00
1.759870941268487865e+00
1.788488619913180644e+00
1.513010778263707667e+00
1.785413055871946320e+00
1.652278679888176338e+00
1.790282610408299613e+00
1.781188883674375001e+00
1.698403051296296429e+00
1.666750526599123372e+00
1.715877469471966954e+00
1.825715798845973792e+00
1.884676456576165560e+00
1.834345111845531395e+00
1.758815474107940702e+00
1.757585602684220039e+00
1.735015758038411571e+00
1.670824583459386670e+00
2.141212355590877525e+00
2.232127923570104588e+00
2.103946709514801672e+00
2.139352903053768795e+00
1.996584763459562151e+00
1.954211318819144338e+00
2.204189056155068993e+00
2.019449189785179843e+00
1.930966646490334337e+00
1.971213015460538287e+00
1.943315323697501817e+00
2.045405229416825232e+00
2.082587612307758018e+00
2.311578465391475934e+00
2.269272723993848828e+00
2.121502978274222073e+00
1.956357466475138196e+00
2.057376453083912260e+00
2.060359520107160503e+00
2.078820991876796143e+00
1.881425429548678085e+00
1.773230693574638916e+00
1.837209160133620678e+00
1.879583286435598799e+00
1.916824191023433821e+00
1.829425235033723007e+00
1.981877080428536608e+00
2.012946856841251186e+00
2.023140756134839346e+00
2.256887771461573156e+00
2.284645196636124087e+00
2.187715971050434138e+00
2.023927942714037087e+00
2.088196096883484287e+00
2.161781960200020336e+00
2.067245433354128803e+00
2.068212431714640864e+00
2.073042950880725765e+00
2.207269395410868640e+00
2.129408250815135961e+00
2.383509865528191884e+00
2.144279979738717756e+00
2.101277771753208956e+00
2.039021982308468761e+00
1.946902002605231941e+00
1.906870592658047148e+00
2.141786448279800137e+00
1.990968026105727651e+00
1.913660736879372326e+00
1.791239155082145151e+00
2.039729937569521923e+00
1.830275829827298972e+00
1.812669435203554613e+00
1.912819380229267008e+00
1.911580078229542679e+00
1.903469374685639259e+00
1.732191649503555864e+00
1.661603719469034068e+00
1.692644423690061739e+00
1.881470496304175066e+00
1.855851678887920020e+00
1.950864304915756797e+00
1.990542416556251526e+00
2.051034528825266712e+00
2.253734613095640160e+00
2.288894639051313185e+00
2.250036256261866541e+00
2.379275633560678838e+00
2.400262940046210325e+00
2.260472021211034299e+00
2.221501643620733102e+00
2.033613035508504474e+00
2.086189707537660532e+00
2.174903791471135328e+00
2.404912574835911254e+00
2.152058831830514496e+00
2.275166537130865585e+00
2.263269371478513037e+00
2.180964278381128274e+00
2.113815032641118918e+00
1.893595040969272780e+00
1.739348480897119797e+00
1.803451136791658582e+00
1.800615744594071810e+00
1.958253683731366213e+00
2.113540400139695574e+00
2.094942461009881018e+00
2.002459605972119583e+00
1.939200648900648360e+00
1.909362877949980497e+00
1.963387759279069611e+00
2.122779639470455670e+00
2.115183693932249032e+00
2.201622699476607714e+00
2.112869742829627029e+00
2.178965197989023661e+00
1.983588633475595442e+00
2.021510284043917860e+00
2.013102221210184339e+00
1.882616322690385813e+00
1.649042878515196042e+00
1.564043178241212972e+00
1.716807714356332726e+00
1.637467222592672744e+00
1.754849260890237073e+00
1.835737498943774249e+00
1.863012447133849836e+00
1.778811444303044942e+00
1.750384686152638869e+00
1.640713395616301806e+00
1.779480390803823697e+00
1.722208400712007537e+00
1.592397892955980776e+00
1.710816901611459162e+00
1.680318541304836266e+00
1.585399267580417160e+00
1.579521082038266577e+00
1.715851204123342910e+00
1.852184377795241588e+00
1.927903592948050804e+00
1.796503592719330022e+00
2.075911825176381065e+00
1.948403997197965865e+00
2.055829892012423610e+00
2.044987555276190694e+00
1.863965779348296881e+00
1.782752479356296105e+00
1.724900230556207115e+00
1.727170810553066982e+00
1.852076361159517459e+00
1.952914341486302607e+00
1.776072824638734948e+00
1.871405697787962286e+00
2.005708377993758784e+00
2.093709762857007384e+00
2.079471798523731874e+00
2.047561351922350337e+00
2.156244084252182613e+00
2.209383344684856532e+00
2.125825877716151613e+00
1.997797254268884215e+00
1.927312356887699307e+00
1.809587895459948248e+00
1.806609679190499751e+00
1.919292370416705307e+00
1.870782463249630601e+00
2.132154964312312995e+00
2.303286377910870986e+00
2.322875399803130847e+00
2.262948646511722561e+00
2.223238045165367716e+00
2.129493990107335755e+00
2.236548360355856246e+00
2.075215836089253862e+00
2.094788340573033203e+00
2.099008171104385756e+00
2.141334100541774532e+00
2.117045656156105515e+00
2.077656662738350146e+00
2.091547070329876412e+00
2.178595093391973769e+00
2.228112785829293951e+00
2.105563468071519839e+00
2.035260318315499806e+00
2.307648301948643343e+00
2.236433321360681958e+00
2.285216290902205571e+00
2.311388237862193940e+00
2.123835892205780063e+00
2.158272744010659938e+00
2.320955887676194873e+00
2.226570832180592152e+00
2.366891763381347769e+00
2.224022366502335757e+00
2.259010206880346594e+00
2.151095957067614695e+00
2.167325981712605820e+00
2.121465413295431368e+00
2.032845868640857478e+00
1.947614997121758007e+00
2.036404361875128188e+00
1.993760377868775802e+00
1.908556885568445827e+00
1.918390914945360626e+00
1.980581545659766851e+00
1.946166118733639427e+00
2.063994931893884832e+00
2.040617845936724351e+00
1.935619240559549814e+00
2.050336448216830032e+00
2.038471296256640475e+00
2.154383556945624889e+00
2.168934441198789198e+00
2.038529530765958331e+00
2.104881535077289811e+00
2.166314656489351176e+00
2.235870532240260555e+00
2.304712643261953797e+00
2.505680015234938107e+00
2.155882801299449536e+00
2.438666288534852900e+00
2.455838034457899610e+00
2.443605129196872561e+00
2.322236747548822589e+00
2.376944159305498072e+00
2.368818633698099863e+00
2.375502120979736009e+00
2.344425290882250490e+00
2.317796708761028501e+00
2.305594178153619556e+00
2.450036323298112606e+00
2.433493017394190883e+00
2.433979246530289409e+00
2.471636238127860263e+00
2.365858598775273158e+00
2.349220788441170438e+00
2.369204269345750458e+00
2.225474909167679982e+00
2.241572365560832392e+00
2.312291686655461032e+00
2.298488352499350462e+00
2.017964223652656930e+00
2.028303334960543935e+00
2.017875971874562246e+00
2.070951389316539437e+00
1.752990005447948807e+00
1.831189178255707262e+00
1.826778617062557064e+00
1.981661053649556026e+00
2.122874128325375587e+00
2.003896681656933243e+00
2.109935481172063199e+00
2.186036965988379599e+00
2.106639186157583499e+00
2.148078870941107610e+00
2.054772954091362180e+00
2.155576480731176581e+00
2.145209080709430616e+00
2.093670231653060654e+00
2.204874216650574592e+00
2.044967665325700956e+00
1.845006935649680102e+00
1.901554885613792267e+00
1.781764512988389670e+00
1.746368202822228932e+00
1.876554967609665781e+00
1.802779487437860206e+00
2.238239004288129941e+00
1.898091482079814707e+00
1.963931180908824237e+00
2.007233126813139812e+00
2.103173233903992134e+00
2.102910370801545969e+00
1.898505636991340007e+00
1.827349499328171589e+00
1.715917471737048006e+00
1.776691423215312815e+00
1.719934338443649624e+00
1.766038609780307134e+00
1.907973817378860959e+00
1.878431590199267198e+00
1.732110625966071016e+00
1.961430247915722624e+00
1.757292325119857557e+00
1.768089044091559092e+00
1.668869785890522817e+00
1.703948799434586991e+00
1.719002875708680600e+00
1.910029789462036165e+00
2.035996974596622433e+00
2.050280407768125812e+00
2.073853770523915063e+00
2.239509104150279484e+00
2.235274319220220463e+00
2.199313746917543000e+00
2.157447070546342882e+00
2.124756897118492915e+00
2.241502399906813103e+00
2.296498455468757083e+00
2.325322156981700417e+00
2.048141844059858219e+00
1.818801996256721454e+00
2.022495466622144189e+00
2.092193482440219743e+00
2.377016667653469195e+00
2.239241533496795000e+00
2.188516446210892585e+00
2.338402490716046778e+00
2.163851616122948851e+00
2.061419463488195714e+00
2.152355824559001984e+00
2.356959817784803235e+00
2.301330558665865222e+00
2.342582067596822082e+00
2.271263046267097963e+00
2.457708266217377258e+00
2.205269805313597953e+00
2.115694516757403498e+00
2.063813385418586943e+00
2.107362377450877400e+00
2.164918434760815469e+00
2.121156155641327867e+00
2.009544459282621709e+00
1.963784013096508518e+00
1.891075239575303213e+00
2.127097188378117121e+00
2.054421661140546806e+00
1.969738146751659480e+00
1.829170886653310735e+00
1.880245832186850929e+00
2.144317002243180337e+00
2.211721479497420262e+00
2.240933536767209855e+00
2.053619365453422940e+00
2.104011999518816456e+00
2.259540473180776665e+00
2.172765272394807656e+00
2.258355460467356579e+00
2.422923487222254035e+00
2.431542401218260707e+00
2.465205982124788253e+00
2.383598129069304683e+00
2.293567265032360414e+00
2.517048339151366054e+00
2.470631188654252686e+00
2.397631731282997336e+00
2.351185751552456349e+00
2.256161991166719449e+00
2.271278692001847954e+00
2.452215343964963434e+00
2.520280123798524397e+00
2.461952893161119871e+00
2.291554748319354129e+00
2.158530244134563958e+00
2.256736361151947534e+00
2.171488080670168408e+00
2.226523803910078314e+00
2.091840196380805761e+00
2.094276789572052433e+00
2.127903453709405479e+00
2.090773943831270909e+00
1.997074430619024010e+00
1.944328001587964261e+00
2.040232482830769634e+00
1.964382014193546633e+00
2.032239810817207282e+00
2.098918007339824143e+00
2.125757908762688775e+00
2.174190934100443062e+00
2.242727573774300875e+00
2.335671761454007012e+00
2.315607791917976499e+00
2.287911624054959070e+00
2.230506606004332149e+00
2.319591722459303451e+00
2.269929389235988637e+00
2.224646342983993552e+00
2.185665385863716281e+00
2.187813565477569000e+00
2.285940580627376484e+00
2.243535671466664105e+00
2.195924055724592705e+00
2.242341236043303265e+00
2.354847139895434704e+00
2.313603665522399488e+00
2.253374788755012847e+00
2.332741599051232129e+00
2.288473634636457366e+00
2.428843019300036321e+00
2.369391072706760859e+00
2.460839758317175274e+00
2.446111188596074904e+00
2.629845654317320314e+00
2.583262929990794987e+00
2.407510695570043158e+00
2.314828579186144708e+00
2.382544249455023966e+00
2.488650204167251800e+00
2.218256858306162815e+00
2.554095535466203160e+00
2.529038822760190541e+00
2.335905843674146887e+00
2.198259855987961586e+00
2.148425868512072956e+00
2.151105273479904767e+00
2.243204049532776079e+00
2.147566660326010179e+00
2.265292829921802475e+00
2.253097245031876916e+00
2.306345719599533606e+00
2.450644847015400529e+00
2.362488160585898722e+00
2.242524744833459316e+00
2.198269496592015759e+00
2.019617837936934723e+00
2.030456026679901882e+00
2.068634924624628280e+00
2.184973295009992711e+00
2.154147007369138667e+00
1.838120014842626881e+00
1.911315860004477729e+00
1.803281994233008945e+00
1.759906965452993743e+00
1.656451528419353281e+00
1.736604032444733381e+00
1.894492554051330435e+00
1.730863884626139271e+00
1.826980514988946425e+00
1.721152531946273267e+00
1.650018224023314994e+00
1.657851745033189106e+00
1.579653874791107304e+00
1.575502274069834119e+00
1.546700751113598171e+00
1.667973573130812071e+00
1.513492453105033997e+00
1.573927319909295353e+00
1.727212679592893485e+00
1.635617259084240160e+00
1.578539775268217982e+00
1.723257570798049310e+00
1.709531750279094098e+00
1.571512084046723601e+00
1.561711774051892432e+00
1.714698389480586949e+00
1.751917506541155189e+00
1.659504035605986250e+00
1.785039431463991910e+00
1.731010868606357889e+00
1.663973707922579814e+00
1.562798625757600091e+00
1.690145717493445332e+00
1.688743784391920189e+00
1.767561679781693540e+00
1.793767708283189766e+00
1.770954185608627496e+00
1.690129760043425300e+00
1.694295656561753960e+00
1.828288904291858419e+00
1.750311415555145356e+00
2.093651686239275111e+00
2.195171957721361089e+00
2.105714587000490745e+00
2.279558344639165846e+00
2.223466898468079211e+00
2.010949328964581451e+00
2.221472180383351258e+00
2.340464044706338509e+00
2.289854051179085914e+00
2.341988666982550260e+00
2.450751650235421852e+00
2.454489076053123497e+00
2.516507226143792408e+00
2.519597541467184509e+00
2.590003396152772641e+00
2.515039358030151995e+00
2.519708779981135294e+00
2.635853771159363479e+00
2.519306075755417318e+00
2.419156972964309649e+00
2.356753820783824782e+00
2.238145517046674193e+00
2.459587249357419125e+00
2.393348654970501865e+00
2.124950680756940713e+00
1.994060319456313790e+00
2.099270949866969271e+00
2.092850134643051696e+00
1.888643886548189821e+00
1.797282108457944894e+00
2.165859636579582581e+00
2.344288509497142403e+00
2.148351054974037222e+00
2.369798982704692580e+00
2.393770227952453755e+00
2.639100722168938429e+00
2.433399749737324758e+00
2.358545727891811605e+00
2.293353534602930566e+00
2.238009803525720987e+00
2.455350465353773437e+00
2.383059638367670097e+00
2.496057506875711596e+00
2.513834453277891789e+00
2.515751112195510508e+00
2.495969457890230281e+00
2.298782867939655361e+00
2.199001100983564161e+00
1.934558605373445817e+00
1.827140694257789688e+00
1.965119034724441160e+00
2.130726093254721842e+00
1.951709770140315658e+00
2.003163787114400574e+00
2.086999589696016066e+00
2.045533960687916597e+00
1.957842372389688057e+00
2.380597143833690588e+00
2.080880537837164201e+00
2.260241895630533904e+00
2.210551915211282914e+00
2.273609751215271757e+00
2.241708183172930635e+00
2.275050831970631293e+00
2.241810674640730916e+00
2.571373564339671347e+00
2.329942479184552884e+00
2.458059484970368747e+00
2.181995908230586867e+00
2.282714236570327682e+00
2.418690239621032578e+00
2.201312097331091344e+00
2.129956194156097826e+00
2.165161874107298434e+00
2.233788026860800802e+00
2.482326807445605965e+00
2.218883727178692311e+00
2.394180979551026933e+00
2.203232016977870078e+00
2.252909022639326242e+00
2.332374514911484731e+00
2.406590408171774165e+00
2.426785796716500521e+00
2.166613839280556952e+00
2.239639251145019827e+00
2.116193229407663523e+00
2.144862659821928474e+00
1.992984764848638291e+00
1.846665715405607866e+00
1.911506432971177505e+00
1.698354604964350312e+00
1.644778097365758196e+00
1.708691034267177056e+00
1.706553230284770128e+00
1.828730451303687277e+00
1.892903288212456792e+00
2.093909939227825756e+00
2.199016050952420809e+00
2.438842698096025163e+00
2.478462315409478034e+00
2.355949380797209614e+00
2.354983712353883263e+00
2.231528559123126421e+00
2.172223781782086860e+00
2.261955094471360006e+00
2.232493965329600538e+00
2.274327808967306019e+00
2.287940385635182761e+00
2.123328007241086279e+00
2.326899229524896917e+00
2.329948798656568787e+00
2.306154257985914668e+00
2.242923988997803875e+00
2.172210287516790128e+00
2.146060878897579460e+00
2.206878559070831969e+00
2.310244975123497913e+00
2.131221323528222023e+00
2.438882332467656067e+00
2.559160672770476097e+00
2.491528265914800588e+00
2.471054651220521148e+00
2.568721883573096498e+00
2.483057320729451067e+00
2.539086204079260334e+00
2.448063201217498541e+00
2.244413144418519135e+00
2.308596445086908755e+00
2.233944116531900725e+00
2.220001609944544096e+00
2.298589820127095784e+00
2.249250301032690746e+00
2.258141291939788076e+00
2.356051746884493259e+00
2.496697068972964395e+00
2.513834172089623564e+00
2.417583623170699525e+00
2.286041421533131057e+00
2.216594955205487327e+00
2.270121435867086035e+00
2.208960127280864327e+00
2.190293041128085871e+00
1.999495501973122202e+00
2.245438595196343812e+00
2.201792087756867300e+00
2.181948653154118123e+00
2.102401388754267408e+00
2.215765048320271102e+00
2.255497350880685925e+00
2.170704184046263308e+00
2.228701743715073569e+00
2.320868563389265837e+00
2.316335968869659201e+00
2.181053972000150498e+00
2.443123755092921456e+00
2.195252508730944907e+00
2.526492694084554902e+00
2.396607316521927711e+00
2.441782459425849705e+00
2.334715950888547553e+00
2.568919780141338371e+00
2.439528849258428167e+00
2.325786744013397467e+00
2.356788809499986481e+00
2.239666790140789399e+00
2.166969049656100932e+00
2.180854784451380368e+00
2.345312226229923525e+00
2.356025906165500228e+00
2.286701575168632594e+00
2.311509843720938040e+00
2.347206937248440983e+00
2.311745884409617258e+00
2.291733616485121861e+00
2.552577912326905896e+00
2.502230711317358303e+00
2.486997118497070502e+00
2.505664386269236932e+00
2.433372002997189476e+00
2.481009810344705357e+00
2.424919916248926555e+00
2.491278884440189856e+00
2.482497769030292289e+00
2.409254039911007172e+00
2.246491750015088495e+00
2.359685037198551161e+00
2.447686984038753177e+00
2.560181123891024590e+00
2.280441670890903438e+00
2.231327335856369665e+00
2.273249786264321060e+00
2.351079040417956012e+00
2.205733775360873228e+00
2.276139830275478726e+00
2.459320353820428906e+00
2.454756327376278247e+00
2.292716117762984229e+00
2.086741737780890560e+00
1.968371868278624426e+00
2.007771338812709860e+00
1.838091984147832481e+00
1.707616161162733626e+00
1.759108480911380612e+00
1.811321936825059487e+00
1.868361452312818693e+00
1.959903375971142614e+00
1.784808664638827480e+00
1.985135703431931686e+00
2.012045582236231311e+00
1.910050396057481725e+00
2.043703429700396867e+00
2.147447083367330034e+00
2.353129331824750814e+00
2.528675636214403166e+00
2.414388370675852435e+00
2.379016349801572616e+00
2.277588344915332463e+00
2.233876087530712429e+00
2.172296367599420464e+00
2.168521486627247974e+00
2.116518700993271107e+00
2.151595626894889701e+00
2.055121386676342699e+00
2.267255857247711504e+00
2.276273506946548064e+00
2.271219081321508515e+00
2.382827149282065626e+00
2.370810011893491165e+00
2.471479861108558662e+00
2.302993379695298160e+00
2.201103688321930818e+00
2.314285884098536972e+00
2.203983119093707366e+00
2.264036679359114235e+00
2.246805637605441053e+00
2.500602123709348756e+00
2.323378458007008707e+00
2.298871421066166043e+00
2.326573602579555811e+00
2.129934360531626325e+00
2.113593860839060756e+00
2.175113665173735278e+00
1.991513386566468924e+00
2.010696230765823600e+00
1.936771155969540414e+00
2.171953304826137909e+00
2.053877494388814284e+00
2.190443099035114916e+00
1.897221309064646588e+00
1.952275763910211515e+00
2.061034236316260593e+00
2.084883591313552831e+00
2.205775381054567053e+00
2.130805431717401888e+00
2.055825364150544843e+00
2.274073323946985692e+00
2.070621237922355640e+00
2.183838303631808753e+00
2.227697493420382813e+00
2.248172963124005719e+00
2.170600596313040143e+00
1.923382836795037631e+00
2.010193682860629050e+00
1.773544902712590909e+00
1.754574560925897586e+00
1.752938166885972704e+00
1.806258787964979184e+00
1.826947971873398968e+00
1.843473923399299830e+00
1.984256464165701450e+00
1.929246383829612332e+00
1.919611553515508051e+00
1.902879281196989014e+00
1.873055072919936448e+00
1.757615025730413505e+00
1.717019372272795552e+00
1.739973912767417863e+00
1.836217315814236528e+00
1.709105708276439595e+00
1.890988299259733552e+00
1.858040080757764390e+00
1.757341410353949973e+00
1.804047831246205158e+00
1.844860492054902767e+00
1.852163740994182461e+00
1.803299863302797457e+00
1.976554941308278579e+00
1.705694447468816710e+00
1.795318761862407353e+00
1.958962810991681014e+00
2.049966404073455539e+00
1.967063327776774617e+00
2.025282425882521942e+00
1.915027188902528321e+00
2.041975608540128384e+00
2.090691112957177467e+00
2.165916043119768375e+00
2.050016781773638108e+00
1.995402515962164003e+00
1.843888235362551864e+00
1.909725194629684708e+00
2.121029965537460260e+00
2.183326375989365520e+00
2.160133936096650498e+00
2.058444223846644494e+00
2.214013631438665808e+00
2.043331987672785566e+00
2.137643048797814416e+00
2.186985685342555552e+00
2.426033873955939502e+00
2.470778000067682001e+00
2.428246440981587373e+00
2.280568060865075797e+00
2.015701695759504197e+00
2.069427640740640673e+00
1.953538343721392234e+00
1.980539121579553141e+00
1.979211696501791629e+00
1.892544322440492310e+00
1.975602672134976423e+00
1.838920952223088490e+00
2.013416077832133944e+00
2.129441406008462767e+00
2.195492183224199589e+00
2.153082036476140271e+00
2.095667352976096076e+00
1.861428728064668414e+00
2.087981535239471942e+00
2.254719979530511065e+00
2.220898348437742698e+00
2.311824051334766761e+00
2.162431092000206334e+00
1.927165109721454161e+00
2.187247082367413054e+00
2.096094462591487684e+00
2.149498250708017366e+00
2.430621548174536795e+00
2.452393814411912842e+00
2.273692345611055821e+00
2.464767536703260653e+00
2.416547184180986463e+00
2.112331223912817357e+00
2.112910607506769178e+00
2.285844265278661247e+00
2.183976784327271048e+00
2.249144474599171772e+00
2.343955893002270141e+00
2.247656361705300032e+00
2.336067607040986704e+00
2.162818519981799081e+00
2.171493354062559611e+00
2.097227083921769708e+00
2.210966768276559247e+00
2.262497805486803237e+00
2.240988337847600320e+00
2.147376696589373690e+00
1.897516523040906566e+00
1.807039912795913361e+00
1.781438767790239019e+00
1.707547039032313307e+00
1.835827120582800509e+00
1.684797592264170030e+00
1.644178962188433957e+00
1.669664260446215742e+00
1.706678564617094773e+00
1.722729881001770824e+00
1.746681315429754022e+00
1.673791162960853729e+00
1.658256616186702725e+00
1.598477198610792849e+00
1.655632882117703986e+00
1.703979326218798995e+00
1.742623758305226644e+00
1.755686496289213583e+00
1.715633597056746229e+00
1.770246415065239054e+00
1.738739241235836230e+00
1.754568778580426036e+00
1.819221295765051760e+00
1.815150243645163197e+00
1.891061409524466441e+00
1.756816922716044838e+00
1.563573699137046136e+00
1.582264929878437032e+00
1.545722256246857995e+00
1.616813810186792377e+00
1.597496657740742565e+00
1.638014599413339267e+00
1.613015075600373160e+00
1.563575845711173251e+00
1.656402977894424033e+00
1.766961453112461111e+00
1.768878802074267398e+00
1.727468413392917679e+00
1.705758957923458219e+00
1.644163632820129450e+00
1.639864687316920921e+00
1.754394226795551903e+00
1.610274806012393256e+00
1.558645876322132917e+00
1.550551269104922802e+00
1.630865996994726563e+00
1.572020090296696093e+00
1.568181530491964404e+00
1.561376975610265561e+00
1.584816808398160193e+00
1.622718413631144108e+00
1.618224659563098244e+00
1.720080637082786579e+00
1.648533360547387083e+00
1.693997629867099564e+00
1.745426569405151618e+00
1.727975109319201064e+00
1.723264052083371523e+00
1.820104566946125102e+00
1.825247467769758547e+00
1.830060883980295205e+00
1.826779891403257583e+00
1.765632528341067875e+00
1.697914423543204876e+00
1.637324794718226340e+00
1.656068643691564812e+00
1.602740471857087678e+00
1.738544155063881158e+00
1.659399643665917745e+00
1.480475255484146713e+00
1.493997431617135385e+00
1.474622950577244795e+00
1.543130069324131215e+00
1.542268516561282832e+00
1.621726665004083356e+00
1.494563581385558892e+00
1.423892805419496366e+00
1.454267887196989406e+00
1.539520946222510567e+00
1.541890527123292776e+00
1.567183348133128096e+00
1.511403874527569302e+00
1.587509372791815032e+00
1.553039882157826623e+00
1.607423447934317018e+00
1.611058651138393083e+00
1.609143643733557782e+00
1.654053228467537773e+00
1.624429404974868207e+00
1.657517745918943186e+00
1.629127386545718537e+00
1.752977837540273587e+00
1.696112144016526546e+00
1.710157154262115009e+00
1.562788761884430278e+00
1.656814332567863257e+00
1.549736603830115467e+00
1.603408138828707363e+00
1.627551077966389981e+00
1.587196290681037514e+00
1.622006733117148825e+00
1.773703170676311780e+00
1.729005670461805311e+00
1.681873431158422472e+00
1.597864567573221706e+00
1.770238904626680210e+00
1.776960479441046958e+00
1.759049230604463609e+00
1.846259645086009149e+00
1.883894516421018572e+00
1.628508184916662271e+00
1.712853831556559348e+00
1.605208871490840794e+00
1.640601828812548568e+00
1.551091678338243796e+00
1.514337769334353823e+00
1.510499496066226355e+00
1.600249072304023468e+00
1.669266633257874721e+00
1.880152839119608288e+00
1.995579723567709518e+00
1.978256611619328531e+00
1.889628882913835017e+00
1.821677680583573711e+00
1.877033101615819932e+00
2.057614572491322402e+00
2.167432226912129334e+00
1.967774755985214563e+00
1.756827058329084812e+00
1.830309953105595522e+00
1.732403061450823012e+00
1.778176480166087314e+00
1.984207202756786081e+00
1.944370479550680209e+00
1.852226813040203313e+00
1.784084082155877660e+00
1.737951426509869890e+00
1.713058703586376463e+00
1.636322207337862933e+00
1.550331765626796532e+00
1.705534432836671055e+00
1.832008829136857253e+00
1.653693897298610604e+00
1.632876046673800596e+00
1.540410017208140081e+00
1.533211092347726012e+00
1.469132522341294100e+00
1.566332373552280943e+00
1.522514765035790640e+00
1.484225859547914306e+00
1.583797411006559575e+00
1.570032575079876924e+00
1.572064376744579883e+00
1.604802946812146747e+00
1.540333625566812303e+00
1.569686022444803042e+00
1.497028625058711926e+00
1.625029750130086104e+00
1.615869040962423897e+00
1.810543312450504150e+00
1.805320687076054309e+00
1.777000000076782715e+00
1.775377983181007036e+00
1.776242743119609724e+00
1.804616130478015945e+00
1.684126986311798024e+00
1.733344850807237991e+00
1.734915380331912615e+00
1.993583052811772172e+00
1.936197398703813022e+00
1.828549724343671468e+00
1.759233989878455473e+00
1.822435111230178872e+00
1.745351119554947372e+00
1.771757542466899205e+00
1.680949347210196843e+00
1.722085654616626327e+00
1.854905632199820076e+00
1.766759775225898554e+00
1.752822429280885830e+00
1.661857141495453272e+00
1.702568444165885042e+00
1.720793321311744339e+00
1.751027317797340110e+00
1.770435772072496583e+00
1.764846018224686119e+00
1.871367472532067699e+00
1.872859515400107089e+00
1.835077664452255730e+00
1.841233729494158755e+00
1.864483454431568932e+00
1.822137851225336780e+00
1.672667320758834730e+00
1.592064596439291657e+00
1.535606843536338806e+00
1.593848020865162862e+00
1.580127901701741333e+00
1.617648921437752296e+00
1.682610095122363036e+00
1.750053263075315391e+00
1.640562592757970339e+00
1.669229676896397674e+00
1.640394054739672702e+00
1.581468190827534537e+00
1.545082841051898193e+00
1.562920007535879563e+00
1.616367677094324273e+00
1.585176537432189559e+00
1.620452887339251191e+00
1.610692392809763174e+00
1.587282502754614244e+00
1.640407281087889801e+00
1.592668593765230955e+00
1.738880127232695250e+00
1.741716851127587118e+00
1.737626653764620777e+00
1.751775485523687115e+00
1.808157102501795954e+00
1.878837089676501426e+00
1.965885379952562406e+00
1.848065757460233050e+00
1.699587778028817331e+00
1.930299017496217129e+00
2.136446232678416379e+00
2.103838906190165225e+00
1.941621206944392330e+00
1.896875355968747012e+00
2.007395808070470800e+00
1.864272751280864782e+00
1.889400013060136718e+00
1.855142964350475321e+00
1.985787405723367094e+00
1.774545097999428611e+00
1.916293684758140881e+00
1.950930663379552232e+00
1.916609946903982120e+00
1.901543037196366637e+00
1.864178613132885243e+00
1.866600063810063048e+00
1.877999555568769630e+00
1.959023173129082807e+00
1.923340554123323276e+00
2.000834969785431738e+00
1.999419128198171691e+00
2.067018464483763918e+00
2.069153224580494221e+00
1.979172316053701142e+00
1.842467003482998411e+00
1.616886906779039457e+00
1.795924134379533799e+00
1.686399493006147221e+00
1.701782114273362900e+00
1.588682346101218723e+00
1.822690016410132952e+00
1.915659447340913424e+00
1.951306440718094226e+00
2.002022267768944097e+00
1.960312777148743191e+00
2.104699557694732270e+00
1.920663766006104112e+00
1.886781620681960314e+00
2.021602532631659788e+00
1.940732037102138596e+00
1.921210001082265029e+00
1.989259004910700179e+00
1.902965283818727205e+00
2.023364670312145730e+00
2.032951742426947206e+00
2.148484402485276945e+00
2.025614670932545103e+00
1.992205960478711901e+00
1.952437663548012958e+00
1.785874982173986325e+00
1.673995077372275153e+00
1.618719978419489003e+00
1.680878387423657472e+00
1.690249631003384323e+00
1.747270746392006968e+00
1.743009253895403621e+00
1.950802975320893529e+00
1.891817893367830683e+00
1.894665130453335733e+00
1.683519696173069846e+00
1.797942163180587638e+00
1.795450812539639340e+00
1.674894619647584459e+00
1.784852242108410758e+00
1.689877920482216744e+00
1.700005732483095500e+00
1.705117562961109945e+00
1.742775922068104277e+00
1.766963994239444613e+00
1.855151908635631175e+00
1.752800777870137994e+00
1.789571323536717440e+00
1.710459515255853935e+00
1.872495410420004891e+00
1.939433461919552348e+00
2.035500911212972941e+00
1.897572520716056310e+00
1.931206803173671993e+00
1.806056639202047176e+00
1.902082723757533733e+00
1.915384253669476289e+00
1.904567891209101971e+00
1.956191015989317439e+00
2.069849075966579743e+00
2.108866560658982703e+00
2.169487784670777408e+00
2.143512888369310421e+00
1.853228446673076846e+00
1.909135041814675526e+00
1.884421582596591094e+00
1.808217746580941254e+00
2.074819691010263423e+00
1.911556730593011455e+00
2.012590489289947993e+00
2.024173979572801763e+00
2.020318591185954915e+00
2.041349789495455092e+00
1.949686975443553960e+00
1.952647436938485193e+00
1.927625873675527846e+00
2.014212762397199263e+00
2.038547512489824243e+00
2.138835454562322713e+00
2.074083844648496822e+00
2.112443798189308719e+00
2.015308013895247718e+00
2.032784257502572078e+00
2.133560684576805588e+00
2.091275835502135028e+00
1.965159389590908523e+00
1.884044237320377846e+00
1.988562347477931036e+00
2.062447478277498192e+00
1.994072453993243954e+00
1.872465814248158278e+00
1.894138638086376503e+00
1.983356407530170618e+00
1.953273877554452032e+00
1.841378687237694045e+00
1.944227231793913546e+00
1.931145689329573090e+00
1.883430802793652603e+00
2.041658367458280221e+00
2.112070569311962132e+00
1.912407391100495735e+00
1.799143393701733595e+00
1.932739221000602914e+00
2.082143463342789325e+00
2.314415890153902033e+00
2.157327612409747797e+00
2.314101388580218188e+00
2.193966018843050758e+00
2.244933832522127748e+00
2.231341744269479843e+00
2.226809317333994453e+00
2.348931880022180341e+00
2.379944936091224594e+00
2.327785838107097494e+00
2.294104992527195908e+00
2.385260079620703522e+00
2.274173407908015587e+00
2.306626832661054394e+00
2.393506032073135614e+00
2.409616951286901454e+00
2.454947506944090030e+00
2.515870371413383655e+00
2.499977643960740625e+00
2.387262960073111895e+00
2.264180336339286725e+00
2.221581430534040447e+00
2.326604964526256314e+00
2.136576244592776952e+00
2.306966439262040591e+00
2.204239058233630644e+00
2.365949246500278047e+00
2.385243852458252878e+00
2.226568081874463090e+00
2.014205147540710783e+00
1.979702619462245128e+00
2.008673350766992716e+00
2.071578579994967306e+00
1.899260946736354816e+00
2.053835205705400124e+00
2.060436950526021160e+00
2.310039723163319181e+00
2.342576659173938314e+00
2.305436700899145208e+00
2.401812355486840911e+00
2.500509991978796531e+00
2.428191550520728992e+00
2.480828765108453737e+00
2.427153827772273953e+00
2.382906339484752500e+00
2.389854208829537807e+00
2.160922714978951387e+00
2.175314017412125267e+00
2.291569035129810583e+00
2.256807317126891643e+00
2.407040854831948629e+00
2.033212859006874762e+00
2.161415862064220761e+00
2.151908596205680535e+00
2.275426121077269936e+00
2.035848984910459514e+00
1.871598341822650502e+00
1.909083228091072559e+00
1.955749969042456016e+00
1.778245975053486028e+00
1.864288183506716878e+00
1.868777619736426088e+00
1.951995827786495719e+00
1.812746861864125147e+00
1.674435980601673313e+00
1.722667366661554400e+00
1.815779549047292551e+00
1.840574237632778942e+00
1.791643242695112548e+00
1.655784432585210686e+00
1.509859384974497898e+00
1.563924898630999483e+00
1.665165306404980949e+00
1.600508526733883885e+00
1.657423694451553020e+00
1.732194789167205373e+00
2.019891112026917401e+00
2.035109821146895648e+00
1.943661047619625659e+00
1.906512335419238369e+00
2.071473663826232325e+00
2.251978504665156144e+00
2.174910778096484698e+00
2.071343650321217478e+00
2.040760249656365932e+00
1.985811976185403616e+00
1.879081930036919479e+00
1.902401559031724032e+00
1.977486862876018492e+00
1.909733254662260737e+00
1.819952068468929873e+00
1.833311815831718095e+00
1.997032567356574750e+00
2.197377468934045730e+00
2.030771722389102862e+00
