22.522
22.883
23.366
23.139
22.387
21.789
20.252
21.224
17.958
20.555
21.143
21.035
21.220
21.249
22.247
19.258
18.817
17.246
16.757
18.727
22.156
23.301
20.452
17.786
18.055
19.276
20.332
17.822
20.886
22.267
21.314
19.678
23.543
24.840
22.961
24.913
23.605
23.201
24.439
22.098
21.615
25.320
26.373
24.816
26.790
26.394
26.043
25.933
26.352
26.187
20.266
21.373
25.630
23.745
26.883
23.946
23.981
21.717
25.905
25.793
26.076
23.972
23.729
26.425
25.736
25.039
19.787
23.814
27.563
24.999
25.486
26.287
26.704
23.304
23.894
22.318
23.204
26.292
25.849
26.672
26.070
19.978
20.828
18.367
17.787
17.218
15.836
18.081
20.897
20.637
21.603
26.464
23.028
19.454
22.378
24.266
24.031
25.127
19.876
22.524
23.212
25.583
26.870
22.856
24.790
20.497
25.633
22.214
24.865
25.215
26.308
25.616
21.906
19.884
19.872
22.942
22.879
21.194
19.545
18.405
18.670
19.747
19.270
17.410
18.780
16.313
15.541
18.054
16.510
18.307
17.530
19.976
18.546
18.555
17.184
19.355
17.525
15.945
17.887
18.086
19.499
19.246
19.494
19.581
19.989
18.741
19.429
19.063
19.510
18.541
17.681
17.987
18.860
19.037
19.202
20.393
19.809
18.271
18.430
18.404
18.277
19.467
18.579
18.346
19.427
18.664
13.163
19.713
18.254
16.844
18.783
16.156
16.581
18.841
19.171
17.895
16.109
19.628
20.160
18.092
15.162
17.875
19.503
19.087
20.784
19.682
20.250
17.901
18.942
16.463
16.761
19.272
19.405
18.757
18.898
18.836
19.019
19.476
18.687
18.297
18.599
19.180
18.246
19.073
18.228
18.947
18.576
18.867
19.357
19.308
19.230
19.220
19.336
19.298
19.231
19.086
19.183
19.407
19.207
18.411
17.668
18.026
18.801
18.540
17.211
18.990
18.942
19.175
18.390
18.891
18.974
18.503
18.899
19.423
18.715
18.423
18.874
19.262
19.650
17.520
19.483
18.675
19.181
17.714
18.480
16.559
19.486
19.273
19.186
18.395
17.728
21.058
20.280
19.986
17.857
16.860
20.421
20.153
20.870
18.292
18.405
18.923
19.152
19.255
19.490
18.858
19.148
18.171
18.743
18.593
18.669
18.653
18.128
18.925
18.469
18.223
18.551
18.852
18.881
18.646
17.930
19.215
18.996
18.762
18.885
18.485
18.118
19.002
18.618
18.423
19.211
18.641
19.197
18.167
19.208
18.462
19.813
19.119
18.678
17.472
17.828
18.362
19.094
18.561
18.613
18.786
19.156
19.056
19.176
19.007
19.180
19.155
18.608
18.203
18.276
18.656
18.620
18.675
18.817
18.665
19.073
19.251
18.697
18.650
18.429
17.878
19.162
18.676
18.548
18.333
18.332
17.670
18.416
18.801
17.137
16.813
16.869
18.313
17.889
18.646
18.651
17.184
18.437
18.181
18.348
18.687
18.666
17.428
17.939
19.266
18.489
18.353
18.190
18.401
17.803
18.064
18.252
17.920
18.079
17.409
18.738
18.804
18.595
18.489
18.557
18.556
18.731
18.802
18.748
17.674
18.216
17.863
17.275
18.386
18.005
18.711
18.773
18.699
17.181
19.286
18.689
18.400
18.755
19.872
18.768
18.660
18.641
18.539
18.942
18.670
18.683
17.078
19.466
18.124
16.731
18.108
18.246
17.973
18.837
19.035
19.277
18.391
18.769
18.447
18.095
19.377
18.546
18.867
18.450
18.926
16.355
15.679
18.887
17.997
17.440
16.024
16.565
17.588
15.687
16.735
17.165
16.731
16.490
16.591
16.953
17.259
15.757
20.565
20.748
21.372
21.017
21.510
21.456
20.282
21.160
19.198
21.028
20.317
20.833
20.525
20.541
20.466
19.334
20.625
20.459
20.100
18.030
21.241
20.985
20.810
21.839
21.391
21.572
21.699
21.737
21.523
21.594
21.202
19.565
18.034
21.439
21.353
18.841
16.664
21.382
21.821
20.078
20.668
19.743
18.399
18.550
17.916
18.153
17.069
15.943
16.712
16.755
16.091
16.047
16.225
15.724
16.701
16.463
16.686
16.341
16.615
16.957
17.010
15.411
14.433
15.783
15.980
14.279
14.572
14.750
14.593
14.998
14.765
14.979
13.088
13.141
13.623
14.263
14.517
14.372
14.804
15.982
15.042
15.870
16.173
16.243
16.140
16.177
16.264
16.613
13.898
13.604
15.439
14.728
15.828
16.146
15.075
15.422
16.032
16.357
16.010
15.525
15.821
15.958
15.197
16.098
15.748
16.370
15.998
16.193
15.465
16.451
15.342
13.654
13.644
14.523
14.681
13.739
13.616
13.828
15.440
15.902
15.815
15.904
14.919
16.862
16.259
14.437
13.375
14.722
13.290
13.276
13.181
13.439
12.861
13.090
12.651
13.008
12.874
15.687
15.615
13.923
12.686
13.901
12.973
13.211
13.055
13.674
12.873
13.384
14.698
13.419
13.696
14.108
13.175
11.651
13.937
14.164
13.101
13.280
12.766
12.888
12.364
12.624
12.904
12.858
12.312
13.419
12.891
13.446
13.261
12.263
11.353
13.315
13.454
13.315
12.896
13.242
11.333
12.927
15.579
14.474
13.213
13.488
13.798
13.463
13.261
14.356
15.168
13.829
15.128
15.689
14.478
14.602
15.293
13.612
11.624
13.102
13.363
13.013
14.485
15.402
12.814
13.754
13.036
12.230
13.090
12.478
12.985
11.932
13.200
12.000
12.237
11.086
11.095
12.516
12.325
10.130
12.284
16.100
12.977
11.684
12.677
11.138
11.963
15.019
12.246
11.367
12.066
10.243
10.075
12.311
9.744
10.151
11.986
13.205
11.446
12.059
10.641
12.579
11.248
11.715
11.695
12.756
13.678
10.691
11.169
12.656
13.960
14.735
14.807
11.032
11.985
12.485
12.791
15.207
13.935
14.585
14.521
15.029
13.556
13.206
15.688
15.860
16.142
14.234
13.425
11.889
14.229
13.552
13.962
11.517
13.188
13.726
14.233
13.822
15.043
14.688
16.722
16.964
14.457
16.500
15.202
17.038
13.998
15.074
15.085
13.132
16.339
15.460
15.817
17.737
18.219
17.044
17.812
14.167
17.786
18.208
18.197
18.894
18.453
17.352
17.985
17.863
17.640
17.781
17.960
17.212
15.102
18.112
17.887
17.263
17.219
17.739
16.837
18.007
17.814
17.880
17.246
18.118
18.302
18.337
18.322
18.100
18.437
18.360
18.351
18.255
18.187
18.210
18.307
18.275
18.221
18.297
18.091
18.309
17.685
17.902
17.769
14.624
17.677
17.213
17.736
18.961
18.343
17.719
17.154
18.357
17.671
17.900
18.406
18.104
18.021
17.738
18.027
17.958
15.920
16.587
17.358
14.982
14.773
18.241
18.790
17.606
16.846
19.706
17.182
20.300
19.626
20.862
19.282
20.524
20.793
19.949
21.454
20.793
21.371
21.435
18.743
21.290
21.458
21.375
19.689
17.274
17.312
18.436
17.886
19.059
19.622
19.863
21.757
22.248
21.036
17.664
18.009
21.333
21.583
21.433
21.604
21.268
21.678
20.574
21.545
21.326
20.545
19.327
20.416
20.549
17.850
19.617
20.641
19.899
19.610
19.431
22.042
20.789
16.909
21.033
19.969
19.781
20.299
19.923
20.796
17.111
20.237
20.554
20.206
20.976
20.636
18.951
20.540
17.502
20.688
18.277
15.765
17.190
20.864
21.265
21.727
20.930
21.496
21.470
21.322
17.672
18.570
17.576
21.586
17.862
20.959
19.831
17.664
18.910
21.626
22.085
17.872
20.944
16.966
18.037
17.944
19.224
17.183
16.678
15.987
20.393
16.368
19.526
20.253
17.439
21.157
17.535
17.471
17.663
20.915
18.119
15.842
12.313
19.308
23.779
24.133
23.575
23.029
24.447
24.135
22.007
23.439
23.315
21.156
23.675
24.179
22.524
22.968
15.790
17.190
17.249
19.272
18.435
18.573
13.565
13.848
11.207
13.061
14.011
13.786
13.575
13.653
13.176
13.390
13.758
10.731
10.798
10.457
10.931
10.820
12.379
14.021
15.353
13.054
15.707
15.127
15.210
12.596
15.327
15.836
15.812
15.386
14.712
15.741
15.607
15.188
15.545
15.513
16.075
14.966
16.372
15.885
14.880
15.649
15.980
9.754
12.540
11.135
12.761
12.692
16.260
16.036
15.761
15.297
15.454
14.884
14.413
15.294
16.018
15.867
14.783
14.465
14.479
14.426
15.854
15.407
12.906
14.656
14.894
16.382
15.246
15.574
15.922
16.176
15.545
15.535
15.799
15.831
15.303
15.442
13.260
14.684
13.760
15.569
15.544
16.081
15.913
15.567
15.851
15.561
15.516
15.906
15.609
15.634
15.471
15.804
16.232
15.994
15.732
16.583
14.232
14.498
15.951
15.375
15.705
15.466
15.723
15.763
16.037
15.997
16.106
16.018
15.861
15.095
15.760
15.983
15.561
16.195
16.850
16.729
16.461
16.575
14.745
15.914
16.601
15.939
16.832
16.635
17.126
15.957
16.346
17.223
15.454
16.551
12.782
15.746
17.494
15.493
16.014
16.565
16.688
16.656
15.079
16.356
15.459
17.169
16.964
16.846
17.510
15.936
15.991
16.770
16.767
16.486
16.682
16.738
16.646
16.278
16.775
16.921
17.093
17.208
15.782
17.241
14.492
15.979
14.606
14.179
12.678
13.634
16.507
17.001
14.158
16.910
17.569
17.741
17.259
16.675
17.031
17.246
17.198
14.454
12.626
13.770
14.476
13.746
14.862
15.356
13.388
16.889
15.517
17.248
17.258
17.023
16.567
17.232
16.814
11.674
13.628
16.608
17.328
14.188
16.120
16.976
16.826
16.237
16.569
17.530
16.127
16.656
16.379
17.036
17.351
16.984
16.136
16.306
16.950
16.872
17.001
16.083
16.580
17.202
16.844
16.838
16.085
16.179
16.618
16.402
16.986
16.750
16.891
17.006
16.706
15.117
14.017
17.380
16.873
16.130
16.563
16.501
16.562
16.607
16.189
16.983
16.338
16.387
17.115
16.919
17.561
17.407
15.864
16.852
16.205
16.861
15.676
15.943
16.497
16.687
17.692
17.007
16.758
16.870
16.893
16.836
16.831
17.222
17.000
18.477
17.255
16.549
17.388
17.132
17.182
16.968
16.928
17.268
16.890
17.056
17.019
17.198
17.215
15.931
16.679
16.691
17.300
17.219
16.907
16.429
16.951
16.702
16.737
15.173
16.845
16.138
16.927
16.728
16.972
15.876
16.999
16.942
16.538
16.463
15.915
15.105
15.506
16.496
15.232
16.247
16.079
15.993
16.507
16.206
14.090
15.060
15.976
15.882
17.381
16.982
16.706
16.542
16.127
16.516
16.734
16.660
16.126
16.878
16.631
15.909
17.021
17.183
16.962
17.130
16.836
17.009
16.669
16.849
16.902
16.728
16.743
17.015
17.106
16.996
16.763
16.027
17.173
16.420
16.479
16.355
17.029
16.652
16.876
16.606
16.732
16.621
16.857
17.407
16.326
15.844
17.000
16.771
16.846
16.303
16.416
17.194
16.073
16.729
16.982
16.952
16.635
16.315
15.982
16.042
17.429
16.638
17.101
15.994
16.592
15.879
16.827
15.477
16.030
16.371
16.809
15.816
14.730
15.272
12.356
15.631
14.285
16.539
15.309
14.718
16.664
15.598
15.302
13.729
16.810
16.662
16.283
16.906
16.706
15.998
16.504
16.279
16.662
17.187
15.672
16.884
16.840
15.703
17.313
17.861
16.527
16.293
16.332
16.051
16.001
15.399
15.395
15.640
15.764
15.732
15.617
15.590
15.449
15.362
15.293
15.426
15.555
15.614
15.488
14.043
15.231
15.617
15.501
15.716
15.323
15.393
13.776
15.199
13.708
15.414
14.299
9.966
10.355
11.865
15.481
15.343
15.334
15.355
15.581
15.780
13.954
14.999
15.566
14.789
14.694
14.913
15.562
15.513
14.352
15.712
15.589
14.589
14.009
13.633
14.135
15.232
16.182
15.884
15.675
15.586
14.876
15.391
16.097
15.489
15.777
15.886
15.786
15.683
14.447
15.446
15.200
15.010
15.657
15.940
15.742
15.832
15.738
15.955
16.165
15.600
16.041
14.952
13.891
13.532
14.522
14.285
15.551
15.302
15.524
14.234
15.611
15.479
14.615
14.754
13.746
14.833
15.179
15.374
15.065
15.382
13.787
15.267
15.348
15.694
15.168
15.405
15.676
15.204
15.391
15.304
15.601
12.333
15.888
11.425
10.495
14.339
14.067
14.345
14.412
14.127
14.506
14.448
15.103
15.274
15.034
13.470
14.836
12.956
14.303
14.252
14.571
14.243
14.368
14.367
14.303
15.690
15.758
15.958
15.566
16.613
16.497
16.214
16.582
16.495
16.852
17.058
17.785
16.912
16.739
16.116
16.703
16.609
15.587
17.146
16.745
16.475
16.178
16.375
13.772
14.206
16.111
14.387
14.698
15.995
15.761
14.696
15.372
16.032
17.286
15.151
16.506
15.345
14.720
15.199
17.198
16.406
17.315
17.272
17.387
17.214
16.450
16.123
16.877
15.234
14.157
15.732
13.985
15.889
12.045
11.338
12.184
11.049
9.771
15.029
15.998
13.998
13.742
14.033
12.593
11.158
10.520
14.184
15.374
14.892
14.938
11.866
11.856
12.059
14.677
14.736
14.816
14.714
15.303
14.778
15.381
15.843
14.775
15.248
14.910
14.913
15.363
15.279
15.036
14.135
13.651
14.012
14.497
12.621
11.349
12.949
12.955
10.298
11.604
11.781
14.473
12.230
13.244
11.868
11.367
11.265
10.883
12.341
13.483
11.155
11.271
9.904
11.034
13.028
13.655
13.538
13.166
13.035
8.141
11.458
11.769
11.927
11.777
11.873
11.894
12.179
12.026
11.976
12.516
12.161
12.096
11.723
11.992
11.583
11.806
11.820
11.498
10.966
11.298
11.670
10.042
12.243
11.986
11.305
12.317
12.588
11.670
11.846
13.159
14.232
14.020
12.927
14.063
13.512
13.264
13.472
13.090
14.616
12.973
12.874
13.729
12.102
12.383
12.391
13.032
12.729
12.351
13.375
13.003
10.607
11.702
12.819
13.743
13.066
13.417
13.106
13.914
13.158
13.752
13.444
13.182
12.551
12.422
11.704
12.777
13.283
14.420
13.481
13.844
13.758
14.105
14.053
14.403
14.415
14.351
14.364
14.918
14.487
14.633
14.669
14.935
14.740
13.967
14.273
14.222
14.638
14.590
14.080
14.410
14.618
14.243
14.874
14.700
14.214
14.290
14.007
14.045
14.284
13.952
14.188
13.488
13.728
13.658
14.035
13.948
14.160
13.934
14.039
14.091
13.362
13.767
12.856
13.419
13.818
13.463
13.813
14.320
14.532
13.674
14.097
13.676
14.828
14.363
14.235
13.864
14.543
14.773
14.606
14.681
14.528
14.491
14.637
14.353
14.751
14.567
14.016
14.339
14.406
14.307
14.179
14.144
14.519
13.842
14.274
14.536
14.247
15.225
14.186
13.552
13.985
14.053
13.363
13.805
13.378
13.241
14.017
14.659
14.395
14.708
14.336
14.007
14.855
14.487
14.578
14.692
13.701
13.152
13.679
14.411
15.045
14.627
14.472
14.733
14.654
14.920
13.702
14.289
13.177
13.471
14.223
13.150
13.845
13.154
14.472
14.447
14.407
14.879
14.225
14.462
14.354
14.717
14.675
14.597
14.809
14.389
14.267
14.130
14.215
14.095
14.394
14.838
14.310
14.455
14.532
14.041
14.799
13.718
14.702
14.643
14.557
15.075
14.704
14.428
14.829
14.612
14.669
14.965
14.368
14.756
13.454
14.227
14.781
14.591
13.363
13.876
14.041
14.206
14.382
14.224
13.516
14.124
13.402
13.445
14.352
13.943
13.794
14.068
13.730
13.701
14.222
14.047
13.792
14.423
13.879
13.827
13.781
13.487
14.092
14.081
13.818
13.758
14.126
14.228
14.212
13.456
13.675
14.784
14.457
14.937
14.381
14.380
14.460
14.010
14.165
14.322
13.898
13.724
14.202
14.805
14.694
14.310
13.773
13.875
13.824
13.778
14.132
13.809
14.654
14.481
14.722
14.068
14.023
13.931
13.608
13.888
13.885
13.871
14.493
14.365
13.880
13.548
13.754
14.053
13.838
14.727
14.346
14.228
14.030
14.222
13.518
13.612
13.844
13.189
13.676
13.147
14.517
14.122
13.882
14.135
14.368
14.247
14.177
13.761
14.000
14.316
14.471
14.401
14.074
14.161
13.823
14.026
14.486
14.098
14.449
14.428
13.898
14.549
14.488
14.796
14.691
14.215
14.562
14.765
14.711
13.952
14.046
14.695
14.167
14.247
14.304
14.094
14.196
14.095
14.677
13.888
14.441
14.432
14.097
14.325
14.407
14.074
14.063
14.320
13.649
14.099
14.387
14.672
15.052
14.231
13.743
13.907
14.294
14.113
14.207
13.817
13.349
13.344
13.717
13.024
13.619
13.312
14.514
13.956
13.927
14.110
13.883
14.484
13.029
13.184
13.538
12.624
13.431
13.060
13.528
13.787
13.977
13.676
13.344
13.568
13.559
13.518
13.739
12.605
13.280
13.621
14.547
14.100
14.119
13.779
13.794
14.750
15.000
13.352
14.102
14.296
14.021
13.886
13.647
12.885
13.473
13.060
13.308
13.083
13.561
14.326
14.337
13.591
13.530
13.962
14.235
14.103
13.758
13.280
14.076
13.480
13.495
14.144
12.943
12.870
12.954
13.190
12.915
13.113
14.255
13.507
13.690
14.173
13.675
14.231
13.679
14.136
13.923
13.598
12.937
10.191
12.803
13.283
12.837
13.097
12.667
11.988
12.664
12.735
13.104
13.233
13.725
13.588
13.041
13.804
14.048
13.939
14.084
13.879
14.186
13.155
14.140
13.768
13.896
13.862
13.917
13.966
13.549
14.426
14.180
14.127
13.785
13.635
14.192
13.617
14.162
14.209
14.032
14.282
14.430
14.259
14.604
14.429
13.987
14.217
14.152
14.136
14.344
14.096
14.109
14.459
13.449
13.761
13.277
13.155
13.541
13.307
13.671
14.012
14.083
13.431
13.482
14.025
13.453
14.206
13.900
13.960
13.426
13.349
13.351
12.784
12.704
12.958
13.384
13.378
13.117
13.130
13.095
13.290
13.503
13.498
13.419
13.762
13.113
13.288
13.303
12.990
13.170
13.619
12.794
13.347
13.380
13.269
13.728
13.880
13.822
14.242
14.137
14.044
14.141
13.002
12.703
11.155
14.005
14.089
14.325
13.687
14.376
13.578
12.523
12.599
12.731
12.598
12.192
12.409
12.784
12.570
11.611
12.435
12.364
12.527
12.002
12.595
13.503
13.680
13.431
13.540
13.286
13.410
13.485
12.690
13.243
13.541
13.474
13.072
13.177
13.878
14.354
14.774
14.506
13.628
14.322
14.350
14.178
14.322
12.996
13.308
13.777
14.103
14.090
14.616
14.244
15.346
15.307
14.714
14.857
14.376
15.677
15.367
16.234
15.771
13.240
14.762
13.427
12.697
13.479
13.186
13.718
12.507
14.502
13.343
14.101
13.764
13.757
13.082
14.062
13.529
12.845
12.898
13.324
13.391
12.873
13.133
13.716
13.711
13.243
13.705
14.125
14.041
13.195
12.811
13.075
13.010
13.425
13.317
13.051
12.491
12.832
13.023
12.534
11.918
12.140
12.286
11.121
10.956
12.057
11.806
11.185
11.234
11.384
11.349
9.780
11.542
12.066
11.285
10.981
11.655
11.780
11.431
11.885
11.361
11.770
11.309
11.557
11.137
11.358
9.871
11.328
11.423
11.351
11.720
11.531
11.534
10.856
11.174
11.619
10.908
11.677
11.378
11.909
11.442
11.477
11.513
12.199
12.084
12.444
13.420
12.669
12.394
12.301
11.227
12.161
10.210
11.200
11.265
11.087
10.403
11.755
11.618
11.763
12.492
12.451
12.963
9.837
11.303
11.051
11.073
11.402
11.663
11.145
11.012
10.947
11.326
10.888
11.412
11.957
10.988
11.804
11.117
11.079
11.025
11.939
11.403
11.354
11.239
11.615
11.669
11.425
12.006
12.085
12.975
13.339
13.155
11.918
11.951
12.286
12.130
12.374
12.204
12.880
12.234
12.100
11.291
12.220
12.013
12.347
12.027
11.864
12.956
12.076
11.792
11.834
11.896
12.331
11.650
11.593
11.731
11.654
10.949
10.575
10.776
10.648
11.133
11.529
11.032
11.177
11.358
11.358
10.884
11.158
11.255
11.269
11.542
10.992
11.740
11.111
11.131
10.573
11.259
11.322
11.371
11.906
11.003
11.145
12.062
10.635
11.654
11.211
11.990
11.792
11.109
11.625
10.942
11.622
12.186
11.397
10.947
11.248
11.252
10.554
11.183
11.117
11.391
10.783
10.739
10.346
11.325
12.047
11.544
11.035
10.705
11.451
11.027
11.903
11.670
11.859
11.977
12.169
12.185
12.791
12.321
12.680
11.017
12.123
11.779
10.863
10.751
11.229
9.406
9.397
11.253
11.756
12.124
11.658
10.939
11.172
11.249
11.537
10.886
11.743
11.557
11.337
10.853
10.823
11.389
10.827
11.815
11.527
11.219
11.170
11.423
8.730
11.664
11.434
11.347
11.367
11.274
11.238
11.630
11.513
10.435
10.620
11.384
10.405
12.197
12.120
12.051
12.008
12.563
11.826
11.499
11.831
11.474
12.162
11.725
12.090
11.004
12.386
12.019
11.573
10.994
12.112
11.112
12.193
12.265
12.078
12.544
12.273
12.156
12.608
12.347
12.522
12.474
12.219
12.317
12.548
12.451
12.690
12.922
12.182
12.206
12.252
12.491
12.134
12.793
12.128
13.042
12.641
12.188
12.639
12.339
12.340
11.467
10.686
11.512
11.563
11.261
11.112
11.184
11.634
11.587
10.899
11.654
11.334
10.949
11.227
11.157
11.619
10.901
7.331
7.937
7.908
7.493
7.474
10.817
8.521
8.271
8.008
8.157
7.918
7.195
8.733
12.074
11.173
11.616
11.631
11.571
9.013
10.300
10.833
11.074
10.631
10.674
11.577
12.005
11.321
11.476
10.686
11.074
11.435
11.044
11.249
11.787
10.141
12.228
9.606
9.151
9.205
9.920
9.416
9.958
10.010
9.210
11.472
11.090
10.723
10.724
9.209
11.856
10.282
9.723
10.557
12.097
11.800
12.000
11.969
12.040
12.463
12.247
12.238
12.065
12.239
12.258
12.152
11.897
11.693
12.067
12.146
11.720
12.314
12.048
12.246
12.205
12.147
12.353
11.813
11.942
12.215
12.270
11.903
12.361
12.501
11.956
12.148
12.049
11.840
11.960
11.899
12.144
12.102
11.861
11.738
11.835
11.654
11.585
11.703
11.798
11.627
11.690
11.888
11.943
11.614
11.706
12.038
12.122
10.613
12.025
11.669
11.889
11.644
11.845
11.850
11.734
12.120
11.725
11.840
11.773
12.169
11.755
11.802
11.645
11.581
11.790
11.816
11.548
11.501
11.466
11.528
11.654
11.516
11.697
11.354
11.707
11.721
11.562
11.687
11.772
11.506
11.678
12.142
11.763
11.556
11.635
11.846
11.630
11.899
11.991
11.517
11.756
12.096
12.465
12.004
11.881
11.880
11.777
11.357
9.816
10.384
9.169
11.940
10.900
9.387
9.835
10.696
10.860
9.735
9.854
10.534
9.210
7.230
7.467
7.983
7.995
8.244
7.457
7.238
8.162
7.950
7.061
7.110
7.738
8.037
7.047
7.232
7.347
7.997
7.774
7.883
8.399
7.828
7.401
7.778
7.349
7.610
7.203
7.463
7.668
7.640
7.114
7.330
7.258
6.303
4.251
7.564
6.594
7.496
7.118
7.330
7.181
7.105
7.336
7.118
7.238
7.293
7.035
7.553
7.199
8.203
7.165
7.162
8.925
8.686
8.316
6.492
7.124
8.084
7.302
7.248
6.945
6.534
5.629
6.367
6.781
5.806
7.104
5.884
7.316
5.770
5.578
8.045
5.561
5.582
5.154
5.889
5.872
5.267
5.750
6.218
6.171
3.289
5.514
5.023
5.562
4.259
4.609
5.241
5.459
5.522
5.555
5.118
6.628
7.029
6.239
6.612
7.034
5.930
9.741
7.653
7.071
5.543
6.744
5.994
6.634
6.091
7.723
7.770
8.186
7.272
7.692
4.252
8.474
8.141
4.621
8.121
8.222
7.064
8.517
8.318
8.175
8.346
8.609
8.231
9.078
8.634
8.840
6.353
9.330
7.559
7.501
7.799
7.879
7.685
8.653
7.684
8.436
7.966
8.011
8.587
8.799
8.085
8.363
5.361
6.915
7.552
6.623
8.406
9.371
9.240
8.553
8.519
8.550
8.166
7.957
8.424
9.076
9.532
9.310
9.299
9.260
8.856
8.849
8.160
7.167
8.920
8.787
8.175
9.161
8.605
8.158
9.291
9.358
8.543
8.576
8.683
8.803
9.000
8.371
8.651
9.143
9.120
9.274
8.783
9.007
9.178
8.507
8.927
10.550
11.439
11.542
12.875
10.113
10.076
11.410
13.127
13.160
9.662
10.088
9.639
12.314
10.817
12.915
11.066
11.835
8.583
10.749
11.277
11.596
14.373
14.802
15.406
13.510
12.957
13.043
13.962
14.190
13.957
12.330
12.775
11.424
11.121
12.420
10.390
13.595
13.225
11.965
12.335
10.394
13.945
12.608
12.119
8.356
12.070
11.834
12.333
11.904
12.043
12.294
10.656
12.962
11.699
12.449
12.828
13.455
14.639
13.600
15.738
15.013
15.994
18.797
19.509
19.399
16.721
16.899
18.814
18.669
15.034
18.747
17.366
18.961
19.188
19.293
20.241
19.407
19.311
18.369
18.377
19.190
19.385
18.795
17.580
18.100
17.842
16.038
17.770
18.512
13.720
15.887
13.722
14.654
13.117
12.884
11.587
14.893
13.855
12.332
14.628
15.126
18.944
13.913
13.727
13.314
13.191
13.428
13.928
16.110
12.284
13.177
13.527
13.225
13.639
13.918
13.298
18.594
18.560
16.395
16.621
15.441
18.631
17.810
17.513
17.893
17.578
17.995
17.358
17.445
17.818
17.522
17.114
18.275
17.224
18.121
17.513
18.331
18.368
18.349
17.638
18.931
18.369
18.480
17.748
18.057
17.859
17.840
17.540
17.398
17.005
17.480
18.469
18.449
17.506
17.379
18.442
18.048
18.227
17.499
17.759
17.634
17.001
18.500
18.696
18.237
18.577
18.132
18.426
18.472
18.740
17.157
16.636
18.306
18.642
19.130
18.960
18.272
16.647
16.081
18.469
18.554
17.360
18.407
18.217
16.693
18.069
17.404
18.860
18.039
18.112
17.994
17.000
18.289
17.590
17.643
17.899
18.409
18.315
18.208
17.614
18.309
18.195
18.316
18.389
18.395
16.109
17.242
17.154
18.482
18.167
18.517
18.451
18.124
16.775
18.344
17.581
18.022
19.416
19.302
18.351
18.981
18.495
17.770
17.489
18.241
17.730
18.306
16.147
15.930
17.385
17.593
18.589
17.405
16.585
17.432
18.432
19.341
19.246
18.395
18.845
19.054
15.918
18.381
18.221
18.052
17.267
18.289
17.617
18.465
18.538
17.056
16.385
16.408
16.350
19.299
17.722
18.612
15.488
18.073
18.367
18.730
18.503
18.077
18.469
18.425
18.508
17.959
17.138
17.078
18.391
17.879
16.749
18.237
18.683
18.475
17.856
18.231
18.518
19.263
18.589
18.616
18.144
17.901
18.190
18.365
18.340
18.206
18.496
18.147
18.388
17.720
18.645
18.406
18.081
18.555
16.914
17.873
18.629
18.365
17.981
16.205
18.294
17.779
16.698
15.256
15.197
18.593
18.459
18.469
18.227
17.319
15.358
18.177
16.656
16.648
16.585
17.681
18.329
18.494
17.066
19.170
18.526
18.213
17.275
18.724
17.897
18.604
19.331
19.319
19.234
19.506
19.308
19.305
19.629
17.892
18.844
18.052
18.618
17.829
19.657
19.705
18.346
19.655
17.103
18.797
19.115
19.513
17.249
17.657
18.313
18.359
18.545
18.607
18.380
16.105
18.445
18.497
18.521
17.700
18.480
18.764
18.454
18.429
18.387
18.124
18.255
17.631
18.248
15.870
17.940
18.208
17.553
16.394
18.301
17.869
17.549
16.203
17.901
16.622
18.256
17.766
16.437
17.730
16.108
18.018
16.619
17.203
16.906
15.539
17.607
17.756
17.629
17.777
17.564
17.343
18.138
18.285
15.671
17.994
17.711
17.639
16.476
17.005
17.892
16.604
17.525
17.397
17.560
16.623
17.236
16.134
16.831
17.289
17.324
17.297
14.564
16.405
18.869
18.300
18.700
18.645
17.197
18.100
16.954
18.780
18.695
18.383
16.937
16.126
16.275
15.020
16.467
15.941
18.321
17.738
16.151
18.223
18.275
18.478
17.782
16.571
17.172
17.291
17.221
16.852
17.522
17.804
17.038
16.439
17.470
16.512
16.059
17.782
17.987
16.654
18.127
15.300
18.112
18.291
16.613
17.303
17.395
17.866
18.081
17.138
16.131
16.931
16.714
16.816
16.711
16.700
16.540
16.484
16.866
15.820
15.667
16.365
15.940
16.273
16.145
16.308
16.936
16.097
15.829
16.121
16.342
16.562
14.771
14.948
15.685
16.319
17.010
15.820
16.612
17.386
16.554
16.530
16.390
16.657
16.909
17.003
16.397
16.781
16.648
16.228
16.994
16.384
13.631
15.163
16.602
16.451
17.121
16.459
16.686
16.902
16.364
16.396
16.075
16.339
16.555
16.587
16.823
15.749
16.416
15.601
16.502
16.471
16.315
16.585
16.577
14.798
15.951
13.978
14.453
16.270
13.427
15.154
16.732
16.215
16.382
16.374
15.425
15.678
15.425
15.289
15.669
15.921
16.006
16.552
16.497
15.458
15.963
15.519
15.201
14.397
16.227
15.580
15.154
16.995
14.953
14.878
16.758
14.680
16.094
16.405
16.455
16.420
14.311
16.151
15.883
14.490
16.803
17.047
16.006
16.412
16.523
15.384
16.253
16.571
16.456
16.853
15.418
15.185
14.343
15.449
15.811
16.201
16.549
16.800
16.944
16.566
16.862
16.720
16.807
15.871
16.004
14.897
15.677
16.089
16.734
15.189
15.755
16.191
16.639
16.762
15.475
15.360
16.107
16.837
16.257
16.445
16.471
16.749
16.674
15.772
14.164
16.763
16.649
16.753
15.983
16.875
16.735
15.943
15.937
16.352
15.048
14.900
16.305
14.890
16.425
16.108
14.605
15.112
14.828
15.950
14.497
14.479
16.230
15.859
16.853
16.363
16.485
16.019
15.892
14.918
14.447
16.509
16.375
16.453
15.173
15.568
16.181
15.976
16.242
14.590
15.574
16.555
16.518
15.121
14.041
15.348
15.713
15.926
16.302
16.568
16.241
15.740
14.722
15.889
14.243
14.979
15.913
16.334
16.099
15.718
16.744
17.422
16.752
16.792
16.828
16.190
15.669
16.471
16.726
16.594
16.750
17.353
16.766
17.350
17.523
17.421
17.516
17.538
17.463
17.531
17.251
17.595
17.792
17.200
15.346
17.458
14.512
14.417
14.705
14.881
15.008
13.414
14.633
14.674
14.475
14.968
16.373
17.498
17.407
17.303
17.413
17.425
17.433
17.449
17.304
17.326
16.724
17.558
17.410
17.457
17.282
16.141
17.131
16.938
17.171
15.858
17.285
17.412
17.407
17.288
17.424
15.102
17.391
16.642
17.410
17.353
17.438
17.312
16.352
17.142
17.194
17.352
16.962
17.112
17.421
17.189
17.200
17.357
16.366
16.325
16.969
16.690
16.525
16.729
16.870
16.814
16.569
17.034
16.562
16.532
16.580
16.856
16.499
16.721
16.573
16.408
16.475
16.999
16.663
17.737
16.859
17.581
16.462
16.593
16.613
16.929
16.558
16.864
16.950
17.582
16.592
16.578
16.005
17.717
17.035
16.340
17.222
14.294
13.982
13.797
13.346
13.044
12.310
13.161
13.959
13.410
13.597
12.647
12.914
11.879
12.029
12.942
11.469
11.468
11.829
11.810
11.338
12.027
12.312
12.039
11.435
10.908
11.969
12.034
13.037
13.044
13.633
12.397
13.759
12.975
13.140
13.354
14.082
13.191
11.944
11.845
13.995
12.304
12.043
12.986
11.141
12.137
11.955
12.617
11.606
12.441
12.081
10.316
12.322
12.558
11.979
12.313
12.352
11.793
12.655
13.171
17.293
17.714
18.071
18.119
18.290
17.713
17.920
17.355
17.904
18.161
18.067
17.370
16.828
17.824
16.953
17.989
15.752
15.959
11.850
17.840
18.221
18.342
17.787
18.264
17.838
16.951
14.539
15.531
15.664
15.014
14.318
17.918
17.551
17.863
18.026
17.655
17.547
17.656
17.881
17.555
18.033
17.322
18.041
16.734
14.872
15.085
17.963
17.369
18.174
17.859
18.422
16.918
18.050
17.638
16.289
17.486
17.158
16.248
16.878
16.483
15.522
15.829
15.825
14.679
15.174
14.389
15.618
15.611
15.944
15.637
14.815
14.637
14.798
15.065
14.910
15.076
14.771
15.285
13.250
16.586
12.927
15.061
15.266
15.895
15.271
17.077
16.171
15.831
13.569
13.334
13.152
12.957
12.332
12.055
13.301
13.221
12.819
13.266
14.778
13.592
15.036
15.501
14.709
15.488
15.369
15.201
15.203
14.991
15.913
15.224
15.181
15.086
15.151
15.659
15.103
15.594
15.186
14.399
14.396
14.475
14.080
13.746
14.077
14.236
14.296
14.021
14.324
14.101
13.595
13.974
14.521
14.361
14.473
13.974
14.542
14.701
15.019
15.032
14.108
13.965
14.113
13.668
14.794
14.571
14.737
14.305
14.922
14.292
15.593
14.959
14.653
14.153
14.127
14.767
15.188
14.248
13.909
13.367
14.243
14.921
14.814
15.328
15.687
15.830
16.053
15.380
16.782
16.331
17.230
16.003
15.647
13.497
14.038
13.797
13.578
14.458
14.217
14.267
14.492
13.409
14.485
14.727
15.761
15.192
14.710
17.360
14.585
15.409
16.042
14.193
11.997
15.880
14.031
13.583
14.278
12.915
13.997
13.037
13.880
13.067
14.163
13.426
12.273
14.054
14.045
13.573
15.253
13.059
14.442
13.936
15.351
14.514
14.952
12.429
14.089
14.747
13.672
14.140
14.872
15.502
13.195
12.785
14.906
14.772
15.163
15.349
14.999
14.563
15.814
16.271
15.353
15.129
15.431
14.589
15.482
15.646
15.659
16.481
16.473
13.526
14.888
14.425
15.794
15.283
14.319
14.685
14.885
14.426
14.679
15.353
13.481
13.302
13.427
12.271
13.138
12.738
12.744
12.920
12.679
13.812
13.467
13.647
12.222
13.269
12.811
13.123
13.425
14.828
13.954
13.512
13.481
13.651
13.121
13.665
13.461
15.802
13.054
13.485
14.084
13.287
12.489
13.222
12.097
12.523
12.065
11.090
12.107
12.463
12.068
11.942
12.072
12.375
12.651
11.773
12.694
12.465
10.254
12.027
11.584
10.169
10.366
10.384
10.486
10.414
10.551
10.480
9.503
10.011
10.314
9.588
9.287
10.175
9.784
10.042
9.011
8.396
9.851
9.610
7.438
10.751
10.083
10.216
10.710
10.642
10.180
10.791
10.625
9.602
10.943
9.927
11.186
8.805
10.827
10.723
11.003
11.233
10.810
10.967
11.183
10.705
7.884
8.449
9.621
10.959
10.046
9.854
10.782
11.585
9.429
10.191
9.649
10.990
10.227
9.577
9.281
9.543
9.266
9.909
9.782
10.324
9.233
10.407
10.396
8.513
6.910
10.475
6.818
9.041
8.666
4.639
9.285
9.406
9.693
8.017
9.327
8.776
9.394
8.545
8.784
9.385
7.351
8.188
7.171
9.016
9.586
9.726
9.479
9.649
9.591
9.396
9.441
10.022
9.560
9.666
9.901
9.691
9.335
7.719
8.874
9.295
9.363
9.221
8.693
9.506
8.696
9.910
9.350
10.160
10.273
10.342
10.809
10.273
10.242
10.178
10.493
9.651
9.716
9.977
10.020
11.206
10.435
10.807
10.957
10.948
10.033
11.114
12.180
12.364
11.866
11.943
12.695
11.716
11.565
11.851
10.625
10.428
10.692
11.276
10.415
12.953
10.507
11.837
11.066
10.364
9.485
9.831
9.814
9.921
10.607
10.124
9.897
10.300
9.960
9.046
9.093
9.409
9.011
9.613
8.852
9.444
9.894
9.973
10.038
10.287
9.490
10.214
9.962
10.442
10.363
8.703
9.318
10.074
10.646
10.738
10.777
10.539
10.541
10.449
10.551
10.021
10.336
9.885
9.931
9.761
10.105
9.963
10.417
7.418
9.848
9.665
10.131
10.020
9.674
10.590
10.787
10.690
10.334
10.556
10.340
10.216
10.083
10.129
8.556
10.355
10.572
10.522
10.668
10.818
9.543
10.550
10.839
10.783
10.790
10.561
10.430
11.167
10.465
10.522
10.229
10.433
10.543
10.319
10.505
10.767
10.660
10.816
10.579
10.896
10.588
10.409
10.513
10.339
10.379
10.342
10.406
10.469
10.327
10.127
10.232
10.506
10.269
10.443
10.192
9.558
10.552
10.210
10.427
10.482
10.458
10.786
10.446
10.527
11.029
10.430
10.207
10.063
10.659
10.598
10.863
10.854
10.726
10.535
11.109
10.793
10.836
10.819
10.284
10.316
10.313
10.170
10.346
10.330
10.544
10.753
10.408
10.727
10.546
10.794
9.455
8.699
10.366
10.699
8.607
7.598
8.110
10.491
10.354
10.365
10.524
10.400
10.328
10.936
10.079
10.539
10.296
10.343
10.456
9.526
9.146
9.228
10.027
9.938
8.084
9.505
9.922
9.857
10.615
9.926
10.366
10.607
10.853
10.050
10.295
10.616
10.213
9.919
10.342
10.239
10.445
10.246
9.985
10.402
10.327
10.367
10.295
10.159
9.747
10.525
10.419
10.385
10.347
10.406
9.941
10.160
9.668
8.112
10.026
10.357
9.243
8.685
9.011
10.302
10.471
10.474
10.425
10.399
9.598
10.312
10.303
9.659
10.371
10.341
10.348
10.411
10.162
10.645
10.564
9.500
10.326
10.245
10.312
10.278
10.251
10.280
10.232
10.247
10.476
10.313
10.646
10.410
10.520
10.300
10.396
10.649
11.140
10.742
11.146
10.689
10.595
10.475
10.303
10.705
10.603
10.580
11.707
9.702
11.351
10.512
10.691
10.536
10.820
10.883
11.220
11.302
10.379
8.855
8.041
7.019
9.182
10.535
10.852
11.465
10.730
11.128
11.155
11.062
11.288
10.272
10.530
10.205
10.221
10.105
10.444
10.963
9.935
10.547
10.420
10.370
10.675
10.312
10.419
10.392
10.624
10.689
10.156
10.181
10.600
10.466
10.401
10.362
10.588
10.277
8.597
10.851
9.615
10.456
10.517
10.586
10.963
10.447
10.788
10.644
10.517
10.567
10.578
10.488
10.545
10.472
10.513
10.417
10.495
10.439
10.486
9.003
9.315
10.393
9.933
10.051
9.576
10.233
10.414
9.600
8.472
7.836
8.648
10.373
9.995
10.500
10.343
10.584
9.922
8.811
8.909
9.337
9.822
10.162
9.770
9.990
9.986
10.281
10.579
10.475
10.725
10.503
10.405
10.702
10.545
10.574
10.285
10.729
10.591
8.712
10.289
10.460
8.349
9.281
9.652
10.331
10.500
9.817
9.936
10.396
9.098
8.183
8.002
8.576
9.179
10.095
9.893
9.120
9.861
8.692
10.614
9.354
10.170
9.303
10.590
10.583
9.864
11.204
10.283
10.555
12.709
10.464
10.532
10.994
11.803
10.158
10.104
12.064
10.737
11.234
10.763
12.799
11.680
11.853
10.983
10.999
12.334
10.608
9.243
10.242
9.749
9.361
9.592
12.161
9.992
9.339
10.846
9.984
11.456
11.566
11.757
12.446
11.761
12.299
11.038
11.116
11.548
11.946
11.273
10.887
12.276
12.986
13.084
12.717
10.881
12.506
12.627
12.449
11.331
12.820
12.847
13.025
12.931
13.082
12.298
12.980
13.322
12.968
12.036
13.054
11.745
13.035
12.512
13.095
11.525
13.470
12.780
13.168
12.623
12.277
13.011
12.951
13.282
12.869
12.690
12.680
12.610
10.862
10.657
12.944
12.690
12.652
12.849
12.964
12.780
12.420
13.309
12.648
13.170
12.987
10.769
11.645
12.716
11.985
12.811
12.764
13.003
12.588
13.091
12.477
13.119
12.702
12.515
10.780
13.211
11.238
12.215
10.996
11.183
13.183
12.901
10.281
10.530
10.471
10.600
10.553
10.567
10.516
10.634
10.575
10.530
10.653
10.733
10.683
10.577
10.566
10.598
10.483
10.555
10.591
10.480
10.604
10.678
10.695
10.688
10.576
10.468
10.534
10.562
10.483
10.612
10.541
10.535
10.519
10.631
10.341
10.475
10.511
10.363
10.387
10.315
10.664
9.449
10.220
10.026
9.545
9.999
9.642
10.324
9.965
9.958
9.988
8.577
9.101
9.081
9.581
8.553
9.655
4.344
9.178
7.570
8.467
7.678
8.642
9.195
7.992
9.549
9.744
8.395
10.078
10.218
8.075
8.859
10.445
10.336
9.936
9.839
10.276
10.239
9.341
9.687
9.628
8.265
7.420
8.886
9.681
9.614
9.780
9.304
9.684
9.656
9.622
9.653
9.676
9.139
9.122
9.629
10.135
10.105
9.855
9.887
8.511
10.603
9.751
9.858
9.723
9.658
9.196
9.487
9.990
10.025
9.440
10.023
10.019
9.995
10.027
10.368
10.086
10.154
9.986
9.856
9.970
10.074
8.897
9.402
9.957
9.753
9.780
9.609
9.622
9.784
9.727
9.624
10.557
9.234
9.745
9.185
7.994
9.462
9.967
10.003
9.853
9.450
9.804
9.703
7.635
9.336
8.894
9.496
9.413
9.854
9.958
9.617
9.570
9.501
9.443
9.745
9.494
9.838
9.474
9.283
10.199
9.638
9.464
8.535
9.779
9.859
9.455
9.241
9.526
9.204
9.472
9.222
9.511
9.675
9.489
9.472
9.581
9.884
9.506
9.728
9.737
9.780
9.740
9.528
9.798
10.005
9.538
9.463
9.893
9.499
9.470
9.650
9.578
9.880
10.017
9.797
9.550
9.721
10.028
9.810
7.257
9.870
9.955
10.189
10.001
9.873
9.573
9.950
9.312
10.035
9.727
9.560
9.914
9.640
9.642
10.092
9.095
9.573
9.452
9.377
10.190
9.567
9.120
8.896
7.814
7.645
7.872
9.916
7.733
8.314
7.614
6.435
7.698
7.672
7.528
8.245
8.003
7.303
9.442
7.536
7.774
9.049
7.729
9.664
9.114
9.381
9.363
8.474
9.551
8.111
8.509
8.175
9.598
8.781
9.363
9.702
9.573
7.481
8.406
7.801
7.739
7.809
7.950
7.761
8.061
7.241
7.673
7.995
8.234
8.076
9.033
10.026
8.188
7.841
8.956
7.845
8.515
9.814
9.629
9.992
9.577
9.967
8.310
9.729
9.865
9.724
8.978
7.154
8.790
8.882
9.785
9.802
9.803
8.618
9.924
9.580
8.721
9.206
9.703
7.203
9.223
9.118
9.807
8.732
9.266
8.278
8.494
10.515
9.908
9.506
8.426
8.974
9.585
8.900
9.902
8.626
9.782
10.122
9.254
8.934
9.663
9.329
9.850
8.961
7.577
4.865
9.440
8.922
9.737
9.073
7.342
5.871
6.982
5.612
5.667
9.414
9.039
9.964
10.299
10.024
8.534
9.684
10.341
9.850
10.175
9.687
9.314
9.104
10.125
9.704
10.499
10.032
7.560
9.794
6.689
3.438
7.044
7.981
6.252
6.481
5.036
6.455
3.951
5.878
4.203
4.765
5.051
5.092
4.946
4.377
4.476
8.347
5.646
5.724
7.283
9.677
9.235
8.981
9.483
6.939
9.893
7.835
6.320
6.908
7.840
6.035
3.631
5.860
4.490
7.664
9.077
8.979
9.127
9.402
8.807
8.313
9.257
9.372
10.698
9.196
8.910
9.751
9.130
10.087
10.443
8.915
8.179
10.411
9.513
9.575
9.685
7.412
9.727
6.973
8.087
6.281
6.579
7.553
6.731
9.831
9.969
8.357
5.808
8.726
7.765
9.513
8.277
9.619
8.924
9.512
10.893
9.353
10.138
9.290
8.789
10.017
9.921
10.385
10.320
10.372
9.503
8.583
10.156
10.406
10.361
10.131
9.892
10.612
7.996
8.460
10.639
10.516
10.699
10.371
10.522
10.676
10.423
10.453
10.518
7.388
7.349
6.291
7.383
7.336
7.103
7.290
7.062
7.578
7.290
7.218
7.290
7.326
7.249
7.440
7.200
7.236
9.222
7.530
7.325
8.525
8.473
8.299
8.241
8.233
7.958
8.413
8.360
8.856
8.421
8.212
8.433
6.861
5.446
6.368
5.108
4.645
4.800
5.050
4.646
4.464
4.619
4.758
5.184
4.427
4.450
5.293
4.301
4.614
3.978
3.987
4.559
4.883
5.378
4.910
4.955
4.751
4.410
3.895
4.028
4.279
4.803
3.949
4.025
4.507
3.701
4.737
4.667
4.283
4.617
5.299
7.808
6.977
5.608
7.107
8.296
7.929
7.676
5.392
5.341
5.236
5.325
8.639
3.466
3.670
2.254
6.678
7.643
8.252
7.021
8.292
8.228
7.864
8.234
8.080
8.135
8.183
8.317
7.902
8.073
5.737
7.499
5.608
4.725
6.161
7.534
8.460
7.732
8.528
7.987
7.432
8.269
8.643
7.486
7.456
6.368
4.886
5.062
5.689
5.536
4.465
5.173
5.392
5.122
5.665
5.166
5.354
5.449
4.918
5.034
5.956
4.167
4.477
5.106
4.325
4.340
3.658
4.211
4.528
4.664
6.076
5.548
7.383
7.658
7.392
7.536
7.317
6.986
7.463
7.201
5.722
7.361
6.781
7.773
7.446
7.385
5.852
7.612
6.632
7.142
6.953
8.261
8.358
8.027
8.251
8.705
7.239
7.285
7.231
7.025
7.377
7.340
7.324
7.283
7.828
7.554
7.445
7.006
7.164
7.195
7.038
7.203
7.184
7.219
7.221
7.227
7.233
7.201
7.225
7.223
7.203
7.235
6.987
7.218
7.451
7.843
7.860
8.572
8.462
8.214
8.027
8.574
8.494
8.259
8.352
7.368
8.249
8.371
8.322
8.655
8.538
7.264
7.458
8.146
7.871
7.840
8.594
8.585
8.518
8.639
7.369
8.232
7.615
7.704
8.271
9.041
8.649
8.976
7.698
8.471
7.522
8.649
8.167
8.676
8.082
8.677
8.640
8.212
7.556
8.369
8.610
8.353
7.514
7.532
7.095
6.706
5.526
5.183
5.509
3.953
3.914
4.011
3.917
4.251
4.183
4.722
7.404
6.294
6.297
5.400
5.220
7.304
6.567
7.158
7.175
7.199
7.213
7.259
7.049
6.237
6.563
5.563
6.202
5.529
3.820
5.469
5.268
4.585
4.596
4.745
5.141
6.152
5.538
5.945
6.515
7.043
7.129
6.721
5.850
5.755
4.060
4.533
4.652
4.400
6.321
3.665
3.789
5.454
4.132
3.719
4.636
3.662
3.873
3.967
3.611
3.591
3.942
3.864
4.148
7.187
7.160
7.208
7.162
7.123
7.220
7.209
7.207
7.126
7.117
7.240
7.196
3.836
5.661
6.996
7.141
7.181
7.117
7.082
7.178
7.148
7.146
7.179
6.234
7.193
7.170
7.180
7.194
7.168
3.466
3.530
3.946
4.816
6.708
7.007
6.919
7.179
7.089
6.100
7.175
7.156
7.164
7.158
7.162
7.067
7.152
7.035
7.179
7.152
7.133
7.181
7.198
7.113
7.165
7.188
7.171
7.175
7.161
7.184
7.064
7.173
7.191
7.186
7.176
7.190
7.178
7.173
7.121
7.179
6.473
7.139
6.700
7.098
7.173
7.095
7.137
7.161
7.159
7.139
7.167
7.171
7.156
7.069
7.161
7.136
7.163
7.085
7.170
7.131
7.150
7.180
7.180
7.171
7.141
7.077
7.046
7.202
7.190
7.162
7.160
7.110
6.815
6.006
6.980
6.849
6.149
7.196
6.943
7.202
6.948
7.199
7.163
7.149
7.095
6.968
7.198
7.148
7.201
7.179
7.138
7.132
7.114
7.100
6.825
6.903
6.981
6.835
6.676
6.740
7.142
6.682
6.701
6.615
6.903
6.545
6.775
6.553
7.142
7.068
7.194
7.164
7.167
7.173
6.789
6.989
7.192
7.193
7.117
7.186
6.727
6.882
6.665
6.458
6.430
7.090
7.090
7.269
7.069
6.374
6.684
6.862
6.685
7.635
7.371
7.381
4.473
7.420
7.328
7.441
7.284
7.349
7.154
7.069
7.241
7.227
7.080
7.301
7.467
7.354
7.890
7.299
8.325
7.236
7.255
7.220
5.207
8.595
8.265
8.225
7.884
7.291
7.279
7.503
7.546
8.361
10.159
10.322
10.278
10.275
10.100
10.342
9.725
9.069
10.555
10.386
10.956
9.602
8.032
8.198
9.197
10.080
9.898
10.266
10.059
9.416
7.311
7.554
7.273
7.369
7.242
7.300
7.294
7.336
7.200
7.372
7.526
7.273
7.260
7.228
7.203
7.237
7.385
6.880
7.419
8.145
7.678
9.451
9.691
9.477
10.407
8.862
8.085
10.216
10.494
10.687
10.389
10.871
10.578
10.472
10.274
10.372
10.356
9.485
10.658
10.500
10.267
10.249
10.318
10.376
10.400
10.466
10.558
10.443
10.601
10.374
8.132
9.116
9.550
9.366
10.939
10.440
9.371
8.733
10.534
10.613
8.787
10.482
10.655
7.556
9.980
10.366
8.338
9.118
9.126
9.986
10.034
10.028
8.873
10.176
10.308
10.327
8.786
10.375
10.327
10.355
10.262
10.190
10.237
10.252
10.323
10.240
10.349
8.590
9.737
10.408
9.944
10.297
10.421
10.319
10.298
10.161
10.190
8.032
7.812
8.833
9.167
7.561
7.761
8.078
8.006
7.524
7.509
7.741
8.624
8.239
8.424
9.822
10.293
9.575
10.362
10.431
10.114
9.675
9.573
10.030
10.287
10.166
10.345
10.342
9.408
10.433
10.227
9.581
10.077
9.891
10.205
10.136
9.561
10.376
10.598
10.307
10.461
9.755
10.455
10.564
10.450
10.830
10.540
10.825
10.549
10.520
10.616
10.630
10.925
10.508
10.740
10.692
10.619
10.843
10.213
10.833
11.266
9.389
10.788
11.133
10.755
12.698
12.185
12.458
12.617
12.638
12.362
12.662
12.472
10.418
10.304
10.862
10.500
10.500
10.433
10.536
10.399
10.894
10.715
10.402
10.574
10.935
10.842
10.896
10.545
10.756
10.601
10.592
10.567
10.219
10.369
10.367
10.697
10.733
10.734
10.445
10.703
10.578
10.620
10.438
10.560
10.562
10.335
10.763
10.396
10.383
10.543
10.325
10.316
10.195
10.838
10.856
10.625
10.513
10.467
10.869
10.338
10.595
10.899
11.022
10.953
10.919
10.665
11.244
10.936
10.875
10.782
10.651
10.579
11.389
10.954
11.140
11.511
11.241
11.470
11.458
9.623
10.433
9.441
10.596
8.952
10.575
10.710
10.814
10.478
10.711
10.310
10.421
10.639
10.636
10.502
10.337
10.416
10.680
8.062
10.004
10.501
10.636
10.372
10.359
10.377
10.270
10.365
10.543
10.525
10.538
10.483
10.656
10.654
10.763
10.406
10.626
9.766
10.316
10.783
10.830
10.723
10.510
10.388
10.086
10.398
10.292
10.467
10.789
10.455
10.608
10.493
10.543
10.724
10.499
10.527
9.284
8.980
9.243
8.253
8.620
9.272
10.390
10.385
10.717
10.508
10.464
10.361
9.782
10.820
9.207
10.723
10.046
10.002
10.953
10.692
10.370
10.585
10.533
10.442
10.675
10.017
10.488
10.255
10.458
10.352
10.546
10.458
10.466
10.263
10.471
10.356
10.309
10.281
10.287
10.268
10.340
10.209
10.522
10.329
10.143
10.492
10.377
10.465
10.979
10.738
10.418
10.356
9.252
9.808
9.869
10.388
10.306
10.426
10.148
10.357
10.199
9.719
9.667
10.139
10.330
10.347
9.521
9.437
10.361
9.974
9.207
10.000
10.617
8.800
10.553
10.770
10.280
10.269
10.275
10.452
10.444
10.484
10.513
10.080
10.187
10.327
10.342
10.646
10.354
10.764
10.231
10.312
10.041
10.048
10.148
10.503
10.225
10.155
10.141
10.696
11.077
10.261
10.345
10.164
10.394
9.860
10.103
10.050
10.304
10.576
10.238
10.421
10.221
9.986
10.355
8.624
9.647
7.893
10.667
10.656
10.467
10.183
10.554
10.083
10.280
10.775
10.600
10.565
10.451
10.415
10.210
10.753
10.234
10.201
10.374
8.861
10.414
10.825
10.929
10.564
10.555
10.491
10.535
10.554
10.385
10.412
10.398
10.471
10.565
10.348
10.419
10.662
10.170
10.455
8.599
8.292
10.513
10.440
10.338
10.283
10.609
10.254
10.458
10.713
10.709
10.462
10.364
10.421
10.271
10.707
10.868
10.498
10.346
10.577
10.405
10.398
10.539
10.285
10.470
10.575
10.491
10.439
10.492
10.394
10.454
10.491
10.227
10.129
9.757
10.092
9.831
10.447
10.791
10.316
10.305
10.247
10.640
10.485
10.453
10.430
10.346
10.497
10.772
10.123
10.558
10.283
10.371
10.480
10.580
10.056
10.218
10.353
10.450
10.705
10.260
10.233
10.474
10.568
10.266
10.698
10.304
10.459
10.386
10.488
10.347
9.392
10.629
10.439
10.401
10.730
10.273
10.311
9.909
10.275
10.558
10.573
10.507
10.372
10.255
10.421
9.932
10.432
10.350
10.272
10.527
10.819
10.980
10.650
10.435
10.567
10.655
10.888
10.382
10.359
9.680
8.467
9.311
9.505
10.214
10.318
10.335
10.728
7.696
7.482
7.587
7.718
11.168
7.486
7.824
7.332
7.031
9.181
9.242
10.231
9.686
10.227
10.287
10.334
10.183
10.276
9.290
8.972
8.939
10.322
10.290
10.348
10.224
10.266
10.330
9.969
9.600
10.386
8.888
8.954
10.478
10.505
9.299
9.844
7.426
7.467
7.359
7.266
7.344
7.128
7.257
7.235
7.274
7.463
7.467
7.523
7.359
8.324
8.232
8.298
8.258
7.465
7.929
8.235
8.018
8.072
8.477
8.509
8.706
8.850
7.261
7.199
7.184
7.238
7.224
7.239
7.252
7.167
7.246
7.249
7.226
7.267
7.202
7.329
7.258
7.367
7.278
7.310
7.345
7.341
7.342
7.329
7.340
7.433
7.316
8.327
9.412
9.554
9.324
10.554
9.443
9.561
9.495
9.670
9.646
9.661
9.771
9.630
7.539
7.374
9.591
8.848
8.356
8.461
9.382
9.351
9.307
8.063
7.543
9.259
9.610
9.544
9.339
9.028
9.348
9.510
9.845
8.551
9.525
9.289
9.528
9.272
9.425
8.496
8.673
9.111
9.294
9.410
9.346
9.226
9.679
6.984
7.490
9.244
9.533
9.004
8.870
5.114
8.520
9.273
9.573
9.486
9.456
9.769
9.659
9.735
9.570
8.935
9.632
9.523
9.403
9.038
6.246
9.192
8.957
9.621
9.726
9.430
9.579
9.584
9.305
9.073
8.069
8.684
8.440
6.072
6.961
5.591
5.762
5.637
6.048
5.219
3.523
5.439
5.207
4.772
4.522
5.183
4.510
5.141
4.413
4.781
5.785
3.695
2.857
3.928
4.211
4.718
4.054
6.594
3.998
4.892
3.483
4.996
2.616
4.931
8.241
6.017
5.306
3.407
4.067
3.052
3.028
3.106
4.289
3.978
3.073
3.808
3.291
2.970
4.010
4.977
4.868
3.714
4.107
4.154
4.624
4.197
4.228
3.707
3.485
2.925
3.694
3.188
2.832
3.098
5.682
5.870
5.452
5.767
4.750
4.648
4.334
3.934
3.484
3.492
5.149
3.063
3.258
3.915
4.103
4.508
3.408
3.917
4.205
4.009
2.969
3.710
3.726
3.157
3.438
3.136
3.511
3.070
3.201
3.797
3.084
4.767
3.998
2.843
4.035
3.190
3.495
3.633
2.839
3.469
2.882
2.956
3.229
3.963
3.089
3.515
4.376
3.485
3.090
4.012
3.549
4.935
3.449
4.155
4.896
3.311
4.311
4.710
3.332
4.101
3.203
2.735
3.068
3.562
2.884
3.290
3.055
3.264
3.089
3.192
3.838
3.599
4.763
4.597
4.357
4.173
4.624
3.205
3.018
4.034
2.621
2.879
1.385
4.043
3.816
4.790
3.903
4.007
5.438
4.196
4.507
3.325
3.283
4.422
3.773
3.257
4.682
3.290
3.163
3.779
3.890
3.233
4.788
3.439
3.258
3.949
4.678
3.397
4.176
3.153
3.184
3.417
3.272
2.855
4.267
3.518
4.706
4.676
3.593
3.683
3.695
4.194
5.312
3.638
3.758
3.863
4.937
3.916
4.141
4.931
4.925
3.045
5.183
3.937
4.990
4.526
4.602
4.487
4.368
5.199
3.697
5.514
4.678
4.976
3.300
3.721
4.527
4.540
5.683
3.666
3.239
2.709
3.175
3.365
5.252
2.973
6.005
3.182
4.772
5.421
5.447
3.553
3.183
4.412
3.691
3.409
4.024
4.844
4.456
4.418
3.238
3.361
4.263
3.100
3.040
2.743
2.981
2.609
3.451
2.696
2.219
2.158
2.394
2.567
2.740
3.441
3.217
3.410
2.925
3.119
2.626
2.828
2.889
3.018
2.608
2.643
2.840
3.063
3.686
3.005
3.079
3.782
2.835
2.720
3.672
2.355
2.875
2.917
1.884
2.481
2.723
2.780
2.555
2.479
3.071
3.057
3.386
3.083
3.781
3.129
3.026
3.050
3.616
3.110
3.462
2.566
3.400
3.618
3.452
2.638
3.257
3.999
4.421
3.337
5.713
7.198
5.749
5.680
6.162
4.820
4.198
3.805
5.204
4.543
4.582
5.753
4.701
3.652
4.941
5.881
4.646
6.143
5.572
4.145
6.635
3.127
3.247
3.354
2.707
2.920
3.076
2.878
4.168
3.368
3.253
3.604
3.297
3.182
4.260
3.161
6.577
6.287
5.284
7.026
6.573
6.860
7.059
6.675
6.955
6.859
6.881
6.479
6.561
6.481
6.839
6.333
6.563
6.454
5.469
7.004
6.509
6.407
6.299
6.617
6.314
6.452
6.236
5.971
6.302
6.584
6.311
6.320
6.283
6.674
5.884
6.537
6.453
6.521
6.631
6.642
6.790
6.414
6.566
6.600
6.386
6.066
6.432
6.646
7.102
6.925
6.869
6.603
5.710
6.825
6.627
6.818
7.039
6.340
7.126
6.646
6.629
6.096
6.589
6.409
6.179
6.708
6.328
6.458
6.876
6.270
6.678
6.581
5.933
6.682
6.873
6.771
6.344
6.434
6.527
6.806
7.867
7.642
8.425
7.268
8.307
5.384
6.613
8.742
7.157
8.241
5.819
8.172
8.135
6.740
7.578
7.791
6.907
6.600
7.758
7.199
6.569
6.470
6.241
7.131
6.726
6.943
5.844
8.095
7.032
7.942
7.745
8.246
7.588
7.613
8.214
5.959
4.586
5.912
7.477
5.552
6.693
6.513
6.529
6.351
6.893
6.358
6.328
6.332
6.410
5.712
6.707
6.456
7.166
6.425
6.700
6.789
6.348
6.376
6.421
6.362
6.574
6.392
5.832
6.354
6.394
6.323
6.402
6.506
6.263
6.001
6.260
6.182
6.203
6.457
6.393
6.471
6.496
6.384
6.477
6.371
6.296
6.439
6.395
6.344
6.357
6.131
6.239
6.897
6.445
5.828
7.000
6.516
6.777
6.549
6.461
6.433
6.667
6.522
6.484
6.839
6.522
6.390
6.660
6.453
6.705
6.554
6.448
6.958
6.694
6.066
5.712
6.716
6.659
6.561
5.245
5.338
6.544
5.222
6.284
6.135
6.393
5.837
6.350
5.479
6.457
6.681
5.788
6.370
6.301
6.504
6.482
6.447
6.337
6.334
6.460
6.301
6.387
6.769
6.356
6.532
6.070
6.394
6.325
6.285
6.422
6.294
6.446
6.348
6.406
5.985
5.515
5.733
6.490
6.418
6.023
5.459
5.444
6.316
6.617
5.974
6.284
6.168
6.534
5.446
6.058
5.684
6.267
6.320
6.158
5.422
6.429
5.864
4.335
6.191
6.357
4.859
5.279
5.028
5.119
4.821
5.011
5.024
5.165
6.249
6.603
6.457
6.734
6.396
6.718
6.522
6.547
6.005
6.148
6.477
6.388
6.342
6.350
6.103
5.873
6.285
6.258
6.451
6.211
6.386
6.393
6.080
6.520
6.310
6.590
6.503
6.542
6.390
5.396
6.626
6.402
6.332
6.420
5.801
6.069
6.484
5.171
5.609
4.634
6.365
6.362
6.173
6.605
6.468
5.978
6.683
5.810
6.698
6.573
6.552
6.956
6.915
8.367
8.246
9.042
7.956
8.329
8.253
8.735
9.056
8.285
8.030
8.879
8.249
7.673
7.489
8.508
8.254
9.124
7.123
8.471
8.873
8.584
7.049
8.292
8.013
7.322
6.672
6.540
6.370
6.577
4.702
6.573
7.173
6.563
7.282
6.468
6.758
6.454
5.765
6.447
6.442
6.245
6.545
6.404
6.526
6.574
6.630
6.788
6.376
6.742
6.437
6.458
6.661
6.578
6.522
6.719
6.534
6.767
7.168
6.543
6.518
6.657
6.352
6.314
6.514
2.960
6.371
6.762
6.660
6.425
6.680
6.314
6.930
6.473
6.458
6.532
6.437
6.641
6.393
6.490
6.590
6.743
6.376
6.552
6.503
6.479
6.818
6.488
6.757
7.054
7.020
6.721
6.847
6.541
6.591
6.448
6.473
6.435
6.588
6.521
6.555
6.562
6.547
6.579
6.723
6.578
6.771
6.657
6.555
6.519
6.704
6.215
6.371
5.794
6.584
6.401
6.283
6.373
6.818
6.639
6.519
6.655
6.352
5.854
5.144
6.488
4.794
6.660
6.259
6.660
6.531
6.624
6.431
7.034
6.666
6.481
6.654
6.949
6.545
6.509
6.437
6.714
6.514
6.580
6.668
6.664
6.580
6.409
6.049
6.427
6.966
6.218
6.916
7.000
6.629
6.594
6.459
6.797
6.559
6.484
6.472
6.596
7.739
7.745
7.025
7.309
6.897
6.676
7.729
7.441
6.984
7.285
7.985
7.603
7.365
7.079
7.453
7.167
6.734
7.263
6.663
7.416
7.817
8.847
7.872
6.944
7.041
7.315
7.075
6.706
6.580
6.055
5.992
6.894
6.347
6.496
6.229
7.355
6.929
6.446
6.730
6.731
6.959
6.976
6.724
7.137
7.105
6.759
8.216
7.271
7.093
6.969
6.282
6.967
6.440
6.667
7.176
7.425
6.997
6.732
6.583
6.582
6.746
7.346
6.728
7.452
6.667
6.390
6.686
6.441
6.387
6.351
6.514
6.149
6.539
6.675
6.875
6.237
6.354
6.433
6.345
6.539
6.365
6.240
6.814
6.337
6.357
6.370
6.549
6.336
6.381
6.341
6.394
6.525
6.489
6.537
6.399
6.419
6.287
6.453
6.583
6.247
6.408
6.529
6.452
6.325
6.445
6.500
6.369
6.583
6.513
7.017
6.652
6.365
6.645
6.447
6.592
6.718
6.855
6.948
6.899
6.403
6.359
6.477
6.496
6.740
6.288
6.608
6.303
6.258
6.379
6.392
6.063
6.716
6.240
6.345
6.516
6.415
6.681
6.565
6.382
6.462
6.420
6.337
6.586
6.355
6.462
6.458
6.481
6.379
6.420
6.454
6.270
6.491
6.411
6.405
6.757
6.695
6.332
6.351
6.249
6.576
6.548
6.334
6.310
6.337
6.420
5.133
6.059
5.771
6.217
6.229
5.799
6.331
6.335
6.292
6.363
6.323
6.303
6.406
5.550
6.296
6.241
6.375
5.500
6.300
6.107
6.288
6.223
6.415
6.442
6.351
6.319
6.198
6.682
6.393
6.520
6.408
6.457
6.310
6.343
6.555
6.596
6.600
6.379
6.791
6.613
6.704
6.514
6.478
6.749
6.497
5.424
6.623
6.855
6.726
5.700
6.074
6.396
6.560
6.323
6.302
6.747
6.777
6.725
7.099
6.842
6.363
6.443
6.539
6.651
6.606
6.650
6.737
7.075
6.627
6.197
6.667
5.905
6.275
6.499
6.611
6.611
6.734
6.796
6.800
6.909
6.592
5.444
6.442
6.650
6.533
6.449
6.207
6.195
6.397
6.369
6.639
6.019
5.443
5.668
5.935
6.143
5.863
6.441
6.583
6.553
6.066
6.047
6.253
6.414
6.472
4.897
5.668
4.955
4.740
6.351
5.072
4.868
4.996
6.238
6.235
6.360
6.258
6.329
5.816
6.083
6.319
5.803
6.344
6.378
6.136
6.342
6.339
5.826
6.329
5.830
6.390
6.525
5.531
6.286
6.105
6.300
6.255
6.330
6.278
5.536
6.509
6.343
5.638
5.965
6.237
4.682
5.072
6.033
6.374
5.986
6.485
6.103
6.494
6.366
5.112
6.116
6.155
5.757
6.579
5.944
5.077
5.159
4.908
5.397
6.449
6.327
6.195
6.522
6.388
4.811
5.721
6.052
5.373
6.270
6.442
6.008
6.276
6.458
5.850
5.406
6.995
5.384
6.121
4.374
6.297
6.303
6.260
6.428
6.377
6.567
6.463
6.262
6.342
6.475
6.573
6.254
6.168
6.297
5.677
6.227
6.192
6.034
6.273
6.095
6.002
6.011
6.175
6.133
5.835
5.536
4.853
5.833
6.323
6.362
6.126
6.384
5.753
6.212
6.069
4.861
6.212
5.578
4.686
6.269
4.660
5.786
6.100
6.095
6.227
6.258
6.019
5.786
6.240
6.159
5.975
6.060
2.963
6.184
6.345
6.274
5.883
6.267
6.108
6.360
5.069
6.034
5.747
5.824
5.727
6.267
6.032
6.105
4.311
5.644
6.466
5.833
6.242
6.758
5.878
6.594
6.461
6.579
5.777
4.945
4.656
6.313
6.268
6.299
6.161
6.333
6.274
5.551
5.717
5.570
6.261
6.559
6.525
6.558
6.570
6.701
6.104
6.699
6.561
6.594
6.845
6.515
6.783
6.340
6.638
6.463
6.876
6.682
6.573
6.664
6.478
6.170
6.335
5.905
6.405
6.520
6.367
6.483
4.412
4.770
5.986
4.645
4.544
4.453
4.401
4.508
4.295
4.442
4.479
4.426
4.486
4.428
4.366
4.408
4.333
4.479
4.472
4.163
4.312
4.381
3.298
4.125
3.525
3.689
3.817
4.027
4.602
4.311
4.572
4.188
3.853
4.208
4.399
4.006
4.173
4.373
4.347
4.419
4.312
4.291
4.350
4.261
4.526
4.233
4.310
4.237
4.198
4.444
4.390
4.341
4.267
4.375
4.264
4.408
4.420
4.433
3.693
4.510
4.472
5.033
4.883
5.014
5.195
4.663
4.569
4.629
4.526
4.490
4.705
4.383
4.643
4.453
4.667
4.822
4.346
4.922
5.180
4.798
4.627
4.538
4.533
4.531
4.505
4.415
4.329
4.413
3.966
3.761
4.423
3.590
3.903
4.213
3.684
3.341
4.395
3.845
3.244
3.568
3.362
3.589
2.926
4.206
4.846
4.329
4.347
3.848
4.466
4.316
4.267
3.820
4.243
4.424
4.490
3.834
4.018
3.794
4.156
4.127
3.570
4.347
4.685
4.204
4.364
3.999
4.348
4.440
4.473
4.348
4.351
3.919
4.412
4.118
4.427
4.026
3.896
3.778
4.457
3.142
4.452
4.368
4.307
4.174
3.391
4.252
3.465
4.223
4.134
4.435
3.537
4.047
4.181
3.829
4.142
4.239
4.291
4.455
4.334
4.325
4.299
4.231
4.337
4.264
4.632
4.319
4.363
4.448
4.446
4.427
4.275
4.335
4.409
4.350
4.313
4.179
4.374
4.483
4.401
4.362
4.510
4.258
4.354
4.403
4.057
4.358
4.413
4.380
4.410
4.328
4.485
4.485
4.500
4.540
4.551
4.441
4.381
4.384
4.100
4.259
4.522
4.351
4.390
4.329
4.379
4.374
4.279
4.365
4.472
4.414
4.620
4.405
4.444
4.451
4.194
4.375
4.327
4.793
4.681
4.622
4.492
4.720
4.250
4.993
5.063
4.375
4.801
4.464
4.721
4.219
4.789
4.810
4.285
4.146
4.039
4.560
4.444
4.807
3.978
4.301
4.855
4.969
4.432
4.643
5.031
4.332
4.254
4.664
4.529
4.412
3.855
4.469
4.520
4.264
4.312
4.364
4.203
4.469
4.269
4.334
4.502
4.510
3.587
3.979
4.310
4.360
4.429
4.534
4.418
4.656
4.423
4.509
4.565
4.459
4.430
4.251
3.649
4.460
4.431
4.209
4.342
3.881
4.357
4.338
4.315
4.240
4.326
4.333
4.141
4.331
4.118
4.402
3.223
4.101
3.263
3.791
4.570
3.682
4.070
4.159
4.343
2.920
2.902
3.584
4.409
4.356
4.397
4.511
4.529
4.499
3.043
3.274
3.085
3.556
3.805
4.370
4.577
4.318
4.487
4.406
4.381
4.453
3.773
4.471
4.308
4.242
4.286
4.423
4.536
4.700
4.557
4.428
4.404
4.474
4.600
4.523
4.584
4.497
4.417
4.391
4.516
4.504
3.855
3.899
3.473
4.588
3.519
3.670
3.327
3.424
3.901
3.352
3.483
3.699
3.678
3.692
3.306
3.531
2.935
3.933
3.552
3.832
3.044
3.029
3.497
3.842
3.339
3.614
5.381
5.742
5.618
6.399
7.088
7.198
6.314
6.571
5.632
5.809
5.829
5.565
5.378
5.591
4.450
6.228
5.239
5.063
6.712
5.330
6.255
6.619
5.868
5.305
6.280
6.962
6.442
6.209
4.555
4.651
4.481
4.573
4.869
4.651
4.716
4.830
4.830
4.541
4.988
4.339
4.484
4.631
4.412
4.348
4.956
3.689
4.357
4.363
4.630
4.423
4.769
4.477
4.570
4.802
4.458
4.606
4.374
4.306
3.955
3.641
3.799
4.569
3.283
4.403
4.527
4.712
4.414
4.955
5.036
4.475
4.582
3.861
4.898
4.588
4.476
4.740
4.285
4.176
4.531
4.542
4.377
4.419
4.317
4.515
4.643
4.689
4.586
4.638
4.155
4.529
3.869
4.489
4.265
4.373
4.318
4.485
4.481
4.395
3.741
4.285
4.448
4.428
4.540
4.437
4.555
4.470
4.561
4.449
4.588
4.493
4.568
3.512
3.547
3.683
4.553
3.627
3.587
4.424
4.357
4.425
4.750
3.523
4.415
4.490
3.878
4.432
3.793
4.232
4.296
4.395
4.422
4.066
6.231
4.600
4.516
4.560
4.451
4.620
4.306
4.415
4.251
4.533
4.392
4.659
4.596
4.099
4.349
4.336
4.441
4.294
3.944
4.103
3.688
3.454
4.311
4.049
4.520
3.994
4.458
4.580
3.948
4.539
4.356
4.331
3.989
3.197
4.360
4.482
4.669
4.460
4.401
4.439
4.076
4.061
4.241
4.387
4.114
4.538
4.404
4.777
4.336
4.036
4.471
4.390
4.450
4.303
4.238
4.443
4.408
4.505
4.168
4.426
4.502
4.395
3.536
3.993
3.770
4.299
4.325
4.361
4.272
4.361
4.527
4.465
4.411
3.836
4.393
4.566
4.486
4.410
4.260
4.470
4.351
4.410
4.162
3.812
4.151
4.510
4.255
3.539
3.382
4.216
4.475
4.390
4.961
6.045
5.812
5.308
5.204
5.687
6.191
5.733
4.044
3.798
3.787
4.120
3.456
3.922
4.269
3.786
4.399
2.293
2.669
2.915
2.236
2.642
3.348
3.787
4.994
4.337
4.528
4.612
3.952
3.798
3.938
4.151
4.085
4.092
4.189
4.218
4.217
4.328
4.252
4.257
4.328
4.349
4.133
4.152
4.365
3.957
4.340
4.323
4.301
4.338
4.061
3.879
4.282
4.282
3.784
3.570
4.314
4.147
4.263
4.034
4.340
4.262
4.006
4.195
4.127
4.265
4.219
4.238
3.959
4.183
4.295
4.321
4.329
4.331
4.402
4.290
4.283
4.197
4.348
4.252
4.003
4.304
4.298
4.079
4.158
3.617
4.267
4.290
4.387
4.262
4.091
3.980
4.242
4.290
4.315
4.343
4.221
4.010
4.034
4.075
4.301
4.100
4.289
4.205
4.199
4.327
4.282
4.366
4.335
4.350
4.305
4.312
4.330
4.061
4.217
4.322
4.339
4.257
4.198
4.259
4.070
4.312
4.269
4.117
4.459
3.735
4.317
4.257
4.151
4.395
4.379
4.302
4.108
4.260
4.333
4.322
4.162
4.015
4.068
4.069
4.096
4.194
4.384
4.058
4.283
4.260
4.361
3.911
4.192
4.256
4.332
4.107
4.319
4.232
4.242
4.333
4.250
4.399
4.412
4.283
4.337
4.355
4.318
4.363
4.326
4.377
4.334
4.285
4.330
4.318
4.348
4.353
4.308
3.386
4.323
4.242
4.284
4.338
4.330
4.373
3.736
4.310
3.131
4.164
4.169
4.368
4.389
4.453
4.427
4.363
4.396
4.411
4.376
4.332
4.377
4.384
4.385
4.407
4.354
4.430
4.445
4.366
4.455
4.376
4.402
4.410
4.390
4.401
4.400
4.430
4.478
4.282
4.354
4.334
4.436
4.378
4.349
4.328
4.343
4.467
4.319
4.419
3.842
4.319
4.382
4.412
4.435
4.551
4.374
4.353
4.417
4.389
4.403
4.360
4.297
4.365
4.432
4.418
4.415
4.329
4.511
4.455
4.581
4.487
4.573
4.426
4.495
4.904
4.848
4.644
4.503
4.553
4.608
4.791
5.998
4.563
5.185
4.674
4.308
4.760
5.042
5.034
4.653
4.177
4.389
4.391
4.521
5.349
5.485
5.300
4.590
5.001
3.522
6.228
6.064
5.037
5.095
4.918
4.747
4.513
4.640
5.000
5.277
4.952
4.565
4.768
4.534
4.629
4.572
4.643
4.102
4.606
3.650
4.217
4.581
4.406
4.790
4.576
3.848
4.497
4.474
4.601
4.366
4.443
3.878
4.414
4.071
3.269
3.320
3.999
3.027
3.554
4.148
4.011
4.457
4.441
3.850
4.327
4.123
4.421
4.420
4.070
4.539
4.392
4.523
4.275
4.454
4.258
4.308
4.163
3.998
4.459
4.407
4.360
4.158
4.236
3.794
4.325
4.795
4.574
4.711
4.473
4.602
4.059
3.817
3.765
3.773
4.174
4.038
4.252
4.727
4.497
4.457
4.212
4.149
4.020
3.899
4.542
4.279
4.656
4.600
4.339
4.753
4.481
4.397
4.099
4.348
3.595
4.554
2.615
4.258
4.734
4.542
4.536
4.209
4.630
4.627
4.319
4.230
4.099
3.917
4.571
4.589
4.305
4.618
4.595
4.459
4.000
3.884
4.065
4.622
4.742
4.425
4.061
4.746
4.600
4.642
3.920
3.714
4.596
4.525
4.144
4.726
4.203
4.495
4.081
4.167
5.875
6.354
6.141
3.877
5.235
6.249
6.396
6.493
6.211
6.203
5.896
6.524
6.417
5.704
2.651
6.590
6.522
6.619
6.570
6.633
5.946
6.295
5.948
6.363
5.516
6.249
6.487
5.804
6.229
6.836
6.482
6.396
6.348
6.570
5.804
6.750
6.282
6.436
6.362
6.232
6.249
6.749
6.341
6.469
5.986
6.595
6.688
6.616
6.417
6.842
6.583
6.355
6.288
5.671
6.324
5.815
6.074
6.678
6.543
6.361
6.847
6.578
6.069
6.675
6.269
6.330
6.417
5.892
6.220
6.294
6.429
5.793
6.758
6.740
6.516
5.733
6.934
6.539
6.389
6.498
6.521
6.789
6.428
6.348
6.686
6.882
6.481
5.979
6.667
6.266
6.461
6.244
6.552
6.431
7.071
3.459
6.299
6.361
6.030
6.200
6.224
6.536
6.158
6.336
6.225
6.438
6.714
6.080
6.046
6.113
6.238
6.223
5.759
6.522
6.318
6.096
6.416
6.331
6.139
4.117
6.206
6.645
6.204
6.693
6.689
6.504
6.853
6.514
4.485
6.545
6.179
6.489
6.412
6.512
6.657
5.584
6.188
6.372
6.583
6.929
6.667
6.587
6.618
6.600
6.506
6.660
6.674
6.578
6.598
5.845
6.408
6.542
6.382
6.469
6.555
6.170
6.691
6.695
6.409
6.667
6.753
5.819
6.483
6.485
6.561
6.188
6.907
6.489
6.653
6.065
6.211
6.451
6.557
6.771
6.717
6.743
6.848
6.829
6.609
6.462
6.611
6.432
6.325
6.513
6.638
6.488
6.390
6.488
6.603
6.438
6.962
6.443
6.367
6.171
6.641
6.604
6.601
6.625
6.655
6.373
6.577
6.400
6.575
6.567
6.545
5.943
6.316
6.013
6.676
6.025
6.465
6.447
5.963
6.526
6.508
6.430
6.438
6.350
6.187
6.164
6.417
6.556
6.426
6.631
6.554
5.791
6.752
5.831
5.780
5.647
5.791
5.900
6.248
5.932
6.190
6.024
5.932
5.792
5.341
6.118
5.991
6.201
6.380
6.850
6.636
6.495
6.587
5.371
7.025
6.210
6.253
6.207
6.672
5.630
6.310
6.715
6.627
6.088
6.509
6.608
6.559
6.396
6.673
6.131
5.932
5.825
5.761
6.194
6.497
6.545
6.832
6.403
7.956
8.199
7.828
7.870
7.490
8.792
8.265
8.632
8.187
9.491
9.639
10.151
8.245
8.698
7.418
8.093
8.794
7.856
7.920
7.487
9.333
8.131
9.179
10.106
9.757
9.175
10.794
9.912
7.693
10.041
9.141
8.684
10.003
10.093
6.295
8.707
6.951
8.984
8.830
7.525
7.998
8.859
8.699
9.367
9.747
10.174
9.593
9.036
9.519
9.866
9.323
9.476
9.241
9.585
9.609
9.420
9.926
9.923
10.202
8.545
9.802
9.420
8.511
9.310
9.805
9.595
8.459
9.191
8.278
9.018
9.819
9.218
10.266
10.333
10.339
9.939
10.355
9.743
8.741
8.758
8.359
8.857
7.844
8.540
7.717
7.760
7.820
7.599
7.505
7.986
9.023
8.855
8.168
8.273
7.767
6.530
7.380
6.613
8.996
7.482
7.363
8.841
8.871
7.064
8.841
8.858
6.504
8.445
8.822
8.103
9.366
9.061
10.049
9.657
9.903
9.088
10.866
11.419
10.588
11.025
10.068
8.816
7.377
9.210
8.099
8.321
9.159
6.993
5.303
6.791
6.803
6.849
7.038
6.887
7.037
6.465
7.062
6.916
7.005
7.163
6.803
6.869
6.688
6.696
6.801
6.761
6.983
6.741
6.931
6.943
6.630
7.164
6.881
7.210
6.729
6.883
6.939
6.934
7.009
6.555
6.920
5.990
5.041
6.524
7.023
7.178
6.835
7.226
7.000
6.948
6.303
7.019
7.020
7.013
6.981
7.086
7.076
6.966
6.787
6.820
6.845
6.797
6.671
6.870
6.420
6.777
7.106
7.076
6.944
6.676
6.061
6.832
6.250
6.890
6.439
6.801
6.416
6.156
6.508
4.394
6.205
6.144
5.930
5.651
5.387
6.051
3.288
6.740
4.303
6.766
6.615
4.903
6.146
6.422
6.455
5.015
6.602
7.007
6.341
6.602
6.669
6.703
6.569
5.629
6.832
6.709
7.029
5.670
6.552
6.788
6.671
6.603
6.759
7.238
6.845
6.432
6.602
5.903
7.012
6.589
6.673
7.132
7.083
7.027
6.748
6.819
7.049
6.976
6.840
6.550
6.929
7.175
7.454
7.841
7.593
7.652
7.696
7.362
6.967
7.520
7.551
7.810
7.711
7.656
7.918
7.467
7.378
7.445
7.768
7.666
7.433
7.637
8.005
7.426
7.723
7.484
7.719
7.846
7.476
7.563
7.547
7.700
7.908
7.663
7.806
7.620
7.507
7.491
7.402
7.490
7.744
7.844
7.720
7.601
7.467
7.496
7.630
7.551
7.392
7.375
7.144
7.475
7.935
7.611
7.344
7.775
7.637
7.408
7.725
7.604
7.917
7.691
7.701
7.565
7.858
7.755
7.832
7.610
8.175
7.412
7.705
7.904
7.799
7.986
8.057
7.802
7.698
8.121
8.292
8.367
8.316
8.408
8.407
8.495
8.667
8.437
8.488
8.133
8.386
8.259
8.297
8.329
8.370
8.316
8.504
8.464
8.371
8.398
8.390
8.422
8.423
8.420
8.529
8.383
8.392
8.420
8.327
8.372
8.456
8.331
8.394
8.335
8.343
8.433
8.512
8.569
8.465
8.447
8.465
8.355
8.406
8.354
8.418
8.355
8.415
8.368
8.334
8.458
8.388
8.345
8.298
8.317
8.310
8.365
8.323
8.328
8.435
8.880
8.472
8.337
9.097
8.959
8.764
8.516
8.399
8.508
8.464
8.627
8.463
9.573
8.640
11.050
10.300
10.963
12.143
10.691
10.015
10.127
11.110
11.157
9.100
10.781
9.408
8.796
9.271
8.536
10.240
8.954
8.713
8.513
8.630
8.349
8.340
8.379
8.340
8.330
8.316
8.318
8.369
8.392
8.322
8.329
8.301
8.429
8.342
8.576
8.394
8.808
8.494
9.204
9.052
8.901
9.120
9.068
9.099
7.409
8.883
8.834
9.333
9.299
9.245
9.319
9.359
9.304
8.812
8.571
8.440
8.502
8.587
8.835
8.622
8.908
7.634
8.188
8.430
8.587
8.740
9.087
8.857
8.707
8.955
8.487
8.558
8.675
8.931
8.892
8.849
9.142
9.202
8.834
8.782
9.228
8.697
7.950
8.501
8.849
8.119
8.741
7.789
7.805
9.110
8.025
8.481
8.572
7.474
6.888
7.663
8.584
8.595
8.074
7.847
7.451
7.816
7.551
8.562
8.847
9.258
9.136
8.376
8.682
8.350
8.695
9.010
7.726
8.939
8.585
8.688
8.518
8.932
9.006
8.947
9.043
8.568
9.258
8.846
8.799
9.462
8.561
8.804
9.243
8.739
8.914
8.978
8.665
8.562
9.067
8.635
8.787
8.368
8.471
8.420
8.517
8.497
7.199
8.842
8.398
8.373
8.745
9.225
6.399
7.828
7.555
8.638
7.506
8.150
9.385
8.986
8.730
8.743
9.019
8.958
9.272
9.063
8.794
8.941
9.058
8.852
8.734
8.803
9.033
9.048
8.679
8.874
8.652
8.845
8.754
9.011
8.960
8.751
9.266
9.008
9.246
8.698
9.210
8.937
9.351
9.032
9.149
9.433
9.363
9.146
9.145
9.010
8.694
9.389
9.296
9.513
9.621
9.417
9.186
9.083
8.887
9.198
8.939
9.133
9.351
9.207
9.074
8.768
9.429
8.971
9.726
9.217
9.249
9.340
8.891
8.914
8.615
8.711
8.765
8.747
8.820
9.093
9.026
8.713
9.140
8.837
8.578
8.354
8.747
8.625
9.234
9.230
8.648
8.841
9.188
8.826
9.447
9.417
9.425
9.078
8.837
9.320
9.114
8.786
9.031
8.494
9.655
9.320
9.549
8.584
9.291
9.739
9.407
9.448
9.448
8.566
9.369
9.460
9.700
9.380
9.371
9.388
9.467
9.403
9.425
9.432
9.388
9.484
9.472
9.388
9.711
9.809
9.574
9.398
9.755
8.995
9.115
9.475
9.489
9.659
9.945
9.418
9.400
9.023
9.717
9.391
9.483
9.528
9.312
9.938
9.255
8.032
9.070
9.569
8.761
8.980
8.417
8.989
9.254
8.487
8.218
5.739
8.619
8.667
8.746
8.229
8.625
8.674
8.227
8.804
8.692
8.491
8.387
8.517
8.412
8.421
8.371
8.549
8.817
8.172
8.549
8.286
8.301
8.384
8.392
8.380
8.711
8.938
8.489
8.732
8.340
8.485
8.421
8.263
7.950
8.314
8.402
7.870
9.388
9.343
8.517
8.564
8.380
8.339
8.546
8.690
8.627
8.495
9.232
8.799
8.728
8.704
9.179
8.900
8.682
9.626
8.658
9.250
8.837
9.296
9.047
9.108
8.821
9.332
10.005
9.325
9.222
9.269
9.090
9.746
9.233
8.549
8.946
9.272
9.272
8.729
8.655
8.992
9.281
8.608
8.751
8.880
9.284
9.300
10.579
10.130
9.224
9.897
9.075
8.981
9.241
8.820
9.794
9.946
9.875
9.742
9.343
9.278
9.657
9.054
10.067
10.627
10.319
8.005
9.351
10.300
10.481
10.615
10.458
10.983
10.573
10.793
10.134
10.015
11.012
11.252
10.180
10.769
10.340
9.438
10.519
9.406
9.824
10.329
9.987
10.095
10.121
9.835
10.071
9.351
9.487
9.818
9.846
10.140
9.395
9.567
10.535
7.540
9.847
9.536
9.313
8.592
9.164
10.059
9.694
9.666
9.789
9.754
9.293
9.604
10.245
10.541
10.158
9.986
10.378
10.399
9.444
10.317
9.523
7.549
9.727
9.061
8.964
9.081
10.800
10.623
11.481
9.989
10.182
10.363
10.943
11.006
10.814
10.478
10.326
10.969
7.160
7.857
9.296
7.011
9.275
9.731
10.546
10.306
9.922
9.815
9.517
9.989
9.722
7.442
10.848
10.130
10.606
9.287
9.765
9.104
9.704
10.165
9.676
8.447
9.797
11.185
10.734
10.841
11.148
11.007
10.788
11.173
11.974
10.845
10.857
10.595
10.406
9.879
8.634
9.500
9.761
10.127
10.170
9.274
10.882
10.808
9.362
10.125
9.995
9.460
9.478
10.008
10.093
10.508
10.011
10.218
10.096
7.757
8.616
8.727
9.857
8.884
9.653
9.998
9.850
9.664
9.891
10.343
9.677
9.627
8.974
9.932
9.741
9.489
10.280
10.498
10.143
10.034
9.965
8.493
9.139
9.132
7.509
9.284
9.477
9.577
9.551
9.665
10.011
9.040
8.594
9.280
9.898
8.522
10.227
9.923
9.595
9.393
9.716
10.196
9.862
9.789
9.570
10.264
9.386
8.628
9.670
9.277
9.373
9.626
9.582
10.382
10.885
8.565
9.318
9.798
8.048
9.285
9.920
9.460
10.288
9.949
10.340
10.191
10.943
7.439
9.987
10.005
7.896
8.168
8.490
7.112
9.485
11.026
10.108
10.456
10.847
10.816
10.992
10.008
10.246
9.428
10.688
11.373
9.564
9.841
9.887
9.615
9.362
9.512
8.714
7.722
9.358
9.157
9.069
8.379
7.983
9.586
9.568
9.290
9.569
9.629
9.156
9.389
9.813
9.962
9.615
9.107
9.486
9.206
9.093
9.659
9.983
9.493
9.249
9.661
9.653
9.704
9.789
9.761
9.435
9.542
10.002
9.517
9.515
9.536
9.274
9.468
9.507
8.734
9.529
9.453
9.612
9.562
9.859
9.620
9.743
7.816
9.214
9.677
9.132
9.691
10.375
10.413
9.376
10.616
9.689
9.894
8.972
8.722
8.975
9.310
9.032
9.147
8.961
8.953
9.268
9.127
8.894
8.916
8.903
9.423
8.946
6.008
9.309
9.032
9.006
9.482
9.053
8.949
8.870
8.782
9.518
9.069
9.337
8.124
8.833
9.359
9.452
9.001
9.458
9.368
9.412
8.662
9.375
9.448
9.521
8.897
9.751
9.603
8.254
9.114
9.297
9.484
9.365
7.770
8.100
9.619
9.179
11.385
11.036
11.116
10.035
10.673
9.754
9.406
9.366
9.716
9.379
9.302
9.548
9.136
8.904
9.244
8.897
7.662
8.720
9.253
8.896
8.338
7.448
8.169
8.141
8.518
8.415
8.581
8.769
6.919
8.698
9.111
8.639
8.843
8.606
8.530
7.274
9.029
8.828
8.681
8.750
8.671
8.958
8.534
8.722
8.637
9.311
8.853
8.690
8.568
8.519
9.139
9.166
8.826
9.684
10.191
10.777
8.989
8.487
8.517
9.064
9.367
9.885
10.679
10.492
10.569
10.713
11.371
11.158
11.254
10.903
11.162
10.412
11.276
11.464
11.534
11.036
11.275
11.933
10.904
10.681
11.034
11.242
11.371
10.185
11.798
11.452
11.430
11.361
11.034
11.277
10.978
9.627
11.271
9.043
11.196
11.194
11.329
9.356
10.422
11.182
11.271
11.269
11.121
11.405
11.488
10.926
10.770
11.204
11.303
10.583
9.605
10.555
9.685
11.047
11.038
9.631
11.092
9.276
9.086
10.070
10.529
9.798
10.763
9.705
10.141
10.241
10.255
10.698
9.931
10.235
10.530
10.488
10.237
10.494
10.447
11.188
10.814
11.085
10.627
11.489
11.162
9.964
8.425
10.186
10.904
10.553
9.644
10.966
11.910
8.153
9.919
9.556
8.985
8.532
8.531
10.221
10.481
8.706
9.053
9.996
11.220
9.687
10.058
10.521
9.173
10.190
10.272
9.879
10.399
10.489
9.748
10.837
10.400
10.803
10.638
10.041
11.075
10.636
10.438
10.172
10.574
10.076
10.689
9.102
10.164
10.322
11.092
10.787
10.771
11.441
10.903
10.828
9.307
10.308
10.632
8.099
9.589
8.578
10.551
9.860
8.963
8.005
8.431
8.622
8.926
8.305
8.862
7.911
7.898
8.402
7.933
8.153
9.100
8.421
8.243
8.031
8.310
8.017
8.471
7.625
7.979
8.316
8.414
7.957
8.256
7.933
8.657
8.264
7.592
9.107
8.437
8.560
7.613
8.804
8.690
8.262
8.193
4.592
7.899
8.265
8.052
8.526
8.339
8.343
8.863
8.961
8.376
9.041
9.000
8.510
8.247
8.453
8.338
8.310
8.326
8.688
8.758
8.924
9.017
9.341
8.959
7.836
9.479
9.491
9.101
8.914
9.147
8.743
8.705
9.133
9.252
8.010
7.891
8.671
9.277
8.561
7.898
8.179
8.493
7.834
7.910
8.366
8.344
8.062
8.449
8.384
6.892
8.109
7.726
8.234
8.808
8.493
8.523
8.012
7.882
5.446
5.173
7.806
6.313
6.676
7.369
7.806
8.851
7.684
7.977
7.812
8.009
7.419
8.360
7.936
7.959
8.300
8.013
7.929
7.956
8.207
8.341
8.384
8.668
8.073
8.255
8.042
7.771
8.168
8.556
8.543
8.237
7.952
8.507
8.202
8.140
7.901
8.078
7.973
8.268
8.127
7.861
8.324
8.077
7.887
8.084
8.099
8.025
8.002
8.639
8.025
8.831
7.734
8.211
7.369
7.760
8.016
7.872
7.716
7.854
7.607
7.559
7.612
7.841
8.024
8.255
8.179
7.658
8.443
7.970
8.124
8.171
7.708
7.894
7.804
8.754
8.137
8.449
7.778
7.411
7.688
8.194
8.245
7.951
8.459
8.244
8.688
8.193
8.689
8.300
8.368
8.498
8.387
8.497
8.191
8.402
8.547
8.540
8.496
8.366
7.935
7.865
8.291
8.411
8.042
8.401
8.229
8.536
8.567
8.150
7.593
8.064
7.673
8.105
6.684
8.001
6.861
8.083
5.177
5.669
6.977
4.862
5.926
6.691
6.775
8.007
7.799
8.457
7.352
7.712
6.739
8.268
8.122
7.598
8.242
7.829
8.040
7.790
8.394
7.999
7.915
7.845
8.012
7.953
8.209
7.974
8.250
8.677
8.768
8.180
8.549
7.707
7.992
8.620
7.964
7.704
8.127
8.265
7.957
8.250
8.252
7.970
7.957
7.994
7.875
8.739
8.329
8.012
8.578
8.022
8.269
8.343
7.941
7.815
7.940
8.383
8.294
7.873
8.724
8.296
8.421
8.327
9.085
9.177
8.648
8.129
7.882
8.601
8.943
7.822
7.780
8.084
8.343
7.241
7.738
8.053
7.626
7.815
7.413
7.735
8.044
7.405
9.153
9.143
9.017
9.037
9.036
9.530
9.678
9.672
9.172
9.210
7.990
8.152
8.184
8.834
7.800
8.216
7.943
9.095
9.029
8.972
8.565
8.377
7.858
7.976
8.090
8.062
7.741
7.857
8.033
8.168
7.591
7.593
8.139
8.101
8.032
8.107
7.759
7.884
7.742
7.575
8.469
8.444
8.205
8.326
8.170
8.323
8.219
8.082
8.327
7.869
7.735
7.546
8.287
7.998
8.044
7.695
8.196
8.172
7.318
8.833
8.148
8.261
7.909
8.170
7.938
7.901
8.200
8.269
8.066
7.743
8.125
8.131
7.707
8.360
8.227
8.269
7.527
7.914
7.783
7.829
7.795
7.900
7.510
7.503
8.033
7.725
8.243
8.427
7.723
8.730
9.042
8.992
8.371
8.771
8.011
8.455
7.919
8.979
9.100
8.804
8.220
8.428
8.589
8.340
7.617
8.644
8.515
8.615
8.827
7.619
8.093
7.924
8.430
7.791
8.079
7.525
8.231
8.540
8.005
7.685
8.184
8.259
8.020
8.518
7.821
7.989
8.138
7.998
8.362
7.833
8.327
7.975
7.975
8.656
6.765
8.129
6.511
7.956
7.069
8.237
8.604
8.410
8.465
8.348
8.134
8.987
7.854
8.789
8.317
8.993
9.232
8.408
8.567
8.912
9.540
9.373
8.535
9.590
9.057
9.246
9.929
9.391
10.132
10.556
11.126
10.915
10.262
9.973
9.928
10.633
10.013
11.231
10.924
8.878
8.661
8.394
8.738
9.160
7.757
8.170
7.324
9.001
8.698
8.299
8.860
8.521
12.156
12.484
11.796
12.443
10.083
10.375
11.702
11.550
12.064
9.315
12.350
11.909
9.571
10.356
11.207
11.691
11.578
11.453
10.741
12.572
12.468
12.977
12.289
12.517
11.174
11.767
11.321
12.342
12.126
12.861
10.932
8.941
9.355
10.143
10.373
10.325
10.459
7.842
9.624
9.229
9.387
9.671
8.753
10.158
9.610
8.567
8.674
9.515
10.091
9.680
10.097
10.730
10.671
9.835
9.657
9.096
9.745
10.442
9.575
8.341
9.367
10.209
10.910
10.279
10.785
9.917
9.754
9.981
9.405
9.618
8.837
9.848
9.544
8.575
10.560
9.815
9.406
13.394
11.539
8.666
12.245
10.633
10.906
9.780
9.065
9.589
10.930
8.505
11.736
10.490
12.574
11.390
11.504
10.764
10.967
11.899
11.328
10.397
10.713
10.626
10.465
10.397
7.533
9.372
8.848
11.297
10.097
10.282
12.294
11.864
11.202
10.802
11.419
10.904
10.517
10.744
10.852
10.804
10.525
7.996
7.933
8.293
8.574
7.857
8.593
8.921
8.358
8.903
8.181
9.112
9.270
9.561
8.712
7.820
8.638
9.461
8.651
9.730
8.911
9.135
9.000
8.126
8.417
7.722
7.824
7.541
7.931
8.407
7.955
8.177
7.900
8.000
7.995
7.975
8.187
7.970
8.163
7.853
7.532
7.902
7.579
8.429
8.026
8.627
8.244
8.271
8.355
8.443
8.404
7.377
8.141
8.358
7.978
7.451
7.876
7.939
7.882
7.840
7.990
8.238
7.909
7.905
8.084
8.628
8.100
8.302
8.039
8.667
8.053
8.133
8.720
8.040
8.766
9.567
8.967
8.599
8.857
8.208
8.111
8.145
8.843
8.557
8.032
8.496
8.457
7.475
8.036
8.026
8.283
7.595
5.323
4.943
4.673
8.373
6.454
5.497
6.144
4.939
8.407
8.548
6.592
8.236
8.235
8.192
7.959
7.266
8.593
7.809
6.891
7.870
8.314
8.760
7.019
7.785
6.497
7.974
7.782
7.664
7.080
8.184
8.497
9.028
8.643
8.760
8.878
9.083
8.508
8.970
8.703
8.197
7.759
8.095
8.918
7.333
8.307
8.250
9.180
8.520
8.210
8.505
8.465
7.938
8.171
9.175
9.085
8.927
8.543
8.598
8.291
9.006
9.718
9.893
10.049
9.455
9.194
8.920
9.913
9.027
9.158
9.681
9.245
9.304
9.785
9.414
8.715
9.093
8.892
7.250
10.693
10.048
9.713
8.187
9.295
9.259
9.317
9.390
9.846
9.593
9.867
9.197
8.679
9.276
8.645
8.163
8.758
8.283
8.422
5.523
5.786
5.317
5.794
6.618
7.652
6.625
5.897
6.137
5.831
6.875
6.422
6.456
9.655
8.534
7.043
9.664
8.915
9.199
8.594
5.446
9.128
10.510
10.029
9.341
9.484
8.123
8.001
8.963
8.876
8.760
8.664
9.214
8.580
7.954
7.897
7.458
8.008
7.915
8.250
7.918
7.840
8.070
8.435
7.736
8.629
9.566
8.868
9.107
8.517
9.782
10.109
9.348
8.296
7.793
7.865
7.555
7.689
8.211
7.184
7.884
7.957
6.913
7.872
7.736
7.769
7.909
8.666
8.179
7.764
7.532
7.669
8.024
7.855
8.547
8.125
8.411
7.228
7.946
7.929
7.907
7.520
7.646
7.684
7.948
7.793
7.483
8.136
8.117
8.269
7.847
8.987
7.958
8.481
8.137
8.117
7.660
7.444
7.535
8.123
7.015
7.524
7.356
6.166
6.331
7.315
5.342
5.398
5.497
7.341
7.772
7.438
6.324
7.461
7.710
7.697
7.682
7.445
8.638
8.604
7.644
7.631
7.878
6.684
7.244
8.004
8.536
8.200
4.504
8.514
8.038
8.798
8.586
7.077
8.142
6.614
8.403
8.783
9.522
7.857
8.372
8.479
9.425
8.049
8.017
8.338
7.580
8.326
5.851
7.819
8.145
7.346
7.237
8.077
7.689
7.493
8.507
8.104
7.764
9.384
9.378
9.417
8.670
9.539
9.693
9.546
9.533
9.425
10.094
9.661
10.118
9.658
9.952
9.949
9.142
9.487
8.938
9.153
9.300
7.729
8.605
6.334
9.440
9.501
9.060
6.187
6.348
6.341
8.496
9.679
6.234
7.241
6.719
8.583
9.441
9.411
10.121
9.616
9.549
9.824
9.992
9.815
10.023
9.467
8.546
9.772
9.833
8.785
8.815
9.155
9.650
10.712
9.251
10.821
10.574
10.604
10.570
9.622
10.499
10.799
10.492
10.864
10.880
11.134
11.122
10.658
10.922
10.965
10.835
10.957
10.935
10.734
10.652
10.947
10.526
10.995
10.876
10.659
10.716
10.616
10.334
10.858
10.414
10.329
10.619
10.306
10.428
10.723
11.216
10.903
10.927
10.734
11.058
10.999
10.618
11.522
11.321
10.652
9.983
9.906
10.521
10.730
10.861
11.177
10.702
10.278
10.968
10.494
10.928
11.029
10.937
11.165
11.069
10.960
11.183
10.329
10.745
12.292
12.243
11.944
12.250
11.712
12.147
12.233
11.857
12.052
12.472
11.446
11.680
12.019
12.431
13.662
12.638
12.683
12.684
12.592
12.777
13.614
13.618
13.386
13.154
13.078
11.095
13.160
12.581
12.658
13.100
12.540
12.702
12.500
12.486
11.547
11.767
11.529
11.854
11.821
11.475
12.346
12.044
12.040
11.737
12.296
11.322
12.125
11.635
12.247
11.813
12.642
12.252
12.024
11.616
12.677
12.124
12.156
11.601
12.943
12.675
12.654
12.076
11.912
11.684
11.538
9.406
11.404
11.487
11.364
11.433
11.422
11.575
11.581
12.373
12.566
12.483
10.019
9.785
11.815
10.045
10.164
10.359
10.895
10.679
12.599
12.379
11.575
11.473
11.667
12.081
12.577
12.106
12.014
11.905
11.247
11.737
11.620
11.900
12.243
11.849
11.581
11.774
11.422
12.172
11.842
12.331
11.761
11.625
11.703
11.387
11.480
11.756
12.618
12.696
12.566
12.043
11.771
11.953
11.995
11.990
11.891
11.544
11.591
11.739
11.684
11.483
12.011
11.809
11.707
12.136
11.865
11.896
10.497
11.728
12.158
11.541
11.703
12.024
11.654
11.686
11.286
11.914
11.806
11.300
11.991
11.758
11.650
11.880
11.602
11.468
11.558
11.469
11.716
12.440
11.990
11.790
12.151
12.053
12.485
12.012
12.216
11.685
11.946
12.231
11.772
12.433
11.880
12.045
12.177
11.686
11.883
11.989
11.659
12.113
11.967
11.849
11.754
12.166
11.314
11.501
11.892
11.648
11.824
11.846
11.739
11.791
12.087
11.343
11.806
11.353
11.725
11.947
12.531
12.299
11.924
11.863
11.739
11.696
11.483
11.341
11.650
11.512
11.794
12.022
11.508
11.729
10.570
11.481
11.599
12.001
11.667
12.453
11.153
11.722
11.920
12.072
11.683
11.626
12.111
12.434
11.995
11.604
11.787
12.387
12.200
12.265
11.889
11.389
11.651
12.193
12.426
12.125
11.423
11.726
11.824
11.684
12.287
10.228
11.257
11.734
11.934
12.909
12.888
12.373
11.723
11.859
12.153
11.873
11.907
11.771
11.919
12.006
11.691
11.831
12.652
13.570
13.296
12.795
13.518
11.951
12.288
11.295
11.502
12.418
12.276
13.848
12.907
13.576
13.839
13.700
13.086
13.078
13.683
12.645
12.189
13.322
13.404
13.493
13.584
13.584
12.731
12.915
13.118
11.963
12.239
12.624
14.065
12.984
12.160
12.378
11.814
12.227
12.226
11.779
12.367
12.305
12.204
11.566
11.707
11.443
12.229
10.207
12.354
11.660
11.963
12.033
8.997
11.131
8.296
11.815
9.200
9.363
12.218
12.621
12.679
12.382
12.249
12.012
12.718
11.635
12.248
13.209
13.076
13.240
12.351
12.329
12.797
12.463
13.445
13.390
13.174
13.092
13.268
13.644
13.635
13.203
13.324
12.921
11.857
12.254
11.160
10.882
11.067
11.109
10.757
10.626
10.398
10.442
10.950
10.708
11.503
11.177
11.009
11.854
11.586
11.767
10.973
10.991
12.230
11.782
12.134
11.407
12.548
12.113
11.345
11.958
12.010
12.126
12.420
11.631
11.755
11.659
12.090
11.804
10.337
10.993
11.149
9.916
10.991
11.369
11.208
10.712
9.469
11.256
11.370
10.383
11.226
10.329
10.496
10.887
10.495
11.302
11.319
11.243
11.096
10.693
10.410
10.721
11.732
9.674
11.941
11.823
11.515
11.878
11.965
12.447
11.865
11.604
11.899
11.671
11.350
11.905
11.883
11.076
10.577
10.589
10.544
10.031
10.606
10.616
10.324
10.481
11.063
10.973
10.125
10.735
10.548
10.500
10.526
10.565
10.555
10.501
10.544
10.722
10.666
10.416
10.615
10.592
10.683
10.417
10.454
10.492
10.678
10.488
10.753
10.589
10.549
10.568
10.681
10.685
10.624
11.150
10.747
10.825
11.209
9.661
10.078
10.321
10.961
11.045
12.041
11.846
11.592
11.406
11.911
11.847
11.876
11.588
11.405
11.054
11.492
11.570
11.630
10.209
10.270
10.774
10.751
10.319
10.311
10.173
10.609
10.208
10.295
9.799
10.504
10.486
10.476
10.513
10.614
10.567
10.579
10.530
10.126
10.616
10.472
10.500
10.267
10.094
9.495
8.989
9.497
9.830
9.625
10.003
9.493
8.084
8.346
8.306
8.578
8.996
9.029
9.935
9.950
9.785
10.250
10.582
8.670
10.624
9.532
10.556
10.664
11.122
9.889
11.643
11.144
10.381
9.706
10.165
10.070
9.857
9.783
10.248
9.782
9.653
9.667
10.127
8.221
9.704
8.780
9.824
9.889
9.944
10.170
10.010
9.794
10.118
9.814
9.593
9.953
10.250
10.725
10.275
10.018
9.986
10.454
10.128
10.285
9.970
10.425
10.186
9.853
10.228
10.104
10.179
10.456
10.030
10.240
9.740
9.917
9.955
10.175
10.017
9.683
9.441
9.771
10.269
9.853
9.195
9.468
8.542
8.698
8.817
9.690
8.214
8.432
5.319
4.732
6.917
5.222
4.412
5.490
3.461
2.516
2.866
3.021
1.262
2.179
3.614
3.945
3.709
3.981
3.597
3.728
4.644
4.068
3.790
3.452
4.628
4.548
4.094
4.176
3.624
4.492
3.707
3.923
3.861
5.001
3.245
5.258
8.011
4.759
4.017
3.288
5.051
10.777
12.599
12.046
11.751
10.845
11.446
10.904
12.434
12.069
11.529
11.820
11.557
12.059
11.814
12.032
10.631
11.078
11.403
10.907
11.732
11.849
11.935
11.736
11.525
11.859
11.398
10.408
11.750
9.904
10.335
10.966
9.168
11.076
8.452
8.209
7.435
7.149
6.756
6.978
8.336
7.276
7.397
7.761
6.467
6.628
6.695
7.178
7.306
6.627
6.538
6.254
5.857
7.587
5.825
6.780
6.907
6.485
6.174
5.859
7.214
7.563
5.865
6.443
7.022
7.010
7.798
6.087
9.241
10.914
11.079
11.212
11.927
11.457
12.374
12.472
12.374
13.083
13.255
13.247
12.976
13.396
13.010
11.767
12.757
11.790
12.540
12.292
12.514
12.876
13.079
13.051
12.717
12.697
12.976
12.693
11.351
11.588
11.125
12.745
12.954
12.179
12.427
12.702
12.992
12.681
12.706
11.687
12.342
12.011
12.259
12.924
12.528
12.678
12.941
11.746
11.940
12.603
12.837
13.315
13.101
12.892
12.862
12.999
13.138
13.014
13.154
13.067
12.299
12.921
12.660
12.666
13.460
13.353
12.784
13.524
13.211
12.830
12.596
13.060
12.854
12.809
12.983
13.504
13.824
13.040
13.342
12.848
12.834
13.004
12.934
12.957
13.157
13.074
12.805
12.698
12.863
12.944
12.645
13.301
12.432
12.111
12.951
12.933
12.611
12.825
12.525
13.369
12.619
12.773
9.060
6.392
9.998
7.926
9.866
11.570
12.837
12.897
13.096
13.063
13.167
12.825
12.173
13.160
13.016
13.468
11.363
12.950
13.515
13.512
13.610
13.743
13.337
13.653
13.467
11.019
13.459
12.895
10.135
11.297
10.322
13.549
12.999
12.730
12.555
12.669
12.340
12.820
12.985
12.841
12.896
11.553
12.667
13.223
13.259
13.103
13.527
13.210
13.225
12.853
13.412
13.215
13.269
13.230
13.115
13.179
12.982
12.855
12.598
12.785
13.157
13.179
13.197
13.331
13.052
12.932
13.048
13.172
12.975
12.741
12.710
12.994
12.265
13.371
12.985
12.289
13.187
13.390
12.985
13.177
13.298
13.647
13.440
13.485
13.216
13.290
13.702
13.696
13.418
13.282
12.279
11.375
11.145
11.962
13.542
12.788
13.584
14.104
14.301
12.033
13.113
12.955
13.090
12.987
12.307
13.096
12.912
11.319
13.062
12.817
12.881
12.898
11.998
12.629
12.641
13.152
13.192
12.695
12.774
12.937
13.121
12.899
12.680
12.524
10.992
12.680
12.821
12.420
13.326
13.120
13.194
12.895
13.039
13.769
12.937
13.139
12.515
12.630
12.651
13.258
13.018
12.918
12.699
13.124
12.617
13.032
13.114
12.896
11.752
13.103
13.031
13.093
11.448
12.119
12.724
12.743
12.626
12.583
12.703
12.473
12.807
12.451
12.463
11.483
12.863
12.546
12.471
11.814
13.042
12.685
12.109
12.997
10.844
12.981
13.123
12.880
12.522
12.987
12.714
12.666
12.778
12.757
11.202
12.326
8.941
10.248
12.398
10.143
13.433
13.536
13.830
9.202
13.225
12.734
12.884
12.788
12.960
13.165
13.260
12.656
12.966
11.561
12.532
12.017
12.647
12.171
12.388
12.507
12.924
12.583
12.705
10.969
12.680
13.005
12.451
12.578
12.634
12.415
12.877
12.170
9.377
12.658
12.572
12.935
12.602
12.790
13.029
12.811
12.706
12.878
12.747
12.873
10.612
12.858
12.705
12.551
12.580
13.378
13.107
12.249
12.526
12.842
13.216
11.646
10.808
11.437
8.418
12.849
12.228
11.440
12.633
11.412
12.976
12.644
13.192
13.394
12.630
12.120
13.000
12.560
12.859
12.596
12.922
12.718
12.491
12.949
12.652
12.254
13.110
12.751
13.185
12.624
12.243
12.718
13.108
12.572
13.044
12.535
12.070
12.464
12.437
9.176
10.073
12.755
12.000
12.723
12.451
12.933
12.707
12.326
13.089
12.587
12.647
13.172
12.401
11.758
11.595
12.588
13.207
13.328
10.680
10.180
13.141
12.778
12.832
13.081
13.076
12.601
13.113
8.835
13.689
12.902
13.005
12.949
13.221
13.309
12.170
13.456
12.247
12.015
11.200
9.644
12.295
10.903
9.415
10.301
10.946
10.132
9.606
10.412
9.110
9.797
10.193
10.981
10.952
10.058
10.859
13.422
13.754
14.030
14.031
11.631
11.388
13.827
13.414
10.528
11.691
11.563
9.521
9.620
12.881
12.479
10.975
12.204
13.303
13.198
10.163
10.640
13.086
13.148
12.523
11.863
11.795
12.321
12.516
12.039
12.031
12.082
12.053
12.743
11.843
11.790
11.941
11.871
12.035
11.871
11.988
12.177
11.389
12.722
13.126
12.113
12.741
11.798
11.816
12.454
12.124
11.341
10.891
10.817
11.316
12.032
11.909
11.980
12.561
11.497
12.033
12.021
11.652
12.400
11.634
11.685
11.535
12.468
12.477
12.565
13.601
12.247
13.041
11.450
9.510
9.367
13.740
13.822
14.259
12.057
13.680
12.028
12.179
12.451
12.570
12.579
13.314
12.060
13.382
13.479
11.512
13.629
12.622
13.455
13.026
12.578
13.497
12.187
13.347
13.196
12.276
12.938
13.708
13.648
14.561
14.637
14.250
14.623
14.230
13.216
12.178
14.439
15.896
15.443
13.579
15.397
13.546
13.682
14.215
13.641
13.399
14.336
14.404
14.157
13.772
14.484
13.582
12.576
12.525
12.855
13.461
13.471
13.007
12.061
10.475
11.066
12.929
11.862
11.824
11.889
13.119
13.846
13.289
14.449
14.893
15.534
15.476
14.003
14.084
14.082
13.297
14.808
15.829
16.285
15.870
14.932
13.504
16.161
15.931
16.030
15.955
15.845
16.053
16.166
13.807
12.022
14.040
15.636
15.502
15.189
14.580
14.189
14.611
14.778
14.323
14.601
14.131
13.957
17.071
14.324
13.953
14.006
13.710
12.857
12.084
11.564
10.200
12.598
11.484
10.416
11.845
10.827
10.007
12.315
12.128
12.226
12.966
12.397
12.500
11.997
12.317
11.856
12.479
12.226
10.842
10.073
9.713
10.344
9.972
10.812
9.897
9.517
10.342
10.230
10.835
10.168
10.127
8.401
9.645
9.749
8.832
9.960
10.138
10.522
11.026
11.164
11.537
11.433
10.835
10.678
11.384
10.536
11.032
10.917
10.399
10.958
10.454
11.059
10.999
11.163
11.651
11.606
10.876
10.929
10.113
11.305
11.743
11.512
10.985
11.468
11.712
11.897
10.650
11.206
10.385
10.107
10.512
7.344
10.736
12.243
11.318
11.065
11.347
10.858
11.139
8.350
11.286
11.608
10.868
11.360
12.301
11.437
12.837
12.313
9.815
9.861
10.678
9.827
12.743
12.952
12.387
11.710
12.439
12.664
13.229
12.701
12.752
12.626
12.878
12.581
13.227
13.287
12.602
12.287
12.190
11.350
12.301
12.254
11.432
11.652
11.843
12.021
10.438
12.317
12.017
12.069
12.104
11.486
11.971
11.425
10.961
11.410
12.002
11.809
12.231
9.777
12.453
11.036
12.561
10.690
11.666
11.690
10.353
10.571
10.063
10.442
9.834
10.095
10.086
10.984
11.075
10.916
10.974
10.935
10.944
9.962
11.589
10.637
10.498
10.499
9.475
10.468
11.069
10.110
10.108
10.117
12.124
12.218
12.998
12.767
12.295
13.026
10.984
11.637
11.797
12.557
11.109
12.518
12.762
12.201
10.579
10.211
10.007
10.711
10.547
10.741
9.710
10.151
10.122
10.042
10.055
9.201
9.061
9.182
9.375
9.035
9.006
9.465
9.008
9.054
9.278
9.677
9.159
9.059
8.813
8.959
9.315
9.288
9.034
8.824
9.254
9.376
8.824
9.734
9.051
8.664
9.154
8.596
8.774
8.993
8.853
8.777
8.765
8.619
8.183
9.583
8.108
8.216
8.128
7.889
8.798
9.971
9.550
8.921
9.006
7.714
8.757
9.176
8.540
8.635
7.907
8.405
10.530
8.607
9.973
8.508
9.796
9.883
7.989
8.852
9.890
8.022
8.709
9.888
10.010
10.568
10.652
9.924
9.197
10.445
11.418
10.448
10.477
9.910
10.135
9.949
9.607
9.699
10.146
7.998
9.798
6.067
9.909
9.659
9.643
9.609
9.720
9.634
9.695
10.065
10.113
9.601
9.633
9.110
8.986
7.333
8.586
8.840
11.809
10.690
8.919
8.857
9.013
7.488
5.901
8.505
6.821
8.705
7.106
8.938
8.949
8.854
9.253
9.193
8.994
8.796
8.694
9.076
8.669
8.982
8.638
8.604
8.730
8.718
8.826
9.126
6.846
9.120
9.075
9.116
9.001
8.431
8.639
8.617
8.739
8.589
8.540
8.603
8.322
7.650
8.664
6.291
6.760
8.501
7.846
6.377
8.881
5.003
7.842
8.836
10.929
8.459
10.351
10.245
10.874
11.134
10.752
10.544
10.198
10.970
9.735
10.909
10.713
10.404
10.373
10.003
10.240
8.965
8.744
8.723
8.485
8.545
8.746
8.734
8.837
8.677
9.079
9.099
8.723
9.026
8.113
9.089
8.476
8.613
8.868
8.851
8.500
8.817
8.368
6.640
9.097
9.170
8.800
8.717
8.084
9.601
9.104
9.969
8.961
7.411
8.547
7.776
8.292
7.106
9.638
9.727
10.285
9.382
9.586
8.932
9.099
9.031
8.954
9.000
9.215
9.230
9.199
9.068
9.202
9.131
9.459
9.768
9.412
9.499
9.434
9.474
9.314
9.363
8.563
8.581
8.625
8.839
8.249
8.589
8.755
7.715
8.453
9.636
8.807
9.608
9.521
8.947
8.791
7.907
9.023
8.280
5.403
5.383
5.691
5.981
5.019
5.457
6.088
5.311
6.444
5.793
5.019
5.414
3.102
5.149
3.751
5.766
5.250
2.867
2.978
6.831
2.927
6.231
7.359
8.024
8.728
8.144
5.666
7.124
6.520
9.442
9.359
12.869
12.734
13.711
13.626
13.634
13.625
14.194
11.898
12.621
12.658
12.524
12.711
12.508
10.544
12.572
12.802
12.626
11.997
12.952
12.557
12.681
12.375
12.493
12.233
13.966
14.334
14.444
14.258
14.380
13.605
13.310
14.341
14.447
13.439
12.074
12.608
12.065
12.577
11.559
9.268
10.607
9.975
10.848
10.252
10.595
10.131
10.353
10.316
9.916
10.527
11.041
9.804
9.412
11.874
12.788
11.829
10.581
10.210
10.549
10.183
10.895
9.182
10.900
12.143
10.076
10.717
11.311
10.075
11.915
10.946
11.616
13.175
14.235
12.808
14.331
12.584
13.445
12.970
11.449
11.261
11.974
10.923
11.264
11.404
12.890
10.958
11.967
11.482
10.176
11.926
11.220
11.142
10.135
13.335
9.765
9.831
10.614
14.119
13.792
13.828
12.583
12.502
12.345
11.646
12.817
12.505
11.553
13.084
12.684
13.187
12.799
12.662
11.416
12.333
12.722
11.961
13.028
12.438
12.675
12.579
12.542
11.732
13.353
14.439
14.402
14.696
14.501
14.406
12.402
12.587
12.646
12.760
12.573
12.239
11.637
12.527
11.307
12.175
12.585
12.397
10.271
10.373
11.010
11.096
12.619
12.054
12.738
12.186
8.933
10.692
12.464
9.536
9.711
10.923
9.160
10.057
11.317
10.087
10.396
11.423
10.069
11.996
9.671
8.237
10.801
8.055
9.664
10.281
11.842
12.997
13.323
12.396
12.367
10.052
10.915
10.153
10.064
9.224
9.601
8.771
9.889
9.329
8.384
9.786
10.740
11.865
11.187
10.770
11.325
10.268
9.766
11.130
10.921
11.105
10.644
10.132
10.525
10.864
10.397
9.760
9.580
8.446
9.606
9.352
8.940
10.123
9.255
9.683
11.470
11.876
9.254
7.912
9.335
10.667
10.618
9.579
8.963
9.431
8.830
8.124
9.276
8.005
10.860
12.208
11.521
9.650
10.065
9.534
9.944
9.188
9.484
9.036
8.387
8.340
8.620
8.521
8.535
8.293
8.555
8.404
8.147
8.812
10.767
9.372
11.707
9.043
11.474
12.072
10.877
10.047
10.111
10.760
6.853
11.574
11.681
9.148
7.094
7.835
10.077
12.055
9.971
9.630
9.342
6.608
6.687
8.441
7.364
6.988
7.137
5.405
7.547
9.324
8.771
8.179
8.696
9.245
7.690
6.194
7.548
9.778
7.285
8.658
7.901
8.251
8.357
8.982
6.282
6.199
7.977
6.647
7.101
7.515
7.130
6.984
7.437
7.399
7.531
6.651
9.892
8.398
9.673
9.916
9.546
7.874
9.419
9.430
9.489
9.532
9.858
9.895
9.753
9.694
9.873
9.170
9.903
9.455
9.572
9.768
10.276
9.253
10.124
10.019
9.783
10.001
9.686
10.129
9.810
10.019
9.192
9.674
9.829
9.705
10.303
9.784
9.950
9.660
9.788
9.700
9.557
9.472
9.583
9.571
10.013
10.073
9.937
9.570
9.914
10.070
9.740
9.654
9.886
9.492
9.537
9.673
10.188
10.110
10.020
9.875
9.862
9.531
9.040
9.915
9.700
9.767
9.933
9.683
6.844
5.749
8.097
6.919
8.335
8.179
8.818
7.628
7.626
7.206
6.467
9.143
8.362
5.987
4.436
6.813
4.366
6.663
7.994
6.501
5.941
6.509
6.850
6.187
8.203
7.635
6.386
4.287
4.956
5.238
6.188
5.821
6.329
6.089
6.288
5.229
6.461
5.350
7.021
7.528
8.955
6.826
9.543
7.922
10.200
10.498
9.974
9.650
9.569
9.438
9.153
9.188
9.226
8.982
8.731
9.612
9.122
8.837
7.729
9.041
9.033
9.527
8.594
10.240
9.736
9.636
9.947
9.687
9.458
9.826
9.489
9.946
9.814
10.157
9.304
9.395
9.605
8.509
9.073
8.813
9.010
8.709
8.980
8.761
8.541
8.497
8.922
8.843
9.375
8.915
9.017
8.851
8.647
8.942
8.852
8.377
8.672
9.038
9.064
8.728
8.440
8.897
9.028
8.591
7.940
8.544
8.366
7.668
7.183
7.870
6.821
6.461
8.730
8.682
7.575
8.665
8.673
8.660
9.207
9.087
8.612
7.780
5.846
8.165
8.353
7.593
6.198
8.842
8.720
8.514
7.527
6.778
2.947
3.237
2.962
3.457
2.757
7.079
7.426
7.461
7.342
7.982
7.481
8.694
8.530
8.697
5.844
3.606
5.527
5.430
7.029
6.200
6.157
6.157
5.310
6.322
6.203
5.927
6.272
6.200
5.693
5.493
6.288
7.914
6.098
7.107
7.766
7.711
7.526
7.519
7.877
8.644
8.638
7.811
9.032
8.523
9.095
8.649
7.087
8.986
8.731
8.756
8.587
8.616
8.683
8.497
8.917
8.681
8.888
9.265
8.788
8.483
8.815
8.431
9.083
8.764
8.829
8.752
8.843
8.405
9.088
8.668
8.962
8.481
7.752
8.671
9.371
8.744
8.945
8.988
8.768
9.818
9.522
9.539
9.744
9.795
9.950
9.769
9.817
10.458
9.937
9.916
9.895
10.172
11.096
10.885
9.468
10.611
11.133
10.639
11.572
11.562
12.188
11.969
10.901
11.742
9.514
10.197
9.587
11.393
10.903
11.291
10.531
10.871
11.699
11.694
11.940
10.722
11.881
12.089
11.503
11.934
11.742
10.915
10.691
9.862
9.548
10.715
9.650
10.424
10.125
10.024
10.420
7.305
7.165
6.801
6.677
8.161
10.494
9.511
10.364
10.067
10.587
9.597
6.691
7.727
6.754
8.361
10.401
10.187
10.221
9.564
10.317
9.635
9.722
9.596
7.502
9.744
9.676
9.651
9.719
9.840
9.011
7.900
9.850
9.822
11.969
10.952
11.759
11.786
11.551
11.681
11.428
10.748
11.299
10.933
10.787
9.894
9.120
10.458
10.248
11.046
10.954
11.174
10.497
10.399
9.855
9.629
10.752
9.826
9.408
9.493
9.772
10.804
11.089
10.559
11.229
10.648
10.962
11.178
10.837
9.734
10.529
10.568
10.427
10.599
10.368
10.582
9.897
10.107
9.708
9.273
10.024
9.364
10.068
9.840
9.633
10.261
10.535
10.416
10.908
10.149
10.282
9.345
9.594
10.504
10.245
10.298
10.305
11.014
10.627
10.430
9.488
10.361
9.363
11.229
11.603
11.128
9.687
9.762
10.328
10.756
10.623
9.814
11.132
11.130
10.601
11.016
10.929
10.347
9.951
8.782
10.359
9.301
9.393
8.244
9.962
9.831
10.013
9.029
9.507
9.649
9.569
7.353
8.725
9.182
9.611
8.736
9.096
9.234
8.633
9.032
8.961
8.911
9.058
9.699
10.212
9.837
9.004
9.591
9.973
9.232
9.061
9.423
9.059
8.988
10.036
9.942
11.406
11.297
10.956
10.239
11.085
11.140
10.848
10.948
10.797
11.168
11.282
10.876
11.047
11.402
11.233
11.079
10.843
11.344
11.628
11.452
11.270
10.643
11.146
11.321
11.431
10.903
11.432
10.760
10.771
11.325
10.551
11.388
10.567
10.970
12.631
12.590
12.191
11.863
12.003
10.667
9.946
12.551
12.036
11.726
12.041
12.167
11.799
11.862
13.035
13.419
13.607
13.261
13.026
14.704
14.560
13.626
12.821
13.378
12.953
13.019
12.899
12.878
12.783
13.044
12.996
12.133
11.809
11.902
11.923
10.422
11.040
9.820
10.923
10.873
10.350
9.822
10.654
10.206
9.204
9.510
10.095
9.787
9.566
9.743
9.750
9.679
9.261
8.737
9.680
9.208
10.072
9.570
9.256
8.906
9.016
7.140
9.595
9.878
9.714
9.670
7.275
10.010
9.953
9.563
9.975
7.932
7.751
6.956
9.067
9.953
9.765
9.486
8.977
9.541
9.839
9.208
9.603
9.541
9.907
10.050
9.669
9.955
9.773
8.554
9.744
9.884
9.571
9.761
9.733
9.474
8.319
9.396
9.712
9.635
9.597
9.606
6.589
9.477
9.418
8.348
9.805
9.618
9.947
9.726
9.736
10.088
9.149
9.490
9.636
9.813
8.818
9.119
9.629
9.009
8.671
7.112
8.614
7.597
10.110
9.793
9.148
9.653
9.313
7.585
9.599
8.731
9.063
9.026
8.844
8.773
8.024
8.130
8.831
9.325
8.303
7.035
8.344
8.657
7.920
8.432
8.254
5.452
9.568
9.558
9.261
9.661
10.297
10.711
10.798
10.805
10.998
11.657
10.792
11.058
10.250
10.799
9.787
10.449
10.610
10.321
10.001
9.667
11.078
10.857
10.165
11.476
10.072
8.743
8.146
10.785
11.842
14.125
14.349
14.249
14.108
14.501
14.562
14.583
14.557
14.704
14.544
14.417
14.103
14.086
14.339
14.595
14.464
13.802
14.004
14.541
13.212
13.792
14.095
13.733
13.753
13.955
14.549
13.920
14.448
14.541
14.577
14.527
14.692
14.516
14.734
14.526
14.665
14.619
14.620
14.526
14.434
14.107
14.657
14.591
14.582
14.560
14.314
13.479
12.991
14.524
14.594
12.854
14.586
14.751
15.027
12.031
11.922
14.086
14.197
13.776
14.738
13.818
14.632
14.517
14.572
13.731
15.020
14.611
14.499
14.689
14.656
14.666
13.947
13.136
14.735
14.484
14.728
14.667
14.607
14.832
14.908
14.561
12.815
14.821
14.787
14.605
14.555
14.127
14.918
14.682
14.468
14.290
14.601
14.347
14.379
14.585
14.539
14.526
14.345
14.360
14.438
13.695
14.458
14.443
14.415
14.280
14.439
14.292
14.142
14.371
13.170
12.705
13.458
13.999
13.668
13.352
13.698
13.594
13.531
13.488
13.733
13.436
13.718
13.439
12.390
12.389
12.792
13.224
12.936
12.545
12.694
12.402
12.164
12.572
11.192
11.737
12.365
12.620
12.263
13.306
14.309
12.405
12.277
14.401
14.963
14.133
14.041
14.279
13.300
13.560
13.716
13.336
13.493
13.428
13.660
12.835
13.777
13.386
12.578
12.934
12.346
12.783
12.924
12.842
13.384
13.884
13.631
12.920
13.363
13.485
14.125
13.624
13.005
12.730
12.311
13.267
12.527
13.693
13.618
13.673
13.967
13.636
14.036
13.520
13.791
13.353
13.474
13.525
13.016
12.781
14.060
14.118
14.579
13.683
13.658
13.704
13.714
12.755
13.537
13.195
13.771
13.845
13.989
14.386
14.612
14.517
14.513
14.603
14.527
14.567
13.840
13.891
14.744
14.615
12.770
14.347
14.650
14.317
14.432
14.797
14.727
14.469
14.594
13.868
14.526
14.032
13.697
13.630
13.969
14.106
13.475
13.957
13.680
13.618
13.764
13.600
13.908
14.237
14.823
14.821
12.801
12.829
13.971
13.845
12.667
9.687
13.769
14.601
14.426
14.460
14.326
13.734
14.350
10.826
14.384
14.420
14.368
14.024
13.810
12.060
11.705
12.335
11.956
11.169
11.535
11.358
11.745
10.275
9.300
11.557
11.934
11.538
12.217
11.699
11.895
11.902
11.569
11.615
11.859
11.433
11.618
11.670
11.809
11.481
12.094
14.365
14.400
14.072
13.577
13.375
13.659
13.474
13.681
13.579
13.800
13.948
13.885
13.525
13.513
13.378
12.779
13.707
13.482
13.275
13.772
13.844
13.184
12.586
13.840
11.872
11.692
11.636
13.696
14.392
13.340
14.423
13.919
14.096
13.823
14.148
14.340
14.424
14.236
13.649
14.145
14.520
14.401
14.110
14.281
14.289
13.188
14.446
14.178
13.613
13.806
13.844
13.753
13.705
13.602
14.251
13.812
14.186
13.865
14.539
13.772
14.332
12.650
12.435
12.655
12.608
12.557
12.735
12.640
13.007
11.624
12.056
12.125
12.588
12.594
12.541
12.685
13.047
12.457
12.914
12.593
12.904
13.996
14.458
14.483
13.785
14.511
14.431
14.354
14.600
14.411
14.148
13.389
13.733
14.436
14.078
14.510
13.362
12.222
12.936
13.368
13.531
13.576
13.543
13.464
13.011
12.964
11.449
13.444
13.461
13.367
13.053
13.526
14.096
14.389
14.363
14.379
13.869
13.902
13.801
12.222
11.965
11.466
12.593
12.199
12.382
12.300
13.349
12.556
13.465
12.838
12.285
13.277
13.794
9.988
12.621
11.386
9.355
8.941
9.855
10.523
11.320
10.990
11.452
10.146
10.227
10.423
8.898
9.000
9.454
9.607
9.042
9.595
9.507
9.224
9.521
9.627
9.804
9.826
9.539
9.808
10.257
9.642
9.496
9.960
9.797
9.739
9.454
9.470
9.753
10.042
9.758
9.623
9.793
10.028
7.950
6.247
8.915
9.967
9.360
9.362
9.629
8.703
9.593
8.823
9.052
9.329
9.315
9.104
9.563
8.630
6.536
7.344
5.254
8.836
7.008
8.162
8.686
7.055
8.973
9.671
9.724
9.673
9.823
9.595
9.623
9.561
8.881
10.132
10.379
9.346
9.883
9.357
9.465
9.820
9.837
9.736
9.233
9.678
9.598
10.002
9.431
9.235
9.596
9.625
9.970
9.611
9.436
9.588
8.962
9.322
9.445
9.565
9.235
9.622
9.375
8.745
9.559
7.596
9.417
9.526
8.591
9.630
9.823
9.591
9.071
9.749
9.311
9.131
9.187
9.567
9.310
9.371
9.059
8.752
8.445
9.454
9.408
9.057
9.216
9.367
9.228
8.986
8.814
8.784
9.334
9.615
7.424
8.502
9.466
8.445
7.398
8.972
9.765
8.750
7.710
9.460
9.202
6.449
9.066
9.536
9.375
9.571
9.404
8.867
7.759
9.418
9.506
9.432
9.450
9.413
9.067
9.248
9.408
9.156
9.386
9.157
9.447
9.383
9.412
9.450
8.935
9.292
9.215
9.171
9.190
9.549
8.535
9.457
9.302
7.988
9.536
9.373
9.442
9.425
9.533
9.089
8.435
8.977
7.818
7.691
8.942
8.468
8.559
9.085
8.519
9.413
8.868
8.446
8.335
6.134
7.295
7.823
7.251
7.788
9.353
7.642
9.535
8.360
9.532
9.443
9.145
9.172
9.688
8.677
9.421
9.263
9.397
8.229
9.313
9.390
9.314
9.479
9.461
9.084
8.975
9.462
9.307
9.127
6.816
11.343
11.787
12.132
11.690
12.580
11.941
12.430
12.084
12.420
12.282
12.372
12.160
11.850
12.322
12.370
12.007
12.388
11.949
11.811
10.661
11.739
12.475
12.342
12.302
12.571
12.226
12.363
12.248
10.578
11.443
10.117
11.442
11.689
11.339
10.678
10.438
10.864
11.457
9.850
10.665
10.503
6.678
8.200
7.713
7.747
7.763
8.673
7.386
6.811
8.394
9.757
9.528
9.042
9.510
9.587
9.342
8.442
9.095
10.050
9.498
9.505
9.529
9.455
9.475
9.184
9.242
9.396
9.418
9.412
9.678
9.173
9.363
9.814
9.560
9.728
8.219
9.910
9.688
9.638
8.475
9.629
9.990
9.418
9.481
9.361
9.370
9.517
9.413
8.559
9.604
9.668
9.714
9.578
9.023
9.767
10.177
9.730
9.993
9.826
10.534
9.608
10.883
10.586
10.480
9.173
10.634
10.966
4.704
6.279
5.953
6.644
7.461
10.493
6.965
7.348
4.883
9.991
8.746
10.428
11.069
8.807
8.109
5.507
7.722
12.002
11.481
11.647
12.816
12.859
9.345
12.617
9.726
9.648
13.021
11.693
11.609
11.426
11.019
10.750
9.939
9.959
10.551
10.270
10.344
7.319
6.664
7.337
6.631
9.621
6.964
7.810
9.617
9.653
9.593
9.465
9.726
8.059
7.200
6.494
9.380
10.030
9.282
9.944
8.964
9.664
9.396
10.110
9.554
8.579
8.118
9.620
7.760
7.449
7.617
7.976
7.411
6.860
5.166
8.039
6.205
6.959
8.749
5.317
5.283
7.147
9.285
9.480
6.499
9.146
9.616
9.342
8.572
9.510
10.641
9.936
10.416
9.719
10.470
10.507
10.306
10.794
12.260
11.746
12.131
11.792
11.744
10.815
11.068
9.053
11.219
11.410
11.772
10.965
10.745
10.322
9.184
10.374
9.774
9.299
10.362
8.992
11.208
11.103
11.981
12.323
11.407
11.355
10.251
10.927
10.243
10.737
10.634
13.066
10.282
12.034
12.106
13.416
12.963
11.973
13.023
12.493
12.988
12.176
13.781
11.162
12.765
10.347
10.650
13.124
13.874
10.961
12.532
12.222
13.645
13.836
13.895
13.085
14.490
13.750
13.284
13.837
13.140
13.404
13.524
13.212
13.272
13.224
13.515
13.425
13.221
13.399
13.658
13.948
12.961
12.833
13.258
13.963
13.091
14.541
14.573
14.099
13.760
14.665
13.302
13.249
15.182
14.916
13.925
14.785
15.841
15.654
14.300
13.971
11.199
9.877
10.929
9.147
10.828
10.031
10.659
11.387
14.696
14.517
13.619
11.697
13.418
12.793
11.454
12.582
14.047
16.003
12.003
14.161
11.212
9.609
12.193
13.716
13.164
14.482
14.990
13.922
13.740
13.201
12.885
13.888
13.712
16.676
15.127
10.573
15.281
14.003
14.889
13.725
15.112
14.223
13.389
14.575
15.540
15.608
15.065
14.162
14.720
13.039
14.688
14.803
14.626
14.031
13.771
14.165
13.702
14.458
14.069
14.019
14.014
13.920
14.049
13.099
14.035
13.612
14.690
13.802
14.023
13.857
13.453
13.864
13.359
13.609
14.328
14.076
14.428
14.765
14.425
14.773
14.863
14.585
14.517
14.685
13.881
13.937
13.381
13.891
14.359
14.172
14.082
14.193
14.714
13.814
14.473
14.839
14.749
14.452
14.499
14.730
14.897
14.715
13.380
14.954
13.685
13.978
10.618
9.841
14.265
14.386
12.467
12.581
12.824
12.747
12.563
12.834
13.298
13.027
13.028
12.523
13.539
12.994
12.918
13.518
13.536
12.497
12.693
12.238
13.209
12.641
12.966
13.264
12.973
13.104
14.880
14.811
14.913
14.839
13.192
13.286
14.252
13.112
12.724
12.874
13.075
13.178
13.402
12.910
12.548
12.574
13.745
13.536
12.559
14.756
14.520
14.078
14.120
13.615
13.711
13.980
14.441
14.241
13.707
14.279
11.864
12.289
12.962
12.389
12.544
12.504
12.421
13.158
12.804
12.467
12.754
12.565
12.366
12.512
13.444
12.334
14.407
13.844
14.438
14.086
14.329
14.007
13.830
14.533
14.661
10.888
14.507
13.730
15.166
13.735
12.176
12.861
13.426
13.190
11.620
13.589
12.073
13.140
13.243
13.086
13.565
14.217
13.430
13.775
12.246
11.179
12.317
13.027
13.408
12.274
13.366
14.807
16.142
12.407
13.688
15.029
15.151
15.486
16.463
13.015
15.183
14.858
15.683
15.843
15.140
14.695
15.773
15.611
15.669
15.211
14.538
16.491
16.113
15.425
15.586
16.292
15.708
16.243
15.908
15.197
16.393
14.784
14.957
16.160
15.754
16.768
16.174
15.366
15.816
16.568
15.854
14.970
12.221
11.179
10.524
13.411
11.957
12.702
14.191
15.042
14.589
15.578
15.773
15.750
15.962
15.640
15.418
16.021
16.386
16.733
15.428
13.558
14.806
15.731
15.152
15.011
13.528
15.143
15.512
15.246
14.074
13.632
12.906
12.391
14.458
15.386
14.913
14.219
13.860
14.388
15.295
14.582
14.743
14.443
15.800
14.598
14.763
13.271
13.516
13.262
14.449
14.841
15.562
16.550
15.656
15.389
14.965
14.703
13.190
12.741
13.380
13.756
13.150
14.103
14.410
14.502
13.408
16.062
15.499
13.808
14.262
14.084
12.911
12.916
13.716
11.780
13.046
14.384
14.288
14.195
14.115
12.386
14.027
14.548
13.718
13.945
13.840
13.916
13.894
14.037
14.375
14.611
13.720
14.589
13.760
13.881
13.616
12.885
13.635
11.792
13.969
13.504
15.004
15.526
13.455
13.531
13.985
13.832
13.595
13.290
12.700
12.154
12.489
12.891
12.320
11.728
13.144
12.088
12.581
12.672
12.887
12.612
13.227
12.705
12.956
12.192
11.348
11.825
11.079
11.491
11.750
11.413
11.374
13.337
14.292
15.245
14.992
13.465
15.082
14.269
15.919
15.940
16.430
15.710
16.400
16.584
13.002
14.626
14.365
13.293
15.639
14.536
14.174
14.873
14.232
14.554
15.012
14.698
13.542
13.962
16.667
15.464
15.469
15.626
14.798
14.938
16.164
15.772
15.105
14.178
15.996
15.550
16.210
15.699
14.924
14.826
15.384
15.108
15.544
15.562
15.640
15.206
15.784
13.040
13.270
13.361
13.840
14.497
15.814
12.675
14.858
12.563
13.960
14.115
14.900
14.037
13.951
14.137
13.870
14.389
15.299
15.205
15.153
13.279
13.930
12.077
13.287
14.040
13.981
14.344
14.861
15.367
13.509
12.127
15.357
12.514
12.538
14.985
15.114
15.193
15.225
14.608
14.321
14.368
14.323
13.492
13.243
12.807
13.125
13.208
10.459
12.205
13.199
13.405
13.905
13.628
14.469
14.670
14.570
14.481
14.274
14.892
14.283
15.029
14.744
14.091
14.284
14.982
14.310
14.636
15.180
15.680
15.500
16.176
15.806
15.293
15.117
15.467
15.231
15.509
15.494
15.590
14.488
15.565
15.516
13.473
15.675
14.865
15.466
15.645
14.346
15.154
14.326
14.572
11.328
13.473
14.701
14.829
15.253
15.817
15.155
14.916
11.883
13.217
13.840
12.799
11.570
13.567
13.624
12.964
12.848
12.739
12.870
12.872
13.637
13.433
12.194
10.957
12.727
14.110
13.237
13.419
12.516
12.581
12.547
12.403
12.867
12.923
13.481
13.389
11.461
13.586
13.664
13.321
14.742
14.378
14.507
14.284
13.358
13.568
13.467
13.739
14.946
14.671
14.489
13.873
13.817
14.086
14.454
13.732
14.041
14.781
14.378
15.065
14.068
14.755
14.181
13.886
12.718
14.176
14.342
14.166
14.231
14.252
13.152
12.984
11.058
12.054
12.483
13.245
13.390
13.429
13.801
14.831
15.160
14.502
14.659
14.978
14.836
14.492
14.995
14.743
15.233
14.902
14.298
13.996
11.255
12.357
14.710
14.254
14.330
14.614
14.104
12.054
14.808
14.334
14.405
14.390
14.178
12.838
13.906
12.624
14.624
14.798
15.745
17.101
14.618
14.461
15.897
14.995
15.147
16.190
15.765
16.573
14.456
14.290
15.942
16.178
15.957
16.361
15.456
14.934
15.463
14.487
14.325
15.020
15.441
12.643
13.915
14.679
15.652
15.484
16.121
15.839
15.590
15.396
15.451
13.813
14.623
14.543
14.241
14.414
14.245
14.629
14.940
13.613
15.031
13.692
14.757
15.793
16.386
16.117
14.596
16.090
15.618
14.524
15.597
15.676
16.136
15.115
14.300
14.414
14.446
16.095
14.750
13.528
12.672
15.095
14.983
13.874
14.738
14.980
14.795
14.214
13.897
14.391
13.788
14.936
14.405
13.782
13.100
12.212
13.220
13.699
13.996
13.656
14.350
13.572
14.274
14.945
14.234
14.777
14.517
14.434
13.486
14.201
14.245
14.762
15.452
14.982
14.212
13.258
11.771
13.508
13.355
14.698
14.605
14.514
13.677
13.764
15.208
13.474
13.288
13.768
14.101
15.395
15.359
16.225
14.003
15.203
14.988
15.016
16.304
15.318
15.359
15.495
15.220
13.673
13.526
13.744
13.485
12.901
13.383
12.644
13.362
13.673
15.065
14.039
13.382
12.886
13.578
13.598
13.540
12.891
12.385
12.555
12.634
11.070
12.219
13.378
12.849
13.089
13.011
13.175
13.895
13.988
13.041
12.987
13.124
12.742
13.072
13.520
13.523
15.243
14.037
15.602
13.342
13.451
13.735
13.820
15.278
14.107
14.622
14.083
14.267
13.792
13.516
14.830
14.525
13.964
14.933
13.746
16.128
16.366
15.569
16.119
17.225
16.190
15.787
16.467
16.317
16.775
15.872
16.708
17.023
16.763
16.426
14.259
12.478
15.711
14.449
15.924
16.473
13.968
12.388
11.497
14.898
15.180
15.028
13.925
13.418
14.027
13.456
13.409
12.805
14.273
12.854
13.796
13.776
13.817
12.093
14.557
13.979
14.558
14.689
13.731
13.402
14.320
14.621
12.845
11.940
12.567
12.326
12.368
11.871
12.043
11.816
12.167
11.469
11.752
11.544
12.051
12.112
12.202
12.605
12.900
12.836
12.809
11.394
11.601
12.076
11.893
11.284
12.183
10.607
11.048
11.709
11.673
10.396
11.711
11.364
12.198
11.099
11.974
12.265
12.754
11.493
11.146
11.364
10.845
11.040
10.983
10.581
11.497
11.000
10.792
10.816
10.741
9.625
9.649
10.432
9.667
9.571
10.508
10.873
9.952
8.471
10.054
11.146
10.246
10.470
11.123
10.670
10.694
10.794
10.625
10.130
10.297
9.262
8.684
10.526
10.133
10.197
9.182
10.490
11.574
11.510
10.042
9.229
8.714
9.416
9.641
9.658
10.337
8.280
10.852
9.873
10.139
10.172
9.869
9.817
9.579
10.051
8.359
8.759
8.664
8.867
9.308
9.708
9.738
11.069
10.109
9.904
9.735
9.686
9.850
10.148
10.255
10.286
10.226
9.834
11.687
11.409
11.566
11.844
11.542
11.284
11.274
11.028
11.335
11.079
10.069
11.436
11.459
11.616
11.499
11.423
11.360
10.898
11.504
11.676
11.463
11.888
12.998
12.592
12.269
11.393
11.374
11.920
11.802
11.475
10.020
12.173
9.210
11.591
11.175
10.292
9.908
8.970
12.232
11.979
11.985
12.518
12.723
12.070
11.511
11.815
10.812
12.282
11.620
11.836
11.503
11.915
11.266
11.396
11.486
11.388
11.424
12.462
12.359
11.899
11.853
12.050
11.800
12.105
11.413
12.116
12.802
11.686
11.779
11.906
11.444
11.895
12.085
12.472
12.263
8.540
12.626
12.199
11.867
12.100
12.424
12.893
12.837
13.298
12.374
12.388
13.362
12.468
11.893
13.372
13.022
12.674
13.493
12.396
11.426
11.477
11.705
12.114
12.407
12.526
12.252
12.861
13.160
12.156
12.635
12.875
12.301
12.911
13.283
12.806
12.869
13.147
12.965
12.461
13.096
13.410
12.889
13.060
13.124
13.285
13.435
14.093
12.886
13.665
12.815
13.314
14.095
11.278
12.416
11.725
12.485
11.911
12.878
12.358
12.944
10.964
13.188
13.459
11.609
12.639
13.028
12.746
13.818
13.398
13.502
12.298
13.341
12.568
13.030
12.258
11.731
9.305
11.683
12.357
11.391
12.754
12.473
11.585
12.388
12.250
11.558
12.249
12.747
12.927
13.024
12.924
12.252
12.135
12.134
13.530
12.501
11.085
11.110
11.163
11.041
11.399
11.581
11.113
11.230
11.630
11.847
10.749
10.850
12.058
10.976
10.765
10.945
11.655
12.568
10.604
12.554
12.842
10.737
10.492
10.272
10.386
9.681
10.265
10.453
11.186
10.629
10.860
10.352
10.325
10.616
10.603
10.127
10.176
10.726
10.356
10.519
10.313
10.407
10.425
10.558
10.003
10.738
10.331
10.774
11.570
12.829
11.998
12.843
12.308
12.549
8.417
12.690
12.327
12.530
12.707
11.679
12.967
11.804
12.071
12.113
12.208
12.885
11.854
12.044
15.995
15.811
15.881
14.775
17.130
13.979
13.247
14.939
14.496
13.358
12.607
12.224
11.216
11.988
13.139
13.720
12.814
13.445
10.964
11.226
10.784
10.906
11.557
10.902
10.735
11.050
8.613
11.374
11.618
10.436
10.354
11.211
10.586
10.592
11.022
10.283
10.072
10.660
10.485
10.903
10.398
10.576
11.220
10.456
10.567
10.628
10.281
10.343
10.588
10.389
9.194
9.436
9.294
9.111
9.742
8.389
9.708
9.604
9.239
9.267
9.733
9.657
9.900
8.969
9.021
9.475
9.461
9.094
8.913
9.410
8.747
9.280
9.430
8.899
8.998
9.281
9.100
9.165
8.959
9.165
9.231
8.892
9.028
9.036
9.115
9.222
9.097
9.530
8.643
8.643
8.600
8.752
8.691
8.930
8.866
8.977
8.848
8.755
8.757
8.618
8.554
8.526
8.259
8.268
6.144
7.263
7.783
7.829
7.020
6.606
7.012
8.364
7.814
8.129
7.769
7.804
8.191
8.230
8.191
8.346
7.682
7.578
7.654
6.603
6.051
6.342
5.828
8.059
7.287
8.502
8.177
8.328
7.848
8.397
8.045
7.896
7.180
8.452
8.394
7.440
8.222
7.846
7.505
7.706
7.477
8.119
7.870
8.087
8.141
8.810
7.450
8.462
7.031
8.286
8.326
8.118
7.897
8.473
8.649
9.009
6.888
9.249
8.737
8.681
8.754
8.382
8.854
8.847
8.503
8.440
8.491
8.669
8.701
8.527
8.785
8.965
8.602
8.426
8.456
8.725
8.596
8.524
8.697
8.533
8.467
8.626
8.748
8.683
8.670
8.705
8.753
8.985
8.799
8.900
8.599
8.206
7.912
8.684
8.573
8.474
8.571
8.750
8.607
8.510
8.674
8.614
8.535
8.566
8.542
8.510
8.506
8.534
8.537
8.500
8.467
8.865
8.529
8.639
8.543
8.510
8.561
8.507
8.694
8.585
8.294
8.501
8.292
8.668
8.281
7.114
8.403
8.532
8.687
8.659
8.485
8.621
8.737
8.561
8.584
8.552
8.726
8.626
8.597
8.768
8.670
8.477
8.856
8.708
8.724
8.712
8.519
8.374
8.185
8.804
8.788
8.628
8.646
8.664
8.562
9.064
9.017
8.812
8.615
9.002
8.839
8.878
9.092
9.213
8.822
8.875
9.061
9.055
8.876
9.005
8.837
9.361
10.589
9.513
9.298
9.334
9.102
9.273
9.538
9.389
9.416
9.398
9.676
9.357
9.546
9.230
9.186
9.436
9.182
8.713
9.016
8.683
8.874
8.669
8.150
8.924
8.898
8.711
8.640
8.862
8.863
9.227
8.718
8.583
8.806
9.240
8.692
8.978
9.436
9.338
9.574
9.154
9.163
8.816
9.428
9.131
8.903
8.895
9.093
9.371
8.886
8.749
9.041
8.243
7.911
8.789
8.867
8.911
9.113
8.725
9.061
9.099
9.107
8.560
8.629
9.286
8.991
8.702
8.763
8.702
8.879
8.483
8.744
8.688
8.381
8.706
8.729
9.240
9.166
9.398
8.701
5.638
8.659
8.964
8.717
8.997
9.037
8.754
8.852
8.793
8.871
9.175
8.991
8.769
8.907
8.715
8.883
8.925
8.689
8.853
8.871
8.637
9.704
9.065
9.471
9.509
9.369
9.385
9.142
9.291
9.297
9.212
9.795
8.992
8.958
8.940
8.756
8.797
8.844
8.505
8.883
9.763
8.765
8.950
9.687
8.930
9.542
9.804
9.027
8.893
8.969
8.969
8.595
9.029
8.862
8.341
8.584
8.836
8.769
8.628
8.713
8.728
8.611
8.730
8.806
8.803
8.782
8.611
9.458
7.926
8.622
9.351
8.831
8.850
8.932
8.399
8.227
8.794
8.475
8.904
8.963
8.744
8.793
9.175
9.039
8.865
7.999
8.903
9.072
7.674
8.712
8.730
7.755
8.601
8.715
8.675
8.941
8.998
8.726
8.897
9.036
8.706
8.765
8.936
8.872
8.814
9.247
8.462
8.972
8.711
9.045
9.309
9.383
8.680
8.681
8.899
8.634
8.867
9.019
8.666
9.030
8.613
8.617
8.791
8.813
8.769
8.641
8.766
7.451
8.879
9.043
8.726
8.654
8.703
9.006
8.925
8.956
8.927
8.725
7.678
8.446
8.722
8.871
9.239
8.816
9.032
9.112
9.036
8.960
8.729
8.684
9.493
9.544
10.212
9.825
9.898
9.520
9.923
9.629
9.549
9.752
9.683
10.096
9.725
9.676
10.221
9.081
9.313
9.916
9.229
9.717
9.681
9.609
9.676
10.092
9.484
9.507
9.297
8.963
9.984
10.487
9.835
9.943
9.889
10.553
9.665
12.142
10.752
9.728
10.243
9.914
10.027
10.219
10.266
10.059
10.055
9.327
9.766
10.657
10.203
10.144
9.096
9.640
9.234
9.781
10.286
9.878
9.804
9.852
10.042
10.358
9.781
9.814
9.614
9.703
9.922
10.488
10.346
10.787
11.389
9.976
9.989
9.917
9.735
9.769
9.716
8.975
9.655
8.806
9.537
9.186
9.817
10.065
10.882
10.629
9.588
9.966
9.831
9.636
9.362
9.770
9.786
8.841
8.489
9.221
8.378
8.314
9.081
9.451
8.959
9.982
9.381
9.533
9.349
9.659
9.840
9.733
9.633
10.335
9.904
9.139
10.119
9.445
9.795
10.470
9.894
9.747
9.590
9.819
9.893
9.673
9.850
10.253
10.024
10.564
10.593
10.224
10.877
9.884
10.325
9.628
10.172
10.516
9.966
9.928
8.694
9.474
9.430
9.568
9.433
9.341
9.446
8.987
9.232
9.674
9.470
9.677
9.772
10.103
9.952
9.871
9.774
9.895
9.621
9.726
9.684
9.727
9.693
9.355
9.892
9.959
9.888
9.758
9.872
9.935
9.900
10.008
9.727
9.731
9.968
9.883
9.589
10.177
9.887
9.955
10.016
9.487
10.105
10.488
9.809
11.118
10.784
9.847
10.116
10.209
10.076
10.205
9.617
9.648
9.960
9.549
8.973
9.474
9.871
9.802
8.118
9.496
8.653
8.631
9.506
9.589
9.564
9.676
8.435
8.835
9.411
9.730
9.678
8.992
9.963
8.933
8.764
8.702
8.890
7.897
7.825
8.594
8.490
8.818
8.973
8.667
8.313
7.457
9.960
5.969
6.616
6.411
6.026
6.121
6.501
3.333
9.559
9.744
9.315
9.704
9.692
9.673
9.885
9.841
9.818
9.716
10.007
9.651
9.940
9.911
10.225
9.775
9.684
9.676
9.686
10.065
9.740
9.563
9.514
9.540
9.560
9.977
9.733
9.866
9.646
9.889
9.560
9.715
10.074
9.699
10.032
9.623
9.640
10.054
9.809
9.702
9.564
10.213
9.846
10.149
10.722
10.000
10.028
9.724
10.610
9.710
9.711
10.407
10.045
10.064
9.789
10.047
10.009
9.878
9.036
9.527
8.762
9.758
10.239
9.885
9.472
9.626
9.609
9.534
9.561
9.987
10.177
9.424
8.783
8.957
9.028
8.974
9.645
10.101
10.348
9.519
9.757
9.663
9.591
9.760
9.494
8.815
9.738
9.994
9.796
9.809
9.572
9.213
9.929
9.736
9.716
9.862
9.822
9.758
9.612
9.858
9.474
9.727
9.661
9.996
9.794
10.139
10.130
10.025
9.691
9.494
9.816
9.880
9.858
9.745
9.680
9.561
9.671
10.231
9.636
9.449
9.678
9.734
9.634
10.158
10.056
9.673
9.665
9.551
9.769
9.553
9.581
9.633
9.439
9.718
9.510
9.546
9.566
10.109
9.185
9.975
9.631
9.616
9.404
9.368
9.071
9.146
9.830
9.740
9.553
10.182
9.834
9.763
9.640
9.654
9.881
9.829
9.613
9.750
9.616
9.949
9.461
9.852
9.621
9.765
9.543
9.533
9.756
9.851
9.953
9.597
9.681
9.867
9.575
9.573
9.808
9.856
9.756
9.866
9.723
9.667
9.658
10.102
10.034
9.960
9.909
9.873
9.376
9.821
10.199
10.196
9.287
9.923
9.804
9.893
9.773
9.975
9.716
9.977
9.655
9.782
9.585
9.645
9.962
8.544
9.194
9.620
9.580
9.640
9.190
9.811
10.146
9.350
10.013
9.768
9.574
9.742
9.598
10.588
10.309
9.983
9.638
9.954
9.812
9.756
9.714
9.774
9.364
10.843
10.076
10.753
10.583
11.459
9.937
11.977
11.046
11.446
11.126
10.648
11.257
11.512
11.420
11.191
10.755
10.771
10.134
10.041
10.856
11.203
11.117
10.613
10.586
10.546
10.817
10.942
11.282
11.942
10.281
9.278
9.769
10.572
11.622
11.265
10.892
11.643
9.599
9.505
9.736
9.711
9.555
9.102
9.498
9.772
9.830
9.641
9.384
9.643
10.033
9.612
10.134
9.814
9.586
9.660
10.449
9.501
10.432
9.908
10.230
10.048
10.160
10.133
10.292
10.377
10.127
9.805
10.117
9.610
9.978
10.041
10.091
9.732
10.227
10.654
10.340
9.455
8.882
9.859
9.044
10.471
9.987
10.385
10.125
10.154
10.143
9.813
9.819
9.958
9.433
9.887
9.562
9.843
9.967
9.875
9.932
9.733
9.978
10.053
10.267
9.766
9.564
9.861
9.904
9.564
9.595
9.833
9.777
9.454
9.427
9.629
9.700
9.868
9.840
9.734
9.647
9.723
9.776
9.945
9.970
9.925
9.903
9.674
9.748
9.914
10.232
9.570
9.829
10.017
9.632
9.855
9.581
9.962
9.494
9.686
9.245
9.555
9.692
9.848
9.711
10.262
9.736
9.562
9.252
8.990
9.255
8.832
9.173
9.307
9.568
10.096
9.509
10.266
9.748
9.694
9.805
9.841
9.622
10.039
9.491
9.996
9.887
9.906
9.789
9.797
9.533
9.870
9.662
9.498
9.956
9.914
9.623
9.968
10.073
9.738
9.521
9.539
9.643
10.239
10.127
9.546
9.668
9.610
9.905
9.728
9.619
9.815
9.159
9.577
9.819
9.436
9.485
10.086
8.787
9.980
9.646
10.601
9.942
10.216
9.905
9.723
9.786
10.302
10.272
9.534
9.508
10.019
9.662
9.735
9.616
9.509
9.819
9.513
9.881
10.176
10.013
9.586
10.059
11.260
9.982
10.121
10.006
10.327
9.565
9.756
9.755
10.001
10.792
11.411
10.419
11.392
10.571
9.999
11.626
10.428
11.276
10.676
10.631
10.138
9.807
9.848
9.599
9.548
9.104
9.078
9.026
9.059
9.634
9.945
9.911
9.650
9.622
9.815
9.582
10.200
9.973
9.664
9.579
9.816
9.488
9.700
9.533
9.910
9.972
10.212
6.103
6.057
10.033
10.155
9.777
9.939
8.871
8.714
8.848
8.829
9.241
9.279
8.707
8.796
9.881
10.208
10.591
9.913
9.692
9.674
6.230
6.302
6.397
9.282
9.533
9.628
9.646
9.637
9.323
9.714
9.777
9.822
9.581
9.821
10.355
9.954
10.597
10.189
10.387
9.962
11.586
9.837
10.777
10.530
10.823
10.316
9.766
8.795
8.769
8.884
8.854
8.503
9.585
9.541
9.764
9.740
9.707
9.609
9.383
9.338
9.191
9.382
9.262
9.001
9.000
9.027
9.114
8.909
9.115
8.759
8.873
7.623
5.941
6.129
5.526
5.683
6.989
6.162
5.518
6.861
6.266
5.052
6.379
6.538
9.462
9.679
9.362
8.779
9.570
10.083
9.751
8.586
8.981
9.622
8.808
8.006
9.696
9.818
10.550
10.795
9.317
9.844
10.851
10.995
9.881
10.322
9.157
10.213
9.022
8.209
10.129
9.144
9.452
8.703
9.031
9.353
9.745
9.780
8.707
9.834
9.398
9.373
9.292
9.307
8.353
8.322
8.784
8.698
7.095
8.776
9.174
9.800
9.706
9.434
9.817
9.755
9.447
9.005
9.469
9.730
9.341
9.170
9.716
9.551
9.827
10.098
9.686
9.558
9.365
8.997
9.249
9.308
9.503
9.593
8.849
9.158
9.042
9.280
9.326
8.756
9.244
9.366
9.507
9.220
9.628
9.406
9.468
9.873
10.244
9.047
9.500
9.538
9.499
9.835
10.071
10.190
9.288
9.570
9.104
9.200
9.286
8.991
8.695
8.624
9.306
8.871
8.739
7.603
9.354
9.326
8.151
8.580
9.287
8.967
7.895
9.440
9.496
9.744
9.232
9.420
8.068
8.732
9.003
9.570
9.271
9.077
9.800
9.235
8.703
8.690
8.206
8.631
7.835
8.246
8.311
8.070
9.623
8.593
9.318
9.494
9.313
9.721
7.889
9.431
10.041
8.875
9.118
7.987
9.703
9.865
10.568
10.522
10.962
10.312
9.930
9.586
11.812
8.419
9.993
10.681
10.429
9.094
11.685
11.259
11.604
10.792
11.011
8.952
9.779
10.682
9.867
10.394
10.104
9.590
10.642
10.713
10.776
10.038
8.983
10.157
10.410
10.195
9.778
10.148
9.738
10.005
10.123
9.294
9.427
10.086
9.566
8.704
8.691
8.576
8.817
8.610
8.865
8.589
8.675
8.965
8.903
8.741
8.781
9.938
9.109
9.378
9.608
9.613
9.677
9.646
9.681
9.055
9.845
9.777
10.382
9.857
9.601
10.020
9.926
9.906
10.307
9.229
10.542
10.002
10.827
9.707
10.367
10.398
10.914
10.634
11.536
11.363
12.534
11.468
13.647
13.975
14.157
13.687
13.578
13.774
13.957
13.745
13.241
13.028
12.774
12.994
13.565
12.774
14.150
13.802
13.420
14.168
12.034
12.662
13.646
12.400
13.505
13.347
13.319
12.950
11.543
13.156
13.828
13.415
13.823
13.338
13.661
13.987
13.090
13.529
12.910
11.819
13.561
13.680
13.530
13.568
12.694
12.942
12.699
12.529
10.709
12.386
10.381
11.510
11.679
13.347
13.069
13.051
9.808
10.411
9.323
11.031
10.552
11.614
9.602
12.052
13.216
12.764
12.968
13.584
12.517
10.906
9.901
12.689
11.910
13.245
12.462
12.329
13.654
13.466
11.698
13.232
13.485
14.029
10.873
13.091
13.337
9.394
9.856
11.371
10.995
10.740
10.720
11.980
11.430
11.198
10.889
11.223
11.060
11.276
11.853
11.614
10.536
13.135
12.455
11.366
10.985
10.398
11.481
9.884
9.961
10.669
9.625
10.698
11.032
11.059
10.612
10.637
9.957
8.690
10.345
10.039
10.752
10.610
11.228
10.489
10.613
11.334
9.666
10.598
10.971
10.640
10.780
10.789
9.676
9.091
9.256
9.208
8.777
9.218
8.481
8.844
8.990
9.765
9.664
10.538
11.068
10.685
10.464
10.042
10.300
10.036
10.747
9.830
10.385
10.723
10.384
10.887
10.534
10.575
10.585
10.500
10.467
10.733
10.567
10.494
9.798
9.747
9.987
9.977
10.500
10.602
9.739
10.582
10.911
10.873
10.349
10.674
10.938
10.622
10.765
11.079
10.778
10.772
10.820
11.163
10.233
10.271
9.524
10.521
10.647
9.570
12.751
13.033
12.993
11.371
12.221
12.884
12.347
11.959
12.948
11.014
11.533
10.091
10.038
10.932
10.497
10.184
10.747
10.013
9.690
11.624
10.632
10.544
10.941
10.720
10.464
10.585
9.966
9.578
7.193
9.122
8.803
9.038
9.562
9.528
9.683
8.822
8.782
9.145
8.576
9.018
8.709
8.664
8.377
7.989
8.873
9.145
8.808
8.644
8.705
8.763
8.637
8.765
9.095
8.761
8.676
9.266
8.605
8.724
8.485
8.329
8.639
6.636
9.283
8.397
8.660
9.246
9.510
9.611
8.863
9.461
9.046
9.128
8.874
8.918
9.253
9.186
7.551
8.254
11.024
10.596
11.059
8.542
10.847
11.323
11.006
11.159
8.813
11.528
11.053
9.516
10.582
10.247
9.519
9.018
8.900
9.374
8.879
8.894
9.098
7.086
9.682
8.927
9.441
9.260
8.986
9.470
9.217
10.162
13.166
12.680
13.090
13.118
12.035
13.282
13.650
12.925
13.009
12.905
13.356
12.854
12.074
13.029
13.048
13.003
12.481
13.958
12.903
12.351
13.502
12.711
12.579
12.982
13.675
13.668
13.943
14.140
14.207
14.599
15.020
14.294
14.595
13.262
9.208
13.725
13.730
14.814
13.719
14.258
14.466
14.216
14.008
14.270
14.193
14.037
13.431
12.908
13.925
13.536
13.803
13.072
13.075
14.027
13.935
13.574
13.298
14.751
14.236
14.490
14.354
12.745
14.408
12.859
14.124
12.331
14.188
13.906
15.273
15.206
14.970
14.272
14.639
13.890
14.316
14.379
13.781
13.863
13.770
13.497
13.635
13.672
15.076
12.988
13.512
15.344
14.959
14.976
14.918
14.617
14.629
15.216
15.120
14.168
14.752
14.499
14.449
14.773
14.574
14.478
15.064
14.792
14.344
13.790
14.791
12.242
10.949
13.168
11.448
10.611
10.915
10.978
10.958
12.207
12.422
11.264
11.657
11.346
11.938
11.655
11.225
11.199
12.303
11.335
11.208
10.715
8.972
8.956
11.788
10.513
10.967
9.083
7.679
8.486
9.491
9.495
8.425
9.726
9.116
9.123
10.039
9.622
11.405
11.623
11.133
10.899
11.270
11.209
11.864
10.513
9.527
10.539
9.040
11.671
10.807
10.559
10.407
10.170
10.728
11.793
11.827
14.639
11.802
11.744
11.449
11.786
12.310
10.881
10.537
11.751
11.036
8.676
10.345
9.006
11.036
11.151
11.534
10.704
8.680
10.718
11.284
12.283
10.927
11.503
10.663
11.398
14.364
13.659
11.766
15.192
15.028
15.503
14.734
14.682
13.266
14.718
13.786
13.814
14.231
14.223
13.529
13.581
12.682
12.684
13.170
13.804
9.059
14.398
13.997
13.442
12.647
13.076
14.305
14.390
14.461
14.905
14.575
14.232
15.396
14.705
15.275
15.242
14.710
14.860
14.809
14.597
14.028
14.518
14.845
13.910
15.123
13.723
13.462
12.698
13.779
11.743
13.556
13.595
13.513
13.383
13.995
14.889
14.669
14.260
11.719
11.838
11.693
12.158
12.247
10.343
11.694
12.128
11.818
11.443
12.318
12.346
12.527
12.531
12.333
11.347
10.380
10.751
10.947
11.180
11.309
10.962
11.387
11.236
11.110
10.593
12.049
12.593
12.001
10.945
12.277
11.718
11.886
11.585
11.941
10.990
12.407
12.424
12.244
13.251
13.522
13.753
12.948
12.759
12.614
12.539
12.702
12.922
10.744
13.037
12.993
13.987
12.327
12.393
13.918
15.052
14.371
14.531
15.048
13.741
13.131
14.078
13.887
13.564
13.778
14.069
14.010
11.099
13.996
12.984
12.608
13.190
12.514
12.270
10.436
11.089
10.988
12.480
11.157
12.579
13.075
15.551
11.554
14.077
14.431
16.413
15.907
11.947
16.082
16.435
15.424
16.608
17.679
18.490
15.738
15.445
16.105
16.363
16.959
17.455
16.879
14.148
15.012
16.326
15.155
15.624
14.971
14.345
13.364
11.553
14.005
11.041
11.472
10.341
10.440
11.250
8.860
9.968
9.523
8.440
11.506
14.446
10.750
11.981
12.213
11.816
12.111
12.204
13.024
12.518
12.440
10.742
12.200
12.194
11.332
11.244
10.539
11.599
11.887
12.976
14.762
15.853
11.970
11.062
13.219
14.353
12.441
12.555
10.677
12.323
16.078
14.639
15.080
14.544
16.091
18.913
17.497
16.269
15.858
16.212
16.495
13.580
14.035
16.147
19.578
17.187
18.062
18.736
18.582
17.978
14.930
18.729
18.371
17.360
14.452
18.623
19.490
19.308
19.607
14.881
16.184
15.907
17.660
21.097
17.725
17.379
16.337
20.348
19.365
17.211
20.074
20.034
20.741
20.898
19.533
20.217
19.573
16.453
19.287
20.017
18.066
19.412
19.124
20.109
20.552
19.648
17.648
18.203
18.743
16.645
16.105
16.670
16.700
15.659
16.782
15.352
15.671
15.526
14.203
14.592
13.574
14.038
12.553
13.262
12.312
15.752
15.532
14.208
12.745
13.084
11.664
13.038
13.186
15.884
12.836
11.896
12.183
11.115
9.667
8.954
10.612
11.617
12.437
10.843
11.779
12.711
12.632
11.732
11.951
11.038
11.415
13.024
12.191
11.739
11.884
10.684
11.854
12.803
10.948
11.330
11.944
12.120
12.859
12.649
10.783
11.205
12.538
12.849
12.760
11.594
13.606
13.111
13.152
12.774
12.787
9.758
11.585
11.303
10.291
11.089
11.424
11.994
11.372
11.416
12.395
11.643
11.984
13.317
13.200
12.067
12.087
11.972
13.677
11.751
12.705
16.274
16.421
16.709
16.713
17.487
17.125
17.807
16.822
15.346
17.220
16.757
17.646
16.805
17.223
16.720
16.868
16.027
16.809
16.756
16.594
15.705
16.938
16.101
16.895
16.553
16.988
17.247
17.031
15.655
16.638
15.301
17.100
17.142
16.338
14.639
13.709
14.075
15.193
14.297
16.570
16.640
16.354
16.384
16.576
16.445
16.391
16.411
15.853
14.459
16.724
16.601
16.317
17.172
16.875
16.586
17.045
16.847
16.808
16.584
16.482
17.071
16.512
16.223
17.166
16.654
16.786
16.380
13.674
15.149
16.306
15.767
15.000
15.471
15.637
15.280
15.417
14.954
15.082
14.861
15.307
15.569
14.635
14.926
15.304
14.643
15.243
14.893
12.268
16.322
14.947
14.929
14.636
15.163
13.180
14.334
15.211
15.304
14.886
15.228
15.062
15.154
14.880
14.877
14.375
14.123
13.266
13.592
11.147
13.825
13.873
13.643
13.944
13.858
13.879
14.195
14.552
14.934
14.515
13.889
14.819
13.922
14.605
12.516
13.943
14.865
15.000
14.112
14.490
12.947
14.633
14.876
14.637
14.768
15.000
15.037
14.594
14.306
14.920
15.138
14.884
14.868
14.462
14.782
14.666
14.589
13.865
13.378
13.975
13.751
14.033
14.942
14.719
14.732
14.752
14.427
14.577
14.353
14.676
14.293
14.314
14.846
14.104
14.547
14.573
13.368
14.817
14.694
13.972
13.179
14.279
14.127
14.180
14.113
13.725
14.364
14.606
14.494
14.806
14.597
12.429
14.939
13.379
14.713
14.799
14.978
14.334
14.812
14.944
14.586
14.816
14.631
14.634
14.611
15.101
13.963
12.919
13.776
14.303
13.261
14.213
13.832
13.070
12.261
12.527
13.894
14.004
13.841
13.173
13.595
13.478
14.615
14.408
14.977
13.297
13.904
14.001
14.159
13.791
13.845
13.957
13.520
13.674
13.854
13.464
13.074
12.965
13.302
13.742
9.210
10.561
14.639
14.824
14.583
14.726
14.640
14.568
13.523
13.628
14.145
14.667
14.380
14.424
14.453
14.418
14.777
12.708
13.450
12.720
12.652
13.364
12.901
13.507
12.981
13.810
13.871
13.543
13.869
13.631
13.665
13.726
13.634
12.962
12.473
12.325
12.279
11.836
11.288
10.947
12.028
12.208
12.298
12.163
12.055
12.155
11.896
12.362
11.689
12.221
11.704
11.825
12.364
12.278
11.876
12.086
11.621
11.824
11.492
11.058
11.963
11.332
8.451
10.567
11.204
11.406
11.265
9.975
10.077
9.968
11.357
11.071
11.071
10.934
11.610
11.250
12.056
12.684
12.451
11.635
12.307
11.974
10.661
12.140
12.178
11.384
12.759
15.927
15.737
15.690
15.273
13.249
15.805
15.728
14.999
14.700
14.721
14.375
14.553
14.889
15.226
14.948
15.675
14.639
13.522
15.235
12.274
15.567
15.910
14.596
10.355
12.996
15.059
15.008
14.800
13.038
14.241
14.311
14.516
13.976
15.140
15.411
15.640
15.133
15.250
16.890
14.510
14.915
14.908
15.470
14.912
15.605
15.675
14.980
15.486
12.899
13.379
13.532
15.987
14.681
15.504
15.707
14.820
14.919
15.556
15.140
15.725
15.027
14.343
15.049
15.009
15.298
13.842
14.712
14.763
15.541
14.596
14.900
15.078
14.377
14.840
15.881
15.752
14.563
15.075
14.623
14.469
15.740
15.264
15.175
14.184
15.376
15.157
14.835
13.627
14.252
14.061
14.182
13.532
13.169
12.396
12.899
12.895
12.501
11.667
13.482
13.569
13.804
13.566
13.463
13.434
12.461
13.254
13.851
14.757
13.934
14.286
13.362
14.776
14.282
12.718
13.235
13.430
13.907
14.340
14.108
14.176
13.742
13.707
14.266
14.269
13.797
13.756
14.380
13.810
13.582
13.892
14.748
13.404
13.699
13.852
13.945
13.787
13.628
13.750
12.890
12.598
13.276
13.559
13.048
11.326
11.798
12.354
12.878
12.445
14.299
14.142
14.804
13.783
13.697
12.312
13.524
10.546
13.546
12.940
13.106
13.445
12.947
13.095
13.155
11.917
13.434
13.055
13.859
13.405
12.784
13.513
13.278
13.498
13.574
13.297
13.130
13.014
12.143
12.182
12.674
12.913
12.227
13.312
13.118
12.277
13.634
12.642
13.081
12.633
13.939
13.473
13.307
13.471
13.198
13.574
13.491
13.550
12.828
13.111
13.146
13.592
13.790
13.864
13.492
13.169
13.990
13.766
13.836
14.390
13.037
13.920
13.096
14.242
13.661
14.655
13.439
12.831
13.621
13.579
13.851
14.705
13.185
14.108
14.224
13.601
13.993
10.996
13.346
14.236
13.546
13.711
13.287
13.206
14.207
14.554
14.154
13.993
13.964
14.532
13.901
12.905
13.553
14.356
12.730
14.433
13.182
14.137
13.558
13.325
14.137
14.787
13.161
13.828
13.710
13.259
13.905
13.482
12.952
13.739
12.972
13.462
13.477
14.196
13.773
13.995
13.816
13.794
14.575
14.550
14.291
13.931
14.912
13.664
12.758
13.299
13.312
14.359
14.433
9.430
13.732
13.949
13.891
13.402
14.021
14.300
13.812
13.182
13.137
11.571
10.296
9.842
7.515
10.079
12.110
13.548
12.706
13.502
12.274
12.158
12.798
13.407
13.985
13.025
14.043
12.731
10.209
13.967
14.163
14.367
14.230
13.792
14.246
15.026
14.229
13.897
14.580
14.057
13.825
13.873
12.458
13.874
15.343
15.382
13.870
14.948
15.276
14.584
14.475
14.410
13.570
14.667
13.441
14.708
12.833
12.358
14.151
16.787
17.199
16.219
16.766
14.970
18.380
17.485
17.633
17.093
18.060
16.597
17.670
16.596
17.260
11.850
10.308
13.308
10.528
11.627
13.083
13.750
12.920
15.064
16.437
14.706
14.350
12.824
13.910
13.529
13.530
13.451
15.004
14.580
14.537
13.023
14.995
14.359
14.311
13.192
12.862
15.041
14.558
14.467
14.310
14.798
14.805
13.625
14.417
14.429
13.835
14.052
13.307
14.011
13.139
12.874
14.415
14.949
12.349
15.241
14.841
14.739
13.547
13.234
13.027
8.767
14.443
16.138
16.062
15.545
13.354
14.066
12.553
13.899
14.565
12.559
12.104
12.555
12.870
12.670
11.842
12.323
12.964
13.387
13.944
14.560
13.634
13.371
14.026
12.360
12.364
10.962
11.814
11.687
11.636
12.153
14.287
13.394
12.675
11.496
12.005
13.079
12.230
14.329
14.881
14.102
13.213
14.089
13.721
13.312
13.295
13.003
14.664
14.363
13.558
14.515
14.941
14.386
13.282
13.646
12.539
13.167
12.828
13.314
12.721
12.945
12.700
13.859
12.621
13.238
12.156
11.813
11.797
11.603
11.160
10.947
12.014
11.567
10.725
11.274
10.723
10.818
11.586
11.733
11.979
11.533
10.819
9.702
10.371
11.116
10.986
11.600
12.124
11.494
11.470
11.100
9.404
10.770
10.422
10.731
10.654
9.901
10.384
8.218
7.454
11.145
9.580
11.435
10.796
10.899
10.924
10.729
11.277
10.698
11.958
10.884
11.091
10.507
10.771
10.545
9.821
10.535
10.048
10.875
10.589
10.673
10.857
10.694
10.568
10.836
11.075
10.938
9.440
11.217
11.104
10.536
10.821
11.047
10.765
10.802
10.713
11.451
11.677
11.219
11.764
11.610
11.832
11.336
12.213
11.166
11.991
12.705
13.335
12.903
12.695
12.698
13.122
11.497
13.258
12.932
12.853
12.962
13.033
12.549
9.645
13.969
12.627
12.396
13.252
13.654
13.731
12.008
11.623
12.580
12.569
12.434
11.036
13.739
14.643
10.622
12.519
13.955
13.989
14.674
13.549
13.506
12.491
11.523
14.685
15.301
14.154
16.416
16.504
16.600
16.778
16.416
14.140
14.678
12.482
12.584
11.094
11.570
11.489
11.633
11.619
11.788
13.717
12.689
12.584
12.670
13.208
11.695
11.921
13.171
13.647
12.001
10.837
13.931
13.311
15.133
12.839
12.562
13.766
13.254
12.485
12.529
12.755
13.155
12.229
13.359
13.275
12.397
13.568
13.299
12.909
13.590
12.729
12.744
13.476
13.700
13.045
13.440
12.666
11.855
11.506
13.268
13.760
13.320
16.756
15.016
16.594
15.680
12.190
14.818
12.241
11.602
12.165
14.013
13.914
11.178
13.417
12.599
12.954
10.263
12.258
10.977
11.214
11.906
13.117
12.135
12.719
10.997
13.157
13.016
11.561
11.812
12.030
11.123
12.295
13.350
13.318
12.608
12.386
11.596
12.314
12.368
10.151
11.776
11.867
12.568
11.575
11.961
10.974
10.412
10.136
11.840
11.986
11.333
11.663
11.797
11.900
12.205
11.600
12.065
12.467
11.912
11.695
11.162
11.313
12.178
11.005
11.220
11.026
11.903
11.560
12.782
11.609
11.245
11.410
11.731
12.000
11.025
11.620
12.152
13.189
13.782
13.419
13.228
13.339
13.935
13.885
12.011
11.605
13.298
12.927
14.330
14.978
13.431
14.808
13.632
14.091
14.276
14.490
14.825
16.098
15.405
14.620
14.955
11.665
12.929
15.234
14.409
15.870
14.345
15.717
16.030
15.930
14.393
15.017
15.676
17.205
16.559
14.734
15.690
14.729
14.937
15.135
14.553
14.888
14.819
15.237
14.075
16.766
15.737
17.282
16.312
16.574
15.601
15.665
15.609
16.499
16.428
16.418
15.920
16.015
16.184
16.375
15.958
16.772
16.836
13.904
16.514
15.751
15.853
14.018
15.004
14.722
14.758
13.891
14.119
14.023
14.912
14.518
14.823
14.691
14.817
14.667
14.749
14.186
14.232
13.506
14.214
13.231
13.832
13.606
13.296
12.986
13.700
13.301
13.167
13.209
13.684
13.221
12.767
13.368
12.575
13.474
12.882
12.948
13.422
12.943
12.416
11.906
10.137
10.322
10.314
10.599
10.521
10.725
9.935
9.315
10.034
9.883
10.599
10.969
10.243
9.914
10.657
9.863
9.840
10.737
9.886
9.937
9.814
10.164
9.904
10.281
9.715
9.898
8.998
10.384
9.731
11.053
9.675
9.935
10.688
9.982
9.836
9.876
10.395
9.986
9.772
9.845
9.936
9.670
10.139
10.213
9.123
10.458
9.886
10.215
9.743
10.177
10.056
10.092
9.541
9.706
9.764
9.924
9.641
10.239
9.658
9.641
9.682
9.919
10.258
10.294
8.529
8.204
9.941
9.437
8.204
8.889
8.649
9.004
9.745
7.177
9.044
8.114
9.383
9.304
10.011
8.739
6.718
5.946
9.003
7.841
8.528
6.446
8.369
5.797
5.227
6.164
8.742
9.132
10.223
10.195
10.077
10.067
6.706
8.469
7.833
7.107
8.247
8.885
8.290
8.232
8.086
8.212
7.641
7.493
7.791
8.257
5.808
7.266
7.824
8.805
6.408
9.427
5.446
7.231
8.330
5.140
5.697
5.625
5.228
5.376
5.862
6.257
6.001
4.901
2.761
5.543
5.524
5.714
5.576
5.738
5.996
6.332
5.509
5.884
6.114
5.730
6.147
5.967
5.674
6.267
5.553
5.789
5.455
5.753
5.718
5.474
5.682
6.096
6.166
5.552
5.513
5.739
5.526
5.703
5.885
5.271
5.814
5.849
5.873
5.691
5.638
5.775
5.874
5.977
5.770
6.320
5.708
6.020
5.546
5.382
1.391
3.817
2.502
5.152
2.334
5.470
6.195
5.688
5.773
7.363
8.530
9.118
7.966
7.833
7.067
8.647
8.411
9.580
9.850
9.840
10.100
10.000
9.858
9.449
9.558
9.094
7.709
9.622
9.574
9.275
8.907
6.818
7.589
7.544
5.359
7.074
6.437
5.437
7.812
7.797
4.948
7.886
8.131
8.081
8.251
7.462
7.407
7.564
8.274
9.753
6.445
6.605
5.684
5.794
5.085
5.217
6.501
6.804
5.527
6.118
8.515
5.018
6.026
5.724
5.575
5.893
5.257
5.781
5.946
7.936
9.074
8.298
8.304
9.115
9.796
10.112
9.970
10.006
10.132
10.098
9.180
7.525
6.891
7.436
6.623
6.209
7.709
7.297
9.920
8.864
9.944
8.891
7.892
9.609
9.847
9.580
8.890
9.609
10.111
10.521
9.829
10.418
9.845
9.730
9.728
8.392
9.589
9.592
9.410
10.447
10.227
8.346
9.871
9.349
9.547
9.322
9.848
10.224
9.543
9.906
8.640
6.707
9.681
9.118
9.932
10.035
10.130
9.817
9.069
10.093
9.686
10.073
10.428
9.769
10.050
10.817
9.983
9.917
9.432
8.691
9.964
8.426
10.630
10.100
9.892
10.578
11.489
11.173
10.055
10.963
10.948
11.072
8.772
10.027
8.953
10.497
10.895
11.137
11.009
10.917
11.195
11.460
10.958
10.810
11.968
11.990
11.109
11.457
11.119
11.086
10.938
11.169
10.976
11.055
11.171
10.899
10.211
10.829
11.048
11.084
9.801
10.711
10.579
8.550
9.682
10.891
11.451
11.346
11.584
11.045
11.320
10.944
8.851
9.395
9.239
7.114
8.509
10.023
9.402
9.091
8.425
9.332
9.573
9.417
9.834
9.714
9.458
9.139
9.468
9.158
9.561
9.247
9.439
9.355
7.889
7.076
9.204
9.756
9.979
8.988
10.527
10.029
7.470
10.151
8.313
8.685
6.849
7.678
7.674
8.184
9.681
10.761
11.193
9.453
8.071
8.055
8.645
8.379
7.536
8.463
8.832
8.021
8.565
9.840
7.850
7.659
9.419
10.098
11.046
11.298
11.501
7.840
8.404
8.539
8.437
8.225
9.075
8.527
12.796
11.863
9.794
7.643
6.261
4.701
6.006
5.990
5.679
5.770
5.177
5.901
5.523
7.549
6.934
7.451
7.212
10.302
8.681
10.229
10.824
10.731
9.630
9.165
7.225
9.617
9.905
10.612
9.709
9.296
9.574
8.108
8.255
7.722
7.083
6.916
7.860
6.075
7.076
8.283
6.830
7.654
9.469
7.019
9.487
7.927
7.963
9.929
8.726
8.378
8.389
7.183
9.398
9.733
7.693
8.406
8.305
7.376
7.476
9.700
8.668
10.034
9.785
9.689
8.891
9.450
9.927
9.055
9.457
8.857
9.631
9.232
8.875
9.100
9.539
9.115
9.592
9.917
9.586
12.383
10.375
12.772
10.694
11.091
10.528
10.227
10.850
9.355
10.546
9.783
10.649
11.870
11.131
10.267
10.145
10.678
9.977
10.744
10.190
11.106
10.671
7.901
7.415
7.535
12.975
13.284
13.795
12.247
13.293
9.989
13.541
12.927
12.736
13.384
13.508
12.901
13.666
13.414
13.552
13.814
13.683
13.897
13.841
13.029
13.350
12.846
13.773
13.220
10.231
12.264
9.944
12.495
13.146
13.334
12.854
13.136
13.672
12.787
12.306
13.124
13.055
12.270
12.497
12.818
10.645
8.671
13.089
12.409
12.386
9.424
9.995
8.492
9.269
8.293
9.673
8.649
11.123
10.800
10.362
12.927
12.212
11.759
12.940
10.915
10.366
11.568
9.984
11.103
7.856
8.935
12.067
9.835
8.708
7.872
9.836
7.548
6.940
7.251
7.963
5.646
8.302
5.956
6.433
7.087
8.869
9.220
9.989
9.595
8.850
10.242
8.868
9.410
10.123
8.784
9.385
10.906
11.161
10.541
10.111
8.948
8.893
8.469
9.014
10.441
9.347
11.350
5.236
9.464
9.501
8.167
11.866
11.472
10.948
11.736
11.394
11.576
8.616
11.131
13.577
13.277
13.326
13.436
14.564
11.360
8.551
5.345
7.516
7.618
9.381
9.970
9.646
9.010
9.087
9.074
8.811
7.615
8.951
8.957
7.313
8.707
9.771
9.740
9.064
9.083
9.264
8.826
9.048
8.617
8.829
9.701
9.627
9.323
9.497
5.168
9.029
4.942
4.222
4.978
8.781
6.505
6.264
8.725
6.072
7.489
7.873
6.720
8.487
4.956
6.285
6.547
6.535
6.515
5.683
6.368
6.545
6.371
6.239
6.348
7.704
8.640
8.549
7.066
6.946
8.615
8.924
8.617
8.834
10.192
6.624
3.549
5.824
6.293
5.362
6.344
5.167
6.903
6.952
6.068
9.238
5.758
5.825
6.154
7.806
6.961
7.203
9.670
6.363
8.388
7.969
9.232
9.189
6.746
8.542
9.310
8.982
9.629
8.662
9.468
9.380
9.485
9.310
9.101
8.470
7.712
9.009
8.943
9.783
9.374
9.056
8.813
8.807
8.694
8.431
8.685
8.670
8.748
8.817
8.590
5.872
5.881
5.303
6.119
6.779
3.913
7.469
6.843
6.177
6.338
5.127
4.226
4.772
4.549
4.681
7.026
5.081
6.394
7.619
6.918
8.477
7.381
6.482
6.295
4.808
4.681
5.820
7.947
7.044
7.249
8.242
7.390
8.818
8.875
8.626
8.406
8.080
6.414
9.552
6.143
8.877
8.288
8.721
8.980
8.327
7.252
8.154
8.624
8.690
7.487
8.236
7.694
7.457
9.224
9.142
9.613
7.010
7.897
8.084
8.903
7.128
9.169
9.280
9.079
6.149
8.080
6.431
8.212
8.904
8.165
7.171
8.988
7.050
8.468
6.653
5.454
5.686
4.059
5.415
3.432
3.087
3.284
5.452
4.228
4.728
5.306
4.731
4.087
4.836
5.472
3.122
4.115
4.552
4.859
5.723
4.381
4.894
5.049
4.519
4.940
4.490
5.694
3.117
5.232
4.833
4.380
4.739
4.784
5.430
5.512
3.915
4.965
6.149
4.486
4.906
3.204
4.125
3.555
3.789
4.325
3.963
5.856
4.395
4.869
5.580
5.533
5.109
4.181
3.303
3.545
4.399
4.832
3.915
4.942
4.858
5.224
5.012
5.149
4.567
5.072
4.953
4.815
3.548
4.256
4.210
4.813
4.736
4.292
5.130
3.328
3.855
5.441
4.802
5.332
5.196
5.065
3.915
4.608
3.543
4.784
3.531
2.472
2.658
2.935
2.721
2.465
3.290
3.273
2.726
3.011
2.628
2.237
2.271
4.121
2.446
3.020
2.649
2.291
2.718
3.061
3.486
2.264
3.354
2.854
3.398
4.123
2.271
3.428
2.406
2.631
2.690
3.122
2.408
3.001
1.589
2.401
3.221
4.429
3.201
2.157
3.245
3.061
3.841
4.108
4.272
3.480
4.621
4.476
5.058
6.904
7.454
3.736
5.110
3.550
4.197
6.242
6.804
5.493
5.774
3.675
3.240
5.801
7.311
7.418
6.322
7.098
5.887
6.206
6.339
6.039
6.408
6.404
5.750
4.769
5.127
5.403
6.337
6.895
5.947
6.291
4.515
5.690
5.510
6.041
6.699
5.994
6.144
3.304
1.648
5.563
5.808
1.451
6.406
6.060
6.235
6.094
6.049
5.951
5.773
5.991
6.138
4.732
5.400
6.224
6.076
8.252
7.940
7.219
6.858
4.992
5.336
7.289
4.235
4.192
7.590
7.178
7.534
7.773
7.848
5.880
5.962
5.130
3.769
4.766
4.840
3.968
5.705
4.652
2.941
3.833
2.115
2.307
2.520
2.969
3.289
2.686
2.704
2.577
1.682
2.156
2.792
5.520
3.729
4.324
3.085
4.172
4.792
4.679
5.924
3.838
2.980
4.355
4.306
4.580
4.225
4.886
6.369
5.572
6.193
6.981
7.600
7.786
7.188
6.702
7.522
6.692
6.894
8.853
8.561
7.183
6.949
6.417
7.267
7.767
8.602
6.942
7.987
8.300
8.564
8.403
8.183
7.480
7.265
8.299
8.595
8.017
9.257
8.142
8.707
8.474
8.220
8.550
8.888
9.163
8.445
9.174
6.376
9.263
8.252
8.205
8.010
8.955
8.752
9.096
10.114
10.503
10.182
10.011
9.403
10.388
9.926
10.960
11.318
10.999
11.261
9.863
7.629
10.170
9.332
8.726
9.323
7.850
9.298
9.339
8.956
10.029
9.190
9.154
8.754
9.118
7.739
7.781
6.747
7.235
6.890
7.215
7.789
7.938
7.688
9.035
10.049
11.072
11.017
11.082
11.145
11.291
11.557
11.243
11.282
9.327
9.865
10.559
11.322
9.162
8.554
8.899
9.775
9.550
9.585
9.792
9.565
8.983
9.166
9.003
8.995
8.292
9.260
10.114
11.454
9.384
9.097
10.829
11.550
10.642
12.752
11.525
10.841
12.196
12.301
12.785
13.253
12.492
12.553
12.162
13.390
12.739
13.323
12.981
12.627
12.606
12.456
12.441
12.460
13.058
12.688
12.489
12.288
12.938
11.522
13.016
14.065
13.761
12.537
14.571
12.279
11.688
11.763
10.629
10.431
11.770
9.532
11.026
8.634
8.975
8.762
9.670
9.748
9.451
9.178
8.225
8.763
8.661
8.843
8.415
9.084
8.831
9.371
8.714
8.870
9.500
8.560
8.911
9.680
8.855
8.443
8.774
10.784
10.849
10.651
11.044
10.221
10.231
10.399
10.086
9.822
9.925
8.395
9.861
9.640
9.581
9.267
9.509
10.349
10.431
9.431
8.557
10.399
10.333
9.492
9.095
10.357
10.140
9.958
9.106
10.353
9.981
9.993
10.261
10.129
10.608
9.537
11.065
10.570
10.228
11.724
10.676
9.739
10.656
10.987
10.621
10.396
10.594
9.946
10.368
10.700
10.536
10.684
11.239
10.846
10.699
11.180
10.557
10.922
11.068
10.125
10.746
11.142
11.443
10.781
10.984
10.342
10.664
10.335
10.639
10.492
10.632
10.891
10.511
10.981
11.482
11.109
10.632
11.527
9.840
9.886
11.173
11.134
10.466
10.871
10.085
10.709
11.783
11.507
10.842
10.788
10.697
7.832
11.131
10.471
11.231
10.865
10.522
10.451
10.532
10.904
11.148
10.632
10.877
11.155
11.447
10.704
9.462
10.736
10.541
11.879
10.792
11.671
10.839
10.926
10.834
10.879
10.229
11.064
10.781
11.778
11.722
11.705
9.827
11.181
11.095
11.868
11.344
10.801
10.217
10.109
9.902
10.093
11.566
9.260
9.609
10.277
9.677
8.890
9.813
8.788
8.406
9.655
9.581
10.067
9.701
9.784
10.390
9.789
9.818
10.050
9.920
9.895
9.762
9.580
9.873
10.165
9.229
9.634
9.492
9.591
9.406
9.945
10.248
9.918
8.115
9.539
9.428
9.523
10.050
9.980
10.302
9.603
9.791
9.226
8.588
9.358
8.414
8.020
8.074
7.149
8.987
7.769
7.486
8.063
8.974
7.974
8.422
9.326
5.875
10.010
8.707
9.201
8.997
9.940
9.785
9.086
8.904
9.856
9.185
9.671
8.871
8.556
10.247
9.972
9.574
9.791
10.362
10.115
9.625
10.110
10.296
9.737
10.503
10.478
9.985
10.305
10.095
10.462
10.150
9.732
8.643
9.171
9.783
10.126
9.319
9.980
10.237
9.221
9.588
10.045
8.484
10.045
9.858
9.588
9.709
8.676
9.438
8.716
8.271
9.772
8.221
9.130
9.386
8.334
7.738
8.411
9.547
8.470
9.823
8.351
9.044
9.829
9.594
9.376
9.668
9.827
8.930
8.982
9.803
10.303
9.975
7.180
10.007
10.219
10.698
10.276
10.366
8.472
10.506
8.302
9.728
9.950
9.850
9.262
9.956
9.021
9.608
8.745
10.302
9.826
9.711
10.613
9.406
10.185
10.548
9.571
9.694
9.009
9.096
9.235
8.080
9.141
9.628
8.631
9.246
9.137
9.066
8.893
8.108
8.914
8.806
8.784
8.679
8.662
8.783
9.183
9.104
8.829
8.866
6.070
8.890
8.787
8.699
8.981
8.970
6.753
8.895
8.551
8.938
8.131
9.049
9.291
7.170
7.828
9.047
8.970
8.946
9.268
9.558
9.522
9.993
9.741
9.598
9.786
9.241
10.035
9.670
9.463
10.192
8.658
9.781
9.091
9.997
10.253
9.847
10.496
9.560
8.665
10.541
10.717
10.238
10.083
9.404
9.371
9.799
9.222
9.686
9.523
9.383
9.008
9.983
9.940
9.596
9.306
9.853
9.138
9.746
8.841
9.329
9.596
8.650
9.628
8.973
10.041
9.259
8.574
9.375
9.263
9.758
9.472
8.599
7.322
9.038
8.891
8.624
9.863
7.349
8.785
7.682
9.337
9.699
8.787
9.266
9.174
9.504
9.792
9.354
9.309
9.160
8.930
10.814
10.091
7.781
9.808
12.527
10.718
12.573
11.745
13.459
12.197
13.186
12.584
13.285
13.183
12.882
12.961
11.751
10.951
13.549
13.726
13.399
12.889
13.412
10.663
13.176
13.527
12.676
13.345
13.237
13.720
13.865
12.892
13.719
13.147
13.458
13.509
13.227
12.984
13.372
13.078
13.297
12.998
13.263
13.953
13.545
13.665
13.151
13.051
13.181
13.006
11.105
13.092
9.986
11.480
8.866
8.205
8.059
9.598
10.435
9.942
12.151
12.876
8.763
9.614
8.059
9.591
10.123
10.536
9.836
10.011
10.700
10.901
10.169
9.748
9.679
9.380
9.820
9.730
8.044
11.709
8.154
11.211
10.986
9.669
10.975
8.829
11.042
10.434
10.390
10.831
11.701
11.892
11.776
10.404
8.888
10.835
11.052
11.008
10.550
11.220
11.065
11.179
11.344
10.869
10.221
8.891
10.972
10.408
9.912
10.348
9.450
9.861
9.727
8.665
10.082
10.149
10.515
9.377
11.045
11.408
11.176
11.720
11.056
11.445
11.628
11.249
11.746
11.500
11.768
11.459
11.505
11.572
11.851
11.559
10.700
11.359
11.481
11.278
12.031
11.636
11.488
10.934
11.511
10.892
11.438
11.451
11.027
11.285
10.017
8.314
9.704
10.526
11.406
9.674
10.278
10.053
10.198
9.740
9.913
10.059
9.810
9.832
10.393
10.158
10.589
10.253
10.782
10.651
10.786
11.161
10.957
10.843
6.848
10.759
10.765
10.633
10.938
11.069
10.280
10.826
8.973
10.425
8.383
10.822
10.062
10.271
10.606
10.429
10.920
9.633
10.301
8.123
9.956
9.409
10.936
7.902
10.003
10.594
10.897
9.932
10.938
9.775
9.371
7.885
8.951
10.866
10.159
10.319
10.663
11.050
11.041
11.120
9.898
10.779
9.108
8.017
9.790
9.962
8.679
9.422
9.340
9.721
9.441
9.571
9.901
8.786
9.500
9.284
9.911
9.842
9.581
8.911
9.001
8.990
8.776
8.640
9.284
9.637
8.174
10.655
8.820
8.624
9.184
9.506
9.505
9.461
10.208
9.272
10.616
10.152
9.865
10.012
9.455
8.883
8.511
10.392
10.782
10.837
9.835
10.612
9.820
9.186
9.931
9.832
9.972
9.798
9.678
10.325
9.928
10.030
9.947
9.960
9.635
10.566
9.751
8.758
9.534
9.695
9.524
10.004
8.084
9.379
10.038
9.826
9.148
8.629
10.377
8.708
9.503
9.852
10.075
9.366
10.263
9.903
9.725
9.201
9.202
9.379
9.083
9.702
9.543
9.116
8.483
9.784
9.973
10.187
9.702
9.187
9.274
10.016
9.953
10.054
10.824
10.017
10.735
10.227
10.270
10.431
10.687
10.776
10.973
10.372
9.980
11.045
8.839
9.944
9.714
10.226
10.161
9.581
9.266
10.160
10.411
9.671
10.231
9.401
10.502
10.382
9.592
9.978
9.577
9.738
11.086
10.601
9.800
10.382
10.716
11.085
10.293
9.618
10.293
10.018
9.979
10.255
10.475
9.510
11.192
10.094
10.623
10.192
10.065
10.484
10.063
9.820
10.064
10.084
9.848
9.923
9.771
10.110
9.433
9.853
9.879
9.300
10.127
10.958
9.988
11.250
10.725
10.177
10.017
8.751
9.954
9.648
8.535
9.122
7.999
8.254
10.339
10.467
9.934
10.283
9.762
8.247
8.810
8.642
10.551
10.479
9.459
8.849
9.725
8.302
10.176
10.217
10.235
10.298
9.740
8.477
9.442
10.555
9.551
9.491
9.820
9.106
9.041
8.041
9.427
10.052
10.672
8.107
10.042
9.764
9.748
10.240
9.894
10.209
9.970
9.224
9.775
9.923
9.388
10.654
10.111
9.143
10.519
10.155
10.897
10.499
10.466
10.864
9.435
9.213
9.169
10.314
10.824
10.840
10.184
10.408
8.148
9.897
10.067
10.869
10.132
10.857
10.894
9.233
9.531
10.270
9.228
8.744
10.063
9.969
10.800
10.574
10.470
10.320
9.854
10.717
10.243
9.233
10.457
9.734
7.632
7.349
7.551
8.565
8.315
8.847
9.014
8.390
8.889
9.181
8.763
8.654
8.624
8.610
6.585
7.016
7.980
9.022
9.336
9.506
9.763
9.514
9.819
10.303
8.021
9.299
9.630
9.740
8.988
6.589
8.026
10.178
9.856
9.209
9.954
8.708
7.239
4.478
8.637
9.222
8.020
8.818
8.597
8.943
8.632
8.942
8.676
9.126
8.057
8.555
8.438
8.581
8.374
8.213
7.490
8.336
8.651
8.460
8.357
8.263
7.732
8.562
8.614
9.114
8.810
8.710
8.892
8.670
8.803
8.384
7.428
8.567
8.663
8.540
8.546
8.828
8.294
8.561
8.800
8.483
7.890
8.727
8.969
8.516
8.537
6.772
8.570
8.201
8.682
8.764
8.097
8.150
8.642
8.622
8.610
8.199
8.437
8.601
8.514
8.590
9.103
9.154
9.176
9.061
9.180
9.308
8.344
8.667
8.004
8.538
8.495
8.610
8.457
9.094
8.359
9.046
8.337
8.404
8.509
8.331
7.585
7.013
7.656
7.721
8.108
8.063
7.980
7.030
7.223
6.594
6.461
8.285
7.719
8.107
8.021
8.065
8.240
6.592
8.687
8.395
7.485
7.016
6.992
6.030
7.694
7.141
6.135
7.174
4.174
6.357
5.988
6.376
5.279
7.742
6.563
5.874
4.299
3.560
4.582
5.238
4.246
4.027
5.135
5.054
4.085
4.020
5.057
5.546
3.881
4.079
3.757
3.788
3.904
7.049
5.509
4.686
7.561
5.298
5.938
7.560
7.795
6.479
8.880
8.975
8.616
9.001
8.728
8.898
8.700
9.390
8.127
8.777
7.656
9.545
8.207
9.903
9.049
9.079
6.531
5.621
8.115
8.255
4.303
6.523
8.971
9.713
7.035
7.804
7.784
9.082
10.332
9.246
7.679
8.072
8.146
8.391
8.477
8.088
7.975
7.233
7.984
7.753
7.765
8.209
5.355
7.388
9.112
8.403
8.912
8.753
8.406
8.574
8.415
8.984
8.171
8.329
9.065
8.843
8.528
8.715
8.831
8.723
8.304
8.082
8.159
9.110
8.486
8.598
8.052
9.152
8.682
8.716
8.708
8.655
8.672
8.177
9.770
8.085
8.228
8.205
8.635
8.664
8.756
9.402
8.679
8.556
8.993
9.311
8.562
7.377
8.935
9.539
8.796
8.880
9.130
8.654
8.877
8.087
8.604
8.260
8.057
7.514
8.669
8.623
8.456
8.880
8.787
9.005
8.541
8.629
8.523
8.060
8.688
8.671
8.166
8.657
8.474
8.570
8.581
8.403
8.490
8.896
8.397
8.579
8.620
8.581
8.556
8.542
8.410
8.514
8.781
8.696
8.828
8.451
8.403
8.593
8.746
8.563
8.898
8.792
8.507
8.752
8.934
8.494
8.599
9.084
8.776
9.153
8.801
9.439
9.383
9.240
8.223
7.840
8.787
8.361
8.840
8.066
8.519
8.511
7.655
8.444
7.863
9.879
9.442
8.420
5.898
7.167
5.535
6.065
8.613
6.725
9.162
8.212
8.306
7.775
7.628
6.854
8.976
8.916
8.924
9.244
7.213
9.044
9.087
8.031
8.016
6.110
6.884
6.114
7.234
6.029
7.222
5.313
8.141
8.257
5.730
7.077
7.572
7.316
7.479
6.062
6.500
6.348
6.145
6.679
7.344
5.762
6.766
7.430
9.126
8.649
8.708
8.347
8.845
8.801
8.346
8.461
8.333
8.676
8.596
8.110
8.716
8.351
8.425
8.532
7.888
8.494
8.677
8.523
8.778
8.735
8.389
6.918
8.881
8.153
8.498
8.402
8.722
8.567
8.136
8.772
8.903
8.786
8.237
8.061
8.847
8.630
8.117
7.854
8.410
8.345
8.908
8.349
8.997
8.344
8.824
8.559
8.623
9.171
8.901
8.893
9.052
8.491
9.143
8.961
9.094
9.076
9.154
8.877
8.989
8.881
8.457
8.418
8.824
8.154
8.347
8.004
7.963
6.862
7.252
7.228
6.384
6.701
7.032
6.722
6.743
5.260
6.597
6.864
6.482
6.787
7.124
7.511
7.239
6.154
7.025
7.667
6.948
6.524
6.367
6.581
6.469
6.653
6.765
6.677
6.628
6.485
7.165
6.932
7.554
6.863
6.904
7.689
6.871
7.056
7.722
7.350
7.444
7.828
7.385
8.085
7.763
7.520
7.252
7.589
7.951
7.452
7.725
7.142
7.337
7.098
8.048
7.707
7.773
7.694
7.158
7.627
8.011
7.369
8.132
7.815
8.175
7.860
7.950
7.696
7.781
7.933
8.040
7.433
7.553
7.399
7.586
7.405
7.773
7.476
7.197
7.655
7.507
7.488
7.452
8.062
7.102
8.009
7.899
7.461
7.655
4.818
3.885
6.002
6.900
7.337
5.773
7.442
7.457
7.755
7.401
7.497
8.051
8.000
7.750
7.920
7.619
7.730
4.952
6.376
7.822
6.958
6.876
8.094
8.149
7.688
7.593
7.859
7.919
8.125
7.779
7.758
7.994
8.111
8.189
8.168
8.005
7.718
7.633
7.467
7.549
7.247
7.539
7.835
7.432
7.488
7.412
8.017
7.968
8.048
8.151
6.840
8.014
8.137
7.801
7.403
5.468
5.850
7.479
7.563
7.566
6.377
7.165
7.412
7.561
7.229
7.449
7.361
7.424
7.413
7.789
7.561
7.338
7.319
7.303
7.352
7.344
7.364
7.431
7.589
8.247
7.786
7.633
7.612
4.502
8.243
5.631
7.932
8.312
8.127
6.493
5.037
7.795
8.050
8.370
8.345
8.178
8.258
7.664
7.976
7.932
7.701
8.040
7.902
7.910
7.854
7.590
8.019
7.613
7.775
7.243
8.049
7.547
7.359
7.515
7.451
7.403
7.444
7.360
7.217
7.354
7.981
7.505
8.061
7.516
7.675
7.170
7.378
7.505
7.475
7.455
7.402
7.468
7.622
6.977
7.432
7.491
7.841
7.717
7.400
7.329
7.320
7.934
7.401
7.823
7.824
7.462
7.472
7.385
6.911
7.417
7.509
7.501
7.469
7.426
7.438
7.499
7.571
7.541
7.455
7.432
7.381
7.646
7.512
7.543
7.703
7.331
8.161
7.882
8.046
7.795
7.587
7.745
7.855
7.804
7.671
7.654
6.619
7.816
7.393
7.627
7.446
7.435
7.415
7.484
7.464
7.434
7.439
8.379
8.237
8.102
8.143
8.771
8.749
8.440
7.606
8.857
7.901
8.024
8.165
8.544
8.512
8.655
7.619
7.163
6.958
7.500
8.511
8.391
7.931
9.230
8.558
8.805
6.740
7.081
8.651
9.181
8.280
7.147
7.008
7.439
8.826
9.289
8.490
8.868
8.534
7.843
8.235
8.206
7.492
7.545
7.865
7.680
7.405
7.462
7.481
7.463
7.154
7.478
7.308
7.393
7.622
7.347
7.451
8.481
8.322
8.469
8.618
8.811
8.717
7.831
7.802
8.436
8.179
6.945
6.707
7.849
7.776
7.656
7.461
7.549
8.305
7.685
7.134
7.397
8.138
6.527
7.365
7.803
7.595
7.428
7.573
7.930
7.814
7.945
8.110
8.119
7.640
6.574
7.754
7.954
7.674
8.114
8.622
8.730
8.447
7.754
8.887
9.962
9.437
9.423
8.580
8.719
9.547
7.918
7.513
7.669
7.363
7.721
6.464
7.878
7.673
9.159
8.665
9.927
7.858
8.896
7.801
7.240
8.693
8.190
9.778
6.842
4.951
4.894
4.553
5.861
6.414
4.869
5.102
4.754
3.913
4.455
4.445
4.253
4.037
4.372
5.038
5.244
4.505
4.878
4.780
4.398
5.664
4.221
4.259
3.875
5.333
5.647
5.082
5.646
5.553
4.672
4.086
4.141
4.486
4.982
4.724
4.463
4.583
4.372
4.438
4.216
4.277
3.758
4.530
4.508
4.272
4.699
5.691
4.960
7.904
7.556
7.469
7.521
7.943
7.890
8.268
8.073
7.685
8.031
7.946
7.627
7.918
8.081
7.871
7.839
7.998
5.753
5.836
5.765
7.186
8.053
7.953
8.128
8.085
6.799
8.134
7.974
7.936
8.205
8.092
8.027
7.705
8.086
8.012
7.714
7.912
8.150
7.720
8.060
8.125
6.830
7.769
7.488
7.486
7.720
7.830
7.736
8.022
7.741
7.813
7.694
7.690
7.969
7.863
7.591
7.507
7.473
7.916
7.603
7.814
7.550
8.046
7.754
7.188
7.546
7.739
7.612
7.984
7.969
7.621
7.451
8.177
7.718
8.066
7.841
8.006
8.081
7.896
7.833
8.072
7.879
7.893
8.211
8.066
7.824
8.050
8.090
7.755
8.120
7.509
6.834
7.092
5.875
6.761
8.081
7.130
7.279
4.138
4.077
4.771
3.422
3.707
3.890
3.893
4.547
4.081
4.136
4.221
4.866
2.993
2.832
4.244
2.266
4.322
5.412
5.790
4.452
6.160
7.484
7.424
6.916
7.368
6.977
7.174
7.215
6.719
7.165
6.819
6.825
6.111
6.882
7.163
6.990
5.679
7.038
5.281
5.766
5.790
5.577
5.608
6.117
6.256
6.687
5.856
6.373
5.055
5.968
5.727
5.932
5.661
6.414
6.142
6.042
6.429
6.090
5.734
6.414
6.978
5.955
7.046
7.537
6.235
7.581
7.431
8.446
7.759
7.502
7.180
7.140
6.710
7.741
7.390
7.358
7.651
8.181
7.514
7.840
7.822
7.552
7.782
7.142
7.535
7.353
8.437
6.810
3.908
3.620
2.570
3.859
6.044
6.075
5.534
5.786
6.718
4.678
5.288
4.929
5.686
1.812
2.736
2.074
3.528
3.554
4.285
3.372
3.038
2.609
4.550
3.981
4.761
4.609
3.391
3.908
5.080
4.610
4.335
4.790
3.760
4.648
5.007
4.464
4.856
4.737
4.791
4.343
4.649
4.645
4.601
3.921
4.454
4.935
3.688
4.201
4.618
4.433
4.154
4.458
4.261
4.804
4.959
5.015
4.979
5.169
4.647
4.637
4.713
4.014
4.500
4.860
4.108
4.181
4.633
4.699
4.783
3.901
4.064
4.224
4.862
3.094
4.265
3.764
4.986
3.855
3.611
4.084
2.722
4.290
4.746
4.880
4.638
4.807
4.830
4.508
5.059
4.817
4.228
4.402
4.883
4.352
4.903
3.322
4.467
5.504
4.838
2.172
5.767
6.149
5.235
2.687
5.052
4.933
4.715
4.743
4.044
4.790
4.871
4.333
4.851
4.742
4.275
4.343
4.551
4.775
4.436
5.012
4.350
4.142
4.068
4.827
5.031
4.860
5.249
4.983
4.777
5.783
4.473
4.427
4.941
4.257
4.822
4.661
4.649
5.243
4.102
4.450
4.412
4.705
4.583
4.666
4.755
2.509
3.381
3.959
4.902
5.224
5.144
3.444
6.247
3.716
3.720
3.781
2.918
3.250
4.492
4.609
7.049
3.869
6.405
6.176
7.093
3.260
2.345
2.797
3.176
3.296
4.559
5.372
5.831
5.224
5.257
7.054
7.215
6.673
6.652
6.097
6.692
6.021
4.573
6.292
6.236
5.675
6.367
6.572
5.848
6.677
6.477
7.184
6.955
6.174
5.455
5.256
6.830
7.029
5.882
6.330
4.389
6.032
5.493
6.087
5.916
5.298
4.401
4.266
5.837
4.756
6.422
6.316
6.290
7.495
7.782
7.640
8.364
8.076
7.560
7.975
9.233
9.166
9.214
9.896
9.519
9.072
9.059
8.767
8.090
10.180
10.086
9.856
8.907
7.195
8.029
8.858
7.992
8.523
8.154
7.419
8.201
9.501
10.003
10.062
9.503
8.564
8.350
8.923
9.908
9.507
9.476
9.862
9.633
9.811
9.665
9.699
9.351
9.318
10.287
8.972
7.251
7.410
6.891
6.149
6.282
6.276
6.700
6.875
5.894
9.399
5.013
5.351
4.790
5.213
5.422
6.187
6.513
6.368
6.555
6.579
6.902
6.821
6.451
6.229
6.407
7.069
7.052
7.127
7.214
6.612
6.475
6.018
5.902
6.080
5.607
5.834
6.227
5.954
5.859
6.198
6.203
5.890
5.630
5.907
6.101
6.439
6.192
5.678
5.595
5.654
6.478
6.591
6.162
6.063
6.728
7.073
6.984
6.156
7.096
6.407
7.055
6.722
7.093
6.750
6.183
6.040
6.084
6.220
5.803
5.661
6.319
5.909
5.972
6.130
5.441
4.855
4.383
5.014
6.088
5.782
5.879
6.422
6.477
6.320
5.481
6.105
6.818
6.508
9.545
9.709
6.559
8.832
10.731
7.356
8.452
7.180
10.800
10.046
10.219
10.499
10.863
10.941
10.935
11.173
10.564
10.564
10.202
10.872
10.538
10.278
10.606
10.481
10.315
10.339
9.836
10.273
10.185
11.049
11.385
11.136
11.832
13.036
11.420
12.671
12.281
12.477
12.599
12.923
12.767
12.336
13.049
13.139
13.286
13.038
13.318
12.883
13.008
14.084
14.091
13.812
12.834
11.249
11.963
14.526
12.311
12.534
12.941
12.787
12.772
12.899
12.253
13.031
11.219
11.343
11.334
11.201
10.872
12.278
12.797
11.389
11.084
10.876
11.234
10.956
11.088
12.162
11.498
11.152
11.244
11.565
11.265
10.400
10.417
10.508
10.383
10.505
10.542
10.848
10.865
10.379
10.419
11.176
10.938
10.475
10.665
10.786
10.868
10.366
11.295
11.510
11.529
10.775
10.681
7.462
7.442
7.649
7.028
7.232
7.091
6.760
4.557
6.615
6.629
6.679
6.556
6.521
7.237
7.312
8.033
7.421
7.663
7.086
7.311
7.776
7.602
7.966
9.105
8.086
8.748
9.945
9.300
9.190
9.289
9.369
9.388
9.132
8.431
9.787
8.838
9.396
8.215
9.724
8.156
7.931
8.709
7.979
9.569
9.370
9.054
7.851
9.155
8.485
7.470
8.825
8.501
8.646
8.397
7.701
9.040
9.146
8.116
8.688
7.809
9.398
8.984
7.753
7.752
6.795
8.410
9.318
8.452
7.290
8.921
8.074
8.972
8.085
7.869
8.972
8.863
8.665
8.681
8.128
7.514
6.389
7.968
7.473
7.288
8.086
7.979
8.751
8.836
6.596
8.616
8.923
9.196
9.074
9.889
8.136
8.294
7.966
6.736
7.946
11.302
10.755
10.680
9.989
9.650
8.979
7.551
8.288
6.032
6.393
7.937
4.709
7.133
7.046
7.291
6.621
6.402
6.566
6.647
7.036
7.168
7.340
6.691
7.226
7.450
6.865
5.967
7.478
7.035
7.081
6.826
7.422
7.227
7.026
8.140
6.991
7.062
6.837
7.259
6.981
6.277
6.754
6.520
6.368
7.163
6.870
6.285
6.908
6.184
6.432
6.480
6.499
6.580
6.578
5.917
6.502
5.878
6.371
6.567
6.803
6.881
7.329
6.828
6.555
7.485
7.167
7.498
7.305
7.378
7.370
6.748
6.982
6.746
5.028
7.092
7.056
7.033
6.397
6.602
6.146
7.075
6.390
6.451
7.160
6.757
6.620
6.056
6.521
6.236
6.788
6.317
6.195
6.210
5.864
5.973
5.907
5.967
5.437
6.246
6.849
6.134
5.755
6.815
6.059
6.512
6.431
6.443
6.771
6.467
6.085
6.518
6.569
7.041
6.155
6.411
7.074
6.594
6.212
6.369
6.590
5.108
6.907
6.678
6.980
6.720
6.577
7.070
6.279
7.867
5.955
5.415
5.948
5.919
8.511
8.915
8.141
6.345
6.154
6.619
6.070
5.682
5.538
7.995
8.411
6.288
7.141
6.096
6.839
7.950
8.494
7.142
8.623
8.807
8.228
8.004
8.326
6.775
6.886
6.474
6.444
6.392
7.448
7.492
6.153
5.943
6.420
6.276
6.160
5.731
3.583
5.929
4.849
5.478
5.240
5.890
4.692
4.465
4.636
5.860
4.256
7.037
6.284
7.344
5.691
9.120
7.168
6.572
6.884
7.266
7.443
6.827
7.621
6.930
6.984
6.202
7.676
9.028
8.150
8.948
7.160
7.769
6.680
7.674
6.484
6.987
6.434
7.688
9.457
6.219
6.828
5.980
6.784
9.741
7.198
8.265
7.667
8.185
6.609
7.108
8.906
8.925
7.617
10.198
6.591
6.355
6.632
6.794
6.992
8.019
8.543
8.562
8.395
6.509
7.367
8.524
8.854
8.738
8.315
8.268
8.091
7.180
6.740
5.568
7.526
6.690
6.328
6.626
6.303
7.922
6.517
6.627
7.780
8.178
8.463
7.718
5.810
6.039
6.806
8.685
8.805
7.664
8.532
8.929
8.885
8.759
8.463
6.897
9.653
7.322
6.373
8.986
9.235
6.266
8.832
6.738
9.485
8.661
7.930
6.673
8.611
7.265
7.656
7.029
6.129
8.745
9.121
8.612
9.304
9.493
6.851
7.058
8.491
8.398
6.379
5.705
7.146
6.065
5.756
5.218
5.638
8.960
7.868
7.134
7.991
5.721
6.565
6.693
8.181
7.740
5.437
8.065
7.005
6.102
8.016
6.971
6.655
5.722
7.789
6.458
6.666
7.113
7.031
7.348
6.838
7.326
8.718
9.495
7.851
8.835
9.075
8.600
8.301
9.579
8.614
7.186
6.253
8.338
8.423
8.524
8.080
8.531
8.497
7.725
8.425
9.099
9.165
9.350
7.460
8.024
7.869
8.831
7.787
7.761
7.889
9.034
8.308
9.069
8.624
7.786
7.918
7.293
8.148
8.411
6.869
8.477
7.742
8.287
7.619
8.249
7.744
8.708
6.644
5.845
8.714
8.974
6.337
8.337
9.515
9.213
8.934
9.177
9.002
5.370
8.892
9.362
7.548
7.678
6.383
9.342
7.963
10.401
9.669
9.641
9.273
9.392
9.799
10.614
10.379
10.404
10.445
9.598
8.401
7.393
7.472
10.538
8.484
6.712
7.217
10.358
9.786
7.667
8.720
8.510
8.688
7.442
6.095
7.718
6.624
5.893
6.593
6.381
6.656
6.959
6.281
6.955
6.657
6.265
6.579
6.652
6.209
8.382
6.730
6.011
6.888
6.171
6.134
6.428
6.135
5.964
5.146
9.996
9.872
10.161
6.739
6.289
5.117
6.690
8.552
7.888
6.176
6.934
6.572
6.736
7.613
9.642
8.466
7.294
7.884
5.889
7.171
6.884
6.124
6.112
6.778
6.965
7.770
9.671
8.991
8.297
8.515
8.175
8.543
8.833
8.208
7.816
7.766
7.686
8.637
7.919
8.317
9.581
9.115
9.823
9.680
9.049
9.728
10.266
10.184
10.242
10.322
10.622
9.723
10.018
9.795
9.614
9.831
9.879
10.155
9.953
9.936
9.969
10.267
10.678
10.427
10.087
10.608
9.913
9.785
9.547
10.205
9.701
10.259
10.090
9.841
9.828
10.047
10.269
10.406
10.080
10.443
9.959
10.348
8.716
9.821
10.348
10.784
9.021
10.424
10.301
10.025
9.606
9.862
10.332
10.294
10.175
9.091
10.056
9.907
10.291
10.102
9.180
9.875
9.812
9.886
10.635
9.970
9.999
9.974
9.564
10.156
10.277
9.866
10.205
9.730
9.959
9.302
9.226
9.947
10.266
9.666
9.870
9.594
9.793
10.796
10.702
10.920
7.827
6.966
7.142
10.051
10.605
11.279
11.045
10.217
9.777
11.359
10.000
8.974
10.499
11.041
9.424
8.778
11.456
10.607
10.166
9.233
11.157
11.077
11.455
10.107
9.913
7.134
8.029
10.256
10.157
11.447
11.549
11.250
8.522
10.574
11.984
11.277
12.353
13.459
12.031
12.181
10.739
11.531
11.553
8.789
11.155
12.153
10.836
11.274
10.573
11.330
11.355
10.985
10.264
11.107
10.631
11.315
11.722
11.244
10.883
11.491
10.984
11.773
11.159
12.043
11.351
11.417
8.728
11.022
11.281
11.165
11.229
9.816
11.583
10.111
7.893
9.461
8.496
12.169
12.160
13.344
9.984
10.792
9.037
9.891
9.081
8.550
8.525
8.294
8.160
11.627
10.648
10.235
9.286
9.287
7.963
7.315
7.565
7.180
7.778
10.236
9.428
9.752
10.458
10.123
10.358
8.186
8.952
10.310
10.511
10.721
10.598
10.717
10.525
10.276
10.193
10.437
10.713
10.683
10.237
9.691
9.493
9.278
9.390
9.727
10.350
10.565
11.672
11.431
11.327
11.323
11.798
11.502
9.305
10.237
9.421
11.305
11.192
10.960
11.159
11.016
11.264
11.190
10.879
11.156
11.087
11.500
10.701
10.619
11.403
11.407
11.580
11.188
11.427
11.034
11.383
11.099
11.025
11.028
11.396
10.993
11.193
11.028
11.432
11.427
11.142
10.717
11.059
11.163
10.648
11.088
11.200
11.038
10.805
11.190
10.956
11.144
11.050
11.183
11.123
11.221
10.686
10.552
10.554
10.471
11.004
10.777
11.106
10.949
10.986
10.858
10.941
10.936
10.397
10.915
11.088
10.518
10.993
8.273
11.267
11.208
11.334
10.888
11.093
11.208
10.980
11.150
11.221
10.870
11.290
10.989
11.303
11.096
10.249
11.358
10.836
11.439
9.439
10.071
9.697
10.986
11.513
11.461
11.535
11.005
11.168
11.557
11.110
11.107
11.333
11.812
11.402
11.006
11.646
11.618
11.006
9.779
11.627
11.785
11.187
11.573
11.572
11.493
11.207
11.467
11.265
11.276
11.376
11.424
11.954
7.753
10.588
10.197
11.019
11.053
10.941
11.376
11.254
11.748
11.101
11.063
11.147
11.334
11.370
11.395
10.962
11.368
11.059
11.176
11.578
11.609
11.601
11.432
10.329
10.608
10.319
10.194
9.342
10.442
10.405
10.441
10.933
11.495
10.883
10.604
10.171
10.381
10.091
11.010
10.888
10.838
10.480
11.127
10.476
10.285
9.482
5.962
10.005
10.541
10.152
7.744
7.479
7.423
7.244
9.099
6.911
7.851
6.774
7.212
10.321
10.498
10.471
10.828
10.543
10.802
8.002
9.231
10.415
6.878
8.993
8.877
10.175
7.541
6.918
7.344
7.149
9.056
10.029
10.203
10.025
9.791
10.136
10.203
10.144
9.804
10.366
10.225
9.919
10.070
10.199
10.444
9.749
10.217
10.013
10.365
9.935
9.738
7.371
9.281
9.544
9.746
10.162
9.683
11.181
10.234
10.688
9.854
10.179
10.477
10.609
10.839
9.694
9.567
10.814
10.200
9.193
10.120
10.633
10.563
9.684
9.879
9.436
11.008
10.798
10.216
8.309
10.483
9.440
8.745
9.732
9.942
11.036
10.714
11.361
9.883
10.515
11.059
9.740
10.129
11.179
9.277
10.254
10.409
10.514
10.545
10.885
9.533
10.170
10.992
9.181
10.377
9.960
10.615
10.170
8.381
9.751
9.688
10.051
9.461
10.983
10.329
9.522
10.980
10.728
11.295
10.713
10.865
10.722
11.272
10.987
11.197
12.713
12.944
12.737
12.846
12.448
12.114
12.858
10.989
13.111
12.117
12.016
12.035
12.584
11.882
11.378
11.723
11.583
12.287
12.094
10.853
11.697
10.718
10.888
10.063
9.870
8.346
9.715
9.428
10.280
11.170
10.882
8.170
8.895
11.605
11.543
11.607
11.674
12.101
12.227
11.958
11.261
12.476
11.919
10.656
11.601
11.993
11.911
10.274
11.491
11.896
9.613
12.721
12.127
12.124
12.145
9.568
10.143
9.491
9.925
10.360
9.912
10.369
9.135
9.071
8.993
9.563
9.584
9.861
9.646
9.983
9.439
10.296
10.606
9.671
10.854
10.611
10.264
11.127
9.569
9.531
10.032
9.962
9.559
8.573
9.710
9.415
10.379
9.536
9.374
8.101
9.490
9.235
9.588
9.648
9.720
9.545
9.605
9.681
9.895
8.858
7.209
7.001
5.797
6.143
7.209
5.828
6.581
5.502
8.532
5.859
9.443
9.160
9.756
7.302
9.718
9.778
8.024
8.857
8.322
8.302
8.938
7.992
7.601
6.906
8.287
8.610
8.312
5.017
6.846
7.042
8.094
6.632
6.195
8.654
8.507
9.719
10.241
8.915
7.226
10.353
9.916
9.514
9.255
9.493
9.311
9.720
9.986
10.973
10.547
10.090
10.921
11.165
10.537
10.762
10.647
10.706
10.975
11.218
11.255
11.177
11.245
9.624
9.239
7.479
7.034
7.939
7.293
7.769
7.183
7.913
7.353
7.259
8.118
7.477
7.277
7.846
7.616
8.102
7.919
7.474
6.178
7.390
6.904
6.685
7.174
6.958
6.906
6.264
6.873
7.474
7.629
7.602
6.635
6.999
6.802
6.066
5.745
4.136
5.193
5.885
5.482
3.945
4.830
4.704
4.379
4.037
4.188
4.633
4.907
4.988
5.108
5.759
6.209
5.986
6.102
5.946
5.907
5.113
4.414
3.560
4.949
5.663
4.534
3.874
5.427
5.734
4.259
3.830
3.950
4.798
3.639
3.659
3.055
3.531
3.267
4.202
4.808
3.666
3.831
3.748
3.437
3.152
3.858
3.609
4.025
3.410
4.239
3.570
2.872
1.644
2.815
3.905
3.094
3.125
3.382
3.797
3.358
3.183
3.596
3.423
3.601
3.663
2.821
3.407
3.233
3.539
3.305
3.179
3.182
3.751
3.262
3.442
3.179
2.857
2.553
2.736
2.698
2.724
2.683
2.641
2.591
2.536
2.766
2.838
2.818
3.067
3.252
2.887
2.718
2.816
3.411
2.691
2.627
2.946
3.167
3.223
2.792
3.061
2.833
3.171
2.201
2.967
3.047
2.763
2.965
2.805
2.943
2.658
2.949
2.795
2.872
2.461
3.039
3.042
3.241
3.091
3.304
3.107
2.586
3.199
3.291
3.114
2.930
3.297
3.072
2.760
2.679
2.789
2.767
1.882
2.961
2.617
2.956
3.134
3.508
3.871
3.020
3.235
2.903
3.042
4.194
2.983
2.985
3.337
3.343
3.355
3.270
3.817
2.535
3.233
4.116
3.646
4.102
4.052
3.872
3.892
4.054
3.816
3.901
3.755
4.316
3.816
3.807
4.092
3.774
4.155
4.874
3.829
3.898
3.905
4.337
4.299
3.981
3.818
4.897
5.181
5.327
5.245
5.406
5.594
4.831
5.563
4.980
5.189
4.766
4.625
4.618
4.914
4.912
4.833
5.334
4.675
5.238
5.322
4.836
4.598
5.018
4.712
4.626
4.831
4.803
4.763
4.677
4.701
4.830
4.584
4.800
4.609
4.862
5.725
5.870
4.833
6.481
6.672
5.670
7.520
6.200
7.043
5.564
8.564
7.754
8.138
8.206
8.857
8.405
6.236
6.753
8.560
7.715
8.870
7.187
7.560
7.845
6.353
8.470
7.939
8.912
9.446
8.768
8.807
9.465
8.654
8.954
9.069
8.208
8.859
7.765
8.039
7.946
8.352
8.348
8.342
6.767
8.499
5.988
5.657
5.979
5.714
5.459
6.068
6.217
5.775
5.286
6.015
5.307
5.320
5.232
4.057
5.894
3.336
5.417
4.345
4.933
5.845
7.325
7.220
7.120
6.990
6.968
5.824
6.256
4.014
6.040
4.730
5.382
5.662
5.748
5.254
5.463
6.093
5.487
6.714
5.178
7.820
6.901
8.112
8.256
7.498
5.875
6.584
5.770
6.113
5.948
5.891
6.119
6.186
6.147
6.137
5.363
5.328
5.474
5.905
5.608
6.213
6.868
6.285
6.191
6.177
5.773
5.912
5.855
6.276
6.501
5.720
6.134
6.256
6.002
6.511
5.315
5.892
5.853
4.335
5.908
6.740
6.510
6.141
5.735
5.924
6.240
6.616
6.147
5.786
7.122
6.850
7.721
7.500
7.153
7.350
6.876
7.869
7.741
6.870
7.135
7.133
7.436
6.960
7.021
7.299
6.740
6.668
8.132
8.382
8.066
7.728
8.200
7.926
8.149
8.139
7.152
6.947
7.150
7.589
6.760
7.464
7.185
6.751
7.120
5.797
5.963
5.883
6.371
5.982
6.503
6.049
6.139
6.267
5.661
5.638
5.563
6.748
6.124
5.789
5.740
6.265
5.569
5.605
5.475
5.737
6.188
5.656
5.676
5.488
5.552
5.668
6.296
5.644
5.615
5.909
6.671
6.190
5.582
6.653
5.807
5.960
6.477
6.458
6.372
7.168
6.768
6.932
7.039
7.166
6.885
6.714
6.199
6.333
6.143
7.338
7.390
4.249
5.018
4.312
6.694
6.957
7.283
5.464
6.942
7.641
6.951
6.428
7.602
5.384
5.656
6.682
5.489
6.632
6.343
5.368
7.341
6.878
5.719
5.646
5.406
5.661
5.242
5.350
6.075
4.523
6.015
5.583
5.938
4.749
5.613
5.445
5.901
5.366
5.992
5.493
5.709
5.596
5.927
5.955
5.646
6.083
5.642
5.538
5.580
5.676
4.055
6.332
7.546
6.303
7.539
8.112
8.866
8.839
8.504
8.915
9.098
9.167
8.925
9.032
10.002
9.359
9.858
8.450
8.284
9.861
9.610
9.792
8.552
8.030
7.113
7.681
9.347
8.612
8.104
8.430
8.590
8.526
10.200
10.727
10.457
10.725
11.945
12.082
11.936
11.985
11.736
8.857
8.806
9.118
11.606
11.505
10.440
9.625
10.761
7.810
7.924
7.747
8.942
7.866
8.207
7.259
7.699
6.876
8.315
9.051
10.108
9.753
9.707
10.076
11.438
11.232
11.992
11.511
11.499
11.992
11.528
11.170
11.466
10.985
11.245
11.311
10.764
11.075
9.849
11.502
11.787
11.721
11.169
11.436
10.695
10.453
9.389
7.671
6.798
10.160
9.854
10.733
12.114
11.911
11.451
11.428
11.524
10.782
11.630
11.418
11.892
11.809
11.430
8.663
8.871
10.107
9.768
10.446
11.159
8.979
9.915
8.414
10.871
10.235
10.106
8.466
8.423
10.657
10.108
10.544
10.046
9.649
8.121
10.701
10.492
8.728
6.714
9.318
10.672
11.079
12.094
11.421
11.758
12.095
10.086
10.286
11.812
11.545
8.793
10.946
10.572
8.716
9.536
8.341
7.199
4.037
4.296
3.619
7.360
6.930
7.718
7.602
7.834
7.578
7.446
5.581
7.048
7.165
7.252
6.928
6.183
7.098
5.482
7.035
7.098
7.119
7.429
4.813
7.272
7.224
2.625
3.492
4.511
6.635
3.709
4.390
4.566
2.394
4.937
5.097
3.643
4.805
3.998
5.385
1.664
1.082
1.295
1.299
4.969
4.509
1.183
1.308
1.553
1.132
1.538
2.032
1.991
2.971
1.222
1.203
1.237
0.931
0.882
0.504
1.183
1.013
1.064
1.162
0.565
1.123
1.117
1.038
0.693
0.899
0.442
0.873
0.675
0.458
0.749
1.138
0.697
0.613
0.702
0.319
1.124
0.606
1.099
0.897
0.330
0.342
0.845
0.881
1.227
0.482
0.344
0.970
1.128
0.431
0.389
0.413
1.043
0.770
0.979
0.950
0.520
0.523
0.973
0.491
0.872
0.440
0.933
0.816
1.499
0.487
0.655
1.210
1.171
1.282
1.048
1.008
0.894
0.930
0.986
1.472
0.538
0.629
0.542
0.916
0.883
1.296
0.866
0.608
0.689
0.655
0.606
1.071
0.676
0.677
0.968
0.602
1.379
1.576
0.878
0.487
1.343
2.326
0.941
0.775
0.626
0.630
0.881
0.553
0.501
0.620
0.796
0.707
1.328
0.925
0.520
0.413
0.556
0.848
0.800
1.039
0.742
1.285
1.253
0.822
1.066
0.573
0.488
0.754
0.707
0.796
0.923
1.233
1.460
1.894
1.375
2.758
2.674
2.577
2.789
1.866
2.079
2.257
1.682
0.812
0.754
0.766
0.663
0.966
1.072
0.560
0.640
1.154
0.504
0.985
0.969
0.525
0.661
0.574
0.776
0.566
1.041
1.022
1.393
1.193
1.177
0.725
0.659
1.083
0.778
0.893
0.715
1.178
0.891
0.908
0.825
1.012
1.151
0.676
1.131
0.687
1.046
1.507
1.367
1.614
1.792
1.616
1.453
1.373
1.712
0.881
1.547
1.721
0.875
1.237
1.232
1.100
1.537
1.155
0.982
1.270
1.631
1.509
0.858
0.867
1.425
0.736
1.289
1.830
2.095
1.689
1.771
1.553
1.852
1.482
1.540
1.466
1.241
0.918
1.886
2.247
1.746
1.910
2.200
1.934
1.922
1.254
1.522
1.688
1.794
1.676
2.002
1.910
1.595
1.742
1.003
1.202
1.902
1.339
2.045
1.829
2.091
1.632
1.604
2.082
1.993
1.211
1.185
1.534
1.236
1.051
1.175
0.760
1.614
0.868
0.700
1.798
1.326
1.799
1.675
1.635
1.363
2.159
1.836
2.064
1.536
1.214
1.222
1.307
1.170
0.960
1.118
1.383
1.418
0.504
1.184
1.014
1.226
0.833
0.809
0.800
0.960
1.208
0.744
0.663
0.880
0.694
0.595
1.302
1.269
1.318
1.049
0.599
0.669
1.569
1.451
1.353
1.019
1.047
1.221
1.037
0.581
1.140
1.167
1.165
1.224
1.291
1.102
1.269
0.794
1.205
0.454
0.863
1.284
1.134
1.207
0.545
1.058
0.405
1.039
0.677
1.266
0.594
0.855
0.830
1.085
0.543
0.448
0.492
0.940
0.568
0.851
0.969
1.106
1.200
1.252
1.135
0.913
0.900
0.756
0.327
0.526
0.611
0.610
0.371
0.801
0.804
0.825
0.557
0.865
1.119
1.092
1.288
1.270
1.194
0.941
1.213
1.178
1.148
1.254
1.195
0.880
0.717
1.190
0.500
0.671
0.535
0.652
0.455
0.375
1.146
0.547
1.518
1.405
1.684
1.142
1.287
1.850
1.464
0.951
0.695
1.657
2.748
1.652
1.260
1.470
1.566
1.653
1.666
1.991
1.322
1.901
1.665
3.210
2.447
2.818
2.142
1.873
1.419
1.888
1.693
1.140
1.059
1.613
1.417
1.179
0.947
0.912
1.383
0.930
0.893
1.118
0.951
0.779
0.793
0.702
0.569
0.797
1.328
0.862
1.036
1.148
1.142
1.044
1.089
1.129
1.139
1.123
1.045
0.829
0.987
0.763
1.205
1.159
1.044
0.942
1.210
1.186
0.584
0.948
0.699
0.623
0.878
1.032
0.921
1.189
0.824
0.761
0.746
1.063
0.825
0.765
1.214
0.798
0.681
0.739
0.538
0.392
0.903
1.014
0.673
0.892
0.589
0.818
0.840
0.623
0.683
0.739
0.553
0.780
0.565
0.611
0.611
1.232
0.728
0.678
2.164
0.887
0.465
1.211
1.432
1.448
0.776
2.048
1.709
1.800
0.579
1.325
2.069
1.192
1.129
1.926
2.001
2.395
2.047
1.270
2.203
1.190
2.730
1.320
2.164
0.943
1.447
2.494
0.977
1.344
1.309
2.158
1.414
0.925
0.880
1.419
0.916
1.428
1.041
2.011
1.225
1.208
1.556
1.674
2.127
0.660
1.329
2.380
0.952
1.635
1.570
0.956
1.068
0.489
0.582
0.573
0.590
1.330
1.118
1.977
1.458
2.682
1.364
0.775
0.876
2.190
2.600
2.636
1.481
0.636
1.119
0.685
0.554
0.581
0.644
0.961
0.667
0.874
0.526
0.948
0.734
0.475
0.535
0.504
0.539
0.931
0.744
0.477
1.169
0.675
1.089
1.011
0.648
0.580
1.005
1.952
1.115
1.496
1.579
1.225
0.701
0.582
0.524
0.544
0.800
0.647
0.506
0.508
0.598
1.259
0.507
0.538
0.643
0.698
0.492
0.459
0.410
0.470
1.092
0.485
0.322
0.301
0.342
0.483
0.379
0.632
0.315
0.414
0.433
0.448
0.354
0.273
0.332
0.318
0.410
0.334
0.347
0.332
0.381
0.342
0.319
0.339
0.354
0.455
0.663
0.342
0.365
0.494
0.650
0.443
0.525
0.398
0.471
0.488
0.512
0.562
0.456
0.596
0.576
0.940
0.517
0.784
0.752
0.660
0.469
0.522
0.590
0.520
0.653
0.573
0.585
0.866
0.623
1.308
0.587
0.792
0.571
0.374
0.449
0.640
0.611
0.583
1.056
1.591
0.906
0.937
0.935
1.590
1.697
1.668
1.737
2.698
2.929
3.589
3.488
3.033
2.770
2.822
2.748
3.221
3.074
2.122
2.266
3.146
2.927
2.460
3.150
3.211
2.601
2.606
2.687
2.820
3.385
3.062
2.568
2.763
1.521
2.618
2.775
3.776
2.986
3.234
3.456
2.414
2.947
3.287
2.901
3.169
3.485
2.558
2.163
2.975
2.988
2.925
3.518
3.304
3.007
2.957
3.070
2.849
2.925
1.311
0.670
0.325
0.540
0.648
0.648
0.511
0.587
0.470
1.123
0.438
0.399
0.396
0.456
0.452
0.410
0.477
0.975
0.897
0.776
0.834
1.015
1.064
0.830
1.055
0.730
0.539
0.409
0.608
0.666
0.819
0.711
1.028
0.905
0.724
0.540
0.637
0.751
0.930
0.913
0.467
0.592
0.463
0.499
0.586
0.805
0.362
0.393
0.504
0.445
0.402
0.408
0.489
0.657
0.545
0.371
0.394
0.367
0.416
0.431
0.491
0.411
0.446
0.946
0.470
0.558
0.647
0.635
0.462
0.460
0.870
0.408
0.453
0.418
0.771
0.584
0.555
0.624
0.443
0.514
0.753
0.572
0.468
0.540
0.363
0.533
0.476
0.983
0.399
0.519
0.669
0.511
0.563
0.603
0.473
0.479
0.643
0.566
0.485
0.892
0.640
0.447
0.705
0.766
0.669
0.648
0.947
0.418
0.501
0.419
0.373
0.418
0.442
0.366
0.337
1.200
0.869
1.117
0.869
0.593
0.887
0.376
0.550
0.540
1.061
1.005
0.983
0.451
0.787
0.577
0.572
0.676
0.410
0.571
0.840
0.760
0.743
0.518
0.701
0.687
0.593
0.510
0.840
0.863
0.834
1.147
0.607
0.581
0.513
0.600
0.480
0.611
0.563
0.978
0.538
0.652
0.497
0.664
0.766
0.520
0.487
0.686
0.966
0.936
0.558
0.709
0.675
0.745
0.727
0.643
0.496
0.825
0.847
0.543
0.557
0.657
0.564
0.818
0.672
0.563
0.592
0.586
0.656
0.586
0.558
0.752
0.714
0.573
0.486
0.506
0.486
0.709
0.573
0.614
0.543
0.520
0.537
0.518
0.492
0.476
0.489
0.460
0.603
0.733
0.570
0.814
0.465
0.826
0.766
0.684
1.000
0.554
0.861
0.643
0.809
0.740
0.651
0.836
0.659
0.935
0.466
0.552
0.595
0.527
0.782
0.949
0.475
0.726
0.570
0.688
0.863
0.854
0.883
0.646
0.623
0.836
0.810
0.628
0.531
0.496
0.397
0.709
0.627
0.430
0.574
0.595
0.487
0.617
0.527
0.616
0.691
0.596
0.592
0.604
0.738
0.687
0.665
0.632
0.604
0.521
0.702
0.587
0.845
0.528
0.441
0.465
0.527
0.521
0.522
0.726
0.591
0.592
0.433
0.485
0.562
0.541
0.694
0.520
0.510
0.493
0.567
0.587
0.724
0.637
0.597
0.620
0.490
0.557
0.712
0.527
0.556
0.553
0.530
0.635
0.455
0.551
0.704
0.531
0.567
0.551
0.514
0.578
0.560
0.606
0.505
0.528
0.546
0.532
0.489
0.391
0.617
0.525
0.559
0.644
0.604
0.860
0.677
0.642
0.642
0.765
0.685
0.647
0.803
0.717
0.872
0.661
0.462
0.703
0.716
0.551
0.583
0.762
0.741
0.706
0.531
0.660
0.679
0.492
0.645
0.446
0.669
0.679
0.426
0.601
0.667
0.662
0.663
0.712
0.621
0.564
0.544
0.963
0.719
0.433
0.776
0.579
0.628
0.671
0.758
0.592
0.748
0.698
0.751
0.873
1.109
0.575
0.755
0.948
1.013
0.450
0.729
0.704
0.777
0.670
0.690
0.843
1.068
0.772
0.579
0.618
0.974
0.866
0.965
0.557
0.781
1.097
0.893
0.707
0.720
0.689
0.701
0.899
0.714
0.529
0.787
0.628
0.800
1.139
1.055
1.138
1.004
0.668
0.835
0.750
0.721
0.769
1.174
0.927
1.032
0.840
1.023
0.921
1.200
0.989
0.906
1.106
0.916
0.741
0.757
0.644
0.432
0.904
0.677
0.792
0.535
0.698
0.641
0.810
0.437
0.529
0.681
0.587
0.719
0.652
0.592
0.718
0.532
0.788
0.748
0.751
0.638
0.751
0.697
0.472
0.482
0.580
0.546
0.507
0.611
0.631
0.769
0.704
0.718
0.528
0.574
0.790
0.759
0.672
0.637
0.550
0.537
0.644
0.500
0.459
0.568
0.490
0.556
0.563
0.576
0.524
0.471
0.777
0.529
0.610
0.571
0.540
0.423
0.604
0.535
0.649
0.623
0.585
0.553
0.745
0.729
0.894
0.633
0.621
0.488
0.600
0.706
0.690
0.556
0.517
0.767
0.586
0.552
0.480
0.658
0.550
0.585
0.514
0.524
0.627
0.578
0.488
0.454
0.486
0.522
0.613
0.667
0.718
0.497
0.514
0.441
0.429
0.515
0.619
0.543
0.616
0.710
0.681
0.505
0.607
0.451
0.564
0.612
0.671
0.728
0.496
0.502
0.501
0.673
0.431
0.471
0.765
0.566
0.829
0.519
0.674
0.645
0.585
0.664
0.834
0.654
0.709
0.745
0.530
0.574
0.783
0.546
0.724
0.571
0.628
0.705
0.638
0.682
0.678
0.789
0.551
0.632
0.757
0.553
0.689
0.727
0.541
0.582
0.651
0.740
0.617
0.566
0.611
0.679
0.515
0.729
0.709
0.912
0.621
0.901
0.784
0.911
0.762
0.698
0.520
0.737
0.543
0.418
0.636
0.470
0.622
0.547
0.407
0.547
0.306
0.431
0.578
0.584
0.451
0.399
0.539
0.538
0.508
0.434
0.474
0.680
0.545
0.545
0.506
0.639
0.315
0.461
0.477
0.534
0.480
0.523
0.397
0.474
0.564
0.774
0.483
0.491
0.552
0.430
0.410
0.548
0.744
0.756
0.873
0.778
0.833
0.414
0.438
0.416
0.519
0.571
0.672
0.752
0.504
0.789
0.610
0.517
0.948
0.696
0.732
0.868
0.771
0.642
0.532
0.629
0.532
0.672
0.498
0.518
0.369
0.609
0.505
0.502
0.556
0.864
0.903
0.917
0.776
0.479
0.620
0.509
0.961
0.694
0.510
0.701
0.959
0.792
0.620
0.650
0.781
0.508
0.729
0.713
0.642
0.481
0.477
0.366
0.424
0.518
0.499
0.485
0.535
0.418
0.581
0.579
0.445
0.357
0.574
0.888
0.396
0.544
0.303
0.399
0.416
0.461
0.467
0.485
0.462
0.432
0.337
0.498
0.404
0.358
0.394
0.260
0.586
1.196
1.136
1.003
0.916
1.077
0.688
1.154
0.963
0.954
0.715
1.025
0.777
0.655
0.734
0.589
0.815
0.509
0.623
0.771
0.688
0.847
1.120
0.496
1.073
0.866
0.712
0.501
0.561
0.485
0.506
0.448
0.630
0.663
0.481
0.434
0.578
0.594
0.585
0.557
0.529
0.482
0.544
0.586
0.631
0.440
0.657
0.554
0.474
0.705
0.511
0.551
0.445
0.431
0.453
0.545
0.521
0.519
0.607
0.574
0.553
0.487
0.620
0.659
0.401
0.472
0.745
0.682
0.917
0.591
0.635
0.657
0.554
0.711
0.720
0.456
0.525
0.544
0.740
0.783
0.978
0.865
0.700
0.454
0.663
0.531
0.542
0.435
0.596
0.490
0.526
0.497
0.773
0.527
0.546
0.566
0.556
0.546
0.540
0.594
0.613
0.581
0.604
0.445
1.047
0.642
0.385
0.362
0.439
0.757
0.973
1.148
1.167
0.849
1.053
0.469
0.501
0.628
0.414
0.663
0.752
0.863
0.740
1.131
0.452
0.398
0.433
0.406
0.414
0.409
0.370
0.472
0.379
0.444
0.587
0.538
0.498
0.552
0.584
0.540
0.731
0.603
0.418
0.592
0.558
0.831
1.147
0.626
0.687
0.530
1.067
0.866
0.627
0.603
0.518
0.625
0.624
0.862
0.660
0.637
0.829
0.867
0.762
1.166
0.635
0.950
0.916
0.537
0.883
1.078
0.770
0.811
0.571
1.187
0.797
0.902
0.804
0.921
0.743
0.785
0.747
0.819
0.597
0.733
0.898
0.531
1.045
0.920
0.740
0.729
0.838
0.825
0.526
1.087
0.972
0.822
0.793
0.870
0.583
1.069
0.732
0.830
0.815
1.003
0.827
0.711
0.847
0.795
0.682
0.812
1.535
1.038
1.721
1.140
0.988
1.517
0.608
0.908
0.899
1.187
2.059
0.886
1.415
1.617
1.101
0.709
1.295
1.264
1.020
1.230
1.171
0.999
1.292
1.121
0.964
1.448
0.847
0.762
0.738
0.778
1.129
0.883
0.740
0.722
0.997
1.394
0.935
1.016
1.125
0.898
0.808
0.799
1.052
0.894
0.734
0.685
0.854
0.805
1.293
1.200
0.969
0.621
0.868
0.981
1.721
1.029
1.141
1.387
0.748
0.835
0.771
1.010
1.580
0.941
1.620
1.294
1.257
1.138
1.302
1.160
1.129
1.129
1.097
1.143
0.923
1.390
1.204
1.329
1.329
0.800
0.935
0.885
0.745
1.046
0.609
0.848
0.980
0.744
0.965
0.741
0.939
0.729
0.706
0.863
1.021
1.266
0.969
1.119
0.866
0.537
0.849
0.840
0.870
0.988
1.008
1.047
0.637
1.040
1.005
1.041
0.517
0.689
0.465
0.634
0.718
0.866
0.492
1.012
0.618
0.937
1.190
1.260
1.178
0.766
0.453
0.505
1.028
1.091
0.498
0.822
1.196
1.119
0.780
0.692
1.184
0.791
0.742
0.977
1.339
1.689
0.947
0.830
0.761
0.540
0.587
0.418
0.425
0.386
0.382
0.493
0.443
0.442
0.691
0.739
1.154
1.039
1.021
1.100
0.451
1.071
0.789
1.124
1.185
0.541
0.622
0.761
0.612
0.517
0.667
0.518
0.528
0.720
0.672
0.889
0.603
1.163
1.186
0.621
0.990
0.590
0.770
1.187
0.900
0.443
0.829
0.474
1.109
1.187
0.898
1.209
1.215
1.061
0.603
0.796
0.819
0.538
0.431
0.405
0.592
0.776
0.478
0.635
0.339
0.548
0.367
0.464
0.681
0.465
0.611
0.935
0.421
0.643
0.438
0.400
0.365
0.560
0.390
0.322
0.462
0.816
0.464
0.416
0.761
0.903
0.577
0.608
0.620
0.436
0.756
0.438
0.432
0.447
0.376
0.339
0.431
0.873
0.664
0.308
0.273
0.288
0.360
0.313
0.763
0.728
0.328
0.358
0.414
0.358
0.530
0.273
0.306
0.284
0.279
0.273
0.761
0.523
0.812
0.615
0.681
0.738
0.738
0.471
1.190
1.389
1.995
2.512
3.656
2.967
3.351
1.662
3.645
4.126
3.341
0.911
0.985
0.812
0.743
0.683
1.028
1.043
0.682
0.711
1.105
1.935
1.670
1.668
2.077
0.892
1.213
0.898
1.393
2.182
2.173
1.388
1.814
1.821
2.302
1.528
1.805
1.541
2.315
1.979
1.374
2.215
0.841
1.370
0.846
0.471
0.743
1.208
1.234
1.020
0.602
0.677
0.899
0.711
0.690
0.656
0.776
1.011
0.976
1.056
0.892
0.521
0.984
0.537
0.700
0.877
0.787
0.498
0.847
0.663
0.468
0.694
0.674
0.658
0.829
0.483
0.448
0.912
0.977
1.392
1.463
1.810
1.447
1.835
1.372
2.001
1.571
1.338
1.449
2.065
1.472
1.476
1.253
1.380
1.839
1.391
1.867
1.730
1.806
1.993
1.261
1.593
2.013
1.353
0.780
0.652
1.805
1.175
0.661
0.840
1.067
1.563
0.896
1.104
0.823
0.687
0.434
0.578
1.113
0.688
0.849
0.453
0.530
0.808
0.559
0.921
0.722
0.890
0.879
0.712
0.967
1.030
0.384
1.092
0.893
0.756
1.031
0.614
1.158
0.523
0.382
0.548
0.618
0.438
0.947
0.936
1.410
1.769
1.862
1.612
1.703
1.518
1.576
1.406
1.533
1.301
1.435
1.582
1.547
1.522
1.396
1.429
1.577
1.303
1.334
1.431
1.246
1.467
1.323
1.968
1.459
1.246
1.629
1.642
1.428
1.489
1.509
2.097
1.613
1.436
1.707
1.478
1.942
1.599
1.482
1.146
1.588
1.334
1.571
1.393
0.824
1.396
1.777
1.195
1.537
1.312
1.280
2.089
1.412
1.302
1.710
1.357
1.732
1.505
1.952
1.670
1.994
1.427
1.380
1.346
1.416
1.932
1.433
1.750
1.355
1.551
1.403
1.403
1.639
1.422
1.307
1.228
1.354
1.888
1.465
1.878
1.373
1.287
1.568
0.696
1.436
1.367
1.442
1.271
1.220
1.381
1.268
1.286
1.409
1.791
1.464
1.615
1.386
1.486
1.391
2.064
1.351
1.562
1.511
1.516
1.530
1.427
1.533
1.357
1.637
1.645
1.397
1.382
2.029
1.338
1.246
1.617
1.049
1.345
1.473
1.348
1.379
1.460
1.387
1.485
1.418
1.490
1.316
1.394
1.464
1.392
1.306
1.290
1.954
1.222
1.418
1.388
1.417
1.743
1.219
1.386
1.382
1.498
1.110
1.209
1.329
1.664
1.329
1.394
1.371
1.338
1.297
1.737
1.882
1.498
1.369
1.543
1.561
1.471
1.794
1.585
1.525
1.423
1.384
1.445
1.563
1.547
1.168
1.600
1.353
2.150
1.856
1.591
1.547
1.409
1.423
1.588
1.454
1.935
1.747
1.886
1.592
1.120
1.945
1.534
1.690
1.263
1.559
1.754
1.764
1.494
1.801
1.445
1.630
1.650
1.820
1.714
2.081
1.968
1.918
1.616
1.314
1.432
1.575
1.426
1.549
1.635
1.788
1.748
1.939
1.634
1.817
1.919
1.557
1.521
1.487
1.336
1.299
1.382
1.362
1.132
1.195
1.208
1.131
0.498
1.016
1.218
1.214
1.131
0.776
1.232
1.177
1.210
1.050
1.146
1.206
1.032
1.062
1.128
0.773
1.097
1.177
1.214
1.134
0.991
1.224
0.347
1.083
1.194
1.216
1.166
1.210
1.200
1.202
1.191
1.043
1.191
1.159
1.190
1.041
1.133
1.191
1.194
1.136
1.143
1.126
1.184
1.179
1.209
1.014
1.143
1.184
1.201
1.189
1.149
1.155
0.865
1.180
1.111
1.197
0.846
1.168
1.188
1.168
1.103
1.113
1.196
1.185
1.123
1.112
1.204
1.188
1.101
1.188
1.007
1.066
1.163
1.027
1.181
1.108
1.113
1.202
1.193
1.194
1.218
1.223
1.221
1.202
1.133
1.200
1.001
1.134
1.054
1.078
1.164
1.147
1.133
1.216
0.983
1.205
0.933
1.204
1.198
1.023
1.196
1.169
1.201
1.160
1.206
0.939
1.158
1.191
1.195
1.194
1.146
1.152
1.190
1.156
1.222
1.192
1.220
1.219
1.233
1.227
1.202
1.229
1.108
1.172
1.125
1.057
1.065
1.162
1.186
1.097
1.174
1.193
0.981
0.944
1.225
1.177
1.173
1.190
1.213
1.066
1.213
1.142
1.170
1.144
1.214
1.192
1.091
1.228
1.196
1.014
1.213
1.203
1.087
1.130
1.206
1.217
1.208
1.230
1.234
1.226
1.200
1.137
1.097
1.213
1.202
1.173
1.113
1.155
1.196
1.197
1.183
1.102
1.210
1.094
1.212
1.157
1.259
1.230
1.229
1.241
1.218
1.202
1.233
1.243
1.226
1.168
1.197
1.090
1.117
1.210
1.255
1.105
1.223
1.222
1.217
1.253
1.250
1.259
1.243
1.252
1.142
1.229
1.261
1.243
1.158
1.256
1.056
1.216
1.265
1.245
1.130
1.254
1.095
1.277
1.292
1.157
1.083
1.243
1.140
1.090
1.235
1.249
1.197
1.180
1.206
1.242
1.230
1.181
1.259
1.066
1.490
1.318
1.302
1.282
1.565
1.209
1.221
1.100
1.241
1.278
1.200
1.218
1.209
1.158
1.303
1.403
1.325
1.358
1.193
1.330
1.528
1.300
1.270
1.251
1.164
1.185
1.236
1.285
1.210
1.215
1.230
1.271
0.927
1.275
1.152
1.232
1.232
1.117
0.930
1.237
1.252
1.251
1.202
1.256
1.246
1.223
1.262
1.230
1.190
1.239
1.228
1.158
1.233
1.150
1.158
1.200
1.145
1.164
1.240
1.187
1.232
1.138
0.774
1.143
0.727
1.182
1.151
1.160
1.213
1.221
0.850
1.208
1.129
1.219
1.201
1.192
1.175
0.989
1.012
1.230
1.150
1.213
1.201
1.118
1.207
1.250
1.203
1.010
1.169
1.248
1.203
1.197
1.281
1.111
1.249
0.776
1.239
1.217
1.237
1.229
1.230
1.218
1.242
1.018
1.211
1.207
1.217
1.222
1.062
1.120
1.129
1.249
1.179
0.919
1.201
1.245
1.151
1.192
1.233
1.224
1.184
1.180
1.207
1.076
1.228
1.257
1.069
1.205
1.211
1.207
1.225
1.056
1.239
1.206
1.230
1.233
1.186
1.076
1.260
1.224
1.249
1.233
1.162
1.210
1.219
1.233
1.232
1.236
1.223
1.207
1.053
0.999
1.213
1.243
1.189
1.203
1.214
1.231
1.163
1.156
1.212
0.753
0.372
1.049
0.913
0.825
1.100
1.065
1.216
1.120
1.215
1.225
0.818
1.208
1.243
1.233
1.239
1.199
1.154
1.195
1.171
1.203
1.217
1.210
1.187
1.236
1.230
1.087
1.155
1.106
1.131
1.214
1.244
1.230
1.119
1.230
1.201
1.040
1.198
1.231
1.242
1.221
1.178
1.219
0.976
1.221
1.077
1.200
1.251
1.199
1.219
1.229
1.152
1.073
1.138
1.221
1.144
1.173
1.206
1.176
1.218
1.227
1.221
1.138
1.192
1.209
1.226
1.239
1.255
1.218
1.151
1.216
1.175
1.056
1.237
1.222
1.176
1.254
1.207
1.223
0.978
1.236
1.119
1.196
1.227
1.162
1.031
1.233
1.191
1.199
1.013
1.262
1.277
1.256
1.237
1.182
1.207
1.218
1.244
1.234
1.191
1.227
0.986
1.227
1.206
1.159
1.042
1.090
1.176
1.141
1.074
1.179
1.200
1.195
1.184
1.267
1.256
1.279
1.261
1.293
1.236
1.126
1.016
0.879
1.196
1.233
1.239
1.268
1.194
1.193
1.112
1.174
1.114
1.176
1.145
1.304
1.302
1.267
1.266
1.261
1.420
1.268
1.213
1.866
1.217
1.464
1.312
1.499
1.877
1.855
1.480
1.322
1.251
1.181
1.252
1.229
1.222
1.215
1.179
1.271
1.266
1.384
1.292
1.305
1.203
1.070
1.242
1.222
1.108
1.248
1.280
1.244
1.246
1.278
1.233
1.245
1.228
0.986
1.247
1.155
1.011
1.214
1.220
1.204
1.194
1.234
1.187
1.151
1.214
1.162
1.179
1.127
1.196
1.183
1.204
0.984
1.217
1.208
1.055
1.194
1.234
1.044
1.110
1.222
1.328
1.276
1.182
0.985
1.537
1.365
1.272
1.589
1.168
1.322
1.243
0.827
1.337
1.261
1.332
1.237
1.421
1.271
1.320
1.279
1.435
1.453
1.390
1.418
1.503
1.351
1.353
1.525
1.189
1.283
1.325
1.707
1.275
1.244
1.347
1.212
1.316
1.286
1.295
1.304
1.318
1.335
1.284
1.367
1.036
1.214
1.112
1.204
1.293
1.310
1.184
1.368
1.416
1.751
1.471
1.192
1.503
1.349
1.215
1.184
1.209
1.293
1.098
1.262
1.224
1.100
1.223
1.235
1.133
1.311
1.462
1.423
1.386
1.330
1.306
1.470
1.360
1.299
1.278
1.764
1.375
1.420
1.421
1.543
1.482
1.560
1.376
1.303
1.405
1.751
1.329
1.229
1.438
1.523
1.762
1.629
1.269
1.756
1.591
1.077
1.580
1.351
1.394
1.537
1.431
1.349
1.301
1.442
1.491
1.241
1.368
1.396
1.316
1.381
1.485
1.416
1.180
1.541
1.431
2.092
1.538
1.387
1.525
1.421
1.482
1.385
1.072
1.272
1.453
1.712
1.389
1.175
1.214
1.367
1.455
1.278
1.257
1.371
1.265
1.465
1.165
1.301
1.461
1.322
1.301
1.280
1.277
1.243
1.218
1.209
1.227
1.309
1.585
1.383
1.430
1.267
1.438
1.392
1.808
1.379
1.484
1.349
1.323
1.625
1.181
1.463
1.351
1.398
1.376
1.280
1.434
1.198
1.380
1.711
1.409
1.275
1.244
1.502
1.100
1.264
1.327
1.235
1.343
1.049
1.252
1.303
1.341
1.333
1.295
1.370
1.286
1.366
1.543
1.476
1.833
1.471
1.408
1.584
1.222
1.440
1.314
1.268
1.321
1.247
1.297
1.273
1.394
1.321
1.297
1.451
1.393
1.297
1.318
1.230
1.388
1.576
1.300
1.418
1.325
1.263
1.298
1.474
1.482
1.401
1.280
1.625
1.375
1.615
1.540
1.336
1.258
1.266
1.307
1.282
1.251
1.395
1.195
1.439
1.268
1.366
1.295
1.276
1.275
1.236
1.305
1.366
1.247
1.356
1.353
1.408
1.495
1.228
1.232
1.210
1.605
1.371
1.429
1.230
1.501
1.257
1.286
1.614
1.324
1.309
1.305
1.487
1.377
1.445
1.316
1.317
1.276
1.386
1.218
1.318
1.358
1.687
1.318
1.345
1.256
1.386
1.331
1.336
1.302
1.790
1.295
1.321
1.240
1.272
1.259
1.359
1.262
1.361
1.222
1.532
1.463
1.334
1.063
1.289
1.362
1.261
1.356
1.610
1.347
1.352
2.113
2.575
2.391
2.593
2.384
1.702
1.462
1.373
1.261
1.327
1.324
1.384
1.330
1.264
1.293
1.336
1.535
1.356
1.373
1.356
1.310
1.311
1.475
1.452
1.347
1.289
1.503
1.785
1.594
1.377
1.405
1.525
1.181
1.782
1.301
1.292
1.295
1.286
1.385
1.194
1.316
1.334
1.338
1.283
1.321
1.357
1.332
1.238
1.280
1.610
1.311
1.437
1.224
1.289
1.289
1.249
1.265
1.236
1.227
1.291
1.437
1.436
1.220
1.461
1.273
1.401
1.350
1.063
0.983
1.292
1.293
1.282
1.354
1.348
1.513
1.257
1.433
1.404
1.290
1.318
1.594
1.343
1.556
1.361
1.152
1.418
1.542
1.548
1.270
1.320
1.424
1.348
1.451
1.325
1.379
1.254
1.379
1.190
1.371
1.365
1.365
1.390
1.458
1.329
1.358
1.429
1.196
1.207
1.398
1.309
1.475
1.185
1.256
1.122
1.123
1.201
1.152
1.238
1.207
1.241
1.218
1.085
1.138
1.189
1.250
1.097
1.220
1.288
1.244
1.619
1.317
1.181
1.201
1.165
1.050
1.136
1.081
1.146
1.252
1.214
0.977
1.185
1.241
0.974
1.257
1.232
1.265
1.304
1.615
1.501
1.256
1.314
1.391
1.329
1.356
1.335
1.258
1.332
1.361
1.372
1.328
1.473
1.290
1.249
1.490
1.518
1.344
1.259
1.500
1.318
1.332
1.355
1.415
1.258
0.698
1.589
1.681
1.114
1.180
1.274
1.304
1.578
1.143
1.342
1.587
1.603
1.516
1.303
1.462
1.351
1.253
1.494
1.318
1.746
1.385
1.387
1.215
1.251
1.123
1.124
1.429
1.269
1.256
1.857
1.455
1.446
1.325
1.431
1.324
1.375
1.268
0.892
1.184
1.404
1.271
1.203
1.410
1.381
1.370
1.481
1.519
1.221
1.430
1.462
1.327
1.532
1.277
1.358
1.351
1.561
1.636
1.317
1.299
1.370
1.544
1.343
1.287
1.319
1.400
1.167
1.720
0.889
1.203
1.349
1.288
1.276
1.286
1.304
1.292
1.171
1.003
1.429
1.615
1.425
1.219
1.243
1.197
1.300
1.282
1.265
1.466
1.296
1.194
1.242
1.040
1.151
1.054
1.160
1.227
1.281
1.341
1.184
1.245
1.114
1.092
1.181
1.347
1.519
0.994
1.366
1.574
1.369
1.272
1.316
1.195
1.383
1.765
1.450
1.417
1.329
1.372
1.346
1.267
1.484
1.537
1.313
1.212
1.160
1.125
1.022
1.254
1.585
1.244
1.258
1.252
1.303
1.100
1.130
1.252
1.372
1.330
1.218
1.356
1.325
1.153
1.225
1.260
1.228
1.240
1.297
1.275
1.406
1.214
1.316
1.316
1.428
1.333
1.293
1.519
1.357
1.331
1.477
1.453
2.025
1.677
1.376
1.291
1.303
1.345
1.501
1.207
1.331
1.257
1.500
1.267
1.371
1.534
1.270
1.600
1.267
1.369
1.223
1.427
1.378
1.389
1.620
1.378
1.341
1.308
1.476
1.352
1.438
1.528
1.343
1.293
1.393
1.269
1.518
1.394
1.431
1.431
1.315
1.414
1.526
1.340
1.396
1.374
1.460
1.204
1.318
1.288
1.417
1.563
1.510
1.255
1.318
1.471
1.598
1.082
1.476
1.153
1.272
1.372
1.311
1.153
1.267
1.323
1.366
1.284
1.787
1.385
1.291
1.249
1.285
1.314
1.297
1.382
1.599
1.326
1.379
1.294
1.349
1.376
1.304
1.370
1.402
1.360
0.867
1.477
1.300
1.315
1.408
1.360
1.578
1.259
1.487
1.369
1.405
1.250
1.442
1.458
1.276
1.450
1.397
1.307
1.558
1.279
1.100
1.243
1.358
1.340
1.009
1.358
1.325
1.381
1.264
1.378
1.414
1.342
1.340
1.410
1.405
1.331
0.853
1.331
1.212
1.316
1.547
1.318
1.087
1.139
1.276
1.157
1.431
1.273
1.384
1.255
1.284
1.450
1.471
1.551
1.344
1.342
1.245
1.412
1.337
1.368
1.680
1.473
1.708
1.339
0.908
1.348
1.287
1.523
1.242
1.563
1.547
1.643
1.504
1.582
1.483
1.315
1.289
1.546
1.483
1.395
1.478
1.506
1.252
1.342
1.249
1.285
1.065
1.511
1.560
1.252
1.405
1.306
1.215
1.309
1.312
1.401
1.545
1.467
1.133
1.997
1.263
1.228
1.436
1.376
1.376
1.469
0.899
1.447
1.399
1.439
1.357
1.337
1.366
1.303
1.363
1.437
1.328
1.502
1.414
1.391
1.289
1.417
1.294
1.362
1.333
1.376
1.194
1.311
1.331
1.425
1.544
1.863
1.864
1.876
1.694
1.794
1.465
1.478
1.040
1.574
1.187
1.257
1.306
1.150
1.421
1.425
1.401
1.315
1.632
1.575
1.369
1.395
0.950
1.286
1.153
1.007
1.158
1.398
1.319
1.488
1.176
1.539
1.218
1.436
1.296
1.320
1.416
1.336
1.241
1.372
1.450
1.408
1.318
1.325
1.523
1.371
1.275
1.669
1.373
1.384
1.313
1.344
1.395
1.364
1.373
1.343
1.422
1.248
1.177
1.523
1.286
1.326
1.356
1.305
2.057
1.101
1.946
1.481
1.316
1.289
1.356
1.264
1.026
1.280
1.723
1.681
1.255
1.291
1.251
1.361
1.264
1.404
1.584
1.349
1.268
1.405
1.337
1.809
1.725
1.495
1.554
1.252
1.714
1.493
1.780
1.636
1.313
1.180
1.338
1.331
1.328
1.254
1.226
1.342
1.273
1.232
1.307
1.357
1.366
1.580
1.432
1.153
1.320
1.421
1.233
1.304
1.409
1.238
1.383
1.357
1.122
1.271
1.403
1.355
1.527
1.265
1.640
1.268
1.431
1.315
1.365
1.602
1.059
1.364
1.386
1.190
1.411
1.297
1.412
1.282
1.387
1.463
1.290
1.073
1.232
1.105
1.218
1.143
1.224
1.281
1.353
1.298
1.495
1.275
1.626
1.654
1.387
1.345
1.418
1.508
1.299
1.581
1.628
1.615
1.993
2.082
1.735
1.924
2.033
1.948
1.547
1.731
1.203
1.267
1.257
1.361
1.354
1.455
1.081
1.316
1.311
1.598
1.355
1.409
1.427
1.821
1.505
1.247
1.278
1.589
1.472
1.439
1.378
0.943
1.408
1.256
1.472
1.381
1.383
0.672
1.472
1.463
1.372
1.439
1.428
1.336
1.328
1.345
1.328
1.314
1.191
1.411
1.522
1.259
1.354
1.214
1.136
1.693
1.274
1.424
1.367
1.228
1.394
1.328
1.481
1.523
1.433
1.353
1.477
1.355
1.328
1.462
1.181
1.216
1.619
1.299
1.364
1.419
1.396
1.337
1.746
1.466
1.277
1.383
1.332
1.286
1.519
1.693
1.377
1.349
1.580
1.554
1.372
1.319
1.399
1.268
1.357
1.256
1.402
1.302
1.488
1.349
1.297
1.381
1.591
1.298
1.437
1.401
1.304
1.436
1.545
1.297
1.209
1.378
1.289
1.243
1.302
2.526
2.473
2.139
2.381
2.585
2.346
2.570
1.953
2.303
2.107
2.214
2.420
2.414
2.213
2.412
2.366
2.357
2.490
2.393
2.373
2.398
2.424
2.251
2.313
2.361
2.482
2.492
2.388
2.369
2.470
1.958
2.324
2.292
2.265
2.342
2.202
2.475
2.216
1.739
1.686
2.271
1.619
1.422
1.712
1.292
1.697
2.474
1.862
2.224
2.445
2.224
2.340
1.600
1.949
1.286
2.434
2.050
2.229
2.001
2.167
1.955
2.336
1.791
1.546
2.000
2.026
2.209
2.550
2.147
2.209
2.209
2.110
1.970
1.903
1.930
2.240
1.742
2.179
1.980
2.387
2.164
1.386
2.193
2.114
2.204
2.375
2.243
2.079
2.215
1.627
1.643
1.638
2.355
2.151
2.056
1.491
1.625
2.362
1.042
1.449
1.828
1.435
0.624
1.038
1.184
1.735
1.920
2.332
2.021
2.308
2.389
2.215
2.332
2.244
2.268
2.180
2.464
2.233
2.130
1.386
2.021
2.204
2.391
2.135
2.143
2.037
2.263
1.976
2.261
2.246
2.421
1.927
2.139
2.212
2.372
2.353
2.356
2.591
2.703
2.278
2.152
2.304
2.349
2.200
2.232
2.153
2.198
1.891
1.027
2.165
2.345
2.215
1.680
2.307
2.377
1.863
1.852
1.806
2.123
2.266
2.304
1.785
1.903
1.751
1.873
1.736
2.123
1.722
1.681
2.087
1.629
1.666
1.513
1.458
1.423
1.766
1.527
2.241
1.479
1.786
2.282
2.116
2.177
2.163
1.440
1.617
2.266
2.240
2.369
2.349
1.815
2.080
1.726
2.350
1.508
1.658
2.303
2.288
1.501
1.759
2.395
2.162
2.099
1.929
2.277
1.484
1.498
1.758
1.668
1.444
2.103
2.394
1.516
2.131
2.310
2.008
2.274
1.803
1.574
1.652
2.121
1.460
1.388
1.752
1.780
1.967
1.682
2.215
1.500
2.102
1.850
1.888
2.476
2.367
2.145
2.424
2.272
1.856
2.189
2.261
2.215
2.091
2.267
2.106
2.313
1.486
2.163
2.223
2.173
1.752
2.195
1.934
2.345
2.226
2.198
2.000
1.878
2.038
2.236
2.282
1.909
1.612
1.584
2.562
2.031
1.550
2.230
1.901
2.105
2.154
2.206
2.090
2.384
2.207
2.605
1.489
2.031
2.210
2.685
1.556
2.397
2.326
2.158
2.890
1.963
2.008
0.784
2.035
2.774
2.272
2.158
2.287
1.896
1.900
2.272
1.894
2.317
2.352
2.432
1.733
2.389
2.168
2.109
2.284
2.330
2.375
1.761
1.546
1.362
1.555
2.120
1.964
2.188
1.826
1.531
2.350
2.156
2.585
2.215
2.347
2.245
1.629
2.105
2.018
2.183
1.866
2.632
1.300
1.350
2.369
2.449
2.391
2.234
2.292
2.296
2.341
2.458
1.955
1.699
2.296
1.444
1.478
2.186
2.313
2.223
2.437
1.739
1.718
1.911
1.833
2.149
1.819
1.676
0.810
1.175
2.203
1.259
2.293
1.963
2.357
2.141
2.066
2.121
2.363
2.309
2.284
2.086
1.856
1.935
2.048
1.694
1.788
1.742
1.700
2.297
1.430
1.600
1.662
1.852
1.834
1.753
1.464
2.215
2.225
2.134
2.116
2.023
1.861
2.378
2.057
2.440
2.233
1.978
2.054
2.385
2.173
2.272
2.522
2.055
2.184
2.249
1.956
2.317
2.448
1.923
2.339
1.367
1.992
1.547
0.648
1.600
0.842
1.260
1.293
1.273
1.095
1.692
0.677
2.220
1.926
2.143
1.779
1.843
2.140
2.355
2.533
2.184
2.170
2.124
2.358
2.716
2.576
2.887
2.632
2.469
2.337
2.171
2.129
2.522
2.062
2.195
2.259
2.131
2.151
1.808
2.109
2.359
2.026
1.837
2.177
2.441
2.299
2.019
1.967
2.138
2.338
1.911
2.589
2.062
2.314
2.063
1.774
1.925
2.227
2.460
2.123
2.303
0.665
0.769
2.138
2.276
2.229
2.379
2.498
2.219
1.917
2.392
2.404
2.351
2.245
2.036
2.325
2.352
2.479
2.415
1.542
2.165
1.914
1.755
1.878
1.869
1.950
2.127
2.330
1.824
2.311
2.604
2.031
2.261
2.089
2.219
2.530
2.264
2.197
2.040
1.728
1.784
1.444
2.189
2.170
2.426
2.380
2.196
2.181
2.278
2.205
1.982
1.839
2.333
2.258
2.278
2.113
1.680
2.072
2.712
2.039
2.246
2.359
2.388
2.317
2.178
2.467
2.546
2.571
2.411
2.393
1.096
2.378
2.301
2.404
2.446
2.393
2.546
3.038
2.491
2.253
2.061
2.479
2.501
2.407
2.418
2.475
1.909
2.271
2.236
2.019
2.092
2.268
2.099
1.612
2.214
2.168
2.206
1.662
1.159
1.079
1.665
2.051
1.426
1.646
1.681
1.443
1.703
1.990
1.725
1.555
1.666
1.345
1.412
1.507
1.335
1.401
1.740
1.352
1.325
1.283
1.321
1.329
1.320
1.496
1.340
1.336
1.514
1.278
1.374
1.284
1.557
1.283
1.279
1.325
1.315
1.489
1.394
1.306
1.312
1.373
1.388
1.272
1.304
