25.338
25.317
25.330
25.416
25.375
25.454
26.257
26.292
26.151
26.311
25.645
26.156
26.269
26.179
26.277
26.337
28.523
28.525
28.483
28.322
28.254
28.400
27.763
28.727
28.439
28.299
28.404
28.970
29.219
28.554
28.542
29.025
28.401
28.678
28.389
28.743
28.432
27.614
28.727
28.229
27.675
27.427
28.569
28.559
28.651
28.244
27.872
27.645
27.735
27.729
27.491
27.448
27.663
27.500
27.525
27.460
27.451
27.013
27.610
27.497
27.492
27.494
27.594
27.379
27.023
26.938
26.950
26.386
27.654
27.598
27.596
27.774
28.376
28.653
27.820
27.659
26.821
27.741
26.591
28.156
27.418
28.176
28.086
28.165
28.072
28.162
27.728
27.419
26.006
25.828
27.549
27.692
27.202
26.858
27.815
27.869
27.862
25.499
26.070
27.639
27.039
25.661
25.692
24.552
24.189
24.354
24.792
24.407
24.148
24.139
24.877
24.097
24.725
24.790
24.589
24.652
24.341
24.014
24.162
22.021
23.886
24.613
24.625
24.681
24.489
24.665
24.513
24.548
24.551
24.242
24.185
24.274
24.626
24.637
24.726
24.396
22.665
22.954
25.530
25.559
25.329
26.125
26.146
25.673
25.242
24.997
24.176
24.181
23.950
22.302
24.120
24.248
21.854
22.390
22.310
23.913
23.646
23.894
23.821
23.771
24.144
23.115
23.452
23.677
23.693
23.486
23.478
23.462
23.847
23.948
24.896
23.039
25.680
23.327
24.610
26.054
24.567
23.631
24.932
24.649
24.803
25.467
25.526
23.196
25.809
26.131
26.561
26.526
26.404
26.332
24.959
25.527
25.712
25.325
25.789
25.678
25.557
25.946
25.551
25.675
26.010
25.852
25.790
26.267
26.354
26.176
26.298
26.481
26.031
26.262
26.198
26.251
26.511
27.107
27.259
27.220
26.991
27.210
27.263
27.253
27.206
27.186
27.207
26.314
26.781
26.572
26.468
26.232
26.281
26.495
26.366
26.243
26.389
26.475
26.466
25.412
25.823
24.759
26.402
26.421
26.539
26.165
26.692
25.511
26.194
21.524
20.985
22.398
26.686
26.435
27.492
27.567
27.594
27.444
27.306
27.282
27.306
26.381
24.333
22.260
23.539
22.865
26.452
25.635
22.797
22.726
23.121
23.058
22.158
22.266
22.615
21.174
19.023
21.494
22.773
21.844
21.706
22.089
22.293
23.386
23.516
23.545
23.384
23.392
23.003
22.801
22.304
22.209
22.546
22.490
22.497
21.378
21.966
22.369
21.947
22.332
22.595
22.867
22.663
20.024
20.165
23.039
22.375
22.565
22.779
23.663
23.244
23.249
23.401
23.411
23.366
22.795
23.415
23.344
23.122
22.338
21.851
22.437
22.236
22.103
22.078
21.922
21.969
22.438
19.708
23.270
22.831
22.917
22.757
23.072
22.922
22.668
23.195
22.513
23.037
22.967
22.919
21.696
21.929
22.321
22.751
22.847
22.664
22.786
22.603
23.161
22.589
22.728
22.620
22.780
22.752
22.833
22.500
22.989
22.116
22.290
22.339
22.291
22.105
22.378
21.909
23.180
22.637
22.834
22.484
22.805
22.496
22.715
21.917
22.750
22.855
23.292
22.959
22.681
22.759
22.515
22.637
22.539
22.714
22.729
22.612
22.400
22.566
22.598
22.611
22.712
22.514
22.863
22.757
22.689
22.604
22.596
22.081
22.705
22.839
21.960
22.032
22.490
22.742
22.438
22.735
22.400
22.500
22.340
21.941
21.771
21.753
21.329
21.786
21.627
21.604
21.895
21.625
21.513
21.515
21.896
22.794
22.602
22.970
22.411
22.819
22.500
23.224
23.532
23.309
23.794
23.232
23.316
23.109
23.573
23.471
23.733
23.751
23.028
23.485
22.998
22.371
22.443
22.492
22.384
21.335
21.758
21.156
21.435
21.899
23.958
22.976
22.908
22.599
22.731
22.617
23.225
22.099
23.475
22.150
21.466
21.915
22.400
22.016
21.903
22.549
21.706
22.048
21.863
22.084
21.770
22.861
22.308
22.451
22.210
22.028
23.107
22.187
22.023
22.840
23.695
23.759
23.257
24.217
23.279
23.240
22.978
22.779
22.961
21.857
22.005
23.197
23.279
22.098
22.253
22.510
21.836
22.411
22.816
22.167
23.034
22.990
22.636
21.969
22.493
22.166
22.011
22.657
23.128
22.862
22.289
23.124
22.715
23.105
22.953
23.556
23.175
23.148
21.942
22.481
22.916
23.032
23.216
22.917
22.604
22.230
22.415
22.314
22.557
22.609
22.462
22.102
20.353
22.561
22.562
22.250
22.175
22.378
22.540
22.313
23.256
23.196
23.392
22.762
23.009
22.876
22.691
21.995
22.263
22.270
22.174
21.867
22.062
22.101
21.842
22.355
21.733
22.115
23.044
21.858
21.803
22.677
21.572
21.593
21.833
21.833
21.510
22.917
22.799
21.876
22.512
22.582
22.873
21.666
22.917
22.604
22.845
21.861
21.989
22.883
22.882
22.967
22.850
22.557
22.351
22.073
22.066
21.742
21.783
22.236
22.079
22.118
22.460
22.944
22.137
22.346
22.037
21.825
21.898
22.283
22.376
22.707
22.070
22.476
22.933
22.820
22.357
22.230
22.693
22.624
21.966
22.303
22.291
22.523
22.357
22.080
22.148
22.081
21.829
23.242
23.650
22.813
23.416
23.979
23.984
23.188
23.050
22.467
22.735
23.024
22.954
22.469
23.370
22.513
23.028
23.059
23.089
23.158
23.529
23.347
23.119
23.440
23.251
23.084
22.767
23.621
23.135
21.966
22.193
22.339
21.608
22.209
20.809
22.074
22.247
21.733
22.709
22.147
22.914
22.459
22.426
22.010
21.896
21.852
20.408
21.125
20.427
18.715
18.816
18.436
18.349
18.794
18.206
18.952
18.623
22.361
21.706
22.500
22.302
22.468
22.299
22.465
23.018
22.396
22.826
22.342
21.867
22.384
22.563
21.562
21.942
21.968
21.691
22.063
21.594
21.441
21.076
21.355
19.232
19.581
20.307
19.619
17.908
17.954
18.869
18.009
18.486
18.937
15.579
17.758
18.441
18.639
17.899
17.934
17.778
17.931
18.162
17.967
18.129
17.902
18.013
18.210
18.017
18.157
18.055
18.119
18.255
17.979
18.149
17.889
17.930
17.718
17.878
17.389
17.394
17.784
16.908
17.002
16.937
16.782
17.196
16.780
16.833
16.876
14.052
17.207
16.959
17.425
17.216
17.074
17.225
17.024
16.712
16.786
17.714
18.049
18.047
17.924
18.122
17.306
18.365
15.407
15.434
16.745
17.909
17.762
18.004
17.851
18.037
17.953
17.870
18.303
18.179
18.174
18.617
17.921
17.651
17.975
18.173
17.989
17.650
17.694
17.797
17.899
17.363
17.480
17.340
17.303
17.320
17.575
17.376
17.527
17.482
17.659
17.607
17.370
17.484
17.754
16.128
17.342
17.368
17.892
17.765
17.435
16.242
17.297
17.594
18.339
18.130
17.729
18.354
18.409
18.382
17.933
18.185
18.226
18.284
18.252
18.264
17.397
17.215
17.498
17.471
17.474
17.536
17.631
17.446
17.554
17.206
17.353
17.219
17.354
17.139
17.516
17.350
17.567
17.595
17.391
17.380
17.348
17.320
17.023
16.724
16.867
17.317
17.464
17.324
17.199
17.377
17.377
17.715
16.969
17.507
16.416
17.108
17.321
17.368
17.246
17.356
17.653
17.566
17.780
17.238
17.469
17.246
17.282
17.947
15.044
14.871
14.884
14.937
15.324
15.470
15.324
15.468
14.581
14.961
15.064
15.254
15.105
15.564
15.679
15.818
14.587
15.045
15.693
15.507
12.522
14.887
17.417
17.386
17.498
17.465
17.267
17.446
17.406
17.478
17.367
17.395
17.530
17.533
17.564
17.388
17.359
17.456
17.490
17.295
17.358
17.246
17.383
17.361
17.358
17.473
17.160
17.318
17.314
17.241
17.450
17.322
17.653
17.565
17.562
17.606
17.468
17.282
17.477
17.540
17.477
17.561
17.824
17.619
17.741
17.800
17.575
17.607
17.535
17.401
17.629
17.348
17.181
17.492
17.397
17.228
16.550
17.632
17.673
17.314
17.695
17.944
17.165
17.597
17.452
17.558
17.755
17.404
17.392
17.477
17.292
17.314
17.420
16.989
17.637
17.371
17.543
17.430
17.416
17.356
17.470
17.674
17.725
15.918
14.755
15.358
15.267
15.550
15.982
15.184
17.477
17.535
17.678
17.624
17.998
17.781
17.470
17.588
17.419
17.688
17.128
17.409
17.587
17.424
17.442
17.674
17.696
17.427
17.615
17.672
17.443
17.523
17.081
16.687
17.413
17.392
17.438
17.654
17.456
17.868
17.450
17.164
17.353
15.885
14.904
17.327
15.799
17.456
17.431
17.391
16.969
17.715
17.240
16.900
16.831
17.546
17.565
17.493
17.018
17.870
18.395
17.761
18.341
18.225
18.338
18.314
18.900
18.438
18.538
18.346
18.503
18.501
16.107
15.799
15.576
15.955
16.515
18.492
18.850
18.797
18.383
18.520
18.265
18.245
18.422
18.300
18.479
18.685
18.362
18.566
17.646
17.771
17.614
17.554
17.900
17.751
17.788
17.892
17.624
17.686
18.221
17.518
17.700
17.675
17.665
17.558
17.690
17.416
17.767
17.612
17.493
17.618
17.802
17.317
17.319
17.481
17.711
17.828
17.750
17.609
17.546
17.439
17.384
17.779
17.776
17.907
17.572
17.868
17.444
17.374
17.538
17.908
17.645
17.511
17.360
17.700
17.707
17.931
17.502
17.537
17.291
16.941
17.603
17.766
17.758
17.651
17.533
17.589
18.023
17.429
17.427
17.120
17.176
17.358
17.492
17.330
17.386
17.122
16.951
17.263
17.409
17.236
17.103
17.283
17.426
17.442
17.512
17.355
17.119
17.398
16.470
17.017
16.933
16.863
16.889
16.710
16.906
16.844
16.933
16.527
17.089
16.520
16.728
16.918
16.898
17.091
16.949
16.855
16.764
16.933
16.437
16.433
16.379
16.342
16.177
16.414
16.403
16.323
16.493
16.152
16.853
16.381
16.310
16.292
16.595
16.437
16.451
16.564
16.519
16.279
16.357
16.387
16.646
16.426
15.686
16.039
16.630
17.301
17.667
16.426
17.812
17.250
18.393
17.774
17.385
17.410
17.233
17.452
17.284
17.953
17.507
17.749
17.501
17.896
17.762
16.817
17.157
17.990
17.435
17.452
17.476
17.300
17.646
17.602
17.372
16.985
16.756
17.201
18.410
17.701
17.662
17.400
17.352
17.537
17.234
15.118
17.543
17.565
17.166
17.244
17.270
17.250
17.460
17.332
17.387
17.418
17.938
17.645
17.649
17.246
17.426
17.624
17.892
17.263
17.419
17.449
17.549
16.401
16.415
16.676
16.925
17.163
17.149
17.392
16.416
16.357
16.545
16.973
16.945
16.360
16.538
16.465
17.011
16.555
16.977
16.587
16.643
16.559
16.340
16.509
16.600
16.290
16.432
16.387
16.561
16.346
16.646
16.627
16.158
16.558
16.461
16.502
16.211
16.561
16.646
16.303
16.437
16.417
16.560
16.672
16.392
16.645
16.614
16.595
16.822
16.543
17.003
16.488
16.725
16.505
16.524
16.464
16.142
16.697
16.536
16.404
16.367
16.287
16.422
16.651
16.407
16.588
16.715
16.840
16.692
16.555
16.519
16.753
16.811
16.982
16.634
16.805
16.712
16.939
16.837
17.015
16.591
16.538
16.419
16.724
16.715
16.421
17.000
16.543
16.792
16.594
16.923
16.752
16.887
16.875
16.835
16.675
16.967
16.795
16.518
16.483
16.929
16.664
16.887
16.865
16.765
16.625
16.890
16.883
16.707
16.787
16.894
16.744
16.810
16.952
16.904
17.077
16.645
16.550
16.475
16.922
17.071
16.906
16.697
16.661
16.538
16.784
16.651
16.534
17.057
16.771
16.929
16.814
16.854
16.709
16.646
16.748
16.782
16.923
16.995
16.554
16.570
16.514
16.658
16.376
16.479
16.442
16.272
16.412
16.503
16.445
16.535
16.522
16.479
16.403
16.207
16.753
16.440
16.505
16.525
16.136
16.779
16.389
16.437
16.801
16.487
16.682
16.620
16.408
16.522
16.810
16.683
16.742
16.006
16.531
16.287
16.738
16.822
16.572
16.921
16.798
16.568
16.460
16.350
16.254
16.076
16.615
16.279
16.520
16.520
16.306
16.511
16.854
17.042
16.930
16.142
16.446
16.307
16.347
16.413
16.415
16.759
16.117
16.330
16.343
16.369
16.230
16.604
16.136
16.885
16.653
16.560
16.436
16.469
16.650
16.399
16.394
16.348
16.258
16.584
16.449
16.410
16.815
16.345
16.342
16.700
16.469
16.861
16.421
16.339
16.233
16.342
15.879
16.275
16.289
16.289
16.323
16.714
16.343
16.259
16.143
16.459
16.326
15.968
16.290
16.391
16.217
16.288
16.131
16.326
16.611
16.726
16.431
16.465
16.427
16.330
16.221
16.325
16.385
13.473
15.857
15.524
15.890
16.133
15.956
16.437
16.325
16.343
16.298
16.322
15.861
16.372
17.329
17.695
16.709
17.048
16.901
17.238
17.396
16.333
16.564
15.856
16.699
17.056
16.733
15.930
16.266
16.468
16.687
16.571
16.593
16.481
16.633
16.720
16.603
16.722
16.448
16.507
16.725
16.986
17.044
16.572
16.668
16.587
16.613
17.011
16.623
16.437
16.827
17.129
17.398
17.103
17.373
17.742
17.718
17.711
17.716
17.598
17.466
17.555
17.798
17.695
17.559
17.521
17.636
17.466
17.729
17.600
17.672
17.502
17.448
17.615
17.515
17.535
17.047
17.293
17.635
17.611
17.535
17.661
17.664
17.493
17.649
17.881
17.241
17.505
17.505
17.824
17.683
17.785
17.611
17.584
17.594
17.704
17.608
17.219
17.631
17.665
17.677
17.590
17.747
17.799
17.706
17.555
17.483
17.163
17.326
16.652
17.294
16.849
17.040
16.518
16.674
16.629
16.558
17.021
16.548
16.765
16.432
16.724
16.916
16.691
16.337
16.905
16.962
16.546
16.583
16.655
16.998
16.480
16.788
16.455
16.974
16.426
16.654
16.732
16.674
17.135
16.808
16.482
17.294
16.612
17.071
17.021
17.018
16.904
16.826
14.483
12.417
16.266
16.898
16.955
15.783
17.110
17.176
16.649
16.796
16.438
15.018
17.088
15.340
16.801
16.916
17.015
15.674
16.953
17.245
16.144
16.805
17.422
16.501
16.750
12.854
15.679
13.765
14.411
14.925
14.748
14.370
13.676
16.376
16.479
16.313
16.612
16.213
14.114
14.521
15.147
16.270
15.141
15.939
15.461
15.393
16.476
16.681
15.909
13.921
13.662
13.356
14.656
13.574
13.569
14.271
14.072
13.678
13.833
13.415
16.308
16.347
16.253
16.686
16.361
15.905
16.321
16.410
16.304
16.300
14.112
16.267
16.273
13.532
13.882
15.196
15.018
13.698
15.385
16.134
16.161
16.485
16.544
16.347
16.382
16.525
16.553
16.059
16.275
16.415
16.577
16.443
16.386
16.289
16.519
16.479
16.643
16.446
16.972
16.450
16.509
15.677
16.302
16.351
16.226
16.534
16.455
15.872
15.910
16.880
15.609
15.740
14.658
14.805
14.577
15.000
12.934
12.418
12.655
13.214
14.601
14.457
14.874
15.012
14.732
14.842
14.719
14.561
14.804
14.719
15.015
14.832
14.501
15.246
15.400
14.788
15.012
15.526
15.124
15.313
14.866
14.635
15.177
14.613
14.939
15.198
14.683
13.580
14.289
14.047
13.713
14.368
13.849
14.473
12.364
13.456
15.102
15.167
14.570
14.855
14.899
14.607
14.958
14.785
14.980
15.006
14.831
15.543
15.272
15.384
15.586
15.762
15.564
15.602
16.653
16.793
16.473
16.430
16.373
13.900
13.866
13.842
16.449
16.379
16.750
16.442
16.437
16.354
16.994
15.643
15.376
15.040
15.566
15.482
15.806
15.614
16.493
16.658
16.601
16.845
16.983
16.635
16.818
16.741
16.320
14.741
14.353
14.891
15.675
14.951
16.923
16.856
16.809
16.690
16.428
16.542
16.691
16.618
16.562
16.646
16.675
16.346
16.613
16.559
14.323
15.285
16.746
16.252
16.462
18.147
17.667
15.818
16.473
16.391
15.993
15.843
15.732
15.702
16.316
17.285
15.871
16.202
15.780
15.988
16.339
15.889
15.860
15.808
15.922
16.210
16.015
16.345
15.857
16.188
16.106
15.680
15.956
15.753
15.620
15.921
15.998
16.000
18.440
18.224
18.517
17.960
18.512
17.874
18.490
17.842
18.543
18.582
18.397
17.934
18.565
18.574
18.683
18.552
18.456
18.928
18.800
18.431
18.677
18.406
18.920
19.057
18.847
18.764
17.936
19.130
18.615
18.596
18.930
19.164
18.810
20.117
20.704
20.769
17.367
18.151
17.275
20.638
20.140
19.890
20.258
20.458
19.712
19.092
18.900
19.043
19.247
19.409
18.963
18.987
18.924
19.186
18.927
17.464
19.604
19.132
18.464
18.344
17.785
18.389
19.235
18.684
16.338
17.882
19.134
17.536
17.378
19.579
19.440
19.322
20.186
23.245
21.139
20.884
21.797
24.035
21.435
22.265
20.773
20.875
20.605
21.468
23.468
23.455
23.311
23.267
23.575
23.151
24.224
23.568
23.516
23.767
23.877
23.489
23.913
23.571
23.712
24.149
23.606
23.673
23.449
23.400
23.417
23.535
23.374
23.261
23.568
23.786
23.672
23.516
23.837
23.477
23.592
23.455
23.601
23.465
23.824
23.645
22.994
23.475
23.646
23.342
21.390
23.309
23.256
22.929
23.530
23.935
23.458
23.997
22.850
23.486
23.505
23.854
23.412
23.395
23.355
21.762
21.289
22.015
23.350
23.655
22.118
23.426
23.512
21.331
23.598
23.661
23.459
23.438
23.310
23.413
23.348
23.925
23.676
23.396
23.474
24.017
23.311
21.914
23.734
23.542
23.514
23.139
23.901
23.058
24.108
23.486
23.493
23.725
23.433
23.482
23.742
23.797
23.611
21.759
20.778
20.001
21.968
21.179
20.989
21.098
21.411
21.367
21.230
21.674
21.087
21.312
21.840
21.106
22.601
23.247
23.568
23.864
23.702
23.581
23.622
23.629
22.899
23.735
23.603
23.256
23.704
23.661
23.651
24.084
23.762
23.788
23.723
23.961
23.679
23.896
23.736
23.573
23.681
23.619
23.555
23.898
23.768
23.424
23.366
23.444
23.403
23.974
23.355
23.668
23.504
23.646
24.081
23.549
23.834
23.781
23.831
23.648
23.381
23.616
23.633
23.765
23.631
23.709
23.573
24.085
23.628
23.441
23.708
23.659
23.547
23.339
23.572
23.724
23.559
23.781
23.630
23.697
23.609
23.735
23.793
23.519
23.399
23.101
23.680
23.487
23.680
23.526
23.413
23.532
23.330
23.616
23.667
23.415
23.107
23.279
23.611
23.840
23.478
23.493
23.557
23.715
23.359
23.397
23.602
22.832
22.101
22.700
23.587
23.576
22.526
21.546
23.229
23.517
23.573
23.324
23.784
20.801
23.641
23.602
23.549
23.442
23.386
23.385
23.575
23.406
23.417
23.349
23.324
23.507
23.453
23.488
23.499
23.657
23.440
23.343
23.363
23.456
23.498
23.530
23.475
23.281
23.169
23.534
23.377
23.443
23.307
23.115
23.507
23.599
22.875
23.549
23.531
23.532
23.501
23.734
23.568
23.183
23.489
23.358
23.746
23.488
23.700
23.690
23.905
23.768
22.521
23.574
23.783
23.601
23.583
23.723
23.544
23.830
23.761
23.510
23.634
23.391
23.395
23.422
23.552
22.875
23.120
23.528
23.235
23.359
23.359
23.382
23.840
23.385
23.184
22.949
23.541
23.658
23.382
23.504
23.425
23.335
23.648
23.900
23.639
23.651
23.571
23.743
23.879
22.985
22.427
22.918
22.569
22.026
22.409
23.557
23.397
23.359
20.949
21.292
20.857
21.292
22.498
22.339
22.093
22.757
22.087
21.361
23.554
23.357
23.236
23.636
23.590
23.309
23.705
23.005
23.264
22.392
23.458
23.587
23.402
23.283
23.420
23.453
23.530
23.482
23.589
23.200
23.463
23.274
23.503
23.458
23.493
23.469
23.419
23.277
23.395
23.218
23.035
23.321
22.978
23.428
23.715
23.580
23.160
23.356
23.391
24.125
23.413
23.823
23.517
23.058
23.200
23.319
23.441
23.271
23.585
23.194
23.468
23.430
23.071
23.528
23.182
23.324
23.381
23.446
23.621
23.245
23.195
23.286
23.575
23.376
23.455
23.450
23.404
23.505
23.534
23.541
23.283
23.394
23.382
23.280
23.375
23.458
23.568
24.327
23.574
23.637
23.477
23.579
23.746
23.865
23.861
23.624
23.162
23.291
23.505
23.606
23.706
23.774
23.467
23.447
23.717
23.462
23.405
23.664
23.705
23.419
23.420
23.514
23.318
23.531
23.484
23.335
23.371
23.335
23.601
23.491
23.407
23.684
23.867
23.492
23.612
23.577
23.495
23.559
23.394
23.378
23.376
23.496
23.308
23.562
23.493
23.443
23.484
23.405
23.357
23.482
23.326
23.402
23.435
23.722
23.375
23.515
23.545
23.586
23.578
23.572
23.598
23.556
23.736
23.531
23.762
23.435
23.396
23.366
23.706
23.547
23.412
23.369
23.589
24.511
23.954
23.804
23.541
23.151
23.608
23.900
23.513
23.549
23.408
23.180
23.647
23.705
23.376
23.696
23.695
23.677
23.355
23.336
23.888
23.495
23.818
23.805
23.018
23.437
23.562
23.298
23.550
23.569
23.454
23.513
23.624
23.489
21.965
23.730
23.765
23.749
23.733
23.670
23.277
23.518
23.803
23.549
23.736
23.489
23.529
23.577
23.257
23.305
23.610
23.415
23.468
23.482
23.138
23.386
23.411
23.288
23.277
23.598
23.576
23.444
23.449
23.319
23.324
23.274
23.434
23.500
23.749
23.428
23.504
23.928
23.690
23.605
23.562
23.397
22.682
23.359
23.475
23.761
24.500
24.513
24.538
24.616
24.911
24.473
24.825
24.806
24.635
24.336
24.347
24.384
24.218
24.568
23.943
24.481
24.527
24.524
24.613
24.403
24.570
24.440
24.013
24.360
24.428
24.397
24.332
24.375
24.856
24.516
24.362
24.449
24.439
24.454
24.535
24.315
24.157
24.589
24.599
24.809
24.899
24.574
24.541
24.505
25.009
25.098
24.693
24.653
24.797
24.470
24.443
24.556
24.697
24.539
24.640
24.619
24.683
25.003
24.580
24.526
24.583
24.672
24.673
25.098
24.531
24.860
24.259
24.531
23.848
24.301
24.633
24.568
24.777
24.145
24.623
24.399
24.580
24.586
24.550
24.382
24.555
24.460
24.287
24.473
23.008
24.405
24.203
24.587
24.386
24.527
24.572
24.669
24.347
24.431
24.552
24.189
24.468
24.404
24.522
24.380
24.584
24.629
23.973
24.069
23.855
23.152
22.769
22.946
22.958
23.080
24.223
23.621
24.172
23.815
23.836
23.428
23.688
23.945
24.335
24.225
23.526
23.828
23.856
23.620
23.749
24.119
23.900
24.332
24.372
24.077
24.308
24.258
24.344
23.732
24.060
23.458
24.199
24.376
23.764
24.249
24.408
24.134
24.544
23.597
23.721
24.397
24.196
23.697
23.675
24.195
24.260
24.829
24.347
24.423
23.690
24.290
24.433
24.410
23.613
24.371
24.432
24.495
22.520
23.448
24.411
24.499
24.351
24.381
24.482
24.408
24.730
24.269
24.074
24.572
24.387
24.077
24.346
24.304
24.909
24.332
24.600
24.623
24.396
24.460
24.953
25.161
25.387
25.333
25.449
26.325
25.335
24.372
24.307
25.105
24.552
24.896
25.107
25.551
25.729
25.318
26.102
25.698
26.045
25.372
25.250
25.382
24.419
24.798
25.698
25.500
25.311
25.577
25.466
25.524
25.567
25.561
25.509
25.445
25.627
25.398
25.534
25.529
25.699
25.347
25.436
25.158
25.149
24.832
25.271
24.935
25.033
25.043
25.116
25.256
24.362
25.818
24.437
23.797
24.788
24.450
22.378
24.376
23.964
24.783
24.141
23.244
23.870
25.332
23.419
23.840
23.029
23.389
24.516
23.440
24.907
24.079
24.038
23.983
24.346
24.550
24.212
24.850
23.936
24.087
24.802
23.681
23.823
24.090
24.388
25.153
24.730
24.690
24.192
24.282
24.113
24.368
24.260
24.666
24.584
24.370
24.406
24.549
24.304
24.525
24.699
24.379
24.414
24.380
24.353
24.386
24.381
23.887
24.311
24.441
24.327
24.454
24.381
24.381
24.412
24.293
24.075
24.289
23.519
23.566
24.028
23.562
22.290
21.438
21.629
21.124
21.288
20.915
19.758
19.658
21.652
20.990
21.363
20.547
21.615
20.601
21.483
20.725
21.234
20.923
21.091
21.278
21.314
23.591
21.185
20.739
23.206
23.622
23.525
23.582
23.311
23.442
23.700
23.465
23.515
23.300
23.667
21.816
21.894
24.111
23.494
23.609
22.751
20.681
21.181
23.311
22.713
22.194
22.140
22.275
22.355
21.196
21.086
21.454
20.554
20.657
20.499
20.398
20.430
20.416
21.074
20.728
20.729
20.832
20.420
21.153
20.872
20.445
20.497
20.411
20.643
19.969
19.532
20.495
18.152
19.957
20.157
20.304
20.423
20.263
18.812
20.498
20.491
19.716
20.458
19.511
21.523
18.839
21.216
21.358
21.209
20.270
21.380
20.617
20.962
21.066
20.997
20.879
21.359
20.283
21.445
18.209
20.648
21.842
18.747
21.416
20.582
21.080
21.145
21.637
21.279
18.787
18.570
18.801
18.842
19.255
17.387
17.974
18.438
18.447
19.376
21.208
21.473
21.366
20.402
21.200
21.469
21.215
21.399
21.471
21.162
21.459
18.337
18.641
18.528
19.791
19.803
20.551
19.669
18.248
18.746
19.064
19.446
21.083
21.290
21.201
21.368
21.568
20.648
20.875
21.411
21.096
21.006
21.161
21.004
21.114
21.336
21.177
20.717
21.273
21.335
20.776
20.985
20.671
21.008
20.940
21.207
21.154
21.018
21.237
20.556
20.764
21.238
21.231
19.885
19.738
19.665
20.607
20.748
20.735
21.001
20.453
20.835
20.311
20.393
20.330
20.275
20.564
20.346
20.136
20.259
20.282
20.268
20.219
20.272
20.299
20.375
20.240
20.184
20.228
20.322
20.291
20.207
20.426
20.257
20.298
20.258
19.781
19.789
19.634
20.601
19.809
20.251
19.383
19.349
19.175
19.666
20.204
19.062
19.589
19.577
19.808
19.837
20.583
19.599
20.426
20.040
19.597
20.012
20.247
20.181
19.917
19.871
18.076
17.999
18.043
17.952
17.909
18.273
17.798
17.687
17.646
17.446
15.934
17.421
17.897
17.578
19.084
18.450
19.362
19.432
15.737
16.365
16.732
16.861
16.715
16.517
16.913
17.501
17.296
16.765
16.711
16.678
16.438
17.267
16.889
18.935
18.171
16.668
17.036
15.871
16.714
18.905
17.579
16.042
16.348
17.174
16.411
16.554
16.802
17.088
15.632
17.377
16.100
18.105
16.573
17.735
16.990
17.492
16.692
17.431
16.343
16.165
16.035
17.554
16.850
16.246
18.356
18.441
18.396
18.703
18.593
18.528
19.047
18.398
18.691
17.703
18.242
18.748
18.557
18.318
18.384
18.470
18.443
18.476
18.291
18.298
18.343
18.803
18.538
18.435
18.523
18.620
18.595
18.681
18.350
18.392
18.346
18.831
18.762
19.046
18.853
18.601
18.898
19.183
19.078
18.426
20.252
21.035
20.341
20.564
20.165
20.175
20.168
20.360
20.388
20.349
20.269
20.545
20.322
20.346
20.391
20.420
20.458
20.787
20.999
19.879
20.293
20.442
20.678
21.498
21.588
21.574
21.522
21.504
21.312
21.579
21.369
21.410
21.419
21.580
21.228
21.436
21.541
21.414
21.494
21.313
21.720
21.412
21.281
21.454
21.532
21.568
21.500
21.376
21.293
21.349
21.487
21.355
21.442
21.387
21.309
21.475
21.533
21.328
21.689
21.394
21.572
21.391
21.531
21.509
21.576
21.531
21.489
21.597
21.559
21.548
21.420
21.424
21.427
21.487
21.487
21.419
21.830
21.634
21.551
21.835
21.688
21.496
21.699
21.495
21.583
21.507
21.527
21.667
21.510
21.613
21.360
21.357
21.379
21.425
21.445
21.674
21.476
21.454
21.503
21.516
21.346
21.562
21.517
21.542
21.457
21.686
21.660
20.923
20.880
20.823
20.661
21.304
20.971
21.176
20.588
20.575
20.916
20.848
20.736
20.665
20.671
18.923
20.678
20.665
21.355
20.901
20.906
20.975
20.793
19.761
20.685
20.844
21.241
20.469
20.906
20.710
21.274
20.881
20.495
20.670
21.246
21.194
20.727
21.164
21.038
20.511
20.673
20.895
20.737
20.610
20.670
20.919
21.579
20.772
20.741
20.771
20.886
21.113
20.899
21.306
20.766
21.066
19.033
20.996
21.402
19.436
19.164
21.314
20.124
21.076
20.777
20.654
20.706
20.953
20.772
20.688
20.960
21.231
20.842
20.901
21.053
19.741
19.368
20.814
20.780
20.891
20.646
20.595
20.763
20.691
20.799
20.668
20.740
20.823
20.853
20.619
21.575
21.359
21.203
20.863
20.988
21.126
21.340
21.363
20.704
20.562
20.603
19.627
19.572
19.511
19.569
18.802
19.125
18.957
20.281
19.335
20.567
19.053
20.903
20.522
20.504
20.706
20.704
20.631
20.996
21.123
21.015
20.798
20.768
20.735
20.453
20.722
21.162
19.877
20.626
20.635
20.694
20.520
20.665
20.446
20.394
20.717
20.663
20.557
21.675
19.314
20.889
20.240
20.620
20.532
20.705
20.788
20.481
20.662
20.839
21.158
20.759
20.793
20.732
20.626
20.484
20.670
20.573
20.855
20.846
20.562
21.249
20.682
20.873
21.002
20.719
20.969
21.516
21.046
21.128
20.934
20.846
21.205
21.105
21.123
20.807
20.635
20.610
20.476
21.043
20.760
20.633
21.030
21.149
21.525
20.794
21.400
20.523
21.240
20.555
20.759
20.647
20.555
20.586
20.798
20.573
20.827
20.931
20.697
21.110
20.843
20.677
21.280
20.785
20.547
21.173
20.963
20.710
20.445
21.384
21.371
21.033
21.364
20.913
21.294
21.489
20.752
20.985
21.009
21.434
21.655
21.319
21.451
20.662
20.748
20.851
21.322
21.054
20.932
20.934
21.043
21.512
21.192
21.742
20.701
20.757
20.692
20.806
20.717
21.454
21.677
21.203
20.671
20.563
20.685
20.972
20.825
20.748
20.753
20.773
21.009
21.035
21.581
21.144
20.532
20.914
20.845
20.804
17.965
19.511
20.833
20.976
20.792
20.788
20.738
20.807
20.759
20.667
21.655
20.729
21.473
21.043
20.728
20.800
21.144
20.689
20.727
21.032
20.566
21.049
20.700
21.176
20.903
21.156
21.128
21.068
20.633
20.860
20.896
21.522
21.237
21.129
20.622
20.997
21.290
21.152
21.415
21.110
20.562
20.716
21.147
21.365
21.259
20.959
20.326
20.603
20.389
20.539
20.535
20.403
20.291
20.461
20.455
20.086
20.287
20.491
20.653
20.762
20.607
20.626
20.710
20.751
21.509
20.744
20.597
20.802
20.636
20.375
20.381
20.580
20.453
20.643
20.760
20.404
20.500
21.055
21.206
21.253
21.241
20.469
21.334
21.447
21.356
20.746
21.450
21.153
20.664
20.211
20.593
20.513
19.932
20.947
20.022
20.415
20.533
20.490
20.639
20.760
20.533
20.573
20.731
21.273
21.632
21.429
21.271
21.502
21.436
21.615
21.525
21.503
21.360
21.362
21.262
21.469
21.236
21.112
21.257
21.306
21.401
21.288
21.554
21.301
21.252
21.370
21.372
21.631
21.411
20.577
21.185
20.834
20.671
20.780
20.718
20.538
20.396
20.637
20.737
21.010
20.916
20.420
21.338
21.095
21.061
20.781
20.913
21.303
21.904
21.440
21.260
21.382
21.325
21.192
21.109
21.226
21.151
20.484
20.308
20.432
20.244
20.351
20.422
20.340
20.454
19.522
20.584
20.323
20.365
20.477
20.320
20.722
20.838
20.939
21.224
20.893
21.208
21.152
21.438
21.508
21.786
21.309
21.207
22.519
23.373
22.378
21.967
21.798
22.413
21.350
23.518
23.431
23.352
23.168
23.135
23.125
23.230
23.245
23.263
23.456
23.511
23.743
23.183
23.550
22.517
23.071
22.312
23.445
23.203
21.828
22.864
23.022
23.385
22.201
23.639
22.706
21.547
23.142
22.531
22.472
22.601
23.588
23.253
21.799
23.599
22.440
22.962
23.300
23.594
23.420
23.034
23.390
23.514
23.135
23.529
22.593
23.386
23.478
23.565
23.449
23.496
23.363
23.463
22.305
23.418
23.410
23.495
22.611
23.115
23.565
23.329
23.340
23.436
23.244
23.366
23.240
23.505
23.431
23.355
23.559
23.420
23.574
23.433
22.980
23.029
21.515
22.636
22.512
22.655
23.286
21.077
22.311
22.783
21.451
21.540
21.758
21.521
20.909
21.376
21.749
21.159
21.726
20.783
20.703
20.668
21.129
21.017
20.881
20.521
21.254
20.591
22.381
19.814
21.350
21.892
21.776
20.316
21.201
20.494
20.704
20.863
20.782
20.488
20.408
20.478
20.899
20.608
20.916
21.054
20.734
20.656
20.962
20.780
21.022
20.792
20.608
20.748
20.591
21.033
21.111
21.053
21.252
20.753
20.817
20.582
20.537
20.934
20.621
20.725
19.968
20.370
18.129
19.608
19.717
20.422
20.034
19.516
20.051
19.707
20.221
19.618
19.516
20.391
21.054
20.872
21.047
20.839
21.106
20.825
20.695
20.641
21.219
21.027
20.854
20.436
21.164
20.967
21.630
22.285
20.720
21.087
20.612
22.774
22.852
22.578
22.560
22.555
22.357
22.736
22.507
22.526
22.471
22.464
22.224
19.580
22.467
20.688
20.576
20.493
21.591
21.072
22.294
22.648
22.281
22.677
21.304
22.517
22.503
22.262
22.854
21.801
22.866
22.540
22.876
22.281
22.393
22.419
22.086
22.356
20.937
20.478
20.841
20.541
20.328
20.889
20.984
21.080
20.464
20.725
20.691
20.345
20.060
20.478
20.412
20.459
20.446
20.723
20.876
20.408
20.396
20.479
21.262
21.398
21.801
20.204
20.435
19.745
20.198
20.148
20.525
20.289
20.162
20.336
20.424
20.442
20.322
20.305
20.327
20.317
20.599
20.293
20.300
20.374
20.376
20.386
20.413
20.432
20.485
20.088
21.028
20.578
20.574
20.662
18.304
17.825
17.848
17.762
17.096
16.816
16.656
16.572
16.639
17.409
16.622
16.645
16.638
16.777
16.664
16.784
17.627
17.829
17.433
17.493
16.684
17.778
16.962
17.288
17.624
17.389
16.960
17.817
16.842
16.766
16.683
17.719
16.697
16.769
17.032
17.444
17.229
17.485
16.790
17.118
16.611
16.020
16.013
16.172
16.009
16.398
15.804
15.948
15.671
16.071
16.319
15.686
15.749
15.669
16.837
15.570
15.540
16.559
16.794
15.591
17.872
15.742
16.697
16.273
17.848
17.893
17.955
17.294
15.530
15.577
15.518
15.903
15.687
15.720
16.020
15.820
15.683
16.720
15.889
15.560
15.459
15.683
15.511
15.425
15.744
16.926
16.177
16.571
16.089
15.942
16.188
16.112
15.980
15.848
15.404
16.671
15.696
17.111
16.667
16.510
16.658
16.516
16.573
16.080
16.667
16.127
16.702
16.382
16.593
16.488
17.471
16.745
16.706
16.651
16.408
16.448
16.534
16.316
16.952
16.495
16.725
16.455
16.469
16.492
16.602
16.020
16.487
16.510
16.741
16.696
17.094
16.853
16.702
16.421
16.471
16.648
16.678
16.496
16.663
16.028
16.618
16.919
16.710
16.594
17.086
16.611
16.887
16.736
16.720
16.750
16.878
17.018
17.074
16.891
16.765
16.744
16.747
16.895
16.315
16.904
16.875
16.740
16.720
16.771
16.741
16.683
16.781
17.295
17.419
16.746
16.817
16.886
16.890
17.762
16.777
16.900
16.830
16.751
17.633
17.004
16.997
17.324
17.168
16.922
17.670
17.479
17.565
17.404
16.583
16.761
16.390
15.565
15.704
15.745
16.040
15.632
16.108
16.179
16.728
16.853
17.037
16.690
15.740
16.771
15.777
15.631
16.176
17.254
16.560
16.731
16.388
16.449
16.736
16.681
16.649
16.184
14.165
16.261
15.661
15.660
15.698
16.036
15.779
15.939
16.015
16.034
15.593
15.436
15.911
15.824
16.152
15.748
16.911
17.140
16.879
17.031
16.640
16.660
16.788
16.670
16.687
16.926
16.847
16.795
16.555
16.671
16.622
16.695
16.972
16.439
16.572
16.650
16.850
16.944
17.113
16.591
16.704
16.465
16.809
16.592
16.630
17.042
16.375
16.974
17.103
16.751
16.968
16.811
16.680
16.659
16.851
16.740
16.877
16.722
16.847
16.772
16.658
17.398
16.891
16.711
16.732
16.695
16.732
16.482
16.854
16.987
16.446
17.230
17.071
16.811
16.695
16.820
17.156
17.264
17.171
17.402
17.516
16.897
17.087
17.260
17.096
17.343
17.139
17.180
15.604
16.604
16.320
16.558
16.818
16.714
16.037
14.999
15.888
15.481
16.197
16.317
16.370
16.766
17.053
16.868
16.522
17.143
16.850
16.964
16.827
16.698
16.204
15.691
15.975
16.482
16.046
15.597
16.078
15.910
15.826
15.790
15.596
16.441
15.872
15.600
15.768
15.857
15.939
15.866
16.095
16.080
16.566
15.729
16.107
15.818
15.714
15.631
15.852
16.424
15.644
15.976
15.761
15.335
15.421
15.315
15.253
15.358
15.526
15.391
15.415
15.485
15.573
15.316
15.183
15.176
15.297
15.340
15.135
15.164
15.511
15.669
15.569
15.510
15.536
15.928
15.343
15.445
15.751
15.326
15.706
15.549
15.498
16.004
15.767
15.947
15.656
16.004
15.620
15.865
15.923
15.596
15.675
15.582
15.427
14.857
15.398
15.564
15.793
15.394
14.466
15.137
15.313
14.797
15.351
15.557
15.304
14.930
14.982
15.255
15.600
15.655
15.619
15.624
15.207
15.042
16.063
15.926
15.838
15.358
15.352
16.103
15.288
14.920
15.589
15.427
15.104
15.319
15.501
15.728
15.547
15.477
15.449
15.735
15.432
15.580
15.714
14.867
14.635
15.644
15.062
15.439
15.354
15.296
15.540
15.555
15.617
15.658
15.785
15.926
15.333
15.569
15.373
15.626
15.491
15.512
15.466
15.116
14.046
15.865
15.650
14.423
15.687
15.496
15.498
15.481
14.120
14.338
14.833
14.238
15.422
15.406
15.850
15.618
15.426
15.684
15.263
16.033
16.049
16.111
15.879
15.652
15.985
15.124
15.890
16.334
15.700
15.499
15.155
16.782
16.580
16.546
16.366
16.692
16.867
16.524
16.597
16.338
16.653
16.586
16.636
16.819
16.387
16.881
16.062
16.681
16.638
16.578
16.473
16.679
16.287
16.764
16.507
15.716
16.391
16.471
16.528
16.546
16.810
16.532
16.423
16.585
16.643
16.573
16.464
16.081
16.501
16.356
16.944
15.858
16.541
16.369
16.787
16.379
16.644
16.623
16.664
16.619
16.220
16.759
16.622
15.812
15.923
16.584
16.700
16.444
16.471
16.300
14.578
16.733
16.749
16.510
15.512
15.783
15.769
16.723
16.545
15.310
15.998
16.561
15.928
16.813
16.941
16.730
15.967
15.493
16.193
16.658
16.066
15.954
15.409
16.550
16.600
16.652
16.723
16.439
15.173
15.863
15.709
16.663
16.615
16.434
14.622
15.594
16.101
16.117
16.612
16.618
15.841
16.170
16.651
16.598
14.923
16.539
16.341
15.448
16.405
16.660
15.589
16.198
16.372
15.139
15.725
16.133
16.434
16.338
16.499
15.968
15.850
15.028
16.418
16.710
15.442
16.469
15.674
16.161
16.687
16.282
15.136
15.381
15.793
17.032
14.848
16.342
15.215
16.756
16.624
15.682
16.212
16.216
15.501
15.940
16.032
16.787
16.677
16.226
16.512
16.386
15.763
15.735
15.580
15.853
15.203
15.753
15.899
15.957
16.228
15.694
15.306
15.642
16.600
15.383
16.301
16.229
16.016
15.870
16.317
16.985
16.259
16.768
16.552
16.136
14.599
14.662
15.911
16.028
15.979
16.505
16.352
16.883
16.575
15.415
15.744
16.433
16.762
16.261
16.169
16.455
15.958
15.212
14.756
16.140
16.268
16.590
16.584
16.488
14.823
16.489
16.732
16.627
16.143
16.861
15.299
16.809
16.557
16.672
16.185
16.580
16.714
16.174
16.538
16.887
15.758
15.685
16.135
15.697
15.851
15.700
15.757
15.748
15.000
15.847
15.990
16.029
15.634
15.806
15.806
16.260
16.935
16.993
16.442
16.625
16.776
16.783
16.111
15.615
16.772
16.587
16.683
16.649
15.701
16.338
16.724
16.871
16.871
16.738
16.653
16.701
16.213
15.990
16.033
15.771
15.979
15.834
15.672
16.290
16.168
16.164
16.064
16.132
15.966
15.685
15.943
16.253
15.950
15.764
15.637
15.736
15.894
15.990
16.052
15.942
16.083
15.691
15.771
15.827
15.496
15.683
15.711
15.954
15.980
15.990
15.873
16.142
15.858
15.766
15.743
14.785
14.697
15.823
16.124
15.633
15.985
16.032
15.526
15.697
15.845
15.663
15.849
15.266
15.901
15.765
15.349
15.427
15.730
15.356
15.276
15.005
14.117
15.368
15.939
15.596
15.103
14.639
15.199
15.119
15.150
15.071
15.182
14.757
14.801
14.902
15.076
15.054
15.044
15.057
14.467
14.962
15.220
14.948
15.448
15.671
15.215
15.866
16.177
15.811
15.820
15.977
15.622
15.643
15.746
15.211
15.420
14.944
15.298
15.061
14.774
14.818
14.865
14.634
14.577
14.603
14.659
15.031
14.894
14.682
14.726
14.875
14.070
14.000
13.959
14.189
14.006
14.009
14.318
14.329
14.201
14.017
14.335
14.080
13.938
14.183
14.165
14.539
14.553
14.773
14.554
14.504
14.953
15.202
14.317
14.589
14.321
14.498
14.268
13.924
14.772
15.694
15.102
14.339
15.015
13.903
13.619
13.175
14.549
14.008
13.428
13.143
13.322
13.350
13.397
13.183
13.351
13.129
12.992
14.616
14.578
14.536
14.727
14.583
15.010
14.718
15.226
15.190
15.492
15.380
15.106
14.744
14.933
14.794
14.701
14.642
12.457
13.605
13.187
14.847
14.797
14.706
14.884
14.897
14.908
15.715
15.537
14.418
16.104
15.809
16.138
15.664
15.673
15.294
15.423
15.905
15.679
15.535
15.482
15.693
15.693
16.011
14.621
15.460
15.415
15.688
15.343
15.471
15.537
15.454
15.664
15.615
14.704
15.638
15.312
15.768
15.733
15.841
15.267
15.509
15.383
15.741
15.530
15.438
15.765
15.774
15.213
15.865
15.636
15.863
15.551
15.500
14.992
15.789
15.426
12.729
15.474
15.712
15.627
15.692
14.875
15.788
15.489
15.411
14.980
15.634
15.974
15.604
15.816
15.614
15.595
15.847
16.159
15.907
15.475
15.352
15.860
16.020
16.040
16.046
16.037
15.873
15.578
15.699
15.746
16.144
16.452
16.053
16.212
14.377
15.651
15.943
15.786
15.816
15.981
16.450
15.615
15.824
16.148
15.882
16.197
16.123
15.737
15.864
15.662
15.802
15.545
15.662
16.292
15.775
15.564
16.406
15.690
15.389
15.596
15.609
15.507
15.660
15.620
15.572
15.554
15.226
15.988
15.733
15.652
16.174
16.025
15.967
15.900
15.628
15.903
15.579
15.620
15.911
16.000
15.906
15.666
16.708
15.879
15.499
15.671
16.151
15.627
15.701
15.796
15.594
15.891
15.761
15.534
15.773
15.578
15.603
15.591
15.604
15.605
15.375
15.538
15.511
15.462
15.688
15.584
15.593
15.575
15.481
15.356
15.426
15.559
15.396
15.610
15.834
15.861
15.724
16.199
15.475
15.076
15.296
15.495
15.243
15.402
15.479
15.372
15.385
15.598
15.483
15.441
15.409
15.696
15.089
15.854
16.122
15.658
15.774
13.281
14.866
14.582
14.762
14.728
15.961
15.328
15.566
15.707
15.782
15.612
15.003
15.921
15.564
15.578
16.021
16.026
15.590
15.593
15.258
15.085
15.310
15.576
15.396
15.571
15.593
15.752
15.205
15.755
15.983
16.113
15.837
15.359
15.688
15.615
15.512
15.642
15.966
15.304
15.164
15.715
15.170
15.866
15.676
15.596
15.896
15.670
15.313
15.552
15.663
15.051
16.015
15.545
15.996
15.562
14.766
15.694
15.740
15.917
15.414
15.554
15.506
15.038
16.045
15.603
15.342
15.929
14.931
15.380
15.534
15.578
14.921
15.538
16.006
16.084
15.289
15.599
15.645
15.586
15.802
15.727
15.162
15.681
15.788
15.605
15.904
15.760
15.575
15.622
16.036
15.471
16.066
15.504
15.662
15.618
16.351
16.377
16.438
16.544
15.464
15.392
15.668
15.562
15.478
15.256
15.507
15.518
15.432
15.618
15.609
15.639
16.270
15.856
15.617
15.777
15.807
15.482
15.699
15.526
15.534
15.512
15.525
15.507
15.345
15.427
15.728
15.377
15.432
15.360
15.556
15.917
15.728
15.537
15.689
15.565
15.504
15.484
15.572
15.637
15.496
15.525
15.916
15.607
15.502
15.475
15.489
15.737
15.347
15.290
16.004
16.256
15.503
15.993
15.375
15.305
16.298
15.781
16.210
16.461
16.489
16.480
16.591
16.285
16.682
16.899
16.432
16.367
16.268
16.284
16.539
16.373
16.132
16.402
16.469
16.395
16.563
16.320
16.477
16.392
16.553
17.511
15.396
16.717
17.273
17.552
16.655
16.132
16.357
16.528
16.431
16.934
17.584
16.609
17.521
17.335
16.542
16.478
16.398
16.620
16.202
16.594
17.301
16.999
16.841
16.912
16.702
15.470
16.109
16.919
15.404
15.237
14.755
15.345
13.909
15.048
15.167
15.189
15.602
15.319
15.471
15.723
14.546
16.119
15.957
15.384
15.266
15.322
15.894
15.315
15.348
15.567
15.272
15.626
15.303
15.452
15.268
15.314
15.412
15.356
15.409
15.307
15.156
15.309
15.293
15.538
15.712
14.599
15.357
15.268
15.377
15.337
15.398
15.489
15.365
15.506
15.348
15.762
15.208
15.679
15.350
15.618
15.806
15.296
15.336
15.493
15.412
15.380
15.389
15.692
15.775
15.574
15.512
15.287
15.600
15.691
15.303
14.530
15.427
15.602
15.090
15.022
15.910
15.528
15.477
15.440
16.390
16.279
16.510
16.388
16.359
16.284
16.425
16.413
16.410
16.412
16.776
16.298
16.403
16.498
16.315
16.393
16.327
16.365
16.469
16.356
16.336
16.232
16.486
16.272
16.275
16.348
16.408
16.434
16.266
16.332
16.392
16.217
16.297
16.351
16.569
16.453
16.207
16.361
16.351
16.329
16.346
16.192
16.118
16.304
16.198
16.372
16.354
16.302
16.199
16.290
16.368
16.149
16.298
16.353
16.549
16.550
16.304
16.362
16.637
16.565
16.721
16.296
17.111
16.242
16.507
16.831
16.500
16.501
16.373
16.401
16.511
16.423
16.377
16.208
16.284
16.365
16.345
16.340
16.298
16.505
16.294
16.491
16.377
16.248
16.100
16.242
15.815
16.314
16.297
15.913
16.126
16.130
16.281
16.119
16.210
16.021
16.574
16.359
16.551
16.687
16.449
16.164
16.344
16.336
16.286
16.303
16.110
16.283
16.246
16.618
16.473
16.688
16.895
16.273
16.508
16.434
16.588
16.475
16.462
16.773
16.349
17.057
16.543
16.560
16.661
16.621
17.461
16.494
16.287
16.466
16.166
15.987
16.501
16.627
16.790
16.947
17.206
16.962
16.395
16.746
16.093
16.598
16.428
15.944
16.541
16.538
17.059
16.906
17.074
16.866
17.192
17.086
17.095
16.714
17.425
17.115
16.950
16.833
16.659
16.412
16.541
16.336
16.306
16.679
16.471
14.908
16.083
16.518
16.291
16.353
16.441
16.555
16.596
16.846
16.611
16.972
16.527
15.218
17.189
16.583
16.426
16.467
16.623
16.979
17.271
17.032
16.311
17.109
16.460
16.916
17.191
16.795
16.764
16.968
15.886
16.576
16.915
17.036
16.924
17.152
17.330
16.693
16.662
17.278
16.952
16.815
16.633
17.234
17.314
17.541
16.723
15.747
16.511
17.587
16.968
17.052
15.621
16.565
15.584
15.309
15.639
16.735
16.663
15.538
15.932
15.856
15.619
16.274
16.755
15.671
15.986
16.363
17.341
16.517
17.376
16.897
17.044
17.219
17.064
17.269
17.244
17.723
16.273
16.838
16.456
17.342
17.573
17.357
17.488
17.601
17.122
17.725
16.894
16.701
16.172
16.092
16.399
15.180
16.187
16.554
16.389
17.039
17.378
16.455
16.924
16.804
17.297
16.419
16.490
17.215
16.590
16.818
17.488
17.518
16.652
17.145
16.797
15.877
16.426
16.008
16.166
17.418
15.935
16.276
16.307
16.370
16.315
16.443
16.335
16.185
16.205
16.474
16.312
16.145
16.263
16.311
16.604
16.727
15.762
16.972
17.876
16.662
16.225
16.879
16.861
17.126
17.463
16.742
16.786
16.780
16.839
15.535
16.632
16.722
17.123
16.811
16.813
17.653
15.709
16.585
16.724
17.428
17.350
17.430
17.485
17.426
17.306
17.455
16.935
17.490
17.139
17.456
17.530
17.537
16.914
17.431
17.205
17.362
17.513
17.447
17.327
16.746
17.078
16.873
16.732
17.406
17.635
16.931
16.930
16.518
16.757
17.327
17.125
17.700
17.412
16.471
16.718
16.727
17.050
16.920
17.229
17.658
17.445
17.494
17.561
17.554
18.101
17.638
17.542
16.857
16.899
16.636
17.573
17.518
17.977
17.559
17.636
17.524
17.337
17.695
17.288
17.533
17.613
17.503
17.408
17.565
17.471
17.350
17.445
17.481
16.588
17.635
16.936
17.580
17.200
17.468
17.182
17.326
17.547
17.481
17.409
16.437
17.529
16.322
17.474
17.493
16.701
16.364
17.744
17.429
17.366
17.253
17.418
17.177
17.084
17.425
17.338
17.331
17.561
17.446
17.366
17.310
17.337
17.243
16.932
17.343
17.082
17.417
17.448
17.596
16.807
17.287
17.657
17.467
17.592
17.177
17.386
16.998
17.422
17.409
17.392
17.729
17.282
17.341
17.704
17.086
17.352
17.681
17.640
17.383
17.512
17.035
17.341
17.484
17.419
17.415
17.266
17.454
16.573
17.554
17.539
17.388
17.263
17.353
17.471
17.483
17.446
17.428
17.734
17.281
16.343
16.421
17.021
17.461
17.248
17.151
17.324
17.417
17.429
17.389
17.329
17.741
17.234
17.263
16.546
16.848
17.196
16.441
16.989
16.711
17.326
16.460
17.604
17.570
16.987
17.225
17.298
17.476
16.423
16.516
16.849
17.540
17.385
17.473
17.687
17.650
17.808
17.684
17.741
17.977
17.526
16.529
17.212
17.115
17.281
16.934
17.545
17.543
16.730
16.926
17.271
16.815
16.650
16.681
16.654
16.637
16.556
16.659
16.625
16.927
17.379
17.396
17.126
17.550
16.973
17.439
17.760
17.182
17.062
17.592
17.381
17.654
17.437
17.575
17.484
17.341
17.489
17.337
16.410
17.426
17.425
17.596
17.517
17.475
17.389
17.328
17.459
17.429
17.360
17.430
17.319
17.326
17.445
17.542
17.523
17.166
17.357
17.474
16.323
16.677
17.509
17.146
16.370
16.902
16.889
16.736
16.501
16.298
16.545
16.462
17.164
16.021
16.501
16.504
15.938
16.163
16.372
16.802
15.841
16.306
17.097
15.879
16.820
16.667
16.708
16.859
17.429
16.519
16.947
16.274
16.254
16.133
15.406
15.738
16.032
15.706
15.747
15.136
16.234
15.675
16.005
15.792
16.453
16.229
15.448
14.552
16.437
16.642
16.226
16.657
17.201
17.129
17.417
17.376
17.418
17.205
17.075
16.370
17.072
16.747
16.722
17.300
17.628
17.320
17.371
17.241
17.539
17.363
17.302
17.566
17.134
16.671
16.772
17.038
16.577
17.488
17.575
17.548
17.378
17.389
16.979
17.419
17.121
16.588
17.315
17.016
17.237
16.523
15.859
16.820
16.159
17.077
16.522
16.968
16.821
16.948
16.565
16.538
17.391
17.619
17.980
18.020
17.723
17.764
17.704
18.109
17.957
18.295
16.316
17.796
17.991
17.754
17.967
17.978
17.908
17.622
17.928
17.692
16.292
17.676
17.105
16.349
17.673
16.747
16.490
17.509
17.623
17.514
17.917
17.855
16.791
17.199
17.157
17.108
16.492
17.437
17.691
17.735
17.901
16.642
16.666
16.424
16.794
16.735
16.957
16.611
16.749
17.674
17.224
16.700
17.716
17.461
17.810
17.375
16.640
17.946
17.930
17.585
17.469
17.583
18.208
17.574
17.664
17.715
17.481
17.609
17.563
17.550
17.631
17.700
17.671
17.724
16.516
17.773
17.427
17.566
17.587
17.254
17.577
17.656
17.831
17.522
17.390
17.744
17.842
17.946
17.663
17.940
17.714
18.127
17.868
18.092
17.926
17.756
17.864
17.862
18.002
17.903
18.031
17.824
17.959
16.949
18.136
17.351
16.693
16.766
17.484
16.897
17.688
16.724
17.686
17.514
17.357
16.784
16.779
16.717
17.940
16.834
16.636
16.603
16.923
17.630
17.147
16.614
17.347
16.822
17.635
17.653
17.203
17.853
17.547
17.898
16.842
16.900
17.536
17.504
15.119
17.850
17.618
17.730
16.926
17.614
16.545
16.679
16.760
16.405
16.715
18.020
17.855
16.366
16.714
16.652
16.564
17.588
17.864
18.118
17.332
16.139
17.650
17.435
17.261
17.430
16.463
16.248
17.855
17.600
16.365
16.141
16.305
16.190
16.281
16.486
16.973
16.347
14.968
17.512
17.761
17.587
17.569
17.637
17.290
17.459
17.704
17.447
17.989
16.799
17.491
17.357
15.845
16.837
17.771
17.660
17.430
17.516
17.409
17.703
17.557
17.548
17.620
17.781
16.923
17.945
17.627
16.290
17.765
17.778
16.664
17.947
17.380
17.891
17.320
17.616
17.676
16.926
17.480
16.481
17.933
17.416
16.450
16.797
17.639
16.764
17.996
16.748
17.649
16.961
17.799
17.454
17.704
17.600
18.534
18.372
18.323
17.879
17.831
17.870
18.111
18.645
18.554
18.140
17.213
18.276
18.340
18.413
18.387
19.720
18.337
18.499
18.401
18.508
18.440
17.271
17.642
18.126
16.943
17.420
17.023
17.737
17.001
15.462
15.383
15.329
15.221
15.678
16.180
16.540
18.833
18.489
17.317
18.060
15.300
19.519
18.833
18.628
18.479
19.711
18.646
18.685
18.748
18.184
15.328
17.398
17.863
17.914
17.948
17.466
17.630
17.875
17.369
16.549
16.954
15.248
15.431
16.499
17.376
17.035
17.204
17.151
17.813
17.586
17.785
17.715
16.744
18.093
17.050
18.663
19.717
19.885
19.676
19.318
19.594
18.539
19.202
19.920
20.204
19.555
19.280
19.883
20.011
20.442
20.085
19.879
19.921
20.053
19.635
20.148
19.927
20.076
19.354
19.832
19.956
19.757
20.038
19.943
19.727
19.975
19.974
20.114
20.035
20.191
20.147
20.016
19.884
20.105
20.165
19.998
19.824
19.932
19.483
19.498
19.978
19.413
19.904
19.942
19.490
19.780
19.649
19.335
19.358
19.490
18.960
19.156
18.955
18.569
19.766
18.781
19.659
19.383
18.905
18.723
19.316
19.489
19.982
19.854
19.848
19.436
19.493
19.883
19.637
19.744
19.450
19.660
19.077
19.055
18.489
19.502
19.953
19.533
19.616
19.326
19.541
19.557
19.609
19.510
19.644
19.020
19.232
19.214
19.210
19.299
18.769
19.505
19.002
18.668
18.553
18.554
18.371
18.366
18.446
17.155
18.148
19.071
19.585
19.385
18.660
19.913
18.261
19.051
18.497
19.525
19.473
19.475
20.148
18.552
18.242
19.482
18.514
19.911
18.634
18.402
17.920
18.379
19.359
19.477
19.927
19.537
20.055
19.874
19.658
19.727
19.966
19.871
19.630
19.887
19.254
18.503
19.552
19.601
19.879
19.609
20.006
18.632
18.561
19.509
19.521
19.939
19.315
19.046
18.477
19.948
19.212
19.433
17.365
17.440
17.512
16.946
16.593
16.521
19.469
18.978
19.572
19.701
19.940
19.272
19.422
17.935
18.715
18.915
18.654
18.460
16.976
17.581
16.879
16.764
17.469
17.776
18.951
18.564
19.134
19.270
19.109
19.429
18.987
18.034
17.691
17.861
18.585
18.606
19.065
19.340
18.565
18.355
18.462
18.855
19.420
18.814
17.628
18.960
19.191
17.537
17.610
18.489
19.716
17.164
18.714
18.106
19.834
19.336
19.639
18.831
19.079
19.059
19.171
19.092
19.356
18.894
19.530
19.098
19.970
19.802
19.592
19.726
19.806
19.710
19.521
19.087
19.442
18.632
19.736
19.739
18.974
18.950
18.910
19.712
20.059
20.052
19.755
19.932
20.051
18.812
20.085
20.241
19.998
20.165
20.066
19.709
19.823
19.712
19.528
19.616
17.944
19.221
19.906
19.915
19.966
19.920
19.430
19.890
19.481
19.926
19.607
19.897
18.789
19.654
20.088
19.876
19.663
19.807
19.584
19.588
19.791
19.887
19.741
19.112
19.410
20.256
20.400
20.199
19.641
20.089
18.863
20.089
19.571
20.034
19.921
18.608
18.368
17.585
18.462
18.367
18.409
18.320
18.380
18.406
18.449
17.621
18.471
18.477
18.335
18.523
18.692
18.507
18.471
18.592
18.549
18.456
18.526
18.436
18.435
18.454
18.457
16.450
17.044
18.257
18.416
18.434
18.379
18.459
17.239
17.054
16.897
17.350
18.400
19.132
18.602
19.438
17.345
18.547
18.607
18.426
18.671
19.087
18.813
18.687
18.967
19.041
18.868
18.934
18.727
17.811
16.452
18.335
19.774
19.451
18.918
18.860
19.596
18.670
18.683
18.499
18.769
18.100
18.544
18.251
19.065
18.759
18.685
19.681
19.813
19.579
17.865
17.620
17.231
17.664
18.223
18.414
18.253
18.079
19.989
19.775
19.555
19.828
19.972
19.802
20.182
19.636
19.820
19.962
18.870
19.902
18.788
18.436
19.147
20.418
20.618
20.168
19.756
20.058
18.319
19.466
19.494
19.622
19.422
19.677
19.754
19.426
19.652
19.796
19.744
19.949
19.580
19.614
19.275
18.694
19.839
19.797
19.709
19.746
18.481
17.333
17.753
17.669
19.768
19.304
18.367
19.240
19.400
19.182
20.233
20.061
20.080
18.410
19.676
19.911
20.007
18.973
19.613
18.684
19.211
19.903
19.555
19.654
20.171
19.596
19.552
19.153
19.222
19.702
18.721
19.480
19.868
17.736
17.693
17.228
17.772
17.222
17.655
18.002
17.819
17.297
18.957
19.751
19.974
18.460
18.682
18.331
19.567
19.616
18.780
19.498
19.945
19.592
19.746
19.637
19.516
18.463
18.666
18.501
19.783
19.836
18.628
19.517
19.143
18.616
18.290
19.011
20.001
19.643
19.153
19.272
19.298
18.792
19.339
19.577
19.509
19.928
19.937
18.820
18.747
19.903
20.029
18.491
19.797
19.629
19.707
19.390
19.410
19.404
19.998
16.713
18.354
18.454
18.688
19.620
19.429
19.977
19.148
19.010
18.461
18.515
18.090
18.395
17.777
15.258
18.065
18.894
19.643
20.107
20.044
19.832
19.737
19.846
20.204
19.982
19.875
19.704
18.973
19.456
20.155
19.354
19.653
18.370
20.038
20.168
20.086
19.699
20.095
17.858
20.091
19.691
18.846
18.330
19.787
17.282
20.088
18.477
18.275
19.536
19.951
19.540
19.979
19.982
20.026
20.008
19.830
19.789
19.604
19.608
19.507
20.119
20.166
20.062
19.521
19.539
19.200
19.519
19.702
20.197
19.698
19.484
20.045
19.679
19.798
19.931
20.179
20.086
18.778
19.594
19.833
20.220
19.209
19.697
19.642
19.663
19.619
19.617
19.906
19.893
19.528
18.707
19.371
19.611
20.133
19.767
19.677
20.072
19.830
20.072
19.249
19.450
18.863
19.613
19.550
19.574
19.965
19.685
19.492
19.798
20.068
18.409
18.350
18.933
18.543
19.542
18.825
18.174
18.956
18.268
18.503
18.597
18.695
19.188
18.690
19.498
18.560
18.956
19.383
18.699
18.712
18.578
18.394
19.256
19.457
17.932
19.410
19.505
19.711
19.561
19.482
19.376
19.642
18.825
19.215
18.558
17.984
17.961
18.138
18.229
18.513
19.470
19.630
19.738
19.794
19.555
19.788
19.717
18.695
18.897
18.490
18.428
18.396
18.742
18.829
19.390
18.730
18.508
19.972
18.567
18.458
18.484
19.466
18.995
19.427
18.548
18.548
18.989
19.758
19.495
18.227
18.482
17.978
17.924
18.166
18.628
18.843
19.394
18.782
18.582
17.417
19.242
18.677
18.510
18.189
19.851
18.656
19.837
19.619
18.661
17.872
17.778
17.956
17.443
18.764
18.149
17.810
17.426
18.708
17.808
17.493
17.365
15.280
18.302
17.980
17.912
17.741
17.708
18.315
17.861
18.285
16.518
16.842
14.715
17.681
16.101
17.250
16.744
17.919
18.365
17.315
16.668
17.923
17.577
17.808
18.107
18.029
17.770
17.913
18.220
17.827
17.418
18.025
17.906
18.523
17.044
18.093
18.194
18.157
19.285
17.815
18.023
18.241
18.001
17.754
18.723
16.788
18.312
17.999
17.349
17.949
17.725
17.871
17.835
17.863
18.223
17.903
18.762
18.686
19.781
19.845
18.676
18.572
18.496
18.719
19.074
18.820
18.587
18.372
18.348
17.955
18.073
18.506
19.152
17.461
18.638
17.625
18.346
18.635
18.780
18.106
16.031
18.456
18.860
18.703
19.486
20.813
20.378
20.853
20.530
20.421
20.564
20.613
19.975
20.613
20.924
19.263
20.964
20.823
21.094
20.623
20.760
20.397
20.613
21.649
20.961
19.503
18.293
18.596
20.884
20.068
21.582
21.094
20.879
19.861
20.940
20.859
21.040
21.260
20.948
20.682
21.000
20.962
20.469
19.352
20.918
18.936
20.643
20.769
20.967
21.128
21.166
20.542
20.720
20.789
20.944
20.700
21.308
20.656
20.643
20.603
20.550
20.421
20.353
18.804
21.124
19.980
19.885
20.488
19.754
19.748
21.443
20.994
20.872
21.312
21.035
21.133
21.366
20.759
20.782
21.191
21.452
20.565
21.193
19.540
20.686
20.443
19.893
19.672
20.833
21.196
19.670
21.356
20.318
20.860
20.738
21.068
18.148
18.535
18.581
17.830
20.726
21.051
20.619
20.729
21.029
20.518
20.102
20.310
20.714
20.675
19.622
19.530
19.978
19.376
19.712
19.636
19.540
19.630
19.543
21.019
19.840
19.521
20.194
20.250
18.204
19.720
19.553
20.126
20.268
19.861
19.539
19.583
19.154
19.524
19.604
19.252
19.813
19.527
19.642
19.870
19.159
19.514
19.648
18.286
18.036
18.340
19.674
19.623
20.007
20.779
20.504
19.910
18.459
19.219
18.278
19.727
19.380
18.915
19.456
18.631
19.144
18.090
19.513
19.457
19.637
19.573
18.641
20.221
20.363
20.419
18.406
18.692
17.489
19.720
20.010
18.472
18.534
18.890
19.843
18.686
18.403
18.482
18.823
18.406
15.986
18.233
18.567
19.548
20.481
20.038
19.588
17.352
20.471
19.433
19.683
19.716
18.189
19.203
19.654
19.412
18.846
19.793
19.505
19.201
18.274
19.073
18.510
17.795
18.600
18.472
17.499
18.298
20.228
20.763
18.405
20.487
18.980
20.711
17.963
20.595
20.590
20.891
20.733
19.999
19.984
20.309
20.620
20.556
20.697
20.354
20.785
20.866
20.605
20.172
20.550
20.503
20.734
20.690
19.726
19.656
18.638
19.387
20.563
19.880
19.584
20.251
20.677
18.832
20.228
20.413
20.833
19.618
20.641
20.749
20.497
20.776
19.512
20.703
21.173
20.697
20.752
20.980
21.303
21.116
21.338
21.596
20.929
21.494
21.248
21.102
20.859
21.015
21.167
20.162
20.988
20.685
20.906
20.583
19.067
20.470
19.967
18.252
20.632
20.978
21.285
20.504
20.736
20.775
20.501
20.743
20.987
21.390
21.287
21.084
20.690
21.355
20.851
20.765
21.273
21.155
21.200
21.290
21.144
20.487
19.395
21.451
20.150
20.258
19.839
20.513
20.729
20.812
20.328
20.047
18.975
20.631
20.651
20.586
20.759
20.659
20.619
19.010
19.819
20.324
20.721
20.459
20.601
20.146
19.520
21.046
20.116
19.161
19.307
20.362
20.132
20.581
19.823
19.847
20.117
19.007
20.272
20.224
20.636
20.254
20.384
19.080
18.899
18.551
19.218
20.641
20.237
19.127
20.499
20.065
21.066
20.675
20.041
20.625
19.586
20.367
20.757
21.111
20.221
20.752
20.637
20.076
18.364
20.514
18.945
18.445
20.692
20.726
19.394
19.147
20.380
18.318
20.343
20.382
17.902
19.090
18.707
20.298
20.585
18.880
18.807
21.171
19.129
19.279
19.654
19.676
19.474
19.894
21.070
19.946
20.831
21.022
20.558
19.574
18.973
20.884
20.447
21.026
21.163
20.996
20.535
20.341
20.115
21.066
20.090
19.894
20.362
18.300
20.669
20.782
20.616
20.808
20.868
21.069
20.997
20.654
20.995
20.938
20.727
20.720
19.154
20.441
20.668
20.461
18.319
21.067
20.703
20.479
20.955
20.709
20.741
20.603
20.714
19.499
19.007
20.512
20.747
20.641
21.083
21.153
21.275
21.163
18.594
20.518
20.935
20.733
20.322
19.246
20.320
20.334
18.845
20.576
20.642
20.887
20.647
21.082
21.409
20.620
20.812
19.901
19.149
21.001
19.822
20.522
20.601
19.348
20.465
19.976
19.961
19.895
20.585
20.981
17.743
20.731
20.154
19.965
19.816
19.429
19.751
20.069
20.541
20.920
20.379
20.048
19.923
20.367
20.644
20.662
20.470
20.432
20.508
20.615
19.961
19.720
20.018
20.302
18.351
14.789
17.619
17.654
17.832
17.494
17.219
17.417
17.841
17.491
17.440
16.869
15.950
16.211
16.162
17.123
16.602
16.721
17.197
17.268
18.647
19.909
20.515
19.803
19.234
20.523
18.428
18.607
19.954
19.793
20.490
21.051
20.737
20.692
18.356
18.961
19.345
21.102
20.081
20.624
20.824
20.680
20.906
19.859
20.502
19.641
20.522
20.402
20.996
19.529
18.326
20.159
16.513
17.869
20.412
20.649
18.764
20.289
20.629
18.503
16.895
17.189
15.578
16.938
17.451
18.562
16.465
16.698
15.399
17.612
17.838
17.690
17.889
17.224
18.213
17.831
17.542
18.018
17.969
17.719
17.912
18.153
17.783
18.470
18.142
17.788
18.375
17.912
18.536
16.081
15.881
16.261
16.199
15.356
15.131
15.426
16.043
17.279
17.643
17.157
15.747
15.182
15.202
14.999
15.101
14.794
14.982
15.286
15.202
15.090
15.278
14.927
15.138
15.119
14.890
15.001
15.026
14.848
14.926
14.911
14.754
15.115
15.479
14.839
14.914
14.873
15.307
14.910
15.082
14.840
14.857
15.094
14.686
14.881
15.222
16.053
16.048
15.854
15.938
16.169
15.754
15.841
16.038
15.973
16.186
15.869
16.541
16.454
16.758
16.230
15.935
15.869
16.297
16.076
16.274
16.628
15.714
16.002
15.855
16.166
16.373
16.350
15.885
18.166
18.301
21.376
20.096
19.348
20.150
17.967
21.087
19.683
19.411
19.371
20.989
17.759
18.493
18.742
19.152
17.686
18.297
19.001
17.116
16.584
17.320
17.557
17.613
17.142
20.625
18.570
18.640
18.429
18.026
19.011
18.983
17.887
18.927
17.787
19.381
19.103
18.030
20.454
19.494
19.115
18.246
18.408
19.283
20.423
18.936
17.739
19.071
20.836
18.890
17.964
19.046
17.903
17.841
17.709
18.101
18.000
19.159
18.093
17.826
18.485
16.832
20.579
19.539
20.185
20.199
20.608
18.804
20.361
20.545
19.809
21.014
21.120
20.443
20.827
20.920
21.002
19.961
20.011
21.178
21.122
20.836
20.692
20.593
20.615
20.767
20.681
21.219
20.669
20.692
20.565
20.776
20.933
20.782
20.629
20.175
21.168
20.806
21.163
20.677
21.059
20.716
21.037
20.446
20.559
20.459
20.527
20.563
20.768
20.999
20.392
19.312
20.721
20.283
19.951
20.659
20.587
20.602
20.464
21.124
21.112
21.223
21.126
18.642
21.176
20.498
20.664
21.120
20.750
18.329
18.633
18.181
17.664
18.262
18.151
19.337
18.289
18.040
18.255
18.630
18.089
18.452
17.929
17.905
18.065
17.058
17.452
17.572
17.147
16.696
18.027
18.007
17.415
20.221
18.129
21.019
21.174
19.700
20.589
20.794
18.352
17.922
19.653
18.182
18.432
17.859
18.887
21.278
16.973
20.745
20.719
20.982
20.166
20.886
21.213
18.910
19.515
18.073
18.731
20.826
20.490
20.815
20.670
21.141
20.459
20.382
20.083
20.353
20.880
19.649
20.918
20.763
20.946
21.380
20.859
20.940
20.733
20.546
20.744
20.428
20.699
21.192
20.505
21.067
20.658
20.124
18.663
21.128
19.740
20.753
20.612
20.891
20.961
20.942
20.762
20.725
20.179
20.140
19.297
19.414
20.085
19.554
19.641
19.794
20.322
20.508
20.500
19.541
19.885
20.547
20.486
20.696
20.089
20.474
20.710
20.352
20.376
19.329
19.575
19.986
20.951
20.547
20.743
20.170
20.421
20.946
21.205
18.939
20.454
20.552
19.978
21.017
17.446
18.491
18.383
20.074
19.797
20.223
19.662
20.797
19.388
19.990
19.651
19.649
19.918
18.369
20.458
20.336
20.486
20.053
17.625
19.535
19.563
19.630
19.505
20.712
19.621
19.872
19.654
20.057
20.273
19.817
19.865
20.078
19.764
19.644
19.784
19.609
19.989
19.659
19.744
19.798
19.850
19.690
19.435
19.490
19.794
20.315
19.711
19.530
19.801
19.845
19.615
19.830
19.800
19.927
19.834
19.395
20.325
19.633
18.335
20.577
20.232
19.811
18.837
19.893
20.923
19.660
19.775
20.764
19.840
20.948
20.584
20.819
19.373
19.851
20.836
20.572
19.663
21.210
20.095
19.526
20.810
20.703
20.495
20.729
20.759
19.800
19.801
19.859
19.873
19.719
20.651
19.423
19.454
20.966
20.738
20.347
18.918
19.972
19.781
21.010
20.402
20.687
20.671
20.028
19.803
19.741
19.493
19.780
19.441
19.536
19.406
19.897
19.522
19.860
19.525
20.131
19.287
19.435
19.444
19.552
19.666
19.598
19.620
20.110
20.723
20.881
20.173
19.800
20.921
20.889
20.134
20.217
20.779
19.725
20.457
20.564
19.930
19.722
19.812
19.680
19.596
19.578
19.609
20.900
20.172
19.813
19.556
19.842
19.681
19.550
19.584
19.668
20.473
20.029
20.320
19.778
19.575
19.769
20.508
20.737
20.692
20.565
19.952
20.355
19.697
19.581
19.448
20.020
20.757
20.387
19.814
19.882
20.485
19.804
19.242
19.604
19.573
19.786
20.274
20.739
20.916
20.707
20.769
19.761
20.832
21.196
20.511
19.929
21.142
19.940
19.495
20.093
20.356
20.006
20.249
20.436
19.580
19.764
20.165
19.668
20.829
19.494
19.734
20.205
20.584
20.729
20.805
20.140
20.532
20.473
19.753
20.942
20.662
20.198
20.877
20.709
20.377
20.875
20.602
21.079
21.328
20.694
20.513
20.930
21.112
21.022
19.336
21.004
21.323
20.691
20.729
19.702
20.941
20.761
21.099
20.534
20.926
20.728
20.791
20.826
20.664
20.863
21.036
20.815
20.796
21.082
20.657
20.584
19.931
19.774
20.930
20.709
20.479
20.740
20.626
20.820
20.943
19.514
20.584
20.797
20.679
20.668
21.010
20.744
20.617
20.846
20.537
20.906
20.732
20.730
20.749
20.755
20.711
20.875
20.876
20.790
20.995
20.741
19.992
20.841
20.552
20.730
20.751
20.266
19.818
20.042
20.714
20.722
20.680
20.172
20.658
21.276
20.765
20.639
20.061
21.046
20.617
21.083
20.325
20.892
20.727
20.674
20.466
20.702
20.613
20.741
20.727
20.849
20.681
20.629
20.643
20.637
20.608
20.418
20.856
20.857
20.551
20.510
20.803
20.747
20.495
19.784
20.458
20.512
19.324
20.712
20.878
20.708
20.471
20.666
20.486
19.696
20.658
20.634
20.368
20.646
20.680
20.747
20.604
20.610
20.566
20.671
21.013
18.885
17.418
18.773
18.261
17.785
18.371
17.930
19.124
18.480
17.541
18.196
17.913
17.218
18.069
17.863
17.624
17.573
17.675
18.134
16.053
17.736
16.777
18.409
18.315
18.384
18.450
18.637
18.578
18.798
18.544
18.631
18.935
18.890
18.868
17.430
18.010
19.472
18.502
18.798
18.067
20.109
20.186
20.522
20.420
20.773
20.988
20.724
20.792
20.909
18.163
20.701
19.521
19.236
20.643
20.681
20.041
19.509
20.844
20.485
20.189
20.254
20.896
19.845
19.631
21.195
18.714
19.178
19.934
20.628
19.592
19.641
20.484
19.552
18.484
19.739
19.477
18.495
20.827
19.831
20.651
20.392
18.268
18.908
20.858
19.273
19.656
20.485
20.730
20.203
20.526
20.412
20.408
19.159
20.517
20.044
19.250
20.322
18.697
20.282
19.897
20.468
20.455
19.695
20.805
20.459
20.389
20.710
20.469
20.729
19.004
20.620
20.582
18.734
18.500
18.654
19.522
19.599
20.464
20.788
20.820
20.465
20.421
20.677
20.468
20.143
20.680
20.593
20.441
20.676
20.876
20.503
20.633
20.987
20.791
20.319
19.240
19.494
19.185
19.354
19.502
19.221
19.633
18.701
20.463
19.874
19.370
19.486
19.544
19.921
20.718
19.306
20.316
20.791
21.033
20.877
20.564
20.842
21.402
20.544
20.957
20.932
20.651
21.034
20.508
20.258
20.821
19.284
21.175
20.865
20.559
20.636
20.364
20.561
20.547
20.891
20.167
21.425
21.135
20.734
21.035
20.407
21.102
20.975
21.002
21.061
20.858
21.032
21.228
21.188
21.431
21.426
21.209
21.220
21.101
21.043
20.786
20.735
20.082
19.889
20.501
20.525
20.169
19.983
18.574
16.004
16.902
16.213
18.269
18.502
17.879
15.614
15.030
14.413
15.143
16.987
16.189
16.039
16.176
16.209
16.278
17.029
15.964
15.225
17.262
18.992
17.975
18.870
18.893
18.943
20.346
18.738
20.537
20.399
19.566
19.722
19.952
20.236
20.667
21.014
20.686
20.640
20.631
20.555
21.607
20.634
18.065
20.940
20.812
20.626
20.541
20.637
20.455
20.595
20.124
20.218
20.229
19.552
20.435
19.394
20.416
20.438
20.342
18.508
18.511
18.497
18.782
17.635
19.435
19.539
19.393
19.579
19.558
19.631
19.320
19.573
19.200
19.445
18.911
18.470
18.510
17.461
18.535
18.643
19.354
18.377
18.267
18.431
18.490
19.260
14.878
18.387
17.197
18.207
18.010
18.159
15.613
17.433
16.140
15.865
16.129
16.547
17.663
17.710
17.511
17.157
18.721
20.118
19.613
18.883
19.773
19.644
19.826
20.225
20.594
19.620
20.231
19.555
20.330
20.819
19.763
20.172
20.162
20.199
20.184
20.677
19.842
19.761
19.749
20.620
20.677
19.552
20.022
20.110
19.959
20.271
20.519
19.476
21.113
19.837
20.474
19.842
20.844
20.645
20.536
19.995
20.515
20.493
20.775
20.243
20.573
20.459
19.014
19.025
18.885
19.125
19.597
18.882
20.634
19.650
20.742
20.762
20.907
21.260
21.014
20.793
20.892
20.832
20.269
20.903
20.579
20.845
19.232
20.557
20.634
20.539
19.068
19.482
20.196
19.339
19.473
19.513
19.532
18.671
19.092
18.810
18.378
20.813
19.843
19.792
19.707
19.460
20.424
20.655
19.761
20.625
20.541
20.153
20.135
19.820
20.513
20.338
18.222
20.793
20.788
20.690
21.013
20.633
20.477
20.594
20.703
21.156
20.451
21.129
21.112
20.372
19.479
20.944
19.687
21.164
21.042
21.030
20.909
21.053
20.809
21.079
21.258
20.856
20.875
21.066
20.675
21.112
20.572
20.880
21.061
20.504
20.621
20.860
20.623
20.567
20.401
19.721
21.051
20.698
21.035
19.388
20.817
21.267
19.927
20.216
20.297
20.962
19.012
18.012
19.393
18.433
18.992
18.314
17.384
17.586
17.825
18.133
19.863
17.916
16.810
18.002
17.946
17.575
18.537
20.981
20.980
20.633
21.334
20.662
21.081
20.394
20.447
21.385
20.645
21.062
20.630
20.352
17.866
18.634
18.780
18.152
18.822
18.275
17.975
17.256
17.804
18.347
17.969
17.091
18.082
17.574
17.792
17.624
18.273
15.706
17.429
15.204
15.405
15.333
17.224
18.230
17.681
17.468
17.836
18.251
17.626
17.971
17.663
17.251
17.990
17.743
17.117
17.930
17.915
18.064
18.213
18.111
18.831
17.931
17.734
18.233
18.351
18.108
17.769
17.563
17.445
17.693
17.483
17.457
18.333
16.241
18.303
17.716
17.991
17.952
17.989
20.361
18.199
17.519
19.865
18.510
18.862
20.126
18.594
19.346
18.808
17.995
17.856
17.814
17.294
17.591
17.903
17.995
17.055
18.036
17.805
17.137
16.667
18.233
16.553
17.005
17.895
16.914
16.135
17.759
17.913
17.559
18.050
16.146
16.663
16.765
15.521
16.484
18.069
20.783
20.131
20.815
20.736
19.868
20.658
20.317
21.036
20.069
19.764
20.672
20.611
20.281
20.883
19.844
19.780
19.625
19.332
19.872
19.530
20.626
18.434
19.892
20.582
19.475
20.224
20.396
20.072
18.688
18.280
18.789
17.539
18.773
18.642
18.550
18.705
19.316
18.468
18.473
18.264
18.404
18.542
18.096
18.442
18.929
18.562
19.230
19.304
18.711
19.124
19.127
19.364
19.179
19.489
20.359
20.380
20.898
20.526
20.535
20.551
19.873
20.720
20.647
20.746
20.174
20.871
21.027
20.666
20.318
19.679
20.498
20.378
19.206
20.043
19.342
20.303
20.555
18.350
19.155
20.761
20.664
20.506
17.592
19.921
17.887
20.176
19.677
20.147
19.765
18.804
20.120
20.782
20.642
20.883
20.856
20.559
19.647
20.469
19.945
18.353
20.549
20.904
20.394
20.751
20.648
20.829
20.856
20.716
20.670
21.329
21.192
20.810
21.105
20.837
20.725
20.632
21.028
19.429
20.699
20.581
20.839
20.615
20.457
20.756
19.801
20.498
20.752
20.827
20.610
20.545
20.726
20.720
20.910
20.956
20.745
20.540
19.943
20.594
17.970
20.470
19.549
20.231
20.375
20.261
20.509
20.872
20.005
20.543
19.715
20.734
20.551
20.519
20.473
20.561
20.469
20.508
20.744
20.820
20.312
20.423
20.407
20.185
17.852
18.832
19.513
20.008
20.148
20.580
20.386
20.272
20.589
20.092
20.893
20.573
20.346
20.479
20.307
20.307
20.165
20.292
20.260
20.407
19.705
20.108
20.331
19.716
20.451
19.680
19.682
20.626
16.402
18.662
19.126
19.027
20.362
19.731
19.752
20.578
20.758
20.922
20.583
20.760
20.852
20.333
19.665
19.934
20.306
20.698
20.435
19.487
20.435
19.419
20.563
20.722
20.549
20.706
20.801
18.585
20.738
20.674
20.507
20.642
20.797
20.673
21.054
20.756
20.747
19.328
21.247
20.486
20.869
20.730
20.526
20.944
20.852
21.093
20.972
20.476
20.741
20.603
21.067
20.478
20.551
20.593
20.774
20.738
20.196
20.354
20.392
19.818
20.617
20.135
20.816
19.877
20.961
20.899
20.921
20.355
19.621
18.789
18.612
18.725
19.223
18.869
20.032
20.852
17.377
19.704
19.381
19.403
18.852
19.030
19.313
18.491
19.044
19.714
19.105
18.846
19.038
19.826
19.503
19.397
16.783
18.094
18.662
18.777
17.919
18.170
18.503
19.778
17.810
20.572
20.729
19.927
20.749
20.369
19.191
19.451
20.343
21.409
20.627
18.561
19.651
19.593
19.309
19.689
19.518
20.589
19.552
19.734
19.472
20.822
19.634
19.741
19.727
19.496
18.687
19.450
19.268
19.523
18.566
19.499
20.661
19.594
20.463
20.469
20.985
19.954
20.358
20.464
20.346
19.081
19.834
16.422
14.989
15.269
14.696
15.610
19.207
19.839
20.100
20.640
20.693
20.715
20.805
20.280
20.433
20.577
20.699
20.787
20.877
20.561
20.620
20.468
20.168
20.483
20.453
20.722
20.259
18.713
20.743
20.804
19.653
19.623
20.301
20.490
20.371
19.528
20.643
20.501
20.647
20.593
20.575
20.099
20.710
20.759
20.549
20.373
18.996
20.695
19.554
20.792
20.603
21.209
20.797
20.790
20.443
20.557
20.968
20.376
19.516
19.833
20.909
20.551
19.293
19.527
19.766
20.927
19.659
19.546
20.841
20.470
20.414
19.366
20.629
20.146
19.358
20.509
20.610
20.611
20.298
20.567
20.440
20.543
20.546
19.873
20.881
19.606
20.416
18.477
20.715
20.522
20.883
21.097
20.598
21.034
20.956
20.506
20.794
20.806
19.769
20.527
20.726
20.787
20.427
20.359
20.158
20.985
20.502
20.703
20.658
20.712
20.431
20.569
21.191
20.818
19.746
20.792
20.980
21.142
19.465
18.799
20.379
20.840
20.797
20.828
21.221
20.941
18.313
20.617
19.943
20.542
20.627
21.135
20.686
20.763
20.620
20.495
21.221
21.202
20.588
19.411
19.615
20.636
15.642
19.541
16.558
16.895
16.980
17.628
20.413
19.183
20.862
20.586
20.717
20.836
20.687
19.713
20.812
20.409
20.752
20.386
20.708
20.557
21.036
20.928
20.716
20.793
20.485
20.647
20.527
19.405
20.604
20.665
20.911
21.197
20.994
21.084
21.262
20.254
21.467
20.716
21.308
20.664
20.924
20.882
19.593
20.430
21.040
20.932
19.986
21.136
20.789
21.376
21.131
19.620
20.216
20.640
19.949
20.813
20.524
20.767
20.643
20.797
20.535
20.648
20.494
21.117
20.515
20.817
20.653
20.865
20.496
20.712
20.599
20.877
20.897
20.300
20.445
20.708
20.456
20.860
20.440
20.548
20.940
20.805
18.770
19.100
19.826
17.418
17.733
17.780
21.012
18.964
20.311
20.855
20.740
20.368
20.719
18.047
20.302
20.844
20.352
19.653
18.185
20.741
20.438
20.611
20.362
20.565
20.553
20.527
20.578
20.677
20.505
19.172
19.381
20.620
20.535
18.272
20.482
20.554
21.011
20.685
20.290
19.687
20.392
20.806
20.937
20.926
20.089
20.985
20.898
21.118
20.259
20.575
20.190
20.042
19.548
18.792
20.494
19.765
19.334
19.042
19.778
19.767
20.520
20.018
20.380
20.127
19.030
18.829
18.195
18.231
19.587
20.465
20.286
19.735
18.079
18.826
18.457
18.234
18.506
17.894
17.046
17.627
18.748
20.636
20.638
19.077
19.747
20.510
19.824
20.689
20.506
19.697
20.942
20.794
20.871
20.783
20.679
19.603
20.532
20.291
19.739
20.228
20.203
20.341
20.911
20.272
20.536
20.672
21.062
20.700
20.788
20.492
20.667
20.674
20.465
20.840
20.847
20.685
20.504
20.595
20.586
20.183
20.421
20.569
20.729
20.529
20.594
20.568
19.964
20.480
19.713
20.784
21.232
19.841
20.500
20.628
20.661
20.692
20.906
21.043
20.715
20.989
20.810
20.775
20.729
20.883
20.661
20.881
20.840
20.573
20.692
20.963
20.920
20.902
20.657
21.621
20.721
20.966
21.486
21.143
21.778
21.032
20.637
20.421
20.696
21.071
20.493
20.996
20.726
20.383
20.376
20.756
19.474
18.803
18.321
18.708
20.028
18.834
20.448
20.572
18.253
20.718
20.063
19.030
19.816
20.605
20.628
20.707
20.355
20.544
20.613
19.392
21.064
21.270
21.372
20.995
20.896
21.094
20.628
20.761
20.672
20.762
20.760
21.155
20.754
20.617
19.483
20.009
20.691
20.472
20.667
20.656
20.917
20.748
20.818
18.724
19.141
20.237
20.633
20.313
19.533
20.023
20.372
20.637
20.757
20.593
20.630
20.617
21.131
20.629
17.822
20.529
20.579
20.498
19.607
21.091
20.522
20.407
20.574
20.546
21.073
21.052
21.164
20.771
20.725
21.203
21.205
20.848
20.879
19.142
19.548
19.997
19.808
19.190
18.770
21.366
19.686
19.588
18.592
20.748
20.868
20.822
21.033
20.931
20.658
20.782
21.015
21.447
20.858
20.023
20.879
20.456
20.748
20.518
20.264
20.424
20.296
20.714
20.580
20.576
20.169
20.719
20.426
20.694
21.489
20.902
20.904
20.849
20.988
20.896
20.124
19.433
20.497
20.222
20.685
19.801
20.827
20.930
19.747
19.707
20.137
20.521
20.433
20.495
20.538
19.944
19.904
20.929
20.308
20.539
20.751
20.415
20.843
21.203
18.942
19.149
19.361
19.204
19.033
18.923
19.990
18.707
18.773
19.368
18.670
20.302
20.355
19.096
18.042
18.549
19.279
19.199
18.337
18.924
17.930
18.014
18.049
19.352
18.390
19.559
19.284
18.408
18.982
19.037
19.050
19.396
20.943
19.057
18.784
19.212
18.349
19.435
19.200
17.625
17.761
19.432
18.918
17.886
19.537
19.642
18.722
20.068
18.932
18.748
19.513
18.748
17.674
19.493
19.559
18.758
19.427
18.680
18.889
19.566
19.105
19.149
19.351
20.619
19.259
19.344
17.822
17.398
17.191
17.277
18.029
16.918
19.592
17.273
17.723
17.778
18.116
18.988
21.039
20.755
20.991
20.686
19.668
20.942
20.725
20.717
19.828
20.359
20.919
21.313
19.343
20.743
20.307
20.053
18.491
20.809
20.931
20.225
19.744
18.172
18.090
18.253
19.882
20.771
18.925
18.702
18.914
19.143
18.953
18.248
20.532
20.137
20.557
20.202
20.526
20.476
19.084
20.205
19.240
19.314
19.102
18.893
19.159
18.606
18.953
18.985
18.916
20.049
20.312
20.365
18.986
20.119
18.955
18.507
19.568
20.576
19.067
18.829
18.992
19.971
19.605
18.820
19.561
19.441
19.353
19.278
18.430
18.817
18.330
18.307
18.675
18.786
18.680
19.543
20.151
18.922
20.002
20.396
19.158
18.482
19.434
19.646
19.596
21.041
18.664
20.435
19.488
19.611
20.273
20.840
19.609
19.776
20.527
20.544
20.584
19.770
18.322
19.514
20.066
20.608
19.564
19.492
20.626
19.450
19.447
20.815
20.259
20.297
20.731
20.560
20.684
20.437
21.137
20.697
20.730
19.836
20.795
20.648
20.754
20.452
18.632
18.888
20.567
21.255
19.155
21.103
20.375
20.283
20.528
20.915
20.861
20.579
20.462
20.799
21.403
21.017
21.454
20.791
21.255
21.379
20.856
17.233
20.748
20.956
20.451
18.529
18.386
18.299
17.491
17.371
17.319
17.514
17.516
17.468
17.452
17.370
17.335
17.603
17.372
17.415
17.311
17.557
17.561
17.461
17.357
17.466
17.545
17.591
17.817
17.608
17.371
17.160
17.397
17.431
17.521
18.137
17.777
17.670
17.535
17.337
17.548
17.606
17.548
17.702
17.468
17.436
17.558
17.514
17.417
17.107
17.716
17.140
17.595
17.224
15.747
18.352
17.853
17.784
17.658
17.552
17.858
17.702
17.680
17.692
16.308
17.611
17.398
17.846
17.748
15.958
15.592
15.641
14.281
14.472
14.795
14.554
13.585
13.398
13.697
14.124
13.938
17.788
14.025
13.485
15.584
16.170
14.874
15.821
15.258
15.653
15.796
17.406
17.655
17.835
17.740
17.657
18.122
17.689
17.903
17.539
17.412
17.229
14.708
17.624
17.574
17.655
17.326
17.855
17.746
17.677
17.774
17.417
17.660
17.575
17.534
16.581
15.657
15.619
15.108
15.948
16.008
16.135
13.672
15.645
14.864
15.180
12.722
16.794
13.480
15.340
15.595
15.119
15.800
14.607
15.868
15.538
15.325
15.411
17.404
17.331
15.336
16.536
15.468
15.370
15.354
16.496
15.462
15.310
16.186
15.366
15.686
14.854
15.319
15.074
14.781
15.073
15.262
16.421
14.519
15.417
15.902
15.814
15.569
15.582
17.456
17.299
17.502
17.613
15.950
15.339
15.480
16.118
15.831
15.462
16.033
17.490
17.467
17.463
17.618
17.058
15.826
15.250
17.603
17.584
17.419
17.550
17.687
16.587
17.389
17.247
17.480
17.430
17.332
17.420
17.475
17.530
17.353
17.476
17.393
17.443
17.503
17.458
17.491
17.379
17.312
15.667
16.594
15.758
15.803
17.403
17.492
17.343
17.411
17.605
17.634
15.191
15.601
16.368
15.775
16.703
15.652
15.186
15.176
15.235
16.072
15.060
15.374
15.347
15.524
15.399
17.619
14.417
15.373
15.188
15.341
16.298
17.442
17.528
17.372
17.522
17.363
17.394
17.461
17.464
17.514
17.518
17.596
17.531
17.560
17.412
16.413
17.656
17.534
16.767
16.701
16.689
17.555
17.331
17.583
17.567
17.473
17.575
17.406
17.598
17.498
17.210
17.479
17.656
17.483
17.514
17.716
17.458
17.490
17.531
17.348
17.421
15.943
15.019
15.131
17.610
17.530
15.641
17.870
14.873
17.525
17.455
17.548
17.532
17.455
17.445
17.466
17.499
17.785
17.507
17.702
17.679
17.868
17.601
17.745
17.636
17.321
17.746
17.798
17.646
17.863
17.931
17.561
17.400
17.685
17.708
17.461
18.056
17.398
17.492
17.383
17.603
17.511
18.019
17.568
16.828
16.282
14.858
16.326
16.366
16.361
16.333
16.293
16.620
15.163
16.303
16.493
16.360
16.409
14.621
15.060
16.424
15.840
16.371
16.232
16.351
16.496
16.243
12.758
11.943
12.190
12.737
13.093
12.604
12.610
12.711
12.613
12.568
12.190
12.856
12.783
12.341
12.541
15.098
12.755
12.752
12.774
12.885
14.896
12.669
12.137
11.794
13.192
13.620
12.319
12.750
12.353
13.322
15.789
16.395
16.460
15.574
12.888
12.914
12.938
16.030
13.279
13.149
12.831
13.111
13.377
13.925
16.415
16.582
16.750
16.555
16.811
16.785
16.751
17.032
16.997
16.528
16.400
16.605
16.530
16.772
16.492
16.623
15.743
14.602
16.822
16.507
14.743
15.077
14.331
16.368
16.542
16.508
16.255
16.370
16.337
16.338
16.301
16.304
16.501
16.600
16.312
16.377
16.356
16.377
16.426
16.340
15.585
16.406
16.281
16.317
16.424
16.461
15.657
16.373
16.713
16.277
16.075
15.995
16.078
16.470
16.490
16.523
16.476
16.128
16.605
16.386
16.516
16.151
16.656
16.478
16.545
16.860
16.564
16.719
16.482
16.436
16.664
16.456
16.292
16.636
16.729
16.466
16.672
16.564
16.635
16.748
16.717
16.292
16.502
16.806
16.427
17.150
16.773
16.746
16.465
16.696
16.378
16.522
15.567
15.317
14.609
15.660
15.470
13.073
12.942
12.535
13.213
12.801
15.346
13.778
15.584
15.392
15.414
15.454
15.735
15.647
15.824
15.698
13.315
15.547
15.367
15.383
15.348
15.515
15.335
15.397
15.530
15.456
15.535
15.582
16.627
15.949
16.136
16.381
16.582
16.487
16.623
16.526
16.668
16.565
16.459
16.489
16.730
16.709
14.415
15.600
16.491
16.374
16.668
15.444
16.728
16.504
16.505
16.527
16.182
16.815
16.599
15.002
14.947
15.308
15.273
14.558
16.251
14.392
15.029
14.595
14.743
14.470
14.221
14.908
14.593
14.327
16.576
14.297
14.725
14.235
13.857
14.017
14.913
14.116
14.910
14.864
14.730
14.351
14.673
14.301
14.301
15.191
14.497
14.645
14.116
16.905
16.970
13.767
14.419
14.040
13.960
14.080
14.661
14.664
14.342
14.676
15.011
14.809
14.148
13.683
16.504
16.552
16.579
16.541
16.523
16.762
16.392
16.508
16.681
16.378
16.595
16.349
16.561
16.412
16.587
16.638
16.526
16.542
16.491
16.478
16.421
16.640
16.611
16.671
16.690
16.609
16.415
16.625
16.934
14.954
16.447
15.704
15.319
15.032
15.345
17.063
17.118
16.667
16.904
16.498
16.634
16.473
16.835
16.695
15.856
16.805
16.570
16.414
16.605
16.703
16.926
16.717
16.724
16.706
17.192
16.665
16.739
16.710
17.002
16.700
17.128
16.611
16.713
16.334
16.456
16.849
16.751
17.082
16.638
16.527
16.688
16.985
16.415
16.792
16.902
16.912
16.662
16.626
16.993
16.601
16.519
16.599
16.489
16.551
16.386
16.426
16.733
16.457
16.508
16.687
16.666
16.553
16.435
15.339
15.709
15.977
14.389
16.048
15.811
15.305
15.302
15.051
15.287
16.600
16.669
16.604
16.849
16.637
16.591
16.665
16.206
16.588
16.812
16.533
16.473
16.763
16.788
16.820
16.594
16.659
16.677
16.679
16.386
16.449
16.770
16.452
16.610
16.605
16.547
16.705
16.351
16.384
16.245
16.458
16.439
16.419
16.573
16.365
16.300
16.433
16.573
16.519
16.408
16.498
16.463
16.496
16.474
16.467
16.524
16.524
16.292
16.466
16.518
16.626
16.401
16.634
16.602
16.522
16.842
16.948
16.510
16.796
16.474
16.750
16.648
16.506
16.152
14.413
15.276
15.690
14.060
14.817
14.896
14.481
14.602
14.672
14.506
14.276
14.850
15.314
14.644
13.865
14.472
14.107
14.672
16.312
14.387
15.147
15.157
15.381
16.442
16.561
16.635
16.386
16.719
16.639
16.294
16.545
16.374
16.464
16.341
16.818
16.549
16.289
16.469
16.334
16.346
16.361
16.326
16.325
16.323
16.532
16.464
16.568
16.522
16.452
16.663
16.241
16.401
16.330
16.375
16.407
16.322
16.484
16.285
16.377
16.333
16.485
16.415
16.471
16.397
16.551
15.312
16.510
16.475
16.616
16.745
16.453
16.291
16.496
17.186
16.294
14.293
14.793
16.487
16.126
15.953
15.077
16.677
13.881
15.376
14.434
14.448
15.649
16.545
16.490
16.809
16.635
16.675
16.702
16.607
16.757
16.928
16.455
16.823
16.835
16.535
16.809
16.780
16.456
16.762
16.881
16.628
16.665
16.533
16.906
16.411
16.384
16.536
16.434
16.370
16.542
16.576
16.748
16.403
16.420
16.621
16.431
16.380
16.303
15.562
15.585
13.839
14.861
13.183
14.250
14.914
14.666
14.866
15.132
16.392
16.507
14.745
16.774
16.333
16.020
16.373
16.340
16.435
16.348
16.757
16.722
16.627
16.567
16.510
16.597
16.601
16.534
16.596
16.731
16.667
16.398
16.525
16.272
16.437
16.829
16.294
16.477
16.391
16.643
16.393
16.338
16.360
16.400
16.675
16.374
16.557
16.590
16.476
16.368
16.392
16.538
16.724
16.512
16.602
16.587
16.426
16.433
16.612
16.432
15.811
16.574
16.408
16.523
16.206
16.426
16.550
16.390
16.528
16.455
16.517
16.428
16.710
16.822
16.393
16.452
16.316
16.728
16.633
16.421
16.652
16.875
14.800
16.611
16.335
16.462
16.593
16.590
16.874
16.608
16.493
13.709
13.781
13.853
13.609
13.891
14.741
14.512
16.045
15.235
13.945
15.288
13.654
13.794
14.053
13.550
15.094
14.450
14.286
14.531
14.081
14.237
14.294
16.449
16.512
16.490
16.650
16.580
16.518
16.713
16.375
16.655
16.562
16.416
16.347
16.343
16.760
14.969
14.674
14.348
14.802
15.253
14.011
14.908
13.534
13.819
13.911
14.202
14.274
14.084
14.166
13.658
14.002
14.843
14.640
14.125
13.532
13.916
14.277
14.351
14.401
14.395
14.730
14.327
16.501
14.234
14.086
16.702
14.312
15.855
16.243
16.225
16.347
16.274
16.360
16.419
16.147
16.374
16.516
16.239
16.262
16.231
16.275
16.699
16.306
16.368
16.406
15.783
15.837
16.332
16.098
14.906
16.297
16.273
16.328
16.450
16.346
16.479
16.356
13.563
16.328
16.470
15.604
16.366
16.262
16.340
16.470
15.885
16.349
16.469
16.190
16.343
16.501
16.431
15.776
14.803
15.695
16.339
16.309
16.346
16.400
16.584
15.550
14.163
13.803
16.077
15.594
16.549
16.555
14.932
15.654
16.444
16.406
16.670
16.745
16.948
17.544
17.321
17.113
17.133
16.693
17.158
17.221
16.945
16.095
15.005
16.117
16.539
16.721
16.654
16.542
16.678
16.796
16.840
15.140
15.178
14.050
14.836
13.993
15.954
16.469
16.709
15.158
16.922
17.133
16.676
16.880
17.029
16.958
16.492
16.786
17.080
16.390
16.516
16.577
16.525
17.375
16.608
16.320
16.942
15.180
16.681
16.455
16.689
17.115
17.044
17.348
16.123
17.036
17.745
17.743
17.184
15.365
17.755
17.624
18.280
18.186
19.057
18.031
18.703
18.608
18.716
16.232
15.944
16.281
16.556
16.084
15.982
15.196
15.341
15.579
14.397
14.255
14.343
14.152
14.645
14.762
14.519
14.446
14.534
14.701
14.208
14.568
14.605
14.547
14.969
14.757
14.657
15.177
14.450
15.090
14.426
14.686
14.379
15.000
14.689
14.383
14.799
14.773
14.945
14.655
14.696
14.974
13.431
13.692
15.097
14.608
14.699
14.854
14.860
14.902
14.835
14.767
14.936
15.152
14.677
15.161
15.165
14.903
15.138
15.534
15.518
15.433
15.348
15.364
15.299
15.308
15.601
16.128
15.805
15.573
16.385
15.492
15.008
15.489
15.148
14.828
14.811
14.913
14.678
15.186
15.614
15.587
15.559
15.880
15.726
15.699
16.045
15.248
15.719
15.954
15.833
15.717
15.583
16.010
15.705
15.770
15.557
15.811
15.041
15.864
16.157
15.799
15.708
15.838
16.010
15.695
15.980
15.921
15.908
15.660
15.629
16.083
15.996
15.801
15.609
16.129
15.637
15.562
15.633
15.796
15.671
15.719
15.847
15.541
15.728
15.696
15.701
15.675
15.666
15.826
15.706
15.709
15.712
15.221
15.747
13.812
15.554
15.904
15.982
14.033
15.788
15.977
15.652
15.621
15.775
15.577
15.209
15.987
15.662
15.838
15.973
15.663
15.954
15.825
14.163
15.548
15.822
15.834
16.138
15.555
15.718
15.286
15.777
15.603
15.797
15.697
15.602
15.652
15.745
15.784
15.593
15.541
14.820
15.515
15.520
14.958
15.387
15.134
15.101
15.113
15.291
15.174
15.052
14.683
15.249
14.904
15.147
14.844
15.239
14.864
14.897
15.042
15.185
14.779
14.763
14.982
14.682
15.142
14.707
15.071
14.836
14.823
15.152
14.918
14.736
14.768
14.857
14.878
15.638
15.523
15.694
15.559
15.589
15.580
15.509
15.761
15.572
15.596
15.801
15.620
15.630
15.652
15.365
15.573
15.603
15.658
15.341
15.748
15.791
15.589
15.204
15.439
15.452
15.651
15.690
15.514
14.348
14.748
14.790
15.695
15.540
15.540
15.158
15.344
15.065
15.530
15.644
15.634
15.421
14.966
15.565
15.055
15.641
15.622
15.682
15.582
15.497
15.604
15.515
15.677
15.586
15.548
15.642
15.313
15.870
15.556
15.571
15.645
15.604
15.676
15.565
15.672
15.650
15.365
15.575
15.556
15.585
15.566
15.348
15.518
15.383
15.419
15.516
15.595
15.711
15.520
15.551
15.754
15.658
15.554
15.677
15.594
15.624
15.792
15.685
15.510
15.465
15.740
15.631
15.414
15.643
15.626
15.665
15.661
15.606
15.701
15.609
14.940
15.811
15.732
15.927
15.695
15.722
15.495
15.776
15.358
15.579
15.651
15.708
15.280
15.708
15.588
15.538
15.449
15.649
15.589
15.285
15.677
14.856
15.261
15.769
15.495
15.253
15.489
15.720
15.688
15.743
15.866
15.691
15.286
14.835
15.939
15.166
15.516
15.820
15.895
15.760
15.633
15.556
15.696
15.621
15.518
14.828
15.075
15.349
14.649
14.963
14.780
15.090
14.845
14.970
14.886
15.147
15.576
15.154
16.077
15.369
15.683
15.821
15.799
14.578
15.436
15.348
15.158
15.870
15.855
15.552
15.674
15.945
15.758
15.677
15.637
15.795
15.969
15.493
15.606
15.294
15.239
14.716
14.914
15.155
15.027
14.977
15.097
15.429
14.932
14.953
14.749
15.467
15.214
14.973
15.084
15.568
15.428
15.720
15.467
15.518
15.563
14.999
15.349
15.535
15.605
14.845
14.793
14.700
14.715
14.570
14.782
15.136
15.466
15.519
15.551
15.385
14.861
14.955
15.503
15.449
14.782
15.492
15.021
15.504
15.345
15.588
15.334
15.110
15.018
15.565
15.509
15.500
15.532
15.571
15.435
15.380
15.477
14.779
15.490
15.267
15.308
15.435
15.336
14.621
15.211
15.209
14.987
15.339
15.477
15.298
15.452
15.165
14.922
15.483
14.796
14.691
14.820
15.618
15.643
15.761
15.509
14.827
14.857
15.757
15.381
15.570
15.297
15.541
15.304
15.701
15.606
15.741
15.601
15.644
15.816
15.647
15.545
15.711
15.675
15.592
16.110
15.192
15.791
15.581
16.130
15.648
15.768
15.657
15.068
15.324
15.661
15.425
15.095
15.647
15.832
15.783
15.629
15.674
15.922
15.828
15.730
15.853
15.814
15.803
15.884
15.944
15.839
15.280
14.874
15.641
15.737
15.691
15.967
15.536
15.845
15.671
15.077
15.441
15.619
15.770
15.536
15.744
15.667
15.767
15.723
15.707
15.744
15.849
15.714
15.524
15.584
15.681
15.644
15.786
15.405
15.537
15.591
15.524
15.620
15.573
15.807
15.697
15.600
15.606
15.498
15.783
15.637
15.938
15.595
16.054
15.768
15.979
15.638
15.816
15.617
15.543
15.074
15.330
15.866
15.211
15.543
15.600
15.431
15.566
15.712
15.497
15.698
15.668
16.065
15.443
15.405
15.476
15.016
15.640
15.664
15.721
15.601
15.844
15.594
15.455
15.606
15.248
14.864
14.976
14.924
15.132
15.601
15.510
15.461
15.518
15.586
15.641
15.224
15.639
15.609
15.529
15.789
15.521
15.591
15.527
15.501
14.968
15.060
15.546
15.187
15.689
15.591
15.110
15.343
15.236
15.262
15.151
15.505
15.088
15.097
15.187
14.873
15.379
15.183
15.046
15.790
15.878
15.949
15.961
15.784
15.902
16.087
14.964
16.158
15.723
15.584
15.612
16.521
16.516
15.763
15.991
15.855
16.667
16.251
15.817
16.167
16.303
15.766
16.420
16.101
16.198
16.514
15.888
16.134
16.053
16.220
16.319
16.181
16.196
16.006
16.035
15.928
15.903
15.663
17.857
18.733
20.124
20.573
20.536
20.434
20.108
19.985
20.396
19.956
20.156
20.253
20.007
19.843
19.902
20.157
20.041
20.061
20.090
19.905
19.636
19.876
20.423
19.694
19.350
19.439
19.955
18.198
18.755
19.932
19.435
19.922
19.916
19.991
20.146
20.231
19.835
19.744
19.737
20.593
19.705
20.461
20.578
20.277
20.715
19.934
20.150
19.922
19.942
19.912
19.925
19.814
20.011
19.906
20.295
19.963
20.418
19.395
19.778
19.822
19.239
19.509
19.978
19.837
20.072
20.357
19.181
20.195
19.055
19.754
19.998
19.707
19.692
19.625
18.632
19.882
19.862
19.608
20.060
19.002
20.203
19.669
19.164
19.995
19.654
19.690
19.471
19.694
19.744
19.792
19.760
19.083
19.364
19.418
18.941
19.548
19.479
19.170
18.149
18.171
19.318
19.798
19.691
18.222
19.572
20.010
19.527
20.036
20.084
20.110
19.556
19.709
19.769
19.738
19.937
19.853
19.090
19.344
18.528
19.600
20.090
19.755
19.500
19.744
20.034
19.630
18.974
19.524
19.552
19.431
19.104
18.801
19.535
19.167
19.421
19.985
19.631
19.279
19.555
19.761
19.824
19.729
19.453
18.679
19.856
19.956
19.695
19.932
19.860
19.133
19.137
19.740
19.772
19.371
19.589
18.518
19.019
19.814
20.034
19.346
19.663
19.747
19.922
19.610
19.628
18.678
18.558
19.525
19.916
19.168
19.443
19.900
19.412
19.930
20.436
19.679
19.876
19.828
19.604
19.472
19.262
19.325
19.971
20.063
20.035
19.559
19.558
19.551
18.624
19.318
19.500
19.749
19.674
19.397
18.819
19.259
20.002
19.146
19.083
19.378
19.767
19.800
19.841
19.538
19.841
19.803
19.948
20.225
20.083
20.208
20.160
20.427
20.591
19.959
19.699
19.984
17.848
19.009
19.325
19.236
19.525
19.399
19.484
19.763
19.719
20.027
20.188
19.896
19.920
19.814
19.764
19.753
19.911
19.705
19.626
19.732
19.984
20.077
20.436
20.238
19.903
19.835
19.908
19.227
19.989
20.028
19.384
19.744
19.649
19.940
19.265
19.509
19.703
19.480
18.931
19.942
19.787
19.565
20.274
19.805
18.935
19.117
19.703
19.788
19.701
19.717
19.505
20.257
19.744
19.884
19.804
19.862
19.948
19.668
19.838
19.816
19.432
19.947
19.922
19.087
19.871
19.967
20.203
19.935
20.243
20.136
19.927
18.738
19.084
19.123
19.034
20.160
19.801
19.580
19.679
19.738
19.893
18.699
20.174
19.901
20.064
19.219
19.475
19.711
19.850
19.293
19.925
20.002
19.847
20.076
19.117
19.309
20.065
20.139
19.327
19.640
20.043
19.721
19.931
20.034
20.334
19.853
20.007
19.303
20.067
20.157
19.782
19.939
19.046
18.846
19.968
19.820
19.206
19.140
19.521
19.274
18.906
19.048
19.418
19.161
19.617
19.923
19.003
19.480
19.437
19.774
18.883
18.941
19.131
19.907
19.895
19.903
18.980
19.935
19.882
19.526
19.808
19.794
19.990
19.781
20.005
20.127
19.175
18.708
18.683
18.974
19.341
20.313
20.405
20.060
20.554
20.444
20.256
19.653
19.928
20.711
19.979
20.656
20.289
20.725
20.546
20.646
20.469
20.723
20.044
20.494
19.763
20.079
20.549
20.009
18.792
19.859
20.087
20.071
19.913
19.658
18.928
19.853
19.972
19.934
19.822
19.972
19.682
19.773
19.720
20.103
20.435
20.051
20.290
20.419
20.259
20.561
20.559
20.511
20.760
20.697
20.120
20.275
20.718
20.383
19.994
19.990
20.582
20.409
20.061
18.924
20.266
20.659
20.623
20.451
20.046
19.906
19.747
19.942
18.956
19.526
20.075
19.736
19.128
19.137
19.735
19.880
19.496
19.835
20.583
20.039
20.226
20.420
20.241
20.306
19.729
20.611
20.391
20.216
18.513
19.347
20.451
20.042
20.258
20.296
19.342
19.426
19.274
18.922
20.146
19.695
20.225
19.968
20.483
20.042
19.621
19.165
19.377
18.899
18.650
18.744
18.591
18.825
18.804
18.797
18.817
18.827
18.858
18.621
18.625
19.377
18.711
17.944
18.847
18.921
18.839
18.914
18.738
18.884
18.783
18.276
19.036
18.903
18.843
18.756
18.415
18.493
18.576
18.583
18.567
18.722
18.682
18.367
18.828
18.636
18.682
18.610
18.863
18.525
19.711
19.907
19.746
19.899
20.019
20.204
20.330
20.493
20.153
20.241
20.439
19.998
19.566
20.510
20.257
20.558
20.246
20.401
20.333
20.433
20.160
20.315
20.294
20.086
19.926
20.484
20.442
20.386
20.000
20.429
20.363
20.261
20.067
20.017
19.474
20.324
19.070
20.275
20.052
19.459
19.982
20.114
19.610
19.284
19.245
19.332
19.080
20.014
19.548
19.186
19.006
19.304
20.370
20.296
20.425
20.276
20.216
19.939
19.861
20.270
20.059
19.942
20.267
20.571
19.625
19.873
19.339
18.745
18.786
19.936
19.946
20.083
19.884
19.986
19.944
19.872
19.869
20.153
19.888
19.342
20.005
19.781
19.252
20.098
18.849
18.314
20.222
20.022
19.890
20.242
20.082
19.852
20.027
19.811
20.065
20.060
20.087
19.865
20.290
19.508
19.781
19.964
20.258
19.988
20.092
20.246
19.941
20.390
19.906
20.649
20.690
19.992
19.815
20.177
19.882
19.859
19.970
19.923
19.808
19.961
20.336
20.480
18.654
20.451
19.411
19.771
19.893
19.998
19.946
19.561
19.906
20.292
19.975
20.118
20.216
20.241
19.810
20.218
19.919
19.854
19.757
19.430
20.224
18.782
19.840
19.971
16.940
20.349
20.318
20.112
19.698
20.260
19.934
19.923
20.246
20.014
20.027
20.014
20.415
20.116
20.411
20.436
20.375
20.371
20.223
19.934
19.904
20.175
19.993
20.169
19.835
20.146
20.094
19.986
19.530
18.813
18.820
18.663
18.985
18.969
19.102
19.309
18.866
18.734
19.988
19.582
19.757
19.932
19.569
20.279
20.459
19.387
18.987
19.209
20.116
20.532
20.245
20.741
20.133
20.292
20.200
20.516
18.554
19.400
20.122
19.930
20.026
20.100
19.514
19.773
20.021
19.740
19.872
20.172
20.232
20.065
19.664
19.769
19.990
19.015
18.881
19.779
20.709
20.058
20.340
19.986
19.273
19.810
20.336
20.196
20.604
20.060
19.783
20.449
20.376
20.392
20.474
20.216
19.658
20.255
20.159
19.162
19.064
19.706
19.802
20.146
20.298
20.130
20.170
19.918
19.266
19.824
19.951
19.386
18.961
19.310
19.263
19.297
18.998
18.139
19.921
19.320
19.584
19.306
19.283
19.356
20.348
19.708
19.752
20.225
20.002
20.358
20.110
20.040
20.235
20.014
19.827
20.633
20.269
20.589
20.611
19.977
20.224
19.966
19.951
19.794
19.663
19.619
20.177
19.572
20.203
19.712
19.535
19.833
20.037
19.746
19.177
19.143
19.003
18.716
19.361
19.514
19.746
19.729
19.202
19.952
19.572
19.180
19.833
20.083
19.206
19.432
20.005
20.142
19.525
18.906
19.175
18.411
18.130
18.872
19.611
19.504
19.165
19.097
19.776
19.924
19.340
19.359
18.744
19.156
19.896
19.355
18.920
19.935
20.441
19.850
19.081
19.777
20.133
19.867
19.832
19.752
19.843
19.965
19.728
19.389
20.348
19.672
19.853
20.747
20.520
20.631
20.078
20.469
19.829
20.251
20.123
20.388
21.167
20.097
20.321
20.275
20.028
19.325
20.293
20.096
20.258
20.234
20.550
20.560
20.406
19.834
20.326
20.236
20.038
19.898
20.327
19.544
20.250
19.902
20.113
20.013
20.318
20.087
20.170
20.048
20.507
20.041
19.943
20.431
20.310
20.110
20.106
20.505
20.164
20.200
20.140
20.146
20.212
20.341
20.183
20.392
20.454
20.497
20.419
19.930
20.150
20.418
20.085
19.717
20.443
20.253
20.304
20.196
20.431
20.300
20.158
20.185
20.274
20.084
20.597
19.978
20.078
21.026
19.977
20.356
19.997
19.638
19.955
19.794
19.679
19.881
19.928
19.293
20.258
20.121
19.863
20.410
19.594
20.033
20.121
20.532
19.535
20.399
19.310
18.913
18.243
19.967
19.518
20.021
18.631
18.963
19.151
19.586
19.096
19.267
19.091
18.989
19.375
19.546
18.960
19.852
19.516
19.623
19.436
20.636
20.577
20.515
19.903
19.414
20.407
20.573
20.546
20.348
20.166
18.745
19.561
19.028
18.680
19.806
20.202
20.051
19.946
19.906
19.285
19.482
19.430
19.226
20.203
19.234
20.028
20.111
20.111
19.776
19.559
19.508
19.678
18.892
19.502
19.031
19.876
20.024
19.337
19.535
19.821
19.873
19.733
18.261
19.318
19.245
20.035
19.589
19.769
20.074
19.346
20.616
20.055
20.027
20.137
20.030
20.179
20.004
19.813
20.101
19.388
20.004
19.920
20.004
19.974
19.855
19.726
20.110
20.216
19.949
20.286
20.198
19.980
20.210
20.080
19.859
20.255
20.270
19.812
19.343
20.133
19.765
19.922
18.931
20.278
20.079
19.088
18.933
19.467
18.453
17.671
18.203
17.758
18.859
18.779
18.317
17.001
18.892
18.508
18.112
18.323
17.601
18.384
18.909
18.665
18.601
18.579
18.820
20.140
20.137
20.054
20.403
20.296
20.149
19.520
19.298
18.941
18.840
18.854
19.159
19.622
19.348
19.113
19.784
20.470
20.264
20.037
20.042
19.926
20.127
20.146
19.702
19.832
20.497
20.142
20.258
19.949
20.026
19.860
20.255
20.153
19.922
19.972
20.640
19.939
20.247
19.954
19.927
19.931
20.255
20.076
20.327
20.149
19.453
20.378
19.621
20.325
20.243
20.414
19.952
20.426
20.019
19.945
19.485
20.102
19.745
20.332
20.329
18.648
19.386
19.981
20.382
19.882
20.690
20.053
20.150
20.524
20.346
20.188
19.784
20.643
20.069
20.240
19.657
20.320
20.225
18.995
19.842
20.340
19.104
19.673
20.157
20.396
19.181
19.120
19.498
18.785
18.755
18.593
18.629
18.304
18.106
18.821
18.583
18.844
18.668
18.906
17.603
20.223
20.317
19.718
19.946
19.644
19.909
19.054
20.170
20.446
20.489
20.509
20.072
19.971
20.084
20.373
20.005
19.933
20.093
20.121
20.026
20.232
20.177
20.123
20.201
20.275
20.415
20.143
20.102
19.989
20.297
19.803
19.868
20.347
20.220
20.340
20.288
20.031
20.233
20.149
20.125
20.412
19.854
19.876
20.508
20.351
20.372
19.947
19.923
20.061
20.044
20.008
20.318
20.078
20.072
20.420
20.134
19.966
19.105
19.941
20.067
18.860
19.881
19.672
19.358
19.822
19.535
19.826
18.839
19.796
19.986
19.687
20.351
20.200
19.890
20.754
19.723
18.780
19.514
19.634
18.984
18.232
19.794
19.134
19.938
19.974
19.915
19.835
19.979
19.200
19.967
20.118
20.268
19.199
20.039
18.762
19.620
19.284
20.643
19.965
19.798
20.221
19.850
19.759
19.707
20.078
19.911
20.231
20.015
19.975
20.186
20.658
19.964
20.014
19.899
18.997
20.024
20.256
18.947
18.647
19.877
19.124
19.168
20.040
19.536
20.030
19.261
19.801
20.207
19.159
20.294
19.857
19.837
20.325
20.230
20.546
20.192
19.909
20.149
19.337
19.716
19.737
19.915
19.517
19.664
20.318
19.330
19.866
18.909
20.038
19.784
19.780
20.207
19.903
19.779
19.222
20.544
20.334
20.111
20.296
20.061
20.162
20.182
20.100
20.266
20.344
20.567
20.374
20.606
20.373
20.382
19.847
19.741
20.410
20.043
20.042
20.453
20.497
20.133
20.383
20.353
19.932
19.534
19.999
19.770
20.208
20.417
20.852
19.750
20.242
20.506
20.208
20.094
20.240
20.158
19.935
17.678
18.783
19.301
19.180
18.959
19.945
20.185
20.120
19.308
19.294
19.106
19.226
19.313
19.312
19.332
18.973
19.526
20.066
20.058
20.219
20.308
19.788
20.352
20.002
19.569
20.409
19.960
20.087
20.210
19.709
19.853
20.354
19.859
20.298
20.188
19.925
20.135
20.355
19.761
19.846
20.052
19.158
19.793
19.226
18.672
19.569
19.423
19.425
19.771
18.976
19.848
19.325
19.507
19.862
17.525
19.821
18.856
19.039
19.605
19.661
19.519
19.669
19.629
18.784
20.184
20.230
20.129
19.488
18.982
19.212
19.072
19.037
19.754
20.087
20.047
19.861
20.120
19.769
19.987
19.558
19.066
18.653
19.348
19.804
19.739
20.038
20.264
17.873
20.098
20.380
19.993
20.216
20.225
20.360
19.151
20.670
20.320
19.547
20.434
20.451
18.920
20.062
19.935
19.632
19.203
19.997
19.466
19.545
19.619
19.768
18.948
18.858
19.849
19.624
19.619
19.727
20.358
19.733
20.445
19.655
19.847
19.765
19.963
19.728
19.983
19.582
19.323
20.320
19.990
19.656
19.174
20.020
19.372
19.941
19.672
19.496
19.841
19.530
19.756
19.192
19.266
18.818
19.436
19.361
19.247
18.914
19.111
18.900
19.223
19.167
19.022
18.874
18.640
19.071
19.111
18.787
20.026
20.053
20.038
20.203
19.538
19.118
19.948
20.072
19.935
20.411
19.925
19.989
19.973
20.024
20.219
20.427
19.877
19.821
19.748
19.710
19.955
19.641
19.630
19.441
19.933
19.689
19.904
19.526
19.889
19.799
19.094
19.894
20.502
18.870
19.162
18.750
19.722
18.885
18.723
19.653
19.879
20.156
20.171
20.005
19.918
19.643
20.142
19.673
19.001
19.929
19.811
19.475
19.505
19.690
19.659
20.031
19.642
19.754
19.238
18.870
19.173
19.293
19.704
19.674
19.856
19.912
19.108
19.618
19.798
19.429
19.866
19.300
19.730
19.261
20.257
19.284
20.419
19.567
19.830
20.113
19.906
19.740
19.826
19.251
20.025
19.468
19.866
19.680
20.132
18.877
19.252
19.011
19.878
20.059
19.782
20.097
20.146
19.718
19.910
19.284
19.736
19.963
20.331
19.160
19.879
19.111
18.802
18.619
19.159
19.022
19.248
19.337
18.535
20.144
19.893
18.934
19.583
19.014
19.788
19.787
19.505
19.841
19.132
19.539
20.443
20.109
20.076
19.642
19.435
19.837
19.888
19.601
19.669
20.423
19.924
19.925
19.781
20.139
20.425
19.788
20.227
19.953
19.978
19.710
20.226
19.823
20.530
19.736
19.047
20.133
20.165
19.976
19.501
19.959
19.904
20.366
20.086
19.953
20.334
20.188
18.908
19.284
19.269
19.273
19.076
19.732
19.770
20.709
19.523
20.043
19.984
20.275
20.092
20.127
19.677
19.874
19.047
19.340
19.099
19.980
19.755
19.688
19.619
20.179
19.918
19.822
19.775
20.341
21.120
20.477
20.271
20.163
20.200
20.473
20.065
19.906
20.595
20.449
19.797
19.837
20.214
20.020
20.134
20.040
19.576
19.985
20.094
20.168
20.342
19.823
20.570
19.200
19.399
20.440
20.081
19.923
19.997
20.307
20.620
20.210
19.926
19.908
20.254
20.314
19.868
19.850
20.151
19.874
19.773
19.497
19.954
19.747
20.407
20.152
19.875
19.974
20.140
19.379
20.164
20.249
18.845
19.349
19.830
19.633
19.882
19.219
20.007
20.168
19.872
19.935
19.845
20.103
20.018
19.047
18.785
20.066
19.305
18.985
19.194
19.408
19.940
19.602
19.370
19.741
19.834
20.126
20.124
19.692
19.927
19.809
20.634
19.904
20.067
19.942
19.499
19.420
20.241
19.157
19.200
19.350
19.911
19.351
20.346
20.573
20.451
19.470
19.577
20.120
20.189
20.287
20.363
20.528
20.556
20.646
20.140
20.643
20.450
20.652
20.238
19.963
20.611
20.412
19.097
20.467
19.683
20.264
19.716
19.922
20.114
20.722
20.304
20.197
20.573
20.319
20.176
20.315
20.388
20.443
20.108
20.508
20.172
20.250
20.032
20.034
20.566
19.649
20.456
20.832
20.392
20.279
20.203
20.174
20.476
19.186
19.251
19.205
20.107
19.700
20.401
19.557
20.042
19.590
19.263
20.453
20.054
19.413
19.600
18.721
19.494
19.496
20.062
20.046
19.388
19.589
20.489
19.786
20.537
20.208
19.736
20.293
20.308
19.991
19.405
19.515
19.635
18.904
19.537
18.657
19.359
19.874
20.275
20.092
20.158
20.443
19.897
20.154
20.265
20.256
19.917
20.283
20.461
20.244
20.570
20.488
20.169
19.976
20.107
19.900
20.013
20.151
20.262
20.324
20.075
19.891
20.144
20.294
19.995
19.934
20.219
20.143
19.963
20.030
20.178
20.149
20.313
20.406
20.278
19.972
20.583
20.308
20.123
20.199
19.932
20.641
20.356
20.198
20.467
20.072
20.159
20.718
20.216
20.441
20.383
20.172
19.947
20.173
20.138
20.005
20.174
20.598
20.332
20.461
20.123
20.160
20.346
20.134
20.350
20.198
20.340
20.339
20.018
20.074
20.159
20.320
20.296
20.084
20.366
20.125
20.404
20.191
20.319
20.419
20.290
20.070
20.003
20.059
20.159
20.528
20.323
20.555
20.656
20.271
20.266
20.391
20.588
20.016
20.394
20.453
20.167
20.013
20.215
20.312
20.226
19.978
20.161
20.218
20.384
20.275
20.229
20.310
20.410
20.472
20.572
20.460
20.139
20.283
19.958
20.536
20.409
20.085
20.153
19.890
20.308
19.931
20.298
20.228
20.317
20.338
20.124
20.160
19.664
20.260
19.925
20.428
19.942
20.134
20.286
20.141
19.724
20.226
19.961
20.293
19.905
20.401
20.103
20.153
20.391
19.907
20.215
20.198
20.169
20.335
20.225
19.921
20.177
20.754
19.976
20.260
20.289
20.085
20.453
20.349
19.712
20.307
20.455
20.543
20.369
20.426
20.290
20.357
20.575
20.254
20.332
20.263
20.275
20.158
20.334
19.961
20.149
20.176
20.334
20.341
19.974
19.877
20.278
20.162
19.986
20.410
20.226
19.938
20.107
20.123
20.519
20.208
20.046
20.054
20.386
20.517
20.262
20.310
19.904
20.208
20.354
20.456
20.356
19.898
20.287
20.079
20.242
20.463
19.896
20.572
19.943
20.007
20.308
20.177
19.890
20.244
20.195
20.437
19.984
19.969
19.949
20.083
20.033
20.315
20.283
20.298
20.240
20.516
20.146
20.101
20.724
20.313
19.830
20.054
20.245
20.546
20.205
20.097
20.243
20.180
20.085
20.525
20.371
20.177
20.178
20.016
20.417
20.609
20.115
20.026
20.417
20.024
20.209
20.345
20.326
20.255
20.164
20.091
20.133
20.124
19.976
20.095
20.425
20.094
20.170
20.086
20.318
19.806
20.085
20.236
20.497
20.086
20.240
20.252
20.260
19.867
19.942
20.105
20.272
19.952
20.009
20.153
20.125
20.435
20.167
20.629
20.092
20.331
20.187
20.371
20.074
20.048
20.262
20.081
19.924
20.456
20.106
19.910
20.110
20.317
20.659
20.320
20.197
20.318
19.946
20.268
20.329
20.275
19.998
20.554
20.360
20.315
20.187
20.328
20.132
20.482
20.018
20.686
20.026
20.439
20.237
20.065
20.281
19.721
19.863
19.867
20.238
20.051
20.393
20.203
20.053
20.160
20.094
20.449
20.467
20.402
20.282
20.186
20.024
20.215
20.905
20.509
20.449
20.205
20.143
20.697
20.856
20.383
20.039
20.836
20.768
20.614
20.484
20.378
20.389
20.176
20.201
20.515
20.389
20.496
20.519
20.569
20.571
20.619
20.383
20.417
20.520
20.317
20.637
20.589
20.607
20.438
20.655
20.497
20.186
20.358
20.318
20.675
20.099
20.424
20.285
20.465
20.700
20.236
20.620
20.800
20.590
20.899
20.656
20.346
20.458
21.108
20.648
20.831
20.524
20.227
20.581
20.198
20.698
20.122
20.626
20.498
20.478
20.765
20.693
20.041
20.303
20.296
20.632
21.062
20.436
21.024
20.380
20.721
20.529
21.098
20.563
20.857
20.678
20.458
20.683
20.503
20.375
20.402
20.428
20.991
20.492
19.928
20.775
20.310
20.248
20.261
20.737
20.885
20.464
20.372
20.075
20.361
20.940
20.332
20.500
20.738
20.508
20.143
19.918
20.082
20.314
20.332
20.500
20.218
20.629
19.824
20.264
20.155
20.029
20.175
20.216
19.909
20.255
20.403
19.960
20.434
19.937
19.625
20.201
20.244
20.043
20.123
20.264
20.134
20.217
20.113
20.327
20.059
20.106
20.228
19.750
19.927
20.174
19.981
19.994
20.262
20.284
19.955
20.328
20.216
20.294
20.440
20.266
20.241
19.848
20.083
20.325
20.449
20.535
19.851
19.973
20.175
19.958
20.309
20.009
20.103
20.182
19.943
20.275
20.367
20.161
20.713
20.308
20.005
20.546
19.888
20.413
20.471
20.373
20.121
20.666
20.635
19.917
20.267
20.260
20.399
20.304
20.429
20.653
20.310
20.568
20.367
20.088
20.172
20.447
20.188
20.401
20.638
20.083
20.223
19.991
20.366
19.776
19.962
20.426
20.325
20.268
20.156
19.849
19.939
20.017
20.336
20.285
20.175
19.726
20.222
20.439
20.321
20.422
20.282
20.327
20.094
20.629
20.323
20.253
20.768
20.336
20.314
20.234
20.161
20.014
20.198
20.467
20.426
20.473
20.367
20.446
20.477
20.465
20.330
20.361
20.500
20.315
20.543
20.251
20.101
20.300
20.021
20.345
19.954
20.094
20.130
19.825
20.056
21.037
20.358
20.150
20.251
20.379
20.295
20.357
20.408
20.261
20.351
20.085
20.078
20.124
20.542
20.217
20.121
20.055
20.790
20.375
20.441
20.415
20.334
20.278
20.481
20.395
20.021
20.251
20.468
20.200
20.181
20.212
20.161
20.153
20.355
20.002
20.435
20.621
20.272
20.675
20.368
20.276
20.246
20.135
19.973
19.852
20.144
19.903
20.275
20.186
20.588
20.146
20.039
20.082
20.277
20.099
20.146
20.445
20.428
20.006
20.134
20.612
20.716
20.317
20.610
19.300
19.183
19.688
18.617
19.752
19.989
20.342
20.353
20.328
20.358
20.206
20.797
20.424
20.498
20.635
20.200
20.391
20.375
20.501
20.585
20.090
20.316
20.421
20.252
20.078
20.583
19.864
20.165
20.716
20.121
20.339
20.019
20.834
20.119
20.614
20.286
20.344
20.590
20.430
20.364
20.001
20.477
20.528
20.578
20.299
21.002
20.157
20.302
20.342
20.416
20.594
20.670
20.283
20.501
20.462
20.639
20.419
20.668
20.410
20.186
20.563
20.391
20.288
20.353
20.819
20.600
20.905
20.424
20.736
20.394
20.537
20.528
20.550
20.080
20.129
20.147
20.191
20.370
20.550
20.202
20.621
20.971
20.587
20.569
20.036
18.819
20.736
20.329
20.487
20.654
20.520
20.166
20.636
20.746
20.321
20.639
20.718
20.446
20.614
20.423
20.751
20.030
20.217
20.136
20.482
20.193
19.904
20.022
20.293
20.638
20.165
20.552
20.321
20.457
20.531
20.507
20.253
20.585
20.818
20.474
20.509
20.226
20.320
20.370
20.420
20.446
20.347
20.225
20.317
20.549
20.176
20.202
20.278
20.989
19.962
20.359
19.838
20.539
20.527
20.370
20.664
20.637
20.396
20.669
20.353
20.309
20.325
20.667
20.365
20.049
20.136
19.253
20.257
20.587
20.526
20.431
20.302
20.945
19.911
19.966
19.555
20.171
19.701
19.844
19.950
20.401
19.993
20.466
20.165
19.833
20.167
20.132
20.368
18.996
18.690
20.144
19.376
20.047
20.204
19.917
19.768
20.418
21.000
20.215
20.517
20.085
20.128
20.259
20.039
20.475
19.944
19.865
20.124
20.002
20.317
20.767
20.964
20.498
19.783
20.075
18.740
20.025
19.714
19.160
20.026
20.586
19.918
20.509
19.980
20.135
20.163
20.742
20.375
20.322
20.375
20.391
20.572
20.505
20.776
20.213
19.709
20.047
18.670
19.477
20.513
20.327
20.179
20.468
20.670
20.875
20.408
20.564
20.301
20.242
21.015
20.615
20.179
19.949
20.412
20.206
20.850
20.188
20.918
19.964
20.468
20.808
20.362
20.127
20.674
20.747
20.441
19.966
19.975
20.298
20.203
20.346
19.880
20.383
20.676
20.347
20.598
20.512
20.335
20.214
20.296
20.175
20.433
20.317
20.587
20.223
20.508
20.703
20.523
20.054
20.525
20.605
20.470
20.169
19.793
20.282
20.038
20.190
20.285
20.097
20.169
20.297
20.206
20.787
19.840
19.882
19.723
19.340
20.216
19.421
19.927
19.254
19.070
20.162
19.927
19.834
19.404
19.956
19.747
19.357
19.356
19.510
18.782
19.588
19.432
20.073
20.030
20.116
20.123
19.281
19.307
19.647
19.719
20.004
19.537
19.760
19.613
19.189
19.899
19.142
19.140
19.457
19.625
19.859
18.957
19.571
19.546
18.964
19.684
19.659
18.685
19.478
19.515
19.150
19.511
19.157
19.364
19.626
18.999
19.166
19.183
19.831
19.640
19.135
20.008
19.782
19.416
19.174
19.271
19.373
18.813
19.652
20.028
19.624
19.690
19.995
19.271
20.031
19.806
20.186
19.607
19.853
20.197
20.021
19.751
19.762
20.084
19.128
19.490
19.700
19.806
20.150
19.593
19.364
19.058
19.047
19.259
19.453
19.475
19.401
19.515
18.844
19.895
20.170
20.133
20.022
19.910
19.296
18.491
20.302
20.228
20.101
20.623
20.656
20.509
20.157
20.207
20.309
20.221
20.737
19.318
20.395
20.512
20.568
20.444
20.291
20.023
20.782
20.661
20.160
20.784
20.250
20.237
20.154
20.137
19.886
20.523
20.126
20.089
20.112
20.298
20.346
20.600
20.444
20.554
20.131
20.550
20.296
20.602
20.569
20.213
20.107
20.135
20.155
20.329
20.313
19.976
20.511
20.621
20.566
20.249
20.459
20.608
20.830
20.922
20.248
20.649
20.423
20.459
20.437
20.435
20.503
20.423
20.451
19.670
19.944
20.380
19.482
19.279
19.398
19.720
20.065
20.446
20.014
19.713
19.968
19.717
19.565
19.664
19.988
20.211
19.834
20.331
20.288
20.034
19.985
19.550
19.415
19.747
20.173
20.112
19.598
18.641
20.372
20.354
19.552
20.495
20.368
20.073
20.204
20.247
20.251
20.343
20.390
20.488
20.214
20.242
20.461
20.438
20.277
18.945
18.839
18.669
18.756
18.932
18.310
17.748
18.041
18.079
18.632
18.523
18.267
18.312
18.126
20.421
18.297
17.603
18.437
18.168
18.758
18.196
18.638
18.931
18.445
18.752
18.514
18.762
19.014
18.486
18.432
18.081
18.241
18.055
18.510
19.275
18.618
18.087
20.323
19.719
20.425
20.054
20.063
19.883
20.156
20.350
20.127
18.421
19.203
19.200
19.209
19.720
18.902
19.300
19.216
19.456
19.158
19.372
19.078
18.022
18.412
18.702
18.842
19.358
17.653
19.428
19.041
19.358
19.347
19.517
19.190
19.188
19.833
19.359
19.109
18.876
19.379
18.745
19.521
19.070
19.464
18.631
19.214
19.170
18.542
18.628
19.323
19.556
19.785
19.593
19.749
19.793
19.455
18.995
18.333
18.115
18.074
18.492
18.462
19.200
18.115
18.168
18.421
18.091
18.892
19.330
19.257
18.516
19.113
19.585
19.894
20.550
19.714
20.469
20.382
20.204
20.171
19.851
19.145
19.359
19.149
19.700
18.471
19.228
18.360
19.403
18.993
19.362
19.767
20.253
19.268
19.330
19.173
19.762
19.784
18.950
19.837
19.927
19.712
20.353
19.465
20.188
20.175
19.354
19.011
20.726
20.669
19.977
20.545
20.196
20.329
19.674
19.805
20.509
20.174
19.272
20.001
20.403
20.040
19.884
20.216
20.352
18.976
20.139
19.606
20.198
20.137
19.339
19.775
19.638
20.305
20.294
21.012
20.794
20.771
20.077
20.179
20.406
20.551
19.901
19.477
20.137
19.164
19.334
19.998
19.437
19.806
19.229
19.759
19.570
19.877
20.241
20.102
20.025
19.142
20.600
18.495
19.502
19.371
19.546
20.097
19.140
20.095
20.170
19.865
19.819
19.670
20.278
18.988
19.672
20.135
20.118
19.911
19.896
19.895
20.048
19.935
19.326
19.652
18.617
18.753
18.795
18.495
18.790
19.034
18.480
18.799
18.891
18.696
18.960
19.279
17.983
18.819
18.887
18.416
18.743
18.631
18.722
18.540
18.503
18.853
18.719
18.756
18.559
18.522
18.851
18.580
18.705
18.616
18.772
18.580
18.528
18.722
18.628
18.959
18.670
18.530
18.654
18.438
16.474
18.373
18.495
18.707
19.612
18.784
18.705
18.963
19.803
19.630
19.549
19.961
18.802
19.557
18.086
17.364
17.882
19.830
19.025
19.109
19.476
19.226
19.915
19.019
19.046
19.736
19.285
19.421
19.319
18.544
19.394
19.070
19.948
20.231
19.184
18.843
18.999
19.576
19.292
20.040
19.277
19.863
19.138
19.716
19.752
19.584
18.763
19.393
19.999
19.220
19.241
18.893
19.509
19.017
19.013
19.124
19.230
19.782
19.405
19.041
18.751
19.087
18.970
19.046
19.261
19.379
19.342
19.637
19.090
19.337
19.720
19.650
19.527
19.808
19.749
19.066
19.818
19.406
19.048
19.325
18.900
19.229
19.119
19.640
19.783
19.022
19.756
18.324
18.906
19.151
18.720
19.806
18.784
19.314
19.063
19.075
19.850
18.931
19.890
18.678
19.947
19.991
18.519
19.188
19.341
19.189
19.378
19.343
19.349
19.144
18.958
19.667
18.776
18.719
19.124
18.801
18.726
18.941
18.763
19.445
18.846
20.029
18.573
19.127
19.549
19.620
19.215
19.582
19.318
19.617
19.219
19.373
19.397
19.715
19.766
19.342
20.102
19.020
19.025
19.268
18.804
19.885
19.895
19.006
19.697
18.734
19.775
19.047
19.482
19.024
19.185
19.352
19.329
18.632
19.150
18.774
18.860
18.872
19.083
19.665
18.634
19.572
18.771
19.689
18.782
19.458
19.104
18.800
19.686
18.917
19.432
19.421
19.246
19.419
19.799
19.292
19.424
18.991
19.335
19.124
19.065
19.825
19.690
19.322
19.574
19.163
18.932
19.827
19.998
19.998
19.546
19.055
19.464
19.349
19.243
19.080
19.544
19.665
19.192
19.921
19.955
19.849
19.894
19.731
18.681
20.105
19.916
19.588
20.159
20.471
21.010
20.384
20.356
20.880
20.343
19.882
19.714
19.313
20.485
19.971
19.800
20.007
19.863
19.814
20.334
20.430
20.334
20.124
19.990
18.847
19.578
19.830
20.128
19.868
20.128
20.302
20.119
19.163
19.600
20.271
19.369
20.232
19.063
19.604
19.443
19.457
19.167
19.754
19.778
19.159
20.245
18.836
19.828
19.296
19.446
19.228
19.583
19.473
18.992
19.786
20.011
19.549
20.062
20.033
20.141
19.207
20.049
20.925
20.470
20.033
20.220
20.394
20.050
20.003
20.084
18.620
18.819
19.694
19.511
19.242
19.122
19.199
19.244
19.500
20.233
20.241
20.419
20.502
20.256
20.423
20.446
20.272
20.123
19.424
20.119
19.243
19.730
20.175
20.216
19.138
18.843
19.269
19.510
19.024
18.710
18.478
19.026
19.314
19.464
19.156
20.180
20.065
19.402
20.201
19.113
20.518
19.804
20.293
19.397
19.804
19.413
19.953
19.619
18.893
19.142
20.114
19.997
20.116
19.999
19.327
19.454
18.931
17.892
19.330
19.736
19.796
19.945
19.198
19.638
20.128
19.766
19.034
19.407
19.863
20.469
20.039
20.112
17.912
18.515
17.928
17.833
21.168
16.787
17.154
17.330
17.083
19.828
19.194
18.974
18.946
19.518
18.987
19.259
18.697
19.333
19.073
18.540
19.152
19.594
19.353
19.560
20.076
21.291
21.034
20.947
21.519
21.018
20.930
20.901
21.111
21.319
21.406
21.006
20.824
21.381
20.990
20.890
21.167
21.047
20.911
20.721
20.869
21.587
22.850
20.864
20.789
21.103
22.220
21.787
21.877
20.786
20.975
20.635
21.032
21.063
21.485
20.882
21.158
21.650
21.860
22.861
22.515
21.644
22.097
21.722
21.800
22.128
22.904
22.489
22.050
22.711
22.347
22.210
22.903
21.180
21.124
20.993
21.529
20.991
20.913
20.896
20.946
21.124
20.811
20.866
21.504
20.997
21.166
20.897
20.577
20.622
20.727
21.216
22.051
22.365
22.168
21.945
22.555
22.227
20.929
20.663
20.930
20.813
20.599
20.626
20.762
20.749
20.739
20.662
20.532
20.767
20.578
20.953
20.635
20.871
21.785
21.888
20.830
22.518
21.794
21.730
21.800
20.933
20.690
21.396
20.328
19.657
18.795
21.404
19.269
19.549
18.705
18.713
18.781
18.928
19.411
20.510
20.649
19.734
19.708
20.005
20.070
20.161
20.685
21.011
18.418
20.715
19.896
20.677
20.526
20.323
20.128
20.551
20.081
20.103
20.431
20.730
21.317
20.278
20.156
20.839
20.450
21.086
20.746
20.875
20.670
20.734
20.416
20.972
20.749
19.999
20.241
20.311
19.828
20.294
20.408
20.310
21.113
20.474
20.155
20.962
20.279
19.829
20.335
20.264
20.891
20.782
20.056
20.301
20.010
20.170
20.701
20.690
20.732
20.769
20.651
20.646
18.426
17.968
18.304
17.723
18.185
18.286
20.538
20.865
20.667
20.927
22.006
20.858
19.531
20.107
20.335
20.476
20.558
20.257
20.774
20.532
20.454
20.712
20.622
20.477
20.562
20.614
20.486
20.514
20.431
20.394
20.725
20.288
20.485
20.488
20.523
20.553
20.413
20.484
20.412
20.545
20.496
20.509
20.333
20.428
20.545
20.552
20.427
20.511
20.624
20.512
20.446
20.309
20.432
20.660
21.037
20.734
20.786
20.537
20.169
20.390
20.449
20.368
20.589
20.686
20.543
20.622
20.434
20.913
20.543
20.425
20.370
20.644
20.372
20.440
20.165
20.475
20.385
20.398
20.794
20.805
20.695
20.810
20.576
20.432
20.616
20.595
20.810
20.553
20.426
20.438
20.511
20.359
20.381
20.388
20.443
20.570
20.374
20.529
20.454
20.484
20.407
20.389
20.408
20.377
20.102
20.234
20.421
20.473
20.512
20.410
20.372
20.381
20.492
20.398
20.547
20.476
20.533
20.526
19.417
20.356
20.360
20.370
20.352
20.577
20.443
19.966
20.396
20.380
20.527
20.360
20.524
20.787
20.435
20.603
20.707
20.575
20.046
19.970
18.288
18.462
17.742
17.988
18.509
17.838
18.304
18.772
20.052
19.924
20.207
19.955
18.373
19.947
20.167
19.666
20.000
18.027
18.384
19.944
20.360
19.960
20.664
20.635
20.448
20.511
20.447
20.712
20.695
20.517
20.518
20.644
20.695
20.525
20.669
20.352
20.523
20.534
19.833
20.055
19.712
19.711
21.202
20.817
16.464
17.782
17.042
17.141
18.514
19.647
19.829
19.967
19.879
19.987
19.909
20.036
19.752
19.973
20.211
20.184
19.611
19.779
19.146
19.670
19.709
20.513
19.759
20.613
20.550
20.530
20.293
20.494
20.235
20.478
19.756
20.460
20.580
20.201
20.561
20.432
20.671
20.766
20.477
20.758
20.566
20.632
20.440
20.460
20.584
20.513
20.439
20.576
20.468
20.632
20.662
20.575
20.457
20.773
20.518
20.580
20.646
20.689
20.503
20.486
19.926
20.976
20.707
20.677
20.706
20.574
20.490
20.471
20.354
20.588
20.397
20.381
20.381
20.150
19.671
19.838
20.166
20.779
20.581
20.498
20.990
20.881
21.207
21.367
20.191
19.895
19.592
21.088
23.910
23.820
23.148
24.028
23.300
23.698
22.921
23.231
23.231
23.801
22.885
22.541
22.474
22.191
23.585
23.807
23.687
22.914
23.517
23.081
22.616
23.953
23.737
22.935
21.825
22.683
22.477
21.866
20.909
22.317
22.262
22.177
22.317
22.195
21.943
22.773
22.689
22.665
22.688
23.154
22.713
22.672
22.721
23.146
22.768
21.297
22.117
22.951
24.294
21.295
21.096
21.950
22.031
21.355
22.073
21.627
22.038
20.987
20.994
22.071
22.579
23.502
23.410
23.761
23.188
22.693
22.414
22.560
22.783
21.923
21.987
22.357
22.410
22.215
23.016
22.845
22.134
22.682
22.241
22.333
22.115
22.278
22.463
22.601
22.169
22.918
22.637
23.120
22.736
22.140
22.360
22.030
21.822
21.583
21.869
22.169
21.668
22.081
22.472
21.787
22.069
22.205
21.905
22.075
21.546
22.546
22.555
22.648
23.187
22.715
22.496
20.626
22.566
22.456
22.417
20.711
22.121
21.941
22.269
22.152
22.148
21.919
22.168
22.079
21.561
21.576
22.107
22.808
22.266
21.478
21.713
21.963
18.788
19.334
19.240
19.078
19.951
19.680
20.415
19.965
20.333
20.161
19.918
20.482
20.351
20.324
21.104
19.972
20.530
20.713
21.157
20.956
20.836
20.996
21.051
21.462
20.993
20.941
20.270
22.314
20.438
20.339
20.951
20.300
20.285
22.832
20.429
19.228
19.473
19.869
19.657
19.809
19.798
19.784
20.091
19.656
20.112
20.117
20.221
20.042
20.220
19.989
20.383
19.929
18.993
19.451
20.370
19.170
19.608
18.627
18.635
19.160
18.827
18.971
18.288
18.267
20.880
20.910
21.129
21.341
21.445
20.604
20.856
20.895
21.015
20.948
20.805
20.797
20.726
20.826
20.925
19.045
18.458
17.745
18.256
19.982
19.518
20.754
20.882
20.166
20.104
19.895
20.327
19.990
20.119
19.979
19.810
19.713
19.878
20.127
19.231
20.104
19.800
19.618
19.866
19.824
19.899
19.155
19.460
19.569
19.909
19.809
20.056
19.693
19.818
19.838
19.891
18.999
19.939
19.779
19.776
20.063
19.838
19.859
19.435
20.076
20.067
20.078
19.791
20.072
20.079
19.645
19.696
20.125
19.940
19.793
20.035
19.519
19.528
19.835
19.503
19.564
20.045
19.860
19.798
19.988
20.139
19.488
20.157
19.929
20.233
19.651
19.606
19.669
20.103
20.042
19.949
19.672
19.488
19.822
19.707
20.133
20.318
19.794
19.751
19.938
19.666
19.280
19.793
19.686
19.846
19.428
19.718
19.496
19.555
19.549
19.124
19.491
19.546
20.051
20.193
18.891
19.620
19.762
19.961
19.503
19.734
19.786
19.658
19.634
19.812
20.784
18.476
20.175
20.222
19.675
19.663
20.672
20.817
21.943
22.008
21.647
20.119
19.896
19.659
20.172
20.148
20.509
20.359
20.096
21.015
20.703
23.130
22.527
22.148
22.042
22.287
21.479
21.880
21.843
21.837
22.466
22.484
22.756
21.859
22.088
22.133
21.786
22.543
21.955
21.247
20.013
22.109
22.174
21.781
21.925
22.334
22.390
21.851
22.061
20.165
21.800
22.149
22.102
22.014
21.947
21.956
21.761
21.920
22.950
22.661
22.171
22.079
22.369
23.156
22.778
22.623
21.765
20.945
20.845
22.560
23.010
21.881
21.685
21.860
22.642
23.007
23.121
21.984
21.605
22.018
21.985
21.633
22.051
20.022
20.161
21.998
20.439
19.863
20.324
20.034
20.516
21.266
22.367
23.891
23.904
22.950
22.618
23.920
21.882
21.125
20.735
21.048
19.757
21.939
21.527
21.605
21.651
21.003
22.297
22.335
22.453
22.192
21.736
22.559
21.996
22.491
22.465
21.225
22.396
21.545
22.760
22.899
22.658
22.506
22.654
22.616
22.627
22.893
22.597
22.321
21.988
22.672
22.577
21.771
22.720
22.135
22.518
21.887
22.991
22.925
21.909
21.951
22.331
22.099
21.808
22.497
22.659
22.317
22.765
21.668
22.114
21.634
22.698
22.849
20.849
20.445
20.117
22.193
21.827
22.123
22.004
22.029
21.805
22.997
21.824
21.675
22.961
22.984
22.484
22.681
22.585
21.975
22.804
21.854
21.783
22.304
22.427
21.903
22.992
22.645
22.699
22.381
21.332
22.226
22.609
22.975
22.690
21.722
22.153
21.623
22.195
21.818
22.226
22.611
21.881
22.374
21.833
22.003
22.429
22.205
21.827
22.147
21.744
21.827
22.455
22.049
21.951
22.596
22.591
22.655
22.899
23.052
22.780
22.942
23.294
23.543
23.521
23.472
23.410
23.557
23.506
23.336
23.304
23.358
23.426
22.895
23.117
23.438
23.306
22.957
22.953
23.714
23.525
22.836
23.384
22.419
20.988
20.880
20.456
20.409
20.734
21.626
21.068
20.907
20.310
19.536
20.537
20.816
20.030
21.137
20.751
20.853
20.640
20.734
21.351
21.177
20.635
19.472
19.026
19.574
19.109
19.093
19.544
19.441
19.320
19.847
20.153
19.066
19.806
20.003
20.122
20.668
19.790
20.940
20.424
19.698
20.136
20.776
20.337
20.088
20.655
19.388
19.745
20.226
20.812
21.017
21.172
20.848
22.005
22.121
23.009
22.683
23.767
21.918
21.737
23.787
22.708
22.097
22.296
22.540
20.958
21.099
23.368
22.794
22.106
21.693
22.184
22.090
22.129
23.029
23.557
22.721
23.080
20.508
22.639
20.803
21.300
20.604
20.121
20.865
21.444
21.204
21.108
21.211
21.455
21.040
19.540
18.870
19.873
19.050
20.155
20.943
19.117
19.698
19.884
19.458
19.340
18.951
18.942
18.984
19.052
19.185
20.144
19.749
18.963
19.112
19.923
19.438
20.027
19.923
19.795
20.116
19.764
20.061
19.880
18.869
19.823
19.158
19.757
19.788
20.111
19.781
19.183
19.839
19.859
18.657
18.988
19.816
19.278
19.791
18.805
20.250
18.982
18.167
19.770
19.713
19.686
19.022
18.883
20.376
19.207
19.666
20.124
19.807
20.374
18.793
19.631
18.925
19.109
18.799
18.815
19.011
19.054
18.400
20.173
19.858
17.694
18.942
18.601
19.496
19.068
19.241
19.549
19.089
19.023
19.329
19.217
19.171
18.767
18.809
19.042
19.749
19.606
20.664
19.700
18.936
18.151
18.226
19.841
20.090
18.677
18.831
19.571
19.694
19.488
18.828
18.991
18.769
19.241
19.001
18.940
19.764
19.954
20.575
19.615
18.714
19.962
19.582
18.663
18.759
18.912
19.233
18.700
19.021
18.731
18.749
19.025
18.718
19.179
18.689
18.924
17.919
19.197
18.625
19.643
19.982
19.771
18.705
18.880
19.042
19.564
19.288
17.545
16.300
15.510
16.923
17.121
16.970
17.543
17.416
17.243
17.322
17.259
16.797
17.089
17.004
17.408
16.703
17.760
17.298
17.489
17.340
17.108
16.999
17.565
17.531
17.726
16.948
17.123
15.751
17.226
17.106
17.401
16.897
16.740
17.544
16.917
17.214
17.450
17.652
17.552
17.310
17.308
17.346
17.348
17.371
17.062
17.417
17.219
16.281
16.889
15.324
15.106
14.951
16.854
16.875
16.529
17.317
17.213
15.702
15.249
16.342
17.434
17.108
17.244
16.757
17.088
16.389
16.175
16.302
16.196
16.226
15.350
16.929
15.070
15.170
15.700
15.651
15.666
15.696
15.346
14.615
15.205
17.132
17.053
16.523
16.445
17.412
16.624
16.842
16.814
17.207
17.006
16.682
17.221
17.564
17.101
17.129
16.861
17.134
17.198
16.890
17.546
17.455
17.067
17.177
15.841
16.965
17.320
17.006
17.233
17.273
16.980
17.606
17.353
16.769
16.876
16.972
17.039
16.563
16.506
16.755
17.047
17.175
17.202
15.537
15.786
15.802
15.264
15.306
15.579
15.399
16.623
17.308
16.813
16.847
16.843
17.555
16.660
17.472
15.831
15.561
16.563
17.174
17.706
17.697
17.489
17.859
16.870
17.728
17.639
16.979
17.730
17.287
17.879
16.943
17.215
17.414
17.628
17.604
17.637
17.707
17.016
17.283
17.609
18.629
18.308
18.890
19.259
18.880
18.833
19.131
19.164
17.295
17.203
17.479
17.904
17.035
17.539
17.543
17.856
18.182
18.060
18.691
19.363
20.144
18.449
18.558
19.720
19.603
19.101
18.599
18.056
18.254
17.335
17.148
19.079
18.556
17.879
18.001
18.373
17.888
18.255
18.541
18.615
18.584
18.693
17.680
17.399
18.667
17.435
18.086
18.365
18.506
18.557
18.688
18.403
19.257
18.733
18.799
18.633
19.387
17.286
18.212
19.139
19.285
19.497
17.544
19.694
19.301
19.730
19.610
19.907
20.036
19.647
19.664
20.065
19.728
19.867
19.743
19.988
19.454
20.269
20.114
19.523
20.038
19.696
20.137
20.281
20.203
20.213
19.992
20.331
19.892
20.173
19.640
19.942
20.141
20.184
20.532
19.915
19.674
19.624
20.069
20.138
19.478
19.633
19.924
19.778
19.584
19.606
19.669
19.535
19.778
19.573
19.711
19.566
19.552
19.797
19.952
19.725
18.686
20.069
19.776
19.629
20.247
19.783
19.629
19.815
17.020
18.474
17.825
18.281
19.771
19.725
19.847
19.639
19.690
19.762
19.875
20.155
19.639
21.052
20.802
21.178
20.026
19.750
21.213
20.804
19.660
19.683
19.660
19.761
20.611
19.592
19.558
19.440
19.826
19.905
19.815
19.924
20.154
19.206
18.706
19.926
19.562
19.625
19.024
19.814
19.605
19.904
19.867
19.417
19.814
19.063
19.748
19.622
19.625
19.856
19.372
20.521
20.174
19.842
21.048
21.807
20.773
20.554
21.793
21.467
20.410
21.647
21.569
21.449
18.984
18.651
18.531
19.814
20.023
20.054
19.084
20.078
19.806
19.887
19.493
17.832
18.648
19.439
19.632
17.782
18.764
18.693
18.957
19.160
18.820
19.363
17.643
17.564
17.480
17.660
17.679
17.860
17.484
17.967
17.773
17.678
17.695
17.798
17.579
17.225
17.263
17.513
17.391
17.358
16.753
17.405
17.331
17.452
16.871
17.295
17.462
17.385
17.288
17.322
17.242
17.772
17.437
17.437
17.476
17.740
17.751
17.771
17.819
17.581
17.587
18.969
18.546
17.514
17.494
17.367
17.475
17.463
17.200
17.559
17.338
17.324
17.549
17.338
17.382
17.368
17.266
17.347
17.254
17.329
17.407
17.332
17.500
17.396
17.474
17.413
16.894
16.712
17.104
17.776
17.833
17.290
17.035
17.377
17.409
17.734
17.345
17.391
16.870
17.510
17.456
17.419
17.404
17.505
17.532
17.494
17.322
17.313
17.311
17.405
17.467
17.447
17.402
17.635
17.517
17.403
17.319
17.247
16.815
16.762
19.342
19.293
19.300
18.091
17.317
19.047
17.794
17.210
18.838
18.030
19.414
19.299
19.336
19.222
18.461
19.247
19.361
19.203
19.347
18.261
18.783
17.706
18.034
19.067
17.873
19.329
19.280
18.320
19.127
19.318
18.435
18.268
19.084
19.130
19.304
19.258
17.820
19.261
19.323
19.347
19.301
19.281
19.088
18.164
19.224
17.676
19.210
16.544
16.382
17.464
16.300
17.422
16.711
17.245
17.561
16.028
17.232
17.299
17.368
17.415
16.930
16.932
17.382
17.108
17.324
15.698
17.111
16.301
15.747
16.391
17.425
17.162
15.999
16.989
16.312
16.598
16.316
17.097
17.259
17.188
17.026
17.279
17.253
17.371
17.243
17.278
17.376
17.364
17.181
17.219
17.316
17.297
17.440
17.319
17.341
17.304
17.403
17.339
17.353
17.338
17.294
17.264
17.385
17.361
17.334
17.327
17.261
17.298
17.401
17.299
17.222
16.858
17.180
17.267
17.416
17.450
17.449
17.133
17.524
17.034
17.330
15.178
16.464
15.609
16.649
16.508
16.065
16.250
15.756
16.676
19.202
16.494
19.321
17.875
17.069
16.107
15.607
16.564
16.588
16.770
15.680
17.006
16.501
16.890
17.058
17.915
18.032
17.603
17.615
17.637
17.669
17.350
17.584
17.915
17.594
17.738
17.857
17.522
18.476
17.460
17.834
17.439
18.372
17.858
17.680
18.291
18.138
17.763
17.632
17.681
17.723
19.633
18.856
17.985
17.677
19.287
19.494
19.811
19.340
17.482
17.466
17.638
17.632
17.743
17.498
17.558
17.634
17.631
17.690
17.757
17.381
17.362
17.630
17.512
17.564
17.796
17.529
17.931
17.960
17.657
17.654
17.379
17.574
18.143
17.846
17.961
17.590
17.581
17.459
17.667
17.360
17.806
17.775
17.533
17.712
17.708
17.669
17.455
17.407
17.410
17.726
17.821
17.730
17.507
17.622
17.674
17.684
17.593
17.609
17.676
17.537
17.644
18.335
17.455
17.414
17.544
17.691
17.648
17.560
17.846
17.661
17.672
17.927
17.644
18.188
17.513
19.036
17.933
17.922
17.632
17.746
17.616
17.586
17.732
17.719
18.107
17.695
17.559
18.100
17.984
17.918
18.386
17.608
18.384
18.195
18.861
17.614
17.361
17.597
17.582
17.607
17.641
17.911
17.566
17.667
19.383
17.787
17.520
18.152
17.795
19.005
17.830
17.822
17.826
17.700
18.421
17.596
18.112
17.728
19.267
19.337
19.297
19.391
19.265
19.463
19.522
19.563
19.452
19.655
19.445
19.584
19.401
19.342
19.390
19.600
19.378
19.340
19.334
19.298
19.492
17.850
17.826
17.629
17.861
19.445
19.645
19.653
19.696
19.734
19.610
19.750
20.055
19.670
19.535
19.325
17.644
19.432
19.671
19.131
19.485
19.736
19.459
19.762
19.036
19.632
19.431
19.701
19.649
19.505
19.939
19.883
19.924
19.609
19.426
19.333
19.943
19.548
19.834
19.798
19.978
19.749
19.594
19.754
19.924
19.695
19.362
19.303
19.732
19.350
19.560
19.419
18.906
19.420
18.978
19.332
19.545
19.418
19.404
19.695
18.779
18.416
19.386
18.248
19.383
19.864
18.914
17.467
17.220
17.000
16.847
19.172
19.681
19.968
19.927
20.067
19.683
19.851
19.792
20.050
19.627
19.844
19.691
19.873
19.768
20.317
19.629
19.669
19.541
19.680
19.670
19.343
19.766
19.609
19.632
19.652
19.674
19.668
19.558
19.811
19.551
19.503
19.797
19.786
19.614
19.805
19.606
19.489
19.427
19.257
19.648
19.567
19.730
19.626
19.667
19.499
19.772
19.644
19.738
19.628
19.740
19.380
19.644
19.676
19.484
19.292
19.049
18.977
19.511
19.303
19.484
19.583
19.704
19.135
19.507
19.555
19.573
19.481
19.207
18.897
19.562
19.482
19.242
19.469
19.532
19.439
19.453
19.502
19.609
19.322
19.460
19.660
19.436
19.305
19.410
19.441
19.551
19.415
19.561
19.273
19.442
19.602
19.571
19.617
19.540
19.425
19.503
19.495
19.449
19.341
19.122
19.119
19.405
19.469
19.520
19.519
19.426
19.393
19.516
19.369
18.357
19.421
17.898
18.388
18.794
17.617
17.519
18.335
18.045
18.657
18.892
19.146
18.384
16.279
16.356
17.754
17.267
16.142
18.928
18.715
17.873
19.289
18.945
19.486
18.705
19.158
18.595
17.772
16.974
17.853
18.130
17.655
17.742
18.154
18.159
18.017
19.218
19.414
19.518
19.458
19.476
19.314
18.636
19.366
19.342
19.494
19.148
18.348
19.461
18.741
19.249
18.624
19.409
19.049
18.596
18.746
18.626
19.431
18.963
19.368
19.619
19.463
19.345
19.613
18.953
19.015
19.201
19.169
19.430
18.718
19.061
19.062
18.614
17.903
18.210
18.031
19.121
18.498
18.824
17.839
17.663
18.210
18.381
19.254
17.718
18.806
18.651
18.589
18.298
18.653
17.682
18.244
18.375
17.739
18.270
18.232
19.636
19.568
19.714
19.516
19.337
18.665
18.414
17.780
19.454
19.262
19.339
19.448
19.107
19.384
19.454
19.502
19.264
19.507
19.272
19.313
19.063
19.213
18.821
19.458
19.574
19.436
19.487
19.553
19.512
19.464
19.422
19.427
19.429
19.457
19.384
19.505
19.527
19.420
19.382
19.609
19.377
18.393
18.896
17.333
18.776
17.228
17.359
17.485
17.501
17.251
17.386
17.406
17.612
17.481
17.653
17.507
17.653
17.564
17.467
17.330
17.460
17.563
17.582
17.410
17.367
17.617
17.573
17.461
17.462
17.298
16.644
17.302
17.545
17.355
17.457
17.386
17.310
17.438
17.429
17.376
17.418
17.439
17.448
17.461
17.373
17.529
16.534
16.289
17.419
17.014
17.505
17.287
17.430
17.472
17.349
17.339
16.868
17.322
17.101
17.096
17.265
17.298
17.426
17.559
16.315
17.177
17.314
17.396
17.205
17.218
16.941
17.285
17.306
16.191
16.804
16.348
17.340
16.874
17.451
16.912
17.105
16.730
16.655
16.666
16.522
15.624
16.150
15.834
15.896
16.547
16.757
16.915
16.619
17.251
16.703
16.467
16.822
16.492
16.852
17.080
16.957
16.838
16.536
17.097
16.726
16.837
17.025
16.760
17.158
16.806
16.781
16.789
17.673
16.893
16.963
16.983
16.907
17.150
17.321
17.072
18.261
18.128
18.439
18.496
18.454
18.495
17.566
17.096
18.630
18.265
17.865
16.938
17.001
18.257
18.286
18.566
18.020
18.024
17.595
17.545
17.772
17.826
17.915
17.987
17.749
17.784
17.349
17.102
17.057
17.248
18.260
18.350
18.476
17.879
18.337
17.254
17.968
17.838
17.721
18.758
18.080
18.152
18.164
17.834
18.334
18.351
18.451
18.560
18.268
18.501
18.623
18.402
18.527
18.437
18.310
18.360
18.408
18.260
18.420
16.841
18.103
18.361
18.482
18.303
18.299
18.220
18.406
18.321
18.207
18.217
18.438
18.587
18.255
18.025
18.284
18.418
18.455
18.358
18.584
18.376
18.495
18.479
18.341
15.271
14.011
16.821
15.148
18.361
18.089
18.468
18.021
18.242
18.245
18.670
18.343
18.418
18.274
18.283
17.252
18.515
18.349
18.273
18.492
18.384
18.373
18.626
18.607
18.525
18.564
18.393
18.354
18.374
18.384
18.468
18.444
18.637
18.421
17.923
17.276
17.880
18.299
18.514
18.218
18.409
18.621
18.407
18.402
17.887
18.423
18.167
18.333
18.234
18.500
18.467
18.427
18.468
18.003
18.180
18.396
18.394
18.479
18.380
18.409
18.384
18.328
18.557
18.519
18.463
18.345
17.927
18.368
17.719
17.727
18.506
18.068
18.337
18.332
18.124
18.304
18.715
17.984
17.659
18.284
18.433
18.307
18.243
18.619
17.905
18.027
18.536
18.364
18.301
17.672
18.383
18.239
18.091
17.805
17.976
17.012
18.377
17.968
18.369
17.057
17.810
17.740
17.512
17.666
17.773
18.044
17.968
17.814
18.373
17.207
17.721
17.172
16.853
17.565
18.501
18.363
17.189
18.113
18.451
17.817
17.189
16.880
17.916
18.008
17.054
17.829
15.188
13.795
13.538
18.293
18.460
17.507
18.792
18.420
18.153
17.899
18.052
18.298
18.090
18.279
18.437
18.464
17.700
17.916
17.475
18.248
17.547
18.601
18.345
18.512
18.640
18.457
18.213
18.354
18.269
16.967
18.055
17.724
18.364
18.333
18.352
18.181
18.472
18.642
18.440
18.393
18.532
18.523
18.405
18.390
18.536
18.474
18.585
18.636
18.375
18.807
18.568
18.480
18.554
18.560
18.557
18.609
18.333
18.055
17.820
18.101
16.985
17.565
17.503
17.271
17.734
17.843
17.963
17.894
17.913
17.627
17.648
17.706
17.772
17.253
17.472
17.677
17.763
16.249
17.673
17.406
17.383
17.483
17.520
17.727
17.388
17.699
17.611
17.782
17.449
17.817
17.696
17.300
17.700
17.768
17.660
17.761
17.496
16.850
17.800
17.800
17.124
16.888
17.160
17.391
17.540
17.336
17.481
17.399
17.676
17.699
17.495
17.775
17.720
17.925
17.775
17.406
17.979
17.429
18.121
17.805
17.356
17.592
17.391
17.568
17.781
17.544
17.835
17.484
17.501
17.646
17.613
17.605
17.510
17.314
16.943
17.608
17.046
17.468
18.182
17.838
17.697
17.107
17.910
17.309
17.332
17.478
17.294
17.528
17.685
17.634
17.539
17.495
18.157
17.911
17.717
17.464
17.735
17.670
17.502
17.719
17.791
17.622
17.868
17.256
17.580
17.694
17.458
17.620
17.557
17.387
17.599
17.893
17.811
17.985
17.869
17.700
17.756
17.565
16.372
17.667
16.975
17.535
17.145
17.745
17.441
17.701
17.487
17.544
17.743
17.577
17.773
18.091
17.881
17.895
17.527
17.935
17.717
17.653
18.173
17.738
18.026
17.944
18.374
17.417
17.292
18.491
17.541
17.767
17.851
17.897
18.088
18.180
16.956
17.234
16.822
17.352
17.050
16.875
17.154
17.228
17.157
17.428
17.046
16.897
17.205
16.965
16.913
17.021
16.795
16.808
16.980
16.788
17.046
16.967
16.936
17.330
17.281
18.067
17.207
17.375
17.116
16.948
16.239
16.570
16.693
17.079
16.957
17.047
16.625
16.573
16.856
17.078
16.897
16.825
16.744
16.550
16.601
17.070
17.483
17.193
17.117
17.044
17.088
17.339
17.537
17.371
16.929
16.848
17.386
17.147
17.259
17.044
16.942
17.478
17.087
17.017
16.830
17.091
17.145
16.998
16.711
17.088
17.166
16.864
16.963
16.919
17.185
16.923
17.103
17.485
16.961
16.699
16.950
16.636
17.093
17.143
17.063
16.825
16.845
17.484
16.808
16.855
16.860
15.980
16.765
16.849
16.977
16.511
16.590
16.751
16.905
16.753
16.705
17.146
16.534
17.510
16.753
16.735
16.649
17.116
17.392
17.133
15.195
17.533
16.937
17.678
17.142
17.359
17.857
18.157
18.038
17.861
17.834
17.919
16.833
16.745
17.400
17.021
17.089
17.429
17.196
16.387
17.254
16.791
17.281
16.998
16.804
16.884
16.840
15.080
16.988
16.741
16.931
16.696
16.627
17.131
16.939
17.277
16.399
16.589
16.916
16.589
16.969
17.366
17.560
17.483
16.681
16.864
17.053
17.234
16.523
17.174
16.951
17.005
16.619
16.781
17.217
17.019
17.012
17.775
16.797
17.493
17.418
16.745
17.234
16.588
16.841
17.042
14.673
16.953
16.836
18.770
16.939
17.129
17.232
17.338
16.618
17.062
16.869
16.992
17.124
16.971
16.767
16.982
17.155
17.004
16.823
16.992
17.043
17.184
16.984
17.148
17.056
16.933
16.899
16.624
17.114
17.063
16.926
17.237
16.861
17.251
17.011
16.869
16.833
17.172
16.828
17.692
16.844
17.096
17.361
17.295
17.142
16.985
16.620
17.169
17.260
17.051
16.968
16.925
17.470
16.967
16.919
16.396
17.147
17.321
16.741
17.326
16.577
17.012
16.712
15.654
16.155
15.315
16.089
15.936
15.345
15.699
15.834
15.545
16.019
15.975
16.576
16.706
16.600
16.220
16.256
16.861
16.162
16.632
16.408
16.945
16.088
16.428
16.801
16.323
15.668
16.230
15.653
15.743
16.655
16.375
16.142
15.775
15.732
16.229
16.782
16.257
16.160
15.788
16.569
16.214
16.904
15.471
16.390
16.081
15.930
17.389
15.424
15.708
15.841
15.555
15.684
16.369
16.027
16.248
16.990
16.529
16.310
16.140
17.089
17.679
16.991
16.686
16.625
16.545
16.564
16.774
16.520
16.214
16.461
16.554
16.348
17.086
17.129
16.808
16.405
17.812
16.360
16.503
16.621
16.392
15.456
16.708
16.047
16.153
16.118
15.917
17.165
17.421
16.172
17.248
15.576
16.240
16.363
16.343
16.146
16.401
16.543
16.367
16.199
16.754
15.786
15.685
15.701
16.248
16.803
16.221
15.645
15.904
16.245
16.385
16.167
16.288
16.607
16.145
15.868
16.284
16.210
15.962
16.172
16.206
16.927
16.207
16.315
16.752
16.765
16.207
16.028
16.569
15.854
16.087
16.278
16.358
16.701
16.224
16.646
16.138
15.984
16.513
16.238
15.519
15.678
16.182
16.419
16.245
16.361
15.903
16.023
16.017
16.302
16.712
15.739
16.130
17.529
15.529
16.348
16.340
16.428
16.205
15.871
15.852
15.745
16.019
16.111
15.728
15.630
16.077
15.781
15.867
16.174
16.491
17.496
16.761
16.467
16.545
16.340
16.259
17.110
15.856
16.310
16.363
15.959
17.465
16.229
15.572
17.758
17.958
17.400
17.105
16.528
15.515
15.985
16.096
16.192
16.233
17.860
18.664
15.769
17.013
17.058
16.719
16.213
16.743
16.973
16.398
16.737
17.733
18.510
17.089
15.869
15.984
17.761
18.197
18.443
17.842
16.293
15.470
17.418
17.181
17.035
17.031
17.437
17.901
18.117
18.400
18.048
18.025
16.883
17.800
17.855
18.014
16.425
17.802
17.423
17.725
18.169
18.511
16.304
17.518
15.777
16.290
15.643
15.965
15.779
16.490
17.675
18.563
18.796
17.702
18.551
18.381
18.287
18.304
18.255
18.103
18.292
18.068
17.799
18.219
18.557
17.779
17.730
16.792
18.759
17.601
18.150
18.263
18.188
18.903
17.805
18.383
18.724
18.178
18.622
18.896
18.293
16.487
16.708
16.186
16.706
16.357
17.833
17.876
16.425
18.257
16.898
17.296
16.409
16.086
15.619
17.774
16.250
15.918
15.354
15.597
15.913
16.851
15.765
15.864
15.743
16.203
15.777
15.707
15.448
16.202
15.983
16.461
16.149
16.218
16.125
16.067
16.259
16.321
15.964
15.996
16.688
16.792
15.967
16.213
16.550
15.862
16.204
15.725
17.601
16.021
15.872
15.977
15.795
15.561
15.864
15.698
15.859
15.832
15.672
15.899
15.708
16.571
16.910
16.801
16.812
16.223
16.113
16.106
15.737
16.348
16.823
17.162
15.819
15.756
15.393
14.865
14.952
15.226
14.957
14.857
14.827
15.608
14.681
15.046
15.116
14.819
14.700
15.342
15.128
15.208
15.815
14.921
15.257
15.514
15.670
15.629
16.057
16.184
16.605
17.121
17.176
16.560
15.918
17.283
15.816
15.724
16.203
16.295
15.810
16.122
15.833
16.194
15.641
15.632
15.608
15.625
15.780
15.940
16.592
16.247
15.683
15.476
15.858
15.503
16.081
15.772
15.557
15.830
16.076
15.654
15.923
15.972
16.299
15.859
15.809
15.704
15.570
15.714
15.476
15.885
16.338
15.931
15.316
15.682
15.160
16.505
15.140
15.573
16.008
15.638
15.600
15.552
15.639
15.778
15.877
16.156
16.052
16.439
16.288
15.956
15.910
16.064
16.700
15.703
15.869
15.930
16.365
15.424
15.496
15.362
15.348
15.307
15.846
14.767
15.143
15.216
14.773
14.672
14.646
14.816
14.771
14.909
14.960
14.616
14.843
14.626
14.693
15.011
14.724
14.794
14.728
14.894
14.681
14.787
14.711
14.892
14.545
15.034
14.773
14.764
14.609
14.663
14.636
13.911
13.866
14.600
14.886
14.576
14.656
14.737
15.137
14.744
14.735
14.658
14.667
14.730
14.633
14.780
15.411
14.952
14.991
14.613
14.854
14.857
14.576
14.656
14.630
13.321
14.620
14.639
14.657
14.635
14.470
15.005
15.086
14.721
14.625
14.533
14.630
14.632
14.581
14.744
14.629
14.630
14.597
14.562
14.700
14.706
14.630
14.377
14.375
15.075
14.967
16.063
15.848
16.579
16.275
16.588
16.113
15.849
16.685
16.414
16.073
15.532
15.494
15.910
16.006
15.780
15.357
15.274
15.615
16.024
16.915
17.012
16.716
16.909
15.778
17.104
16.945
16.946
16.873
16.940
16.807
17.105
16.942
16.685
15.397
16.779
16.735
16.684
16.625
16.672
16.842
16.936
16.988
16.500
16.634
17.134
17.060
16.745
16.516
17.291
16.612
15.549
16.982
16.919
16.852
16.787
16.543
16.748
16.791
16.873
16.730
17.838
17.950
17.749
17.977
17.576
16.687
17.028
16.878
17.114
16.833
16.917
16.848
17.071
17.031
16.525
16.921
16.693
16.567
16.956
17.247
17.504
17.330
17.437
16.593
16.542
16.764
18.185
19.052
18.774
18.907
18.792
18.631
18.772
18.655
17.850
19.037
17.824
18.863
19.094
19.049
18.424
17.742
18.255
18.473
17.863
18.236
18.343
17.763
18.070
17.811
18.220
18.036
18.974
19.442
19.677
17.321
19.541
19.157
19.495
19.424
19.387
19.509
19.935
19.523
19.505
19.463
19.367
19.668
19.714
19.649
19.442
19.579
19.899
19.462
19.803
19.531
19.706
19.643
20.010
19.596
19.881
19.783
18.634
19.516
19.208
19.375
19.029
19.674
18.703
19.156
19.938
19.837
19.797
19.407
20.074
19.298
19.153
19.230
19.629
19.585
19.004
18.654
18.428
18.386
18.310
18.683
18.353
18.659
18.163
18.183
17.894
18.432
18.545
18.515
18.462
18.141
18.829
18.811
18.912
18.888
18.222
17.654
17.984
18.654
18.471
17.687
18.246
18.258
17.713
18.518
18.498
18.620
18.600
18.581
18.239
18.438
18.229
18.363
18.086
18.325
18.565
18.243
18.400
19.086
17.078
18.020
18.152
17.188
18.089
18.205
18.676
18.143
18.397
17.942
18.219
18.210
18.046
17.758
18.409
18.791
17.970
17.429
17.798
17.720
18.542
17.921
17.242
18.618
17.972
18.265
18.952
19.031
18.046
18.118
18.243
19.015
18.444
18.078
17.914
17.706
18.026
18.474
18.223
18.054
18.107
17.801
18.807
18.109
18.101
18.957
17.897
18.003
18.625
18.634
18.262
19.310
18.689
19.118
18.700
19.036
18.751
18.075
18.560
18.972
18.824
19.684
18.426
19.648
18.675
19.940
18.483
18.532
19.862
19.726
19.372
19.529
20.044
20.252
19.984
19.021
19.165
20.367
18.659
19.736
18.707
19.315
19.508
19.525
19.198
19.155
19.146
18.769
19.461
18.998
19.148
18.764
19.395
18.833
19.335
17.863
16.858
18.135
18.958
18.934
18.759
18.174
18.898
19.571
19.991
19.755
19.981
19.643
19.545
19.596
19.927
19.911
20.182
19.124
19.532
19.765
19.578
19.941
20.127
19.858
19.691
19.726
20.081
19.953
19.917
20.117
19.765
20.488
19.848
20.271
20.182
20.114
19.920
19.788
19.858
19.808
19.708
20.121
20.269
20.269
20.349
19.880
19.954
20.001
19.697
19.837
19.469
19.838
19.550
19.773
20.353
20.245
19.848
19.730
19.801
20.285
20.360
20.073
19.868
20.019
20.228
19.982
19.715
20.241
19.998
19.852
20.084
20.460
20.265
19.543
20.139
19.489
19.591
19.053
19.313
19.286
17.533
19.149
19.012
18.962
18.570
19.309
19.051
19.263
19.033
19.047
18.916
19.328
19.793
19.187
19.278
19.103
19.207
19.128
19.947
19.608
19.183
19.131
19.290
19.660
20.025
19.350
19.583
19.389
19.633
18.030
17.674
19.177
19.618
19.642
19.539
18.353
19.843
20.114
20.012
18.905
18.951
19.916
20.429
20.157
19.984
19.996
20.003
19.894
19.649
19.210
18.766
19.214
19.109
19.976
20.176
19.785
19.160
19.924
20.195
18.348
17.103
19.713
18.143
18.959
19.373
18.765
19.876
20.206
19.213
19.400
19.181
19.510
19.199
19.896
20.408
20.231
19.923
21.253
21.575
22.194
21.479
21.778
21.659
21.466
21.891
23.861
23.106
23.227
23.635
23.707
24.171
24.014
23.695
24.216
23.447
23.802
23.558
23.698
23.417
23.709
23.576
23.531
23.597
23.962
23.920
23.343
23.718
23.407
23.517
24.375
23.734
23.816
23.598
24.229
23.947
23.567
23.666
23.520
23.878
23.303
23.867
22.242
22.715
23.344
23.294
23.696
24.084
23.544
23.591
23.592
23.889
23.654
22.070
23.988
23.604
23.692
23.980
23.587
23.956
23.988
23.833
24.425
23.882
23.610
23.918
23.838
24.128
23.579
22.851
23.149
22.865
23.977
23.954
23.815
23.880
24.032
23.967
23.963
23.708
23.766
24.142
24.221
23.976
24.472
24.299
23.788
23.538
22.772
23.544
24.093
23.446
23.049
23.644
23.234
23.519
24.011
23.949
23.818
23.532
23.804
23.571
23.897
23.882
23.582
23.698
23.449
23.800
23.464
23.611
24.213
24.129
23.096
23.841
24.012
23.893
23.604
23.863
23.780
23.654
24.377
23.963
24.431
23.702
24.376
24.182
24.061
23.952
24.053
24.078
23.670
23.338
23.517
23.430
22.453
22.986
22.976
23.065
23.374
22.666
22.826
23.661
23.510
23.040
23.651
23.923
23.333
23.794
24.155
24.171
23.358
24.252
23.901
23.833
23.814
23.505
23.457
24.071
23.799
23.712
23.958
24.454
24.253
23.893
24.181
24.117
23.969
24.665
24.680
23.799
23.383
24.185
24.564
23.279
23.905
24.315
23.874
23.908
23.403
23.715
24.319
23.830
24.131
23.548
24.111
23.398
23.637
23.536
23.667
23.853
22.888
23.659
23.878
23.623
23.718
22.239
22.804
24.043
23.022
22.906
22.794
23.660
22.894
23.019
23.269
23.205
23.193
23.591
22.967
24.148
23.169
24.024
23.822
23.875
23.889
23.486
24.056
24.396
24.306
24.809
24.510
24.352
22.654
22.934
23.129
23.952
23.685
23.685
23.615
23.827
24.410
23.723
24.199
22.042
26.465
23.671
23.013
26.168
24.220
25.031
25.026
26.029
24.737
26.000
23.051
26.077
24.729
22.021
24.010
25.474
24.327
25.563
25.330
26.002
25.378
24.162
25.093
24.857
23.561
23.922
23.736
23.979
24.231
22.022
26.235
23.704
24.098
23.883
23.993
23.943
23.570
23.286
24.667
23.625
23.192
23.023
23.623
23.684
23.767
24.091
23.886
23.428
23.611
23.612
23.690
23.543
23.358
22.204
23.435
23.587
24.253
23.619
23.501
24.076
23.453
23.935
23.725
23.800
23.858
24.108
23.887
24.295
23.908
24.529
23.829
23.506
23.604
23.868
23.734
23.340
23.643
23.603
23.836
23.489
23.702
21.808
23.751
23.972
23.681
24.012
23.982
23.600
23.532
24.221
24.019
23.823
23.640
23.794
23.380
24.109
23.542
23.950
23.721
23.583
23.831
23.881
23.624
23.401
24.406
23.974
23.629
23.416
23.800
23.713
23.969
23.632
23.877
23.753
23.392
23.523
23.705
23.956
23.741
23.669
23.665
23.790
23.554
23.883
21.354
23.706
23.572
24.187
23.965
23.794
24.287
23.528
23.834
23.585
23.579
23.727
24.019
23.810
23.973
23.961
24.121
23.996
23.327
23.872
23.842
23.548
23.941
22.919
23.457
23.396
23.906
23.900
22.873
24.086
24.071
24.218
24.280
24.316
24.092
23.704
23.617
24.006
24.390
23.754
22.694
22.877
22.586
21.693
22.247
21.906
22.003
22.350
23.647
23.048
22.843
24.004
24.250
23.592
23.204
23.379
22.711
22.182
23.508
24.425
24.185
23.934
23.988
24.134
24.068
22.315
23.891
22.537
21.898
23.356
23.284
23.648
23.693
23.127
24.138
24.054
24.123
23.781
24.109
24.015
23.891
23.623
24.026
23.689
24.515
23.605
23.818
23.590
23.860
23.652
24.216
24.104
23.756
24.530
23.801
23.852
24.304
23.721
23.630
24.101
23.639
24.322
23.742
24.310
24.603
23.839
23.777
23.656
21.853
23.919
23.463
23.597
23.662
23.705
23.777
24.370
23.990
24.120
23.790
23.121
23.606
23.778
23.581
22.588
23.175
22.761
23.253
23.024
23.189
23.501
23.262
24.045
21.961
21.821
21.067
20.857
21.394
20.841
22.846
22.725
23.164
23.442
23.478
23.537
23.448
23.448
23.461
23.956
23.323
23.736
24.015
24.108
24.180
24.313
24.042
24.497
23.296
22.838
23.868
23.844
24.238
24.400
24.274
24.290
24.423
24.360
24.217
24.533
24.190
24.891
22.675
24.086
23.297
23.116
23.266
22.746
24.879
25.225
25.156
24.986
24.954
24.714
24.598
24.807
24.685
25.082
24.767
25.242
24.807
24.599
25.018
24.904
26.905
27.071
26.943
26.695
27.014
26.649
26.838
26.831
27.106
26.983
27.071
26.690
26.653
26.541
26.459
26.446
26.612
26.386
24.871
26.557
26.405
26.798
26.608
26.552
26.472
26.627
26.994
26.278
26.400
26.393
26.660
26.558
26.292
26.413
26.592
26.096
26.494
26.578
26.506
26.329
26.676
26.717
26.081
26.826
26.034
26.456
26.301
26.892
26.535
26.338
26.006
26.402
26.582
26.312
26.239
26.097
26.921
26.229
26.607
26.462
26.553
26.169
26.312
26.694
26.697
26.433
26.162
26.947
26.322
26.804
27.148
26.277
26.664
26.327
26.395
26.165
26.408
26.436
26.355
26.331
26.379
26.303
26.246
26.209
26.627
26.581
26.510
26.564
26.929
26.072
26.448
26.270
26.335
26.290
26.491
26.985
26.260
27.016
26.404
26.934
26.518
26.476
26.388
26.267
26.407
26.464
26.908
26.580
26.883
26.490
26.493
27.189
26.761
26.457
26.388
26.684
27.102
26.336
26.488
26.414
26.504
26.504
26.468
26.578
26.234
26.586
26.862
26.478
26.739
26.196
26.225
24.624
26.855
26.286
26.528
26.535
26.652
26.982
26.637
26.499
26.374
26.194
25.806
26.444
27.068
26.172
26.436
26.506
26.536
27.106
27.103
26.461
26.428
26.674
26.596
26.772
26.468
26.540
27.237
26.663
26.721
26.161
26.372
26.418
26.000
26.347
26.457
26.499
26.430
26.384
26.431
25.919
26.407
26.384
26.304
26.236
26.226
26.396
25.934
26.135
26.134
26.657
26.219
26.634
26.325
26.045
26.433
26.376
26.467
26.459
26.854
25.892
26.629
26.670
26.526
26.116
26.531
26.397
26.103
26.606
26.279
26.140
26.041
26.619
26.653
26.754
26.160
26.130
26.376
25.692
26.114
26.075
26.381
26.222
26.202
26.307
26.341
26.404
26.743
26.484
26.419
26.642
26.596
27.142
26.503
26.563
26.678
26.396
26.533
26.436
26.730
26.467
26.187
26.246
26.578
26.543
26.416
26.365
24.903
26.614
26.267
26.294
25.853
26.502
26.303
25.914
26.269
26.307
26.411
26.883
26.210
26.417
26.555
26.439
26.555
26.425
26.691
26.559
26.582
26.960
26.714
26.624
24.680
23.793
26.791
26.594
26.724
26.733
26.421
27.081
26.475
26.915
26.743
26.554
26.567
26.999
26.633
26.506
26.980
26.471
26.585
26.828
27.012
26.533
27.034
26.601
26.699
26.605
26.078
26.419
26.353
26.770
26.102
26.380
26.391
26.520
26.469
26.551
26.212
26.352
26.815
26.609
26.135
26.552
26.511
26.593
26.370
26.272
26.103
27.051
26.591
25.794
26.374
26.247
26.974
26.479
27.085
26.426
25.897
26.421
26.399
26.245
26.616
26.477
26.370
26.561
26.367
26.335
26.479
26.528
26.563
26.786
26.971
26.847
26.337
26.353
26.637
26.442
26.166
26.418
26.226
27.168
26.851
26.425
26.883
26.248
26.620
26.650
26.355
26.540
26.620
26.234
26.834
26.774
26.474
26.868
26.424
26.750
26.749
26.601
26.454
26.112
26.329
26.536
26.182
26.129
26.928
25.788
26.503
26.426
26.749
26.783
26.387
26.475
26.163
26.390
26.065
26.764
27.176
26.452
26.268
26.442
26.443
26.601
26.389
26.815
26.814
26.661
26.335
27.012
26.736
26.523
26.249
26.747
26.389
26.357
27.134
26.433
26.380
26.441
26.550
26.369
26.813
26.614
26.663
26.640
26.582
26.583
26.470
25.912
25.412
24.776
25.390
25.097
25.078
25.223
25.338
24.769
26.013
25.118
24.827
25.971
25.118
22.652
23.865
24.700
25.071
24.680
24.209
26.484
26.567
26.502
26.575
26.428
26.201
25.203
25.018
25.064
24.632
25.398
24.481
24.504
24.903
24.434
23.889
24.284
24.664
24.785
24.635
24.823
25.197
24.676
26.698
25.572
24.931
26.755
24.512
24.678
24.512
24.594
24.965
24.700
24.648
24.524
24.581
24.367
24.312
24.761
27.207
24.278
24.570
25.282
24.867
24.694
24.708
24.359
24.311
24.381
24.995
25.085
24.726
26.603
25.229
25.298
25.367
25.155
26.968
24.839
24.552
25.083
25.498
23.304
24.253
24.666
24.726
25.074
24.565
23.972
24.527
24.837
24.463
24.809
24.611
25.072
26.512
25.705
25.841
24.655
24.399
22.804
23.421
23.308
23.332
23.104
23.343
23.630
23.312
23.300
23.429
23.412
23.155
23.404
23.439
21.823
23.333
23.287
23.367
23.417
23.426
23.415
24.648
25.820
26.485
26.475
26.516
26.422
26.594
26.426
24.372
26.893
24.926
24.574
24.580
24.754
24.392
25.583
23.811
24.540
26.421
26.649
26.573
26.563
26.447
26.447
26.452
26.479
26.411
26.600
26.392
26.321
26.524
26.412
26.385
26.794
26.528
26.742
25.761
24.463
24.475
26.889
26.918
24.531
24.856
24.688
25.205
26.276
24.728
26.505
26.971
24.346
24.212
26.308
24.526
24.509
24.710
25.505
24.670
26.626
26.993
26.363
26.284
26.403
26.488
26.519
26.471
26.481
26.446
25.996
26.308
26.465
26.137
26.568
26.519
26.510
26.411
26.363
26.421
26.443
25.211
24.271
26.508
26.683
27.097
24.507
27.238
24.938
24.888
24.565
25.023
24.657
23.544
24.651
26.641
26.325
26.739
26.743
26.989
26.655
26.681
26.808
26.238
26.465
26.607
26.104
26.329
24.638
25.732
25.722
24.972
24.457
26.571
26.427
26.485
26.159
26.520
26.434
26.395
26.630
26.477
26.392
26.510
26.675
26.507
26.529
27.055
24.897
26.744
26.394
25.883
26.364
26.367
26.312
26.709
25.329
24.500
24.695
24.410
24.539
24.330
24.601
24.490
24.299
24.680
25.091
24.773
24.774
24.776
24.750
24.743
24.797
24.981
24.302
24.832
24.727
24.336
23.505
24.399
24.495
24.632
24.521
24.462
24.322
24.540
24.162
24.646
24.819
25.082
24.329
24.570
24.702
24.506
24.874
24.384
23.962
24.322
24.369
24.818
24.278
24.373
24.770
24.645
24.397
24.787
24.569
24.694
24.469
24.518
24.512
24.271
24.878
24.561
24.559
24.861
24.796
24.791
24.841
24.582
24.932
24.488
24.631
24.846
24.845
24.667
24.723
24.645
25.183
24.557
24.489
24.691
24.404
24.272
24.877
24.949
24.804
25.139
25.122
25.324
24.512
24.742
24.455
24.484
24.329
24.356
24.594
24.562
24.455
25.017
24.419
24.379
24.669
24.684
24.241
24.804
24.603
24.615
24.478
24.515
24.562
24.650
24.957
24.450
23.502
24.432
24.934
24.835
24.905
24.739
24.712
26.489
26.669
26.589
23.063
26.691
25.079
26.255
24.678
24.590
25.077
24.525
25.235
24.835
26.838
25.743
24.769
23.908
26.651
25.270
26.098
27.058
26.302
27.123
25.033
26.533
24.814
26.600
26.954
27.085
25.604
27.134
27.125
26.946
27.107
26.390
26.815
26.527
26.793
24.498
24.798
24.833
24.739
24.249
23.169
23.454
23.389
22.617
22.770
22.827
22.697
22.826
23.167
22.485
22.487
22.325
22.327
22.743
22.435
22.310
22.320
22.710
22.348
22.303
22.206
22.580
22.335
22.385
21.260
22.169
22.111
21.932
21.794
22.347
21.590
22.037
21.303
22.124
22.316
21.652
21.568
21.991
21.654
22.178
22.409
22.398
21.581
21.860
21.945
21.240
21.607
21.111
21.472
21.966
21.126
21.457
21.847
20.898
21.458
21.590
21.382
20.852
21.158
20.697
20.899
21.362
20.976
21.470
21.276
20.896
20.991
21.363
21.658
20.856
21.234
21.489
21.171
21.578
21.328
21.463
22.103
21.762
21.341
22.189
21.558
21.843
21.460
21.598
21.593
21.926
21.832
21.845
21.699
21.758
21.491
21.056
20.965
21.284
21.382
21.974
21.870
21.211
21.368
21.088
21.471
21.474
21.076
21.099
21.664
21.571
22.291
22.308
21.977
22.302
22.245
22.307
22.207
22.310
22.285
22.168
22.305
22.303
21.186
20.438
22.272
22.324
21.659
21.543
21.339
21.570
21.488
21.226
20.927
21.781
21.204
22.151
21.635
21.581
21.243
22.267
22.313
22.309
22.299
22.293
22.375
22.566
22.956
22.573
22.365
22.379
22.411
22.530
22.473
22.323
21.113
22.235
22.582
22.657
22.242
22.200
22.108
22.297
22.344
22.363
22.301
22.315
22.319
22.319
22.335
22.294
22.310
21.710
22.231
21.692
21.835
22.296
22.133
21.447
21.180
21.557
21.339
22.051
21.680
21.937
21.587
21.614
21.051
21.962
21.791
21.784
21.298
21.331
21.389
21.192
21.336
21.125
21.361
21.667
21.591
21.876
21.650
22.248
21.495
21.401
21.507
21.927
20.179
21.737
21.733
21.522
21.571
22.056
21.788
21.429
22.128
21.678
21.773
21.764
21.764
22.002
21.778
21.491
21.923
21.463
21.739
21.615
21.665
21.693
21.422
21.432
21.505
22.396
22.425
22.310
22.343
22.359
22.357
22.508
22.537
20.877
22.451
22.241
22.452
22.593
22.787
22.940
23.020
22.619
22.864
22.933
22.846
22.949
22.493
22.751
22.812
23.455
22.456
22.529
24.633
24.580
23.606
24.617
24.214
24.942
25.108
23.027
23.300
25.384
22.975
24.740
22.681
25.120
23.021
24.912
24.979
22.855
22.055
25.305
25.489
22.677
23.227
22.862
25.028
25.390
23.746
23.148
23.604
23.373
23.618
23.059
22.901
23.684
22.637
22.858
24.685
24.715
25.012
23.781
23.515
22.895
22.752
24.091
23.643
22.741
23.275
22.692
23.235
22.642
23.439
25.174
22.890
23.016
22.821
23.157
23.405
23.144
22.856
22.735
23.109
23.033
22.891
23.497
25.724
25.819
25.954
25.757
25.652
25.739
25.557
25.509
25.662
26.041
25.461
25.521
25.441
25.652
25.510
25.673
25.609
25.680
25.520
25.424
26.262
25.597
25.429
25.360
25.469
25.477
25.793
25.625
25.824
25.552
25.684
24.667
24.738
24.683
25.698
26.045
25.548
25.586
25.521
25.723
26.010
25.663
25.761
25.626
25.639
25.640
25.590
25.617
25.733
25.280
25.512
25.936
25.524
26.115
25.696
25.423
25.443
25.816
25.614
25.546
25.380
25.856
25.624
25.431
25.415
25.672
25.676
25.511
25.799
25.803
25.414
25.610
25.762
25.514
25.657
25.532
25.594
25.875
25.757
25.580
25.871
25.960
25.646
25.523
25.683
25.584
25.590
25.502
25.604
25.667
25.387
25.657
25.719
25.814
26.065
25.595
25.473
25.672
25.515
25.618
25.669
25.776
25.414
25.488
26.129
25.597
25.575
25.738
25.812
26.129
26.035
25.487
24.479
25.739
25.599
26.247
26.092
25.963
26.550
26.543
26.560
26.774
25.699
27.123
27.128
25.656
25.704
25.625
25.328
25.975
25.908
25.477
25.840
25.499
25.616
25.543
25.846
25.545
25.570
25.471
25.493
25.745
26.556
25.694
25.430
25.511
25.687
25.604
25.292
25.603
25.653
25.922
25.552
25.548
25.964
25.916
26.926
25.806
25.737
25.497
25.548
25.369
25.649
25.639
24.117
23.072
22.812
23.720
25.458
24.446
22.923
24.602
22.648
22.144
22.257
24.721
26.356
25.785
25.607
25.657
25.709
25.954
26.661
27.137
25.672
26.026
25.782
25.643
25.566
25.451
25.829
25.489
25.274
25.231
25.827
25.732
26.238
24.873
26.549
25.552
26.449
25.596
26.466
26.738
25.845
25.268
25.146
25.370
24.812
24.715
24.796
24.870
24.761
24.462
24.526
24.658
24.925
24.817
24.340
23.750
22.484
23.791
24.499
23.852
23.867
25.497
24.979
24.728
24.869
24.551
24.414
25.379
24.732
24.627
24.758
25.274
24.542
24.349
24.408
24.782
25.585
25.500
25.908
24.782
25.191
26.637
25.172
25.960
25.730
25.861
25.816
25.886
25.790
26.135
24.188
25.462
25.309
27.687
26.106
25.968
26.402
24.365
24.427
24.856
24.948
24.457
24.383
24.661
25.396
24.711
25.155
24.597
25.097
24.525
24.510
24.498
24.637
24.494
25.230
24.551
24.730
24.682
24.503
25.307
25.046
24.537
24.704
24.655
25.077
24.724
24.510
24.421
25.047
24.605
23.587
23.292
23.477
23.319
23.343
19.957
19.984
19.198
18.616
18.956
19.268
18.690
19.325
18.495
18.033
20.804
22.316
22.427
22.816
23.231
22.941
23.075
23.268
23.256
21.585
23.230
23.300
23.287
23.308
23.207
22.494
21.046
22.240
23.240
23.066
22.576
22.025
22.285
22.468
23.205
23.100
23.151
23.377
23.215
23.005
23.228
23.559
23.209
23.332
23.269
22.953
23.679
23.592
23.319
22.833
23.104
23.032
22.978
23.319
23.381
23.533
23.665
23.244
23.525
23.429
23.405
23.470
23.517
23.315
22.878
20.628
20.351
22.295
22.272
22.298
22.475
22.356
22.318
22.396
22.270
22.430
22.004
22.587
22.529
22.358
22.367
22.418
22.526
22.431
22.421
21.992
22.708
23.419
23.542
22.720
22.459
22.970
22.726
23.057
21.806
22.649
22.704
22.280
22.809
21.273
21.778
23.440
23.228
23.199
22.173
23.610
23.690
23.759
23.527
23.453
23.424
23.511
23.349
23.404
23.218
22.493
22.580
22.416
22.483
22.761
22.893
23.468
23.913
23.676
25.119
24.066
24.703
24.823
24.837
24.527
24.613
24.448
23.935
25.129
24.578
25.060
24.709
25.232
25.038
25.074
24.528
24.128
24.426
24.757
24.637
24.670
24.548
23.305
21.611
22.211
19.046
18.082
20.908
20.665
21.399
21.679
21.814
21.971
21.732
21.477
21.423
20.526
17.939
19.897
19.391
18.859
20.402
20.750
19.971
20.564
21.122
20.775
21.409
22.535
22.921
21.394
22.644
21.083
21.367
22.234
22.447
21.521
22.009
21.949
21.151
20.065
20.626
20.864
20.684
21.550
21.347
21.312
20.104
21.848
21.354
21.783
21.168
22.839
21.221
21.260
21.424
21.390
21.277
21.486
21.763
21.276
21.268
21.551
20.576
21.452
21.880
21.493
21.255
20.985
21.296
21.192
22.147
21.449
21.321
21.190
21.254
21.275
21.407
20.675
21.144
21.266
21.234
21.183
19.546
20.248
20.176
20.304
20.205
19.109
20.724
20.254
20.216
20.218
17.802
20.282
20.277
20.238
19.772
20.265
20.264
20.204
20.261
20.128
20.215
20.253
20.192
19.626
20.197
20.235
20.215
20.327
20.218
20.252
20.237
20.290
20.256
20.323
20.318
20.367
20.371
20.351
20.227
20.439
20.553
20.285
20.346
20.394
20.366
20.371
20.319
20.298
20.484
20.452
20.305
20.336
20.307
20.362
20.376
20.332
20.519
20.466
20.332
20.370
20.355
20.152
20.355
20.232
20.468
20.459
20.396
20.497
19.840
17.846
20.243
20.374
20.423
20.244
20.289
20.316
20.433
20.235
20.329
20.481
20.309
20.262
19.955
20.078
20.321
20.337
20.188
20.554
20.383
20.335
20.346
20.345
20.353
20.318
20.355
20.334
20.337
18.298
20.338
20.308
20.336
20.375
20.311
20.466
20.402
20.330
20.371
20.327
20.306
20.259
20.321
20.517
20.366
20.269
20.377
20.707
20.512
20.263
20.374
20.491
20.357
20.370
20.279
20.308
20.310
20.459
20.435
20.299
20.351
20.320
20.352
20.285
20.319
20.410
20.336
20.494
20.465
20.354
20.289
20.393
20.335
20.667
20.798
20.418
20.631
20.670
19.441
20.632
20.789
20.610
20.604
20.291
20.464
20.601
20.814
20.427
20.616
20.876
20.442
18.553
20.118
20.048
19.985
19.752
19.628
19.837
20.107
19.656
19.890
19.584
19.755
19.621
19.961
20.110
19.796
19.882
19.583
19.519
19.500
19.475
19.526
19.534
19.301
19.455
19.164
19.455
19.492
19.826
19.608
19.625
19.669
19.481
19.351
19.363
19.760
19.879
19.878
19.378
18.089
18.395
18.341
18.428
18.467
18.306
18.751
18.425
19.514
19.673
19.060
19.322
19.623
19.665
19.934
19.712
19.332
19.674
19.614
19.428
19.306
19.559
19.742
19.424
19.917
19.892
19.873
19.984
19.700
19.500
19.309
19.465
19.902
19.532
19.895
20.266
20.501
20.214
20.234
20.373
20.194
20.164
20.370
20.473
20.530
21.260
21.171
21.520
21.545
21.316
21.160
22.056
21.663
21.815
21.407
21.275
21.186
20.329
17.355
20.617
19.903
21.144
20.048
20.405
20.740
20.866
20.585
19.924
20.802
21.236
20.785
21.250
20.829
21.407
21.010
20.826
21.490
20.546
20.638
20.769
20.827
21.385
20.863
18.640
18.158
17.562
17.901
17.337
17.424
18.136
18.096
18.424
17.857
18.637
17.677
17.836
17.444
18.139
17.729
18.025
21.425
21.208
20.771
21.064
20.474
20.411
20.197
18.976
21.325
19.706
20.179
19.458
19.526
19.427
19.726
19.296
19.102
19.276
19.032
18.835
19.078
18.526
19.139
19.140
19.236
19.230
19.250
19.220
18.983
18.992
18.797
18.623
18.435
18.080
18.702
18.348
18.346
18.568
18.651
18.584
18.294
18.448
18.529
18.813
18.725
18.685
18.419
18.648
19.209
18.792
18.814
18.816
18.763
19.035
18.575
18.569
18.744
18.913
18.596
18.479
18.948
18.761
19.109
19.187
18.902
23.932
23.492
23.396
23.265
23.117
24.216
24.361
24.164
24.235
24.412
24.617
24.528
24.556
24.210
24.253
24.316
23.737
23.917
23.430
23.955
23.437
23.511
24.830
24.376
24.597
24.284
25.132
25.092
25.003
25.125
25.162
25.163
25.122
25.142
25.114
24.934
24.972
25.149
25.052
24.366
25.153
25.170
25.158
25.003
25.156
25.067
25.156
25.171
25.148
25.150
25.153
25.141
25.124
25.149
25.050
25.158
25.160
24.695
24.631
25.154
25.175
25.181
25.180
24.883
25.120
25.068
25.135
25.139
25.172
25.151
24.808
24.311
24.178
24.309
24.413
24.103
24.303
24.341
24.997
25.154
25.033
25.155
25.151
24.969
25.117
25.083
24.403
25.108
24.309
24.367
24.225
24.282
24.440
24.250
24.370
22.170
21.423
20.589
21.089
22.440
20.297
21.370
20.973
20.841
20.463
20.774
21.013
20.410
20.827
20.834
20.660
20.969
20.018
21.427
20.516
22.515
21.127
21.012
21.815
19.691
19.151
19.509
19.395
19.678
19.294
20.041
19.067
19.643
19.560
19.257
19.576
21.171
19.371
19.608
18.758
20.216
21.103
20.904
21.751
21.077
21.281
18.404
18.434
18.229
18.088
18.292
17.818
18.226
18.409
18.069
17.687
18.086
17.615
17.513
17.758
18.368
18.391
18.201
18.048
17.880
18.479
18.788
17.999
17.946
17.807
17.952
17.793
17.952
18.524
17.765
18.203
18.050
18.205
18.138
17.893
17.814
18.105
18.197
17.809
17.816
17.918
17.672
18.087
18.187
17.752
18.143
19.193
18.545
18.051
18.501
17.937
18.110
17.834
17.499
16.886
17.552
17.520
17.046
17.790
16.626
17.755
17.797
17.644
17.287
17.113
17.231
17.730
17.375
17.278
16.859
17.421
17.228
17.501
17.685
17.153
16.957
18.358
16.965
16.645
15.775
16.425
17.900
18.847
17.785
19.702
18.337
17.579
17.199
18.186
17.100
19.835
17.798
17.090
17.539
17.842
16.458
17.103
18.686
17.327
21.317
16.920
17.882
17.353
17.055
16.458
17.921
18.194
18.199
17.793
18.407
18.509
18.074
18.050
17.255
16.772
17.547
16.935
16.561
15.349
14.479
15.100
15.520
16.816
14.610
16.972
17.091
17.061
17.581
17.962
17.745
17.878
17.588
17.570
17.039
16.997
17.097
17.188
17.198
16.868
17.115
17.164
17.261
17.143
16.992
17.547
17.986
17.908
18.776
17.126
17.082
17.315
16.904
17.280
17.752
17.494
16.916
16.924
16.638
17.149
18.343
17.470
17.872
17.131
17.615
16.965
17.469
17.108
16.979
16.964
17.437
17.721
17.090
16.681
17.317
17.704
16.984
16.987
17.250
17.512
16.530
16.409
16.362
17.221
17.113
17.323
16.364
16.792
15.834
16.193
16.651
16.501
15.221
16.094
16.057
16.488
16.093
16.327
16.469
16.417
14.703
14.631
16.576
16.508
16.400
16.596
16.171
16.393
16.336
15.695
16.482
16.313
16.250
16.380
17.414
17.114
16.202
16.667
16.655
16.428
16.762
16.548
16.749
16.608
16.843
16.750
16.513
17.117
16.472
16.436
14.492
17.053
17.902
17.881
17.209
16.949
17.201
16.823
17.088
17.629
16.520
16.968
16.835
16.752
17.495
17.227
17.681
17.075
17.174
16.908
16.973
15.830
16.364
16.812
16.918
16.795
17.072
16.481
16.382
16.452
16.337
16.363
17.105
16.956
17.144
16.016
16.254
16.319
16.464
16.149
16.436
16.628
16.597
16.934
16.373
16.340
16.565
16.904
16.204
16.094
15.325
16.184
17.437
17.423
17.495
16.961
17.793
17.500
16.848
17.136
17.103
15.026
16.885
14.460
16.019
16.381
16.145
16.857
16.810
16.979
17.361
17.597
17.252
16.916
17.535
16.550
15.932
16.221
16.333
17.556
16.969
17.145
17.129
17.277
17.285
17.106
17.022
16.907
17.000
16.944
16.904
17.084
17.200
16.658
17.067
16.830
17.116
17.525
17.558
17.491
17.492
17.336
17.319
17.120
16.212
16.456
16.153
15.818
16.281
16.147
16.818
17.201
17.099
16.264
17.242
17.050
17.852
17.328
17.215
17.287
17.550
17.837
17.109
16.475
17.146
17.055
16.901
16.659
16.659
16.435
17.281
16.425
16.744
16.274
17.017
16.092
16.472
16.015
15.993
16.549
16.422
16.237
17.030
16.851
16.146
16.093
16.180
16.954
16.312
16.195
16.857
16.806
16.313
16.431
16.624
16.115
16.695
17.078
16.586
17.090
16.713
17.151
17.365
17.839
17.261
17.022
18.081
17.015
16.679
16.205
17.073
17.102
17.844
17.274
17.679
17.410
17.339
17.661
17.124
17.505
16.192
16.500
16.487
15.263
15.948
15.397
15.091
15.412
16.408
16.842
15.905
16.118
16.582
16.181
16.555
17.131
16.767
16.412
16.048
16.149
16.313
16.639
16.707
16.019
16.704
16.558
16.494
16.467
16.298
16.609
16.578
16.721
16.489
16.505
16.516
16.207
17.095
16.792
16.475
16.598
16.658
16.448
16.979
16.266
16.535
16.368
16.244
16.400
16.400
15.956
16.799
16.601
16.439
16.555
15.322
16.740
17.161
17.308
18.262
18.039
15.954
17.003
16.468
17.220
16.747
15.891
19.516
19.768
19.729
20.625
20.755
20.821
17.852
17.308
16.877
19.998
19.711
19.690
19.660
19.691
19.922
19.673
20.276
19.772
20.202
19.958
19.980
20.334
20.723
20.361
20.480
20.572
20.659
20.202
20.427
20.563
20.373
20.627
20.830
20.420
20.595
20.558
20.361
20.524
19.862
17.244
16.810
19.592
20.326
19.848
19.358
16.906
16.961
19.516
18.126
17.353
17.484
16.877
17.625
17.342
17.565
18.384
14.950
17.328
17.641
20.295
17.404
17.341
17.694
17.722
18.402
17.125
17.777
17.663
17.710
17.450
17.194
17.613
17.950
16.211
15.526
16.463
16.421
16.149
16.044
17.107
16.372
16.031
16.247
17.681
16.561
16.099
17.207
16.195
16.881
17.412
17.411
16.084
16.492
16.293
15.804
15.739
15.900
16.920
15.969
16.620
15.912
16.684
16.436
16.106
16.000
16.043
16.129
16.813
16.140
16.210
17.203
16.184
16.873
17.005
16.156
16.172
16.595
16.650
17.660
18.353
16.376
16.059
17.252
16.196
15.634
15.873
16.302
16.127
17.364
16.641
15.872
16.407
16.817
16.043
15.780
15.976
16.961
16.221
16.503
16.611
16.553
16.867
16.266
16.215
16.193
16.696
16.074
18.889
17.582
16.428
17.086
16.362
16.123
16.734
16.577
17.326
16.868
16.762
16.773
16.220
15.993
16.381
16.223
17.168
16.604
15.930
15.999
16.036
15.928
15.556
17.336
17.550
17.517
16.585
15.223
17.069
18.746
19.031
18.380
19.349
18.827
18.860
19.202
20.904
20.743
20.771
19.714
19.537
19.501
19.808
19.600
19.714
19.807
19.713
20.496
20.631
20.920
21.320
20.576
18.985
18.624
20.580
20.676
22.596
22.499
20.160
21.379
20.797
21.959
22.741
22.340
20.927
20.424
20.747
20.483
22.483
22.191
20.917
22.662
22.156
22.468
22.592
22.318
21.864
21.837
22.922
21.970
22.168
22.306
20.603
20.812
20.837
22.463
21.408
21.937
22.078
21.346
22.741
20.076
22.675
22.367
22.595
21.467
21.222
20.505
20.888
21.009
20.611
23.691
20.944
22.033
21.052
22.859
23.430
20.969
22.915
23.235
22.817
23.213
24.674
24.128
23.564
22.648
23.193
23.505
23.469
25.444
24.744
24.432
24.623
24.588
24.506
23.903
23.358
24.478
23.597
24.402
24.262
23.553
22.965
23.706
23.593
22.370
22.976
22.407
22.463
22.340
22.623
22.965
22.698
22.604
22.293
22.697
22.300
22.578
22.525
22.591
22.570
24.146
23.495
23.371
23.480
23.369
23.401
23.703
27.328
27.354
27.654
26.493
27.013
27.104
28.167
25.593
25.564
25.327
27.618
25.213
25.060
27.695
25.541
28.102
28.103
27.350
27.276
27.671
27.608
27.135
28.134
28.045
28.158
28.162
28.087
27.356
26.956
27.564
28.173
28.183
28.176
28.176
28.208
28.228
28.185
28.176
27.618
28.147
28.120
28.126
28.180
28.150
28.180
28.188
28.171
28.141
28.176
28.151
28.153
28.143
28.030
28.177
28.153
28.179
28.156
28.166
28.169
28.157
28.134
28.122
28.165
28.152
28.143
27.127
27.173
27.141
27.199
27.141
27.068
27.003
27.198
27.176
27.216
27.178
27.133
27.349
27.353
27.282
27.269
27.289
27.139
26.617
28.075
28.154
28.153
28.076
28.046
28.160
28.148
28.136
28.124
28.112
27.517
28.164
28.166
28.148
28.125
28.145
28.145
28.106
27.983
28.157
28.082
28.291
28.225
27.135
27.530
26.979
27.249
27.301
27.408
27.514
27.068
27.488
27.259
27.266
27.209
27.273
27.265
27.170
27.219
27.286
27.205
27.252
27.227
27.188
27.234
27.262
27.210
27.548
26.966
26.300
26.312
26.433
26.308
25.778
26.374
26.221
26.210
26.337
26.270
26.260
26.187
26.205
26.259
26.104
25.887
25.501
25.367
25.082
24.889
25.095
26.188
26.079
26.154
26.174
26.187
26.156
26.180
26.170
26.170
26.162
26.208
25.482
26.201
26.205
26.173
26.185
26.211
26.175
26.162
26.192
26.192
26.198
25.937
26.202
26.209
26.195
26.217
26.169
26.207
26.185
26.136
26.186
26.195
26.201
26.212
26.204
26.116
25.907
26.191
26.106
26.191
26.127
26.105
26.189
26.173
26.196
26.200
26.118
26.110
26.127
25.835
26.105
26.204
26.186
26.159
26.189
26.192
26.205
26.190
26.183
24.691
23.555
26.166
26.011
26.201
24.603
25.080
25.441
25.232
25.289
24.814
25.301
25.614
25.355
25.515
25.885
25.499
25.395
25.767
25.284
25.375
25.277
25.309
25.634
25.869
25.288
25.602
25.724
25.339
25.562
25.295
25.267
25.277
25.336
25.339
25.540
26.204
25.360
25.725
25.724
25.496
25.845
25.292
25.500
26.084
25.226
25.216
25.227
24.718
25.514
25.508
25.371
25.557
25.132
25.341
25.277
24.727
25.420
25.516
25.579
25.109
25.332
24.601
25.401
25.443
25.957
25.397
25.764
25.522
25.354
25.277
24.928
25.358
25.371
25.750
25.990
25.455
25.242
25.003
25.967
25.245
25.431
25.190
25.262
25.625
25.303
25.458
25.211
24.442
25.218
25.254
25.276
25.239
25.327
25.533
25.244
25.460
25.577
25.236
25.052
25.235
24.742
24.531
24.297
23.734
24.446
23.077
24.282
24.359
24.368
22.398
24.273
24.201
24.249
24.489
24.375
23.901
24.100
23.449
23.645
22.927
23.761
23.231
23.334
23.340
22.637
23.693
22.698
23.409
23.490
23.424
23.182
23.199
23.206
23.586
23.782
23.290
23.896
23.184
22.483
23.216
23.535
23.532
23.321
23.572
23.360
23.219
23.249
23.729
23.394
23.390
23.603
23.456
23.210
22.172
21.767
21.857
22.386
22.259
23.074
22.361
22.261
22.333
22.517
22.339
22.269
22.269
22.268
22.339
21.956
22.369
22.360
22.262
22.303
22.284
22.316
22.350
22.247
22.291
22.314
22.273
22.316
22.215
22.176
22.324
22.344
22.439
22.216
22.136
22.225
22.237
22.237
22.315
22.744
22.475
21.535
18.992
21.628
22.480
22.103
21.518
22.250
22.250
22.531
21.191
22.233
22.199
22.419
22.239
22.335
22.455
22.253
22.436
22.223
22.268
22.302
22.499
22.646
22.418
22.198
22.227
22.315
22.532
22.490
22.219
22.277
22.257
22.736
22.447
22.271
22.708
22.691
22.676
22.245
22.243
22.545
22.750
22.320
22.202
22.247
22.325
22.286
22.266
22.243
22.290
22.556
22.478
21.814
21.477
22.072
22.313
22.317
22.248
22.313
22.355
22.440
22.241
21.957
22.248
22.274
21.896
22.352
22.259
22.350
22.443
22.837
22.001
21.750
22.270
22.318
21.982
21.569
22.350
21.759
21.688
21.994
22.302
22.215
22.135
21.651
22.281
22.805
22.562
22.194
22.252
22.267
21.217
22.415
21.542
22.276
22.186
22.294
22.119
21.860
22.270
22.296
22.190
22.272
22.416
22.562
19.575
19.147
22.588
22.380
22.236
22.208
22.344
22.292
22.252
22.441
22.226
22.234
21.405
21.605
21.531
21.509
21.417
21.339
21.376
21.641
21.146
21.399
21.107
21.403
21.202
21.366
22.245
22.348
22.488
22.247
22.392
22.095
22.231
22.455
22.218
22.401
22.202
22.196
22.308
22.322
22.615
22.364
22.198
22.337
22.717
22.410
22.449
21.939
22.306
22.403
22.220
21.430
22.418
22.297
22.248
22.186
22.537
22.334
22.203
22.229
22.265
22.245
22.261
22.339
22.342
21.636
22.383
22.288
22.191
22.426
22.388
21.113
22.224
21.778
21.999
22.225
22.166
22.326
21.596
22.431
21.951
22.267
22.055
22.250
22.479
21.580
20.970
22.028
22.233
21.688
22.345
22.196
22.237
20.564
20.294
22.119
22.157
22.486
22.401
22.621
22.034
21.786
23.227
23.119
23.155
23.283
23.291
23.689
23.050
23.464
23.023
23.379
23.297
23.227
23.574
23.323
23.451
23.223
23.306
23.263
23.279
23.219
23.201
23.273
23.246
23.242
23.422
23.203
23.226
23.422
23.449
23.278
23.334
23.611
23.615
23.311
23.331
23.267
23.365
23.329
23.301
22.947
23.226
23.227
23.144
23.320
23.417
23.506
23.256
23.306
23.473
23.299
23.447
23.494
23.090
23.411
23.257
23.654
23.272
23.285
23.329
23.221
23.331
23.276
23.282
23.228
23.211
23.229
23.278
23.227
23.534
23.794
24.086
23.168
23.482
23.299
23.380
23.279
23.259
23.323
23.183
23.186
23.317
23.062
23.208
23.023
23.291
23.191
23.399
23.209
23.230
23.235
23.159
23.232
23.336
23.272
22.139
23.342
22.872
23.066
23.318
23.434
23.206
23.290
22.901
23.247
23.208
22.875
23.012
23.506
23.237
23.210
23.117
23.304
23.234
23.119
23.396
23.346
23.259
23.276
23.267
23.260
23.217
21.819
23.033
23.175
23.398
23.265
23.098
23.213
23.331
23.029
23.155
23.174
23.169
23.269
23.401
23.335
23.214
23.285
23.315
23.440
23.238
23.273
23.569
23.244
23.344
23.519
23.768
23.446
23.587
23.728
23.498
23.279
23.425
23.532
23.250
23.622
23.276
23.161
23.598
23.365
23.421
23.218
23.217
23.267
23.206
23.589
23.153
23.262
23.271
23.634
23.640
23.228
23.553
23.425
23.542
23.286
23.256
23.274
23.331
23.284
23.249
23.298
23.331
23.284
23.355
23.460
23.141
23.402
23.275
23.209
23.163
23.265
23.266
23.236
23.250
23.180
23.219
23.223
23.345
23.236
23.258
23.204
23.219
23.216
23.212
23.291
23.170
23.331
22.410
22.521
22.477
22.703
23.238
23.191
23.148
23.233
23.276
23.244
23.169
22.689
22.470
22.386
22.472
22.495
22.480
22.565
22.337
22.614
21.703
21.481
22.173
22.398
22.562
22.446
22.302
22.271
22.340
22.327
22.096
22.257
22.419
22.321
22.233
22.275
22.236
22.049
21.511
21.954
22.048
21.920
21.974
21.686
19.886
20.511
18.541
18.293
17.610
18.034
18.146
18.838
17.799
19.583
18.432
18.009
19.676
21.669
21.719
22.016
21.595
21.492
21.901
21.994
21.357
21.774
21.719
21.785
21.544
21.513
21.363
21.475
21.573
21.656
21.593
21.364
21.554
21.578
21.732
21.498
21.393
21.247
21.622
20.198
20.107
19.725
21.762
21.598
21.562
21.765
21.632
21.383
21.367
21.373
21.338
21.290
21.475
21.208
21.375
21.261
21.018
21.233
20.597
20.858
21.170
21.321
20.713
17.356
20.916
18.866
18.571
18.026
18.721
18.723
19.071
20.564
19.124
19.238
19.353
18.838
18.911
18.335
18.350
17.025
17.895
19.317
18.857
18.367
19.093
19.399
19.138
18.989
18.874
21.561
21.505
21.309
21.449
21.320
21.357
21.360
21.325
21.349
21.544
21.334
21.339
21.577
21.686
21.523
21.498
21.437
21.389
21.713
21.543
21.464
21.774
21.539
19.471
19.915
19.653
19.904
19.889
20.367
21.517
21.580
21.540
19.068
21.450
21.669
21.383
21.557
21.646
21.746
21.598
21.918
21.790
22.072
21.601
21.990
21.863
21.891
21.359
20.666
22.222
21.977
22.202
22.060
22.137
22.027
22.298
21.580
22.380
21.812
22.111
21.434
21.386
21.495
21.490
21.532
21.361
21.441
21.703
21.712
21.675
21.494
21.526
21.575
21.632
21.788
22.008
21.731
21.615
21.542
19.802
21.924
22.091
22.542
22.384
22.239
22.294
22.291
22.257
22.271
22.554
22.276
22.890
16.789
18.782
19.575
18.520
22.262
22.342
22.467
22.408
22.446
22.422
22.539
22.217
22.264
22.352
22.519
22.364
22.273
22.238
22.077
22.347
22.620
22.777
22.608
22.309
22.437
22.303
22.262
22.329
22.343
22.689
22.141
22.251
22.570
22.498
22.244
22.238
22.167
22.643
21.989
22.529
22.547
21.308
22.031
21.946
22.250
22.342
22.249
22.548
22.182
22.812
22.590
23.071
22.188
22.592
22.594
22.521
22.493
22.563
22.400
22.390
19.682
19.602
20.017
18.939
19.229
19.297
19.892
18.725
19.517
22.104
22.460
20.959
22.273
22.377
21.335
22.295
22.215
22.475
21.065
22.423
22.247
22.301
22.313
21.396
21.563
21.126
21.627
21.865
22.602
22.427
22.552
22.374
22.170
22.338
22.140
22.329
21.625
21.318
22.078
22.252
22.423
22.412
19.101
19.338
19.136
21.826
21.866
22.402
22.457
19.227
21.711
22.321
22.365
22.297
22.536
18.656
19.142
19.726
19.333
19.496
19.051
18.742
19.214
18.538
19.045
18.772
18.999
18.515
18.868
19.010
18.943
18.567
18.670
18.549
18.852
19.152
19.248
18.851
18.763
18.965
19.511
18.776
18.436
22.067
19.177
19.301
22.769
22.699
22.453
22.493
22.479
22.809
22.665
22.647
22.757
22.537
22.142
22.527
22.236
22.371
22.619
22.367
22.445
22.704
22.596
22.490
22.628
22.506
22.434
22.440
22.497
22.532
22.267
22.530
22.457
22.328
22.451
22.342
22.402
22.555
22.549
22.402
22.309
22.450
20.951
22.622
22.301
22.083
22.515
22.742
22.383
22.373
22.418
22.229
22.555
22.485
21.195
22.556
22.665
22.415
22.406
22.607
22.486
22.532
22.656
20.842
22.583
22.771
22.279
22.824
22.544
22.466
21.491
22.465
21.616
22.389
22.334
22.243
22.496
22.294
22.399
22.365
22.417
21.853
22.362
22.297
22.310
22.219
20.507
21.154
22.336
22.267
22.472
22.404
22.479
22.387
22.524
22.170
22.524
22.182
22.408
22.511
20.162
19.830
21.742
21.993
22.728
22.447
22.317
22.352
22.499
22.221
22.294
22.263
21.842
22.555
22.678
22.318
22.452
22.339
22.542
22.306
22.482
22.656
22.457
22.445
22.564
21.701
22.468
22.413
22.310
20.941
20.665
21.776
20.682
20.745
21.324
20.816
21.027
22.713
22.406
22.548
22.527
22.523
22.434
22.402
22.442
22.724
22.977
22.609
22.461
22.608
22.694
22.466
22.287
22.576
22.668
22.437
22.434
22.457
22.616
22.621
22.626
22.363
22.689
22.777
22.709
22.976
22.545
22.593
22.719
22.673
22.315
21.909
21.432
20.846
21.764
22.359
22.183
22.640
22.318
22.500
22.319
22.364
22.432
21.870
22.018
22.466
22.350
22.381
22.469
22.253
22.491
22.572
22.524
22.354
22.426
22.623
22.533
22.383
21.933
22.840
22.442
22.641
22.358
22.808
22.515
22.375
22.416
22.335
22.702
22.545
22.330
22.615
22.329
22.733
22.289
22.509
22.559
22.484
22.633
22.579
22.283
22.554
22.494
22.569
22.954
23.072
22.619
23.155
22.635
22.833
22.404
22.382
22.409
22.476
22.392
21.996
22.688
22.263
22.395
22.303
22.292
22.863
21.232
20.831
20.981
21.162
21.032
22.466
22.783
22.743
22.412
22.380
22.348
22.391
22.466
22.339
22.462
22.499
22.321
22.574
22.685
22.364
22.533
22.398
22.600
22.566
22.477
22.573
22.519
22.505
22.346
22.391
22.459
22.649
22.838
22.567
22.536
22.465
22.877
22.369
21.004
17.059
19.351
17.304
22.918
22.591
20.777
22.060
22.741
22.286
22.899
22.363
22.565
22.773
22.316
22.437
22.485
22.480
22.508
22.514
22.516
22.739
21.593
21.826
21.106
21.025
20.990
22.588
22.457
22.333
22.502
21.029
22.810
22.630
22.699
22.166
21.978
21.440
20.849
21.177
20.943
21.187
22.276
22.514
22.364
22.525
22.501
22.459
20.670
20.650
21.091
20.779
20.585
20.657
19.608
21.395
18.111
17.449
17.641
17.618
20.827
20.626
20.594
20.716
20.632
20.671
20.550
20.626
20.638
20.512
20.606
20.845
20.664
20.860
18.585
19.412
19.824
18.916
19.785
18.904
19.308
19.357
20.822
20.873
19.822
20.755
20.950
21.086
22.396
22.507
22.428
22.378
22.415
22.293
22.393
22.485
22.462
22.408
22.516
22.363
22.449
22.881
22.476
22.451
22.362
22.367
22.316
22.285
22.357
21.800
22.294
22.020
20.858
22.554
22.290
22.648
22.728
22.583
22.375
22.401
22.339
22.738
22.571
22.513
22.717
22.524
22.455
22.630
22.965
22.468
22.954
22.893
22.452
22.949
22.771
22.940
22.972
22.921
22.933
22.868
22.545
22.524
22.466
22.480
22.738
23.078
21.602
21.062
22.829
22.622
22.515
22.815
22.933
22.640
20.760
21.136
20.787
20.763
22.527
22.595
22.492
22.524
20.540
20.663
21.255
20.711
20.489
20.810
20.908
21.179
22.807
22.731
22.380
22.685
22.945
22.516
22.642
22.451
22.414
22.340
22.357
22.311
22.502
22.302
22.345
22.306
22.609
22.040
22.863
22.353
21.880
21.738
21.899
22.067
22.372
21.731
21.737
21.925
21.605
21.546
21.446
21.388
20.108
20.560
20.106
20.655
22.276
21.969
21.893
22.202
22.295
22.176
21.948
21.472
21.625
21.694
21.814
21.939
21.887
21.692
21.938
21.851
21.977
21.885
21.736
21.901
21.930
21.876
21.394
21.546
21.744
21.598
21.322
21.527
21.808
20.144
20.088
21.692
21.758
21.659
21.724
22.355
22.187
22.525
21.921
22.078
22.123
22.052
22.565
22.197
22.382
22.315
21.983
22.476
22.622
22.772
22.536
22.043
22.424
22.264
22.231
22.501
22.615
22.604
22.226
22.254
22.499
22.286
22.411
22.348
22.361
22.384
22.457
22.649
22.451
22.428
22.326
22.515
22.427
22.376
22.526
22.666
22.493
22.506
22.684
22.486
22.411
22.432
22.694
22.595
22.539
22.565
22.790
22.489
22.514
22.536
22.525
22.592
22.654
22.541
22.321
22.827
22.951
22.482
22.470
22.357
22.481
22.735
22.644
22.578
22.811
22.658
22.513
22.741
22.353
22.584
22.563
22.660
22.452
22.449
22.943
22.588
22.545
22.637
22.456
22.551
22.599
22.869
22.410
22.380
22.412
22.162
22.484
22.430
22.507
22.898
22.845
22.852
22.613
22.853
22.486
22.823
22.766
22.773
22.580
22.736
22.779
22.781
22.906
23.092
23.014
22.476
22.661
23.025
22.679
23.074
22.926
22.960
22.838
22.905
22.378
22.544
22.544
22.776
21.505
20.789
20.619
20.815
20.948
20.626
20.651
20.432
20.545
20.847
20.690
20.818
20.627
20.614
20.655
20.146
20.042
19.393
19.894
19.684
20.729
20.887
20.669
21.271
21.448
22.307
22.443
22.381
22.497
22.823
22.717
22.364
22.464
22.432
22.478
22.627
22.732
22.675
22.665
22.546
22.557
22.633
22.524
22.433
22.689
22.429
19.793
19.796
19.649
20.084
19.440
19.737
19.705
19.909
22.813
22.594
22.477
22.291
22.374
22.577
20.804
20.545
21.403
22.317
21.188
20.474
20.631
20.579
20.366
20.949
21.331
20.998
21.185
21.543
22.274
22.353
22.486
22.286
22.515
22.349
22.423
22.273
22.270
22.213
22.065
22.352
23.037
22.914
22.428
22.683
22.462
22.428
22.285
22.278
22.083
22.216
19.285
19.963
22.225
19.886
19.055
19.878
20.174
22.153
21.290
22.275
22.317
22.232
22.165
22.277
21.942
22.262
22.188
22.161
22.211
22.082
22.277
22.219
22.179
21.851
22.195
21.992
22.215
22.822
22.848
22.255
22.265
22.238
22.237
22.286
22.260
22.235
22.247
22.252
22.295
22.203
22.275
22.288
22.264
22.243
22.222
22.266
22.167
22.273
22.189
22.276
22.257
22.231
20.770
22.271
22.239
22.325
21.831
21.224
22.030
22.193
21.091
22.246
22.220
22.376
22.097
22.253
22.282
21.812
22.253
22.337
22.178
22.301
21.924
21.660
21.483
22.229
22.274
22.265
22.286
22.389
22.568
22.453
22.334
22.309
22.331
22.252
22.318
22.370
22.257
22.235
22.275
22.267
22.293
22.255
22.611
22.187
22.282
22.246
22.229
22.101
21.950
22.255
22.090
22.269
22.051
22.258
22.289
22.250
22.254
22.272
22.261
22.200
22.241
22.244
22.207
22.248
22.223
22.235
22.230
22.230
22.244
22.237
22.215
22.237
22.215
22.201
22.237
22.232
22.230
22.210
22.135
22.207
22.214
22.191
22.243
22.228
22.235
22.242
22.230
22.259
22.225
22.251
22.245
22.293
22.226
22.240
22.225
22.210
22.242
22.229
22.209
22.238
22.253
22.257
22.242
22.258
22.244
22.249
22.214
22.226
22.257
22.206
22.309
22.239
22.236
22.279
22.225
22.240
22.258
22.165
22.168
22.233
22.243
22.283
22.255
22.222
22.239
22.233
22.243
22.175
22.264
22.255
22.336
22.252
22.313
22.263
22.243
22.237
22.227
22.193
22.216
22.238
22.215
22.243
22.210
22.120
22.209
22.150
22.237
22.246
22.251
22.208
22.242
22.257
22.111
22.201
22.238
22.228
22.281
22.237
22.217
22.283
22.152
22.279
22.245
22.267
22.220
22.243
22.258
22.264
22.257
22.263
22.208
22.179
22.282
22.256
22.256
22.260
22.282
22.230
22.244
22.208
22.252
22.236
22.245
22.243
22.257
22.196
22.148
22.251
22.210
22.271
22.250
22.258
22.245
22.222
22.239
22.235
22.233
22.199
22.260
22.265
22.219
22.242
22.275
22.243
22.213
22.232
22.241
22.261
22.256
22.285
22.326
22.259
22.227
22.282
22.244
22.246
22.253
22.180
22.251
22.294
22.220
22.269
22.221
22.264
22.269
22.289
22.300
22.250
22.297
22.195
22.308
22.322
22.300
22.262
22.255
22.270
22.272
22.292
22.290
22.258
22.393
22.269
22.191
22.161
22.270
22.316
22.307
22.330
21.941
22.269
22.407
22.255
22.267
22.264
22.207
22.266
22.230
21.993
22.249
22.279
22.265
22.234
22.207
22.267
22.272
22.020
22.250
22.236
22.248
22.275
22.283
22.243
22.235
22.258
22.262
22.337
22.309
22.528
22.795
22.614
22.288
22.277
22.421
22.699
22.241
22.263
22.253
22.217
22.249
22.255
21.370
20.869
20.563
21.015
21.050
22.227
22.245
22.224
22.232
22.208
22.249
22.229
22.240
22.234
22.245
22.235
22.229
22.249
22.247
22.224
22.258
22.231
22.261
22.202
22.254
22.233
22.225
21.936
22.241
22.243
22.091
22.247
22.283
22.211
22.231
22.272
22.252
22.245
22.231
22.243
22.229
22.221
22.236
22.247
22.234
22.238
22.225
22.231
22.225
22.218
22.244
22.221
22.257
22.188
22.235
22.229
22.214
22.214
22.230
22.245
22.224
22.227
22.209
22.266
22.230
22.242
22.226
22.248
22.260
22.254
22.249
22.221
22.228
22.221
22.218
22.253
22.178
21.571
21.461
21.731
20.714
21.376
21.314
21.452
21.372
20.341
19.845
19.412
19.182
19.586
19.619
19.596
19.564
19.587
19.524
19.471
19.424
19.620
20.397
20.458
20.211
20.420
20.403
20.489
19.576
19.669
19.784
20.086
19.827
19.557
20.356
20.456
20.560
20.547
20.446
20.727
20.511
20.453
20.541
20.662
20.776
20.749
20.813
20.463
20.848
20.804
20.896
20.505
20.661
20.763
20.866
20.584
21.098
20.518
20.787
20.717
21.026
20.777
21.120
20.634
20.632
20.481
20.571
20.926
20.695
20.641
20.518
20.707
20.653
20.687
20.544
20.611
20.652
20.569
20.506
20.543
20.734
20.575
20.657
20.513
21.406
21.855
21.683
21.918
21.680
20.595
21.787
21.561
21.595
21.236
21.424
21.424
21.293
21.435
21.480
21.039
21.311
20.668
21.084
19.270
20.698
20.640
20.544
20.732
20.290
20.506
20.668
20.699
20.477
20.074
20.538
19.653
19.604
19.903
19.640
19.871
19.594
19.679
19.635
20.065
19.703
20.013
20.488
19.642
19.696
19.680
19.784
19.905
19.685
19.654
19.925
19.596
19.839
20.242
19.610
19.761
20.152
19.628
19.569
19.710
20.186
20.149
19.930
19.972
19.996
19.672
19.557
19.626
19.744
19.778
19.611
19.555
19.479
19.729
19.775
19.743
20.330
19.737
20.278
20.172
20.507
20.104
19.579
20.150
20.565
19.451
19.911
19.615
19.656
19.723
19.688
19.907
19.428
19.620
19.468
18.958
19.537
19.540
19.978
19.488
19.836
19.676
19.547
19.445
19.616
19.331
19.317
18.920
19.127
19.126
18.867
18.706
19.689
18.787
18.566
16.783
18.284
19.000
17.637
18.536
18.805
18.717
18.455
18.457
17.722
16.700
16.729
16.496
16.342
16.580
16.558
16.535
16.509
16.463
16.418
16.539
16.421
16.514
16.461
16.284
16.574
16.465
16.476
16.414
16.537
16.478
16.544
16.429
16.481
16.481
16.374
16.425
16.527
16.488
16.486
16.603
16.649
16.460
16.548
16.597
16.413
16.576
16.494
16.511
16.523
16.423
16.483
16.705
16.429
16.681
16.526
16.522
16.586
16.667
16.503
16.518
16.577
16.495
16.658
16.516
16.541
16.533
16.471
16.421
16.579
16.414
16.390
16.463
16.483
16.485
16.589
16.878
16.616
16.606
16.623
16.812
16.608
16.015
16.428
16.739
17.752
17.498
17.762
17.534
17.607
17.441
17.702
17.521
17.577
17.617
17.731
17.181
17.594
17.621
17.654
18.072
17.585
17.511
17.526
17.542
18.007
17.859
17.468
17.399
17.530
17.572
17.673
18.007
17.569
18.059
17.998
18.156
18.145
17.819
17.466
17.704
17.600
17.626
17.846
17.706
17.681
17.988
16.546
16.494
16.551
17.818
17.621
17.697
17.613
17.465
17.527
17.528
17.468
17.586
17.686
17.730
18.182
18.257
18.213
17.568
17.689
17.789
17.910
17.651
17.921
17.606
17.667
17.821
17.729
18.034
17.732
17.851
17.741
17.698
17.526
17.594
17.727
17.592
17.635
17.614
17.765
17.671
17.639
17.744
17.534
17.634
17.505
18.147
17.618
17.725
17.808
17.642
17.620
17.489
17.467
17.461
17.816
17.628
17.676
17.438
17.286
17.743
17.450
17.706
17.782
17.795
18.276
18.383
19.282
18.430
18.430
18.504
18.309
18.319
18.592
18.436
18.297
18.557
18.349
18.388
18.567
18.476
18.460
18.535
18.547
18.431
19.329
18.346
18.425
18.456
19.221
19.223
19.153
19.221
19.194
19.179
19.213
19.211
19.174
19.185
19.061
19.201
15.202
19.078
19.172
19.143
19.179
19.148
19.230
19.192
19.209
19.196
19.251
19.242
19.215
19.067
19.124
19.255
18.618
19.127
18.530
18.950
18.321
19.153
19.137
19.213
19.285
19.248
19.235
19.223
19.263
19.159
18.841
19.194
19.195
19.006
19.216
19.217
19.231
18.169
19.169
19.203
19.249
19.292
19.210
19.229
19.259
19.184
19.213
19.104
19.208
19.067
18.652
19.180
19.189
19.184
19.321
19.118
18.744
19.242
19.163
18.466
18.516
18.503
18.382
18.388
18.417
18.318
18.464
18.382
18.341
18.346
18.418
18.471
18.269
18.437
18.385
18.375
18.548
18.297
18.410
18.304
18.604
18.346
18.342
18.736
18.550
18.150
18.235
18.436
18.465
18.534
18.523
18.461
18.397
18.224
18.430
18.533
18.285
18.525
17.594
18.537
18.529
18.349
18.329
18.471
18.357
18.469
18.530
18.520
18.467
18.331
18.435
18.286
18.498
18.356
18.396
18.316
18.506
18.456
18.357
18.229
18.390
18.396
18.334
18.455
18.378
18.395
18.350
18.734
18.660
18.401
18.409
18.390
18.365
18.369
18.510
18.475
18.337
18.383
18.525
18.457
18.435
18.354
18.332
18.441
18.378
18.461
18.491
18.223
18.407
18.427
18.311
18.458
18.321
18.461
18.416
18.470
18.500
18.408
18.351
18.368
18.520
18.510
18.412
18.369
18.391
18.449
18.464
18.384
18.406
18.327
18.359
18.392
18.280
18.451
18.414
18.632
18.539
18.352
18.448
18.406
18.375
18.410
18.593
18.568
18.967
18.446
18.373
18.316
18.376
18.390
18.374
18.361
18.387
18.342
18.364
18.404
18.368
18.368
18.352
18.316
18.273
18.374
18.441
18.458
18.351
18.467
18.507
18.325
18.418
18.422
18.390
18.522
18.414
18.433
18.370
18.424
18.455
18.388
18.397
18.483
18.371
18.342
18.316
18.306
18.335
18.310
18.440
18.559
18.418
18.369
18.439
18.453
18.415
18.493
19.002
18.602
18.404
18.430
18.495
18.268
17.882
17.138
18.433
18.746
18.402
18.403
18.326
18.506
18.381
18.335
18.364
18.392
18.377
18.364
18.392
18.395
18.399
16.838
15.758
18.328
18.391
18.534
18.463
19.058
18.481
18.511
18.364
18.434
18.321
18.339
18.341
18.170
18.280
18.404
18.467
18.465
18.581
18.533
18.707
18.554
18.536
18.419
18.382
18.580
18.385
18.367
18.383
18.424
18.352
18.415
18.447
18.381
18.453
18.385
18.737
18.462
18.992
19.220
18.797
18.423
18.526
19.140
18.994
18.864
18.663
19.237
19.263
18.782
19.089
18.605
18.516
19.229
19.266
19.258
19.246
19.228
19.276
18.415
18.772
18.447
18.500
18.349
18.437
18.469
18.350
18.394
18.588
18.328
18.470
18.424
18.436
18.488
18.642
18.422
18.400
18.599
18.482
18.470
18.396
18.492
18.368
18.422
18.542
18.470
18.328
18.619
18.432
18.440
18.536
18.456
18.869
18.522
18.454
18.478
18.474
18.428
18.461
18.990
18.477
18.453
18.362
18.349
18.506
18.589
19.275
19.254
19.314
19.287
19.233
19.261
18.947
19.242
19.183
19.276
19.204
19.214
19.107
19.205
19.194
18.965
19.180
19.251
18.993
19.200
19.072
18.923
18.584
18.996
19.154
19.209
18.561
18.395
18.721
19.258
19.277
19.273
19.167
19.189
19.239
19.244
19.114
19.242
19.208
19.244
19.214
18.617
19.160
19.241
19.277
19.280
19.230
19.278
19.181
19.281
19.192
19.098
19.224
19.265
18.439
19.259
18.679
18.694
18.826
19.165
19.302
19.218
18.320
18.530
18.387
18.522
18.482
18.419
18.422
18.495
18.502
18.309
18.317
18.476
18.482
18.380
18.493
18.547
18.431
18.341
18.663
18.604
18.573
18.431
18.547
18.442
18.410
18.572
18.451
18.353
18.422
18.399
18.387
18.307
18.380
19.248
19.222
19.244
18.385
18.477
18.964
18.479
18.421
18.506
18.624
18.458
18.658
18.482
18.509
19.143
18.574
18.909
18.452
18.523
18.540
18.569
18.516
18.518
18.553
18.500
18.578
18.530
18.622
18.498
18.449
18.592
18.380
18.433
18.532
18.521
18.508
18.421
18.497
18.510
18.486
18.545
18.623
19.239
18.708
18.404
18.455
18.433
18.476
18.522
18.527
18.451
18.482
18.414
18.484
18.434
18.641
18.309
18.428
18.791
18.469
18.585
18.299
18.388
18.376
18.353
18.300
18.294
18.302
18.359
18.469
18.441
18.498
18.440
18.559
18.310
18.490
18.399
18.503
18.428
18.553
18.428
18.429
18.462
18.453
18.422
18.389
18.307
18.624
18.374
18.364
18.454
18.507
18.430
18.485
18.391
18.703
18.382
18.396
18.397
18.236
18.370
18.358
18.356
18.502
18.450
18.453
18.382
18.461
18.469
18.363
18.379
18.340
18.487
18.348
18.483
18.333
18.458
18.448
18.392
18.356
18.443
18.557
18.543
18.466
18.366
18.545
18.391
18.536
18.318
18.452
18.533
18.479
18.541
18.500
18.415
18.389
18.434
18.410
18.390
18.369
18.310
18.432
18.334
18.651
18.606
18.463
18.497
18.317
18.679
18.722
18.469
17.785
18.611
18.515
18.440
18.363
18.544
18.499
18.517
18.392
18.599
18.564
18.491
18.582
18.802
19.197
18.368
18.445
18.379
18.354
18.401
18.287
18.352
18.280
18.480
18.549
18.309
18.298
18.382
18.339
18.435
18.583
18.360
18.420
18.414
18.466
18.336
18.517
18.356
18.416
18.530
18.436
18.294
18.356
18.474
18.480
18.416
18.813
19.080
18.514
18.812
18.664
18.347
18.336
18.598
18.353
18.343
18.332
18.471
18.604
18.513
18.423
18.444
18.360
18.600
19.235
19.246
19.219
19.255
19.253
19.212
19.217
19.233
19.227
19.192
19.188
19.187
19.179
19.155
19.190
19.236
19.239
19.274
19.215
19.040
18.699
19.189
19.236
19.266
19.184
19.279
18.359
19.302
18.558
19.236
19.241
18.561
18.560
18.846
18.436
18.407
18.339
18.679
18.430
18.320
18.489
18.375
18.510
18.347
18.488
18.455
18.446
18.582
18.359
18.405
18.359
18.578
19.139
18.380
18.377
18.443
18.551
18.356
18.558
18.406
18.383
18.451
18.545
18.288
18.332
18.295
18.367
18.356
18.365
18.363
18.409
18.488
18.401
18.568
18.351
18.483
18.383
18.397
18.383
18.326
18.308
18.367
18.365
18.361
18.378
18.377
18.433
18.394
18.467
18.612
18.394
18.459
18.448
18.406
18.391
18.575
18.394
18.360
18.455
18.253
18.290
18.439
18.376
18.530
18.527
18.410
18.478
18.352
18.659
18.468
18.485
18.390
18.530
18.354
18.781
18.372
18.606
18.303
18.383
18.402
18.529
18.418
18.381
18.500
18.399
18.456
18.496
18.472
18.437
18.607
18.378
18.487
18.394
18.343
18.401
18.409
18.459
18.490
18.390
18.473
18.480
18.320
18.427
18.319
18.381
18.405
18.395
18.419
18.705
18.476
18.378
18.525
18.308
18.487
18.413
18.391
18.439
18.366
18.375
18.457
18.409
18.411
18.522
18.327
18.426
18.437
18.463
18.312
18.380
18.323
18.325
18.306
18.481
18.414
18.351
18.400
18.293
18.289
18.426
18.499
18.370
18.438
18.295
18.478
18.644
18.301
18.300
18.390
18.312
18.468
18.273
18.255
18.299
18.331
18.377
18.752
18.442
18.355
18.374
18.412
18.389
18.421
18.430
17.841
18.361
18.522
18.452
18.487
18.386
18.691
18.519
18.291
18.370
18.464
18.357
18.442
18.530
18.355
18.403
18.371
18.390
18.377
18.357
18.384
18.412
18.488
18.472
18.376
18.426
18.387
18.397
18.445
18.356
18.275
18.396
18.347
18.368
18.337
18.360
18.767
18.469
18.314
18.427
18.401
18.382
18.380
18.426
18.472
18.420
18.450
18.343
18.402
18.339
18.667
18.433
18.423
18.385
18.396
18.416
18.436
18.543
18.336
18.505
18.474
18.435
18.341
18.426
18.366
18.562
18.402
18.326
18.346
18.381
18.435
18.445
18.462
18.361
18.552
18.463
18.374
18.331
18.461
18.879
18.336
18.340
18.324
18.473
18.353
18.513
18.383
18.403
18.390
18.506
18.522
18.491
18.375
18.413
18.304
18.374
18.334
18.498
18.538
18.479
18.527
18.290
18.383
18.387
18.335
18.440
18.353
18.574
18.349
18.338
18.486
18.287
18.554
18.431
18.370
18.640
18.543
18.351
18.471
18.455
18.339
18.433
18.347
18.324
18.291
18.484
18.339
18.352
18.300
18.356
18.433
18.385
18.405
18.434
18.504
18.525
18.439
18.402
18.566
18.532
18.403
18.381
18.438
18.370
18.370
18.546
18.248
18.594
18.421
18.518
18.392
18.481
18.496
18.338
18.487
18.404
18.398
18.460
18.460
18.330
18.405
18.294
18.415
18.413
18.391
18.384
18.500
18.367
18.377
18.443
18.342
18.396
18.327
18.366
18.432
18.394
18.442
18.458
18.363
18.480
18.523
18.321
18.483
18.512
18.365
18.382
18.320
18.500
18.443
18.356
18.436
18.476
18.366
18.665
18.344
18.408
18.454
18.386
18.367
18.377
18.610
18.334
18.317
18.362
18.438
18.298
18.463
18.337
18.401
18.332
18.379
18.394
18.340
18.427
18.325
18.401
18.461
18.389
18.424
18.434
18.392
18.362
18.274
18.396
18.409
18.314
18.325
18.475
18.460
18.399
18.577
18.645
18.493
18.340
18.338
18.448
18.417
18.431
18.418
18.474
18.509
18.369
18.392
18.358
18.519
18.498
18.275
18.493
18.421
18.376
18.416
18.473
18.381
18.381
18.451
18.451
18.366
18.414
18.416
18.421
18.953
18.333
18.370
18.335
18.482
18.316
18.302
18.420
18.385
18.467
18.458
18.333
18.374
18.404
18.401
18.331
18.493
18.369
18.382
18.354
18.355
18.508
18.572
18.510
18.323
18.396
18.397
18.378
18.417
18.434
18.559
18.391
18.541
18.421
18.401
18.422
18.569
18.447
18.454
18.351
18.391
18.396
18.454
18.372
18.373
18.310
18.385
18.402
18.301
18.773
18.366
18.421
18.410
18.462
18.502
18.527
18.470
18.601
18.494
18.653
18.419
18.573
19.155
18.556
18.421
18.374
18.480
18.407
18.448
18.368
18.401
18.411
18.281
18.348
18.464
18.467
18.329
18.460
18.392
18.420
18.547
18.375
18.405
18.395
18.388
18.441
18.352
18.388
18.433
18.446
18.522
18.293
18.341
18.370
18.327
18.398
18.534
18.336
18.494
18.416
18.406
18.378
18.268
18.485
18.493
18.471
18.475
18.590
18.581
18.687
18.332
18.432
18.563
18.466
18.666
18.486
18.475
18.546
18.432
18.383
18.373
18.542
18.569
18.594
18.450
18.377
18.341
18.439
18.371
18.406
18.479
18.351
18.515
18.378
18.409
18.352
18.330
18.497
18.303
18.432
19.228
18.579
18.344
18.486
18.779
19.098
18.337
18.358
18.505
18.444
18.455
18.597
18.570
18.471
18.423
18.463
18.583
18.516
18.430
18.370
18.471
18.429
18.320
18.268
18.416
18.435
18.480
18.545
18.482
18.411
18.550
18.435
18.414
18.523
18.450
18.413
18.376
18.414
18.431
18.483
18.416
18.393
18.425
18.413
18.410
18.410
18.359
18.467
18.353
18.448
18.377
18.387
18.398
18.455
18.449
18.341
18.464
18.306
18.302
18.382
18.437
18.275
18.418
18.378
18.379
18.621
18.358
18.527
18.349
18.397
18.387
18.381
18.436
18.279
18.496
18.576
18.375
18.384
18.588
18.352
18.341
18.534
18.335
18.413
18.435
18.510
18.461
18.387
18.399
18.325
18.454
18.348
18.681
18.500
18.485
18.547
18.453
18.446
18.283
18.414
18.510
18.423
18.368
18.500
18.434
18.306
18.392
18.431
18.400
18.498
18.468
18.417
18.447
18.368
18.446
18.391
18.347
18.376
18.375
18.312
18.353
18.342
18.555
18.367
18.581
18.761
18.531
18.588
18.440
19.223
19.204
19.087
19.200
18.343
18.067
18.339
18.358
18.414
18.351
18.315
18.564
18.344
18.336
18.416
18.372
19.285
19.085
19.304
18.152
19.333
19.288
18.729
19.262
19.167
19.147
19.212
19.220
19.285
19.244
19.197
19.211
19.233
18.430
18.605
19.231
18.399
18.388
18.072
18.445
18.631
19.214
19.215
19.233
19.239
19.247
19.292
19.258
19.263
18.537
18.740
18.365
18.511
18.620
18.459
18.365
18.366
18.432
18.398
18.566
18.581
18.306
18.335
18.343
18.496
18.754
18.544
18.612
18.347
18.329
18.365
18.349
18.428
18.398
18.357
18.531
18.140
18.308
18.136
18.334
18.463
18.472
18.308
18.395
18.267
18.349
18.411
18.526
18.338
18.489
18.383
18.371
18.309
18.386
18.324
18.261
18.287
18.417
18.377
18.354
18.301
18.476
18.426
18.402
18.344
18.432
18.348
18.459
18.594
18.282
18.302
18.531
18.627
18.566
18.423
18.404
18.164
18.243
18.291
18.278
18.326
18.333
18.164
18.334
18.341
17.933
17.703
17.582
17.688
18.433
18.391
18.589
18.415
18.277
18.322
17.457
18.358
18.307
18.353
18.233
18.285
18.425
18.515
18.332
18.367
18.359
18.526
18.285
18.381
18.304
18.449
18.531
18.483
18.337
18.486
18.299
18.372
18.556
18.243
18.315
18.511
18.378
18.341
18.428
18.375
18.317
16.193
16.628
17.244
16.709
16.050
14.112
14.342
13.977
14.034
15.209
17.211
14.794
14.699
14.466
13.864
13.923
15.214
18.287
18.299
18.487
18.420
18.082
18.387
18.281
18.253
18.392
18.233
18.422
18.712
18.193
18.242
18.113
18.284
18.272
18.556
18.393
18.476
18.389
18.164
18.469
18.514
18.286
18.153
18.389
18.346
18.315
18.339
18.432
18.336
18.400
18.496
18.246
18.306
18.355
18.349
18.490
18.302
18.298
18.495
18.336
18.315
18.417
18.363
18.410
18.261
18.504
18.229
18.281
18.381
18.139
18.250
18.378
17.941
17.967
18.446
18.475
18.427
18.225
18.301
18.435
18.418
18.303
17.546
18.384
18.250
18.633
18.309
18.347
18.358
18.377
18.385
18.124
18.375
18.379
18.255
18.216
18.253
18.261
18.403
18.288
18.395
18.222
18.583
18.392
18.362
18.356
18.325
18.369
18.625
18.374
18.545
18.279
18.493
18.316
18.508
18.435
18.471
18.462
18.380
18.331
18.199
18.008
18.413
18.426
18.297
18.261
18.210
17.945
18.187
18.374
18.433
18.673
18.147
18.311
18.193
18.444
18.164
18.192
18.273
18.144
18.254
18.232
18.235
18.263
18.244
18.288
18.273
18.365
18.414
18.251
18.397
18.264
18.504
18.345
18.421
18.232
17.731
16.785
18.254
18.294
18.457
18.412
18.374
18.441
18.406
18.446
18.195
18.490
18.210
18.390
18.309
18.526
18.184
18.338
18.344
18.441
18.345
18.276
17.860
18.295
18.259
18.291
18.223
17.951
17.883
18.390
18.295
18.421
16.923
18.268
18.288
18.361
18.611
18.271
18.247
18.414
18.225
18.253
17.805
18.540
18.388
18.300
18.422
17.804
17.913
18.285
17.960
18.816
18.472
18.346
18.392
18.192
18.397
18.562
18.497
18.336
18.532
18.273
18.313
18.370
18.255
18.097
18.379
18.344
18.293
18.246
18.363
18.437
18.364
18.372
18.303
18.321
18.468
18.574
18.323
18.211
17.314
18.219
18.332
18.313
18.408
18.242
18.384
18.323
18.330
18.302
18.074
18.322
18.321
17.414
18.370
18.313
18.229
18.158
18.171
18.553
18.366
18.273
18.250
18.360
18.338
18.377
18.358
18.345
18.327
18.357
18.336
18.266
18.353
18.308
18.372
18.370
18.283
18.307
18.342
18.211
18.355
18.213
18.456
18.461
18.229
17.563
18.374
18.172
18.276
18.140
18.538
18.127
18.307
18.341
18.291
18.147
18.379
18.280
18.474
18.369
18.331
18.347
18.400
18.374
18.367
18.400
18.416
18.303
18.372
18.409
18.484
18.364
18.374
18.609
18.414
18.383
18.467
18.377
18.337
18.213
18.353
18.405
18.333
18.360
18.313
18.491
18.398
18.414
18.476
18.434
18.305
18.409
18.329
18.437
18.313
18.349
18.345
18.497
18.347
18.362
18.303
18.336
18.395
18.456
18.756
18.263
18.258
18.263
18.360
18.451
18.392
18.316
18.177
18.380
18.303
18.366
18.362
18.356
18.317
18.346
18.292
18.291
18.346
18.339
18.408
18.384
18.377
18.472
18.368
18.768
18.361
18.642
18.501
18.527
18.474
18.414
18.410
18.395
18.353
18.350
18.358
18.393
18.409
18.323
14.895
15.129
18.238
18.399
18.330
17.699
18.329
18.281
18.461
18.335
18.388
18.449
18.428
18.429
18.393
18.367
18.352
18.365
18.306
18.330
18.422
18.422
18.420
18.006
18.419
18.352
18.313
18.480
18.406
18.578
18.426
18.554
18.609
18.483
18.456
18.485
18.550
18.399
18.437
18.612
18.337
18.414
18.507
18.669
18.447
18.338
18.365
18.492
18.458
18.432
18.470
18.307
18.459
18.520
18.493
18.357
18.405
18.362
18.610
18.297
18.394
18.429
18.485
18.509
18.309
18.414
18.341
18.341
18.295
18.368
18.373
18.401
18.380
18.484
18.646
18.357
18.595
18.389
18.313
18.484
18.362
18.479
18.393
18.357
18.461
18.345
18.391
18.403
18.278
18.341
18.384
18.430
18.466
18.347
18.353
18.348
18.455
18.423
18.460
18.426
18.589
18.424
18.523
18.632
18.441
18.324
18.330
18.541
18.472
18.259
18.290
18.364
18.320
18.362
18.322
18.279
18.532
18.385
18.412
18.391
18.444
18.468
18.352
18.426
18.339
18.347
18.405
18.298
18.383
18.610
18.424
18.356
18.391
18.636
18.873
18.610
18.456
18.334
18.417
18.661
18.626
18.743
18.687
18.382
19.013
18.417
18.495
18.434
18.532
18.390
18.412
18.504
18.365
18.426
18.506
18.406
18.439
18.532
18.475
19.134
18.560
18.404
18.429
19.217
18.480
18.366
18.293
18.351
18.383
18.361
18.445
18.314
18.407
18.360
18.396
18.490
18.377
18.356
18.270
18.310
18.342
18.412
18.428
18.406
18.352
18.418
18.428
18.336
18.406
18.296
18.280
18.463
18.384
18.384
18.596
18.334
18.341
18.469
18.460
18.356
18.272
18.330
18.366
18.402
18.381
18.347
18.339
18.455
18.616
18.310
18.470
18.309
18.435
18.470
18.453
18.386
18.468
18.379
18.425
18.431
18.261
18.351
18.387
18.416
18.437
18.486
18.626
18.570
18.438
18.528
18.377
18.508
18.280
18.431
18.433
18.335
18.424
18.428
18.274
18.284
18.505
18.413
18.440
18.299
18.365
16.651
17.612
15.979
18.415
18.536
18.383
17.679
18.623
18.343
18.386
18.370
18.477
18.368
18.326
18.370
18.399
18.354
18.471
15.920
15.919
16.152
15.394
15.051
14.568
15.530
15.252
15.978
14.837
15.633
15.944
15.433
14.961
16.029
15.263
15.586
15.237
14.778
16.830
15.190
15.271
16.330
18.595
19.181
18.489
19.224
18.993
18.280
18.517
18.443
18.396
18.839
18.382
17.875
18.203
18.350
18.420
18.410
18.451
18.498
18.439
18.436
18.324
18.330
18.250
18.416
18.308
18.320
18.317
18.449
18.449
18.843
18.657
18.556
18.437
18.522
18.371
18.374
18.411
18.359
18.438
18.356
18.497
18.417
18.644
18.395
18.421
18.435
19.082
18.583
18.548
18.380
18.436
18.356
18.413
18.454
18.623
18.530
18.326
18.468
18.488
18.299
18.434
18.473
18.385
18.444
18.491
18.475
18.549
18.307
18.500
18.357
18.331
18.397
18.457
18.424
18.312
18.430
18.382
18.501
18.445
18.532
18.575
18.428
18.402
18.408
18.408
18.384
18.366
18.528
18.387
18.511
18.401
18.397
18.699
18.772
18.360
18.343
18.632
18.329
18.502
18.346
18.475
18.424
18.295
18.307
18.399
18.385
18.406
18.412
18.410
18.435
18.344
18.385
18.392
18.420
18.395
18.333
18.357
18.278
18.465
18.499
18.413
18.438
18.414
18.368
18.328
18.508
18.337
18.419
18.398
18.391
18.375
18.418
18.547
18.413
18.382
18.470
18.372
18.538
18.555
18.434
18.392
18.439
17.737
18.402
18.466
18.486
18.549
18.459
18.472
18.516
18.423
18.363
18.338
18.447
18.402
18.407
18.400
18.489
18.546
18.462
18.388
18.668
18.578
18.839
18.450
18.419
18.399
18.454
18.641
18.471
18.136
18.266
18.393
18.364
18.326
18.273
18.140
19.127
18.162
18.110
18.317
18.326
18.252
18.466
18.437
18.442
18.562
18.537
18.383
18.408
18.349
18.611
18.429
18.341
18.331
18.287
18.309
18.180
18.302
18.342
18.429
18.332
18.361
18.367
18.379
18.335
18.423
18.412
18.469
18.449
18.458
18.404
18.583
18.523
18.457
18.601
18.381
18.422
18.426
18.855
18.460
18.579
18.590
18.279
18.364
18.364
18.371
18.389
18.409
18.502
18.429
18.377
18.382
18.375
18.361
18.249
18.624
18.436
18.211
18.362
18.345
18.427
18.337
18.348
19.113
18.430
18.427
18.361
18.391
18.394
18.695
18.463
18.443
18.387
18.372
18.301
18.372
18.275
18.339
18.496
18.339
18.356
16.024
18.344
17.049
18.415
18.450
18.408
18.213
18.336
18.476
18.601
18.320
18.326
18.371
18.516
18.394
18.325
18.305
18.447
18.311
18.050
18.431
18.550
18.467
18.359
18.358
18.391
18.317
18.359
18.358
18.324
18.567
18.382
18.408
18.516
18.355
18.336
18.337
18.381
18.371
18.428
18.357
18.367
18.425
18.256
18.312
18.238
18.338
18.268
18.376
18.398
18.436
18.369
18.417
18.379
18.358
18.397
18.469
19.083
18.354
18.526
18.378
18.673
18.449
18.317
18.320
18.285
18.318
18.428
18.495
18.373
18.820
19.267
19.343
19.391
19.335
18.850
18.962
18.333
19.301
18.316
18.516
18.371
18.254
18.339
18.308
18.246
18.249
18.473
18.363
18.665
18.483
18.323
18.470
18.320
18.494
18.352
18.298
18.320
18.323
18.548
18.436
18.512
19.435
19.669
19.853
19.292
19.367
18.848
19.292
20.279
19.466
19.310
19.489
19.138
19.251
20.812
21.414
20.166
20.200
21.851
19.688
20.101
19.872
21.029
20.047
21.270
20.796
20.377
19.249
19.166
20.402
18.999
20.306
20.240
19.807
21.762
21.733
21.827
19.816
20.160
19.981
19.975
20.629
20.775
20.327
20.374
20.355
19.912
20.059
20.310
20.214
20.894
19.896
19.624
20.141
20.425
20.223
20.246
20.595
20.369
20.480
19.886
19.953
19.655
19.854
20.248
20.409
20.504
20.557
20.133
20.697
20.674
22.009
20.350
21.033
22.013
20.370
20.156
19.995
20.314
19.682
19.788
20.566
20.753
20.188
20.024
20.143
16.549
18.661
16.826
17.356
19.469
20.138
17.517
19.317
16.792
17.513
18.001
19.366
19.639
20.246
20.449
20.390
19.499
20.104
20.439
21.951
21.992
22.195
21.514
20.356
19.618
20.733
20.147
19.396
19.671
19.656
19.175
19.904
19.724
19.427
20.133
19.683
20.174
19.836
19.842
19.794
19.378
19.374
19.977
19.787
20.783
20.058
20.386
20.101
19.990
19.827
20.166
19.925
17.731
19.855
19.631
19.528
19.856
20.083
20.437
19.950
19.707
19.669
19.864
19.755
20.427
19.601
19.126
19.544
19.661
19.947
19.445
19.846
19.593
19.776
20.295
19.824
20.062
18.126
19.515
18.045
19.630
20.154
20.521
20.062
19.795
20.134
19.627
19.857
19.648
20.440
19.934
19.471
19.804
19.648
19.545
20.268
19.261
20.102
20.446
19.714
19.638
20.048
19.801
19.983
19.781
19.717
19.710
20.185
20.395
19.633
19.736
19.959
20.191
19.859
20.510
19.949
20.159
20.092
19.454
20.124
19.607
20.204
19.673
19.789
19.487
19.906
19.469
19.966
19.504
20.282
19.975
20.417
19.844
20.100
19.695
19.964
20.347
20.536
19.495
19.935
20.074
19.730
19.678
20.575
20.905
19.572
19.702
19.391
19.650
19.380
20.205
19.677
20.110
19.730
18.516
19.939
19.621
19.384
21.099
20.087
19.792
20.365
19.918
19.446
19.350
19.211
19.295
19.226
19.117
19.755
19.517
21.120
20.154
21.956
20.212
19.516
18.955
19.445
19.219
19.371
19.769
19.947
19.543
19.729
19.794
19.586
19.523
19.511
19.787
19.436
19.355
19.404
19.322
19.550
19.590
19.474
19.641
19.639
19.733
19.530
19.223
19.181
19.181
19.406
19.162
19.377
19.485
19.293
19.447
19.308
19.679
19.386
19.296
19.753
19.513
19.621
19.342
19.528
19.692
19.537
19.613
19.286
19.582
19.687
19.524
19.750
19.336
19.480
19.627
19.561
19.506
19.189
19.613
19.531
19.314
19.473
19.603
19.484
19.426
19.324
19.348
19.578
19.425
19.362
19.324
20.064
19.917
19.534
19.676
19.560
19.863
19.498
22.122
22.205
22.169
22.220
22.101
22.387
22.253
21.957
22.275
22.232
22.152
22.154
21.872
22.432
21.823
21.815
22.463
22.225
22.055
22.122
22.155
22.351
22.299
22.089
22.064
22.162
21.899
21.465
21.701
21.798
22.227
22.238
22.051
22.256
22.218
22.262
21.971
22.093
19.333
20.986
22.021
21.430
22.079
22.294
22.305
22.299
22.087
22.412
22.236
22.332
21.896
22.259
21.827
21.896
22.002
21.986
22.265
22.098
22.179
22.245
22.042
21.981
21.865
21.760
20.144
19.775
20.303
19.871
19.718
20.238
19.977
19.760
19.550
18.648
19.877
19.596
20.260
22.138
22.202
19.876
22.452
22.289
21.751
20.547
20.758
22.251
21.158
21.316
21.859
22.220
21.095
22.270
22.344
22.292
22.156
22.005
22.250
22.186
22.389
22.156
22.286
22.387
22.026
22.447
22.326
22.541
22.163
22.182
22.204
22.711
20.584
21.633
22.317
22.291
20.695
21.871
22.249
22.135
22.241
22.219
22.253
21.720
21.714
21.539
21.306
22.062
22.089
22.200
22.251
22.262
22.417
22.225
19.362
22.484
22.349
21.838
22.516
21.648
21.477
21.477
21.279
21.259
21.398
21.389
21.255
21.347
21.610
21.271
20.740
21.353
18.734
20.947
21.379
21.381
21.124
21.231
20.994
21.156
21.080
21.264
21.446
21.436
21.387
21.416
21.334
21.431
21.317
21.288
21.288
21.331
21.386
21.453
21.283
21.027
21.337
21.406
21.555
21.539
21.355
21.323
21.249
22.082
21.374
21.457
21.946
21.567
21.699
21.260
21.633
21.374
17.735
21.936
21.670
20.010
21.351
19.744
19.815
18.741
19.143
19.230
20.019
19.636
21.487
21.353
21.415
21.394
21.405
21.800
20.613
21.518
21.292
21.334
21.303
21.384
20.657
21.542
21.447
21.426
21.274
21.261
21.819
21.492
21.293
20.761
21.329
19.298
21.342
20.713
20.790
21.552
21.191
21.336
21.436
21.194
21.300
21.281
21.317
20.793
20.821
21.410
20.078
21.564
21.298
21.273
21.382
21.382
21.840
21.474
21.475
21.709
21.530
20.864
19.886
19.949
20.158
20.013
20.025
20.632
20.158
21.810
21.784
21.546
21.840
21.827
21.703
21.868
21.495
21.569
21.700
21.499
21.937
21.772
22.017
21.675
21.576
21.909
21.677
20.568
21.739
22.022
21.671
21.376
21.864
21.469
21.796
21.435
20.095
21.244
21.577
21.367
20.871
19.611
21.850
21.663
20.988
21.573
21.602
21.713
21.491
21.356
20.820
21.996
21.571
21.691
21.461
21.708
21.583
21.735
22.098
20.296
18.227
19.842
19.714
19.868
19.705
19.655
19.937
20.249
20.049
20.159
20.022
19.913
20.298
20.155
20.650
20.326
22.493
20.882
23.005
23.033
20.231
21.011
20.236
20.263
19.624
20.277
20.387
20.222
20.673
20.162
20.055
20.106
19.601
20.541
19.875
19.818
20.609
18.836
20.762
20.112
22.449
23.290
22.184
21.822
21.864
21.531
21.853
22.251
20.687
21.552
19.823
17.614
17.923
17.878
17.818
17.655
18.366
18.061
18.092
18.637
17.866
17.832
18.422
17.792
18.070
18.204
18.311
18.116
18.065
18.135
17.832
18.000
18.039
17.082
17.854
18.020
15.804
18.017
17.737
19.184
18.050
17.819
18.035
17.720
17.585
17.885
17.907
18.040
17.621
18.004
18.132
18.026
18.095
17.775
18.114
17.276
15.839
17.176
17.276
17.839
17.828
17.925
18.096
17.740
17.787
17.708
17.983
17.677
18.112
18.006
18.150
18.132
18.807
17.941
17.772
17.654
17.927
17.545
18.194
17.950
17.732
17.757
18.045
18.022
17.744
17.737
17.866
17.947
18.205
18.219
18.354
17.733
17.924
17.903
17.761
18.102
17.730
17.703
17.760
18.165
18.105
17.963
18.972
19.637
18.347
17.686
17.736
18.277
18.316
18.348
18.182
18.305
17.803
18.428
19.292
17.919
17.915
18.158
18.936
19.287
20.284
21.101
19.774
19.994
20.521
19.064
17.826
18.176
18.446
18.194
17.589
17.603
17.699
18.125
17.851
17.792
17.808
17.913
18.046
18.358
18.252
17.745
17.880
17.732
18.124
18.085
17.915
17.884
17.886
18.379
17.843
18.001
17.646
18.084
17.747
17.776
18.689
18.107
18.036
17.766
18.017
18.465
18.034
17.911
18.143
18.098
18.523
17.893
19.136
20.937
21.609
22.340
21.307
21.467
21.097
21.562
22.165
22.797
22.738
23.291
23.704
23.387
23.460
23.672
23.503
23.352
23.705
23.415
23.393
23.494
21.081
23.635
23.427
23.493
23.728
23.332
23.593
23.507
23.572
23.637
23.337
23.416
23.386
23.602
23.900
23.472
23.775
23.434
23.296
23.569
23.487
23.477
23.216
23.429
23.474
23.367
23.571
23.398
23.420
23.605
23.392
23.184
23.451
23.870
23.659
23.780
23.497
23.676
22.585
23.677
23.493
23.417
23.560
23.327
23.707
23.545
23.441
23.590
23.033
23.489
23.287
23.569
23.450
23.333
23.258
23.734
23.666
23.266
23.270
23.198
23.231
23.280
22.293
23.382
23.298
23.266
22.917
23.248
23.229
23.251
23.281
20.478
21.723
23.234
23.308
23.278
23.278
23.258
23.315
23.708
23.296
23.314
23.395
23.250
22.772
22.012
23.379
23.270
23.268
23.314
23.385
23.278
23.349
23.395
23.354
23.267
23.239
23.294
23.261
23.284
23.417
21.567
23.343
23.194
23.344
23.366
22.784
23.266
23.288
23.312
23.344
23.375
21.845
24.056
23.528
23.520
23.347
21.910
22.416
22.555
23.559
23.627
23.433
23.523
23.389
23.521
23.536
23.332
23.457
23.503
23.484
23.559
23.621
23.688
21.958
22.057
21.969
23.752
21.706
21.876
22.002
21.833
21.793
21.671
21.527
21.497
21.595
21.375
21.697
21.598
21.506
21.615
21.849
22.591
21.939
21.834
21.486
21.799
21.574
21.695
22.176
22.395
21.885
21.361
21.730
21.669
22.732
23.370
23.451
21.639
21.922
21.442
22.789
24.010
23.785
23.605
22.566
22.088
21.875
23.739
23.626
23.851
23.913
23.966
23.393
23.964
23.622
22.015
22.203
22.652
23.703
24.210
24.126
23.434
23.522
23.575
23.487
23.709
23.823
23.488
23.481
23.637
23.920
23.911
23.624
23.798
23.211
23.484
23.721
23.757
23.720
23.385
24.086
23.687
23.456
23.548
23.443
23.646
23.608
23.452
23.436
23.395
23.513
23.804
23.563
24.076
23.621
22.756
23.175
23.216
22.867
23.912
24.045
23.579
23.511
23.877
23.729
23.538
23.682
21.739
22.234
23.831
23.825
23.940
23.669
24.355
24.701
24.621
24.707
24.431
24.485
24.479
24.780
24.439
24.622
24.501
24.655
24.396
24.406
24.774
24.830
24.615
24.543
24.711
24.703
25.032
24.591
24.525
24.813
24.557
24.350
24.370
24.498
24.642
24.352
24.926
24.257
24.528
24.586
24.716
24.565
24.425
24.489
24.531
24.483
24.473
24.323
24.164
24.480
24.596
24.662
25.703
25.702
25.525
28.332
26.842
25.629
25.704
26.071
25.693
25.888
25.907
25.615
25.758
26.056
25.872
25.386
25.848
25.712
25.438
26.261
25.538
26.079
25.594
26.041
25.703
25.639
25.158
25.762
25.969
25.598
25.767
26.020
25.686
25.844
25.751
25.659
25.596
25.134
25.994
26.032
26.269
25.986
26.026
25.010
25.732
26.397
26.112
25.987
25.801
25.600
25.738
26.113
25.931
25.959
25.953
26.132
26.135
26.009
25.849
26.120
25.899
26.428
25.923
26.153
25.604
25.412
25.987
25.547
25.737
26.017
25.656
25.731
25.723
26.417
25.840
25.611
26.055
26.017
25.697
25.711
25.265
26.009
25.539
25.754
26.107
25.967
25.585
25.701
25.794
26.103
24.649
27.139
27.629
27.146
25.585
24.525
24.613
24.403
24.704
24.490
24.600
24.717
24.624
24.553
24.653
24.621
22.874
22.090
22.235
22.865
22.021
24.764
25.153
23.931
24.644
24.595
24.659
24.590
24.487
24.671
24.741
24.807
24.525
24.992
24.695
24.889
24.466
24.303
24.841
24.438
24.397
24.665
24.881
24.727
24.830
24.717
24.544
24.340
24.172
24.340
23.668
24.260
24.517
24.691
24.323
24.615
24.489
22.367
22.570
22.007
22.408
22.130
22.246
24.544
25.160
24.897
24.239
25.675
26.262
25.984
25.874
25.724
25.708
25.498
25.659
25.581
25.040
27.873
25.726
25.469
26.006
26.126
25.740
25.552
25.962
25.929
25.544
25.483
25.440
25.540
25.398
26.321
25.697
25.963
25.430
25.776
25.609
25.996
26.560
26.305
27.812
25.864
25.852
25.843
26.021
24.467
24.960
24.658
24.781
25.177
24.541
24.394
25.282
24.992
24.501
24.686
24.673
24.572
24.514
24.657
24.364
24.429
24.965
24.673
24.505
24.636
24.629
24.520
24.540
24.881
26.476
26.154
25.635
25.889
