20.599
20.047
23.545
23.469
20.536
20.805
19.621
23.178
23.688
21.902
23.594
20.678
22.904
20.659
16.950
24.364
18.474
24.016
23.575
24.226
25.302
22.531
22.715
21.627
22.440
22.439
21.282
19.998
21.310
22.156
22.206
21.893
22.600
22.608
25.215
25.540
26.089
22.504
24.849
24.948
24.906
25.263
25.528
23.893
22.856
23.685
25.207
25.333
22.768
22.216
17.798
19.995
18.816
21.753
22.029
19.916
18.626
20.397
17.009
20.653
20.288
19.805
19.932
18.929
19.366
19.336
18.719
17.051
19.091
20.539
19.192
21.208
21.868
22.100
22.361
23.753
22.954
25.045
25.547
25.466
25.549
25.038
25.261
25.079
24.171
25.177
25.486
24.832
25.150
22.972
25.113
25.288
25.186
25.211
25.262
25.311
25.290
23.025
25.227
25.240
25.177
25.579
22.906
23.409
22.533
24.286
25.215
25.304
25.197
25.122
25.385
25.712
25.003
25.248
25.616
24.523
24.042
25.560
24.025
24.471
25.324
25.299
25.380
25.470
25.586
25.255
25.587
25.638
22.693
24.238
24.969
25.157
24.863
25.139
25.215
25.098
25.378
25.338
25.898
25.013
25.382
25.971
26.060
25.273
25.411
25.324
25.468
24.576
22.319
24.671
24.481
24.633
24.529
24.068
24.419
23.844
25.333
25.612
26.254
25.827
25.782
26.976
26.339
26.161
26.577
26.296
25.666
26.478
26.387
23.733
25.429
25.652
27.085
27.186
27.207
27.186
27.203
27.078
27.192
27.233
27.012
27.231
27.197
27.191
27.169
27.343
26.256
26.817
26.226
26.357
26.071
26.038
26.412
26.028
25.738
25.294
24.756
24.108
25.542
25.904
26.850
27.186
26.410
27.723
26.015
25.526
26.376
25.318
25.834
25.793
26.139
26.280
27.524
28.532
28.659
28.189
27.361
26.004
28.452
29.243
29.141
29.437
29.080
29.325
29.174
29.250
29.186
29.393
29.165
27.670
28.239
29.830
28.549
27.555
28.371
28.113
27.856
26.951
24.877
27.640
28.463
27.329
27.454
27.320
26.255
25.032
24.815
23.944
23.909
24.747
25.002
25.215
25.222
25.290
25.106
24.558
24.438
24.661
27.695
27.704
27.327
27.372
26.118
26.479
23.521
21.209
22.238
22.681
24.821
24.741
25.177
25.009
25.185
23.908
24.538
24.594
24.683
25.416
24.565
23.276
25.424
25.465
25.531
23.228
26.242
25.465
25.689
25.168
25.440
25.735
25.654
25.437
24.152
24.527
24.728
24.682
24.434
24.739
24.609
23.988
24.422
24.980
24.759
24.595
24.383
24.748
23.390
24.039
24.402
24.144
24.473
24.331
24.409
23.631
23.736
23.655
24.222
24.436
24.483
24.562
24.891
24.560
23.461
23.810
23.464
23.595
23.556
21.507
17.380
19.771
20.645
21.618
21.320
21.368
22.093
21.608
19.508
21.530
21.419
21.054
21.604
21.516
21.525
20.516
19.743
21.401
21.462
19.002
18.182
20.502
20.518
18.755
18.732
16.362
19.611
18.809
18.031
19.357
20.663
20.116
20.688
20.134
20.311
20.475
20.452
20.447
20.324
19.341
18.849
18.386
19.208
19.991
19.337
18.785
19.032
18.332
18.093
17.669
18.394
18.735
15.309
15.043
19.016
19.777
16.689
18.880
19.495
19.953
18.789
19.332
18.220
19.935
19.431
20.953
16.838
17.531
17.887
17.565
17.838
18.320
21.290
21.314
20.592
20.553
20.726
20.815
20.609
21.587
19.180
20.520
20.487
20.612
20.237
20.266
20.451
20.517
20.498
21.172
21.134
20.540
21.132
20.583
20.378
19.472
20.019
19.089
20.077
19.059
19.559
19.550
19.743
19.638
19.598
19.429
19.466
19.496
19.535
16.782
17.782
19.573
20.133
16.016
16.279
17.637
16.731
18.943
18.277
19.526
18.270
19.323
20.136
20.383
20.674
20.828
20.398
21.114
19.469
19.355
20.184
20.346
20.212
18.624
20.668
20.422
18.116
20.097
20.795
20.876
20.598
20.466
20.582
19.713
20.748
20.252
20.239
18.454
18.485
20.530
19.998
19.725
19.078
19.256
19.573
19.314
19.096
17.392
17.758
18.194
16.420
18.232
16.182
15.883
17.147
16.642
18.532
18.732
18.856
17.089
17.066
17.810
18.363
17.711
17.676
16.556
16.860
15.567
17.005
18.844
18.995
18.913
19.688
21.623
19.535
22.186
19.678
19.705
20.894
20.014
22.141
20.989
20.637
17.494
18.843
17.989
17.387
15.389
19.331
21.177
21.336
21.057
20.585
19.838
20.710
21.579
20.795
21.621
20.606
19.074
20.359
19.609
17.644
21.995
22.479
21.467
22.075
21.503
22.575
21.902
21.953
22.254
21.945
21.436
22.069
21.667
21.735
22.345
21.257
21.579
21.361
21.280
21.161
22.340
21.254
21.904
21.437
17.995
19.423
17.518
18.415
17.172
16.840
18.427
16.524
15.950
16.571
17.386
17.198
18.801
13.889
15.855
16.111
15.248
15.622
19.168
16.883
18.594
15.404
15.615
17.436
18.200
18.169
15.666
17.516
18.601
18.405
16.534
19.585
17.709
17.382
19.699
16.772
18.299
18.605
19.997
20.173
19.639
19.563
18.584
16.377
18.498
19.270
17.105
20.140
18.921
15.276
15.911
18.866
15.160
15.127
14.881
19.105
17.570
18.256
15.150
15.357
15.666
15.356
15.126
15.528
16.865
16.817
17.509
16.629
16.339
16.378
16.019
15.411
14.428
15.669
15.729
16.219
15.742
15.561
16.319
15.809
14.765
14.034
15.117
14.170
16.433
14.723
17.315
16.647
16.212
16.114
15.161
15.563
15.170
14.173
14.486
12.349
12.087
11.586
11.740
10.289
10.176
10.645
10.403
12.389
14.291
14.034
13.552
13.045
13.147
12.979
12.988
13.429
12.671
13.995
12.368
12.621
12.322
13.534
11.880
14.238
15.008
12.786
14.175
10.914
13.070
10.980
12.025
9.479
11.442
12.729
13.244
12.505
14.951
16.043
18.504
15.126
17.462
16.393
16.350
18.043
15.946
16.939
16.840
18.291
18.007
18.629
17.729
18.543
17.689
18.404
18.748
18.251
18.509
18.422
17.564
19.129
18.740
19.237
20.100
18.290
16.925
19.030
21.143
20.631
19.168
19.625
20.585
20.180
21.099
19.103
21.268
21.315
21.133
20.546
19.878
20.428
21.405
20.844
20.616
20.844
20.581
19.011
18.329
21.259
20.816
20.959
20.829
20.762
21.301
18.757
19.542
19.295
21.000
20.246
19.203
19.461
15.796
17.795
19.700
20.206
19.530
20.162
18.180
19.397
20.003
20.444
20.361
20.635
20.490
20.161
20.066
20.601
21.201
20.490
20.687
20.465
19.978
21.247
17.567
19.963
20.612
17.183
17.669
18.820
20.479
20.563
20.416
20.584
19.138
20.642
19.431
18.437
18.586
20.375
18.409
21.826
21.543
21.609
22.078
19.786
22.174
22.455
21.838
21.789
21.733
21.398
22.080
21.875
21.573
21.771
20.578
19.821
22.353
20.929
21.494
21.098
21.152
19.417
19.671
17.258
21.402
16.920
21.492
22.346
21.807
21.820
22.318
21.541
20.703
23.375
22.464
22.629
22.492
22.752
22.546
22.269
22.864
23.173
22.684
23.491
20.641
21.074
22.682
22.704
23.224
22.955
20.923
22.851
22.074
22.426
22.424
20.498
23.331
23.527
23.191
23.508
22.543
22.347
22.612
23.607
24.356
21.309
22.408
23.482
23.514
22.859
22.832
22.724
23.597
24.375
23.198
22.597
20.193
22.871
22.589
21.843
23.928
22.950
21.569
22.033
20.211
21.614
19.738
20.040
19.431
20.360
22.418
21.459
22.202
21.357
21.259
25.290
24.880
22.718
23.516
20.870
21.996
21.897
20.568
21.898
21.744
22.751
24.212
23.836
23.651
24.306
23.330
20.835
24.402
25.306
25.279
22.960
23.856
23.466
23.631
24.187
22.587
24.128
24.012
23.212
24.400
22.608
22.145
22.196
22.254
25.126
24.336
22.204
19.795
21.359
22.573
22.568
22.088
21.665
18.484
17.063
19.408
19.807
19.712
20.084
22.308
23.510
22.065
21.258
23.017
23.873
23.477
23.928
23.628
24.409
22.684
23.989
24.125
23.685
24.073
23.970
23.012
23.661
24.437
24.448
24.729
21.730
23.012
23.465
23.289
23.648
23.666
24.004
22.678
24.874
24.552
23.811
24.002
24.223
24.792
24.562
23.544
22.492
22.260
19.751
21.246
22.959
21.715
23.010
23.399
23.708
23.007
22.346
23.114
23.722
23.592
22.430
22.598
22.712
22.606
21.944
22.297
22.737
22.820
22.869
22.908
21.438
22.777
22.041
22.006
22.267
22.401
21.319
22.934
22.184
21.189
22.170
20.805
20.366
21.440
22.067
22.611
21.442
21.144
22.295
22.650
21.610
21.213
21.072
19.965
21.525
20.879
21.198
21.562
21.092
20.823
21.152
22.472
22.846
23.006
22.686
21.584
21.719
21.676
20.127
21.070
23.195
23.359
22.946
22.514
22.133
22.604
22.870
22.773
23.329
20.595
23.343
22.167
20.052
20.263
20.239
19.269
20.038
21.723
20.966
22.754
24.084
22.671
22.700
23.187
21.895
21.662
19.214
19.267
19.848
20.094
18.844
15.806
19.250
18.005
19.323
22.333
17.373
20.708
21.255
20.842
22.445
21.850
23.525
23.392
23.989
23.641
23.900
22.498
22.227
23.851
22.496
23.659
23.373
23.389
22.926
22.633
20.082
23.484
23.453
23.533
22.251
19.761
21.233
21.850
20.922
20.624
20.307
20.524
19.992
19.810
19.593
17.641
20.169
20.359
20.171
20.991
21.198
20.161
20.203
19.484
20.388
20.487
21.676
22.650
18.285
18.074
17.768
18.251
18.551
16.805
16.132
16.856
18.175
17.109
18.879
18.060
18.970
18.930
20.669
22.005
19.582
21.568
21.584
20.830
22.122
22.318
21.017
20.403
19.198
19.790
22.365
17.753
18.715
19.270
20.577
22.763
18.429
20.154
21.341
20.406
22.863
24.024
18.207
19.383
19.316
15.739
16.732
16.941
18.297
14.574
15.910
17.274
16.902
17.863
19.131
19.367
18.502
18.535
18.843
18.393
18.849
18.536
19.103
19.206
18.374
19.359
17.640
19.462
18.574
19.701
19.009
19.091
19.233
19.523
19.220
19.819
18.544
17.960
16.476
15.494
16.668
14.612
16.406
14.874
16.331
16.318
16.695
16.465
16.439
16.694
15.285
16.247
16.448
16.093
16.647
16.460
15.999
15.898
16.466
16.491
13.993
14.625
15.082
14.737
14.623
15.026
14.946
14.576
15.369
14.878
14.140
11.230
14.845
13.235
13.460
12.979
13.939
13.120
11.626
12.610
17.865
14.435
15.542
14.705
17.185
17.047
17.036
14.703
16.976
17.260
17.833
17.205
15.492
16.611
17.032
17.093
17.944
16.189
17.467
15.084
16.643
17.219
17.073
17.363
17.424
16.743
17.051
17.767
16.982
14.824
15.973
16.937
18.180
17.140
16.563
17.160
15.460
14.613
13.264
16.524
17.458
17.238
16.768
16.572
16.968
16.383
17.160
17.569
18.098
16.899
18.267
18.235
16.776
17.644
17.961
16.697
17.112
18.394
19.995
19.687
19.492
20.235
18.918
18.946
19.861
19.296
19.733
20.257
20.016
20.011
19.925
18.240
19.932
20.470
19.417
18.955
18.207
17.876
18.474
19.398
19.969
19.899
19.239
19.552
19.414
18.048
19.523
17.816
19.478
19.858
20.106
17.971
16.585
19.779
16.343
16.718
19.531
19.363
18.685
19.250
19.270
19.667
19.231
19.549
19.149
18.925
19.182
15.163
15.913
19.180
19.391
18.430
15.505
17.521
18.484
17.670
17.529
18.163
17.897
18.200
18.066
16.183
17.006
16.586
17.171
17.482
17.465
17.371
17.223
16.963
16.975
17.284
17.106
16.518
16.411
16.053
15.803
15.699
15.613
16.639
16.797
14.434
16.826
17.015
14.112
15.875
16.637
17.322
17.739
18.345
18.328
17.576
18.396
16.967
18.274
18.185
17.754
16.920
17.401
17.941
17.655
17.655
17.413
17.430
17.230
16.584
14.734
15.029
13.000
14.424
14.578
14.557
14.615
14.337
14.160
13.487
13.473
13.157
13.424
13.680
13.497
13.571
13.417
13.041
12.604
13.328
12.921
13.009
13.694
14.260
13.593
13.550
13.489
13.594
13.715
12.654
11.249
12.367
11.994
12.943
12.415
10.484
10.609
11.619
11.038
12.867
13.035
11.658
11.609
10.971
10.489
10.130
9.928
9.681
9.903
9.534
9.794
9.959
7.911
9.773
12.988
12.070
11.482
11.609
11.792
11.465
12.339
12.176
13.414
12.078
12.055
11.592
12.209
14.654
12.829
12.837
12.745
12.547
11.778
11.922
13.483
13.480
11.464
11.745
12.861
12.995
14.256
13.847
13.835
13.962
13.607
13.293
13.348
13.619
13.518
12.009
13.817
13.934
14.054
13.975
14.207
14.463
14.017
12.763
12.775
12.644
12.908
12.691
12.774
11.465
12.590
12.676
11.913
13.279
13.534
14.040
12.915
12.828
13.590
12.926
12.886
12.833
13.324
13.195
12.734
12.290
13.705
12.359
12.347
13.700
13.161
13.493
12.506
13.821
13.879
13.679
12.886
14.024
13.052
13.737
14.299
14.286
13.731
14.646
15.342
15.786
14.466
15.946
15.731
16.264
14.063
15.751
15.523
15.552
14.625
15.768
15.837
13.258
14.278
13.624
13.204
12.669
13.959
15.899
16.704
16.809
16.984
17.016
16.832
17.706
17.245
16.888
16.804
16.777
17.155
17.707
18.189
18.339
17.668
18.266
18.233
17.414
19.470
18.457
17.923
18.001
18.060
17.669
16.489
16.595
17.884
18.213
19.044
17.808
18.386
16.248
16.046
12.590
15.108
15.340
17.064
15.839
13.678
12.992
13.798
13.283
13.354
16.248
15.938
18.200
17.954
18.797
18.522
19.137
17.997
18.991
17.173
18.130
17.203
17.638
17.895
17.579
17.627
17.904
18.246
17.928
17.792
17.530
18.079
16.482
17.778
17.412
17.132
18.548
17.799
17.618
17.546
17.506
17.655
17.980
18.023
17.087
17.531
17.416
17.678
18.173
17.743
17.398
17.856
18.369
17.396
17.467
17.815
16.570
16.591
17.498
17.646
16.475
17.515
17.634
17.536
17.493
17.741
17.372
17.507
17.174
16.787
17.463
17.606
17.377
17.559
17.625
17.521
17.416
17.366
17.422
16.964
17.429
17.504
17.644
17.826
17.303
17.483
17.604
17.630
16.808
17.664
17.594
16.743
16.875
16.670
17.069
16.748
16.426
13.873
16.246
14.470
13.447
13.690
10.164
14.155
16.138
14.948
16.227
15.238
16.519
16.125
16.471
15.864
16.196
16.590
16.507
14.861
16.762
17.283
16.001
15.279
16.821
16.325
16.489
14.851
15.998
16.649
18.317
19.748
18.781
17.799
19.466
19.921
17.974
20.720
20.699
19.936
20.423
21.093
20.602
20.036
19.023
20.114
19.028
20.329
20.746
20.775
20.268
17.243
19.649
20.155
17.556
20.360
20.013
21.345
21.674
21.236
20.690
19.155
18.399
18.846
20.382
20.559
20.448
20.015
20.672
20.407
21.179
20.284
21.144
19.626
20.344
19.741
20.263
19.909
20.536
19.023
19.398
20.362
19.861
19.337
21.462
20.276
20.373
19.383
18.173
18.572
19.034
18.798
18.620
17.624
19.101
18.657
19.050
19.673
17.675
18.936
18.877
15.956
20.095
19.632
17.102
17.199
18.548
19.477
19.356
17.564
18.710
17.717
18.798
19.264
19.374
17.164
15.191
13.507
14.793
12.446
14.618
11.781
13.956
13.740
13.646
15.261
15.587
17.855
17.717
17.795
17.936
17.896
17.911
17.698
18.028
17.876
17.904
15.363
19.761
17.381
17.737
19.759
20.301
19.767
19.400
19.812
19.701
19.955
19.104
19.448
19.611
19.650
19.911
19.643
19.518
19.688
19.569
19.127
18.684
19.338
19.211
19.474
19.406
18.930
19.243
18.305
18.613
19.163
18.492
18.703
18.349
19.076
18.884
19.173
19.208
18.433
18.947
18.507
16.898
18.227
17.312
17.670
17.804
15.892
17.256
18.241
18.242
17.477
18.302
17.924
19.322
19.391
19.318
19.112
19.640
19.078
17.989
18.618
18.700
18.769
18.534
18.705
18.714
17.907
17.917
17.887
17.029
18.037
18.485
18.769
18.072
18.470
18.279
17.847
18.143
18.486
18.757
18.714
18.591
17.446
18.834
18.217
18.253
15.833
18.471
18.335
18.130
17.843
16.411
17.860
16.779
18.371
16.673
17.104
17.527
18.398
17.349
16.306
17.404
17.145
17.679
18.575
18.489
16.578
18.526
17.184
16.303
16.272
15.292
15.842
16.719
17.790
21.418
19.172
19.551
20.531
22.396
21.141
20.851
21.572
21.013
21.403
20.527
19.768
21.298
20.714
20.502
20.264
19.842
20.215
21.126
20.508
21.268
21.708
18.766
20.372
18.035
19.633
18.804
18.903
17.680
17.617
18.348
17.919
16.898
16.234
16.338
16.570
17.026
17.036
17.165
17.922
17.676
18.002
16.747
18.667
18.512
18.320
17.611
17.912
17.804
17.001
16.661
17.410
16.996
16.878
17.222
16.988
15.567
16.741
16.926
16.969
14.123
15.888
16.628
16.946
16.228
16.954
16.723
15.137
16.015
15.140
15.824
13.943
16.140
16.305
15.585
15.664
13.346
16.023
13.536
16.325
16.461
16.036
16.808
15.196
15.633
16.182
16.523
14.097
16.143
16.995
15.534
16.630
16.781
14.981
15.462
13.653
15.309
15.277
15.466
15.537
16.075
15.872
14.735
14.888
15.522
15.817
16.227
15.624
16.673
16.527
17.628
17.633
18.083
17.622
17.867
17.598
17.022
17.999
18.419
17.528
18.470
16.815
15.636
17.778
16.433
18.052
17.748
15.326
17.700
18.379
18.214
16.295
18.460
15.510
17.582
17.561
16.216
17.252
17.267
16.837
17.451
17.314
17.991
17.894
15.414
17.001
17.014
16.494
17.679
17.758
16.701
17.592
17.166
16.745
15.001
17.195
16.559
15.615
15.006
13.978
14.441
15.852
16.022
16.583
14.314
16.114
16.393
15.160
13.799
16.911
15.216
18.298
18.448
17.824
18.787
15.711
19.193
18.239
17.873
18.534
15.438
17.746
13.075
16.954
15.751
16.315
16.655
14.677
17.132
17.556
14.204
13.646
15.686
13.434
14.805
15.382
15.773
16.154
14.982
13.530
15.631
13.300
14.163
14.263
15.757
12.504
11.636
11.654
10.678
14.990
14.843
15.373
15.445
13.815
15.494
15.762
15.959
16.266
15.540
15.982
14.047
13.820
14.794
13.023
16.471
14.859
16.365
16.938
16.102
16.953
16.222
17.598
17.183
17.836
19.061
18.183
18.438
18.300
16.792
16.278
16.850
15.175
16.744
17.583
17.623
17.097
17.812
17.409
17.061
15.605
16.313
16.264
17.234
15.082
14.879
15.065
14.647
15.676
14.992
15.959
15.567
13.722
15.706
14.802
14.250
12.837
16.631
15.792
15.444
15.752
15.197
15.905
15.250
16.263
17.065
17.951
14.328
18.792
19.163
19.505
19.190
17.989
18.887
15.676
17.569
18.508
19.866
19.335
18.442
17.615
18.220
17.332
18.440
18.793
17.938
18.180
17.021
15.536
17.127
17.710
18.171
18.019
19.284
18.447
18.523
17.719
14.792
13.190
14.829
16.806
17.993
17.295
12.688
14.604
17.818
17.442
17.682
17.125
18.391
17.685
16.262
18.920
18.011
19.499
18.630
18.758
19.689
19.598
19.516
19.573
18.781
17.675
18.271
17.424
18.655
17.752
19.054
18.580
17.294
17.442
19.674
19.861
19.335
16.860
19.399
19.376
17.585
17.599
19.340
19.178
19.221
16.382
18.293
19.335
19.347
19.412
19.322
19.302
19.012
19.210
19.228
19.445
20.203
20.275
20.357
20.850
20.324
18.694
18.909
19.097
18.045
20.198
18.996
18.912
16.152
14.212
16.468
18.270
17.444
18.064
17.480
19.292
18.679
17.964
15.810
18.160
18.895
18.206
17.802
17.287
18.830
17.286
17.905
17.494
18.536
17.996
16.807
19.484
19.452
18.331
19.770
19.512
15.614
16.040
15.054
16.186
15.783
14.490
14.521
15.446
15.203
16.028
15.360
15.633
15.832
15.804
15.791
14.797
16.605
15.802
14.580
14.906
15.002
16.329
15.848
15.269
15.806
14.962
13.756
14.338
14.071
13.184
13.380
15.568
14.162
15.104
13.837
13.927
13.093
13.025
12.792
12.544
13.327
14.513
13.073
13.227
12.697
12.642
13.560
12.195
13.365
13.420
11.592
13.674
14.144
11.881
14.652
13.650
13.808
14.003
15.234
14.804
14.501
14.755
14.536
14.280
13.662
14.461
13.849
15.187
15.026
15.385
15.241
14.529
14.296
14.268
15.583
15.449
12.536
15.560
14.945
16.282
16.143
15.679
15.579
13.068
14.873
14.294
14.828
13.399
13.351
13.457
13.337
13.508
13.634
13.425
13.506
13.693
13.618
13.462
13.411
11.638
13.424
13.737
13.739
13.039
13.560
13.576
13.602
13.460
13.868
13.635
14.250
13.615
13.282
14.029
13.878
12.176
12.557
12.251
15.523
12.934
12.554
14.962
14.435
13.844
13.493
14.435
13.691
14.319
14.026
14.579
14.739
14.468
14.015
15.185
11.856
11.605
13.724
12.730
14.323
12.539
13.378
13.430
13.616
13.671
11.611
13.200
12.367
13.800
13.160
13.707
15.122
14.609
14.713
15.156
14.752
10.950
14.300
14.652
14.020
13.216
15.577
14.551
15.433
14.735
13.582
15.566
12.305
14.447
14.759
16.088
14.817
14.042
14.908
15.901
15.143
15.681
15.836
14.643
15.500
16.199
14.793
16.341
15.420
15.742
14.483
15.654
16.544
16.613
17.401
17.689
17.266
16.463
15.982
17.318
17.439
17.754
15.627
17.519
14.728
17.194
16.955
18.088
17.062
16.198
16.455
16.584
15.165
16.822
15.714
13.943
14.858
14.006
16.340
16.073
15.784
15.946
16.237
16.451
16.385
16.281
16.430
16.508
15.976
16.347
14.626
15.353
16.515
16.066
16.353
16.291
16.190
16.425
16.529
16.425
16.430
16.676
16.348
16.461
16.842
16.482
17.604
17.045
16.611
16.237
16.486
16.887
16.518
16.711
16.110
16.409
16.537
16.451
16.396
16.385
16.460
16.465
16.378
16.310
16.423
16.197
15.969
15.380
15.521
16.430
16.357
16.566
16.436
16.751
16.349
16.333
16.269
16.309
16.751
16.272
16.383
15.437
16.671
16.286
16.365
16.403
16.301
16.398
16.505
16.511
16.535
16.538
16.509
16.338
15.526
16.777
16.149
16.438
16.289
16.301
16.318
16.411
17.011
16.444
16.819
16.715
17.202
16.388
16.315
16.675
16.689
16.188
16.417
16.688
16.744
16.630
16.684
16.738
16.462
16.390
16.470
16.457
17.392
18.671
18.403
16.642
16.729
14.407
14.760
15.401
16.561
15.873
16.414
16.566
17.242
15.628
15.745
16.643
16.503
16.594
16.688
16.630
14.200
16.584
16.904
16.960
16.393
17.270
16.657
16.745
16.577
16.471
15.706
16.427
16.384
16.451
16.295
16.687
14.873
15.119
14.933
16.012
16.568
16.487
16.588
16.589
16.059
16.572
16.651
16.618
16.333
16.570
16.593
16.649
16.023
16.476
16.697
16.533
17.125
16.731
16.563
16.570
17.034
16.305
16.770
16.907
16.856
15.508
16.428
16.877
16.299
16.304
16.835
16.345
16.797
16.846
16.019
15.302
15.660
14.804
15.926
15.041
15.590
13.982
14.314
13.910
13.924
16.510
16.468
16.272
16.506
15.492
15.985
15.956
16.364
16.923
16.454
16.435
17.665
19.178
18.575
16.721
19.313
19.294
19.449
19.337
19.432
19.303
19.429
19.150
19.349
20.143
19.377
19.278
20.218
20.542
20.414
20.985
20.375
20.426
20.330
19.995
20.924
20.529
17.888
20.101
20.165
19.361
20.607
20.824
21.032
21.691
21.402
20.851
20.562
20.576
20.677
20.563
20.577
21.368
20.363
20.184
20.394
20.563
20.866
19.088
19.851
20.303
20.539
20.341
19.524
18.780
19.216
20.286
20.487
21.285
21.310
21.335
21.312
21.127
21.546
21.479
22.229
22.589
22.710
22.530
22.478
22.071
22.497
22.571
22.519
22.358
22.586
22.321
22.061
21.611
21.932
20.081
20.768
22.447
20.856
21.967
21.809
22.213
22.351
22.270
22.404
20.728
19.254
17.095
17.504
16.859
17.345
16.353
15.593
17.332
15.963
15.321
16.088
16.432
18.060
16.990
17.731
18.306
17.957
19.011
18.861
19.135
18.430
18.988
17.797
18.477
17.871
18.773
18.033
16.943
17.970
17.886
18.005
18.347
19.722
19.289
18.904
17.796
17.625
18.546
19.001
19.617
18.992
18.424
17.754
18.183
18.099
17.511
17.734
17.973
16.445
18.045
18.745
18.515
18.853
17.740
18.382
18.887
16.583
16.905
18.424
18.749
18.479
19.110
18.673
18.390
18.262
17.167
17.617
17.442
16.787
17.031
17.500
17.738
18.175
18.074
18.254
15.574
14.966
16.633
17.787
17.960
17.393
17.468
17.698
16.801
17.527
18.673
17.831
17.388
17.496
17.319
17.690
16.612
17.830
18.690
17.671
17.952
17.126
18.144
19.022
16.339
17.887
18.080
18.469
18.346
17.689
17.800
17.404
17.627
17.454
17.617
18.323
16.839
17.402
18.759
16.629
17.872
18.741
19.619
18.405
16.270
18.791
17.865
17.765
18.128
19.449
19.543
19.840
19.043
19.626
20.258
20.783
20.952
20.888
21.429
20.504
21.490
17.847
18.115
20.684
20.106
20.589
20.779
21.974
20.670
20.415
20.609
20.612
21.582
21.286
21.282
20.836
21.473
20.314
20.095
20.675
20.693
20.613
19.506
20.910
21.208
21.330
20.470
21.795
22.204
21.603
21.508
22.212
22.401
21.625
22.160
21.136
21.345
21.203
20.599
21.249
21.574
20.902
21.135
20.758
18.181
17.865
20.750
20.614
20.638
20.995
20.345
20.882
20.484
20.350
20.442
20.299
19.431
19.706
19.227
19.346
20.532
20.406
20.600
21.169
21.208
20.613
18.498
20.672
20.641
19.517
20.371
20.169
21.231
20.207
20.577
21.125
20.493
20.817
20.466
20.489
20.509
19.348
19.578
20.484
21.186
20.649
20.558
20.547
21.183
20.614
20.651
20.752
20.707
20.660
20.567
21.399
20.630
21.038
20.901
20.430
20.263
21.052
20.542
20.570
19.961
19.085
19.207
20.486
21.165
21.650
21.757
21.013
21.883
20.009
22.044
21.808
21.930
21.770
21.300
21.453
21.592
21.623
21.459
21.488
22.263
21.302
21.316
21.452
21.443
21.624
21.445
21.441
21.286
21.510
21.303
21.647
21.208
21.390
21.395
21.364
21.411
21.536
21.379
21.381
21.273
21.407
21.250
21.255
21.367
21.665
21.457
21.360
21.504
21.306
21.319
21.105
21.296
21.336
21.353
21.321
21.347
21.432
21.391
21.574
21.355
21.434
21.670
21.301
21.143
21.255
21.216
21.399
18.040
21.380
21.649
21.333
21.576
21.275
21.436
21.362
21.249
21.413
21.328
21.391
21.450
21.195
21.348
21.507
21.353
21.274
21.260
21.375
21.252
21.487
21.285
21.320
21.353
21.387
21.358
21.430
21.329
21.535
21.260
20.807
20.469
21.225
20.927
20.191
20.286
20.510
19.803
20.622
20.744
20.935
20.940
21.067
18.895
18.570
21.340
21.321
20.206
20.570
20.548
20.503
20.583
20.704
19.418
19.707
20.102
19.951
19.045
19.844
20.347
19.695
20.352
20.063
20.121
20.052
20.506
20.955
20.975
20.468
20.323
20.395
21.127
20.712
20.404
20.908
20.334
20.224
20.124
17.599
19.585
19.876
20.082
20.489
20.321
20.464
20.829
20.789
21.170
20.813
20.258
20.217
20.585
20.284
20.055
20.788
20.415
20.780
21.290
20.428
20.459
20.823
20.773
20.716
21.075
20.689
20.891
20.768
21.005
21.363
21.975
20.745
20.673
21.579
21.380
21.462
21.843
21.585
21.867
21.664
21.531
21.604
21.560
21.498
21.381
21.761
19.988
21.293
21.480
19.887
21.437
21.584
21.776
21.325
21.847
21.770
21.621
21.707
19.543
21.112
21.668
20.722
21.404
21.324
21.608
22.144
22.694
22.087
22.550
22.531
22.229
22.680
22.673
22.965
21.691
21.823
22.968
21.708
22.892
19.833
17.994
20.945
20.669
20.304
17.927
19.911
18.988
19.486
20.608
20.220
19.587
19.717
20.786
19.305
17.439
18.611
20.763
20.802
19.405
20.369
21.154
20.503
21.006
20.894
21.749
20.122
20.182
19.194
19.765
20.247
20.879
20.670
18.769
19.730
20.685
20.724
20.288
20.683
20.683
20.645
20.671
20.446
20.446
20.411
20.652
20.861
20.015
20.817
20.866
20.845
20.747
20.282
20.621
21.286
20.760
20.105
20.104
19.971
18.942
20.596
20.414
19.952
20.736
21.225
20.534
20.634
20.892
20.636
20.456
20.665
20.588
18.321
17.732
17.715
19.109
18.379
17.606
18.205
18.351
18.347
17.585
20.152
16.642
17.346
17.166
16.830
17.715
17.056
17.158
17.043
16.603
17.249
17.036
16.254
16.554
16.046
15.782
16.192
17.812
17.075
16.936
16.849
16.651
16.316
16.086
15.057
16.167
14.017
15.738
15.799
15.948
16.314
16.481
16.847
17.918
17.207
17.286
16.825
17.689
17.387
16.819
17.121
16.624
16.944
17.543
14.504
17.193
17.577
17.822
17.595
17.024
17.733
17.166
16.857
17.199
17.053
16.106
16.633
16.177
14.986
16.740
16.773
16.673
16.163
16.317
15.852
14.044
15.869
16.235
16.046
16.173
15.702
15.810
15.314
14.932
14.054
14.046
13.596
12.322
15.317
15.156
15.758
16.326
15.492
14.579
13.342
13.875
14.747
14.041
14.599
14.280
14.442
14.014
14.487
13.814
14.419
16.078
14.068
14.576
15.642
14.154
15.904
14.460
16.097
14.667
17.290
13.489
16.733
16.317
15.935
16.108
17.207
17.210
15.381
16.680
16.414
16.938
16.496
16.467
16.486
16.618
16.447
16.536
16.734
17.704
17.258
16.085
17.839
16.531
15.373
17.500
16.476
15.178
16.532
17.280
17.314
17.555
16.720
17.567
18.198
18.178
17.561
17.885
14.980
17.504
17.634
17.357
17.678
17.746
17.641
16.304
17.260
16.191
17.210
17.488
16.805
17.915
18.754
17.245
17.897
18.101
17.391
16.351
17.474
17.311
17.055
17.161
17.909
18.059
16.878
17.304
16.308
16.092
15.928
16.242
16.024
16.063
16.269
15.562
15.652
15.490
15.794
15.493
15.092
15.245
15.396
14.831
15.137
13.729
13.473
14.754
15.362
15.628
15.790
15.367
15.785
15.439
15.114
15.569
15.691
15.453
16.388
16.379
16.748
15.778
16.069
15.513
17.821
17.523
17.666
18.106
17.474
18.075
17.852
18.299
18.274
18.859
14.293
14.803
16.438
17.845
18.529
18.848
18.824
18.574
18.766
18.506
18.016
17.074
17.731
17.710
18.493
18.093
18.096
18.132
18.024
17.971
17.969
18.817
18.143
18.566
19.317
18.939
18.072
18.992
18.756
19.235
19.214
15.630
16.726
18.868
19.654
19.552
19.204
19.414
19.179
18.428
19.362
19.085
19.078
19.444
19.307
19.456
17.535
17.465
18.648
18.824
19.393
19.472
19.923
19.677
18.970
18.753
18.452
18.519
18.665
18.070
18.023
17.702
17.753
18.424
17.171
16.863
17.604
17.793
17.427
17.649
18.852
18.902
15.717
17.656
18.027
18.672
18.425
18.726
18.536
18.460
18.550
18.229
18.678
18.353
18.737
18.383
18.525
18.825
18.365
18.595
18.518
18.411
18.205
18.886
18.287
18.528
18.386
19.338
18.603
19.226
18.782
18.924
18.958
18.363
18.531
18.467
18.534
19.417
18.819
18.723
18.313
18.647
18.520
18.650
19.189
20.044
19.459
19.462
19.564
19.534
19.316
19.566
19.986
19.815
20.582
20.562
20.354
20.178
19.718
20.445
20.740
19.974
20.535
20.524
20.685
20.508
20.366
20.437
20.100
19.156
20.354
20.505
20.436
20.928
20.295
19.843
20.323
19.578
19.458
20.203
19.258
19.539
19.396
19.659
19.167
18.742
17.720
19.302
19.370
19.297
18.475
18.584
18.574
17.527
18.578
18.924
18.622
18.216
18.609
18.477
18.449
19.518
18.504
18.577
19.077
18.999
18.567
18.602
18.427
18.701
18.774
18.550
18.364
18.486
18.662
17.554
18.590
18.338
18.463
19.127
18.686
18.834
18.707
18.771
18.502
19.036
18.607
18.782
17.922
19.414
17.281
18.610
18.641
18.821
18.939
18.498
18.576
18.940
19.664
19.322
18.437
18.520
18.990
17.713
18.666
18.946
19.454
18.499
18.798
19.076
18.945
19.254
19.143
18.861
17.841
18.500
18.548
18.818
18.258
17.616
18.873
18.502
18.889
18.613
18.534
18.107
18.684
18.666
18.332
18.961
18.695
18.622
18.516
18.751
17.394
18.437
18.686
18.737
18.905
18.990
19.218
18.761
18.741
18.112
18.249
18.828
18.565
18.423
18.635
18.393
18.574
18.806
18.666
18.647
18.608
18.584
18.786
18.527
18.745
18.528
18.656
18.196
18.313
18.536
18.505
18.263
18.340
19.871
19.413
19.345
19.472
19.026
18.451
18.899
18.928
18.484
18.978
18.756
18.973
18.754
18.800
18.962
18.565
17.475
16.548
16.096
17.495
16.306
16.063
18.786
18.605
19.309
19.119
19.758
19.420
18.430
19.369
19.395
19.866
19.648
19.538
19.582
19.251
19.617
19.821
19.717
19.575
19.270
19.271
19.418
19.322
19.346
19.080
20.054
19.803
19.446
19.824
18.631
19.803
19.282
19.296
19.153
18.946
19.392
19.217
17.362
19.898
19.266
19.074
19.788
18.808
19.244
19.225
19.178
19.076
19.339
18.312
19.232
18.686
17.405
18.602
19.417
18.798
19.231
19.476
18.601
19.054
19.298
19.578
19.346
19.275
19.344
19.980
18.875
19.235
19.381
19.413
19.552
19.832
17.580
16.466
18.179
17.355
18.627
19.949
18.502
18.883
19.704
18.503
16.550
16.482
17.561
15.528
16.769
15.031
16.799
16.537
19.477
19.267
19.477
19.487
19.389
19.412
19.394
19.378
20.027
19.807
19.768
18.441
19.499
20.280
19.917
19.824
19.255
19.410
19.885
19.286
19.290
18.894
18.653
19.169
19.089
18.621
18.461
18.585
19.439
19.278
16.986
19.715
19.878
20.795
20.426
19.099
18.905
20.246
19.640
19.635
19.435
19.361
19.571
19.656
19.418
17.112
19.185
18.911
18.500
18.954
19.422
19.514
19.478
19.744
19.851
19.600
20.689
19.214
19.469
18.492
18.756
18.596
18.847
19.289
18.426
18.340
17.627
19.390
19.059
19.591
18.946
18.577
19.279
18.866
18.858
19.464
19.390
19.648
20.413
19.803
19.548
18.826
18.646
19.335
19.302
18.751
18.032
19.398
19.429
18.478
18.344
19.636
20.138
20.137
20.311
19.875
19.986
20.006
20.405
20.756
20.568
20.483
20.620
19.587
19.697
19.620
18.531
19.632
19.328
20.307
19.696
19.524
20.224
20.724
20.947
21.048
20.847
20.581
20.576
20.634
21.187
21.091
20.493
20.560
20.375
20.843
21.062
20.672
19.251
20.803
20.861
20.304
20.382
19.886
20.781
20.618
21.069
20.551
19.325
19.786
19.895
19.772
20.382
19.243
18.774
19.118
19.783
18.930
20.105
18.159
17.487
19.347
18.827
20.478
19.242
19.747
20.117
20.181
20.661
19.521
20.194
20.613
19.698
18.802
19.790
19.141
19.757
19.119
17.633
18.457
18.678
18.523
19.146
18.976
18.834
18.904
18.596
19.512
19.215
19.225
19.208
18.529
19.437
18.347
19.356
19.374
16.575
17.527
19.358
20.199
19.713
19.714
17.450
19.114
19.365
18.670
19.774
19.883
20.147
19.952
19.535
18.908
17.749
18.546
19.490
19.141
20.028
19.459
19.277
19.348
19.475
19.574
18.354
19.366
19.295
19.359
18.978
18.996
19.610
19.350
19.844
18.080
19.248
17.739
19.219
18.804
17.902
19.685
19.304
19.331
17.215
17.796
18.046
18.709
18.852
19.649
18.608
18.880
18.792
18.867
19.384
18.172
20.150
19.696
20.052
20.111
19.974
19.612
20.354
18.645
19.893
19.825
19.772
19.873
19.695
19.686
20.140
19.535
20.028
19.588
19.648
19.903
19.083
18.754
19.080
19.379
18.927
18.489
18.141
17.647
17.605
17.741
17.402
16.063
18.210
19.197
19.903
19.978
19.897
20.274
20.435
20.037
20.406
19.418
19.058
19.778
19.421
19.416
18.820
16.503
18.974
17.888
19.421
17.971
17.819
18.853
17.609
19.220
18.962
20.238
20.354
18.639
17.947
18.261
18.266
18.289
18.075
17.994
19.287
19.794
19.907
19.627
19.394
20.093
19.590
19.161
20.059
19.796
19.815
18.357
18.317
18.660
21.376
21.562
21.465
20.807
20.989
21.245
20.904
21.052
20.917
21.346
20.906
20.408
20.712
20.301
20.709
20.781
19.289
20.963
20.293
19.964
17.649
19.173
22.196
22.116
21.959
21.886
21.741
22.194
22.136
23.405
22.480
22.359
20.337
23.497
23.175
21.053
22.242
22.023
23.031
22.881
22.717
23.518
22.068
22.110
22.432
21.936
22.421
21.757
20.787
20.064
16.647
18.141
19.718
21.337
20.893
18.782
19.653
19.771
19.464
19.812
19.503
19.299
19.073
19.501
19.424
19.257
19.837
18.140
18.820
19.866
20.931
20.726
19.929
21.486
21.480
21.748
21.475
21.704
21.386
20.550
20.118
16.670
18.220
18.548
16.061
20.378
20.310
20.251
20.670
20.838
22.215
20.351
20.651
19.513
21.006
21.305
20.548
17.083
21.049
20.379
19.539
20.973
21.386
20.467
20.909
20.716
21.741
21.958
21.390
21.916
21.594
21.235
21.565
21.564
21.166
19.893
20.407
20.205
20.665
20.383
17.859
20.023
18.031
18.660
20.966
19.582
21.178
18.993
21.888
20.995
22.530
22.135
21.597
20.723
21.217
19.906
20.299
18.591
21.565
20.310
20.764
20.769
20.720
22.347
21.209
20.811
21.488
20.798
18.598
20.852
20.898
20.706
20.534
20.536
20.606
21.413
20.609
20.413
20.678
20.728
20.240
19.958
20.202
20.994
19.758
20.742
21.140
20.436
20.804
19.703
20.461
20.894
20.608
20.668
20.801
18.339
18.939
17.814
18.426
20.951
18.383
18.257
18.985
20.023
16.409
19.685
18.734
19.916
19.294
16.513
17.629
17.269
18.382
18.346
18.112
19.095
18.680
17.774
18.305
18.337
18.637
18.797
18.549
17.869
18.491
18.631
17.980
17.120
17.449
17.328
17.583
17.400
17.544
17.187
17.859
17.558
17.781
16.692
17.375
15.329
16.164
17.393
17.624
17.854
17.096
17.141
17.227
17.370
17.587
17.336
17.399
17.521
16.875
17.903
17.923
17.581
17.547
17.769
17.647
18.561
18.398
17.446
18.249
18.938
19.189
15.495
17.414
16.067
19.194
19.139
19.085
18.776
18.659
18.383
18.474
19.183
19.289
19.169
18.882
19.274
19.415
17.531
18.936
19.795
19.528
19.360
19.152
19.456
19.778
19.405
19.314
19.418
19.202
18.883
19.505
19.606
19.400
20.302
19.188
19.758
19.293
18.962
18.614
18.968
18.261
19.070
18.994
19.102
18.908
18.789
18.987
17.996
15.481
18.434
17.783
18.648
17.761
18.217
18.394
18.070
18.557
18.202
18.482
18.551
18.889
18.569
18.755
18.050
18.446
18.706
18.701
18.944
19.166
18.899
19.279
18.997
18.499
19.824
18.542
19.327
20.069
20.722
19.577
19.777
20.045
19.994
19.805
20.702
20.681
20.381
20.938
18.686
20.919
20.372
21.159
20.723
21.205
21.009
20.834
21.000
20.914
20.847
19.698
20.624
20.464
20.888
20.345
19.887
21.111
20.780
20.951
19.951
18.627
19.676
18.590
18.478
16.649
19.076
17.960
18.228
18.160
21.019
20.675
20.499
22.022
20.283
21.432
20.957
21.422
21.025
20.126
21.904
21.198
21.264
19.130
20.643
20.711
19.993
20.489
20.746
20.924
19.585
18.379
19.700
20.321
20.044
20.751
20.295
20.115
20.862
20.806
20.757
20.351
21.067
20.573
20.704
20.502
19.852
20.461
20.306
19.739
20.564
20.552
21.091
21.089
20.670
20.895
21.121
21.110
21.132
21.536
20.435
19.399
18.656
18.493
18.611
19.015
17.747
18.316
18.510
19.521
18.950
18.062
20.868
20.604
20.722
20.848
21.537
21.401
21.742
20.393
21.899
22.108
21.131
22.204
21.270
21.259
20.166
21.374
21.440
20.832
21.155
20.644
21.080
21.174
20.691
20.389
20.840
20.133
20.694
21.213
21.194
20.573
21.024
20.431
19.918
19.646
20.382
19.895
19.695
20.786
18.500
18.345
19.265
20.318
20.084
20.198
19.862
19.696
19.754
19.194
18.745
19.535
19.591
19.449
20.420
20.008
19.441
19.633
19.483
20.146
20.745
20.345
20.549
20.432
20.041
20.219
20.168
20.444
20.532
20.359
19.832
20.414
20.363
20.145
20.317
20.051
19.899
19.666
19.487
20.472
20.302
20.367
20.664
20.245
18.518
19.888
20.470
19.819
19.080
19.631
20.628
20.231
20.116
19.131
19.727
20.405
19.839
19.263
21.060
21.671
21.324
22.009
21.842
21.247
21.680
22.041
21.843
21.821
21.635
20.283
21.264
21.266
21.202
21.130
21.375
21.304
21.316
21.809
22.048
21.199
20.879
20.663
21.671
21.425
21.449
21.415
21.190
21.251
20.104
21.060
20.698
20.738
21.422
17.728
22.538
20.554
20.896
21.391
21.764
21.686
20.945
21.011
21.401
20.867
21.716
22.288
21.249
21.663
20.970
21.611
21.664
22.568
22.594
21.171
19.771
22.385
21.983
22.483
20.585
21.370
21.627
20.960
21.701
22.044
22.182
22.052
21.083
21.584
21.486
22.426
22.085
22.742
21.677
20.969
21.482
21.685
21.214
18.652
19.813
19.053
20.582
22.054
20.969
21.317
21.307
20.873
20.524
20.574
19.856
18.523
19.397
20.160
21.848
19.773
20.071
19.387
19.786
18.249
19.225
17.755
18.190
16.784
18.140
17.775
17.996
17.705
18.367
16.852
17.425
17.848
17.614
18.524
19.110
18.569
15.785
14.490
18.230
18.748
18.390
18.744
17.596
18.619
18.526
18.506
18.411
18.268
18.490
18.153
18.012
19.001
16.838
17.661
16.634
18.548
18.053
18.710
17.136
19.391
19.271
19.204
19.539
18.452
19.490
19.342
18.690
18.118
18.716
19.149
19.029
19.354
19.206
19.090
18.597
19.647
19.030
19.020
19.317
19.649
20.152
18.869
19.158
19.731
19.401
19.428
19.360
19.532
20.101
19.777
18.932
19.019
19.676
19.465
19.722
19.416
19.658
19.734
19.154
19.547
20.118
19.372
19.301
19.640
19.450
18.336
17.998
19.846
17.565
18.361
19.676
18.913
17.725
18.822
19.738
19.583
19.682
19.817
19.426
20.219
19.414
19.544
19.541
18.761
19.818
19.521
19.496
19.600
19.243
20.047
19.168
19.158
19.736
17.579
19.250
19.820
19.636
16.839
19.390
19.623
18.937
18.733
19.443
19.562
19.886
16.712
18.215
18.037
19.690
18.416
19.409
19.645
19.539
19.294
19.745
19.329
18.932
18.729
19.373
19.012
19.503
19.613
19.685
19.884
19.430
18.502
16.880
16.460
14.047
13.805
17.436
17.693
18.584
19.689
19.803
19.978
19.890
19.848
19.799
18.874
19.205
19.607
19.728
19.529
19.626
18.119
18.280
15.591
16.029
12.716
12.859
12.371
13.500
15.034
17.795
17.105
16.349
18.646
17.204
17.507
17.829
17.780
18.002
17.145
18.251
18.376
17.911
17.976
18.571
18.487
17.910
17.875
19.118
18.253
19.128
18.657
18.956
18.009
18.696
18.296
18.637
18.578
18.598
18.917
17.926
18.490
18.958
18.547
18.513
18.686
18.494
19.277
18.502
19.196
18.160
18.829
18.279
18.637
18.590
18.647
19.170
18.451
18.845
19.207
18.425
18.676
18.639
18.416
18.096
18.920
17.776
18.082
18.435
18.395
18.837
18.481
18.290
18.169
18.470
18.295
18.210
18.251
18.626
19.279
18.334
18.448
18.567
18.604
18.714
18.861
17.487
18.116
17.928
18.534
17.404
17.310
18.097
18.426
18.239
18.121
17.828
18.550
18.059
18.340
17.816
16.991
17.986
18.417
18.184
18.644
18.182
18.567
18.732
19.074
19.105
18.284
18.561
18.383
16.884
17.543
18.377
18.593
18.276
18.917
18.167
19.435
19.448
18.206
18.158
19.838
19.895
17.313
19.930
20.175
19.954
19.314
19.716
19.430
19.321
19.940
19.414
19.171
20.102
19.788
19.195
19.625
18.025
19.661
20.292
19.709
19.649
19.451
17.810
18.412
18.386
18.185
16.692
16.906
19.086
18.866
18.443
19.630
19.763
19.712
19.532
19.094
18.927
18.941
19.612
19.146
19.597
19.500
18.927
19.447
19.731
19.487
19.571
19.644
19.469
19.502
19.954
19.508
19.514
19.767
19.843
19.439
19.678
19.543
19.351
19.785
19.469
19.415
19.402
19.942
20.275
19.354
18.811
19.214
19.857
19.682
19.329
19.313
19.605
20.051
19.355
19.604
19.443
19.793
19.689
19.381
20.157
19.507
19.179
19.422
19.797
19.879
19.622
19.336
19.517
19.368
18.752
20.301
19.576
19.139
18.982
19.316
19.655
17.119
19.060
19.495
19.226
18.977
19.135
19.627
19.317
19.448
18.748
18.233
18.920
18.513
19.600
19.495
19.265
15.879
19.418
18.912
19.430
19.113
19.644
19.453
19.333
19.544
19.663
19.786
19.668
19.489
19.548
19.553
19.517
19.131
19.678
19.552
19.542
19.404
19.918
19.448
19.250
19.635
19.471
19.583
19.937
19.097
19.091
19.150
19.812
19.556
19.456
19.498
19.052
19.552
19.049
19.163
17.133
18.947
18.977
19.971
19.573
19.889
19.572
19.752
19.606
19.534
18.673
19.163
19.385
19.469
19.002
19.262
18.980
19.135
19.220
18.822
19.022
19.216
19.308
17.464
19.529
19.420
19.790
19.447
19.479
18.675
19.045
19.391
19.189
19.872
19.509
19.080
19.287
18.519
18.033
18.195
18.159
18.331
18.234
18.040
17.627
18.250
18.495
19.315
18.585
18.339
17.956
18.047
18.322
18.047
18.476
17.778
18.247
18.286
18.461
18.241
17.976
18.544
17.916
18.262
18.452
18.502
18.491
18.753
18.013
18.434
16.783
17.692
18.223
18.758
17.754
17.955
18.959
17.573
18.355
18.542
18.236
18.735
16.722
18.402
19.018
17.141
18.806
17.344
17.514
17.977
18.465
18.333
19.140
18.901
18.609
18.344
19.258
19.217
19.330
19.466
18.447
18.598
18.595
18.251
17.572
18.596
18.114
18.588
17.702
17.169
18.050
19.472
19.409
19.789
19.543
19.240
19.740
18.980
19.171
19.179
19.365
19.383
19.359
19.104
19.348
18.915
19.355
19.510
19.404
19.607
18.775
18.990
19.232
19.192
19.762
18.489
19.283
17.884
19.292
19.513
18.990
19.742
19.207
18.111
19.904
19.532
19.355
19.658
19.755
19.444
19.292
19.389
19.186
19.819
19.728
19.448
18.585
18.709
19.049
19.097
19.860
19.381
19.633
19.571
19.171
19.601
18.849
18.978
17.856
16.388
16.222
16.938
18.754
16.848
17.626
16.769
18.652
19.136
18.702
19.389
19.213
17.659
18.901
19.148
18.661
19.274
17.327
15.992
16.826
16.138
16.361
15.796
16.013
16.948
16.210
16.945
15.196
15.620
15.772
16.932
16.110
16.960
16.030
14.779
16.963
17.014
14.176
16.515
16.208
17.466
16.376
16.572
17.228
19.023
20.214
18.923
18.476
18.250
19.103
19.291
19.235
19.981
20.008
19.908
19.485
18.780
20.159
20.185
19.771
17.777
20.231
19.715
19.916
19.989
20.967
19.535
19.809
19.786
20.289
19.974
19.594
18.816
19.132
20.422
19.573
19.619
19.796
19.531
20.195
20.075
19.709
19.480
19.035
19.687
19.685
19.466
17.936
19.395
19.803
19.933
18.904
19.612
19.506
19.705
20.107
18.700
20.375
20.203
20.537
19.315
20.163
20.248
19.572
20.102
20.303
18.299
19.890
19.969
19.713
19.822
19.872
18.019
19.333
20.005
20.017
19.975
19.911
19.785
19.599
19.147
19.589
20.173
20.289
20.134
19.967
19.756
16.739
19.503
19.641
19.711
20.016
19.323
19.733
19.821
19.741
19.608
19.748
19.754
19.971
16.886
18.004
18.156
19.508
18.685
19.699
19.712
19.548
19.831
19.845
19.773
19.435
19.216
18.797
19.935
20.930
20.206
19.809
19.374
19.714
19.469
19.634
20.265
20.733
20.177
20.752
20.694
19.501
20.908
21.179
20.193
20.143
20.687
20.775
19.760
19.830
19.351
19.644
19.725
19.235
19.408
19.637
19.854
19.693
19.770
19.645
19.535
19.828
20.094
19.508
20.069
19.806
19.105
19.739
19.791
19.546
20.508
20.077
19.587
19.310
20.597
20.372
20.378
20.741
20.339
19.858
20.170
20.692
20.429
20.231
20.551
20.611
19.906
20.515
20.190
20.472
21.193
20.010
20.220
20.488
20.241
18.800
20.916
20.663
19.725
19.348
19.818
19.619
19.528
19.559
20.291
20.186
17.251
18.596
19.141
19.375
19.407
19.280
18.773
19.660
19.185
20.674
20.463
20.387
20.414
18.438
20.654
18.582
20.705
18.767
19.037
19.635
20.314
20.675
19.568
19.736
19.510
19.419
19.444
20.092
19.591
19.486
18.836
19.524
19.724
19.523
19.468
19.182
19.020
19.473
18.242
18.864
19.836
17.339
17.409
16.081
17.057
15.969
16.135
17.349
16.965
17.312
18.522
16.576
16.910
16.111
19.289
18.202
19.448
19.219
18.533
20.320
19.901
20.031
19.593
20.999
20.353
21.080
20.704
23.618
23.695
23.287
23.045
21.536
22.147
22.078
21.690
24.554
22.703
21.931
22.251
21.926
19.933
21.894
21.541
22.880
22.762
21.917
21.964
21.254
19.618
22.492
22.680
23.254
23.111
21.607
22.802
22.383
21.989
22.470
23.359
23.314
22.866
21.430
20.692
22.114
22.559
22.666
22.322
22.396
22.359
20.911
18.715
19.525
19.130
19.263
18.411
18.825
18.676
18.539
18.915
19.254
18.963
19.514
19.900
21.543
21.214
20.639
22.308
22.595
22.516
22.240
22.144
22.174
22.102
22.201
21.613
22.061
21.612
22.238
23.214
21.105
22.220
23.267
22.858
23.314
20.625
23.353
23.243
22.706
23.335
21.850
23.511
24.139
23.525
23.493
23.416
23.435
22.667
23.215
18.649
20.889
20.613
20.920
20.247
23.285
25.784
24.551
24.955
25.203
24.421
25.724
25.288
25.475
23.470
26.311
23.304
25.092
26.274
27.122
26.905
26.624
25.231
25.698
26.085
25.966
27.087
26.739
27.217
24.540
26.931
26.439
26.282
26.831
26.797
26.567
25.673
26.318
26.776
26.619
26.854
26.603
26.341
25.841
26.637
26.312
26.378
25.345
26.672
25.663
26.619
26.638
27.055
26.819
26.744
26.606
26.936
26.404
25.355
26.357
26.503
26.679
26.563
26.863
26.645
25.855
26.767
26.645
26.475
26.969
27.218
26.724
26.567
25.907
26.597
26.988
25.793
27.230
26.849
26.719
26.819
26.918
26.990
25.807
26.942
26.551
26.602
26.284
26.470
26.921
26.509
26.723
26.861
27.035
27.209
27.156
26.160
25.175
26.793
26.310
26.513
26.735
26.961
26.994
27.082
26.081
27.081
25.130
26.904
25.907
26.010
25.823
26.971
26.809
26.404
26.491
26.434
25.969
24.704
24.542
26.785
27.016
23.397
26.526
25.272
26.811
27.258
26.937
26.907
27.027
26.733
26.076
27.088
26.540
26.787
27.397
26.098
24.168
25.899
26.976
26.827
26.786
27.389
26.920
26.931
25.513
27.243
26.819
26.873
26.598
27.003
26.404
26.928
26.627
24.979
27.053
26.686
24.663
26.899
27.073
25.902
26.483
26.858
26.642
26.591
26.776
26.350
26.797
26.644
25.392
25.255
26.838
27.225
25.960
26.496
25.115
26.526
26.397
25.840
26.147
26.379
26.153
25.964
26.964
26.642
26.739
26.073
26.432
26.685
25.051
26.668
26.113
26.552
25.855
23.798
26.522
26.732
27.252
27.581
23.605
25.302
24.916
22.650
21.311
21.437
20.644
18.424
17.499
16.834
17.698
18.063
18.192
18.293
20.530
18.384
18.030
17.422
19.953
17.941
20.019
16.831
20.245
18.160
17.853
17.647
18.762
18.246
17.127
18.657
17.386
16.782
17.251
18.648
17.753
17.953
20.513
21.173
21.165
21.588
20.652
20.415
21.191
18.189
19.528
19.806
19.754
19.444
19.528
18.090
16.040
15.426
17.065
18.947
17.344
16.938
18.479
17.224
20.719
21.406
19.670
19.939
18.966
17.849
17.369
18.140
18.376
18.242
17.638
20.706
20.803
20.879
20.878
20.390
20.765
19.166
20.921
19.487
21.584
21.641
21.248
18.827
20.376
20.839
20.287
20.700
20.728
20.733
21.068
20.662
20.545
19.766
20.512
20.594
20.523
20.465
20.125
20.443
20.465
20.401
20.723
20.582
20.309
19.866
19.989
20.759
20.408
18.432
18.042
19.485
21.740
20.015
20.015
20.591
22.209
21.940
21.294
21.521
21.531
20.645
21.493
21.362
22.249
22.584
22.346
22.940
21.764
22.956
22.777
22.613
20.469
22.163
17.768
21.825
21.243
21.011
21.987
21.985
21.317
21.480
21.807
21.986
20.886
21.060
21.790
21.817
21.653
21.829
21.666
22.011
21.924
21.066
21.213
21.417
21.470
21.418
21.602
21.817
21.989
21.837
21.359
21.574
21.469
20.583
21.444
21.332
21.546
21.536
20.703
18.591
21.265
21.911
22.113
22.737
22.385
21.988
21.980
21.462
22.081
22.058
21.470
21.282
20.903
21.233
21.584
20.983
21.894
21.740
21.486
20.953
22.395
20.707
20.254
22.184
21.351
22.368
22.117
21.514
20.385
21.846
21.446
22.312
22.363
22.235
22.168
22.485
21.989
22.303
22.073
22.031
21.965
21.514
22.133
22.152
22.038
21.767
21.981
21.244
21.399
21.435
20.767
21.533
21.117
20.968
20.784
21.414
21.401
21.482
20.763
21.107
21.593
19.560
18.933
18.393
18.065
17.946
18.080
17.511
17.735
17.546
17.576
17.123
21.469
20.625
21.257
19.895
21.203
21.188
20.977
20.316
20.457
19.877
21.165
21.107
20.816
20.869
20.206
21.248
19.973
21.579
21.202
19.799
20.954
19.540
20.318
18.877
21.397
20.993
20.076
19.994
21.137
19.830
19.564
20.560
20.663
19.242
19.859
20.375
20.715
20.860
19.156
18.363
20.696
21.442
22.031
21.851
22.023
21.250
20.821
20.560
21.420
21.442
19.478
19.358
21.112
21.327
21.501
21.276
21.303
20.891
21.787
20.099
21.274
20.479
21.562
20.942
19.854
17.064
18.882
20.663
21.639
21.062
20.629
19.281
21.383
20.007
21.235
20.998
20.684
20.223
21.204
19.833
20.556
20.533
20.384
20.651
20.629
20.755
20.760
20.507
20.706
20.815
20.028
19.541
20.247
20.827
20.508
20.418
19.471
20.240
18.946
19.421
17.956
19.479
18.370
18.469
18.312
18.591
18.400
19.311
20.476
20.159
19.099
20.031
20.335
19.774
20.217
19.313
19.569
19.570
19.444
19.252
19.165
19.493
19.633
18.218
18.952
19.276
19.510
19.617
19.874
19.414
19.105
18.859
18.246
19.178
18.639
19.318
20.234
20.381
19.832
20.038
20.327
20.394
20.151
19.678
19.484
19.253
19.384
19.497
19.576
19.298
19.512
19.428
19.223
19.649
19.195
19.332
18.010
19.153
19.465
19.540
19.667
18.886
18.796
19.769
18.974
19.257
19.570
19.940
19.695
19.871
18.452
19.642
18.785
19.665
18.826
19.544
19.175
19.630
19.687
19.372
19.309
18.242
17.681
17.372
16.019
17.319
17.265
19.567
19.561
19.083
20.272
19.952
20.101
19.766
19.729
19.782
20.292
19.486
20.117
19.685
19.077
19.828
18.182
19.829
19.984
20.116
19.483
20.480
19.757
19.871
19.940
19.705
19.630
19.883
19.487
19.831
20.130
20.035
19.322
18.053
18.109
17.595
17.597
17.490
17.839
18.041
17.651
17.802
18.220
18.107
18.286
18.097
18.083
17.968
17.974
18.507
18.033
18.679
18.096
18.486
18.438
17.019
17.786
17.083
17.875
18.360
17.927
17.792
17.951
17.198
18.141
18.132
18.796
17.936
17.947
18.118
17.513
18.524
18.631
18.022
19.767
18.408
19.212
19.258
19.865
19.833
19.927
19.671
19.440
19.123
20.008
18.795
18.518
19.045
17.846
18.536
18.542
18.449
19.470
18.777
18.740
17.696
17.913
19.380
18.096
18.178
18.870
18.994
18.202
19.379
19.900
19.508
19.132
18.940
19.036
19.169
19.872
19.581
19.763
19.728
19.739
19.835
19.319
19.400
19.834
19.524
19.667
19.543
19.616
19.864
19.486
19.682
19.667
19.854
19.589
20.112
19.377
20.267
20.191
19.634
19.494
19.872
19.646
19.459
19.627
19.159
19.487
19.478
19.700
19.802
19.518
19.084
19.350
18.938
19.618
19.812
19.232
19.065
19.417
19.725
19.188
19.812
19.285
19.650
20.210
19.745
19.829
19.762
19.823
19.613
19.356
20.009
19.290
19.312
19.340
19.409
19.831
19.477
19.203
18.422
18.087
18.873
19.665
19.747
19.426
18.476
19.293
19.878
19.523
19.612
18.770
19.104
19.688
19.618
19.206
19.426
19.560
19.744
19.318
19.347
19.555
19.544
19.344
19.736
19.656
18.944
18.550
19.646
19.470
19.026
19.007
19.707
19.653
19.513
19.681
19.048
19.518
19.156
19.377
19.572
18.822
19.352
19.584
18.344
18.670
19.386
19.230
19.419
19.467
19.041
17.767
18.486
18.706
18.896
18.097
18.640
17.997
18.638
18.786
18.681
18.401
18.726
16.267
14.975
14.767
14.193
19.179
18.147
18.146
18.112
17.192
17.811
18.249
18.183
17.551
18.949
18.452
18.754
18.591
16.374
17.898
18.877
18.504
18.651
18.447
18.697
18.145
18.324
18.441
18.119
18.652
18.447
18.413
18.505
18.470
18.474
18.396
17.990
18.468
17.886
17.751
17.791
17.596
17.715
17.577
17.659
17.645
17.620
17.552
15.556
17.261
17.504
17.472
18.046
17.768
17.634
16.996
17.818
18.460
18.105
17.732
17.344
17.382
17.294
17.260
17.849
17.671
17.626
17.214
17.637
17.543
15.320
17.615
17.839
17.804
17.739
18.059
17.698
17.569
17.671
17.609
17.948
17.709
17.723
18.144
18.207
18.595
17.569
17.903
17.293
17.510
17.485
17.392
17.567
17.327
15.202
15.809
17.094
16.650
16.507
17.250
17.472
17.941
15.227
16.994
17.297
16.442
17.107
17.116
17.517
16.483
14.917
16.728
16.354
16.539
16.353
17.017
16.243
16.790
17.752
18.011
16.942
14.347
17.049
14.449
14.945
16.446
15.454
16.666
16.652
14.986
13.699
13.911
13.646
13.901
14.784
16.571
14.294
14.572
13.262
13.262
12.098
15.677
12.916
9.720
10.694
12.431
12.710
12.632
12.901
12.163
12.474
12.987
11.656
12.337
12.815
12.456
12.370
12.643
13.046
12.838
14.348
12.832
12.345
12.297
12.738
13.439
10.765
12.967
14.248
12.986
14.225
13.456
12.875
14.184
14.053
12.878
12.820
14.321
14.643
13.152
13.022
12.161
11.626
13.328
12.941
12.065
12.238
11.927
12.622
13.927
14.131
13.643
13.545
14.555
13.666
12.981
13.496
14.075
13.241
13.749
14.084
14.226
14.319
13.725
12.828
13.062
13.650
13.572
13.508
13.892
11.632
12.381
11.347
10.957
11.208
10.586
10.756
10.984
12.623
12.154
11.834
12.569
12.215
11.751
11.227
12.518
12.447
12.695
12.904
12.115
12.882
11.150
11.363
11.676
10.960
11.322
11.476
11.100
11.112
10.882
11.554
11.134
10.816
10.850
11.469
11.447
11.060
12.256
11.635
10.946
11.775
13.310
12.962
11.924
10.419
10.558
11.317
11.475
10.729
10.631
11.256
11.093
10.798
12.133
10.742
10.801
10.705
11.057
10.408
10.488
10.717
10.859
11.220
11.611
12.102
12.351
12.893
12.481
11.577
11.544
11.375
12.634
12.659
12.831
13.031
12.196
13.231
13.447
13.247
12.163
11.767
11.211
11.169
11.481
11.680
11.507
12.152
11.995
10.298
10.000
10.971
10.211
10.574
11.813
11.018
11.032
12.562
13.361
12.821
11.585
12.923
13.032
13.940
13.403
14.170
13.440
13.773
13.154
12.135
12.764
12.488
12.455
13.517
12.671
12.823
13.190
13.837
15.541
13.875
13.729
13.192
12.651
12.994
14.387
13.080
12.814
13.539
14.339
16.026
13.977
14.033
14.569
14.611
14.280
12.705
13.160
13.735
14.281
13.562
13.523
13.250
12.830
12.837
13.548
12.245
13.382
13.788
14.210
13.734
14.544
13.700
13.537
13.184
13.761
13.478
13.779
13.113
12.755
13.425
12.647
14.016
12.495
13.157
13.171
13.576
13.886
14.642
13.683
13.324
13.833
14.268
15.479
14.470
13.949
13.439
13.659
13.769
13.096
13.382
14.194
13.178
14.008
14.711
14.537
12.562
13.645
13.598
14.019
13.598
17.206
15.358
15.429
15.893
15.312
16.539
15.566
15.028
15.470
14.690
14.705
14.501
15.160
15.702
15.684
16.241
15.242
15.272
15.013
14.567
15.849
12.655
17.099
17.190
16.474
14.819
14.037
12.188
12.346
12.248
10.461
13.755
14.215
14.501
14.197
13.862
13.982
14.799
15.795
14.627
14.691
15.023
14.713
14.190
15.019
13.810
15.675
14.809
16.713
14.483
15.204
15.862
14.769
13.654
15.213
15.148
15.108
14.496
14.662
15.423
15.484
14.879
15.686
15.260
16.503
14.962
13.890
14.398
15.509
15.009
14.506
14.827
15.549
14.595
15.295
14.528
14.974
16.117
15.057
14.564
14.354
14.960
14.615
15.138
14.442
15.089
14.066
13.948
14.253
14.829
16.285
15.496
14.326
13.564
14.983
14.529
14.343
15.065
15.473
14.971
16.252
15.821
14.020
15.090
15.021
15.264
15.732
15.337
14.353
14.697
14.229
15.934
15.164
14.438
15.731
15.862
16.035
15.426
14.454
13.921
15.511
14.433
16.177
15.455
14.791
15.076
15.482
15.148
15.941
16.365
15.553
15.646
15.253
15.484
14.886
15.049
15.554
15.081
15.271
14.219
14.788
14.332
14.124
15.192
14.920
14.555
14.700
15.662
14.537
14.744
14.538
14.505
14.344
14.760
15.027
15.065
15.089
15.433
13.911
13.743
14.566
14.916
15.336
14.727
14.701
14.612
15.564
15.768
15.004
15.636
14.634
14.615
15.171
14.921
14.638
14.358
14.376
14.623
14.637
14.277
14.252
14.338
14.115
13.978
14.935
15.909
14.976
15.070
14.081
14.649
14.494
14.485
15.083
15.195
15.668
14.546
15.862
15.632
16.413
14.653
14.888
15.457
14.064
14.388
15.063
14.999
15.758
15.409
14.763
14.819
14.556
14.018
14.267
15.205
14.486
14.321
13.630
15.249
14.590
15.349
14.744
14.227
14.786
14.612
15.138
13.993
14.437
14.769
15.604
15.404
16.462
15.385
15.194
15.417
16.016
15.674
15.207
16.169
15.083
15.847
15.903
15.187
15.544
16.433
14.947
14.393
14.238
14.429
15.254
14.919
14.529
14.594
14.292
15.689
16.366
15.196
15.473
14.930
14.468
15.234
12.839
12.660
12.140
12.834
12.899
12.834
13.031
12.765
14.037
13.918
13.544
14.967
12.662
13.215
14.226
15.502
13.968
13.795
14.100
14.546
14.956
14.536
14.687
15.006
15.319
17.178
16.185
13.741
14.368
13.514
13.916
14.231
14.583
12.176
14.041
10.233
13.394
13.353
12.392
12.741
12.827
12.327
13.155
12.659
12.949
12.593
13.194
13.217
12.937
12.426
12.832
11.289
13.403
15.247
12.256
12.791
13.606
13.795
14.027
13.847
13.697
14.637
14.124
12.506
11.724
12.933
13.753
14.628
14.415
14.438
14.618
15.265
14.557
15.522
14.909
17.517
16.265
19.930
19.961
19.831
19.798
19.758
19.901
20.031
19.718
19.787
19.733
20.052
19.607
19.987
19.664
19.999
19.946
20.028
19.940
19.787
20.116
19.868
19.937
19.889
19.767
19.602
19.825
19.533
19.873
19.360
20.195
18.852
20.003
19.260
19.605
19.816
19.950
20.006
19.776
19.284
20.093
19.799
19.812
20.076
19.616
19.620
20.178
19.373
19.668
19.776
19.962
19.914
19.764
19.550
20.005
19.942
20.012
19.779
20.148
19.479
19.852
20.126
19.736
20.011
19.813
20.029
20.203
19.706
20.122
19.647
19.646
20.232
19.355
19.390
19.499
19.323
19.414
18.747
19.099
18.893
18.526
18.808
18.865
18.902
19.502
18.351
19.130
18.850
19.651
19.571
19.172
19.218
19.442
19.751
19.515
19.799
19.460
19.664
20.148
19.701
19.862
19.444
19.881
19.839
19.661
19.278
19.413
18.986
20.051
19.383
19.475
19.605
19.711
19.690
19.614
19.356
19.605
19.452
18.849
18.968
18.600
18.649
17.374
18.724
16.520
19.031
18.199
17.179
18.474
18.313
19.611
18.979
19.880
18.808
19.639
17.618
15.879
15.007
15.511
15.630
15.283
15.731
15.785
15.006
15.101
15.644
15.377
15.519
15.527
15.854
14.385
16.086
14.241
15.508
15.755
15.466
14.673
15.239
14.979
14.899
14.542
14.533
15.275
15.439
14.489
14.831
14.733
15.100
14.872
15.006
14.357
15.303
15.331
15.290
14.575
15.549
15.116
14.954
14.095
14.798
14.841
14.265
14.188
14.560
14.291
14.438
14.328
14.689
15.590
14.358
15.496
14.609
14.395
13.115
14.171
14.989
15.376
14.016
15.778
15.951
15.121
14.838
15.393
15.710
15.045
14.827
14.582
15.065
15.444
15.435
15.477
15.486
15.728
14.706
15.203
14.508
14.632
14.880
14.804
13.965
12.805
13.632
15.539
15.743
15.728
14.877
14.583
15.557
16.090
15.856
15.846
16.098
16.772
16.156
15.507
15.968
14.743
14.867
15.086
16.143
15.826
15.857
16.225
16.048
16.258
17.107
17.678
17.532
16.228
16.969
16.084
18.186
18.455
18.914
15.150
15.179
14.099
13.449
16.134
15.793
15.021
15.953
15.928
14.581
14.427
16.301
16.621
16.446
15.767
16.320
16.344
15.586
16.615
15.111
15.251
15.153
15.843
15.699
15.206
15.571
16.151
15.332
16.042
16.287
15.638
15.369
15.184
15.891
15.364
16.027
15.299
15.428
15.270
16.191
15.897
15.177
14.301
14.673
14.411
14.912
15.036
14.883
15.638
15.369
15.988
15.339
15.602
15.629
15.594
15.757
15.713
14.986
15.471
14.811
15.279
15.693
15.344
15.043
15.523
15.721
15.279
15.148
15.139
14.949
15.120
15.017
15.695
15.186
15.531
15.443
15.491
15.195
14.740
15.341
15.640
15.347
14.654
15.999
15.919
16.027
15.537
15.960
15.926
15.937
16.145
15.614
14.740
15.901
16.356
16.346
16.082
15.230
15.234
15.894
15.436
15.724
15.460
15.492
15.549
15.147
15.807
15.390
15.293
15.856
15.850
15.103
15.488
15.367
15.194
15.830
15.649
16.139
15.455
16.185
14.965
15.942
16.108
14.365
14.951
15.744
15.140
15.322
15.986
15.290
16.232
15.696
15.802
15.855
15.319
14.174
15.541
12.484
15.331
15.953
15.804
16.060
15.594
14.951
14.839
14.466
14.290
14.388
14.835
14.486
14.040
14.337
13.671
13.738
14.268
13.259
14.879
14.226
15.203
14.529
14.585
15.617
15.636
14.400
15.405
14.754
15.618
15.818
15.426
15.172
15.842
15.214
15.433
15.219
15.027
15.570
13.820
15.074
14.777
15.230
14.820
15.708
15.351
15.826
15.304
14.642
15.473
15.139
15.251
14.126
15.849
15.734
14.346
14.951
15.876
15.793
14.705
14.563
15.539
15.407
15.241
15.209
15.278
14.396
14.481
15.365
15.029
14.762
14.994
14.595
14.668
14.356
14.464
13.815
14.517
14.448
14.945
14.308
15.585
14.737
14.710
14.464
15.167
15.131
13.713
14.291
15.815
15.609
15.453
15.509
16.238
15.232
15.182
15.061
15.254
15.666
17.328
17.681
16.876
15.962
18.704
18.971
16.749
17.303
17.846
17.223
17.967
16.914
19.371
18.905
18.693
19.605
19.555
18.989
18.540
19.117
19.381
18.530
18.577
19.251
19.371
19.307
19.352
19.803
19.453
19.808
19.024
19.698
18.808
17.713
19.900
19.572
19.432
19.441
19.807
19.456
19.331
18.888
19.347
19.482
18.767
19.306
19.212
19.112
19.436
18.921
19.343
18.956
19.036
17.539
15.723
17.890
18.191
19.223
19.219
19.064
19.166
19.386
18.607
19.282
18.539
19.123
18.899
18.395
19.597
19.247
19.809
19.169
19.360
19.678
19.670
19.973
18.848
18.475
19.604
19.289
19.560
18.278
19.781
19.415
19.396
19.936
19.534
19.878
19.706
19.444
19.896
19.680
19.755
19.584
17.990
19.986
19.708
19.457
19.600
19.728
19.853
19.485
19.572
19.349
19.560
19.474
19.739
19.253
18.804
19.303
19.077
19.654
16.466
18.428
17.371
18.340
19.623
18.953
16.877
17.753
16.755
18.919
18.758
18.100
18.721
19.225
19.905
19.834
19.706
19.005
19.217
19.321
19.525
19.419
16.458
19.118
18.056
17.405
16.012
17.951
17.376
16.220
17.998
16.553
17.876
15.975
15.397
17.007
18.448
17.641
16.669
17.309
17.430
16.994
16.799
17.229
16.558
17.033
16.820
16.994
17.501
16.767
18.287
17.109
17.032
17.192
17.477
16.842
16.324
17.078
15.867
16.467
16.152
16.393
16.525
16.218
15.836
16.182
15.563
16.729
16.308
16.838
17.116
16.557
16.327
16.701
16.620
16.200
17.149
18.497
18.979
16.373
17.466
15.550
16.414
15.993
16.632
16.869
17.664
16.965
17.429
17.108
19.423
15.856
16.904
18.350
17.077
19.141
16.167
17.275
16.689
17.158
18.516
18.321
19.369
16.965
17.117
18.978
18.263
18.119
17.501
19.183
19.811
18.378
19.164
17.676
19.561
19.904
19.490
19.346
19.224
19.919
19.728
18.523
19.235
17.041
19.109
17.757
18.781
16.834
18.735
19.229
19.624
18.922
19.328
18.983
16.450
19.530
19.505
19.370
19.264
19.520
19.507
19.767
19.858
20.291
19.877
19.668
19.524
19.588
19.841
19.588
19.925
19.873
19.465
19.052
18.492
19.998
19.751
18.832
19.272
19.842
19.967
19.701
19.541
18.758
19.381
19.661
19.529
18.898
19.769
19.762
19.388
19.474
19.859
18.184
18.196
18.468
17.082
18.347
18.640
18.583
19.349
19.705
19.305
19.234
19.602
18.267
19.417
17.990
16.658
18.016
18.113
18.056
18.149
18.083
18.319
18.001
18.116
18.172
17.877
16.391
17.732
17.081
17.315
16.942
16.563
17.316
17.996
18.619
18.061
17.632
17.400
17.686
16.553
16.867
17.280
16.108
16.911
17.399
17.045
17.048
17.591
17.057
17.046
16.841
17.943
16.920
16.733
16.908
17.264
16.853
17.092
16.994
17.369
16.835
17.480
17.613
18.122
17.520
17.217
16.322
17.576
17.636
17.724
17.826
17.614
17.002
17.337
16.807
17.298
17.500
16.580
15.668
15.744
15.508
16.571
16.529
16.984
17.717
17.308
16.174
16.770
17.148
16.195
16.005
15.693
16.453
16.488
16.310
17.066
17.030
16.527
17.397
17.683
16.131
16.922
16.749
16.546
17.173
16.250
17.454
17.065
16.969
17.107
16.666
16.668
16.887
16.940
18.128
17.192
17.373
17.187
16.914
17.022
16.531
16.219
17.077
17.190
16.475
16.780
16.686
16.545
17.165
17.964
16.449
17.331
16.527
16.245
16.966
16.445
16.867
16.929
16.414
16.713
17.318
16.403
16.256
16.275
16.551
17.999
19.309
18.235
19.537
19.508
19.889
19.116
19.242
19.328
19.335
19.094
19.944
19.334
20.006
19.913
19.969
19.807
19.667
19.842
20.262
20.003
19.181
19.995
19.578
19.573
20.032
19.900
20.152
20.001
20.290
19.885
19.892
19.894
19.884
19.815
19.652
19.870
20.148
19.994
20.293
20.138
19.768
20.107
20.064
19.540
18.485
19.936
19.958
20.100
19.700
19.850
19.666
19.787
19.233
19.065
19.646
20.080
19.766
19.832
19.297
19.319
19.426
19.622
19.470
19.604
19.289
19.857
19.885
19.484
19.725
20.100
19.263
19.508
19.371
19.229
19.693
19.347
19.568
18.232
17.964
18.291
19.299
19.354
19.156
19.427
19.273
18.648
19.330
18.667
19.741
18.413
18.047
18.188
19.421
19.591
19.822
19.904
19.283
19.596
19.796
19.773
18.859
19.060
20.041
19.679
18.110
18.393
19.466
18.709
19.511
18.604
18.901
18.669
17.836
18.063
18.324
18.373
17.669
15.885
17.423
17.583
18.043
17.242
18.164
17.812
18.362
18.028
17.969
17.713
18.372
18.229
18.410
18.098
18.461
16.774
17.621
17.983
18.147
18.651
18.604
18.040
19.096
18.044
18.189
18.261
18.485
18.046
18.247
18.333
17.875
18.242
17.997
18.459
18.095
18.154
18.339
18.052
17.518
17.762
18.154
18.156
18.315
17.913
18.149
18.134
17.968
17.935
18.326
18.375
18.076
18.740
18.078
18.534
18.137
18.413
18.182
18.165
18.351
17.339
18.214
17.834
18.428
17.989
17.966
18.076
18.425
17.682
18.588
18.462
18.256
17.787
18.233
17.952
16.582
16.284
17.335
17.659
18.021
19.125
18.962
18.498
18.573
18.445
19.127
19.091
19.268
18.231
19.661
19.855
19.014
19.792
19.529
19.776
19.554
19.821
19.388
19.827
19.173
19.676
20.144
19.670
18.423
19.353
19.580
19.727
19.027
18.919
17.467
19.296
19.573
19.498
19.775
19.893
19.176
19.623
19.884
19.878
19.892
20.044
19.957
18.839
19.936
19.563
19.469
19.756
19.453
19.570
19.565
19.779
19.956
20.255
19.509
19.787
19.602
19.070
19.188
17.959
18.952
19.387
19.514
19.348
19.974
19.834
19.472
19.467
19.718
19.526
19.806
19.730
19.481
19.726
19.443
19.701
20.165
19.862
19.246
19.455
19.545
19.011
19.806
19.620
19.604
19.998
17.661
19.852
18.306
19.794
19.680
19.734
19.849
19.721
19.686
19.518
19.737
19.308
19.608
19.431
19.579
19.449
19.743
19.463
19.794
18.556
19.958
19.702
19.787
19.314
19.502
19.948
19.235
19.505
19.532
19.339
19.683
19.750
19.729
19.344
19.749
19.468
19.593
19.135
18.930
18.028
19.107
19.907
19.310
19.393
19.475
19.320
19.528
19.316
19.593
19.045
19.405
19.327
19.540
19.288
19.797
19.049
19.437
19.138
19.135
18.557
18.749
19.287
20.081
19.809
18.790
20.024
19.361
19.243
19.456
19.162
19.299
19.408
19.161
19.776
18.981
19.825
19.543
19.193
19.443
19.737
19.867
19.255
19.461
19.324
19.250
19.454
19.498
19.277
19.415
19.210
19.429
19.542
19.598
19.682
18.588
19.456
19.792
19.694
19.777
19.812
19.733
19.793
19.823
19.837
20.063
19.636
19.521
19.733
19.415
19.382
19.165
19.818
19.757
19.642
19.681
19.961
20.004
19.836
19.755
19.632
19.846
19.642
20.273
20.030
20.274
20.549
19.556
19.560
18.459
19.778
19.625
19.378
19.785
19.871
19.537
19.563
19.927
18.947
19.565
19.592
19.712
19.724
19.771
18.701
19.361
19.748
19.391
19.647
18.698
19.829
18.300
19.955
19.985
20.019
19.991
19.899
19.819
19.323
20.098
18.855
18.879
18.520
17.622
17.305
18.415
18.148
18.498
18.673
19.083
18.421
18.007
20.115
20.037
20.312
19.937
19.958
19.841
20.380
20.195
20.019
20.046
20.267
19.961
19.994
20.111
20.042
20.330
19.936
19.960
19.862
20.221
20.230
19.936
20.162
20.242
19.936
19.784
19.906
20.138
20.271
19.867
20.384
19.642
19.754
19.862
20.108
19.637
19.660
19.977
19.935
20.305
19.820
19.961
19.600
19.880
19.708
19.946
19.605
19.882
18.808
19.540
19.645
19.670
20.070
19.613
19.966
19.656
20.085
20.208
19.960
20.047
19.849
19.916
19.956
19.525
20.000
20.125
19.793
20.004
20.102
19.864
20.489
20.190
20.291
19.348
19.845
19.946
20.151
18.899
19.875
19.785
20.299
20.159
20.237
19.753
19.735
20.190
20.352
20.124
20.208
19.829
19.746
19.626
19.573
19.424
19.478
19.633
19.773
19.477
19.792
19.821
19.791
19.534
19.993
19.746
19.734
19.619
19.420
19.963
19.720
19.410
19.552
19.697
19.630
19.691
19.605
19.589
19.817
19.538
19.453
19.886
19.738
19.254
19.823
20.060
19.867
20.069
19.648
19.798
19.878
18.933
19.869
19.909
19.682
19.028
19.865
19.839
19.447
19.634
19.820
19.849
20.440
19.894
20.267
19.858
19.556
20.151
19.769
19.890
19.904
18.567
19.753
19.388
19.680
17.703
19.659
19.721
19.537
19.865
19.642
19.904
19.804
19.648
19.683
19.674
19.910
20.085
19.399
19.503
19.597
19.793
19.562
20.120
18.656
19.896
19.823
19.643
19.918
19.797
19.287
18.604
19.263
19.354
19.942
19.679
19.649
20.494
19.877
19.459
19.855
19.705
20.070
19.497
20.359
19.707
19.998
19.517
17.918
19.600
19.760
18.378
19.125
19.505
19.969
19.609
20.043
17.956
18.711
17.104
18.653
18.511
19.792
19.964
17.291
17.332
17.421
17.834
17.917
17.570
17.289
19.235
19.308
18.971
19.866
19.696
19.428
19.571
19.290
19.515
19.273
19.648
19.649
19.931
19.619
19.716
20.109
20.315
20.090
19.985
19.534
20.002
19.568
20.452
19.901
20.005
19.890
20.291
20.034
19.790
20.064
20.462
20.255
20.296
20.115
20.014
20.150
19.766
20.006
19.826
19.959
20.240
20.371
20.269
20.068
20.130
19.882
19.851
20.077
20.368
20.252
20.455
19.804
19.955
20.361
19.855
20.013
19.982
20.253
20.294
19.677
20.031
19.845
19.765
19.826
19.916
19.674
20.019
19.864
20.074
19.931
20.422
19.709
19.715
20.108
19.824
19.747
20.070
19.860
19.814
18.527
17.830
18.736
19.147
19.746
19.828
19.552
17.455
20.512
20.181
19.790
20.237
20.242
19.914
20.436
20.198
19.605
19.963
20.059
19.896
20.315
19.646
20.045
19.991
20.234
20.307
20.111
20.123
20.189
19.884
19.346
20.232
20.027
19.252
19.675
19.501
19.690
19.350
20.035
19.937
20.011
20.426
20.221
19.985
19.782
20.229
20.195
19.992
19.961
20.256
19.943
19.761
20.075
19.851
19.565
19.736
19.898
20.091
20.115
20.063
19.660
19.735
19.920
20.378
19.652
20.285
20.012
20.126
20.303
20.048
19.745
19.862
20.158
19.503
19.751
19.733
19.574
19.785
19.782
20.092
19.817
19.608
20.116
19.829
19.600
19.639
19.796
20.168
19.917
19.972
19.668
19.749
19.969
19.643
19.696
20.096
19.970
19.572
19.941
19.937
20.034
19.754
19.746
19.693
19.392
19.776
19.877
19.845
19.701
19.755
19.976
19.646
20.081
19.994
19.822
20.349
19.936
20.052
19.755
20.006
19.782
19.984
19.715
19.626
19.998
19.943
19.766
19.873
19.678
19.721
18.967
19.930
20.014
19.797
19.770
19.787
19.512
19.583
19.490
19.883
19.809
19.061
19.630
19.788
19.873
20.125
19.926
20.219
19.490
20.317
20.236
20.180
20.170
19.707
19.779
19.881
19.251
19.872
19.847
20.018
19.597
19.892
20.033
19.557
19.925
19.227
19.541
19.361
19.374
19.164
19.975
20.210
19.560
20.369
19.342
19.559
19.667
19.714
19.706
19.788
19.671
19.615
19.676
19.527
18.359
17.953
16.298
18.971
19.151
18.761
19.033
17.845
16.534
18.595
17.688
16.638
16.821
16.435
17.763
16.840
16.370
16.386
16.958
16.520
16.589
16.657
17.619
19.166
18.538
18.351
18.423
18.798
18.736
18.567
18.764
18.289
18.924
19.728
19.577
19.423
19.998
20.156
19.799
19.648
19.723
18.788
19.021
20.040
20.134
19.708
19.896
19.960
20.181
20.257
20.006
19.940
20.809
20.116
20.017
20.113
20.226
20.042
20.120
20.133
20.079
20.510
20.615
20.376
20.494
20.306
20.133
19.658
20.117
20.000
20.199
20.319
20.071
19.950
19.859
19.787
19.719
19.777
20.169
19.792
19.619
19.847
19.890
20.031
20.025
20.287
20.073
20.305
20.311
20.118
20.346
20.095
19.976
20.151
19.937
19.875
19.904
19.973
19.897
19.803
19.938
19.018
19.912
19.868
20.080
20.405
18.986
20.177
19.880
19.734
19.822
19.642
20.006
19.971
19.448
20.218
20.370
20.528
21.251
20.233
20.686
20.613
20.823
18.972
20.756
20.940
20.663
20.776
20.626
21.051
20.069
21.106
19.609
17.139
17.298
16.476
17.034
16.179
17.418
16.403
16.493
16.395
16.557
16.723
16.253
17.050
17.969
16.951
18.145
18.157
16.701
18.102
17.346
17.772
16.404
18.031
18.679
18.762
18.706
19.029
17.706
18.692
18.871
19.647
19.521
18.751
19.402
19.291
19.821
19.775
18.869
19.829
19.543
19.467
19.513
19.976
19.843
19.127
19.433
18.847
19.425
19.542
19.307
19.716
17.335
19.115
19.309
19.348
19.806
19.367
19.807
19.864
19.295
19.480
19.651
19.435
19.976
19.888
19.353
19.193
18.922
20.106
19.837
20.191
20.204
19.024
19.823
19.977
20.270
20.183
20.425
19.990
19.519
19.692
20.020
20.089
19.884
19.735
19.635
19.884
20.162
18.839
20.062
20.087
19.797
18.515
19.813
19.317
19.676
19.781
19.862
18.845
19.742
20.356
19.426
18.940
19.415
19.628
19.814
19.815
20.049
19.803
19.897
20.037
19.557
20.028
18.310
20.080
19.795
19.614
19.826
20.027
19.672
19.589
19.812
19.690
19.665
19.697
19.808
19.568
19.914
19.766
19.481
19.562
19.329
19.302
19.436
19.159
19.504
19.502
19.270
19.359
19.482
19.659
19.776
19.505
19.624
19.526
19.159
19.480
19.486
19.526
19.257
18.940
18.566
18.911
18.302
19.317
19.250
19.158
17.160
18.876
19.014
19.402
17.880
17.220
19.177
19.198
18.639
18.783
18.900
19.333
17.515
18.705
18.881
18.886
18.985
19.179
19.289
19.132
19.106
18.842
18.790
18.633
19.157
18.793
19.254
18.938
19.146
19.161
19.030
19.116
19.007
18.644
18.961
19.191
18.785
18.882
18.848
19.020
19.032
18.590
18.486
18.657
19.198
18.994
18.478
19.109
18.971
19.137
19.066
18.839
19.177
19.082
19.357
19.259
19.040
18.918
19.121
19.059
19.296
19.225
19.124
19.054
19.035
19.321
19.108
19.103
19.062
18.770
18.130
17.854
17.699
19.394
19.072
19.630
19.447
19.169
19.406
19.406
19.183
19.433
19.236
18.713
18.528
18.400
18.868
18.301
18.481
18.135
16.898
18.467
18.741
18.381
18.177
17.734
18.492
18.378
17.894
18.111
18.561
18.108
18.249
17.710
16.011
15.993
16.170
15.423
16.364
15.401
15.682
16.870
16.265
16.081
15.222
16.765
17.720
17.956
18.129
18.448
17.682
18.133
18.167
17.493
17.455
16.626
17.248
17.515
17.719
17.678
17.667
17.616
17.621
17.560
18.560
18.447
18.199
18.639
18.562
18.180
18.589
18.480
18.512
18.160
18.552
18.529
18.332
18.322
17.810
16.992
15.723
17.766
17.618
17.753
17.405
17.945
17.786
17.759
17.752
17.544
17.482
17.141
17.351
17.476
17.139
17.535
17.220
17.181
17.538
17.270
17.309
17.569
17.231
17.602
17.520
17.309
17.499
17.445
18.392
17.618
16.940
17.510
17.115
17.086
17.359
17.364
17.427
17.334
16.812
17.308
16.813
17.209
17.390
18.073
18.245
18.355
18.565
18.193
18.358
17.654
18.457
18.183
18.431
18.274
18.543
18.287
17.677
16.975
17.112
17.780
16.892
17.338
17.113
17.483
17.227
16.703
17.056
17.402
17.315
17.196
17.101
17.626
17.438
17.464
17.179
17.432
16.911
17.077
17.609
18.017
17.370
17.125
17.526
18.071
17.448
17.618
17.172
17.464
17.733
17.712
17.126
17.427
17.580
17.645
17.353
17.850
17.347
16.966
17.457
17.340
17.573
17.307
17.715
17.656
17.376
17.469
17.521
15.378
16.506
14.728
14.215
14.348
13.746
13.825
14.111
14.151
14.039
14.646
13.986
13.671
14.274
14.759
15.516
15.582
14.313
16.023
15.381
14.765
15.389
15.142
15.982
15.379
15.809
17.430
17.240
17.427
17.512
16.745
16.162
16.724
15.692
15.943
16.006
16.689
16.369
16.130
16.219
16.527
15.540
15.507
15.852
16.490
16.565
16.542
17.584
17.530
16.754
17.476
17.044
17.576
17.210
18.195
18.295
18.208
17.672
18.109
17.182
17.021
17.502
16.883
17.126
16.244
15.834
16.512
15.961
15.542
14.382
14.855
15.699
15.452
12.685
16.088
15.479
16.903
15.524
16.080
15.055
14.727
15.573
14.576
14.626
14.858
14.066
13.712
15.000
13.601
14.665
15.606
14.214
16.105
16.217
15.568
14.783
14.141
13.968
14.539
14.812
15.154
15.329
15.578
15.053
14.733
16.615
15.456
15.656
15.452
15.534
15.895
16.226
14.828
15.028
14.527
16.231
14.692
15.778
14.607
15.390
16.074
15.151
15.375
15.927
16.569
17.021
14.180
13.759
14.280
14.350
13.193
14.020
17.117
15.023
15.874
15.230
15.832
18.158
17.523
17.768
17.562
17.526
18.068
17.659
18.094
17.411
17.716
17.842
17.546
17.629
17.676
17.253
17.781
17.801
17.898
17.767
17.754
17.654
17.054
18.281
18.543
18.295
17.487
18.524
18.015
16.105
17.792
17.808
17.819
16.780
15.210
16.152
16.874
17.324
17.010
16.847
16.974
17.095
17.649
17.660
17.420
17.576
17.621
17.460
17.007
17.456
17.207
17.510
17.530
17.276
17.536
17.733
17.579
17.833
17.527
17.796
18.277
17.609
17.281
17.514
17.382
17.458
17.726
17.811
18.003
17.566
17.833
18.635
18.651
18.723
18.801
18.536
17.874
17.842
17.949
18.485
17.790
18.109
17.670
17.614
17.926
17.596
17.765
17.574
17.994
17.758
17.853
18.474
18.621
18.153
19.280
18.875
17.368
18.793
17.323
18.824
19.223
19.260
19.325
19.348
19.405
19.448
19.211
19.220
18.827
18.473
18.775
17.884
15.829
16.748
16.947
16.279
17.669
19.232
18.773
17.437
19.003
18.969
19.208
19.255
19.237
19.249
19.349
19.255
19.336
20.079
19.420
19.675
19.421
19.701
19.276
19.968
20.076
19.461
19.531
19.465
19.654
19.161
19.240
19.195
17.902
19.494
19.364
19.471
19.553
19.564
19.718
19.383
18.958
19.698
19.993
19.706
19.554
18.894
19.499
18.786
19.676
19.667
19.687
19.727
19.795
19.037
19.742
19.320
19.853
19.584
19.721
19.732
19.834
19.576
19.810
19.692
19.849
19.519
20.003
19.296
19.657
19.578
19.419
19.711
19.561
19.794
19.289
19.701
19.698
20.208
19.733
19.203
19.458
19.655
19.065
19.959
20.153
19.934
19.694
19.956
20.024
20.063
19.754
19.953
20.226
19.897
19.840
19.916
19.852
19.745
19.884
19.844
20.149
20.019
19.864
19.571
19.456
19.807
19.845
20.323
19.874
20.093
19.984
19.841
19.797
19.488
20.529
20.127
19.837
19.871
19.793
20.062
19.376
19.390
19.835
20.189
20.031
20.174
19.745
17.524
17.895
17.437
17.497
17.637
17.457
18.128
17.749
17.515
17.848
17.774
17.635
18.975
18.946
19.788
19.879
20.160
19.680
19.919
19.893
20.471
19.735
19.805
19.351
20.255
20.030
19.570
19.943
19.716
20.089
19.855
20.058
19.863
20.094
19.824
20.160
20.171
19.840
19.139
19.741
20.283
20.084
19.587
19.897
19.554
20.393
20.239
20.307
20.346
20.727
20.091
20.036
20.057
19.860
19.843
20.257
19.930
20.115
20.214
20.207
20.027
19.922
20.059
19.569
20.074
20.167
19.851
20.015
19.962
20.071
20.491
19.963
20.236
20.379
20.212
19.667
19.909
19.760
19.949
20.329
19.601
19.590
20.282
19.996
20.272
20.238
20.059
20.153
20.245
20.493
20.152
20.392
20.244
19.780
19.941
19.511
20.286
20.647
19.638
20.067
20.137
19.802
19.813
18.310
18.046
19.335
17.735
18.535
17.901
19.122
20.051
19.825
19.890
19.863
19.981
19.729
19.726
20.030
19.735
20.151
19.814
19.659
19.728
19.590
19.518
19.851
19.510
19.493
19.059
19.108
19.397
19.704
20.172
19.697
19.470
19.661
20.024
19.588
19.536
19.598
19.546
19.152
19.713
19.797
19.931
19.656
19.994
19.470
20.057
19.844
20.094
19.563
19.869
19.694
18.609
19.577
18.035
18.982
19.765
19.552
19.937
19.501
19.381
20.313
20.070
19.454
19.490
19.868
19.564
19.664
19.531
19.820
19.526
19.726
20.017
19.681
18.414
17.868
19.675
19.461
19.544
19.518
19.585
19.350
19.306
19.693
19.486
19.435
20.039
19.839
19.811
19.749
20.090
19.687
19.603
19.437
19.966
19.441
19.514
19.441
19.437
19.723
19.898
19.422
19.571
19.646
19.814
20.163
19.521
19.597
19.654
19.905
19.790
20.011
19.566
19.471
20.204
20.265
19.711
19.809
19.688
19.693
20.512
19.848
20.311
19.870
19.857
20.329
20.385
20.330
20.346
20.018
19.677
20.177
19.886
19.759
19.921
19.764
19.925
20.281
19.576
19.865
20.120
19.970
19.716
19.896
20.122
20.051
19.818
19.655
20.016
19.909
19.492
20.184
18.625
19.992
19.684
19.998
20.190
20.085
19.449
19.324
19.747
19.782
19.805
19.917
19.903
19.666
19.757
19.973
19.548
18.739
19.843
20.045
19.826
19.898
19.676
20.020
19.595
20.073
19.897
20.032
19.757
19.751
19.964
20.120
19.755
19.878
20.004
20.120
19.664
19.793
19.705
19.575
19.631
19.775
19.978
20.096
19.518
19.855
19.922
19.946
19.862
19.852
20.034
19.652
19.822
19.750
19.659
20.035
20.003
19.973
19.830
19.597
19.910
20.114
19.676
19.649
19.736
19.450
17.505
19.859
19.900
17.162
19.749
19.700
19.279
19.808
19.792
18.845
19.825
19.701
19.307
18.702
20.030
19.572
19.632
19.865
20.179
20.219
20.176
19.608
19.887
19.841
19.844
19.851
19.549
19.496
20.072
19.901
19.648
19.447
19.600
19.588
19.776
19.414
19.020
20.103
19.507
19.596
19.853
19.733
19.002
19.554
19.420
19.592
19.793
19.601
19.712
19.590
19.604
19.490
19.542
19.560
19.394
19.667
19.588
20.193
19.575
16.783
19.315
19.523
16.008
19.627
19.450
20.130
19.828
19.345
19.154
19.661
19.491
16.224
15.600
17.827
17.768
15.941
17.995
18.000
17.363
20.062
20.100
19.872
20.022
20.101
20.366
19.773
19.640
20.494
19.603
19.895
19.825
20.189
20.117
20.351
19.852
20.325
19.698
20.223
18.911
20.148
19.527
19.556
19.330
20.076
19.890
19.797
17.904
16.928
19.506
20.077
19.600
20.163
19.629
19.870
20.115
19.859
19.848
19.476
19.610
19.535
19.834
20.025
19.730
19.643
20.026
20.705
19.699
19.117
20.933
20.250
21.319
21.024
21.608
20.983
20.799
21.085
21.937
21.385
21.132
21.411
21.690
21.819
21.840
22.349
22.424
21.864
22.135
22.345
22.302
21.269
21.379
22.162
21.994
21.596
21.064
20.673
21.493
19.316
21.844
22.263
22.589
22.094
21.452
20.976
20.894
20.930
20.276
19.121
20.361
21.146
21.072
21.312
21.168
21.063
21.088
21.477
21.662
21.249
21.280
20.546
21.404
18.691
21.190
19.749
20.496
21.014
21.268
20.779
20.766
20.451
20.373
20.931
20.466
20.892
20.863
20.240
19.394
20.658
19.894
20.822
21.078
20.720
20.297
20.610
20.845
18.663
20.561
20.550
20.712
21.089
20.569
20.698
19.897
20.592
20.702
20.532
18.610
20.412
20.551
21.042
20.328
20.483
20.337
20.826
20.720
20.916
19.813
20.787
19.847
20.065
20.599
20.189
20.918
20.985
19.227
17.814
17.983
18.640
18.504
17.037
19.355
18.799
18.743
19.470
19.723
19.624
19.044
19.748
18.759
20.665
20.188
21.004
21.044
20.461
18.059
17.723
20.237
20.113
20.729
21.181
21.560
20.801
20.381
20.480
20.588
20.489
20.850
20.303
20.537
20.542
21.389
20.657
20.516
21.148
20.851
20.896
20.603
21.073
20.946
21.279
21.076
20.491
19.373
20.740
21.718
20.462
20.671
20.779
20.745
20.632
20.830
20.534
20.642
20.570
21.137
20.458
20.754
20.510
20.863
20.483
20.870
20.883
21.103
20.908
21.502
21.252
20.559
20.382
20.396
19.277
19.991
20.934
20.985
19.789
20.855
20.934
21.013
19.895
20.594
19.997
21.075
21.089
21.327
21.060
20.018
21.434
21.648
21.054
21.037
21.587
21.492
21.376
21.375
21.449
21.435
21.307
21.288
21.240
20.520
20.217
20.686
21.504
21.430
21.228
21.763
21.609
21.502
21.401
21.489
21.455
21.231
21.584
21.416
21.530
21.308
21.553
21.561
21.485
21.468
21.789
21.454
21.818
21.565
21.522
21.557
21.367
21.577
21.505
21.449
21.418
21.824
21.607
21.731
21.564
21.596
21.407
20.945
21.707
21.283
21.475
21.452
21.864
22.041
21.825
21.733
21.750
21.840
19.855
18.603
18.505
17.915
18.124
18.413
18.119
18.166
17.868
17.980
17.374
17.773
17.544
17.186
18.374
17.882
17.960
19.454
21.828
21.758
21.871
21.378
21.460
21.261
20.389
21.575
21.746
21.492
21.313
21.424
21.765
21.327
19.487
20.687
21.385
21.503
21.099
21.703
21.338
21.394
21.420
21.683
21.443
20.738
19.321
20.093
19.910
19.617
19.712
19.732
16.423
18.747
19.980
20.582
20.714
20.580
20.734
20.590
20.514
20.006
20.850
20.553
20.158
19.853
17.450
17.566
19.725
20.489
20.046
20.568
20.360
20.156
20.417
20.719
20.643
20.554
20.460
20.693
20.585
20.809
20.644
20.867
20.343
18.168
13.753
15.957
16.179
15.620
16.468
15.628
16.456
15.793
16.451
17.331
17.142
19.361
20.410
20.427
20.529
20.362
20.621
20.122
20.380
20.081
20.108
20.130
19.309
20.180
20.261
20.370
20.157
20.216
16.385
20.129
19.967
20.106
19.911
19.975
19.777
18.964
19.312
19.209
19.854
18.495
20.374
20.452
20.298
20.116
20.303
19.391
19.224
20.436
20.438
20.369
20.528
20.729
19.932
20.309
20.355
20.591
20.287
20.459
20.536
20.585
16.955
17.067
20.675
20.571
20.181
20.497
20.883
20.502
20.762
20.524
20.295
19.468
19.826
18.797
20.735
20.523
20.558
20.854
20.392
20.947
20.901
20.751
20.669
20.663
20.490
21.080
20.131
20.607
21.079
19.167
20.437
20.395
20.592
20.502
20.206
20.472
20.673
20.860
20.591
20.317
21.301
21.180
20.454
20.975
19.606
20.915
19.647
18.390
20.942
21.129
20.978
21.969
21.256
21.646
22.210
23.104
21.415
21.420
20.907
20.082
21.070
20.887
20.729
20.754
21.015
21.788
22.061
20.863
21.427
20.639
20.801
21.724
21.634
21.472
21.369
20.915
20.801
20.634
20.656
20.634
21.139
20.742
21.242
21.324
21.205
20.928
22.329
21.514
21.145
19.726
21.368
22.302
20.995
21.247
20.686
20.686
20.500
20.851
20.921
20.878
20.547
22.047
21.681
20.733
22.247
22.965
21.732
22.807
22.398
20.861
18.269
21.125
21.663
20.593
20.826
20.655
20.993
20.819
20.338
21.401
19.928
18.126
21.055
21.611
20.825
18.973
20.519
20.879
20.719
21.650
21.775
21.407
21.219
20.476
20.660
20.431
20.461
20.983
20.905
20.715
21.824
22.004
20.554
20.821
20.657
20.912
20.595
20.522
20.673
20.875
20.450
20.623
21.042
20.801
20.987
20.841
20.755
20.338
20.074
20.086
20.481
20.904
20.764
21.255
20.486
20.428
20.823
20.667
20.536
20.634
20.607
20.382
20.608
20.736
20.541
20.749
20.069
17.594
20.229
20.286
20.336
20.238
20.243
20.608
20.615
20.341
20.444
20.576
20.922
20.430
20.703
20.630
20.532
20.795
20.444
20.620
20.256
20.818
20.519
20.845
19.880
20.584
20.672
20.745
20.635
20.900
20.552
20.466
20.575
20.260
20.410
20.238
20.067
20.511
20.237
20.554
20.518
20.727
20.848
19.922
20.605
20.030
20.587
19.769
19.600
19.781
19.564
19.488
20.168
19.981
19.945
20.668
20.693
20.322
20.177
20.970
20.507
17.082
20.789
20.301
20.601
20.762
20.529
20.622
19.593
20.239
20.055
20.548
20.547
20.816
20.532
19.631
20.538
20.469
21.346
19.714
23.279
22.732
21.644
21.824
22.016
23.770
23.724
23.953
24.157
22.476
24.005
21.616
24.095
22.575
22.231
21.342
22.312
23.640
22.602
22.494
24.797
24.227
24.883
23.027
24.126
23.769
24.309
25.019
24.553
24.279
23.749
22.870
24.293
24.571
24.679
24.475
24.221
23.139
24.135
21.634
23.633
24.116
24.566
23.876
23.837
23.935
22.400
24.673
24.354
24.361
24.576
24.526
24.304
25.902
23.589
23.071
25.619
25.842
25.844
25.495
25.255
23.874
24.725
24.598
25.851
25.617
26.533
24.389
27.071
27.284
24.294
25.911
26.527
26.818
25.653
25.387
24.669
26.156
27.497
26.864
26.645
25.213
23.200
22.549
23.930
24.215
23.660
26.497
26.117
23.168
26.657
24.980
26.485
25.861
25.904
26.210
25.935
26.274
25.021
25.751
25.893
25.429
26.596
27.128
27.085
25.315
26.709
22.657
24.726
24.851
27.288
26.827
27.546
27.263
26.571
27.587
27.194
26.832
26.984
26.661
26.579
26.509
27.712
25.725
26.940
24.874
28.296
27.999
27.854
27.674
26.781
26.886
25.774
26.791
27.205
26.873
26.537
27.341
26.967
26.210
26.689
26.177
24.503
26.744
25.700
25.762
26.239
25.574
25.515
25.899
25.591
25.733
25.352
25.698
25.337
25.926
25.793
26.286
25.839
25.923
25.914
26.117
26.419
25.632
26.309
26.369
26.019
26.226
25.106
25.761
26.116
24.956
25.029
24.785
25.116
24.594
24.656
24.503
22.832
25.275
23.352
25.445
24.817
23.022
25.416
25.486
26.602
25.288
25.727
25.427
26.521
26.034
24.536
23.256
25.994
25.817
25.762
26.614
25.763
25.591
26.423
25.646
26.052
25.764
26.224
25.995
26.229
26.407
25.299
24.715
25.720
25.958
25.369
25.408
25.324
25.232
25.320
25.296
23.250
23.784
23.806
23.934
23.460
23.941
23.644
24.094
24.037
24.068
23.961
24.118
24.004
23.830
23.974
23.979
24.211
24.158
23.319
23.631
22.037
24.321
21.856
24.140
23.965
23.754
23.385
23.545
23.652
23.400
23.443
24.075
24.264
23.763
23.745
24.147
23.810
20.704
24.353
24.114
23.936
23.814
24.192
23.774
24.054
23.919
23.914
23.680
21.117
23.656
23.758
23.683
23.711
24.027
23.871
23.797
24.083
23.758
23.608
23.574
23.579
23.629
24.281
23.504
24.199
24.723
24.381
23.907
24.132
24.420
24.307
23.807
23.715
23.259
24.699
24.448
23.996
24.044
24.004
23.636
24.353
23.924
24.019
24.062
23.510
23.107
23.913
24.146
23.402
24.605
23.821
23.882
23.954
23.670
24.531
24.179
24.263
24.200
23.784
23.866
23.899
23.820
23.765
24.007
22.605
23.703
24.074
23.929
23.808
24.119
24.078
23.853
23.940
23.798
23.803
23.859
23.783
23.755
24.281
23.996
23.739
23.726
24.101
23.948
24.156
24.011
24.087
23.500
23.987
23.681
23.657
23.187
24.096
23.911
21.659
23.587
23.260
24.054
22.809
23.844
24.093
23.743
23.514
23.861
24.007
23.630
23.760
24.133
23.925
24.092
24.074
22.858
19.694
19.981
19.514
18.981
21.194
24.159
23.975
24.014
24.147
23.963
24.737
23.939
23.914
23.901
24.428
24.335
23.842
24.360
24.169
24.621
23.978
24.201
24.143
23.730
24.097
23.978
24.024
23.837
22.489
23.871
24.012
24.112
22.709
23.899
23.916
23.515
23.925
23.601
23.157
23.901
23.955
23.604
23.873
24.117
23.854
23.642
23.792
23.794
23.620
24.030
24.232
24.082
23.713
23.836
24.068
23.916
23.860
23.849
24.289
24.601
23.888
24.276
24.671
24.097
24.520
23.931
23.864
23.742
24.182
24.492
23.868
24.141
24.503
24.096
23.905
24.336
24.183
23.995
24.595
24.081
23.871
23.998
23.413
23.938
23.944
23.694
23.874
23.678
24.156
24.288
24.179
23.862
23.820
23.328
23.640
23.750
23.544
23.747
23.861
24.078
24.377
23.794
24.195
23.831
24.059
23.973
24.164
24.438
24.051
23.819
23.952
24.354
24.442
24.129
24.142
24.108
24.008
23.789
23.706
23.722
20.498
23.980
23.859
23.998
23.438
24.080
24.119
23.682
24.138
23.883
23.711
23.915
24.029
23.936
23.775
23.817
24.211
23.710
23.843
23.959
23.770
24.169
23.681
23.619
23.627
24.132
23.751
23.693
23.836
24.095
24.151
24.032
23.705
24.437
23.855
23.834
19.908
23.158
24.239
23.908
23.913
23.622
23.479
23.935
22.973
22.999
20.235
20.237
21.357
23.390
22.890
22.776
22.617
21.712
20.889
20.149
19.115
18.921
21.742
23.047
22.560
22.198
23.142
23.075
21.345
23.092
22.841
22.944
22.758
22.702
22.688
22.962
23.187
22.732
22.840
23.013
22.828
23.209
23.122
23.050
22.830
22.753
23.069
22.779
22.671
22.286
22.862
22.724
22.683
23.034
23.296
22.797
22.942
23.032
23.148
22.741
22.932
22.825
23.052
22.986
23.370
22.899
22.798
23.234
23.277
23.439
23.326
23.279
23.237
23.128
22.610
23.211
23.185
23.042
22.777
23.325
22.690
23.399
21.384
23.618
23.457
22.500
23.227
23.004
22.947
22.786
23.182
23.210
23.525
22.933
23.201
23.206
22.821
23.092
22.983
22.642
19.097
19.118
22.759
22.813
21.671
22.762
23.046
22.875
23.141
23.060
23.008
23.068
22.646
23.347
21.879
22.354
23.145
23.019
22.655
22.831
23.234
23.253
23.301
23.571
23.440
22.725
22.824
22.990
23.101
23.449
23.358
22.854
22.951
22.177
22.928
23.086
22.930
23.083
22.918
23.091
22.663
23.135
22.610
22.425
23.124
22.790
23.239
22.723
23.177
23.254
22.862
23.462
23.450
23.069
23.189
23.185
23.203
23.224
22.128
23.200
23.111
23.015
23.343
23.063
23.229
22.433
23.104
23.418
23.463
24.289
23.323
24.090
23.531
22.807
23.431
23.182
23.217
23.141
23.350
23.461
23.047
22.815
22.522
22.646
23.605
22.800
22.831
23.497
22.968
23.102
23.210
23.163
23.730
22.298
23.580
23.681
24.184
24.113
23.882
23.960
24.132
24.148
24.085
24.247
24.239
24.151
24.306
24.136
24.122
23.464
24.033
23.918
24.139
24.084
23.915
24.022
23.961
24.674
24.098
24.033
23.941
23.955
23.899
24.205
23.903
23.623
23.895
23.966
23.928
23.666
23.693
23.888
24.254
24.374
24.543
24.150
24.130
23.914
23.779
23.933
24.426
24.431
24.901
23.568
24.423
25.305
25.282
25.559
25.517
24.613
25.309
24.495
25.025
24.622
24.871
23.506
22.887
22.623
22.851
24.213
23.216
23.204
23.575
23.704
23.320
23.486
22.947
25.037
25.318
25.138
24.604
25.399
23.239
25.224
25.246
22.393
24.705
24.841
23.676
24.376
24.204
24.566
23.762
24.115
25.184
25.029
25.104
24.466
24.887
25.324
24.495
25.145
25.341
24.907
24.729
23.306
24.998
25.129
25.430
24.203
24.757
25.336
23.224
25.188
22.626
23.942
24.091
24.109
23.876
24.410
24.242
24.428
24.162
24.009
23.799
23.661
23.988
24.582
24.399
24.257
24.414
24.178
23.937
23.983
23.743
24.430
23.945
24.503
20.491
22.488
21.302
24.117
23.723
23.809
22.917
24.049
23.805
24.005
24.275
24.200
24.344
24.473
24.168
24.109
24.086
24.235
24.541
24.447
24.293
24.349
23.923
24.144
24.341
24.635
24.346
24.150
23.893
24.098
24.097
24.227
24.397
24.144
23.972
23.978
24.431
24.014
23.764
24.089
23.813
24.039
23.968
23.927
24.016
24.636
23.921
22.926
22.078
24.061
24.254
23.862
23.956
24.331
24.271
24.000
23.394
24.233
24.169
23.714
23.524
24.281
23.590
23.223
23.173
22.697
22.798
23.170
20.343
20.558
21.486
18.950
20.407
22.454
22.366
22.024
22.452
22.142
23.074
23.305
22.655
22.990
23.338
21.490
18.568
19.262
23.266
23.448
23.154
23.109
22.112
20.672
22.841
20.444
19.898
19.900
18.040
17.856
18.850
20.246
19.276
19.079
19.573
21.569
20.095
19.585
19.592
20.559
19.115
18.605
16.525
20.360
23.171
22.697
22.421
22.742
22.701
23.179
22.937
23.062
22.993
22.513
22.855
22.101
18.978
21.347
22.512
23.019
22.484
22.535
23.114
22.067
21.984
22.540
22.750
23.618
23.159
23.544
22.059
22.605
22.607
22.983
22.909
23.233
23.255
23.316
23.154
23.341
22.906
22.704
22.876
23.591
22.089
20.714
22.954
23.123
22.723
21.425
22.633
22.657
22.289
22.763
22.611
23.116
22.817
22.872
22.708
22.783
22.758
23.180
23.274
22.932
22.705
23.200
23.201
22.723
22.997
23.091
22.540
22.459
23.384
22.125
22.189
21.813
22.332
21.946
21.759
22.727
23.053
22.998
22.306
22.598
22.561
21.414
22.707
22.985
22.846
22.805
22.826
21.340
23.172
23.033
20.345
23.002
23.025
23.093
23.112
22.701
23.402
22.878
22.410
22.758
22.996
23.287
22.850
22.652
22.581
22.685
22.670
23.135
22.913
23.070
23.125
22.931
22.878
22.644
22.655
21.350
21.981
22.812
22.897
23.185
22.961
22.901
22.693
22.780
22.659
22.950
22.328
22.369
22.791
22.605
22.948
22.574
22.860
22.727
22.682
22.678
20.155
22.698
22.702
22.741
22.663
22.679
22.713
22.595
22.651
22.910
22.761
22.872
22.735
19.948
20.487
20.750
22.999
22.714
22.639
23.106
23.037
23.004
23.029
22.829
21.852
22.867
21.244
22.799
23.101
21.261
22.702
21.194
21.185
20.684
21.003
21.175
22.364
21.673
21.668
21.477
21.696
19.906
22.658
22.868
21.761
23.046
23.035
22.946
22.830
23.351
23.230
23.239
21.881
21.498
23.055
21.608
22.934
22.259
21.639
21.802
21.858
21.988
21.939
22.237
21.950
22.137
22.920
22.878
22.687
22.758
22.666
22.493
22.764
22.520
21.078
20.836
20.739
20.978
22.786
23.000
22.801
23.195
23.601
23.115
22.809
23.224
23.175
22.732
22.676
22.915
22.804
22.793
22.918
22.991
22.812
23.231
22.723
22.224
22.886
22.529
22.773
22.622
22.446
22.579
22.296
22.319
22.578
23.481
22.752
22.720
22.976
20.968
22.892
22.954
23.194
23.396
23.279
22.913
22.891
22.975
22.772
22.847
23.108
22.451
23.302
22.694
21.932
22.928
22.796
22.611
22.731
22.522
22.371
22.909
22.913
22.663
22.881
22.755
21.871
22.937
22.882
22.959
22.496
22.723
22.526
22.316
22.566
22.647
22.898
22.626
22.920
22.688
22.472
22.741
22.942
23.032
22.832
23.221
23.224
21.551
22.013
22.373
22.574
22.117
20.098
22.539
20.741
22.548
22.741
22.143
22.605
22.705
23.110
22.127
21.942
22.112
21.225
20.820
22.659
22.433
21.854
22.783
22.615
21.793
22.773
22.634
23.042
22.081
22.914
22.483
22.678
22.498
22.797
22.709
23.228
22.802
22.801
23.172
22.878
23.045
22.805
23.335
22.960
23.038
23.039
21.477
19.826
23.036
22.584
22.575
21.819
22.314
22.181
22.208
22.100
22.406
22.251
19.757
22.171
22.027
21.734
21.494
20.905
21.943
22.664
23.116
22.655
22.859
20.869
22.531
22.754
22.499
22.031
22.687
23.267
22.943
22.766
22.575
22.805
23.090
23.384
22.791
22.700
22.898
22.942
22.759
22.744
22.917
23.045
23.147
22.720
23.737
22.692
22.758
23.102
22.686
22.404
22.676
22.753
22.797
22.761
22.420
22.607
23.142
22.783
22.871
22.441
22.901
22.749
22.861
22.793
22.614
22.388
22.690
22.622
22.952
22.981
22.900
22.791
22.688
22.853
22.795
22.753
23.071
22.639
23.072
22.823
22.593
22.854
22.673
23.003
22.869
22.804
23.143
23.201
23.110
23.116
22.715
22.840
22.872
22.675
22.915
23.069
23.104
22.837
22.808
22.883
22.051
22.734
22.250
22.807
22.577
23.305
22.897
22.372
23.104
22.775
23.254
22.678
23.074
23.170
22.878
22.758
22.926
23.256
23.430
23.035
22.834
23.083
22.582
22.968
23.194
23.341
22.803
22.856
23.465
22.754
23.124
22.686
23.171
22.818
22.831
23.075
23.072
22.999
22.800
22.724
22.742
23.110
22.731
22.923
22.905
22.402
22.643
22.105
23.147
22.676
22.735
22.799
23.217
21.962
22.087
22.142
22.855
22.612
22.843
23.101
22.587
22.854
22.752
23.025
22.992
22.960
22.612
23.180
22.682
22.640
23.214
22.865
22.952
22.858
22.865
23.074
22.562
22.956
22.734
22.858
22.677
22.697
22.420
22.903
22.739
23.439
22.957
22.977
22.198
22.952
22.765
23.014
22.593
22.611
22.991
22.775
22.863
22.887
23.180
22.971
22.713
23.057
23.430
23.040
22.557
22.708
22.885
23.013
22.798
23.021
23.245
23.144
23.195
23.274
23.088
22.844
22.812
23.023
22.768
23.177
23.352
23.404
23.013
22.810
22.936
22.523
21.455
22.043
22.599
22.062
22.079
22.659
22.826
23.214
22.975
22.531
22.808
22.205
22.848
23.007
22.647
23.240
22.985
22.646
22.701
23.422
22.784
22.897
23.141
22.266
23.096
22.659
22.676
23.023
23.293
23.398
23.599
23.608
23.401
22.806
22.863
23.447
22.786
21.717
23.960
24.109
23.934
24.172
23.748
24.407
24.085
24.031
24.005
23.930
24.213
24.502
24.739
23.887
24.499
23.965
23.845
23.112
23.441
22.206
22.931
22.376
24.283
22.469
22.148
23.185
23.860
23.941
23.525
23.934
22.364
23.359
20.472
23.576
23.569
23.976
23.198
23.998
24.161
23.823
23.599
23.645
23.558
23.551
23.667
23.344
23.756
23.688
24.071
23.606
23.324
23.943
23.389
23.515
23.491
23.452
22.013
23.667
23.672
23.265
23.936
24.232
23.679
24.023
23.793
22.800
22.464
23.680
23.809
23.718
23.603
23.979
23.427
22.374
21.617
21.676
22.094
22.077
22.961
24.022
23.964
24.004
24.094
23.295
22.686
21.621
22.582
23.472
22.767
21.291
21.482
21.362
21.732
22.704
22.114
22.103
21.015
22.906
21.400
21.690
24.030
21.810
20.784
21.645
19.314
21.653
21.846
21.638
22.750
22.266
23.921
22.340
23.236
23.924
23.791
23.943
24.233
24.269
24.521
24.159
21.724
21.930
21.757
22.193
22.941
23.740
23.753
22.011
22.166
21.758
22.464
23.573
21.648
22.384
22.598
23.408
21.759
23.866
23.909
24.211
23.897
24.054
24.227
23.917
23.926
23.595
24.104
23.273
23.688
23.649
23.927
23.882
22.613
22.470
22.485
22.855
23.723
24.345
23.814
23.906
23.765
23.779
23.701
23.453
23.906
23.771
23.894
23.838
23.697
23.873
24.691
23.685
24.100
22.694
23.395
23.792
23.620
23.764
23.880
23.745
23.617
23.018
24.075
23.597
24.045
23.953
23.766
23.483
23.703
23.192
23.652
24.049
24.108
24.269
23.831
23.763
24.264
23.757
23.708
24.255
24.016
23.792
23.768
23.477
24.139
24.245
23.674
23.942
23.836
23.867
23.517
22.745
23.712
23.190
23.565
23.659
24.091
21.339
22.289
22.954
22.031
22.410
24.385
23.773
23.803
24.034
22.585
23.436
22.539
22.198
21.837
23.259
21.585
22.661
23.589
23.641
22.401
23.830
23.682
23.700
23.625
24.101
23.567
23.340
23.562
23.946
23.888
23.635
22.589
24.274
22.297
23.734
23.760
23.991
24.101
23.933
24.223
23.733
23.934
23.992
23.769
23.606
23.774
23.935
24.148
23.795
23.769
23.679
23.810
23.643
23.614
23.580
23.837
23.703
23.764
24.205
23.917
24.087
23.684
23.483
23.817
23.782
24.219
23.763
24.167
24.281
24.313
24.105
23.971
23.779
24.224
24.094
22.810
24.083
23.280
24.015
23.844
23.967
23.945
23.545
24.165
24.362
24.208
24.391
24.385
23.730
23.930
24.153
24.315
24.221
24.497
24.201
24.409
23.966
23.944
24.056
24.169
24.119
23.942
23.888
23.427
23.963
23.869
23.181
23.829
23.977
22.693
23.826
23.383
23.219
23.056
23.320
22.013
21.382
23.065
23.525
23.960
23.419
23.229
23.634
24.119
23.557
23.144
23.693
23.736
23.600
23.919
23.258
23.430
24.282
23.229
23.560
22.438
22.146
24.117
22.909
23.793
23.170
23.403
23.322
23.464
23.774
23.614
22.975
23.305
23.393
23.520
23.253
23.515
23.959
23.351
23.557
23.974
22.137
23.427
23.871
23.098
23.599
23.142
23.318
23.678
23.724
23.516
23.071
23.603
23.067
23.854
23.493
23.082
22.949
23.137
22.876
23.130
21.519
23.409
22.668
23.574
23.733
23.569
20.105
20.099
19.815
21.176
21.987
23.063
22.158
23.980
23.536
23.332
23.303
23.600
23.288
23.782
23.124
20.744
22.380
23.320
23.146
22.113
23.068
23.088
23.163
23.067
23.177
23.489
23.625
23.490
24.317
23.197
23.601
23.407
22.476
21.549
22.897
23.331
24.023
23.059
23.443
23.219
21.971
22.717
22.530
22.145
22.996
23.367
23.158
22.206
23.367
22.720
22.292
23.223
23.689
23.324
19.460
19.441
18.909
17.878
21.253
19.466
20.081
19.852
19.724
18.940
19.069
19.528
18.572
19.778
19.196
19.719
19.614
19.342
19.994
20.965
20.008
19.888
13.721
18.224
19.363
18.483
20.968
19.289
19.675
20.723
18.523
16.644
16.980
19.265
17.485
18.194
19.139
18.257
18.781
18.479
18.897
17.555
19.433
18.520
18.182
18.472
17.547
18.595
18.307
19.052
19.078
19.674
19.910
20.083
21.011
20.661
19.165
19.157
19.040
18.938
18.677
19.519
20.321
18.876
17.505
18.642
19.544
19.909
20.228
20.407
18.640
19.028
20.065
19.093
20.191
18.939
18.746
18.841
19.535
18.384
20.554
17.880
17.858
18.077
19.224
18.536
19.899
18.120
20.635
19.152
19.622
23.121
22.374
23.054
23.103
23.307
23.104
20.407
18.935
18.434
19.602
18.932
19.109
18.829
20.190
18.732
19.896
19.838
19.035
19.043
18.507
18.224
18.694
17.217
18.888
19.364
16.400
19.872
20.551
19.813
19.625
19.827
19.094
19.309
23.804
23.191
23.852
23.469
21.254
22.676
22.709
23.182
23.998
23.727
23.038
23.205
23.826
22.928
23.723
23.613
22.701
19.819
23.416
22.790
23.891
22.934
19.801
21.386
22.264
22.339
22.219
21.246
21.720
22.044
22.002
22.008
22.060
22.453
22.714
22.586
21.979
22.223
22.307
21.960
20.925
22.324
22.260
23.119
22.154
22.249
21.616
19.411
22.163
22.007
21.064
20.852
22.431
22.730
21.819
23.617
23.820
23.819
23.059
23.750
23.682
21.813
24.215
24.269
23.325
23.943
23.961
23.900
23.538
23.553
23.762
23.595
23.712
23.231
23.805
21.859
23.760
23.636
21.672
21.857
20.923
21.866
22.071
21.543
19.356
22.988
22.454
24.094
23.700
24.033
20.983
23.226
24.662
24.312
23.743
23.940
23.928
23.997
23.736
24.346
24.178
24.079
23.695
24.092
23.925
23.121
23.561
22.059
23.910
23.709
23.752
23.659
23.821
23.864
23.651
23.961
23.710
23.508
21.412
20.634
23.443
23.532
23.699
21.599
24.125
24.238
22.893
23.031
20.558
23.867
23.077
20.411
18.534
20.968
23.597
22.794
18.709
18.701
17.571
17.119
17.576
17.243
17.117
18.379
18.357
18.106
18.695
18.357
18.585
19.868
20.055
19.676
19.861
22.732
21.457
21.922
21.740
21.852
21.261
21.791
22.316
22.825
22.809
21.628
22.488
22.810
21.939
23.253
23.016
22.859
22.989
22.979
21.024
23.118
22.104
21.859
19.866
20.974
19.938
21.718
21.130
23.011
21.456
22.243
23.284
21.171
21.175
21.368
22.572
20.177
20.538
20.737
16.333
18.082
18.926
17.101
20.970
20.045
21.341
20.689
21.001
21.074
21.040
20.489
20.790
20.734
22.170
20.969
22.365
21.924
21.796
19.361
18.883
17.411
17.854
21.472
22.374
21.813
21.050
21.493
23.115
22.758
21.611
21.005
18.439
20.160
21.711
22.623
22.782
22.799
20.777
22.866
22.458
22.777
22.428
22.387
22.528
23.074
22.589
22.181
22.616
22.846
22.666
22.419
22.714
23.072
22.227
22.780
23.231
22.811
22.527
22.493
22.648
22.814
20.671
19.444
20.283
21.991
22.675
22.466
23.340
22.861
22.863
22.528
22.788
22.724
22.758
22.588
22.386
22.682
22.648
22.521
22.557
22.941
22.520
22.521
23.040
22.646
23.067
21.453
22.607
22.565
22.444
22.750
22.691
22.686
22.501
22.591
22.570
20.906
22.701
22.705
22.640
22.736
22.765
22.760
22.773
22.878
22.680
22.788
22.597
22.852
22.617
22.998
22.701
22.711
22.786
22.634
22.837
22.058
22.964
23.011
22.490
22.648
22.598
22.478
22.587
22.480
22.946
21.840
21.497
21.686
21.054
21.486
21.619
20.760
21.075
21.293
20.891
20.655
21.078
19.455
20.675
20.664
20.877
20.726
17.116
17.411
16.938
15.477
16.655
15.648
15.818
17.051
20.689
22.476
22.676
22.878
22.577
22.610
22.672
22.688
22.589
22.774
22.811
22.727
22.630
22.604
22.644
22.440
22.855
22.901
23.113
22.969
22.711
22.546
22.559
22.664
22.909
22.876
22.813
22.616
22.869
22.525
22.895
22.945
22.122
21.435
22.857
23.620
22.991
22.841
22.919
22.793
22.669
22.806
22.417
22.848
22.285
19.219
19.849
19.707
17.538
17.713
22.993
22.967
23.255
23.317
22.701
23.188
24.092
23.497
22.811
23.497
23.146
22.688
23.195
22.920
22.852
22.823
22.767
22.787
22.878
22.774
21.874
22.688
22.796
23.033
22.594
22.568
22.570
22.472
23.083
22.646
22.702
22.621
22.685
23.043
23.231
22.685
23.249
22.880
23.014
22.872
22.739
22.852
22.975
22.757
22.680
23.089
22.844
22.586
23.109
20.570
20.159
20.902
21.315
22.474
22.529
22.473
22.482
22.738
22.836
22.569
22.543
22.375
22.608
22.393
22.760
22.544
22.540
22.789
22.647
22.781
22.628
22.773
22.685
22.642
22.543
22.697
22.724
22.794
22.858
22.630
22.585
22.484
22.606
22.553
22.694
22.596
22.606
22.547
22.361
22.775
22.312
22.476
22.383
22.599
22.702
22.224
22.896
22.663
22.643
22.375
20.900
22.519
22.473
22.379
22.544
22.528
22.462
22.838
22.718
22.716
22.005
20.881
22.649
22.460
22.539
22.750
22.438
22.439
22.405
22.426
22.614
22.594
19.570
22.680
22.914
22.108
21.494
22.225
22.286
20.213
22.374
22.067
22.585
22.557
21.188
21.853
22.232
22.089
21.851
21.951
21.999
21.242
21.772
21.846
21.832
20.874
21.822
21.322
18.268
19.065
21.690
21.740
21.322
22.023
20.423
18.242
21.121
20.488
21.334
20.915
20.748
19.360
21.863
20.955
21.941
20.966
20.349
19.622
20.662
17.909
19.277
17.612
19.218
20.599
21.173
20.426
20.306
20.782
20.736
19.334
21.181
20.236
21.403
20.252
21.668
21.431
21.497
20.816
20.759
20.954
18.498
17.069
18.620
14.575
14.630
15.056
14.014
16.344
15.376
14.223
15.428
14.759
14.408
15.440
14.215
14.563
15.109
15.419
15.095
15.635
16.995
17.193
17.961
18.466
19.066
19.783
19.666
19.603
19.655
20.331
20.459
21.137
19.088
19.892
20.699
20.748
20.425
19.832
18.319
16.639
18.882
19.226
18.673
16.460
15.155
16.854
18.216
17.193
17.477
14.313
13.427
16.172
18.634
18.339
17.492
18.215
17.404
17.884
17.377
15.908
14.394
16.364
16.683
16.259
15.991
14.675
18.287
16.868
16.511
15.823
15.367
16.935
15.079
14.873
17.781
18.218
17.377
18.869
16.859
16.731
17.816
17.235
16.019
17.612
18.198
17.391
18.968
18.883
12.911
14.399
17.950
17.263
16.292
17.973
18.378
18.190
17.418
16.021
17.537
17.323
17.824
17.881
17.672
18.056
17.776
17.981
17.241
17.683
17.257
16.713
18.123
17.611
17.695
17.561
17.648
17.558
18.019
18.107
17.902
17.993
18.239
18.198
17.740
18.027
18.137
18.240
18.348
17.779
14.508
17.092
17.717
16.588
16.665
16.088
17.352
18.170
18.165
18.129
17.494
17.989
18.029
17.238
17.271
17.915
18.114
18.394
17.456
18.165
17.840
17.294
18.031
17.187
18.037
18.032
15.465
16.415
16.964
18.101
17.917
17.926
17.756
18.099
17.624
16.521
17.147
17.382
18.414
18.455
18.228
17.976
22.132
21.879
21.885
21.652
20.451
18.390
19.056
18.404
19.448
21.069
22.224
21.754
21.752
21.255
17.616
18.855
17.551
18.749
18.199
17.519
17.868
20.775
20.847
22.576
21.952
23.116
23.202
23.376
22.700
22.821
21.830
22.121
22.353
22.527
18.379
19.322
17.386
17.654
21.080
21.684
17.703
22.626
21.076
21.938
22.150
22.182
21.893
22.183
21.505
21.731
21.990
21.780
21.537
21.579
21.674
21.988
22.124
22.128
20.574
21.960
22.030
21.422
22.152
21.674
21.805
21.548
21.950
21.942
22.445
20.702
21.615
22.409
22.390
21.814
22.779
21.899
22.277
22.210
22.018
23.655
22.518
22.622
22.355
22.682
19.790
22.208
21.700
21.528
22.094
21.820
22.823
23.087
22.999
22.975
22.967
23.055
23.041
23.276
22.686
22.842
22.648
22.887
22.552
22.802
21.633
22.242
22.231
21.781
21.291
21.656
21.925
21.598
21.946
20.700
19.537
21.687
22.691
22.711
22.802
22.757
20.569
22.813
22.750
22.655
23.137
22.351
22.572
23.028
24.016
22.271
21.522
22.770
23.156
22.916
22.913
22.052
21.620
20.051
20.263
21.663
21.726
21.893
21.986
21.667
21.705
21.495
20.743
21.426
20.567
21.306
20.099
20.866
21.856
21.808
21.994
21.773
21.702
21.867
22.150
22.414
21.732
21.818
19.602
21.865
22.333
19.216
21.515
21.729
22.660
19.948
22.065
22.325
21.736
21.304
20.775
22.208
22.732
22.520
22.518
21.346
22.346
21.425
22.053
22.724
21.869
21.939
21.603
21.485
21.964
21.197
22.113
21.085
21.854
21.103
22.377
21.792
21.913
21.687
21.753
21.551
17.751
23.029
19.470
19.185
17.240
18.061
18.478
17.410
18.710
20.467
21.614
19.846
20.372
21.877
20.214
22.091
21.908
22.015
20.933
21.953
21.169
21.876
21.166
21.245
20.401
20.791
20.978
15.699
17.721
17.522
19.231
17.689
20.176
15.876
19.262
19.738
18.817
19.446
17.746
17.436
17.598
17.465
17.516
17.263
17.132
15.833
17.003
16.871
17.627
15.548
15.405
16.296
16.041
17.034
15.606
16.439
16.089
16.074
15.205
18.712
18.841
17.604
19.101
18.433
15.844
18.969
19.099
18.351
17.282
19.882
19.996
19.041
19.329
19.138
19.439
17.588
17.137
19.576
19.757
17.582
18.958
18.776
19.407
18.946
17.716
17.578
19.358
19.918
19.175
17.357
18.195
18.719
18.457
17.545
18.294
18.783
18.882
18.710
15.762
13.780
15.182
18.864
18.319
17.914
18.187
17.743
18.365
17.162
18.622
18.893
17.148
15.919
18.289
15.784
18.280
19.606
18.936
18.808
18.313
17.486
18.158
18.219
18.054
16.973
18.383
17.535
18.519
17.879
17.240
14.972
15.966
15.548
16.286
14.566
14.898
13.812
15.553
17.092
12.362
18.746
16.170
12.965
17.527
16.820
16.789
16.428
17.763
14.610
15.713
14.848
14.914
14.089
14.275
13.416
13.560
14.439
13.658
15.430
16.996
16.955
17.406
16.231
13.897
14.388
14.683
14.660
15.921
16.919
16.637
17.244
17.160
16.941
16.715
16.852
17.210
16.486
16.944
16.245
12.680
13.741
12.778
12.689
12.482
12.970
12.814
12.843
12.028
12.740
12.007
12.006
11.706
12.731
11.964
12.685
12.075
12.691
12.914
12.866
13.118
12.773
12.355
13.118
12.703
12.891
12.402
12.455
13.214
13.437
13.348
13.308
12.582
12.502
12.506
12.188
12.590
12.447
12.751
12.233
12.742
12.986
12.129
13.050
12.884
12.221
11.843
12.939
12.954
13.335
13.444
13.849
12.868
12.646
14.010
12.478
12.150
13.121
12.536
12.338
11.932
11.923
12.517
12.155
12.378
12.075
11.094
12.008
12.594
12.282
11.613
12.457
12.539
12.237
12.445
12.179
12.608
12.464
11.877
12.155
12.394
13.027
12.167
12.782
12.664
12.142
11.883
11.992
12.267
12.296
11.808
11.891
12.115
11.603
11.876
11.915
12.773
10.860
12.150
12.444
12.022
12.112
12.204
12.614
12.486
11.836
12.159
12.621
12.069
12.659
12.096
11.990
12.265
12.263
12.256
11.949
10.993
12.012
11.719
11.523
12.109
11.874
11.699
12.119
11.992
11.565
12.327
11.843
12.050
12.175
11.902
11.841
11.684
11.855
11.169
11.566
11.682
11.646
11.704
12.156
12.042
11.994
12.408
11.348
11.636
11.996
10.084
11.941
12.096
12.030
12.563
12.213
13.036
13.323
13.187
12.952
12.172
10.562
11.750
11.149
11.323
12.039
12.386
12.221
12.008
12.800
12.910
11.698
12.421
12.641
13.231
12.161
13.075
12.971
13.227
12.836
12.788
12.829
12.664
13.002
12.657
12.347
13.244
13.443
13.705
12.952
13.135
13.028
13.082
11.388
11.638
13.009
12.018
11.421
11.887
9.129
8.382
12.598
9.590
10.303
10.795
12.639
12.827
13.066
12.623
13.233
12.892
12.702
12.886
12.806
12.909
12.578
12.838
12.183
12.365
12.779
13.145
13.672
12.519
13.180
13.201
12.878
12.899
12.372
11.814
9.306
11.694
13.446
12.605
12.522
12.523
12.657
12.726
11.951
12.244
12.691
12.762
12.077
13.000
10.313
12.559
11.745
10.107
12.938
11.202
12.756
12.978
12.073
11.887
12.271
12.393
10.769
12.603
12.116
12.417
12.924
12.171
12.011
11.683
11.814
10.077
11.765
12.428
12.286
12.512
12.480
11.767
12.338
12.515
12.241
10.949
11.466
12.291
12.034
11.859
10.389
12.272
12.035
12.373
12.044
12.088
12.261
12.083
12.199
11.909
12.140
11.438
11.977
10.928
11.720
10.721
10.923
10.597
12.589
8.774
7.951
10.242
12.448
12.714
12.026
12.896
10.410
11.834
11.059
10.984
11.054
11.532
8.997
12.030
12.468
11.548
12.041
12.812
12.395
12.352
12.394
12.388
12.414
12.610
12.349
12.370
12.308
12.228
12.411
12.276
11.426
12.689
12.096
12.008
12.086
12.279
12.192
10.949
13.527
13.533
13.685
11.259
12.102
12.360
12.313
12.338
12.512
11.918
12.249
9.526
12.223
12.352
12.445
12.153
11.798
11.939
12.240
12.384
11.993
11.743
11.945
11.946
12.024
11.328
12.110
12.486
12.364
12.507
11.909
12.510
12.369
12.323
12.074
11.811
12.374
12.208
12.110
12.227
11.976
11.978
11.441
11.908
12.192
12.281
12.259
12.308
12.117
12.205
11.798
11.689
11.981
12.173
11.945
12.195
12.353
12.251
12.040
12.630
11.779
12.336
11.916
12.151
12.731
12.147
12.724
11.927
12.321
11.949
11.599
12.088
11.982
12.323
12.093
11.954
12.237
11.569
9.774
12.192
12.204
11.081
12.025
11.725
10.868
12.161
12.177
12.082
11.938
11.819
12.743
12.893
12.879
12.441
11.397
13.850
13.188
13.221
13.329
13.405
12.922
12.854
12.691
12.852
12.722
12.897
12.674
13.114
12.830
13.463
13.204
13.143
13.490
10.261
10.004
10.201
9.699
11.024
10.790
9.795
9.095
12.034
11.987
11.962
9.361
11.776
11.637
11.397
11.663
11.388
10.049
11.402
11.793
11.426
11.663
11.840
12.075
11.499
12.763
12.342
11.889
11.856
12.616
10.147
10.428
9.745
11.875
12.750
12.204
12.118
11.873
11.856
12.609
11.890
13.075
12.805
12.149
12.317
10.767
12.254
12.228
12.086
11.761
11.977
12.036
11.920
11.678
12.009
11.880
11.875
11.934
11.824
11.990
12.375
11.522
12.118
12.074
11.988
11.767
11.911
11.929
12.547
11.998
10.957
12.064
11.405
12.242
11.123
12.047
12.056
12.135
12.089
12.135
11.909
11.965
11.895
12.240
12.510
12.189
11.073
10.561
12.219
12.751
12.058
11.731
11.794
12.103
11.670
11.740
11.788
11.690
12.480
11.713
11.718
11.840
12.211
11.793
11.746
11.848
12.229
12.686
12.993
12.015
12.913
12.593
12.846
12.559
12.905
12.756
12.726
13.066
12.271
12.469
12.155
12.274
10.765
10.874
12.601
12.592
12.798
12.514
12.196
12.239
12.889
11.849
12.071
12.069
12.011
12.062
10.792
12.402
12.359
12.865
12.619
12.297
12.441
12.111
11.841
12.428
12.096
12.637
13.110
12.873
12.067
12.345
12.382
12.986
11.983
12.485
12.285
12.464
12.142
12.470
12.546
12.920
11.943
11.971
12.231
12.352
12.966
12.955
12.359
11.886
12.241
13.560
13.312
12.423
12.222
12.029
12.181
12.174
12.072
12.010
11.933
12.205
12.406
12.113
10.635
11.828
10.210
9.784
11.716
12.171
11.513
13.097
11.572
11.742
11.863
11.848
11.982
12.136
11.759
11.810
11.876
11.815
11.907
12.551
12.174
12.684
13.193
12.499
12.186
13.223
11.832
12.276
10.920
10.877
11.749
12.044
12.052
12.376
9.961
12.277
12.247
12.803
10.305
11.768
11.788
12.448
12.448
12.295
12.514
12.623
11.975
12.014
12.609
11.943
11.553
12.283
11.900
12.206
12.055
11.704
12.114
12.584
11.861
11.915
11.679
11.661
11.469
11.726
11.534
11.344
11.621
11.658
11.894
11.656
11.758
11.537
11.676
11.564
11.709
11.624
11.797
12.050
11.967
11.683
11.796
11.855
11.882
12.038
11.990
11.058
11.872
9.194
9.477
9.758
9.733
9.642
9.871
10.224
11.253
9.993
10.236
12.988
12.391
9.968
11.940
12.112
12.464
12.547
12.199
12.080
12.454
13.042
12.184
13.177
13.293
12.375
13.062
10.844
12.854
13.254
11.753
11.724
13.082
12.872
13.044
11.976
11.963
12.038
12.034
12.382
12.070
12.355
12.392
11.757
12.066
12.225
11.832
11.083
12.047
11.994
11.978
11.826
11.956
11.131
10.356
10.286
10.805
10.525
11.998
12.707
12.035
11.921
12.693
12.024
10.696
9.513
12.485
12.416
12.324
12.708
12.771
12.564
12.930
13.332
12.343
12.845
10.911
11.324
11.086
12.549
12.231
9.615
12.492
9.828
12.331
11.857
11.920
12.042
11.587
11.566
12.062
12.193
11.160
12.077
12.098
11.581
11.185
10.521
11.450
12.106
11.806
11.720
12.220
12.392
11.951
12.133
12.230
10.011
10.674
10.519
10.427
11.590
10.499
11.186
12.747
10.638
12.184
10.197
12.233
12.252
13.016
15.776
14.311
10.039
15.516
16.258
13.379
15.315
15.007
15.369
14.951
15.468
14.710
16.025
17.125
15.833
17.427
17.489
17.264
13.585
16.566
16.851
12.903
14.520
15.190
16.538
16.725
16.132
15.689
16.421
17.037
16.189
16.173
12.975
16.637
15.680
15.524
15.705
16.124
17.101
17.771
17.185
17.537
16.749
17.760
16.765
17.693
15.761
17.225
16.119
14.191
16.371
16.693
16.859
16.084
16.215
17.496
16.194
16.450
16.595
16.332
16.264
17.231
16.862
16.097
14.664
14.022
14.030
15.398
16.251
16.403
16.513
16.313
15.998
16.225
15.385
14.494
14.084
16.478
15.781
16.080
16.398
15.635
15.252
14.352
15.985
16.043
16.123
15.503
16.312
16.669
16.400
16.438
15.698
15.175
15.301
13.513
14.999
16.901
16.611
16.273
16.192
16.124
16.397
14.040
17.041
17.096
15.902
15.476
15.942
15.476
15.643
15.810
11.931
15.154
15.785
15.197
15.364
14.827
16.003
16.480
16.917
15.687
10.768
8.579
8.520
9.001
11.710
13.225
11.644
11.476
9.900
9.793
10.530
11.397
11.344
10.388
10.557
10.468
11.480
14.217
13.649
11.801
11.032
11.725
11.496
13.126
11.091
12.575
9.451
12.199
13.107
12.626
12.102
12.336
11.825
11.079
14.171
13.318
12.229
14.313
11.134
13.429
14.169
14.023
13.649
13.834
16.655
15.670
12.004
14.688
16.498
13.884
15.544
15.828
15.841
14.679
12.619
11.874
13.351
12.872
13.096
12.042
12.347
12.766
11.676
10.862
12.586
11.802
14.031
13.800
13.238
13.561
14.883
16.244
15.598
14.722
13.878
14.894
14.404
14.033
12.410
12.918
14.098
13.988
13.903
14.284
14.100
13.627
14.328
14.334
14.224
14.275
13.454
14.051
13.569
14.136
13.928
11.846
14.160
13.908
13.661
14.197
14.451
14.123
11.653
11.623
14.093
13.964
13.785
14.472
13.040
13.923
12.769
14.028
13.708
12.504
12.108
14.452
13.614
13.973
13.921
14.049
14.457
13.140
14.092
12.387
12.691
14.338
14.544
14.696
14.185
14.137
13.693
14.396
14.101
13.796
13.912
13.818
13.935
14.383
13.956
14.431
14.416
13.894
14.596
14.469
14.782
13.732
13.882
12.863
12.102
14.196
13.876
14.480
13.646
13.973
13.992
14.303
13.644
13.911
13.913
14.411
14.920
14.504
13.910
13.827
13.853
14.169
14.173
13.981
14.239
13.751
14.339
13.830
13.886
13.560
11.694
12.403
13.551
13.805
14.156
13.921
13.385
13.488
13.842
12.746
14.061
13.673
13.434
11.622
12.433
11.277
9.552
12.335
12.804
11.156
13.255
11.804
10.958
13.167
11.476
10.584
11.388
10.522
11.597
13.534
12.913
12.852
12.912
12.915
13.646
12.379
13.277
12.520
12.611
11.954
11.394
12.339
10.665
10.787
12.492
11.816
13.728
11.155
11.836
12.203
13.441
14.373
14.023
14.687
14.899
14.130
13.093
14.054
13.765
13.181
11.948
10.888
11.497
11.642
14.075
14.111
10.548
13.519
13.293
10.082
9.928
9.464
8.830
7.327
8.745
9.653
9.485
10.069
9.648
9.147
9.169
7.330
7.899
9.842
9.374
9.570
9.284
10.070
11.630
11.814
11.928
13.786
14.055
12.260
13.417
12.048
12.467
11.941
12.599
12.050
12.029
12.288
12.234
11.819
12.151
11.191
12.097
12.242
12.262
12.109
12.256
12.196
11.955
12.695
12.209
12.566
12.252
13.216
12.906
12.015
11.934
12.677
11.738
11.855
11.761
12.663
12.395
11.808
14.041
12.849
13.666
12.676
12.691
12.279
13.735
13.295
13.813
14.342
13.664
13.481
13.977
13.701
13.281
13.939
14.005
14.223
12.865
12.711
13.337
13.548
11.788
13.593
13.734
12.718
10.892
11.707
11.793
10.868
13.402
12.659
12.104
12.119
12.080
11.879
12.744
12.609
11.956
12.400
12.028
12.185
11.888
11.948
12.152
12.249
12.104
11.978
12.153
11.788
12.179
11.834
12.472
11.631
11.885
11.989
11.672
11.625
11.736
11.931
11.824
11.765
11.587
11.511
11.702
11.819
11.595
11.444
11.286
11.850
11.938
11.783
11.925
11.804
12.168
11.725
12.063
11.882
12.197
12.371
12.610
12.604
12.813
12.055
11.953
11.868
11.551
12.069
11.808
12.052
11.699
11.653
11.946
12.073
12.191
12.287
12.118
11.970
12.376
11.592
11.874
11.876
12.205
12.071
12.241
12.340
11.252
11.776
11.650
11.628
11.795
11.742
12.218
11.779
11.740
11.878
11.864
11.662
11.510
12.050
11.922
10.929
11.669
11.892
11.852
11.942
11.745
11.737
11.617
11.985
10.860
11.871
11.742
11.767
10.426
12.052
12.186
10.164
12.798
11.851
10.624
11.906
11.896
11.867
10.386
11.252
9.725
9.471
9.866
10.606
9.691
9.330
9.152
9.577
10.576
10.196
10.506
9.659
11.017
9.122
10.889
10.351
11.822
9.054
8.976
7.846
8.567
8.562
8.530
8.250
8.909
9.651
12.300
11.830
11.977
12.003
12.012
12.282
11.739
12.171
11.895
12.057
10.038
11.718
12.331
10.506
9.084
10.409
11.802
12.318
11.924
11.487
11.897
12.448
12.058
12.208
12.013
11.133
12.036
11.577
11.896
12.108
12.021
11.887
11.867
11.835
11.793
12.266
11.939
11.713
11.773
11.847
9.845
12.401
11.858
11.978
11.824
11.337
11.934
11.711
11.800
11.988
11.261
8.721
9.333
9.787
8.484
9.143
8.367
9.270
8.337
9.305
8.190
9.941
9.582
8.921
9.699
11.458
12.153
11.943
11.754
11.675
12.299
11.499
11.787
11.931
11.849
11.931
12.064
11.733
11.374
12.009
11.639
12.213
11.915
12.010
12.113
11.999
11.994
11.778
11.532
11.424
11.125
11.573
11.648
11.922
11.614
11.670
11.878
8.934
10.208
10.632
8.923
9.889
9.735
11.809
11.759
12.286
11.804
12.309
11.846
9.891
8.482
10.706
8.586
11.347
12.201
11.574
11.675
12.161
12.341
11.160
12.424
11.904
12.079
12.385
11.317
12.170
12.335
12.262
11.782
11.639
12.031
10.523
12.343
12.108
11.783
11.939
11.950
12.234
11.550
10.623
8.131
12.307
10.838
11.905
11.806
11.898
11.864
11.856
11.953
11.962
11.775
11.861
9.895
11.077
11.497
12.491
11.895
11.469
11.832
11.483
11.563
11.069
12.094
12.009
12.078
12.122
11.934
12.348
11.837
11.960
11.969
11.787
12.110
12.085
11.354
11.791
11.558
11.036
11.808
12.146
12.613
11.664
12.524
11.863
11.872
11.832
11.825
11.884
11.821
11.660
12.197
10.079
10.708
11.559
10.124
12.186
12.104
12.568
11.671
11.655
10.644
11.249
11.940
12.261
12.669
12.558
12.415
11.933
11.825
12.611
12.789
12.307
11.808
12.519
11.948
12.400
12.293
12.268
12.025
11.942
11.790
12.118
11.967
13.151
12.512
9.881
10.487
10.414
11.882
11.606
12.369
12.236
12.648
11.987
12.486
12.565
12.507
11.964
12.203
12.155
11.746
12.161
12.262
11.773
11.777
12.545
12.117
12.350
12.163
11.792
12.034
12.332
11.802
11.389
12.267
11.542
12.291
11.942
11.692
12.157
12.228
12.287
10.946
11.856
11.922
12.850
11.775
12.087
11.920
11.908
12.006
11.934
11.941
12.144
12.042
12.050
12.072
11.965
12.054
12.334
11.823
12.498
10.421
12.151
12.247
12.223
10.322
12.409
12.074
12.621
12.627
12.230
12.461
12.629
12.030
11.739
10.596
11.730
11.870
11.779
11.684
11.212
11.964
11.992
11.923
12.127
11.855
11.944
11.746
11.590
12.023
11.914
12.085
12.125
12.428
11.387
11.724
11.465
12.571
12.117
12.047
11.831
12.126
12.280
10.105
11.635
12.077
11.611
11.982
11.621
11.715
11.752
11.738
10.970
11.522
11.500
11.664
11.797
11.586
11.594
11.635
11.003
11.645
11.999
12.048
11.761
11.833
11.631
11.327
11.631
10.999
11.635
11.176
11.165
11.400
10.989
11.927
11.289
11.760
11.599
11.358
11.612
11.642
12.064
11.884
11.356
11.763
12.042
11.716
11.627
12.278
11.978
11.256
11.778
11.829
11.781
11.991
11.669
12.008
11.947
10.924
11.762
12.044
12.025
11.091
12.185
12.183
12.469
12.370
12.288
12.737
12.040
12.101
12.279
12.054
12.350
12.232
12.185
12.152
12.259
11.645
11.550
11.642
11.795
11.800
12.462
11.373
11.994
12.204
12.497
12.576
12.453
12.255
12.419
12.582
12.086
11.112
11.691
11.518
12.155
11.684
11.645
11.956
11.774
12.219
11.811
12.345
11.982
11.518
11.458
11.778
12.075
11.618
11.671
12.406
11.441
11.506
11.400
9.057
10.211
10.805
10.114
10.670
11.170
10.728
12.004
11.606
11.309
11.184
11.910
11.888
11.932
11.341
11.708
11.850
11.568
11.616
11.243
9.105
10.221
12.196
10.539
11.914
10.269
10.138
11.440
11.774
11.627
11.259
11.821
11.753
11.465
11.580
11.489
11.812
11.771
12.102
11.847
11.863
11.667
11.700
11.531
11.563
11.321
11.072
11.835
10.672
11.657
10.862
11.727
12.192
11.904
11.402
11.908
10.877
11.868
11.532
11.725
11.730
11.528
11.138
11.306
11.782
10.482
10.298
11.606
9.504
10.738
11.403
11.026
10.449
10.515
10.840
10.551
9.871
10.453
11.077
10.482
10.856
10.716
7.508
5.718
7.496
7.408
7.451
7.740
7.572
7.782
8.152
9.929
8.995
10.824
10.950
11.043
7.765
8.756
8.427
9.604
7.878
8.457
9.749
9.747
10.484
10.596
10.739
9.792
8.869
10.585
10.708
10.557
8.349
10.757
7.637
8.359
8.784
8.663
9.060
7.789
10.497
10.618
10.680
10.847
10.533
10.659
9.464
10.565
10.275
10.226
10.503
10.420
10.565
9.778
10.664
10.566
10.448
10.591
10.604
10.554
10.490
9.557
9.456
9.581
9.664
9.576
9.504
9.347
7.556
9.887
9.430
9.432
8.834
8.667
9.534
9.667
9.233
9.560
9.022
9.410
9.715
9.369
9.950
9.503
9.792
8.889
8.257
7.638
8.446
7.911
7.880
8.058
7.702
9.799
9.859
9.872
9.459
9.814
10.033
9.930
9.581
9.510
9.452
10.654
10.240
10.388
10.372
10.311
10.290
10.566
10.679
10.641
10.600
10.808
10.703
10.736
10.638
9.770
10.530
10.509
10.406
10.073
9.216
10.138
9.597
8.031
10.105
9.413
9.890
9.172
10.292
10.329
10.279
10.698
10.266
10.161
9.911
10.445
10.347
10.202
10.424
9.887
10.050
9.993
10.323
10.765
10.488
10.552
8.019
10.490
10.351
8.855
10.021
10.629
10.918
10.569
10.461
10.512
10.199
10.368
10.275
7.662
9.212
7.971
9.033
8.665
8.765
10.407
10.263
10.595
10.385
10.890
10.574
9.203
9.997
10.633
10.462
10.791
10.612
10.584
10.497
10.268
10.325
10.421
10.589
10.556
10.548
10.617
10.668
10.542
9.245
10.289
10.311
10.559
10.623
10.517
10.719
10.689
10.586
10.490
10.443
10.676
10.483
10.707
10.502
10.736
10.406
10.394
10.615
10.727
10.343
10.856
10.249
8.983
8.221
9.901
10.315
10.547
10.466
10.582
10.349
10.464
10.347
10.075
9.928
9.505
9.808
9.796
9.643
9.459
9.747
9.430
9.463
9.516
10.299
10.444
10.769
10.476
10.754
10.400
10.895
10.503
10.377
10.506
10.544
9.827
10.736
10.432
10.873
11.188
10.410
10.611
10.897
9.763
8.782
8.497
8.739
7.614
9.699
10.588
10.620
10.531
10.559
10.632
9.408
10.477
10.725
10.809
10.943
10.643
10.704
10.250
9.991
9.787
9.903
10.910
10.034
9.648
10.626
9.472
9.333
10.564
10.573
10.821
10.474
10.873
10.726
10.696
10.682
9.844
10.803
10.836
10.848
8.386
9.740
10.736
10.323
10.154
9.377
10.301
9.789
9.544
9.506
9.681
9.618
9.419
9.808
10.061
9.863
9.738
9.600
9.454
10.152
9.462
9.925
9.582
9.444
10.012
10.360
10.406
10.362
10.702
10.693
10.665
10.641
11.146
10.649
10.584
9.521
10.677
11.007
10.801
10.036
9.384
10.685
9.908
9.887
9.887
10.077
10.605
10.887
10.659
9.715
10.295
9.686
9.832
9.546
9.468
9.323
9.708
9.412
9.321
6.714
6.868
6.600
6.640
7.190
7.549
9.691
9.899
9.597
9.693
9.904
10.186
10.171
9.976
10.488
10.019
9.397
9.404
9.581
10.149
9.974
9.820
10.296
10.027
10.754
9.784
10.438
10.131
9.941
9.834
9.084
9.265
8.998
9.510
9.557
9.679
10.337
10.167
10.318
10.482
11.010
10.346
11.056
10.419
10.341
10.862
10.664
10.705
10.753
9.987
11.019
10.484
9.590
10.613
10.362
10.481
10.702
11.077
10.689
10.407
8.372
10.732
8.350
8.674
9.507
9.698
10.132
9.578
9.193
9.652
9.606
8.249
8.477
9.173
9.935
9.540
9.690
10.554
10.510
10.366
10.454
9.130
9.906
9.931
10.182
10.275
9.732
8.765
8.834
9.852
9.861
9.579
11.459
9.406
10.724
11.252
10.102
10.850
10.949
10.678
10.395
11.440
9.533
10.742
10.638
10.144
10.107
10.141
12.260
11.468
11.542
10.045
11.079
9.920
10.364
9.683
9.865
10.326
9.762
10.158
9.902
9.840
11.334
9.897
9.564
8.054
9.915
9.772
9.962
10.377
10.125
9.635
9.514
9.115
9.822
10.274
9.571
9.519
9.909
8.166
9.516
9.783
8.332
7.968
9.353
9.478
8.923
9.541
10.013
9.632
9.724
9.772
9.883
9.499
8.901
8.649
9.683
9.432
10.041
10.034
8.997
10.273
10.100
9.919
10.222
9.943
10.048
9.511
9.001
10.413
10.413
11.124
11.587
11.206
11.176
11.480
11.539
10.911
10.597
10.604
10.281
10.608
10.659
10.411
12.219
11.124
10.219
9.898
11.521
11.503
11.089
11.037
9.649
11.046
11.053
9.961
9.154
11.042
10.690
10.997
11.084
10.871
10.601
10.076
10.331
9.490
10.928
10.950
10.300
10.732
10.305
11.657
11.300
11.046
11.016
11.536
10.194
11.018
11.806
10.828
11.419
10.709
9.846
9.438
8.727
9.053
11.547
9.949
10.618
11.185
10.823
10.293
10.665
10.717
10.785
10.153
9.611
9.964
9.282
9.203
9.404
9.529
9.454
9.672
8.381
9.284
9.442
9.967
8.733
7.631
7.978
8.185
7.826
9.465
9.115
9.607
9.470
9.771
9.509
8.642
8.143
7.526
7.586
6.975
9.696
8.395
8.315
9.565
9.715
9.379
9.543
9.762
10.344
10.068
9.481
9.790
9.462
9.977
9.731
9.750
9.708
9.318
9.396
9.385
7.646
8.183
7.664
8.071
7.853
6.528
6.764
6.754
6.648
9.093
9.708
9.021
9.103
8.148
7.655
4.955
6.638
7.918
8.736
8.664
8.259
8.944
9.002
9.357
9.288
8.174
9.410
9.441
9.566
9.333
9.045
8.864
8.519
8.732
9.389
9.482
8.771
9.214
9.643
8.851
9.404
9.200
9.439
9.360
9.055
9.748
10.462
9.622
9.688
9.485
9.943
9.658
9.736
9.748
9.556
9.434
9.133
9.198
9.427
9.651
9.206
9.472
9.552
9.533
9.574
9.584
9.825
9.433
11.178
9.443
8.871
10.629
9.789
9.766
10.265
9.750
9.708
9.794
10.472
9.833
10.255
10.085
10.373
9.825
9.716
9.535
10.238
10.040
9.986
10.135
8.877
9.908
9.336
9.865
10.541
10.018
9.724
10.367
9.726
10.032
9.736
10.560
9.696
10.033
9.718
9.801
9.776
9.690
9.511
9.656
10.306
8.192
9.456
9.613
9.854
9.646
9.822
9.538
9.882
9.885
9.405
9.899
9.688
10.401
11.481
11.694
11.125
11.393
11.161
11.550
11.692
11.364
12.039
10.686
10.563
10.447
11.004
10.871
11.031
11.536
11.533
12.151
12.223
12.155
11.914
11.814
10.810
11.959
11.371
12.000
11.862
12.122
12.495
12.194
11.840
11.804
11.784
11.328
11.479
11.455
12.831
12.077
10.725
11.639
10.633
10.883
10.731
10.165
11.684
11.444
11.480
9.064
11.510
12.425
11.931
12.205
11.695
10.175
10.885
10.917
10.986
10.695
11.253
10.624
11.407
11.756
11.229
11.682
11.021
10.559
10.788
9.749
10.894
8.920
10.531
11.166
10.718
10.901
10.526
10.611
10.479
10.116
9.981
9.104
9.711
9.424
9.365
9.681
9.472
9.364
9.463
9.410
9.849
10.312
9.853
9.519
9.718
9.581
9.625
9.436
10.359
10.953
10.737
11.746
9.844
9.797
10.016
9.950
9.498
11.347
11.057
11.487
11.447
11.836
11.492
12.334
12.858
12.548
12.784
12.643
13.201
12.643
12.785
11.720
12.068
11.530
11.929
12.328
10.238
11.768
11.155
11.662
9.351
11.298
11.323
10.463
11.509
12.137
11.646
11.587
11.834
11.478
11.429
11.827
11.919
10.646
8.497
8.454
8.554
10.018
9.109
10.610
11.380
11.244
11.404
11.652
10.057
11.456
11.379
12.269
10.592
11.817
11.699
11.394
11.690
11.845
12.580
12.105
13.271
14.559
13.308
12.484
13.755
13.548
12.381
13.455
13.182
12.939
13.918
13.462
13.545
13.583
11.092
10.712
12.724
13.307
13.441
13.529
13.480
13.279
14.335
13.610
12.382
14.518
13.658
11.796
10.906
10.633
10.487
13.623
12.104
12.694
12.373
13.559
14.364
11.652
14.689
13.735
14.539
14.496
13.917
13.687
14.293
12.360
8.885
13.969
13.519
13.787
12.499
11.765
11.594
12.180
11.746
12.670
12.100
11.237
13.555
14.001
14.335
14.242
13.673
13.542
13.279
12.368
13.508
15.864
15.865
15.947
15.756
14.119
13.814
15.137
14.480
13.717
14.699
14.413
14.875
13.982
14.961
15.707
14.505
13.764
13.347
13.646
15.770
15.668
16.135
15.164
15.246
16.634
15.979
16.279
16.050
15.732
14.889
16.182
16.286
15.769
15.460
16.293
16.004
15.539
15.568
16.538
16.301
16.091
14.590
15.525
15.874
13.190
15.034
16.131
15.174
15.881
12.831
15.601
14.921
14.891
15.684
13.956
15.679
15.039
14.801
15.721
13.020
13.843
14.592
14.204
14.091
14.483
14.077
10.400
14.012
13.293
14.250
15.103
14.853
15.294
15.392
15.894
15.444
16.333
14.681
13.799
14.526
13.836
13.695
13.799
13.800
12.908
13.659
13.414
13.492
13.711
14.195
13.715
13.707
12.577
13.740
12.790
14.135
13.505
12.239
11.716
14.105
14.246
14.098
15.163
14.596
14.190
13.077
14.432
14.832
14.452
11.944
13.829
14.743
14.567
13.936
14.088
14.849
14.616
14.344
13.690
14.290
14.919
14.708
15.207
14.179
13.500
14.333
13.708
13.751
14.345
14.372
14.343
14.222
14.174
13.033
13.104
13.380
14.586
14.599
13.088
13.002
13.198
13.623
13.192
12.895
11.861
12.382
11.543
11.897
12.271
11.059
11.045
10.872
8.957
10.168
9.425
13.020
12.134
11.751
12.748
12.255
10.871
10.905
12.687
12.462
9.637
9.506
9.419
9.241
9.041
11.472
10.539
10.873
11.981
11.858
11.768
11.949
12.309
13.220
12.543
11.682
11.222
11.324
11.300
11.967
12.520
13.096
11.286
12.857
12.793
11.502
11.931
12.298
12.292
11.739
11.836
12.854
12.167
12.090
12.829
12.164
12.346
12.710
12.166
11.941
12.406
12.750
12.749
12.390
11.738
12.366
12.268
11.590
11.835
11.763
11.696
11.735
11.914
12.159
11.381
11.816
11.871
12.076
11.948
11.450
11.672
10.134
11.148
11.482
11.547
11.432
12.346
12.166
12.522
11.892
12.450
12.687
12.583
12.373
12.546
11.919
12.311
9.670
12.492
10.202
12.318
11.866
11.981
12.091
12.318
10.880
12.039
11.675
12.224
12.248
11.519
12.484
12.846
12.722
12.422
12.369
11.303
8.980
9.397
11.837
10.330
11.503
11.307
9.514
9.981
10.706
11.564
11.803
11.250
11.590
11.550
12.042
12.317
11.797
11.516
10.126
12.295
13.235
12.013
12.684
11.699
11.645
11.748
12.273
11.992
12.758
12.629
12.170
11.067
10.782
12.192
12.634
10.457
11.601
11.327
10.899
11.157
11.404
11.899
12.357
11.957
12.237
12.690
11.606
11.490
11.370
11.399
11.303
11.794
11.163
10.352
11.495
11.626
10.083
11.500
11.475
11.619
11.928
10.917
11.379
11.332
11.038
11.342
11.646
11.528
11.517
11.408
11.546
11.731
11.495
11.964
11.540
11.553
11.927
11.498
11.593
11.624
10.535
12.569
11.798
11.588
12.241
11.673
10.664
11.728
11.663
11.525
11.347
11.373
11.670
11.418
12.409
11.190
9.814
9.462
10.877
11.445
11.476
11.506
11.416
10.220
11.481
11.933
10.578
11.497
12.054
11.787
11.948
12.092
11.919
10.061
11.872
11.704
11.651
11.551
11.700
10.580
11.716
9.863
10.894
10.580
10.229
10.222
10.599
11.178
9.499
10.360
10.896
9.764
11.380
11.845
12.614
13.049
12.629
12.481
11.507
12.275
12.045
12.250
13.349
12.197
11.708
11.827
10.902
10.845
11.897
12.342
12.425
13.430
11.939
11.932
12.187
11.568
13.823
12.316
12.543
11.848
10.748
11.200
11.974
11.455
11.258
11.708
11.756
11.788
11.783
11.928
12.035
11.761
12.314
12.663
11.798
11.481
11.332
10.427
11.325
11.592
11.431
11.654
11.361
11.528
10.976
11.755
10.532
11.559
11.464
11.498
11.630
11.606
12.176
11.088
11.728
9.727
11.783
11.600
11.996
12.169
11.943
12.292
12.210
12.232
11.877
11.783
11.354
10.763
11.298
11.893
12.202
11.403
10.164
12.229
12.413
12.291
11.636
12.151
12.535
11.834
12.455
12.518
12.351
12.488
12.534
12.436
12.081
11.049
11.890
10.165
11.203
12.700
12.487
12.513
12.472
12.482
12.519
12.280
13.080
12.507
12.502
12.254
12.015
12.511
11.728
12.588
12.570
12.020
12.794
12.581
12.657
12.690
12.675
12.739
12.506
12.477
12.474
12.365
12.684
12.368
12.571
12.636
12.545
12.918
13.180
13.411
11.694
12.251
12.571
12.173
12.387
12.737
11.626
11.250
12.293
12.098
12.301
12.080
12.197
10.093
11.829
11.326
11.421
11.058
11.881
11.397
11.683
11.880
11.883
11.818
11.602
10.926
10.942
11.039
10.215
11.367
11.274
10.906
11.557
11.569
10.328
12.009
12.070
11.872
11.923
12.080
11.888
11.731
11.588
11.632
10.426
11.725
10.740
11.394
11.937
7.397
9.282
12.598
11.876
9.984
8.501
10.083
11.936
12.090
12.243
11.424
11.968
11.947
11.270
11.738
11.477
11.312
11.748
11.628
12.490
12.024
12.391
12.304
12.169
12.417
12.434
12.470
12.289
10.924
12.491
11.745
12.668
12.383
12.322
12.882
13.430
12.233
12.617
12.358
12.324
12.444
12.377
12.680
12.692
13.263
12.599
12.599
12.560
12.552
12.364
12.464
12.477
12.458
12.040
12.371
12.401
12.072
12.402
12.688
12.306
12.354
11.807
11.488
11.517
11.572
11.403
11.414
11.592
11.392
11.251
11.214
11.248
10.690
11.301
11.429
11.532
11.556
11.779
11.783
11.666
11.032
11.529
11.644
11.609
11.712
11.673
11.509
11.690
11.721
11.797
12.121
11.454
11.610
11.859
11.562
11.530
11.387
11.342
11.688
11.546
11.840
11.858
12.400
12.175
12.087
12.090
11.799
11.749
12.509
11.722
11.290
11.276
9.938
12.144
12.180
11.896
12.229
11.490
11.671
11.684
11.726
12.155
12.198
12.064
11.908
11.971
12.385
12.192
14.579
13.686
14.281
14.045
13.822
14.231
13.196
13.827
13.972
13.615
14.094
14.037
13.126
12.670
12.982
12.864
12.581
14.071
13.623
13.975
13.223
12.497
9.297
10.973
12.348
13.809
13.710
12.331
13.831
12.752
11.576
10.640
12.688
11.925
11.778
12.034
11.226
11.406
11.731
8.658
11.584
11.650
11.624
11.400
11.826
11.846
11.266
11.091
10.817
11.049
10.107
11.767
10.971
11.823
12.908
11.192
12.876
13.616
12.827
11.310
11.570
12.438
12.306
12.617
12.826
13.023
13.460
12.687
12.695
12.511
14.045
13.344
11.484
10.887
10.904
10.876
11.111
11.013
10.639
10.418
10.371
10.309
10.348
10.323
10.309
10.140
10.029
9.254
11.008
9.994
11.125
10.561
10.798
11.083
10.264
11.244
10.538
10.442
10.608
10.561
9.411
9.690
10.067
10.068
10.562
10.194
9.874
10.000
9.870
10.699
10.531
10.869
10.970
10.918
12.059
12.270
12.283
12.339
10.529
10.502
10.694
10.627
9.821
10.139
9.903
11.846
10.542
10.348
12.364
11.652
11.636
10.066
11.535
11.486
9.974
10.229
11.028
10.161
10.905
11.230
10.257
9.884
10.007
9.909
10.612
9.967
11.140
11.778
11.219
11.395
10.016
10.822
10.622
10.261
10.326
11.380
10.629
11.272
10.510
10.263
10.330
11.491
11.047
10.071
10.100
10.152
10.978
10.911
10.474
9.972
9.782
8.759
10.090
10.744
10.678
11.231
10.923
10.331
10.320
10.058
10.573
10.366
9.628
10.073
10.453
11.239
9.972
10.639
10.968
11.369
11.262
11.007
10.450
11.289
10.571
10.874
10.446
11.061
10.890
12.086
13.182
12.560
12.627
14.140
11.807
11.516
11.923
10.598
11.464
10.693
9.781
11.077
11.298
10.716
11.135
11.561
11.749
10.770
10.204
11.704
11.554
12.085
12.518
12.737
12.234
12.787
12.293
11.508
12.170
12.194
11.782
11.931
12.884
13.115
12.985
13.599
12.694
12.703
11.841
9.912
12.133
12.361
11.813
11.692
11.183
11.777
10.042
11.937
11.336
10.833
10.619
11.181
11.236
10.733
10.665
10.423
11.188
10.988
11.346
10.583
8.846
8.565
8.492
10.369
9.739
9.874
9.084
9.003
9.608
9.678
8.537
8.440
8.316
8.971
8.515
8.750
8.482
8.540
8.955
9.149
9.401
9.709
9.764
9.819
9.627
10.013
9.883
9.699
9.475
9.459
9.992
10.262
9.802
9.857
9.883
9.622
10.183
9.708
10.042
10.066
9.637
9.588
9.766
9.810
9.557
10.342
10.262
9.819
8.779
9.604
9.951
9.804
9.987
10.413
9.501
9.669
9.615
9.281
8.615
8.317
8.715
8.319
8.942
8.686
8.899
9.770
9.618
8.596
8.795
9.850
8.926
9.529
9.690
10.354
9.567
9.699
9.657
9.675
9.371
10.017
8.679
9.552
9.819
8.728
9.458
8.847
9.654
9.518
9.463
9.707
10.019
9.813
9.521
9.520
9.632
10.107
9.869
9.586
9.613
8.686
8.575
8.986
8.849
9.650
9.787
8.814
9.080
9.172
9.199
8.634
9.210
8.648
9.478
9.753
9.635
9.882
9.565
9.280
9.769
9.632
9.829
9.937
9.653
9.009
9.125
8.759
8.813
10.644
9.329
8.783
10.744
9.129
9.035
10.633
9.031
9.030
9.542
11.768
12.933
12.743
12.704
12.508
12.876
13.083
12.486
12.986
13.124
13.208
12.926
12.285
12.326
12.914
12.910
12.678
12.460
13.135
12.983
12.393
12.816
12.648
13.592
13.411
13.652
13.081
13.261
12.456
13.708
13.420
13.963
13.334
13.435
14.477
14.290
14.020
13.547
13.813
13.459
13.364
13.566
13.888
12.638
12.113
13.166
14.157
13.669
13.811
13.401
13.626
12.416
13.331
13.723
13.207
12.402
13.688
13.914
14.428
13.369
13.981
13.446
13.701
14.007
13.634
13.815
14.138
13.589
13.752
11.434
12.351
13.343
13.491
10.664
10.519
13.362
13.383
13.454
13.470
12.445
13.118
13.705
13.257
13.428
13.584
14.311
14.325
14.481
14.807
14.131
14.325
14.914
13.837
13.818
14.133
12.941
14.143
14.726
14.517
14.087
11.973
11.520
15.773
15.965
15.755
15.892
16.354
15.787
13.910
15.800
14.077
12.392
14.558
14.956
14.744
15.102
15.411
16.092
15.384
14.475
12.260
11.468
15.482
15.268
15.721
15.851
15.199
15.411
15.464
15.539
15.703
15.384
14.171
15.190
15.655
15.787
15.694
15.164
15.143
15.610
14.656
17.395
17.685
16.653
16.735
15.958
13.969
18.131
19.132
16.995
18.201
18.544
18.680
15.213
18.680
18.369
18.922
19.311
19.274
18.948
18.625
19.470
18.436
19.420
19.416
17.334
18.803
19.437
19.455
19.479
19.278
18.978
19.749
19.558
17.722
18.163
18.848
18.905
18.208
19.752
19.564
19.839
17.302
16.297
19.266
19.597
19.741
18.140
18.307
19.166
19.324
19.494
19.172
19.554
18.085
18.679
18.793
17.123
18.820
18.783
18.982
18.743
18.473
19.157
17.355
16.187
16.874
19.089
17.244
18.195
16.867
16.443
17.131
18.495
18.324
18.724
18.349
19.300
18.792
18.437
18.667
17.640
17.525
18.088
17.761
17.451
17.694
15.792
17.480
17.427
15.880
14.320
17.075
16.554
15.793
15.053
15.204
15.757
16.274
16.463
16.569
15.835
16.555
16.622
16.172
14.979
16.128
15.827
16.668
17.267
15.960
14.149
16.656
16.440
16.617
16.567
15.105
13.777
14.656
14.440
14.212
13.748
13.864
13.128
13.546
14.740
14.794
16.095
15.083
16.622
16.920
16.186
16.998
15.147
13.745
15.054
13.870
14.588
14.058
13.941
15.209
15.668
14.572
15.028
14.512
13.114
12.923
13.664
12.641
12.138
11.186
11.760
12.190
11.479
11.708
11.804
11.729
12.130
11.576
11.960
12.787
12.170
12.238
11.762
11.860
11.884
9.965
12.381
12.172
12.325
12.629
12.357
12.695
12.167
11.133
11.855
9.051
9.194
13.455
11.733
9.833
10.460
12.904
11.637
11.783
11.771
13.002
12.784
11.641
10.859
10.512
11.355
11.417
11.716
11.969
10.501
11.948
12.644
11.553
11.410
12.720
12.071
12.810
13.247
12.552
13.152
11.723
11.922
12.432
12.687
11.782
11.597
12.617
11.146
11.592
11.483
12.300
11.503
12.471
12.066
11.056
11.147
10.784
11.984
11.730
11.928
13.857
13.469
13.780
14.481
15.313
14.424
14.707
13.825
13.449
13.303
15.015
13.346
14.216
13.486
14.757
14.262
14.774
14.582
15.231
12.394
15.470
15.306
15.265
15.311
15.141
15.763
15.243
15.631
15.881
15.374
15.775
15.645
15.698
15.535
14.830
16.414
16.649
16.149
15.528
15.661
15.438
14.305
15.569
14.983
15.351
14.897
12.414
10.369
10.689
11.373
12.022
11.880
11.744
11.903
12.197
13.771
13.935
13.913
13.539
11.447
11.855
11.577
12.955
12.169
11.738
8.704
10.491
11.420
11.720
11.749
12.214
9.805
10.615
9.604
8.482
10.082
10.198
11.193
9.395
10.911
10.595
9.805
10.556
10.554
11.349
10.574
9.510
10.696
11.594
10.569
11.338
10.839
11.055
11.749
11.927
11.740
11.754
10.140
11.348
12.479
12.354
12.688
12.432
12.693
12.286
12.765
12.258
12.414
12.599
12.736
12.957
12.444
11.510
11.724
12.340
12.773
13.241
12.951
12.172
12.873
12.765
12.684
12.538
12.347
13.088
13.113
13.608
13.430
12.050
12.673
12.675
12.577
12.747
12.730
12.832
13.407
12.788
12.693
12.428
13.004
12.805
12.607
12.746
12.575
12.430
12.481
12.719
12.897
12.765
13.514
12.723
13.793
13.460
13.024
12.322
11.786
10.945
11.777
11.027
12.010
11.059
12.181
13.474
13.126
13.222
13.732
12.897
14.266
13.052
14.662
13.799
14.055
13.642
13.957
14.017
13.336
13.518
11.229
15.667
13.175
9.539
15.020
15.550
15.043
14.888
14.705
13.926
14.496
15.071
14.718
14.351
14.267
14.245
15.177
14.785
14.420
14.775
14.209
14.536
15.661
14.283
14.449
14.730
13.554
13.218
13.997
10.870
12.735
11.604
14.205
15.723
14.174
15.742
15.405
14.370
14.403
13.322
11.254
13.162
8.821
9.040
9.198
11.629
11.704
10.697
11.391
10.733
10.662
11.689
11.676
12.264
11.662
11.696
10.995
9.060
11.338
11.558
11.864
11.584
11.486
10.359
10.456
9.897
6.332
9.363
7.535
8.025
7.626
6.741
10.024
10.293
9.302
8.187
8.864
9.842
8.780
8.509
8.939
10.679
9.997
9.260
9.846
10.147
10.425
8.222
9.913
8.993
8.821
9.678
10.158
8.906
10.682
10.216
10.664
9.729
10.469
10.152
7.991
8.903
8.337
8.784
8.504
8.053
7.936
7.525
9.499
9.588
9.935
8.523
8.669
8.266
8.636
7.497
7.026
8.392
8.854
9.119
9.727
7.839
9.387
9.213
9.386
9.925
9.644
8.469
7.352
7.270
7.443
7.161
7.158
7.642
7.142
8.600
8.614
7.884
8.591
8.479
7.874
7.539
8.616
6.421
6.474
7.182
8.155
6.650
7.369
7.047
7.343
6.609
6.296
8.306
9.051
9.599
9.417
9.086
9.323
8.420
8.808
8.706
9.269
9.251
9.058
8.987
8.514
9.368
8.269
8.168
9.651
7.132
6.722
6.863
6.893
6.027
6.229
7.400
8.462
8.174
7.592
6.567
6.913
7.141
6.611
7.744
8.009
7.180
7.221
7.593
6.606
7.517
6.520
8.118
7.120
6.522
7.575
6.381
5.745
6.099
7.266
6.412
8.855
7.516
7.094
5.025
6.753
6.773
7.246
6.139
6.774
6.454
6.748
7.820
6.492
8.706
6.866
7.573
7.334
5.493
7.734
6.688
7.059
6.414
6.381
6.686
7.567
6.796
6.929
7.743
6.978
6.196
6.680
6.324
7.121
5.926
6.150
6.575
5.504
5.744
6.072
6.846
5.018
4.329
5.397
5.603
6.138
5.909
5.668
6.019
5.900
6.175
5.945
7.449
6.181
7.023
7.243
7.215
6.202
7.072
7.045
8.202
8.229
8.196
8.224
8.167
8.264
8.032
8.243
8.275
6.040
6.429
7.394
6.737
6.398
8.216
8.235
7.893
8.241
8.225
6.243
8.235
8.202
7.956
7.247
7.672
7.864
7.328
8.203
7.527
8.070
6.163
8.318
8.024
8.276
7.415
8.273
8.680
8.645
8.545
8.536
8.443
8.556
8.492
8.590
8.864
9.183
8.636
8.548
7.714
6.564
5.750
5.919
5.015
7.217
6.708
5.845
5.819
6.261
9.358
9.495
8.643
9.363
9.484
9.475
8.969
9.384
9.612
9.825
9.371
8.212
6.855
7.380
7.273
6.538
7.038
7.180
7.845
8.027
8.330
7.867
6.438
7.204
7.034
7.187
7.632
6.475
7.406
7.142
7.083
6.718
7.277
7.622
6.617
6.664
6.799
6.490
6.283
7.074
6.536
6.762
7.008
6.914
6.782
7.062
6.579
7.612
6.712
6.739
8.206
8.443
8.378
8.475
8.852
6.826
7.637
8.403
8.750
8.461
8.320
8.452
8.422
8.366
8.253
8.229
8.199
8.233
8.230
8.217
7.660
8.095
8.178
8.231
8.139
8.221
8.233
8.217
6.310
7.215
6.655
6.116
6.150
6.646
6.888
8.139
6.868
6.449
6.344
8.120
8.188
7.801
8.219
8.207
8.223
8.252
8.264
8.225
6.293
5.380
5.104
5.544
7.262
5.818
6.722
6.128
8.268
8.279
5.503
4.767
7.727
7.946
8.239
7.990
6.214
6.387
8.184
7.978
8.096
8.078
8.162
8.247
8.156
8.226
8.227
8.198
7.889
8.177
8.136
8.185
8.198
8.070
8.199
7.957
7.562
7.835
7.927
7.864
7.854
7.786
7.516
7.726
7.907
6.929
7.739
8.074
8.080
8.085
8.107
7.965
8.212
8.193
7.336
8.189
8.184
7.788
8.102
8.094
8.126
8.165
7.953
8.183
6.033
6.304
5.879
6.307
6.403
6.517
8.191
8.203
6.433
6.877
6.742
6.886
7.743
5.894
5.585
6.592
6.457
7.125
6.450
7.004
6.973
5.992
5.566
6.461
6.130
6.736
7.216
6.165
5.904
7.625
6.550
5.594
6.568
6.439
7.178
7.063
6.867
6.297
7.173
6.828
6.907
7.282
6.231
4.595
6.525
6.302
4.718
7.469
6.534
6.590
6.322
6.367
6.229
6.127
5.668
6.776
6.136
6.763
6.228
6.244
6.549
6.073
6.505
8.183
8.196
8.261
8.208
8.231
8.243
8.168
6.224
6.850
6.758
7.994
8.278
8.213
8.174
7.755
7.768
7.031
7.898
8.161
7.164
8.275
7.132
8.113
8.283
6.507
6.833
6.310
5.861
8.260
6.744
7.328
6.287
7.449
7.030
8.169
6.550
5.930
6.503
6.536
6.027
6.154
6.285
6.456
7.933
5.912
6.638
4.686
7.540
7.654
8.175
8.214
8.199
8.148
7.790
6.432
7.619
7.069
8.146
8.283
8.262
8.326
8.193
8.146
8.035
8.192
8.165
7.858
6.537
6.492
7.027
6.700
6.399
5.402
5.639
7.061
5.461
5.264
5.490
5.700
3.720
4.222
6.267
6.694
8.196
8.214
7.396
8.201
8.180
8.204
8.177
6.820
7.542
8.212
8.098
8.211
6.147
7.164
6.087
5.627
5.724
5.767
7.217
7.105
6.615
6.321
6.416
6.669
7.049
7.789
8.296
8.390
8.338
8.012
8.060
8.547
8.478
8.269
7.682
7.090
6.879
7.063
6.585
8.370
7.950
8.286
8.317
9.684
9.632
8.857
9.107
9.371
8.489
9.072
9.496
9.140
8.325
8.531
8.526
7.764
5.528
8.143
4.947
5.887
5.784
4.515
4.935
6.244
8.167
5.627
6.739
7.600
5.613
7.607
4.851
6.982
5.905
5.044
6.885
7.839
5.668
5.814
7.571
5.329
5.126
4.553
6.104
7.350
6.485
4.995
6.266
4.609
7.096
8.428
8.768
8.367
7.819
8.840
8.491
8.422
8.441
8.856
7.005
6.200
6.235
5.977
6.053
5.960
6.680
6.269
7.174
6.234
5.555
5.591
6.024
6.334
6.091
5.895
5.280
6.630
6.084
5.878
5.689
5.823
5.866
6.119
7.686
8.436
8.232
8.427
8.294
6.611
8.283
7.936
8.220
8.286
8.515
7.361
8.365
8.377
8.315
8.467
8.349
6.450
7.519
6.332
6.725
8.258
8.367
8.325
8.311
8.258
8.358
8.353
8.322
8.329
8.268
8.269
8.623
8.352
8.579
8.469
8.329
8.625
5.419
6.670
7.722
8.279
8.281
8.471
7.946
6.129
5.765
8.289
7.635
7.998
7.253
5.433
5.634
7.003
6.505
6.830
6.531
6.755
5.424
6.294
5.434
5.588
5.701
5.577
5.594
8.326
8.245
8.214
8.230
7.688
8.266
8.282
6.664
8.368
8.334
6.902
8.111
8.355
8.326
8.300
8.523
8.336
7.630
7.315
7.360
7.387
7.674
7.100
7.337
8.244
8.211
8.259
8.249
8.229
5.564
5.252
5.488
5.483
5.615
5.449
5.234
5.308
5.324
5.299
5.289
5.305
5.392
5.271
5.435
5.389
5.466
4.648
4.243
5.644
6.075
5.580
5.916
5.726
5.328
4.350
4.100
5.302
4.970
4.542
5.879
6.089
5.171
3.430
7.413
7.312
6.497
7.256
7.323
5.919
7.092
7.231
7.311
7.322
7.452
7.255
7.197
7.330
7.244
7.270
7.232
7.244
7.224
7.396
7.304
7.259
6.878
7.323
7.220
7.553
6.909
7.238
7.296
7.290
7.847
7.685
7.591
7.147
7.678
7.800
8.263
5.557
5.152
5.277
5.715
5.260
4.752
6.578
5.696
6.173
6.200
8.402
7.462
8.192
8.691
9.392
8.318
8.739
5.191
6.189
7.698
9.093
9.499
9.088
9.219
9.348
8.404
9.462
8.662
8.160
9.252
8.339
9.687
8.954
9.400
9.278
9.309
9.867
9.473
6.642
7.031
7.058
7.930
8.237
8.108
8.084
8.387
8.441
7.956
6.986
8.472
8.034
8.023
7.327
7.476
7.273
7.123
6.506
7.191
7.420
7.133
7.670
7.794
8.603
5.953
8.523
8.427
8.146
8.475
6.735
7.759
8.617
8.556
7.552
8.551
8.303
7.576
7.966
7.796
6.461
6.382
7.016
8.507
6.846
9.952
7.676
9.369
12.283
7.777
8.787
11.028
9.751
9.780
7.025
6.610
12.076
12.454
13.215
12.691
13.271
13.995
13.601
13.382
13.735
13.322
13.071
13.470
12.332
12.629
13.266
13.309
13.443
12.322
13.125
12.120
13.057
13.455
13.033
12.675
13.725
12.183
10.207
10.389
13.026
13.378
13.589
11.361
12.210
13.522
13.607
12.599
13.591
13.614
13.434
13.540
13.434
13.340
13.385
13.067
12.278
13.611
13.021
13.468
11.569
11.915
13.365
13.705
11.481
11.342
11.963
11.688
11.159
12.463
11.315
11.889
12.456
12.183
11.018
12.030
12.385
12.827
11.286
10.362
12.645
12.349
11.486
11.014
12.332
9.907
7.244
7.768
7.176
9.012
10.181
10.381
10.397
10.558
10.317
10.503
10.466
11.075
11.150
11.039
11.146
11.409
10.670
10.951
10.505
10.694
10.816
10.456
10.183
10.223
10.362
9.446
9.330
9.059
9.345
9.502
9.451
9.610
10.306
9.479
9.804
10.332
10.416
10.570
9.794
10.593
10.182
10.526
10.571
10.327
10.426
9.403
9.376
9.372
9.195
8.555
9.280
7.163
8.261
9.273
9.290
9.485
9.357
9.367
10.430
11.139
10.598
10.083
9.567
9.335
9.566
9.030
10.436
9.183
8.752
9.042
9.234
11.191
9.531
10.488
10.978
9.580
10.421
10.792
11.934
11.511
11.395
11.519
11.503
10.377
10.284
9.889
9.669
9.251
9.630
8.796
9.045
9.680
10.056
8.974
10.716
10.754
10.866
10.335
10.988
10.573
9.543
10.366
10.441
9.533
8.965
9.797
9.585
10.516
10.645
10.639
9.803
10.028
9.284
9.355
9.357
9.372
9.262
9.980
10.558
11.101
9.920
9.628
11.314
9.967
9.221
9.494
9.828
9.578
9.233
9.296
9.337
9.299
9.321
9.292
9.295
9.361
9.234
9.481
9.199
9.423
8.776
9.917
10.051
10.491
9.183
9.365
9.374
9.345
9.234
9.269
9.223
9.274
9.183
9.275
9.358
8.858
9.184
9.104
9.170
9.148
9.516
9.578
8.724
9.003
9.224
9.203
9.188
9.256
9.236
8.412
7.354
9.092
9.182
9.245
9.212
9.288
9.238
9.241
9.322
9.145
9.300
9.250
9.249
9.267
8.667
9.003
8.453
8.545
8.367
8.625
9.463
9.173
7.782
9.339
9.349
9.288
9.302
9.350
9.467
9.295
9.234
9.368
8.948
8.672
8.752
7.811
9.190
9.249
9.217
9.216
9.210
9.177
9.193
9.184
9.047
7.143
9.194
9.122
9.177
8.967
9.212
9.056
9.197
9.185
9.173
9.126
9.107
8.327
7.680
8.464
8.369
7.680
9.191
7.901
5.868
7.971
8.516
3.800
5.061
5.978
5.585
5.674
7.034
8.312
8.720
9.066
8.819
7.973
8.725
6.980
9.262
8.449
9.306
9.348
9.357
9.421
9.390
9.281
9.564
9.241
9.102
8.328
8.600
7.882
8.185
7.993
7.540
7.243
9.828
9.112
9.276
9.292
7.487
8.678
5.522
7.400
9.727
6.130
6.901
8.615
7.988
7.777
7.575
8.022
7.655
7.812
7.919
7.487
8.810
8.784
6.787
9.031
7.769
7.152
8.047
10.227
7.863
8.206
7.345
7.790
9.766
10.053
10.451
9.525
9.424
7.453
7.908
5.547
7.206
2.994
2.837
3.815
3.048
2.388
2.918
1.030
1.737
2.169
3.335
3.329
2.416
1.897
2.701
2.184
2.345
2.471
2.569
2.707
2.360
2.582
2.364
1.995
2.378
1.950
2.748
2.100
2.242
2.149
2.691
2.766
2.086
1.894
1.797
1.351
1.408
1.149
0.670
0.745
2.218
3.628
4.383
3.715
3.620
2.308
3.418
4.537
4.912
5.052
5.299
5.076
5.598
5.861
2.743
2.197
5.326
4.584
3.758
4.102
4.873
2.662
3.358
3.752
3.451
3.980
3.573
3.729
3.578
3.779
3.964
3.063
3.661
3.887
3.722
3.452
4.117
3.709
3.958
4.012
3.807
4.255
3.991
3.212
3.965
3.868
4.197
3.951
4.110
4.377
4.626
3.437
2.113
3.974
4.558
3.831
4.562
2.215
2.850
3.966
4.030
4.019
3.667
3.636
2.929
4.466
3.322
3.047
4.314
4.055
4.958
5.968
4.396
5.297
5.298
4.595
5.311
5.275
5.455
5.278
3.389
3.293
4.493
4.669
5.943
4.158
6.242
5.640
5.827
7.105
6.406
6.483
6.514
6.420
5.086
5.081
5.627
4.683
6.097
6.186
5.788
6.343
6.722
6.055
5.202
5.496
5.437
5.894
5.464
5.049
5.698
5.621
4.024
5.390
5.337
4.338
3.797
4.826
4.930
5.079
4.665
3.680
4.192
5.181
4.851
4.794
4.668
4.642
5.646
2.128
4.686
4.588
4.557
4.946
4.491
4.566
4.655
4.693
3.199
4.839
4.809
4.893
4.726
4.675
4.939
5.045
4.994
5.081
5.698
5.590
5.935
5.761
5.769
5.457
5.453
4.705
4.565
4.563
4.251
4.497
4.473
4.483
4.431
4.488
5.203
4.773
4.113
5.334
4.878
5.091
4.942
5.729
5.326
4.491
4.968
5.576
5.632
4.883
5.164
5.329
5.362
5.067
5.807
5.787
5.151
5.668
5.319
5.765
6.176
6.160
6.119
6.156
6.905
7.036
6.492
7.073
6.950
6.623
7.057
6.650
6.828
7.011
7.778
7.253
7.170
7.158
6.913
6.402
6.807
6.765
7.339
7.632
7.724
7.991
8.245
8.182
7.652
8.567
8.356
8.325
8.014
8.784
8.318
7.782
6.188
8.731
8.133
7.640
6.968
6.907
6.025
6.655
7.241
7.344
6.107
7.073
7.135
8.315
8.485
7.844
8.185
8.426
8.843
8.689
8.635
5.988
5.634
3.738
3.619
2.872
2.521
3.680
5.057
3.039
2.032
1.628
2.067
4.291
4.676
2.911
3.953
4.465
3.601
2.691
3.374
1.287
1.124
1.160
1.566
1.803
1.621
1.870
2.795
2.830
1.827
1.571
1.337
1.444
1.252
1.907
1.854
3.326
3.397
2.843
3.119
5.458
3.665
2.819
3.180
3.018
2.932
2.683
2.568
1.856
1.501
1.432
1.576
1.523
1.327
1.165
1.129
1.095
1.199
1.323
1.768
1.363
1.916
2.626
3.852
7.713
8.011
8.265
8.247
5.720
5.981
5.451
4.556
4.977
7.351
5.626
4.781
4.491
1.698
4.773
3.205
2.077
4.806
3.869
3.941
3.116
4.538
2.881
5.240
6.774
5.333
4.223
1.644
5.647
3.597
3.400
3.916
3.227
2.501
3.284
5.703
6.677
5.255
4.980
5.436
4.329
5.262
5.939
3.356
4.513
4.832
5.046
4.198
4.597
5.524
6.815
6.149
5.290
5.912
4.590
7.945
8.106
8.411
8.668
8.182
8.371
10.604
10.206
11.034
10.543
10.315
9.081
9.988
8.786
8.752
8.781
8.978
7.899
8.894
9.470
8.777
9.857
9.119
9.555
9.293
10.496
10.360
8.789
10.165
10.559
10.841
10.756
10.401
9.968
10.824
9.984
9.683
10.531
10.650
10.543
9.746
9.433
9.456
10.334
10.763
8.090
9.298
9.903
10.091
9.668
9.145
9.318
9.062
8.718
7.836
8.886
7.729
9.203
8.369
8.312
8.201
10.163
8.901
10.331
8.284
9.857
9.270
9.775
10.040
8.365
10.852
7.564
10.942
8.839
10.306
10.399
9.630
9.587
11.534
9.132
9.897
7.876
8.984
9.278
10.226
9.446
8.779
9.831
9.864
9.055
8.486
11.027
9.513
11.783
11.912
11.502
13.407
11.536
11.204
11.746
10.019
10.111
9.909
10.467
12.334
10.152
12.302
9.041
11.661
8.712
9.395
11.379
10.686
11.435
14.391
11.446
11.653
13.744
10.945
11.495
13.453
8.689
10.139
11.070
11.183
9.134
7.364
8.018
9.344
8.317
12.833
13.738
10.448
10.721
13.011
8.668
11.651
10.955
12.322
12.331
12.947
12.499
12.933
9.355
12.393
14.213
11.638
13.826
14.581
14.691
13.742
14.554
14.907
14.372
13.396
14.740
14.608
14.798
14.816
14.800
14.825
14.981
14.232
14.538
13.594
13.452
13.395
13.038
12.575
10.910
11.824
10.600
11.566
11.441
11.489
13.264
13.008
13.150
12.204
13.162
13.501
14.277
14.306
13.464
13.166
14.203
13.602
12.948
12.187
13.334
13.275
10.829
12.842
11.656
13.370
11.339
13.386
13.348
11.592
12.305
12.404
13.118
12.051
12.460
11.730
12.340
13.427
11.548
12.129
11.960
11.580
12.427
9.293
11.830
9.961
10.162
8.842
10.534
10.414
10.272
10.318
8.981
10.493
10.599
9.009
9.521
10.262
8.674
10.001
9.585
10.360
10.328
10.715
10.617
13.198
12.975
12.837
13.357
11.989
12.842
11.775
12.521
14.161
13.892
13.720
11.868
12.460
12.772
12.197
12.394
12.414
12.956
14.119
13.858
12.425
13.646
13.459
11.713
8.879
9.443
10.003
14.133
13.028
13.490
14.121
13.691
12.000
11.675
13.601
13.995
14.141
14.150
14.158
14.026
12.695
13.825
12.790
13.885
11.849
12.482
13.520
14.023
12.398
13.152
11.679
11.059
13.235
10.471
12.514
13.127
12.358
11.246
8.843
8.430
12.681
11.457
11.277
12.603
13.997
13.838
14.117
12.693
14.093
13.440
12.519
13.291
13.755
13.199
14.080
13.546
13.905
13.730
11.484
14.267
13.214
13.749
14.274
14.318
12.999
14.246
13.509
12.457
12.918
14.225
12.788
14.149
13.813
14.173
14.249
13.774
14.223
14.226
14.202
14.241
14.053
14.265
14.177
14.008
14.243
14.238
14.187
14.237
12.362
12.490
13.843
8.959
12.793
13.123
14.137
10.852
13.118
12.419
12.188
13.194
13.829
12.063
13.270
14.213
14.233
12.728
14.136
14.236
14.219
14.223
14.215
14.196
14.225
14.235
14.233
14.229
14.224
13.276
14.041
14.219
14.218
14.218
14.138
14.260
13.525
14.126
14.227
14.213
14.186
14.012
14.191
13.716
13.886
13.985
14.444
16.171
16.224
16.347
16.895
16.569
15.978
16.298
15.706
16.668
16.512
16.238
16.297
11.853
14.906
16.570
15.086
15.563
15.518
16.387
11.896
12.351
12.362
15.651
16.442
16.256
15.947
16.757
15.222
14.208
14.489
14.770
16.286
15.402
14.642
15.026
14.192
13.825
14.277
14.211
14.223
12.876
14.102
14.048
14.042
13.506
13.849
13.730
12.028
13.922
13.996
14.132
13.888
13.778
14.081
13.977
14.264
13.997
14.259
14.121
14.276
14.269
14.330
14.309
11.553
13.325
12.605
12.800
12.511
12.629
12.359
13.374
12.850
12.340
12.630
12.191
12.133
12.585
13.061
12.273
12.033
12.981
12.218
12.952
12.666
11.996
13.075
12.485
12.544
11.810
11.106
12.374
13.384
10.490
13.528
12.705
12.624
11.725
11.594
11.953
11.587
11.170
10.992
12.078
11.960
11.348
11.697
14.041
12.976
13.960
13.219
12.860
13.985
13.206
13.871
13.893
12.819
13.985
13.657
12.670
11.969
12.461
10.732
12.523
12.093
11.093
12.334
12.939
13.353
13.876
14.145
12.870
14.052
13.809
12.656
14.240
13.834
14.091
14.106
12.370
14.256
14.277
13.585
13.615
12.871
14.241
13.696
13.622
13.592
14.229
13.808
13.877
14.217
14.173
11.082
11.043
10.581
14.204
14.155
14.266
14.080
14.127
14.184
14.179
14.069
13.793
14.256
13.052
14.153
13.340
12.537
13.730
13.829
13.787
13.454
12.242
13.814
13.650
12.105
13.350
13.602
14.145
14.193
14.201
14.500
14.077
14.665
14.294
14.655
15.786
15.328
15.346
14.597
15.377
15.677
15.277
15.511
15.224
15.256
14.734
14.148
15.616
15.588
15.299
15.575
15.436
15.577
15.312
15.382
15.312
14.333
14.411
14.333
14.338
14.821
14.919
14.433
14.436
14.497
15.261
15.206
15.805
15.475
15.476
15.035
15.566
15.540
15.400
15.470
15.401
15.518
15.462
15.612
15.621
15.163
15.489
12.752
13.132
12.818
14.873
15.644
15.934
15.730
13.647
12.895
14.867
15.195
14.144
14.437
14.869
13.863
14.403
14.302
15.026
15.498
13.918
13.995
12.905
14.807
14.485
14.850
14.568
13.852
15.119
15.123
13.305
12.358
13.897
14.012
14.524
13.191
14.251
14.442
13.412
13.093
13.555
13.257
13.410
13.261
12.702
13.602
12.802
14.454
14.749
14.052
14.390
14.772
13.339
14.461
14.400
14.713
14.309
14.334
14.637
14.618
14.812
14.084
14.640
14.337
14.464
12.496
12.476
14.487
14.163
14.508
14.411
13.014
14.766
14.367
11.386
13.387
14.270
12.111
13.118
11.513
14.221
13.757
13.413
12.221
13.786
13.286
14.295
14.367
13.824
13.578
11.981
13.103
12.868
12.985
13.522
14.188
14.257
14.414
12.808
14.211
12.144
12.374
12.483
11.526
5.662
6.223
7.614
8.281
9.403
9.130
13.660
13.712
12.849
12.958
12.593
12.441
13.755
12.315
10.397
14.155
13.531
13.245
13.316
13.523
10.574
12.355
12.697
11.403
12.610
12.668
12.388
11.933
12.374
12.257
11.485
12.653
12.379
12.571
12.735
12.370
12.655
12.656
12.602
12.814
12.129
12.763
12.218
11.764
7.320
5.525
7.206
10.546
10.668
12.179
12.479
10.312
9.333
11.205
9.714
10.192
11.397
11.408
10.375
12.820
11.941
12.484
11.860
13.182
13.303
12.659
13.242
12.092
12.370
13.112
12.400
13.187
12.794
12.552
12.396
9.015
6.034
6.943
8.572
6.354
8.202
9.305
8.092
6.327
8.275
8.225
5.442
7.616
7.974
8.993
5.875
6.070
5.955
6.601
9.396
8.408
7.462
8.649
7.382
7.712
7.507
9.140
8.229
7.711
6.599
7.561
6.955
7.996
10.867
9.184
9.369
9.444
8.254
10.644
9.982
11.829
12.979
12.029
13.513
13.170
12.929
11.349
13.227
12.297
9.635
10.230
10.533
8.895
11.324
10.946
11.977
11.530
10.396
9.993
11.937
11.367
11.562
11.807
11.594
11.507
10.470
10.423
10.905
11.559
12.169
11.031
11.248
12.001
10.970
10.588
11.251
11.091
10.428
10.755
10.984
10.743
11.021
10.686
10.561
8.750
9.885
11.077
11.947
11.577
11.112
11.111
11.085
9.528
11.176
11.007
8.935
7.430
6.466
6.782
6.086
7.160
6.831
8.863
10.779
10.835
10.538
10.637
8.665
10.878
10.123
10.075
10.936
9.250
10.919
10.896
11.008
10.901
8.942
10.046
10.734
11.226
9.967
10.831
10.676
10.852
10.722
10.929
8.419
10.728
11.128
8.632
10.790
11.187
10.756
8.151
9.327
10.666
9.756
9.327
10.490
10.401
10.996
11.025
10.927
10.734
11.110
10.979
11.116
11.037
11.024
8.969
10.679
9.681
9.703
8.358
10.947
11.069
10.345
9.285
7.348
9.817
10.062
9.436
7.423
8.149
10.501
9.622
8.780
10.434
11.149
11.080
10.520
11.081
8.797
6.694
7.488
4.614
6.941
10.159
7.741
8.142
10.367
11.212
7.935
11.077
10.802
9.216
6.712
8.911
8.430
8.245
10.257
10.412
6.811
6.167
11.631
10.946
11.035
10.892
12.910
12.636
12.535
12.594
12.580
13.050
12.793
12.951
12.436
11.853
12.805
12.190
12.075
12.892
13.048
12.041
12.292
12.422
10.435
11.834
10.180
11.113
10.756
10.867
11.773
13.066
10.344
10.412
9.946
10.470
8.239
7.501
7.011
11.714
11.660
10.277
10.271
11.912
11.624
10.404
10.946
11.237
9.140
11.978
10.144
9.670
9.853
10.967
7.440
7.996
10.099
6.532
7.504
8.275
12.811
8.919
9.548
8.427
10.730
11.003
7.966
8.325
8.063
8.372
12.540
12.494
10.006
10.871
13.081
12.897
13.139
13.165
13.177
13.164
12.560
13.108
12.377
12.570
10.827
10.605
11.196
9.856
9.658
10.935
11.616
9.751
8.698
12.814
12.977
11.222
12.575
9.694
9.046
9.389
9.622
6.233
7.693
10.361
9.823
9.338
9.305
9.196
10.424
9.783
10.815
11.361
12.110
7.658
9.402
9.347
9.428
10.994
11.196
11.262
11.288
12.807
11.791
12.659
10.261
13.122
13.388
13.540
13.155
11.503
11.552
11.911
10.092
12.567
12.504
11.794
12.147
9.595
10.574
12.237
11.269
10.427
11.764
11.080
12.231
12.767
10.765
10.415
6.667
6.666
6.053
6.506
4.990
5.931
4.652
5.981
6.016
6.122
9.887
10.943
10.748
8.981
10.896
9.558
11.674
11.485
10.723
9.709
10.674
12.060
11.543
12.088
12.251
12.460
12.189
12.187
12.144
11.546
12.225
12.320
12.283
12.886
11.675
11.675
12.455
11.366
11.745
10.497
11.295
11.654
9.085
11.862
10.844
12.312
11.352
9.376
9.873
8.723
9.022
9.043
10.334
12.364
11.388
9.481
7.720
10.799
8.187
10.829
7.645
9.261
11.314
10.823
11.102
9.842
10.458
11.862
10.950
8.948
9.773
12.223
11.510
12.123
12.296
10.992
11.109
11.053
11.328
12.515
12.194
6.714
7.246
8.030
9.080
10.272
9.758
9.706
10.674
7.515
9.577
10.610
11.385
9.029
10.415
9.867
10.756
11.486
11.543
11.169
12.415
11.528
11.848
11.936
12.140
11.866
10.180
8.871
12.256
9.201
8.672
11.294
11.656
10.723
10.162
9.518
10.036
10.199
10.301
8.758
5.998
6.832
6.884
7.905
9.614
7.980
5.766
8.162
6.034
6.103
6.602
6.103
5.369
6.559
5.623
9.186
8.131
7.103
6.980
6.794
6.819
6.766
6.241
6.295
6.799
6.830
6.599
6.454
7.152
4.792
6.311
6.676
8.818
9.274
8.436
9.046
6.748
8.863
8.885
8.486
8.330
8.124
8.259
6.845
8.939
7.600
8.751
8.187
4.251
9.599
8.610
7.771
7.693
6.104
6.587
8.104
6.984
7.994
8.263
9.459
9.359
7.818
8.700
8.243
8.336
7.827
7.672
6.356
9.436
7.888
9.357
8.069
8.116
7.106
10.315
7.610
8.789
7.817
7.815
8.990
7.647
7.736
7.511
8.589
8.903
9.141
8.904
8.339
8.964
5.573
5.100
6.059
4.875
6.686
8.593
7.748
9.402
9.112
8.633
8.371
9.160
7.102
6.862
7.244
7.426
7.688
6.925
8.130
8.099
8.764
8.822
9.886
8.639
8.646
9.727
8.926
7.731
8.641
7.212
9.691
10.556
8.438
7.182
8.699
11.318
7.180
6.763
7.052
6.767
9.574
9.698
9.117
10.220
9.100
9.541
10.260
10.251
9.520
9.676
9.900
10.684
10.367
10.037
10.080
8.065
6.919
9.929
11.763
11.521
12.476
11.670
12.137
11.088
11.675
10.444
12.037
10.316
12.577
11.070
9.461
8.773
9.538
10.074
9.368
9.224
10.162
10.098
11.584
10.196
9.854
11.418
8.093
7.888
6.784
7.961
10.112
11.224
9.492
9.615
10.547
12.440
10.172
10.547
12.045
11.633
13.339
11.120
12.264
11.194
10.514
11.710
11.807
11.101
9.620
9.880
9.524
10.004
7.826
10.617
10.380
9.800
10.293
11.807
10.881
14.115
12.482
12.339
12.348
11.568
13.292
10.507
9.558
11.078
11.866
11.555
11.029
15.714
14.337
15.478
13.179
13.314
8.188
14.107
15.405
15.169
11.975
8.949
11.847
13.883
11.589
13.067
17.536
17.439
19.699
17.685
12.433
15.855
14.687
17.187
17.127
16.064
16.643
17.317
17.337
18.303
18.426
18.377
18.871
14.430
18.018
15.122
17.523
17.340
17.477
12.589
17.467
15.264
18.113
16.295
18.335
15.777
15.446
17.970
18.458
15.252
12.115
15.910
15.892
15.751
15.844
14.908
15.564
14.288
14.465
14.577
15.818
17.069
17.177
17.527
17.448
14.930
14.522
17.353
16.439
16.056
17.329
16.288
11.423
13.563
13.739
14.718
14.384
13.786
13.331
13.213
13.677
14.206
14.215
14.349
13.012
12.602
12.976
14.321
14.434
14.681
9.731
12.209
15.230
14.139
14.486
15.421
15.954
15.457
15.805
14.232
15.572
15.841
15.009
15.822
14.496
13.928
16.291
16.353
15.164
16.391
12.236
13.270
16.347
14.553
14.928
15.441
15.481
15.047
14.910
14.379
13.414
13.893
15.918
15.369
14.746
14.768
14.879
15.235
15.546
15.096
16.354
16.717
17.136
16.276
14.017
15.658
14.494
16.890
15.131
11.860
12.939
11.872
12.316
12.489
10.947
10.637
14.741
11.748
13.106
12.824
12.245
15.403
16.460
14.491
14.832
15.071
16.157
12.257
12.107
13.110
14.224
12.843
11.953
11.773
13.178
13.320
12.670
12.149
13.601
13.606
13.948
12.813
13.393
14.356
13.342
14.669
12.460
11.786
12.962
12.705
14.622
14.537
14.626
14.807
14.204
13.150
12.839
13.845
9.573
13.998
13.707
13.744
14.431
13.605
11.959
13.261
13.490
13.789
13.399
13.516
14.064
13.507
13.397
13.153
12.923
13.527
12.319
12.864
13.303
13.226
12.202
11.676
13.439
12.688
12.275
13.195
12.679
12.838
11.942
12.852
13.707
12.868
13.321
12.653
13.500
13.719
12.425
12.593
11.476
11.541
11.228
11.684
11.968
11.848
12.560
12.466
12.365
12.381
12.487
12.519
11.927
12.639
11.952
11.866
11.139
10.722
11.881
11.717
11.771
12.015
11.568
8.984
9.271
8.585
11.890
12.454
11.233
12.280
12.384
12.410
12.396
11.506
12.415
12.551
11.918
12.437
12.461
11.933
12.504
12.311
12.506
12.549
11.490
11.392
8.554
6.837
9.525
11.344
8.542
8.922
9.031
11.764
10.246
7.608
9.038
11.282
11.361
9.696
11.082
11.532
11.826
11.946
10.685
11.714
11.940
12.046
10.569
11.043
11.554
11.103
10.554
11.640
12.192
12.371
11.815
12.520
13.885
13.640
12.254
11.641
13.378
11.949
12.615
13.241
13.592
14.082
14.193
15.172
15.186
14.714
14.571
14.596
14.447
14.521
11.909
14.713
14.543
15.118
14.102
14.955
14.465
15.074
14.490
14.650
12.526
12.868
15.143
12.913
12.830
10.384
10.166
9.368
13.382
14.438
14.048
14.195
14.377
14.457
15.445
15.051
13.661
13.465
13.735
14.102
14.620
14.061
13.816
11.717
13.480
12.460
13.613
12.434
13.019
14.513
14.333
14.408
14.279
12.968
12.544
13.770
13.508
13.394
14.366
14.224
14.225
14.258
14.298
14.226
14.279
14.484
14.717
14.306
14.293
13.607
13.541
13.789
14.299
14.005
13.842
12.486
12.671
12.621
12.413
12.907
12.697
12.657
12.750
12.694
12.789
13.352
13.309
13.039
14.088
12.749
14.154
14.245
12.440
11.588
11.641
11.425
11.760
11.757
11.648
13.129
12.091
11.835
12.296
11.415
11.285
11.330
10.632
11.292
12.149
12.636
10.270
12.525
12.868
11.704
12.224
12.831
11.936
12.997
12.768
11.472
13.010
9.596
9.891
10.698
12.520
13.096
14.034
13.146
11.944
11.874
12.994
12.106
11.661
10.983
11.940
12.071
11.420
12.021
11.475
12.338
11.750
10.981
11.374
9.998
9.520
10.663
12.042
11.854
12.119
11.849
12.689
12.821
11.601
12.294
12.550
12.649
12.516
9.312
9.412
7.006
8.371
8.883
7.172
8.040
7.530
7.924
7.578
8.412
6.328
8.432
8.473
7.807
7.788
7.885
7.629
6.383
8.031
7.870
7.836
7.457
7.687
7.457
7.746
7.410
7.322
7.779
7.592
7.798
7.637
6.488
7.004
7.595
7.522
7.672
7.711
6.750
6.638
5.332
7.190
7.184
8.283
7.475
7.873
7.368
7.014
9.492
8.018
9.979
10.815
9.496
9.296
10.238
9.766
10.083
10.855
10.601
11.198
13.741
11.863
12.067
11.632
12.627
11.591
10.402
10.606
10.452
10.321
9.976
10.131
10.815
9.873
10.695
11.306
10.921
11.263
10.267
10.699
9.828
10.043
10.933
10.553
11.006
10.885
10.925
11.349
12.691
10.166
10.878
11.622
9.939
10.654
10.172
10.996
11.251
11.536
10.758
11.494
10.843
11.298
11.207
11.053
10.582
10.333
11.044
11.192
10.627
10.733
10.723
9.789
10.123
9.683
9.891
9.433
9.564
9.687
9.456
9.943
9.845
10.180
9.634
9.419
9.179
9.255
9.810
9.679
9.599
9.535
10.300
9.622
9.807
9.275
9.875
9.556
9.585
9.594
9.596
9.434
9.580
9.744
9.514
9.968
10.219
9.419
9.474
9.970
9.777
10.023
9.586
9.816
10.200
9.391
9.494
9.790
9.706
9.090
9.983
9.656
9.356
9.473
9.181
9.342
9.245
9.400
10.139
10.189
10.088
10.242
10.244
10.552
10.951
10.719
11.155
10.798
11.067
12.698
11.365
12.167
11.715
11.953
12.036
12.402
12.029
11.847
13.005
12.713
11.374
11.757
11.026
11.289
10.919
11.536
10.817
11.062
11.578
10.638
11.024
10.805
11.072
11.661
11.427
10.494
10.524
11.905
11.454
10.782
10.880
11.496
11.210
10.918
10.583
9.927
9.899
10.151
9.931
10.384
9.883
9.795
9.565
9.669
9.525
9.886
10.172
9.460
9.757
10.024
9.946
9.785
9.503
10.095
10.175
10.776
10.212
10.027
10.334
10.459
10.732
10.483
10.848
9.856
10.782
10.723
11.019
10.733
9.832
9.380
10.823
10.159
10.556
10.642
10.613
10.363
10.585
10.660
10.767
10.419
9.666
9.483
9.948
9.727
9.349
9.648
9.515
9.856
8.837
9.533
9.682
9.527
9.785
9.767
9.812
9.706
9.726
9.741
9.873
9.663
9.967
8.658
9.961
9.777
9.745
9.542
9.973
9.914
9.596
9.999
8.700
9.650
9.914
9.661
9.651
9.735
9.898
10.087
9.938
9.835
10.452
10.514
10.533
12.427
11.489
12.016
12.525
11.932
11.857
11.588
11.838
10.377
10.552
11.008
10.240
10.891
10.889
10.756
10.490
10.481
10.275
10.113
10.922
10.025
9.938
10.002
10.783
10.362
10.620
9.577
10.671
11.279
11.349
10.955
10.483
11.355
11.622
11.424
11.507
11.395
11.680
11.548
11.717
11.386
11.263
11.487
10.856
11.566
11.499
11.738
11.387
12.232
11.624
12.092
13.131
11.356
11.595
10.484
10.421
10.695
10.313
9.079
9.934
9.927
10.744
7.901
10.296
10.550
9.444
8.484
9.460
9.065
9.726
9.323
8.004
9.413
9.562
9.565
9.719
9.590
9.428
9.505
9.502
9.484
8.901
9.445
9.454
9.859
9.452
9.528
9.550
9.538
9.433
9.487
9.731
9.779
9.724
9.631
10.069
9.404
9.470
9.592
9.798
9.818
10.125
10.414
9.259
9.530
9.687
9.588
8.925
9.604
9.440
7.687
9.464
9.736
9.561
9.972
10.024
10.186
9.519
9.651
9.838
9.734
7.846
9.704
9.511
9.601
10.098
9.629
10.202
10.342
10.434
9.662
9.530
9.691
9.613
9.436
9.332
9.544
9.548
9.600
9.709
9.575
9.388
9.575
10.115
9.542
9.424
9.745
9.483
9.616
9.442
9.309
9.217
9.941
9.287
9.688
9.435
9.550
9.635
8.782
9.590
9.668
9.778
9.548
9.569
9.620
9.608
9.341
9.387
9.453
10.120
9.729
10.027
9.752
9.661
9.621
9.470
9.579
9.359
5.219
8.470
8.505
8.376
8.298
7.594
7.322
6.477
6.417
6.361
5.466
6.474
6.718
6.422
6.447
6.447
6.421
6.340
6.448
6.384
6.667
6.290
6.824
7.420
7.508
7.576
7.351
7.421
7.352
7.591
7.371
8.276
8.151
7.720
7.795
7.947
7.536
7.567
7.674
7.765
7.004
6.299
7.458
7.418
6.677
8.371
8.546
8.716
6.401
6.358
6.416
7.184
6.840
7.842
6.358
8.234
8.651
9.362
9.245
9.424
9.312
9.441
9.276
9.367
7.667
7.279
8.781
8.726
8.614
9.339
7.318
8.480
9.036
8.479
9.217
8.407
8.961
9.275
9.216
8.472
8.671
8.571
9.292
8.601
9.022
8.153
8.876
8.575
8.685
8.593
8.510
8.343
8.160
8.233
8.204
8.464
8.226
8.231
7.231
8.449
8.415
8.940
8.208
7.659
6.122
7.504
7.389
6.338
7.606
7.525
7.431
7.843
6.371
8.030
7.874
7.845
7.844
7.657
7.733
7.942
8.165
7.211
7.503
7.880
7.639
7.210
7.614
7.771
7.706
7.547
7.707
7.939
7.701
7.564
7.319
7.140
5.587
4.573
5.978
5.569
5.022
5.618
4.519
4.330
4.412
4.083
4.445
5.143
5.910
5.577
5.812
5.600
5.447
4.881
5.447
5.734
5.753
5.259
5.597
5.483
4.378
5.776
6.057
6.059
6.367
5.781
5.686
5.755
6.408
5.793
5.982
5.800
6.137
5.710
5.601
5.645
4.692
5.737
5.749
4.809
4.574
5.490
4.633
6.256
5.748
5.880
5.916
6.287
6.278
5.737
4.636
2.148
4.040
4.425
4.190
4.302
4.331
4.272
4.021
4.401
3.874
6.105
4.550
6.360
6.753
7.844
6.942
7.000
6.086
7.414
7.436
7.127
7.894
6.875
5.913
5.653
4.552
4.726
6.435
6.226
6.391
7.759
7.493
5.556
7.827
7.787
6.868
7.799
7.552
7.701
7.972
6.845
6.580
7.016
6.408
6.370
5.918
6.009
6.394
6.371
4.729
4.760
4.438
5.138
5.062
5.927
5.343
5.343
5.799
5.726
5.818
6.410
5.927
5.848
6.773
6.758
6.444
7.561
5.221
4.162
4.528
4.480
4.875
6.831
5.817
6.039
7.348
5.107
5.729
7.311
7.478
7.533
7.868
7.234
7.238
6.995
6.927
6.225
6.338
6.052
7.885
7.936
7.763
6.381
6.172
7.952
7.884
7.391
6.709
5.795
6.444
7.021
7.630
6.344
7.598
7.915
8.178
7.753
7.360
7.479
7.541
7.468
7.565
7.627
7.751
7.619
7.915
6.544
5.088
5.157
5.504
7.357
7.436
7.499
7.211
7.442
7.464
7.404
7.421
6.320
7.446
7.432
7.350
7.458
7.525
7.641
7.617
7.431
7.490
6.877
7.759
7.916
7.142
8.686
7.685
8.679
8.643
7.444
7.779
7.686
7.689
7.695
7.597
7.629
7.721
7.686
7.501
7.480
6.810
7.710
8.593
8.559
8.614
8.511
8.314
8.353
8.026
7.848
7.695
7.549
6.684
7.363
7.229
8.070
7.326
7.696
7.615
7.547
7.677
7.537
8.452
8.429
8.483
8.509
8.316
8.410
7.443
8.370
8.302
8.793
8.250
7.399
7.492
6.444
8.681
8.495
8.611
7.957
9.525
8.453
8.793
8.644
7.875
8.625
7.679
7.861
7.504
7.154
6.404
7.238
6.072
5.736
7.673
4.632
7.440
6.610
7.523
8.278
8.078
8.172
7.775
7.876
7.347
8.766
8.711
9.068
9.352
9.313
7.935
5.255
5.515
5.464
5.226
6.116
5.865
5.729
6.349
5.018
4.905
5.938
8.403
7.071
7.968
8.498
8.570
7.774
7.417
8.313
6.481
7.666
7.483
7.482
7.551
6.126
7.426
7.578
7.917
7.653
7.676
7.779
7.761
7.568
7.644
7.492
7.584
7.481
6.451
7.589
7.722
7.844
7.547
6.346
6.433
7.427
7.541
3.989
6.324
7.665
7.572
7.168
7.460
6.287
7.299
7.647
7.794
7.396
7.870
7.378
7.558
7.591
6.945
7.329
7.453
7.546
7.016
6.721
7.229
7.136
6.520
6.301
7.725
7.378
7.429
7.877
6.375
6.276
6.645
6.719
8.023
6.809
7.135
7.507
7.527
6.854
6.476
7.821
7.308
7.008
7.897
7.084
7.883
5.860
7.793
8.170
7.710
7.316
7.886
7.328
6.799
6.973
6.692
7.021
7.525
7.691
7.865
7.832
7.481
7.763
8.802
7.525
5.420
4.172
2.973
5.061
5.503
5.435
4.602
4.787
4.064
5.139
5.079
4.146
6.132
5.325
5.856
5.390
4.823
6.356
8.502
7.264
8.228
7.259
8.155
7.205
7.676
5.514
8.169
8.333
8.353
7.687
7.673
6.212
6.785
6.128
7.209
6.669
6.882
7.366
6.910
6.524
6.764
6.339
7.625
7.456
6.389
6.152
6.493
6.528
6.292
6.595
7.396
6.590
7.772
6.955
6.586
8.113
8.339
6.621
6.525
7.484
5.024
5.260
5.228
2.916
6.027
7.549
6.313
4.939
7.487
5.735
7.325
6.644
6.620
7.551
7.535
7.122
5.570
6.341
6.046
7.429
6.119
6.019
6.578
7.282
7.118
6.984
6.621
6.891
4.758
6.714
6.838
7.714
6.082
7.929
7.735
7.934
7.485
7.333
7.384
5.987
7.355
6.764
6.721
7.223
7.826
6.693
8.265
7.660
7.806
7.853
6.704
6.957
8.341
8.306
8.171
8.152
8.219
7.938
7.883
8.305
8.225
8.205
8.135
8.149
8.317
8.200
7.662
8.011
7.588
7.872
7.831
7.913
7.792
8.154
8.369
8.276
8.123
8.346
8.307
8.304
8.178
8.265
7.208
7.518
7.456
7.056
6.750
6.018
8.248
8.070
8.331
7.793
8.292
8.299
7.882
7.798
8.227
8.053
8.231
7.410
8.022
8.065
8.346
8.328
8.314
8.346
8.155
8.276
7.773
6.460
7.542
7.890
8.248
8.191
7.186
5.347
7.718
7.376
7.497
8.203
7.833
8.076
8.571
7.613
7.719
8.605
8.553
8.529
8.575
6.618
6.600
6.461
6.284
6.455
7.571
7.573
6.832
6.878
6.131
6.204
6.423
6.432
5.473
6.361
6.389
6.495
6.558
6.717
5.788
7.372
6.403
6.669
8.625
8.102
6.676
8.049
8.433
8.544
8.448
8.580
8.562
8.149
6.395
7.948
8.009
7.230
7.315
8.181
7.892
8.460
8.052
7.992
7.459
8.056
7.947
6.530
6.200
6.955
8.246
8.050
7.506
7.723
7.803
7.406
7.188
7.276
5.912
7.050
6.672
8.394
8.376
6.402
6.665
5.986
6.657
5.887
6.512
6.400
6.983
6.610
5.808
6.100
5.902
6.176
5.973
6.197
6.401
6.639
5.756
5.768
5.900
5.812
6.018
6.663
4.707
6.029
5.778
5.953
5.825
5.577
3.425
6.355
6.115
5.855
6.407
6.456
6.259
5.842
5.581
3.553
4.718
2.453
2.488
2.993
3.428
3.860
6.031
6.591
6.525
5.746
6.203
5.400
6.309
5.528
5.807
6.346
5.518
6.317
5.749
5.715
5.680
5.900
4.863
6.248
5.866
6.761
5.538
6.172
5.894
5.735
5.233
6.256
6.132
6.081
6.098
5.098
5.756
4.416
6.715
5.527
5.697
6.323
6.367
6.528
6.158
6.920
6.579
6.461
6.279
5.546
5.710
5.737
6.811
4.453
5.777
6.146
6.678
7.412
7.638
6.713
6.296
5.254
6.956
5.629
6.333
6.148
6.158
5.964
5.774
5.663
6.942
7.085
7.015
6.226
5.804
6.186
5.813
6.687
6.389
6.241
5.702
5.929
6.924
5.828
6.184
6.743
6.069
5.649
6.415
5.575
6.594
5.457
6.351
4.931
5.818
6.171
6.883
6.274
4.474
4.805
4.578
4.718
5.231
6.338
4.588
6.165
6.565
6.350
6.111
5.985
6.170
5.655
5.276
6.434
5.874
6.509
5.579
5.752
5.762
6.808
6.702
6.854
6.331
5.768
7.307
7.075
7.049
6.792
6.756
4.897
5.259
5.662
4.911
4.338
5.529
4.471
4.957
4.474
5.151
4.897
5.161
3.614
3.536
3.674
3.815
3.651
3.687
3.557
3.778
4.862
4.305
4.892
4.058
4.143
4.212
4.551
4.137
4.470
3.952
3.776
3.340
4.235
3.819
4.226
4.808
4.453
4.504
5.405
5.032
3.795
3.779
5.094
4.065
4.266
5.801
5.880
5.418
4.753
5.794
5.357
4.858
4.999
4.124
4.410
4.888
4.608
5.102
6.172
4.935
5.072
4.011
3.834
4.914
3.792
4.143
4.180
3.807
4.349
4.937
3.965
4.068
3.742
3.796
4.649
5.100
4.631
4.672
4.775
3.864
4.184
4.353
4.600
5.234
4.900
4.738
4.889
3.848
3.846
4.804
3.864
3.862
4.413
3.477
4.400
3.804
3.664
3.605
3.576
3.473
3.617
3.454
3.783
3.848
4.276
4.637
4.228
3.617
3.689
3.712
3.775
3.997
3.787
3.731
4.102
4.019
3.591
3.880
3.607
3.928
4.117
3.464
3.527
3.456
3.705
3.721
3.496
3.781
3.739
3.665
3.589
3.748
3.830
3.348
3.665
3.609
3.799
3.761
3.647
3.859
4.535
3.898
4.421
5.639
4.484
5.441
5.355
5.399
5.256
5.403
5.600
5.356
5.003
5.002
4.702
4.498
4.863
4.420
4.764
5.381
5.696
5.433
6.092
5.348
4.599
5.476
4.841
4.401
4.707
4.421
4.513
4.386
4.303
4.319
4.249
4.256
4.238
4.251
4.229
4.236
4.278
4.294
4.233
4.233
4.272
4.240
4.251
4.240
4.258
4.266
4.238
4.226
4.240
4.260
4.239
4.272
4.241
4.264
4.249
4.238
4.265
4.279
4.212
4.267
4.262
3.755
4.264
4.264
4.218
4.223
4.284
4.280
4.257
4.303
4.288
4.298
4.215
3.919
4.389
3.937
4.190
4.280
4.255
3.468
3.414
4.227
4.491
4.549
4.338
4.234
4.322
4.341
4.386
4.313
4.495
4.461
4.350
4.384
4.346
4.358
4.355
4.449
4.306
4.240
3.660
4.264
4.279
4.333
4.272
4.303
4.352
4.280
4.080
4.123
4.243
4.009
4.262
4.309
4.345
4.274
4.319
4.276
4.304
4.296
4.337
4.070
4.314
4.433
4.514
4.656
4.511
4.558
4.396
4.524
4.529
4.369
4.463
4.449
4.411
4.410
4.366
4.446
3.971
4.617
3.865
3.798
4.603
4.881
4.562
4.933
4.557
3.543
1.711
2.953
4.493
4.524
4.513
4.941
4.474
4.267
4.686
4.525
5.383
5.833
5.672
6.294
6.186
5.524
6.238
5.571
4.501
5.443
5.747
6.007
5.933
5.207
7.105
6.482
4.765
4.279
4.492
5.473
3.822
3.413
3.566
3.847
4.328
3.983
4.292
3.798
3.600
4.043
3.684
4.149
3.508
3.874
3.963
4.237
4.265
4.263
4.254
4.270
4.227
4.280
4.200
4.295
4.323
4.301
4.289
4.252
4.259
4.284
4.337
4.330
4.351
4.299
4.352
4.288
4.274
4.315
4.306
4.309
4.309
4.263
4.276
3.691
3.890
3.914
3.665
4.135
3.709
3.646
3.870
3.993
4.176
4.036
3.746
3.432
4.270
4.027
3.941
4.048
4.075
3.813
3.696
3.557
3.571
3.796
3.933
3.829
3.626
3.993
4.155
3.905
3.950
3.763
4.043
3.713
3.617
3.556
3.945
3.893
4.243
3.860
3.694
4.011
4.055
1.931
2.276
3.417
3.595
3.732
3.460
3.562
3.795
3.828
3.558
3.598
3.599
3.522
4.119
3.771
3.929
4.219
4.193
4.151
3.898
3.853
3.666
3.902
3.486
4.082
4.304
4.366
4.371
4.417
4.365
2.331
3.486
4.056
4.219
3.772
3.580
3.710
4.292
3.429
4.325
4.284
4.349
4.384
4.244
4.397
4.419
4.446
4.547
2.388
4.043
4.422
4.493
4.492
4.366
4.479
4.475
3.898
4.501
4.588
4.925
4.501
4.210
4.571
4.692
4.166
6.397
6.646
6.479
7.254
5.925
7.093
6.766
6.817
6.681
6.147
6.714
6.566
7.158
6.536
6.906
7.203
6.649
6.881
6.626
6.595
7.379
7.633
6.885
6.713
7.580
8.099
7.128
7.414
7.287
6.746
6.976
7.154
7.244
7.460
6.802
7.004
7.617
7.337
7.213
7.484
7.364
6.656
6.881
7.183
7.336
6.735
6.902
7.001
7.218
7.408
6.886
7.206
7.772
7.336
7.127
7.221
6.813
6.654
7.510
7.415
6.687
6.930
7.281
6.500
7.361
7.652
7.379
7.835
7.239
6.503
6.483
6.441
6.903
7.120
6.993
6.708
6.825
6.557
6.543
6.872
6.595
6.639
6.641
6.527
6.294
6.443
6.406
6.565
6.386
6.559
6.540
7.010
7.173
6.956
7.253
7.131
6.833
6.908
6.490
6.461
7.120
6.618
6.540
6.442
6.437
7.350
7.453
7.557
7.254
7.975
7.411
7.523
7.666
7.491
8.042
7.331
7.534
7.265
7.597
7.482
7.421
7.612
3.937
3.860
5.647
5.452
7.613
7.322
8.257
8.159
7.439
7.460
7.745
7.455
7.801
8.463
8.762
8.645
8.658
8.546
8.062
7.650
8.886
8.271
7.012
8.253
8.403
8.600
8.434
9.404
9.345
9.438
9.694
9.188
9.365
9.406
9.285
9.536
9.339
9.359
9.349
9.336
9.561
8.684
9.104
8.379
9.316
9.295
9.389
9.555
9.682
9.337
8.678
9.308
9.746
9.600
9.589
9.363
9.689
10.184
10.423
9.996
9.394
9.629
9.727
9.651
9.510
9.468
9.370
9.865
10.268
9.086
10.099
10.330
9.460
9.740
9.380
9.450
9.311
9.859
9.788
9.871
9.396
10.310
10.269
10.531
9.610
10.661
10.728
10.706
11.320
10.891
10.566
10.914
11.360
10.687
10.703
10.793
11.197
10.840
9.301
9.773
10.793
9.553
10.161
10.301
10.436
9.868
10.331
10.751
10.703
9.908
10.105
10.035
10.624
10.420
10.755
10.666
9.818
11.197
10.387
10.661
10.894
11.091
11.343
11.322
10.947
9.472
10.458
10.951
11.150
10.853
10.819
11.363
10.595
11.033
10.981
11.394
10.713
11.115
9.885
10.663
10.905
10.891
10.823
10.403
9.663
10.153
9.921
9.720
9.948
9.323
9.151
9.507
9.514
8.840
8.761
9.053
8.200
9.279
9.325
9.307
9.221
9.124
9.265
9.099
8.920
9.656
9.453
9.619
9.612
9.432
9.547
9.443
9.605
9.362
9.320
8.279
8.991
9.484
9.803
10.027
9.783
9.351
10.147
9.636
10.042
11.250
9.913
10.390
10.134
9.648
9.953
11.399
11.005
11.642
10.949
10.615
10.150
11.230
10.906
10.556
10.795
10.424
10.477
10.046
9.749
10.273
9.396
8.858
9.746
9.413
9.790
10.205
10.307
10.376
9.537
9.700
9.804
9.724
9.647
9.849
9.770
9.988
10.510
9.708
10.496
9.451
10.224
10.040
10.376
9.965
10.120
9.433
9.672
10.104
9.633
9.243
9.759
9.645
9.881
10.674
10.790
11.474
11.779
10.925
10.954
10.504
11.064
10.649
11.257
10.585
10.418
10.009
10.365
9.765
10.056
10.417
10.082
10.810
10.054
10.013
11.262
11.398
10.222
10.096
10.266
10.416
10.374
11.252
11.079
11.046
10.772
11.102
11.806
10.674
10.489
10.238
10.454
10.504
10.399
11.302
10.880
10.704
11.061
10.220
10.868
10.849
9.946
10.270
10.009
10.888
11.569
10.931
11.466
10.714
11.607
11.264
11.637
11.198
11.401
10.806
11.300
10.738
10.579
11.582
10.464
11.286
11.855
11.731
11.779
11.472
11.868
11.681
12.382
12.117
12.095
10.821
9.976
11.237
10.915
10.357
10.213
10.291
10.152
9.868
9.674
9.882
10.842
10.855
11.007
10.818
10.660
10.823
10.586
10.490
10.815
10.669
10.760
11.285
11.274
11.061
11.191
11.240
11.734
11.075
10.820
10.704
10.641
11.328
10.677
10.658
9.564
9.472
9.814
10.202
9.514
9.381
9.873
9.785
9.826
9.633
10.686
9.601
10.667
10.755
10.758
10.819
11.121
10.347
10.946
9.754
10.237
11.076
11.009
10.800
10.715
11.703
13.005
12.808
12.560
11.611
11.425
10.427
10.845
10.768
10.400
10.970
10.555
11.005
10.525
10.803
10.805
9.785
10.326
10.299
10.027
10.196
9.501
9.776
10.354
10.364
9.806
10.958
10.428
10.412
10.416
10.458
10.378
10.708
10.738
10.752
10.851
10.702
10.791
10.757
10.398
10.917
11.025
11.066
11.304
11.179
11.214
10.522
10.582
10.901
10.994
11.010
10.719
10.596
8.864
10.577
10.844
10.225
10.848
10.604
10.393
11.466
11.369
11.628
11.820
11.552
11.432
11.023
11.344
11.380
11.969
10.274
11.507
11.442
11.534
11.660
11.799
11.901
11.700
11.202
11.518
12.306
12.286
12.375
11.295
12.150
12.369
12.150
11.140
10.970
10.105
10.543
10.201
10.499
10.874
10.335
9.567
10.432
10.145
9.595
9.610
9.633
9.887
9.589
10.054
10.034
9.540
9.230
9.401
9.573
9.539
9.332
10.008
11.027
10.490
10.602
10.409
10.556
11.196
10.664
10.791
11.030
10.792
10.499
10.471
11.053
10.976
11.389
11.478
10.790
10.676
11.255
10.942
10.508
11.647
9.931
9.773
10.662
10.085
9.804
10.124
10.278
9.497
9.317
9.210
8.853
9.568
10.218
9.586
9.793
9.160
9.884
9.719
9.414
9.699
9.816
9.511
9.360
9.598
9.861
9.629
9.929
10.468
10.560
10.355
10.611
10.657
10.554
9.784
9.811
10.278
9.572
9.728
10.320
10.481
10.109
10.178
9.835
10.011
9.690
9.358
10.138
9.547
10.011
9.410
9.322
9.245
9.050
9.037
7.353
8.558
9.309
9.351
9.280
9.243
9.506
9.850
9.545
9.439
9.170
9.165
9.271
9.422
8.658
9.019
9.357
9.771
9.387
10.001
9.352
10.784
10.229
9.828
9.825
11.449
10.819
10.820
10.643
10.606
10.519
10.495
10.859
10.296
10.453
10.522
10.315
9.532
11.005
10.306
10.080
10.355
10.211
9.981
9.180
10.238
9.919
9.580
9.872
10.261
10.507
10.147
10.149
9.156
8.300
7.867
8.181
10.400
10.297
7.781
10.299
8.983
10.280
10.328
10.302
10.265
10.211
10.229
10.333
10.355
10.291
10.299
10.265
10.245
10.294
10.221
10.230
9.482
10.244
10.266
9.869
10.119
10.416
10.415
10.420
10.640
10.149
10.318
10.638
10.324
10.362
10.405
10.441
10.569
10.376
10.310
10.306
10.390
10.544
10.483
10.301
10.232
10.310
10.299
7.434
7.622
6.191
7.216
7.623
7.981
10.369
10.247
10.237
10.200
10.223
10.095
10.272
10.104
10.276
10.411
10.562
10.432
10.405
10.574
10.245
10.485
10.306
10.399
10.693
10.454
11.033
11.170
9.978
10.509
10.794
10.529
10.581
10.872
10.567
10.356
10.491
10.360
10.506
10.424
10.786
10.531
10.434
10.581
10.498
10.429
10.471
10.421
10.203
9.386
10.026
10.288
10.199
10.357
10.473
10.421
10.277
10.344
10.839
10.513
10.851
10.893
10.482
10.533
10.703
10.759
10.484
10.649
10.709
10.923
10.834
8.586
11.003
10.775
10.759
10.533
10.735
10.737
10.577
10.520
10.423
10.596
10.609
10.474
10.454
10.600
8.828
8.714
11.084
10.439
10.531
10.420
10.498
10.716
11.031
10.763
10.475
10.266
9.118
10.576
10.220
10.455
10.328
10.780
10.569
10.468
10.432
10.430
10.335
10.360
10.441
10.221
10.304
10.648
10.719
10.577
10.425
9.470
10.208
10.012
9.666
9.535
9.334
9.402
10.099
9.652
10.078
10.035
10.012
10.177
9.596
9.726
9.337
9.863
9.618
9.279
9.223
9.470
9.569
9.533
9.327
9.365
9.325
9.454
7.403
9.378
9.335
9.281
9.613
10.218
10.145
9.671
9.682
9.455
9.934
9.554
9.383
10.063
9.764
10.239
9.773
9.259
9.306
9.980
10.201
9.382
9.389
9.263
9.529
9.712
9.382
9.369
9.575
9.593
9.371
9.414
9.767
9.589
9.430
9.593
10.079
9.586
9.424
7.818
7.241
9.390
9.966
7.821
9.429
9.872
9.714
9.837
10.214
9.977
9.527
9.616
9.612
9.554
9.524
9.783
9.468
9.913
9.867
9.289
9.495
9.385
9.257
9.546
9.265
9.789
9.474
9.315
10.175
10.109
9.910
9.182
9.529
9.526
9.627
9.375
9.150
9.343
9.288
9.516
9.375
10.054
9.536
8.548
9.796
9.331
9.209
9.275
9.361
10.044
9.989
9.953
8.967
9.485
9.533
9.390
9.351
9.678
9.510
9.525
9.824
9.635
9.348
9.236
9.527
9.576
9.322
9.371
9.546
9.652
9.373
9.560
9.353
9.628
9.645
9.330
9.385
9.408
9.276
9.581
9.241
9.423
9.846
9.095
9.834
10.113
9.430
9.504
9.606
9.644
9.433
9.588
9.688
10.099
9.692
9.257
9.660
9.302
9.385
10.073
9.972
10.169
10.214
10.254
10.248
10.243
10.418
10.078
10.389
11.267
10.658
9.783
9.952
10.278
10.306
10.355
10.314
9.754
10.069
10.208
9.645
10.063
10.227
12.450
12.295
11.812
10.233
11.433
11.349
11.259
11.364
11.359
11.189
11.353
11.645
11.286
12.149
11.328
11.391
12.259
11.674
11.281
10.984
10.822
11.928
9.739
11.673
9.600
11.615
9.059
9.754
12.153
12.255
10.882
12.231
11.455
10.453
12.167
11.807
11.265
11.572
10.586
11.254
10.954
10.546
10.429
8.991
11.030
10.181
11.221
8.778
10.089
10.676
11.173
11.612
11.221
11.559
11.930
11.649
11.181
11.445
10.509
11.224
11.304
10.131
10.481
10.750
10.259
10.212
10.346
10.279
10.468
10.467
10.045
10.406
10.844
10.722
11.121
10.375
10.161
10.778
10.919
10.268
11.102
10.499
10.302
10.309
10.369
10.443
10.418
10.529
10.249
10.499
10.235
9.574
10.338
11.204
10.263
10.297
10.286
10.319
9.266
10.398
10.406
10.451
9.124
11.080
10.800
10.728
10.812
8.931
10.474
10.555
10.571
10.608
10.090
11.232
10.297
10.467
10.325
10.336
10.387
10.480
10.413
10.454
10.637
10.246
10.287
10.783
10.615
10.403
10.495
10.391
10.559
10.407
10.441
10.346
10.427
10.586
10.328
10.884
8.627
8.681
7.556
6.827
8.707
8.652
8.403
8.427
8.882
8.727
8.405
8.296
8.548
10.044
10.326
9.260
8.491
9.797
8.118
10.435
10.441
10.405
11.051
10.726
8.818
8.529
8.859
8.529
8.453
9.320
10.033
10.071
10.087
10.180
10.282
10.451
10.660
10.359
10.565
10.512
10.323
10.468
10.193
10.337
10.352
10.317
10.523
10.784
9.938
10.335
10.667
10.389
10.500
10.423
10.447
10.320
10.275
10.457
10.194
10.015
9.874
10.466
10.519
10.022
10.434
10.280
10.313
10.653
10.631
10.677
10.505
10.372
10.012
10.479
10.215
10.130
10.203
10.347
10.613
10.314
10.941
10.650
10.432
10.492
10.718
10.407
10.526
10.417
11.145
11.192
11.185
11.209
10.938
11.195
10.391
11.198
11.053
11.247
10.794
10.405
10.270
9.693
9.530
9.347
9.180
9.329
10.379
10.525
10.720
10.538
10.490
10.781
10.921
10.322
9.269
9.062
9.517
8.562
10.479
9.718
10.305
10.479
10.260
10.104
10.196
9.807
9.832
9.894
10.184
10.335
10.362
9.452
10.056
10.182
9.428
9.279
9.526
9.561
9.439
9.488
8.598
10.160
9.357
9.714
9.429
9.519
9.533
9.344
10.521
9.554
10.742
10.726
9.868
10.597
10.179
9.912
10.348
9.827
9.480
9.878
9.966
10.291
10.704
11.196
10.404
10.289
9.784
9.368
9.452
9.054
9.598
9.954
9.488
9.916
10.056
9.428
9.305
9.368
9.989
9.877
9.211
8.514
10.333
9.335
9.162
10.051
10.039
9.551
9.599
9.835
9.438
9.476
9.775
9.455
9.016
9.529
9.410
10.247
9.509
9.726
9.734
9.433
9.451
9.593
9.467
9.511
9.677
9.464
9.393
8.748
8.706
8.643
8.418
8.482
8.803
9.476
9.571
9.737
10.087
9.467
9.853
9.747
9.405
9.421
9.956
9.756
9.342
9.464
9.753
9.438
9.545
9.499
9.395
7.962
8.699
8.682
9.100
8.824
8.746
8.482
8.441
8.451
8.617
8.415
8.401
7.874
5.327
8.542
8.724
8.629
8.562
8.305
8.552
8.525
8.249
8.541
8.398
8.496
8.419
8.460
8.446
8.800
8.571
8.374
8.567
8.665
8.508
8.832
8.473
8.509
8.399
8.404
8.680
8.478
8.502
10.302
10.213
9.874
10.011
9.472
10.720
10.640
10.271
10.767
9.728
10.191
10.380
9.666
11.138
8.755
8.619
8.013
9.541
10.287
9.734
10.549
10.792
10.744
10.490
10.488
10.099
10.466
10.350
10.642
10.663
10.277
10.788
11.530
12.474
11.859
12.991
11.882
11.623
12.243
11.980
10.956
12.006
11.557
12.230
12.821
13.295
13.319
13.323
13.939
12.711
12.704
12.478
12.595
13.332
12.688
12.444
13.395
11.231
12.060
11.067
11.992
11.550
12.340
11.743
11.143
11.736
10.701
11.863
11.571
12.211
11.869
11.636
10.825
9.428
9.776
9.500
8.710
8.872
8.608
8.610
8.615
8.545
8.541
8.388
9.105
8.686
8.686
8.437
7.921
8.425
8.430
8.442
8.362
8.094
8.560
8.490
8.487
8.367
8.331
8.337
8.353
8.192
8.442
8.432
8.299
8.508
8.751
8.589
8.582
8.481
8.424
8.454
8.398
8.587
8.393
8.257
8.526
8.544
8.924
8.212
8.444
8.609
9.482
8.847
8.423
8.341
8.400
8.304
8.405
8.342
8.370
8.461
8.437
8.522
8.673
9.478
9.277
9.100
9.185
8.737
7.935
8.329
8.645
8.747
9.029
9.355
9.430
9.486
9.399
9.379
9.435
9.409
9.402
9.410
9.723
9.615
9.356
7.824
9.331
9.469
9.398
9.657
9.411
9.501
9.844
9.432
9.452
9.755
10.042
9.487
9.424
9.327
9.211
9.378
9.481
9.728
9.398
9.354
9.474
9.052
9.377
9.417
9.371
9.441
9.415
9.418
9.282
9.347
9.340
9.387
9.434
9.445
9.629
9.841
9.433
9.423
9.357
9.431
8.731
9.389
9.394
9.406
9.328
9.423
8.895
9.742
10.246
8.217
7.012
6.679
10.028
9.512
9.771
9.417
9.721
9.827
9.698
9.739
9.628
9.565
9.673
9.540
9.659
9.808
9.880
9.503
9.553
9.829
9.732
9.645
9.402
9.354
9.695
9.028
9.430
9.547
9.561
9.427
9.863
9.523
9.929
9.442
9.965
9.555
10.131
8.788
10.118
10.666
9.381
8.813
10.011
10.248
9.314
9.448
7.611
9.455
9.514
9.536
10.277
9.630
10.049
9.516
9.729
9.722
9.477
9.793
9.761
9.808
9.533
8.989
8.708
9.639
9.489
9.681
9.496
9.672
9.872
9.782
10.393
10.434
10.184
10.201
10.403
9.878
9.853
10.156
9.965
10.340
10.662
10.142
10.323
10.670
10.544
10.438
10.339
10.576
10.616
10.607
10.400
10.507
10.857
11.071
10.329
10.527
10.483
10.524
10.466
10.550
10.587
9.825
10.303
10.476
8.949
9.040
8.893
8.649
8.420
8.433
7.788
8.668
8.456
8.363
8.680
8.461
8.568
8.516
8.879
8.504
8.420
8.538
8.511
8.503
8.503
8.437
8.525
8.628
8.484
8.338
8.330
8.449
8.374
5.366
7.739
8.406
7.810
8.470
8.404
6.845
8.293
8.630
8.462
8.574
8.416
8.326
8.691
8.501
8.281
8.508
8.627
8.326
8.739
8.492
8.496
8.397
8.670
8.224
8.532
8.356
8.638
8.585
8.610
8.685
8.540
9.170
9.844
9.463
9.475
9.504
9.651
9.710
9.483
9.531
10.014
9.578
9.070
9.512
9.908
9.484
10.302
10.067
10.200
10.186
10.496
10.438
11.518
10.391
10.761
10.331
10.654
10.531
10.433
10.926
10.810
10.472
9.847
10.695
10.673
10.845
11.306
10.569
10.963
10.689
11.797
10.909
10.935
10.877
10.799
10.648
10.644
11.151
10.405
10.371
10.452
10.777
10.421
10.496
10.872
10.743
10.839
10.462
10.479
10.303
10.414
10.609
10.556
10.534
10.416
10.476
10.621
11.297
10.345
10.911
10.538
10.565
10.189
10.510
10.492
10.280
10.143
10.247
10.165
10.243
10.260
10.100
9.814
10.254
9.753
9.801
9.432
9.815
10.018
10.351
11.657
11.321
11.356
11.342
11.529
11.670
11.338
11.124
11.479
11.266
11.273
9.972
9.789
11.304
11.806
11.330
11.465
11.380
11.741
11.355
11.367
11.571
11.406
11.712
11.334
11.377
10.549
11.110
11.390
11.651
11.445
11.561
11.484
11.889
9.350
11.330
11.023
11.184
11.351
11.243
11.697
9.832
10.381
10.470
10.504
10.542
11.005
11.186
11.007
10.369
10.416
11.130
10.329
10.878
11.010
10.528
10.492
10.665
10.614
11.149
10.228
10.446
8.805
10.184
10.371
10.183
9.482
9.446
9.590
10.444
10.362
10.319
10.247
10.641
11.057
9.634
9.808
9.985
9.313
9.553
9.994
10.315
10.455
9.706
9.521
10.220
8.778
9.825
9.521
10.072
10.121
9.495
9.541
9.873
8.809
9.670
9.505
9.305
9.441
9.346
9.303
9.556
10.106
9.253
9.422
9.654
9.377
9.503
9.431
9.544
10.033
9.515
8.126
9.380
9.730
10.078
9.919
9.501
9.724
9.608
8.562
8.844
8.759
10.462
9.710
10.108
10.631
10.441
10.388
10.001
10.300
8.433
6.363
7.723
10.348
10.275
9.854
9.824
10.008
9.741
9.923
10.094
10.034
10.125
9.867
10.069
9.979
10.089
10.223
10.048
10.095
8.880
9.863
9.884
9.433
9.725
9.586
9.838
9.545
10.000
9.765
9.296
9.706
9.880
9.944
9.555
7.892
7.706
8.783
9.564
8.730
8.605
7.638
6.760
8.981
8.927
8.958
9.316
8.218
8.712
8.845
8.571
9.266
9.616
9.560
9.458
9.329
9.438
9.444
9.385
9.549
7.887
9.408
9.368
9.544
9.467
9.021
9.105
9.464
9.535
9.426
9.353
9.285
9.679
9.891
10.003
9.529
9.997
9.682
9.584
9.607
9.761
10.108
9.436
9.939
10.014
9.843
9.917
9.693
9.697
9.819
10.188
9.999
10.201
9.774
10.025
9.744
9.716
9.965
9.682
9.552
9.832
9.654
9.635
9.491
9.717
9.456
9.744
9.666
9.482
9.942
10.182
9.834
9.588
9.579
9.411
9.367
9.596
9.293
9.443
9.321
9.624
9.411
9.344
9.347
8.812
7.701
8.175
7.214
9.185
9.263
9.284
9.712
9.354
9.409
9.421
9.436
9.601
9.378
9.704
9.486
8.781
9.409
8.544
9.493
9.550
9.541
9.401
9.367
9.395
9.625
9.011
9.264
8.648
9.530
9.815
9.513
9.274
8.951
9.873
9.424
9.420
9.404
9.374
9.725
9.540
9.369
9.551
9.145
8.217
9.249
9.253
9.409
10.159
9.390
9.565
9.353
9.316
9.401
9.444
8.602
9.333
9.552
9.620
9.704
9.467
9.341
9.687
9.585
10.270
9.669
9.806
10.633
11.062
10.406
9.248
10.532
10.421
9.568
9.331
9.926
9.553
10.176
8.912
9.588
9.487
9.320
9.334
9.529
9.360
9.337
9.262
8.154
9.672
9.340
9.283
9.629
9.406
9.350
9.828
9.449
9.282
10.046
9.949
9.434
9.376
9.464
9.414
9.433
9.474
9.380
9.416
9.573
9.993
9.448
9.407
9.878
10.843
9.666
9.620
9.671
9.487
9.188
9.125
9.239
9.360
9.230
9.365
9.248
9.500
9.601
9.748
9.633
9.591
9.728
9.682
9.389
9.306
9.682
9.469
9.286
9.357
9.326
9.494
9.398
8.821
6.051
6.904
7.254
7.368
8.011
9.785
10.179
9.865
9.428
9.858
9.771
10.100
9.762
9.886
9.478
9.927
9.423
9.315
9.782
9.680
9.475
9.522
9.745
9.533
9.513
9.450
9.567
8.671
10.119
6.897
10.097
9.622
9.525
9.351
9.590
10.082
9.763
9.626
10.058
9.082
9.509
10.188
10.232
9.859
9.693
9.168
8.328
9.262
9.275
9.566
9.947
10.086
9.533
9.728
9.418
9.479
9.513
9.472
9.592
9.316
9.465
8.048
9.478
10.283
9.791
9.354
9.458
9.383
9.718
9.384
9.296
9.421
10.199
9.657
10.297
9.886
9.352
9.452
9.428
9.119
8.761
9.009
8.444
8.549
8.707
8.678
8.961
8.738
8.543
8.478
9.238
9.244
9.298
8.685
8.953
7.356
9.226
9.249
9.229
9.329
9.302
8.934
7.591
9.222
9.219
9.245
9.133
9.140
9.223
8.585
8.326
8.321
8.538
9.044
9.263
8.527
9.271
8.617
9.196
9.164
9.042
8.957
8.828
8.784
8.637
9.164
9.154
9.213
9.133
8.966
4.824
6.085
9.270
9.433
10.444
10.486
10.295
9.808
10.076
10.321
10.569
10.686
10.559
10.064
10.266
10.654
10.677
10.331
10.658
10.460
10.761
9.778
9.761
9.877
9.705
9.440
9.861
9.561
9.703
9.646
9.900
9.799
9.760
9.767
9.995
9.845
9.782
10.467
10.149
10.120
9.916
9.582
10.264
10.196
10.728
10.608
11.064
10.171
10.359
10.077
10.696
10.315
10.336
10.642
10.603
10.208
10.443
9.975
8.726
9.661
8.698
8.542
9.597
10.570
10.406
10.597
10.639
9.888
9.785
10.191
9.121
8.823
8.351
9.478
8.754
9.624
8.485
9.890
10.516
10.277
10.212
10.217
10.328
10.027
9.645
9.504
10.849
10.827
9.945
10.320
10.067
10.297
10.110
10.439
10.274
10.107
9.771
10.060
9.831
9.832
9.958
10.176
10.188
9.879
9.732
9.771
9.708
9.523
9.780
9.861
9.113
9.814
9.780
10.173
10.052
9.825
10.028
9.805
9.892
9.945
11.311
11.286
9.951
9.632
9.839
9.612
9.512
9.339
10.059
10.000
9.818
9.927
10.082
10.154
9.920
9.671
9.527
9.570
9.825
9.223
9.015
9.231
9.614
9.770
10.081
9.834
9.577
9.624
9.348
9.551
9.473
9.563
9.666
9.645
9.371
9.824
9.602
9.274
9.376
9.442
9.491
9.368
9.283
9.806
9.625
9.541
9.643
9.390
9.428
9.881
9.446
10.256
9.506
9.657
9.622
9.456
9.373
9.643
10.092
9.542
9.648
9.520
9.794
9.149
9.352
8.800
9.118
9.184
9.823
9.440
9.263
9.091
8.959
9.327
9.316
9.364
8.740
9.391
9.432
8.358
9.470
9.407
9.407
9.395
9.091
9.391
9.378
9.453
9.474
9.365
9.583
9.578
9.667
9.605
10.277
9.795
9.783
10.352
9.676
10.388
10.347
10.286
10.887
10.626
10.858
11.161
10.349
10.585
10.109
10.349
10.213
9.909
10.739
9.904
10.363
10.114
9.931
9.263
10.529
10.485
10.102
10.245
10.253
10.290
9.812
9.989
10.367
10.206
10.420
10.922
10.132
10.486
10.660
10.678
10.082
10.237
10.097
9.869
9.140
10.061
10.332
10.262
10.180
9.741
10.124
10.290
10.194
10.130
10.201
10.501
10.648
10.389
10.085
10.638
10.569
10.174
10.841
10.764
10.511
10.835
11.729
10.677
11.385
10.666
10.691
10.701
9.706
9.925
11.110
11.398
10.694
11.013
10.677
10.864
11.404
11.101
11.395
11.362
11.200
11.214
11.306
10.495
10.099
10.038
10.414
10.056
10.315
11.106
10.563
11.415
10.610
10.910
10.720
10.469
10.382
10.265
10.406
9.762
10.413
8.818
9.758
9.568
9.660
9.947
9.691
9.619
10.240
9.288
9.277
9.323
9.481
10.459
10.894
10.476
10.459
10.380
10.565
10.493
10.389
10.178
9.657
9.600
9.647
9.558
8.873
8.388
7.982
8.846
9.440
9.520
8.900
8.686
9.105
9.417
8.292
9.885
9.397
9.363
10.198
9.675
9.658
9.936
9.411
9.811
8.792
9.611
9.604
9.611
9.491
9.862
9.740
9.653
9.001
9.327
9.995
9.597
9.830
9.417
9.462
8.913
9.594
9.040
9.456
9.197
9.461
9.820
9.536
9.226
9.761
9.365
8.476
8.093
8.790
7.562
8.225
8.426
8.418
7.806
7.574
7.884
7.574
7.054
7.740
7.853
7.814
8.241
7.885
8.023
8.981
8.715
7.725
7.765
8.197
8.000
7.678
7.603
7.998
7.552
7.904
8.455
7.951
8.011
8.368
8.631
8.957
9.592
9.510
8.937
9.086
8.627
9.455
9.395
9.343
8.945
9.113
9.238
9.248
9.150
8.693
9.165
8.873
9.123
9.127
9.364
8.668
8.674
8.524
7.401
8.007
7.359
8.090
8.317
8.140
7.744
7.963
7.602
8.123
8.369
8.023
8.356
8.603
7.681
7.753
7.868
8.087
8.731
8.928
8.747
9.788
9.289
8.498
9.477
7.990
7.918
8.258
7.915
8.410
8.477
8.411
8.404
7.939
8.500
7.736
7.909
7.865
7.754
7.916
7.664
7.712
7.587
7.774
7.819
7.702
7.669
7.570
7.925
7.793
7.908
7.872
7.723
7.558
7.869
7.979
7.662
7.757
7.501
7.647
8.210
7.700
7.669
7.799
7.717
8.492
7.822
7.766
7.915
7.623
7.568
7.798
7.759
8.066
8.075
7.539
7.933
7.747
7.986
8.121
7.797
7.571
7.686
7.715
7.824
7.644
7.667
7.715
7.793
8.030
8.003
8.887
8.695
8.688
8.979
8.678
8.807
8.764
8.842
9.021
8.893
9.075
9.229
8.666
8.539
8.879
8.882
8.654
8.960
9.039
9.649
8.611
9.868
9.728
9.653
9.548
8.612
9.363
8.822
9.554
9.839
9.051
9.218
9.285
9.475
9.099
8.839
8.859
8.959
9.103
9.916
10.593
9.649
9.541
9.879
9.524
10.204
9.190
8.806
9.285
10.061
10.296
10.173
10.357
10.195
9.239
9.942
10.054
9.253
9.392
9.605
9.736
9.799
9.319
9.403
8.831
9.409
9.197
8.995
9.005
9.180
10.226
9.820
10.271
9.001
9.186
9.066
9.058
8.900
9.300
9.042
10.499
9.070
9.280
9.093
9.047
9.134
9.608
9.144
8.857
9.557
8.991
8.904
8.956
8.968
10.186
9.167
8.948
9.106
9.426
9.590
8.930
10.951
10.751
11.091
11.860
11.284
9.318
11.197
11.195
9.005
9.963
9.474
11.140
8.018
9.425
8.937
11.195
10.446
11.379
9.100
9.071
9.055
9.365
8.853
9.354
8.992
9.256
9.070
11.136
10.871
10.930
11.107
9.114
11.254
10.755
11.393
10.779
10.778
11.525
11.162
11.307
11.416
11.196
11.532
11.470
10.214
11.116
11.115
10.772
11.409
11.122
11.063
11.070
11.552
11.383
11.094
9.936
10.704
11.285
11.153
11.204
10.488
10.505
9.330
10.675
9.640
9.047
9.703
10.624
11.009
10.770
10.562
10.362
10.211
9.092
9.201
9.604
9.181
9.078
8.798
9.166
8.864
9.055
9.047
8.857
8.681
8.542
8.778
8.897
9.191
9.002
9.098
8.769
9.641
10.797
10.816
10.571
10.702
10.590
11.141
10.866
10.392
10.966
10.908
10.657
10.564
11.458
10.825
10.528
10.465
11.008
9.712
10.299
10.215
11.186
10.577
9.986
9.713
11.312
9.945
10.930
9.863
10.615
10.695
10.104
10.368
10.798
10.482
10.484
10.770
10.113
10.785
10.985
10.686
10.988
10.909
10.633
10.844
10.589
9.690
9.945
10.009
9.617
9.112
10.567
10.087
10.570
9.631
11.013
10.321
10.274
9.651
10.936
9.090
10.344
10.622
10.886
10.760
10.581
9.025
10.783
10.032
9.312
9.427
9.056
9.920
9.627
9.264
9.371
9.118
8.807
9.290
10.243
10.943
11.004
10.931
11.620
11.070
10.998
10.751
10.297
11.284
11.135
10.847
10.394
10.763
12.395
12.012
11.603
11.510
11.669
11.889
12.157
12.296
11.754
11.723
11.732
12.483
11.582
11.467
11.398
12.003
12.006
11.525
11.552
12.194
11.299
12.099
11.773
11.930
11.481
11.435
11.978
12.248
11.471
10.428
11.480
11.892
11.199
11.659
11.997
10.604
11.661
11.566
11.235
10.811
11.605
12.379
11.991
12.362
12.450
12.714
12.405
12.114
12.628
12.171
12.684
12.011
12.831
12.533
12.949
12.490
11.915
12.339
11.768
11.839
11.670
11.711
12.432
12.296
13.017
12.419
12.849
11.933
11.239
10.681
11.447
11.140
11.379
12.348
11.496
11.458
11.679
11.484
12.079
11.446
11.766
11.685
12.536
12.323
11.674
11.623
12.076
12.079
12.067
12.780
11.967
12.237
12.109
12.248
12.061
12.412
11.968
11.470
11.628
11.441
11.785
12.095
12.096
11.693
11.314
12.062
11.289
11.482
10.553
11.189
11.594
10.205
10.783
11.338
10.424
11.449
10.845
10.964
11.527
11.023
11.160
11.166
10.870
10.941
11.498
11.435
11.304
11.578
11.382
11.251
11.363
11.756
11.264
11.028
11.579
11.343
11.354
10.784
10.604
11.751
13.187
11.603
10.976
11.668
11.695
11.547
12.692
14.367
14.031
13.895
14.690
13.040
14.167
11.497
13.173
10.746
12.630
11.634
10.640
11.823
12.535
12.388
11.723
12.920
12.425
12.361
12.330
14.054
14.639
12.717
12.283
12.100
12.276
11.227
12.651
11.814
11.881
12.312
12.125
12.619
12.332
12.360
12.646
12.056
13.302
12.143
12.797
11.797
13.908
12.215
12.842
12.972
14.095
12.300
12.223
12.873
12.460
13.006
12.539
13.619
12.737
11.513
12.586
11.930
10.647
11.352
12.388
14.689
12.251
15.151
14.785
14.372
15.960
15.104
15.182
14.974
13.433
14.785
13.422
14.958
14.582
13.172
10.138
11.493
13.436
12.880
11.476
13.643
10.383
13.230
14.713
14.054
13.437
14.705
13.023
14.557
14.624
16.109
15.515
15.741
17.079
17.418
17.053
18.553
18.107
17.170
15.864
18.579
18.507
19.794
21.070
20.721
21.055
23.181
22.964
21.713
22.817
22.502
21.470
22.713
22.164
21.509
21.569
21.232
20.590
22.088
23.436
21.953
21.094
23.480
20.468
19.784
18.307
18.597
19.294
18.717
18.959
17.835
17.662
19.545
17.351
20.091
22.435
22.705
22.757
23.353
24.087
24.218
23.866
24.198
22.119
21.616
22.056
23.117
21.913
22.881
23.239
22.996
23.411
23.564
22.558
22.860
24.022
23.633
22.894
21.967
25.543
23.130
22.590
26.009
24.796
23.124
24.145
24.023
23.039
23.185
23.971
22.296
21.563
24.666
24.066
24.384
23.253
24.019
23.133
23.822
22.104
22.761
23.707
21.331
22.941
23.520
21.796
22.176
22.321
21.865
22.235
22.367
23.382
21.194
23.707
23.213
23.729
21.862
23.540
23.599
22.260
23.052
22.288
22.627
22.752
22.926
21.597
20.668
23.169
20.945
23.501
23.593
24.161
25.394
24.823
25.200
25.295
25.395
24.171
24.713
24.449
24.224
24.352
24.351
24.311
21.750
24.740
22.794
23.704
23.795
21.836
18.663
18.903
18.857
18.345
20.013
19.827
20.640
20.895
17.771
23.018
24.209
26.472
25.572
22.930
22.711
22.267
25.225
22.981
22.808
24.896
21.569
23.942
22.539
22.975
23.299
21.181
18.975
18.733
19.857
18.468
18.465
17.947
18.823
17.766
20.242
18.781
19.463
19.171
18.939
18.725
18.293
18.687
16.986
18.102
18.074
18.329
17.702
19.327
16.942
17.707
19.071
19.219
19.779
18.811
19.952
19.817
20.200
19.505
17.602
17.980
18.847
17.684
18.579
19.638
17.955
18.041
19.664
18.491
16.859
16.942
14.192
15.916
17.791
18.277
19.741
19.133
19.196
18.153
17.962
18.352
18.957
18.696
18.209
18.043
18.218
16.571
19.108
19.425
18.343
15.811
14.745
14.306
17.019
16.977
16.324
14.885
17.808
16.503
18.022
16.569
19.826
16.120
19.879
19.190
18.523
19.832
19.194
17.830
15.332
15.963
16.857
18.091
15.674
18.520
18.999
20.332
19.172
18.401
19.175
20.279
20.242
20.501
19.167
19.565
14.594
17.021
17.740
13.109
16.709
17.474
17.120
17.171
17.087
14.098
17.934
17.073
18.235
18.497
19.282
16.513
18.196
18.672
18.800
18.913
18.577
16.935
18.448
18.144
16.507
17.988
18.867
20.728
20.394
20.739
21.886
24.090
21.381
21.607
23.697
17.744
16.824
21.129
20.525
19.436
17.416
18.180
16.489
14.969
17.074
18.638
18.341
20.213
18.696
14.829
17.896
19.399
17.371
17.130
16.163
15.098
12.998
13.701
15.692
12.487
12.155
13.307
12.549
12.256
10.879
11.445
15.483
17.303
18.923
16.622
16.820
17.609
18.356
16.975
18.005
17.315
18.684
20.247
19.950
20.453
20.012
19.622
16.065
15.473
14.216
15.473
20.233
18.405
17.336
17.241
17.815
16.277
18.603
18.756
20.298
19.160
18.775
18.386
18.358
17.191
14.749
16.578
15.540
15.506
15.919
14.656
15.315
14.582
19.048
15.188
17.121
15.724
13.545
15.788
20.374
22.294
18.118
16.739
19.776
22.247
20.132
21.829
22.606
21.853
22.295
23.234
21.415
21.084
20.614
22.025
22.365
21.814
22.239
21.785
21.040
20.994
21.645
21.556
21.262
19.996
20.742
20.269
19.812
20.820
20.062
19.151
20.389
19.578
18.238
18.715
18.477
18.862
19.443
19.180
20.085
19.733
19.880
19.955
20.351
20.151
19.826
18.681
18.864
18.635
19.221
19.411
19.923
16.793
18.558
17.786
19.247
16.673
17.308
17.556
17.873
17.903
18.117
18.113
17.928
17.976
17.174
15.476
14.326
17.149
17.567
17.916
17.709
18.160
17.846
17.832
18.293
18.138
19.433
18.228
19.540
18.472
16.096
19.555
16.709
17.397
17.753
17.808
18.059
19.255
18.643
18.311
18.958
18.896
18.988
19.253
19.083
18.745
19.401
17.221
17.003
17.468
18.738
18.047
18.847
20.064
18.271
17.878
20.117
19.357
18.570
19.600
19.189
19.633
20.190
19.433
18.813
18.211
18.437
18.046
18.047
17.763
19.597
19.574
19.692
18.776
19.710
20.604
20.697
21.288
16.377
16.749
17.582
22.588
19.391
20.694
20.100
21.345
19.594
19.819
19.202
16.873
16.948
16.896
18.122
19.218
19.040
18.599
18.855
18.892
19.120
18.729
19.493
22.148
21.091
21.440
22.897
20.657
18.953
16.244
16.952
18.420
20.722
16.384
16.916
15.077
14.360
15.828
18.604
18.457
17.538
18.982
19.341
19.993
18.175
18.437
20.268
19.671
20.545
21.824
21.581
22.822
22.361
23.357
21.886
21.963
22.392
20.390
22.152
21.310
23.126
21.866
21.700
23.195
22.724
20.772
21.350
21.038
17.897
20.951
21.584
21.964
21.080
21.877
22.361
21.158
17.790
16.940
16.297
16.607
16.928
16.121
16.165
15.701
14.652
15.972
16.690
15.127
15.295
15.598
16.049
14.368
16.336
15.218
17.430
17.062
15.437
17.377
13.965
14.371
15.766
17.062
17.193
17.308
14.618
13.544
13.871
12.982
12.525
16.513
15.961
15.835
15.550
17.143
16.722
17.182
16.780
17.634
23.532
21.271
23.318
22.187
21.826
20.982
20.998
19.067
21.478
20.698
22.434
21.426
22.118
19.692
22.268
22.990
22.322
21.206
21.330
22.371
21.381
21.778
19.840
22.778
21.325
22.406
22.755
22.576
22.856
23.162
22.106
23.241
23.435
21.678
22.574
21.936
22.866
22.724
22.055
22.166
22.586
22.391
20.986
21.011
20.839
19.466
21.826
20.780
23.194
24.019
23.486
24.082
24.411
23.382
22.847
24.043
22.621
23.868
24.791
24.168
23.963
23.652
23.997
23.351
24.275
25.336
22.838
23.661
23.725
24.252
23.794
21.210
25.061
23.717
24.281
24.551
24.943
26.751
26.618
27.811
25.228
27.916
27.440
26.865
26.792
27.439
27.423
27.813
27.535
27.680
27.920
26.646
27.773
27.446
27.191
28.284
28.131
27.645
28.394
28.118
27.804
27.408
27.507
27.155
27.225
27.501
27.546
27.443
27.538
27.620
27.690
27.262
27.108
25.223
26.202
24.431
24.430
24.811
21.763
21.144
21.678
24.844
24.806
23.856
24.723
24.959
22.877
25.702
25.534
25.425
24.069
27.473
27.439
27.536
28.145
26.932
27.791
27.211
26.406
27.543
26.649
27.321
26.758
26.352
27.126
24.498
27.696
28.006
26.062
24.737
26.794
27.100
27.769
26.859
25.085
23.781
26.889
27.457
27.439
27.528
28.006
27.551
25.908
27.349
27.873
27.451
27.183
25.596
22.779
24.495
27.965
25.111
27.678
27.362
27.573
27.535
26.821
27.551
27.644
25.368
27.496
28.328
27.584
28.414
27.042
27.528
27.147
26.911
27.226
26.249
27.515
25.886
27.755
27.129
27.832
27.435
27.584
27.819
27.399
27.555
27.523
26.716
27.521
27.767
27.186
27.552
25.787
27.546
27.753
27.745
28.143
27.594
27.442
27.701
27.524
24.129
23.793
24.728
24.271
23.930
23.438
24.051
24.087
24.872
26.893
27.625
27.451
27.577
27.937
27.422
27.003
27.912
27.115
26.340
27.523
27.751
26.383
28.230
27.504
27.653
27.721
27.615
26.345
27.197
27.526
27.504
25.875
26.235
26.371
24.577
25.064
28.053
27.472
27.555
27.736
27.678
27.461
27.500
27.764
27.923
27.030
26.655
25.152
22.115
22.906
26.242
27.705
26.872
24.498
26.852
27.234
27.093
27.867
27.989
27.660
27.638
27.887
27.577
27.147
28.221
28.074
27.843
27.983
27.720
25.917
27.956
28.228
27.868
28.775
27.014
27.307
29.190
27.808
28.240
28.916
27.958
27.919
28.468
28.705
28.189
28.824
27.825
26.867
27.614
27.071
27.865
27.357
27.928
28.557
27.581
25.102
29.527
26.473
25.383
26.755
29.787
29.526
29.588
29.853
30.195
29.801
28.529
28.799
29.714
29.439
28.467
28.722
27.815
27.558
28.297
27.307
27.452
26.939
27.322
28.914
29.183
29.247
25.498
28.853
29.555
28.764
29.964
27.963
28.608
28.197
29.416
29.453
29.053
29.825
29.277
27.810
29.244
28.939
28.826
28.678
28.816
24.812
24.717
22.846
25.366
27.517
27.493
27.245
26.953
27.653
27.904
28.865
28.455
24.169
25.242
28.003
24.166
25.308
23.634
23.528
23.915
24.580
23.731
23.527
19.733
22.549
22.818
21.614
22.018
22.093
22.363
21.841
23.135
23.716
23.544
23.186
23.703
27.016
27.269
27.487
27.655
26.734
26.432
27.947
27.226
27.390
26.060
27.407
27.162
27.040
26.719
25.784
27.076
27.516
27.045
27.496
27.162
27.673
25.281
26.990
27.467
27.255
27.132
27.347
27.665
26.641
25.953
26.595
26.782
26.372
26.083
27.279
26.963
27.023
25.259
26.350
27.500
27.382
26.608
27.401
27.269
27.288
27.304
27.471
27.038
24.386
27.001
26.999
25.222
27.603
26.598
27.004
27.306
26.904
27.419
27.028
26.194
25.990
25.305
25.346
25.777
25.419
25.862
26.012
26.376
25.433
24.492
23.690
27.153
27.236
24.541
27.305
25.209
23.815
25.124
26.874
27.115
26.587
27.276
25.836
25.192
27.385
27.210
25.256
25.816
25.870
24.162
26.141
26.358
26.721
26.519
26.677
26.863
27.307
26.529
26.806
24.689
27.039
27.418
26.907
27.146
25.441
27.548
27.215
26.884
27.709
27.176
26.788
27.254
27.287
27.216
26.117
24.183
24.757
26.632
26.737
26.867
26.364
25.032
24.480
23.520
25.816
25.471
25.506
25.653
25.017
26.616
26.089
26.381
27.194
26.359
25.980
26.138
26.405
26.185
22.238
21.900
19.879
21.311
22.586
22.422
21.474
22.461
21.575
20.368
21.358
19.988
20.904
20.538
20.661
20.817
20.499
20.707
20.046
19.822
20.181
20.357
20.403
20.426
18.707
20.640
20.169
17.852
18.615
20.608
20.689
20.757
21.534
20.185
20.762
20.938
21.480
21.194
20.180
20.958
20.866
21.439
21.497
21.771
21.700
20.053
18.779
18.741
17.978
18.337
14.296
18.628
14.389
17.732
19.902
19.858
18.826
20.517
17.658
19.601
19.849
19.936
18.429
17.290
19.251
17.838
19.982
22.328
20.554
21.544
25.041
24.322
24.197
23.854
23.760
23.680
22.846
23.153
21.451
23.134
22.671
22.338
23.071
23.554
24.553
23.751
23.411
24.094
23.188
23.640
24.097
24.483
23.634
21.369
21.702
21.054
22.335
23.296
23.647
23.432
23.420
23.778
23.581
24.026
23.443
23.145
23.324
23.498
21.938
23.181
23.038
23.431
23.757
23.595
23.178
23.667
23.764
22.981
23.987
24.725
24.334
24.378
24.003
23.986
23.808
23.878
22.472
23.695
24.233
23.367
22.898
23.321
23.043
24.339
23.610
23.587
22.659
23.467
23.436
23.194
23.702
22.138
22.986
23.637
22.786
23.964
24.111
23.699
23.062
23.414
20.291
20.991
22.434
21.657
22.699
22.991
21.987
23.021
20.775
22.573
22.944
22.731
22.407
20.012
21.523
22.232
21.012
21.401
21.845
22.092
21.770
21.779
22.288
22.763
22.348
21.766
22.008
23.159
22.405
22.777
22.802
22.755
21.452
22.849
21.070
21.971
21.883
19.552
22.642
21.245
23.140
23.225
22.490
23.294
21.207
22.499
22.929
22.437
22.935
22.904
21.351
22.790
23.231
22.582
21.852
23.262
22.690
22.112
22.501
22.308
21.657
22.141
23.453
22.399
23.326
23.743
23.032
23.042
23.603
21.980
22.853
22.486
21.625
18.528
21.364
22.327
22.719
22.741
22.256
21.540
22.229
22.508
21.524
22.558
19.753
19.916
22.648
23.012
20.391
22.027
21.767
22.822
22.271
21.638
22.603
22.844
21.746
21.149
21.952
23.077
22.498
23.188
22.574
20.551
21.665
22.567
23.555
23.577
23.793
23.903
23.005
24.240
23.673
23.919
23.621
23.250
23.191
23.453
22.241
23.264
21.916
22.464
21.695
19.932
22.071
22.073
22.773
22.573
22.146
22.751
22.617
21.706
20.654
22.264
22.070
22.626
22.513
22.242
23.220
22.928
22.741
22.333
22.219
22.610
22.679
21.925
22.917
22.744
22.039
22.457
22.504
22.409
22.805
22.273
22.440
21.999
23.023
22.828
21.846
22.079
22.560
22.925
22.411
22.496
22.690
22.924
22.840
23.484
23.162
19.511
22.338
