 0.000174894929
 0.000209094416
 0.000155114209
 0.000117871218
 0.000181996863
 0.000148998435
 0.000076434489
 0.000119436690
 0.000088783434
 0.000142219554
 0.000104998698
 0.000086523515
 0.000099912339
 0.000157320210
 0.000111356355
 0.000070007390
 0.000054434017
 0.000109830918
 0.000104089823
 0.000089680283
 0.000120310411
 0.000117147885
 0.000072600127
 0.000164872153
 0.000078328028
 0.000089849560
 0.000049025237
 0.000129271811
 0.000107693716
 0.000094880705
 0.000469890542
 0.000104661354
 0.000046188439
 0.000073889092
 0.000106493906
 0.000067304401
 0.000085183527
 0.000121301524
 0.000093630466
 0.000116949586
 0.000089247014
 0.000738062521
 0.000428657057
 0.000074016733
 0.000098704895
 0.000086855013
 0.000196631218
 0.000205473635
 0.000250106884
 0.000156017742
 0.000626207716
 0.000308437022
 0.000462957502
 0.000267074974
 0.000501035708
 0.000372438441
 0.000271938998
 0.000086048400
 0.000152764116
 0.000141393524
 0.000243117000
 0.000159170357
 0.000346361564
 0.000105166260
 0.000219343073
 0.000208765006
 0.000204771485
 0.000273077758
 0.000539789009
 0.000497874958
 0.000278554308
 0.000291657513
 0.000434561495
 0.000184689540
 0.000490614633
 0.000324250042
 0.000145593880
 0.000242056182
 0.000186002352
 0.000212857712
 0.000265956805
 0.000216471525
 0.000067882449
 0.000105103275
 0.000069420399
 0.000068299514
 0.000067976132
 0.000121252385
 0.000067419945
 0.000239790815
 0.000268361477
 0.000046077389
 0.000066577434
 0.000071956555
 0.000062973065
 0.000201302656
 0.000032204599
 0.000043291272
 0.000027190603
 0.000083809287
 0.000032960819
 0.000064780480
 0.000174957977
 0.000237282241
 0.000265839227
 0.000146885577
 0.000279965495
 0.000145797449
 0.000199409315
 0.000290438293
 0.000365573946
 0.000195776025
 0.000201560190
 0.000266886013
 0.000258508809
 0.000063476938
 0.000058739513
 0.000136093842
 0.000559122553
 0.000214935228
 0.000136998660
 0.000187993725
 0.000116849786
 0.000084630775
 0.000173031102
 0.000162489010
 0.000203683280
 0.000216700439
 0.000402146427
 0.000343384310
 0.000354882119
 0.000325287398
 0.000167426040
 0.000733946647
 0.000180452410
 0.000192097337
 0.000102138639
 0.000247074075
 0.000344929697
 0.000176693892
 0.000198927931
 0.000133853448
 0.000186925044
 0.000149380322
 0.000239197805
 0.000120210015
 0.000232807458
 0.000061791971
 0.000111008751
 0.000118791147
 0.000187981386
 0.000449654740
 0.000100066288
 0.000114809660
 0.000201133968
 0.000294833960
 0.000478271964
 0.000238377529
 0.000184747582
 0.000821432392
 0.000832451146
 0.000584049223
 0.000251175997
 0.000428158065
 0.000350977557
 0.000558269288
 0.000612846185
 0.000260448435
 0.000161971162
 0.000349675182
 0.000392768179
 0.000263563749
 0.000169201158
 0.000317498443
 0.000428871218
 0.000676592224
 0.000884137314
 0.000296923941
 0.000484652302
 0.000357671996
 0.001014024481
 0.000570004624
 0.000585552906
 0.000249720135
 0.000167122132
 0.000184018235
 0.000502007891
 0.000355266579
 0.000395206658
 0.000193816598
 0.000665038606
 0.000213463707
 0.000297233458
 0.000138986691
 0.000303215127
 0.000578288977
 0.000254899381
 0.000648794829
 0.000442144711
 0.000198616543
 0.000527621346
 0.000506825867
 0.000337609181
 0.000117297496
 0.000418197362
 0.000353828289
 0.000625785572
 0.000313677531
 0.000284632618
 0.000493521487
 0.000482195527
 0.000433076818
 0.000381562499
 0.000199947948
 0.000104246832
 0.000167144479
 0.000072205665
 0.000351698877
 0.000189806454
 0.000167859451
 0.000186746343
 0.000173543755
 0.000087308797
 0.000064128462
 0.000191947561
 0.000230855631
 0.000179570347
 0.000116297030
 0.000136131247
 0.000658754205
 0.000154580122
 0.000065088127
 0.000149494692
 0.000117220155
 0.000104522726
 0.000066143125
 0.000079785918
 0.000187662361
 0.000471447312
 0.000151673548
 0.000196004675
 0.000066215285
 0.000543440818
 0.000097000774
 0.000201828507
 0.000094871291
 0.000464433371
 0.000322677853
 0.000337461108
 0.000060148598
 0.000284527454
 0.000712857077
 0.000404708487
 0.000860245635
 0.000341519183
 0.000310692825
 0.000673607011
 0.000545860005
 0.000154521955
 0.001014585690
 0.001325922159
 0.000973836343
 0.000887842406
 0.000739164915
 0.000694922665
 0.000924237612
 0.000687960154
 0.000178814021
 0.000099292147
 0.000058891278
 0.000048708259
 0.000063087649
 0.000066602938
 0.000033803548
 0.000109740901
 0.000580163924
 0.000033161262
 0.000056800392
 0.000038935652
 0.000078846082
 0.000080829131
 0.000179290682
 0.000121054390
 0.000105836353
 0.000085514317
 0.000202428427
 0.000035272382
 0.000105439069
 0.000088936997
 0.000085010930
 0.000068324954
 0.000062433073
 0.000020944790
 0.000022241994
 0.000042415956
 0.000022609746
 0.000045583532
 0.000089968165
 0.000058309701
 0.000038694246
 0.000080487849
 0.000023574474
 0.000051323525
 0.000031434372
 0.000196033281
 0.000214479202
 0.000613830908
 0.000200065461
 0.000361469713
 0.000395018202
 0.000436399151
 0.000296445454
 0.000200984421
 0.001373084559
 0.000466118016
 0.000497714620
 0.000528834556
 0.000372694415
 0.000179394546
 0.000367910420
 0.000370476035
 0.000418953794
 0.000174029312
 0.000108291060
 0.000274672956
 0.000063362767
 0.000164190292
 0.000709877831
 0.000170582840
 0.000195332751
 0.000091303040
 0.000068908751
 0.000194650789
 0.000112177206
 0.000139436119
 0.000147060782
 0.000178397717
 0.000324458425
 0.000181876671
 0.000097500157
 0.000365715957
 0.000340813701
 0.000341027836
 0.000389809834
 0.000219806510
 0.000235905802
 0.000560814684
 0.000323491927
 0.000187781377
 0.000060766399
 0.000291164094
 0.000168010426
 0.000173666967
 0.000204715914
 0.000096469893
 0.000072115663
 0.000281323242
 0.000049399691
 0.000074760408
 0.000079254336
 0.000113287282
 0.000180912871
 0.000100309395
 0.000038657409
 0.000210521125
 0.000157993060
 0.000170129299
 0.000112044413
 0.000207648159
 0.000131959361
 0.000106602021
 0.000161321477
 0.000287555039
 0.000152132246
 0.000159970332
 0.000067263549
 0.000066542200
 0.000118053457
 0.000324141496
 0.000126242651
 0.000265847920
 0.000157247422
 0.000522474911
 0.000281358477
 0.000196361773
 0.000105347858
 0.000238797034
 0.000424279028
 0.000164591039
 0.000273641949
 0.000083606592
 0.000185949869
 0.000081725574
 0.000311097304
 0.000175544966
 0.000060311148
 0.000145036426
 0.000059832291
 0.000022699119
 0.000081354572
 0.000088994033
 0.000063413251
 0.000085294953
 0.000082441735
 0.000202966189
 0.000222861570
 0.000027480653
 0.000144043389
 0.000284583274
 0.000267334151
 0.000270731771
 0.000141468409
 0.000098696177
 0.000032943166
 0.000184841236
 0.000110234415
 0.000427454619
 0.000041316998
 0.000110422539
 0.000100875949
 0.000095255260
 0.000131567354
 0.000159725190
 0.000114069982
 0.000040036591
 0.000160116195
 0.000060797870
 0.000227637484
 0.000133329711
 0.000023825659
 0.000055694894
 0.000044464107
 0.000344978744
 0.000163341120
 0.000071635327
 0.000113813713
 0.000081731763
 0.000147877607
 0.000100855420
 0.000050338252
 0.000039845256
 0.000066217899
 0.000034617263
 0.000044193905
 0.000070678763
 0.000071123510
 0.000145703491
 0.000037834717
 0.000094142528
 0.000126267160
 0.000038467455
 0.000036020964
 0.000064592295
 0.000055317315
 0.000022719148
 0.000035585277
 0.000054943735
 0.000122211991
 0.000124473789
 0.000048827022
 0.000183031600
 0.000082593164
 0.000112711390
 0.000115872568
 0.000055080684
 0.000308557231
 0.000052023369
 0.000125612316
 0.000077270358
 0.000119074878
 0.000107383838
 0.000115434632
 0.000045218567
 0.000116881538
 0.000049575093
 0.000154680531
 0.000218283200
 0.000148662192
 0.000260599515
 0.000116962940
 0.000066135371
 0.000112181142
 0.000292988805
 0.000089725597
 0.000085449546
 0.000123113581
 0.000091388666
 0.000122086489
 0.000218203319
 0.000250338674
 0.000167867016
 0.000117476716
 0.000155489423
 0.000050388632
 0.000112089209
 0.000121120355
 0.000089137818
 0.000172737924
 0.000130045502
 0.000088679994
 0.000061640332
 0.000102641445
 0.000277785275
 0.000193199142
 0.000072007690
 0.000110537898
 0.000084619181
 0.000080748404
 0.000083371773
 0.000106343214
 0.000093613728
 0.000115785294
 0.000055948093
 0.000200661981
 0.000144232829
 0.000173795405
 0.000135946182
 0.000143885416
 0.000106500129
 0.000095516864
 0.000229479124
 0.000054422351
 0.000060126280
 0.000046803636
 0.000068827293
 0.000063945868
 0.000097232955
 0.000208399274
 0.000347085944
 0.000112650561
 0.000308925477
 0.000239904311
 0.000371254573
 0.000196232529
 0.000161143071
 0.000177672429
 0.000125580376
 0.000099317162
 0.000040464285
 0.000077151944
 0.000222789379
 0.000093362371
 0.000187590642
 0.000277266200
 0.000219168237
 0.000606327306
 0.000102974770
 0.000090623119
 0.000059171196
 0.000173789337
 0.000133063811
 0.000058073238
 0.000057354405
 0.000044082227
 0.000076473796
 0.000154315607
 0.000102171179
 0.000049485273
 0.000072281616
 0.000038462515
 0.000081627999
 0.000057927154
 0.000084830800
 0.000057941223
 0.000149206997
 0.000090581637
 0.000051580014
 0.000164775568
 0.000074062280
 0.000190141035
 0.000145212745
 0.000143784239
 0.000059427813
 0.000106054841
 0.000129658530
 0.000153826703
 0.000117112510
 0.000122900161
 0.000039223861
 0.000211399020
 0.000045071898
 0.000072237996
 0.000033727152
 0.000104573927
 0.000095969646
 0.000097753705
 0.000116486718
 0.000149225686
 0.000060358200
 0.000060975578
 0.000221138410
 0.000282652070
 0.000220468703
 0.000206200623
 0.000187492930
 0.000123054244
 0.000067507325
 0.000103223853
 0.000052676890
 0.000268632344
 0.000194999472
 0.000092922541
 0.000194933027
 0.000216935811
 0.000457128446
 0.000145283620
 0.000232453085
 0.000225649497
 0.000386469546
 0.000245426225
 0.002028938002
 0.000367705315
 0.000472609631
 0.000294917800
 0.000211741582
 0.000186460812
 0.000163316590
 0.000285044267
 0.000364974433
 0.000271756185
 0.000119019547
 0.000270809578
 0.000766986263
 0.001295535260
 0.000581237441
 0.000162612405
 0.000369977350
 0.000143728318
 0.000349300017
 0.000196555923
 0.000130716316
 0.000162577265
 0.000212483407
 0.000255580110
 0.000370735665
 0.000514486757
 0.000198408872
 0.001046985863
 0.000120949252
 0.000313021514
 0.000270153960
 0.000215591283
 0.000116818390
 0.000258006222
 0.000104034199
 0.000134965999
 0.000189467526
 0.000281357367
 0.000697476016
 0.000232088834
 0.000490586353
 0.000103601088
 0.000076413556
 0.000104069459
 0.000085402637
 0.000212611961
 0.000087251020
 0.000088955313
 0.000116871276
 0.000198298937
 0.000192715627
 0.000290063105
 0.000304187494
 0.000263006852
 0.000440944592
 0.000369665400
 0.000244633431
 0.000253382260
 0.000143487296
 0.000113996736
 0.000087181269
 0.000232956360
 0.000312537788
 0.000118587646
 0.000210858126
 0.000151761093
 0.000081883245
 0.000096384397
 0.000180791644
 0.000187083589
 0.000089511189
 0.000254601278
 0.000253226766
 0.000226175785
 0.000215988553
 0.000287491628
 0.000208949679
 0.000124441847
 0.000071442524
 0.000442813131
 0.000267095379
 0.000259758044
 0.000177324635
 0.000229011005
 0.000051950465
 0.000142871392
 0.000061305913
 0.000149081230
 0.000185825067
 0.000019965559
 0.000041205771
 0.000102088882
 0.000100519312
 0.000080739433
 0.000044729532
 0.000128895126
 0.000166573476
 0.000068336782
 0.000073827923
 0.000117184810
 0.000032431716
 0.000093772228
 0.000087798152
 0.000046774579
 0.000110439108
 0.000222208168
 0.000104359301
 0.000090616428
 0.000120404857
 0.000091583277
 0.000043112822
 0.000035482802
 0.000095497783
 0.000102051677
 0.000106669074
 0.000209035018
 0.000075721602
 0.000135030426
 0.000164117670
 0.000081307591
 0.000034485919
 0.000082539081
 0.000054573101
 0.000088131232
 0.000032969513
 0.000064752328
 0.000121738617
 0.000088061456
 0.000062440018
 0.000056052195
 0.000069869197
 0.000065355890
 0.000061728007
 0.000056998491
 0.000203282438
 0.000077743932
 0.000131932909
 0.000097468684
 0.000091485724
 0.000055503458
 0.000037997337
 0.000162785222
 0.000225984847
 0.000050887069
 0.000076771167
 0.000014384590
 0.000095300669
 0.000020017602
 0.000040393439
 0.000085094512
 0.000148790675
 0.000057680077
 0.000082280011
 0.000148409786
 0.000165961760
 0.000146469014
 0.000032067868
 0.000066526973
 0.000090858835
 0.000065425824
 0.000044345609
 0.000096498408
 0.000039944993
 0.000054051985
 0.000129678229
 0.000282035575
 0.000141503313
 0.000248493338
 0.000136745700
 0.000146579412
 0.000123226945
 0.000099478413
 0.000303933315
 0.000090373387
 0.000278153362
 0.000081080353
 0.000244753302
 0.000108859288
 0.000090542997
 0.000477160663
 0.000537562580
 0.000490490961
 0.000268814715
 0.000297618888
 0.000325753351
 0.000218644361
 0.000271939284
 0.000413312004
 0.000670396892
 0.000215602208
 0.000266130639
 0.000073892557
 0.000175699465
 0.000081048342
 0.000093702265
 0.000133722844
 0.000084366189
 0.000042888321
 0.000077549719
 0.000092263868
 0.000078234443
 0.000023817269
 0.000033305397
 0.000048727163
 0.000219158258
 0.000029469296
 0.000093445214
 0.000087768993
 0.000073125550
 0.000033354990
 0.000038130005
 0.000022021669
 0.000029062379
 0.000021871026
 0.000019190698
 0.000114017213
 0.000015692989
 0.000013667738
 0.000021257854
 0.000044221658
 0.000016919374
 0.000012880445
 0.000022203704
 0.000031984308
 0.000025060381
 0.000027872564
 0.000032855052
 0.000044578049
 0.000049820831
 0.000043443729
 0.000214128255
 0.000198322742
 0.000087168896
 0.000042491853
 0.000140048769
 0.000128881146
 0.000090208081
 0.000076459346
 0.000053531073
 0.000022818561
 0.000090321792
 0.000127202524
 0.000143857477
 0.000127294715
 0.000076282910
 0.000116809247
 0.000043637763
 0.000104167748
 0.000130052459
 0.000073267687
 0.000077728172
 0.000109005563
 0.000126286377
 0.000090733833
 0.000159690023
 0.000075690622
 0.000109464589
 0.000184299042
 0.000095635777
 0.000054043917
 0.000047324724
 0.000044606115
 0.000049422481
 0.000030076032
 0.000077418771
 0.000161926640
 0.000033381673
 0.000065956119
 0.000076729733
 0.000141845907
 0.000160556450
 0.000072322992
 0.000049119231
 0.000059198719
 0.000082849372
 0.000109434120
 0.000086613210
 0.000095427718
 0.000061199722
 0.000028195771
 0.000073389291
 0.000083389571
 0.000105518543
 0.000122292257
 0.000080244795
 0.000216204346
 0.000082099139
 0.000225681543
 0.000153687664
 0.000054265857
 0.000179759080
 0.000089017741
 0.000231564449
 0.000104857228
 0.000247235254
 0.000125415634
 0.000034098288
 0.000111876731
 0.000091703241
 0.000044851991
 0.000110964243
 0.000119693574
 0.000666789731
 0.000105450921
 0.000090377774
 0.000044634503
 0.000037473070
 0.000068548275
 0.000040369253
 0.000078772810
 0.000080601615
 0.000201469363
 0.000037333802
 0.000030053492
 0.000097611691
 0.000045300614
 0.000142864985
 0.000059435107
 0.000073085114
 0.000175945739
 0.000125135843
 0.000144378372
 0.000082278218
 0.000107349924
 0.000035777201
 0.000044439799
 0.000050333919
 0.000060119938
 0.000051717252
 0.000046335408
 0.000113618262
 0.000067035248
 0.000763418541
 0.000235071052
 0.000095019586
 0.000258599206
 0.000369272665
 0.000429950572
 0.000141409176
 0.000157160801
 0.000097363531
 0.000153861930
 0.000064650599
 0.000173881727
 0.000410247668
 0.000097664422
 0.000132149518
 0.000315018915
 0.000200559454
 0.000548966280
 0.000366992242
 0.000534427230
 0.000128031994
 0.000159322612
 0.000107208919
 0.000075769620
 0.000096394904
 0.000374558362
 0.000418429723
 0.000207452266
 0.000285790387
 0.000158369275
 0.000048778526
 0.000081849407
 0.000190733829
 0.000088926107
 0.000144721127
 0.000033561966
 0.000023461501
 0.000035122110
 0.000072390775
 0.000093920509
 0.000037037707
 0.000093588502
 0.000041812496
 0.000038554875
 0.000020459208
 0.000063174230
 0.000047772918
 0.000114330551
 0.000014324357
 0.000060411048
 0.000070996395
 0.000063325641
 0.000102107051
 0.000049125605
 0.000047994788
 0.000141194323
 0.000056539781
 0.000096565833
 0.000070613434
 0.000033991424
 0.000080254270
 0.000093151841
 0.000136089351
 0.000110855476
 0.000055747540
 0.000147803709
 0.000245035604
 0.000037328765
 0.000196584612
 0.000066905472
 0.000110862696
 0.000027688077
 0.000119204027
 0.000043201467
 0.000016798902
 0.000045183419
 0.000033980429
 0.000173430263
 0.000224398901
 0.000089561485
 0.000030196772
 0.000034944613
 0.000083276912
 0.000027973201
 0.000055630395
 0.000146666682
 0.000095166310
 0.000339476765
 0.000069393231
 0.000253386578
 0.000052693602
 0.000086219857
 0.000051081045
 0.000117999584
 0.000040854885
 0.000068626739
 0.000056250737
 0.000072545037
 0.000100253997
 0.000081211824
 0.000118951908
 0.000076939626
 0.000061753089
 0.000089197647
 0.000053971411
 0.000160251182
 0.000067885514
 0.000140724726
 0.000344218156
 0.000062027745
 0.000035153106
 0.000099748514
 0.000060823753
 0.000043379772
 0.000059793838
 0.000092396861
 0.000106306535
 0.000145696134
 0.000042745124
 0.000067368414
 0.000039441080
 0.000012177992
 0.000056239665
 0.000024390929
 0.000027703294
 0.000024750682
 0.000067752825
 0.000031599376
 0.000017698600
 0.000027889892
 0.000047488464
 0.000055034495
 0.000033651625
 0.000113113120
 0.000046370721
 0.000025396773
 0.000059273959
 0.000050611995
 0.000055768708
 0.000058682602
 0.000115028731
 0.000077135554
 0.000127527199
 0.000146189761
 0.000062275062
 0.000045539945
 0.000103498245
 0.000081544045
 0.000146584386
 0.000216061753
 0.000085192583
 0.000077156377
 0.000109333851
 0.000104697667
 0.000073656987
 0.000069716051
 0.000061448331
 0.000046431055
 0.000108760023
 0.000158808798
 0.000067034971
 0.000055366468
 0.000079811824
 0.000051431074
 0.000114746023
 0.000144572616
 0.000119275301
 0.000188169315
 0.000140278401
 0.000094643227
 0.000061291800
 0.000058596709
 0.000056558560
 0.000060620498
 0.000083157822
 0.000028859378
 0.000023425853
 0.000037877864
 0.000117839766
 0.000153756308
 0.000069956131
 0.000116620852
 0.000056024312
 0.000109929234
 0.000072497851
 0.000110254033
 0.000056798424
 0.000015787800
 0.000101400629
 0.000016565674
 0.000087082751
 0.000015568322
 0.000008900927
 0.000015526434
 0.000012809373
 0.000040202835
 0.000010189219
 0.000023323781
 0.000013162529
 0.000010312499
 0.000020095240
 0.000010874734
 0.000022111366
 0.000014210183
 0.000046902204
 0.000023862483
 0.000028062100
 0.000047567941
 0.000019764293
 0.000039820367
 0.000042568252
 0.000021693044
 0.000018124176
 0.000027907419
 0.000013990893
 0.000014005214
 0.000007990632
 0.000008775106
 0.000016562482
 0.000020082827
 0.000028751450
 0.000012056707
 0.000013717435
 0.000025113433
 0.000027995713
 0.000009278989
 0.000006657457
 0.000009671715
 0.000015983628
 0.000041585206
 0.000031927252
 0.000023272111
 0.000043560954
 0.000069784182
 0.000037450648
 0.000075840750
 0.000038510109
 0.000047312134
 0.000171558918
 0.000206048244
 0.000123330151
 0.000140727452
 0.000068801024
 0.000123276641
 0.000056214471
 0.000030207411
 0.000031510314
 0.000037710297
 0.000024386838
 0.000042317928
 0.000085140500
 0.000102618707
 0.000033703050
 0.000053241821
 0.000011433594
 0.000093196824
 0.000061516872
 0.000063402183
 0.000032474562
 0.000013977397
 0.000027311824
 0.000133294841
 0.000029789593
 0.000032830724
 0.000065671098
 0.000063403836
 0.000041663317
 0.000038895915
 0.000055693867
 0.000023999074
 0.000065810151
 0.000071039290
 0.000034025251
 0.000015889995
 0.000035931482
 0.000119103481
 0.000069749221
 0.000037022805
 0.000064584463
 0.000053570811
 0.000104683418
 0.000036627152
 0.000075131711
 0.000030265837
 0.000030448711
 0.000037985803
 0.000039893635
 0.000047074448
 0.000079933648
 0.000102032750
 0.000022159248
 0.000030053514
 0.000067128344
 0.000062419398
 0.000109353982
 0.000048438056
 0.000073270721
 0.000016008089
 0.000036392259
 0.000038289360
 0.000079744089
 0.000209735731
 0.000086091645
 0.000088877376
 0.000080920576
 0.000054260913
 0.000059156589
 0.000029010070
 0.000088090328
 0.000087168553
 0.000053862316
 0.000090560999
 0.000091566395
 0.000108077620
 0.000070078043
 0.000088110225
 0.000028304683
 0.000028546245
 0.000016484791
 0.000046590450
 0.000022992022
 0.000039175733
 0.000029696031
 0.000011730379
 0.000013130759
 0.000028655278
 0.000030466447
 0.000028729258
 0.000011506900
 0.000048266551
 0.000009113795
 0.000017833848
 0.000016586506
 0.000019657580
 0.000009909387
 0.000007863041
 0.000020281415
 0.000027085838
 0.000016630188
 0.000028280201
 0.000046247946
 0.000018187853
 0.000023376098
 0.000083126155
 0.000032381205
 0.000027143683
 0.000028112103
 0.000028013299
 0.000005504192
 0.000033089765
 0.000017086136
 0.000021280364
 0.000016343338
 0.000025807364
 0.000029203410
 0.000020960391
 0.000049901028
 0.000034835336
 0.000041811801
 0.000085108650
 0.000038993780
 0.000018126629
 0.000017186477
 0.000057523143
 0.000032838205
 0.000028749033
 0.000038423980
 0.000059136611
 0.000018550875
 0.000016349348
 0.000117463080
 0.000040592882
 0.000032095143
 0.000011121821
 0.000008779610
 0.000009754544
 0.000010105850
 0.000033439143
 0.000030026238
 0.000042004716
 0.000027725230
 0.000016382967
 0.000035507759
 0.000016294776
 0.000019780079
 0.000040178197
 0.000021285426
 0.000018543822
 0.000020000635
 0.000042678925
 0.000056263621
 0.000056519626
 0.000038338509
 0.000006590867
 0.000054533916
 0.000085884815
 0.000022887895
 0.000047433173
 0.000052841712
 0.000021080345
 0.000012192110
 0.000026812103
 0.000037028234
 0.000084563408
 0.000035020638
 0.000020724865
 0.000102827655
 0.000034588286
 0.000013864374
 0.000023867605
 0.000014426111
 0.000030842177
 0.000080851561
 0.000029710278
 0.000022898284
 0.000062956223
 0.000039823298
 0.000046163163
 0.000023740173
 0.000009911815
 0.000036713966
 0.000020144311
 0.000026349370
 0.000021038517
 0.000015150193
 0.000032949860
 0.000030181450
 0.000014839785
 0.000025920711
 0.000016748902
 0.000027636282
 0.000043608367
 0.000013980532
 0.000025517297
 0.000010745747
 0.000018877360
 0.000058580343
 0.000068405423
 0.000020138359
 0.000012334074
 0.000031655943
 0.000034306686
 0.000017602393
 0.000050867788
 0.000036586370
 0.000056914329
 0.000041267388
 0.000025165969
 0.000015130250
 0.000050144107
 0.000019012508
 0.000040086624
 0.000028310093
 0.000045684690
 0.000111646003
 0.000021268188
 0.000031389884
 0.000022135514
 0.000023663371
 0.000017985982
 0.000037027816
 0.000060380095
 0.000070765126
 0.000060469285
 0.000085155293
 0.000045238725
 0.000082625333
 0.000021650225
 0.000025277168
 0.000041042050
 0.000021533725
 0.000027399869
 0.000035088782
 0.000019269456
 0.000027969807
 0.000022672892
 0.000013711759
 0.000052645289
 0.000016089977
 0.000004917584
 0.000028851638
 0.000006727666
 0.000014315397
 0.000010576524
 0.000022780160
 0.000013112336
 0.000023514447
 0.000008534555
 0.000007169080
 0.000016582210
 0.000012470733
 0.000016969166
 0.000036157499
 0.000008246635
 0.000021373696
 0.000015999360
 0.000012136541
 0.000013117824
 0.000021290155
 0.000023061118
 0.000020577616
 0.000017697024
 0.000017278704
 0.000013323705
 0.000010802324
 0.000034139014
 0.000020054598
 0.000007886882
 0.000067697478
 0.000013122736
 0.000045549575
 0.000007008101
 0.000016876692
 0.000007686604
 0.000024723504
 0.000040365736
 0.000020636906
 0.000010078863
 0.000065245672
 0.000032859377
 0.000045005787
 0.000053056598
 0.000020522433
 0.000008409110
 0.000013740883
 0.000009033755
 0.000021087038
 0.000010336900
 0.000015773044
 0.000023827397
 0.000004390642
 0.000020836870
 0.000031800495
 0.000007167201
 0.000017087741
 0.000015603123
 0.000011000239
 0.000009310029
 0.000010299245
 0.000014131869
 0.000012334476
 0.000009331633
 0.000032596652
 0.000007725481
 0.000005329649
 0.000011019514
 0.000013413604
 0.000003597205
 0.000007604418
 0.000025337485
 0.000016218371
 0.000003962547
 0.000008656984
 0.000009636804
 0.000002597244
 0.000017369864
 0.000013546347
 0.000011528521
 0.000005727812
 0.000017777448
 0.000010574610
 0.000005661730
 0.000008461109
 0.000006127215
 0.000010114118
 0.000011037843
 0.000012287063
 0.000010255974
 0.000022926452
 0.000005109838
 0.000039688300
 0.000028886926
 0.000012230909
 0.000038044336
 0.000014848982
 0.000015271260
 0.000008214603
 0.000027083593
 0.000008421214
 0.000019536160
 0.000015399286
 0.000035712448
 0.000009633596
 0.000018836981
 0.000007036975
 0.000006964985
 0.000019308829
 0.000031603826
 0.000003527091
 0.000012601829
 0.000011256542
 0.000008258934
 0.000011563601
 0.000016336387
 0.000015555576
 0.000010307346
 0.000008113788
 0.000012141289
 0.000016986932
 0.000008085461
 0.000020304833
 0.000006762758
 0.000017060243
 0.000038078407
 0.000023153093
 0.000012653880
 0.000040102496
 0.000023985817
 0.000021694593
 0.000009090900
 0.000004509623
 0.000014565434
 0.000039372904
 0.000024670749
 0.000021107370
 0.000058614610
 0.000028918413
 0.000042625950
 0.000022763861
 0.000036904650
 0.000107229787
 0.000064450090
 0.000094850266
 0.000070296218
 0.000057947696
 0.000019242250
 0.000045008502
 0.000034384698
 0.000068119287
 0.000040747657
 0.000023422433
 0.000022964174
 0.000034012948
 0.000035815573
 0.000037181547
 0.000062632081
 0.000033165830
 0.000036078561
 0.000052383662
 0.000030960315
 0.000024672053
 0.000086039976
 0.000018791904
 0.000057915915
 0.000108310517
 0.000034736715
 0.000040062453
 0.000031100279
 0.000043522966
 0.000024578005
 0.000036844116
 0.000039981079
 0.000011312836
 0.000029835259
 0.000021332329
 0.000037412427
 0.000080933678
 0.000047309590
 0.000068288773
 0.000027255190
 0.000032489098
 0.000056336158
 0.000081182390
 0.000107974144
 0.000058518877
 0.000051745789
 0.000044875646
 0.000159803493
 0.000067894712
 0.000074314015
 0.000163649721
 0.000113997924
 0.000043754755
 0.000050210664
 0.000033746923
 0.000023657394
 0.000034370874
 0.000045057620
 0.000005156986
 0.000029752165
 0.000011753679
 0.000020539866
 0.000036397492
 0.000073966034
 0.000036652820
 0.000049977846
 0.000033494561
 0.000023837834
 0.000033423657
 0.000019407779
 0.000066207593
 0.000023873812
 0.000096203746
 0.000030965087
 0.000049055290
 0.000071005631
 0.000084774445
 0.000071470320
 0.000047210397
 0.000076923631
 0.000059397256
 0.000108688905
 0.000054466677
 0.000088406966
 0.000255842772
 0.000076066678
 0.000075418991
 0.000055406198
 0.000075682400
 0.000076037967
 0.000038672052
 0.000063729349
 0.000207630786
 0.000063689414
 0.000063206310
 0.000078568069
 0.000024894849
 0.000030610348
 0.000046201074
 0.000032865859
 0.000054221862
 0.000072618591
 0.000049987379
 0.000060677216
 0.000040475837
 0.000101457386
 0.000030226363
 0.000185226919
 0.000099813182
 0.000043315417
 0.000057637960
 0.000221327185
 0.000121676893
 0.000138069525
 0.000111451095
 0.000342025642
 0.000069220865
 0.000084271415
 0.000078524798
 0.000043047880
 0.000049021040
 0.000018819005
 0.000093230699
 0.000032358393
 0.000031144035
 0.000038683602
 0.000077855073
 0.000080560792
 0.000163828987
 0.000057452800
 0.000130238694
 0.000083107615
 0.000268292601
 0.000077798379
 0.000052222962
 0.000023179047
 0.000053903812
 0.000041849925
 0.000086005090
 0.000026756513
 0.000020322224
 0.000060000027
 0.000040739869
 0.000019270729
 0.000018733447
 0.000009086909
 0.000030513561
 0.000068598477
 0.000081048667
 0.000035259791
 0.000026564820
 0.000030141550
 0.000033218350
 0.000023571915
 0.000032462400
 0.000038136883
 0.000016312908
 0.000013828590
 0.000017724338
 0.000012586715
 0.000010504184
 0.000010608609
 0.000020417051
 0.000040522658
 0.000010737973
 0.000022074612
 0.000026427313
 0.000025361964
 0.000027987628
 0.000047758103
 0.000017600501
 0.000071782789
 0.000028068904
 0.000031103496
 0.000028480557
 0.000020985972
 0.000053023342
 0.000038783940
 0.000031782555
 0.000020500461
 0.000005392102
 0.000007620305
 0.000049421156
 0.000018902321
 0.000026501308
 0.000033180299
 0.000028369127
 0.000012511980
 0.000014595757
 0.000024135390
 0.000007927333
 0.000029375762
 0.000013727895
 0.000010618989
 0.000058297383
 0.000029725429
 0.000031956078
 0.000069197738
 0.000062527551
 0.000171784814
 0.000157533476
 0.000216588335
 0.000349996858
 0.000057507710
 0.000200855637
 0.000064358450
 0.000156572083
 0.000066217342
 0.000028053836
 0.000037157707
 0.000044972037
 0.000031334500
 0.000043586509
 0.000061705544
 0.000052659896
 0.000062539012
 0.000150732650
 0.000038455607
 0.000035088143
 0.000079149035
 0.000106819442
 0.000068402905
 0.000062832568
 0.000042883931
 0.000063365757
 0.000029740451
 0.000052355504
 0.000036920983
 0.000028942027
 0.000047722033
 0.000127046283
 0.000222884174
 0.000073340708
 0.000033830433
 0.000059804296
 0.000126289993
 0.000055452200
 0.000083569447
 0.000053884403
 0.000075353541
 0.000036045793
 0.000031122322
 0.000054863242
 0.000025348325
 0.000045714518
 0.000016100463
 0.000036924150
 0.000023270194
 0.000042965930
 0.000034816214
 0.000009767872
 0.000054849546
 0.000010792531
 0.000089067962
 0.000040821177
 0.000094594844
 0.000045747957
 0.000018189068
 0.000051931468
 0.000066547881
 0.000030832430
 0.000027074272
 0.000045228640
 0.000026182349
 0.000035168495
 0.000016040270
 0.000017047736
 0.000035090377
 0.000015443854
 0.000019201811
 0.000039045035
 0.000045670646
 0.000088469129
 0.000035114110
 0.000041628906
 0.000099622365
 0.000056129952
 0.000047651152
 0.000031485422
 0.000032136383
 0.000051700821
 0.000033859413
 0.000110784956
 0.000144794004
 0.000019385390
 0.000046441087
 0.000063330661
 0.000052127643
 0.000115012859
 0.000038176600
 0.000071094963
 0.000057770590
 0.000122171449
 0.000040928388
 0.000019697620
 0.000029025350
 0.000050158038
 0.000011355013
 0.000065089191
 0.000039235093
 0.000041374989
 0.000060008852
 0.000078809961
 0.000136394871
 0.000053298668
 0.000143411276
 0.000066404598
 0.000019160110
 0.000254333101
 0.000051396555
 0.000081612643
 0.000015260975
 0.000098883025
 0.000037979559
 0.000082652238
 0.000106047568
 0.000047794080
 0.000038141610
 0.000020225142
 0.000017710282
 0.000051290149
 0.000016983052
 0.000036846315
 0.000022231402
 0.000037129984
 0.000079581922
 0.000035117504
 0.000045749310
 0.000043282453
 0.000032152684
 0.000037514390
 0.000132003045
 0.000021151606
 0.000021331187
 0.000019090851
 0.000028888249
 0.000059815070
 0.000033224229
 0.000044583216
 0.000010212855
 0.000014772632
 0.000054434534
 0.000021041276
 0.000046712443
 0.000032638434
 0.000055847645
 0.000024567310
 0.000026314024
 0.000031787666
 0.000023731175
 0.000100197851
 0.000064452008
 0.000046735642
 0.000073405548
 0.000068552398
 0.000033740118
 0.000042947854
 0.000019477763
 0.000021998048
 0.000051228079
 0.000045916124
 0.000031061040
 0.000018795183
 0.000033901125
 0.000076748372
 0.000091791159
 0.000023434759
 0.000063310071
 0.000029831598
 0.000018689096
 0.000011752913
 0.000034548158
 0.000026871258
 0.000028878872
 0.000033928746
 0.000016793116
 0.000024713879
 0.000042373656
 0.000011584767
 0.000024052536
 0.000017313757
 0.000031077573
 0.000026026747
 0.000028026947
 0.000041492734
 0.000024833505
 0.000011475067
 0.000014404007
 0.000021425677
 0.000024750616
 0.000034299111
 0.000035221293
 0.000008157987
 0.000037279647
 0.000022311427
 0.000012647836
 0.000013670665
 0.000035197482
 0.000042404813
 0.000036566678
 0.000027127877
 0.000062129232
 0.000027301266
 0.000057526756
 0.000027615215
 0.000033700241
 0.000060609878
 0.000041952558
 0.000054893083
 0.000042072096
 0.000129663965
 0.000080151028
 0.000178962440
 0.000184311480
 0.000160283368
 0.000124707327
 0.000078150174
 0.000035985106
 0.000030692547
 0.000030247620
 0.000099473145
 0.000044206716
 0.000032927003
 0.000074581689
 0.000020055042
 0.000021488781
 0.000062939993
 0.000002618137
 0.000012072450
 0.000002933642
 0.000004746857
 0.000005179756
 0.000013406006
 0.000007687353
 0.000012158939
 0.000003591330
 0.000016331415
 0.000012015368
 0.000014807155
 0.000005707942
 0.000005792819
 0.000004767097
 0.000005863539
 0.000004018280
 0.000003687228
 0.000003879178
 0.000007876751
 0.000006333838
 0.000004446675
 0.000003199058
 0.000003922041
 0.000013905048
 0.000006295989
 0.000011683225
 0.000031223123
 0.000010054910
 0.000010054954
 0.000009543640
 0.000009134453
 0.000014724748
 0.000003644238
 0.000005074708
 0.000016491476
 0.000010988782
 0.000027523664
 0.000014735610
 0.000005270612
 0.000006891378
 0.000010292934
 0.000012535663
 0.000011420625
 0.000020466666
 0.000008311911
 0.000017528847
 0.000016739755
 0.000026030037
 0.000018341912
 0.000008947954
 0.000007894176
 0.000016048752
 0.000010360164
 0.000010547065
 0.000015582171
 0.000010706361
 0.000011000980
 0.000013907675
 0.000025646256
 0.000004847884
 0.000013442190
 0.000035476722
 0.000006816302
 0.000011993569
 0.000012061796
 0.000006418983
 0.000030302473
 0.000026989080
 0.000011990573
 0.000005186346
 0.000011450493
 0.000016258313
 0.000013712563
 0.000028825309
 0.000002389152
 0.000005488757
 0.000011824150
 0.000016301280
 0.000032270262
 0.000016035059
 0.000014842889
 0.000030745637
 0.000007961168
 0.000010863071
 0.000011542725
 0.000017557067
 0.000006693146
 0.000014035648
 0.000006899316
 0.000014850087
 0.000025963404
 0.000013381084
 0.000015577881
 0.000012557910
 0.000029369345
 0.000054194353
 0.000018105522
 0.000022549821
 0.000038574312
 0.000029136368
 0.000029702003
 0.000019950651
 0.000042454547
 0.000116817835
 0.000047773832
 0.000048068569
 0.000029657139
 0.000055383283
 0.000017010704
 0.000022697861
 0.000003318066
 0.000006912816
 0.000004680225
 0.000013266553
 0.000010800727
 0.000011416567
 0.000006935357
 0.000047725922
 0.000032467855
 0.000011457706
 0.000010963750
 0.000010753229
 0.000021297042
 0.000009742231
 0.000011395049
 0.000008050436
 0.000007868122
 0.000018887041
 0.000050442094
 0.000024743939
 0.000031397983
 0.000019604212
 0.000012511997
 0.000019516797
 0.000022409499
 0.000007820063
 0.000012898701
 0.000020587514
 0.000011062367
 0.000028915426
 0.000014332230
 0.000010641037
 0.000026325436
 0.000015697878
 0.000010702956
 0.000009266326
 0.000011798190
 0.000011125257
 0.000007821173
 0.000006677240
 0.000006810203
 0.000013902382
 0.000010103419
 0.000005799525
 0.000015657582
 0.000015267947
 0.000009286252
 0.000006133199
 0.000005648797
 0.000008510238
 0.000025932020
 0.000003269604
 0.000005966504
 0.000006676218
 0.000005176242
 0.000004031402
 0.000005250621
 0.000016419034
 0.000007551574
 0.000006964288
 0.000012645970
 0.000007449635
 0.000016796426
 0.000005589064
 0.000010470768
 0.000020217097
 0.000004267522
 0.000014365944
 0.000014791264
 0.000013346457
 0.000010711561
 0.000018043203
 0.000018569397
 0.000021560804
 0.000015715376
 0.000021174965
 0.000009313560
 0.000016034714
 0.000008870538
 0.000019804302
 0.000017153276
 0.000008813846
 0.000046650133
 0.000008236274
 0.000040896954
 0.000010272627
 0.000008280167
 0.000004581606
 0.000008671347
 0.000009371584
 0.000007572412
 0.000003763089
 0.000018279367
 0.000006504279
 0.000007859138
 0.000004475896
 0.000008118090
 0.000015500050
 0.000018621663
 0.000008553970
 0.000014651343
 0.000025099172
 0.000014920315
 0.000031904499
 0.000073513527
 0.000015610344
 0.000014140029
 0.000016872510
 0.000018490334
 0.000027704688
 0.000016696276
 0.000013958979
 0.000014757989
 0.000015761417
 0.000011903920
 0.000013923199
 0.000028791525
 0.000009763334
 0.000052539687
 0.000020035037
 0.000011327113
 0.000019641786
 0.000023403854
 0.000021785219
 0.000011494898
 0.000008483772
 0.000006159444
 0.000006776217
 0.000007870170
 0.000027743516
 0.000011725839
 0.000014099658
 0.000004348640
 0.000018388945
 0.000018582275
 0.000017809888
 0.000015788317
 0.000008159472
 0.000014454256
 0.000005630619
 0.000014317152
 0.000023616999
 0.000014730380
 0.000011058241
 0.000007636715
 0.000014605312
 0.000008833343
 0.000014459328
 0.000017905943
 0.000002205451
 0.000009905866
 0.000005414867
 0.000007633945
 0.000006715409
 0.000002604815
 0.000013891697
 0.000011333356
 0.000005929881
 0.000006359500
 0.000022317931
 0.000017566004
 0.000017625116
 0.000015515455
 0.000007790936
 0.000019928374
 0.000003786670
 0.000004985764
 0.000005949669
 0.000002378877
 0.000011300926
 0.000011345620
 0.000016157360
 0.000013657329
 0.000012178892
 0.000032615116
 0.000026917572
 0.000039897226
 0.000015610886
 0.000014388568
 0.000010441246
 0.000006522659
 0.000011371228
 0.000006578782
 0.000006881693
 0.000011011151
 0.000015463675
 0.000006671711
 0.000007802129
 0.000013898877
 0.000009281830
 0.000012363584
 0.000019745142
 0.000005744198
 0.000018966918
 0.000021264581
 0.000029110103
 0.000016093950
 0.000005194791
 0.000005639993
 0.000021096550
 0.000038810017
 0.000047519342
 0.000029724961
 0.000016307761
 0.000022526338
 0.000007809967
 0.000004553612
 0.000008546494
 0.000015697143
 0.000033807609
 0.000040411796
 0.000007050848
 0.000017543375
 0.000027884651
 0.000019187655
 0.000012503748
 0.000014309940
 0.000023453913
 0.000028102005
 0.000013244505
 0.000025695148
 0.000028603672
 0.000010529462
 0.000017255284
 0.000015454509
 0.000019962993
 0.000014019352
 0.000016611720
 0.000042114248
 0.000013751952
 0.000029491456
 0.000026255721
 0.000017998308
 0.000026335312
 0.000025352559
 0.000024152500
 0.000009178672
 0.000008813775
 0.000008562386
 0.000017828635
 0.000006153828
 0.000016310085
 0.000008588345
 0.000012148344
 0.000036723152
 0.000003860369
 0.000005757311
 0.000005740963
 0.000006140546
 0.000010720894
 0.000023940716
 0.000013472494
 0.000006347001
 0.000004680124
 0.000008800137
 0.000010455736
 0.000005681896
 0.000007143451
 0.000014287463
 0.000006837400
 0.000008678591
 0.000024847899
 0.000027877042
 0.000017285514
 0.000014063127
 0.000004844095
 0.000004360553
 0.000013314570
 0.000006588637
 0.000005203606
 0.000005170861
 0.000015236640
 0.000004874421
 0.000012765918
 0.000010683423
 0.000002404831
 0.000004921030
 0.000010755838
 0.000018281496
 0.000005287337
 0.000003980003
 0.000013317534
 0.000007025406
 0.000008752241
 0.000010779061
 0.000006592958
 0.000024676274
 0.000006647613
 0.000005078566
 0.000007009224
 0.000005078625
 0.000009013473
 0.000011572946
 0.000004553020
 0.000007946852
 0.000006247347
 0.000007134180
 0.000022340090
 0.000019891438
 0.000009258377
 0.000003821324
 0.000002140860
 0.000002617657
 0.000014746781
 0.000008106689
 0.000003416819
 0.000014259982
 0.000028506856
 0.000005033309
 0.000009547160
 0.000007659140
 0.000013003393
 0.000007812859
 0.000006889987
 0.000006057877
 0.000008518840
 0.000003754484
 0.000012412470
 0.000004495959
 0.000016636702
 0.000008124565
 0.000013174260
 0.000011534685
 0.000010421084
 0.000022671930
 0.000011318045
 0.000023005651
 0.000011743269
 0.000008779204
 0.000005601598
 0.000008835188
 0.000019062692
 0.000015195026
 0.000007705211
 0.000007052956
 0.000012022636
 0.000014015708
 0.000015146190
 0.000009315397
 0.000004883389
 0.000002479095
 0.000004485035
 0.000007263242
 0.000007813862
 0.000001953478
 0.000004321815
 0.000004333004
 0.000009335952
 0.000005176175
 0.000005132790
 0.000005140362
 0.000002931972
 0.000002838751
 0.000003609910
 0.000006064418
 0.000003563027
 0.000005363736
 0.000003451463
 0.000004154418
 0.000005893549
 0.000006903726
 0.000005659352
 0.000012098530
 0.000009423701
 0.000007046272
 0.000002996531
 0.000006813269
 0.000004594587
 0.000016783951
 0.000004280332
 0.000014908584
 0.000006460525
 0.000003944051
 0.000003465685
 0.000010960210
 0.000005269357
 0.000009142287
 0.000004728485
 0.000003506836
 0.000003512117
 0.000006290610
 0.000019509361
 0.000007887411
 0.000023391814
 0.000005000511
 0.000002648177
 0.000004449909
 0.000008219696
 0.000023242755
 0.000005365165
 0.000005790141
 0.000022006449
 0.000009057948
 0.000008184971
 0.000005268836
 0.000014196354
 0.000013853269
 0.000015465080
 0.000006259058
 0.000007996624
 0.000004203947
 0.000007164869
 0.000004098243
 0.000008028327
 0.000005641094
 0.000006065138
 0.000012194588
 0.000004448142
 0.000007188707
 0.000010470253
 0.000002623602
 0.000004501644
 0.000003199170
 0.000004608527
 0.000004999694
 0.000002492389
 0.000004120779
 0.000002700158
 0.000005289472
 0.000006501826
 0.000004840579
 0.000018493813
 0.000002053215
 0.000006675509
 0.000005602150
 0.000002557007
 0.000004622211
 0.000008240372
 0.000005822062
 0.000003649559
 0.000003324841
 0.000010574376
 0.000004700474
 0.000009379892
 0.000004358775
 0.000005299715
 0.000003937872
 0.000002503486
 0.000008926054
 0.000005951150
 0.000003160619
 0.000006564973
 0.000011231890
 0.000016669012
 0.000017106319
 0.000009166737
 0.000009357473
 0.000019208152
 0.000011606022
 0.000006156414
 0.000007070796
 0.000013490494
 0.000002168020
 0.000010335158
 0.000009575674
 0.000014784096
 0.000005074051
 0.000004677131
 0.000019031828
 0.000016151882
 0.000005621811
 0.000007484196
 0.000016984307
 0.000006459183
 0.000011022378
 0.000011243171
 0.000017193166
 0.000005104882
 0.000002212176
 0.000003602182
 0.000004960028
 0.000005732535
 0.000006269768
 0.000004491522
 0.000008081894
 0.000009014080
 0.000004616700
 0.000009133715
 0.000009347286
 0.000011491378
 0.000024826977
 0.000007444860
 0.000012377629
 0.000005486173
 0.000003360424
 0.000007394328
 0.000021573740
 0.000009940835
 0.000009424860
 0.000018895118
 0.000014664792
 0.000012750733
 0.000005856946
 0.000016417277
 0.000008249061
 0.000015563710
 0.000032434636
 0.000004865153
 0.000023316845
 0.000017430362
 0.000009613274
 0.000011223352
 0.000009559416
 0.000014935627
 0.000014872737
 0.000001710127
 0.000029055666
 0.000017482306
 0.000009392036
 0.000005635322
 0.000009886730
 0.000007947237
 0.000012623020
 0.000018398894
 0.000006681709
 0.000011083218
 0.000012982723
 0.000013444801
 0.000007400530
 0.000010825569
 0.000003216321
 0.000008897206
 0.000015902083
 0.000007440336
 0.000017448475
 0.000007846779
 0.000009141508
 0.000005994275
 0.000006309980
 0.000006167007
 0.000005011458
 0.000019361873
 0.000009855436
 0.000007248322
 0.000007797421
 0.000032846941
 0.000008811046
 0.000007681182
 0.000018119243
 0.000029341515
 0.000022520325
 0.000004769623
 0.000008395321
 0.000004971649
 0.000010160498
 0.000008325717
 0.000006792387
 0.000009580545
 0.000006825764
 0.000012354800
 0.000001718144
 0.000003565257
 0.000005601521
 0.000006105238
 0.000010692569
 0.000008783306
 0.000009429100
 0.000009548187
 0.000011472162
 0.000009091363
 0.000004105229
 0.000002415867
 0.000011015605
 0.000005489559
 0.000008381317
 0.000005613721
 0.000012308811
 0.000002533861
 0.000008932602
 0.000006989309
 0.000005888247
 0.000007031463
 0.000006872155
 0.000016437290
 0.000017391890
 0.000004701149
 0.000010346198
 0.000006028094
 0.000018822045
 0.000004787857
 0.000004583021
 0.000004509196
 0.000007353605
 0.000018787221
 0.000004642436
 0.000010632631
 0.000009822272
 0.000012675685
 0.000006228973
 0.000004552869
 0.000007309472
 0.000002689028
 0.000002226372
 0.000010005731
 0.000013025660
 0.000007803478
 0.000009281953
 0.000003138208
 0.000006644917
 0.000013971263
 0.000023633202
 0.000014367137
 0.000020270933
 0.000011520202
 0.000008593837
 0.000008163648
 0.000022150403
 0.000073584408
 0.000014340770
 0.000007408342
 0.000030453857
 0.000018041502
 0.000005787234
 0.000018933042
 0.000008611884
 0.000011716923
 0.000009394456
 0.000011974874
 0.000010768974
 0.000007254919
 0.000004104040
 0.000004825465
 0.000006213703
 0.000010611019
 0.000003312295
 0.000009790167
 0.000004316866
 0.000019259257
 0.000037550966
 0.000030220954
 0.000005861608
 0.000010605565
 0.000008098115
 0.000007072796
 0.000025532502
 0.000006670141
 0.000007502201
 0.000031144892
 0.000028586263
 0.000024197971
 0.000035217625
 0.000068521910
 0.000020094193
 0.000030399930
 0.000048092341
 0.000024299589
 0.000009729980
 0.000008957899
 0.000012532010
 0.000004550175
 0.000022160343
 0.000005712780
 0.000012917163
 0.000020795750
 0.000022787895
 0.000008361360
 0.000009718304
 0.000011582115
 0.000017383857
 0.000015757968
 0.000011063787
 0.000021014224
 0.000011717063
 0.000017203700
 0.000035287699
 0.000024049125
 0.000015093489
 0.000038513324
 0.000037626708
 0.000016636239
 0.000023728867
 0.000013882123
 0.000021465330
 0.000022755026
 0.000064310117
 0.000129252185
 0.000034144460
 0.000014913474
 0.000045743771
 0.000034174517
 0.000035499847
 0.000006074651
 0.000027566536
 0.000016276732
 0.000039992282
 0.000007231897
 0.000013215206
 0.000019830518
 0.000019068295
 0.000006899119
 0.000034983326
 0.000059743880
 0.000038587506
 0.000019332280
 0.000061847600
 0.000021124338
 0.000011523823
 0.000012661791
 0.000074520720
 0.000034667443
 0.000029471950
 0.000013938516
 0.000024884957
 0.000012411185
 0.000037220379
 0.000060651248
 0.000085001352
 0.000025877940
 0.000042387050
 0.000041177454
 0.000034198191
 0.000024765978
 0.000033148216
 0.000059035931
 0.000024129568
 0.000021838078
 0.000014257963
 0.000026318506
 0.000013076407
 0.000007553492
 0.000013519020
 0.000009555457
 0.000005965285
 0.000017163044
 0.000017719354
 0.000020065111
 0.000040068156
 0.000065259469
 0.000019882827
 0.000010718758
 0.000020884738
 0.000070457938
 0.000026176270
 0.000012738048
 0.000009380127
 0.000021764238
 0.000026495145
 0.000011516683
 0.000039121330
 0.000009289150
 0.000023289226
 0.000056482506
 0.000011632415
 0.000006995471
 0.000009229943
 0.000030449675
 0.000017806209
 0.000126008839
 0.000033311761
 0.000018805584
 0.000022865654
 0.000036726441
 0.000023044958
 0.000080346644
 0.000068754871
 0.000013663765
 0.000037730081
 0.000020460029
 0.000042269096
 0.000039491360
 0.000016906400
 0.000064047206
 0.000016467098
 0.000022332540
 0.000011556733
 0.000023531597
 0.000018535809
 0.000008997367
 0.000017737177
 0.000007803368
 0.000009268685
 0.000009743721
 0.000021980570
 0.000011094680
 0.000018027360
 0.000006551994
 0.000012402970
 0.000025979686
 0.000006218006
 0.000024717706
 0.000011885472
 0.000019488350
 0.000036521180
 0.000025703632
 0.000156382207
 0.000041512950
 0.000022477201
 0.000050467480
 0.000019798713
 0.000019779682
 0.000028948640
 0.000019785487
 0.000017561466
 0.000013497632
 0.000017821537
 0.000013645728
 0.000061075060
 0.000055647613
 0.000022399344
 0.000043401929
 0.000018012416
 0.000031820351
 0.000057092146
 0.000035633975
 0.000023721779
 0.000039052400
 0.000011872967
 0.000068656952
 0.000023300374
 0.000091841169
 0.000025319992
 0.000008666409
 0.000020473666
 0.000041526634
 0.000036059331
 0.000009221367
 0.000027645115
 0.000074185933
 0.000012905906
 0.000066744996
 0.000038485199
 0.000034041108
 0.000133108741
 0.000078518981
 0.000017889730
 0.000171844714
 0.000041925830
 0.000030685214
 0.000126453128
 0.000021847378
 0.000026755875
 0.000022902728
 0.000070418283
 0.000109273230
 0.000021983860
 0.000021961597
 0.000033992814
 0.000019255097
 0.000071813706
 0.000015247924
 0.000039894378
 0.000020705882
 0.000021061709
 0.000043998496
 0.000022866471
 0.000016270829
 0.000018337524
 0.000022799327
 0.000009025584
 0.000053458010
 0.000017800004
 0.000010263180
 0.000013879315
 0.000014932580
 0.000013565691
 0.000022776024
 0.000020474639
 0.000008086064
 0.000031816198
 0.000018931146
 0.000028752488
 0.000045234521
 0.000029824674
 0.000062331681
 0.000048990765
 0.000030911769
 0.000030958417
 0.000008585780
 0.000021719709
 0.000009208928
 0.000024656323
 0.000029885833
 0.000058517987
 0.000014348437
 0.000027874244
 0.000015162719
 0.000013856656
 0.000014560170
 0.000019617965
 0.000032042734
 0.000083217438
 0.000010584494
 0.000022947157
 0.000038438517
 0.000042438357
 0.000041619214
 0.000021505882
 0.000008629315
 0.000017046621
 0.000021513416
 0.000043949929
 0.000025955097
 0.000020407277
 0.000017231788
 0.000024496130
 0.000012371237
 0.000015750657
 0.000042779259
 0.000025880823
 0.000023141880
 0.000030718145
 0.000013048471
 0.000017871983
 0.000012986327
 0.000026846524
 0.000009892520
 0.000023995317
 0.000008157268
 0.000011023472
 0.000015616636
 0.000014250476
 0.000006027751
 0.000009263447
 0.000011619927
 0.000007721091
 0.000004264950
 0.000007817754
 0.000009513849
 0.000011166073
 0.000002986076
 0.000004745927
 0.000026827658
 0.000005890982
 0.000004464281
 0.000005291266
 0.000006912694
 0.000017455781
 0.000009666919
 0.000007989613
 0.000007757954
 0.000009910318
 0.000009677922
 0.000006187107
 0.000007755908
 0.000036040039
 0.000008314011
 0.000015011089
 0.000009094716
 0.000012586751
 0.000007893189
 0.000008649070
 0.000017882250
 0.000011447748
 0.000016093798
 0.000008510149
 0.000026510548
 0.000005493413
 0.000009830249
 0.000014719162
 0.000013103545
 0.000021736849
 0.000009528792
 0.000020247311
 0.000009206514
 0.000017329481
 0.000015980073
 0.000008474616
 0.000031712567
 0.000020872798
 0.000031953971
 0.000010634130
 0.000003272535
 0.000010152969
 0.000013808696
 0.000006753512
 0.000010172621
 0.000017795857
 0.000008083591
 0.000027270952
 0.000008149734
 0.000007511750
 0.000008352280
 0.000009939883
 0.000005997861
 0.000042328246
 0.000019654190
 0.000008677820
 0.000014092899
 0.000012048995
 0.000004000754
 0.000083849429
 0.000054088586
 0.000054151233
 0.000022071452
 0.000025675475
 0.000025977533
 0.000033767852
 0.000017272184
 0.000026270854
 0.000028811980
 0.000011130332
 0.000016396718
 0.000013960130
 0.000008852273
 0.000017258232
 0.000058460875
 0.000044042105
 0.000009715225
 0.000015855651
 0.000016779971
 0.000031022194
 0.000049126096
 0.000016293772
 0.000013806506
 0.000019811662
 0.000023534379
 0.000080037246
 0.000054653863
 0.000018845615
 0.000035929816
 0.000030785173
 0.000009865944
 0.000011551842
 0.000151531154
 0.000021601759
 0.000033844550
 0.000073371878
 0.000212563065
 0.000028138780
 0.000052744825
 0.000053705604
 0.000014529667
 0.000009747654
 0.000017679733
 0.000084462988
 0.000022013908
 0.000012136281
 0.000025859924
 0.000015905118
 0.000014493264
 0.000018613049
 0.000037044217
 0.000038327846
 0.000018930414
 0.000006289139
 0.000028074265
 0.000039432988
 0.000034286287
 0.000072403266
 0.000045463633
 0.000017938493
 0.000033256699
 0.000019939850
 0.000012941847
 0.000005771558
 0.000021774062
 0.000016241102
 0.000017859132
 0.000024126239
 0.000038387775
 0.000015543034
 0.000011530212
 0.000007284005
 0.000021289061
 0.000015802692
 0.000010202324
 0.000015710558
 0.000004948932
 0.000014069379
 0.000016172333
 0.000009554269
 0.000007115824
 0.000035235379
 0.000041489662
 0.000024860328
 0.000017063692
 0.000012831428
 0.000014646953
 0.000015075889
 0.000008940569
 0.000027818785
 0.000008019019
 0.000021509931
 0.000063871573
 0.000042732956
 0.000033940348
 0.000026962790
 0.000015302770
 0.000027907700
 0.000021423295
 0.000018853985
 0.000033755482
 0.000026240917
 0.000008454280
 0.000037016218
 0.000026221198
 0.000043187332
 0.000028811104
 0.000025133333
 0.000023486816
 0.000022624410
 0.000020860267
 0.000025321828
 0.000034012446
 0.000008117263
 0.000024457589
 0.000019219322
 0.000031025539
 0.000012818735
 0.000015653548
 0.000008915537
 0.000004568921
 0.000020469261
 0.000020328358
 0.000007686372
 0.000005514480
 0.000036836632
 0.000008766404
 0.000019146343
 0.000002941478
 0.000008346388
 0.000010229046
 0.000019377313
 0.000006744374
 0.000005602560
 0.000002910122
 0.000008639675
 0.000008919746
 0.000007198121
 0.000008884597
 0.000001849679
 0.000002972017
 0.000004419166
 0.000003273998
 0.000001905371
 0.000004393762
 0.000004512679
 0.000003646091
 0.000005794405
 0.000002265789
 0.000002771242
 0.000002626536
 0.000001441657
 0.000002236184
 0.000003095732
 0.000003216778
 0.000003780779
 0.000002950000
 0.000006825300
 0.000004887808
 0.000006715241
 0.000004120946
 0.000003281013
 0.000005460492
 0.000002445109
 0.000003518769
 0.000003372993
 0.000005589662
 0.000005315807
 0.000004833728
 0.000004919849
 0.000006160493
 0.000006209338
 0.000008599389
 0.000019244046
 0.000021217029
 0.000008473530
 0.000003673118
 0.000009087784
 0.000005922620
 0.000009158943
 0.000005266237
 0.000004858479
 0.000001914638
 0.000004238093
 0.000003553398
 0.000009187498
 0.000006984364
 0.000002184400
 0.000002790719
 0.000006096029
 0.000003120518
 0.000006919922
 0.000002890207
 0.000013994460
 0.000002871670
 0.000002066703
 0.000009116088
 0.000006532800
 0.000006365329
 0.000005897246
 0.000004394897
 0.000005549408
 0.000002172575
 0.000002849566
 0.000004827256
 0.000002993082
 0.000010168360
 0.000001556830
 0.000002388226
 0.000005484304
 0.000008114775
 0.000005650946
 0.000001031750
 0.000003378793
 0.000005499503
 0.000005989636
 0.000004488255
 0.000005425048
 0.000002394336
 0.000007397540
 0.000004747667
 0.000003295528
 0.000003817064
 0.000007921148
 0.000005350423
 0.000005188096
 0.000001733208
 0.000003743520
 0.000005527005
 0.000001536253
 0.000003374037
 0.000004140906
 0.000002750173
 0.000003995599
 0.000003284913
 0.000002428033
 0.000004165652
 0.000004062171
 0.000002224396
 0.000005429843
 0.000013016743
 0.000001651686
 0.000002136448
 0.000006196022
 0.000002930345
 0.000004201841
 0.000008766770
 0.000004639256
 0.000003365394
 0.000006919768
 0.000001479126
 0.000002230187
 0.000002115294
 0.000002126943
 0.000007420646
 0.000005319735
 0.000005458046
 0.000010163361
 0.000005321878
 0.000006456238
 0.000003443543
 0.000002530938
 0.000001158949
 0.000001651325
 0.000002653041
 0.000001181580
 0.000003562733
 0.000002380046
 0.000001700313
 0.000004143041
 0.000004869270
 0.000003433237
 0.000004560321
 0.000003293749
 0.000002027713
 0.000001395064
 0.000000730497
 0.000004103357
 0.000007207993
 0.000003804325
 0.000002010369
 0.000004547370
 0.000005833870
 0.000001698347
 0.000005061121
 0.000006048590
 0.000002900937
 0.000002793278
 0.000008233731
 0.000005345818
 0.000002954557
 0.000001242397
 0.000005029894
 0.000002520218
 0.000005258437
 0.000003934273
 0.000004745752
 0.000006212062
 0.000002840685
 0.000002861282
 0.000002229754
 0.000005466623
 0.000004112498
 0.000008032907
 0.000002517562
 0.000006901843
 0.000002099010
 0.000011599781
 0.000008220658
 0.000011408190
 0.000020447021
 0.000006566371
 0.000005839198
 0.000009747980
 0.000006198636
 0.000002659023
 0.000003350954
 0.000006023885
 0.000003479582
 0.000004046176
 0.000003140798
 0.000008608139
 0.000001533673
 0.000007664541
 0.000003231196
 0.000008439423
 0.000003495939
 0.000002487771
 0.000001964979
 0.000007023407
 0.000006160897
 0.000010339270
 0.000004511152
 0.000002126749
 0.000005178996
 0.000002833275
 0.000002940550
 0.000006480963
 0.000001909490
 0.000004591460
 0.000003403013
 0.000003558658
 0.000004425076
 0.000002344126
 0.000003140646
 0.000002022259
 0.000002073292
 0.000001768864
 0.000002272855
 0.000001054662
 0.000007548902
 0.000004302359
 0.000001810766
 0.000004322023
 0.000004133260
 0.000001535918
 0.000002064551
 0.000003491105
 0.000007575855
 0.000003555236
 0.000003904654
 0.000007186681
 0.000002103798
 0.000004861891
 0.000003903331
 0.000002435346
 0.000002255950
 0.000001755687
 0.000006861130
 0.000002488110
 0.000003879631
 0.000010321907
 0.000004375306
 0.000004794106
 0.000002927871
 0.000001860015
 0.000010364157
 0.000005810286
 0.000003315539
 0.000005173926
 0.000012037175
 0.000002698032
 0.000008315454
 0.000005354591
 0.000009161479
 0.000003689622
 0.000003151830
 0.000006667524
 0.000004128071
 0.000014266933
 0.000002371362
 0.000005807878
 0.000005026981
 0.000002243748
 0.000007596595
 0.000002424238
 0.000001677655
 0.000004124011
 0.000002655952
 0.000010027284
 0.000002642701
 0.000001475920
 0.000001966597
 0.000002059985
 0.000004415304
 0.000001168267
 0.000002795917
 0.000002953389
 0.000002549840
 0.000002531077
 0.000003092432
 0.000002184860
 0.000004385337
 0.000003849619
 0.000006543821
 0.000001468036
 0.000001299863
 0.000004394195
 0.000006190555
 0.000001395351
 0.000002244244
 0.000003743459
 0.000001884252
 0.000003328675
 0.000009062660
 0.000002498916
 0.000002401221
 0.000002171188
 0.000002467066
 0.000006533828
 0.000007512505
 0.000002554638
 0.000004780175
 0.000002413893
 0.000015772249
 0.000002665136
 0.000003338607
 0.000002338390
 0.000002662470
 0.000004591661
 0.000004029529
 0.000001098725
 0.000002066523
 0.000001760654
 0.000006785311
 0.000003013576
 0.000002754345
 0.000002744666
 0.000003408241
 0.000008807633
 0.000003073931
 0.000004613355
 0.000003603437
 0.000005297949
 0.000004680386
 0.000003803474
 0.000004072007
 0.000003233394
 0.000010592061
 0.000004399236
 0.000007517231
 0.000002413073
 0.000002843990
 0.000009886264
 0.000013080933
 0.000009124941
 0.000003407024
 0.000002750567
 0.000007105726
 0.000002385315
 0.000002915679
 0.000003457587
 0.000004154439
 0.000005083393
 0.000008242344
 0.000003448652
 0.000004030139
 0.000001273258
 0.000002314949
 0.000003851394
 0.000002876167
 0.000005295572
 0.000002465103
 0.000005105703
 0.000008015955
 0.000008138830
 0.000003393641
 0.000003408766
 0.000002885081
 0.000003766213
 0.000003823712
 0.000001483841
 0.000001364564
 0.000001515418
 0.000001515015
 0.000010926809
 0.000002898106
 0.000011761750
 0.000007687536
 0.000002416956
 0.000006621149
 0.000002272293
 0.000001720485
 0.000005564898
 0.000005414410
 0.000011350215
 0.000003325062
 0.000004709435
 0.000003227122
 0.000001048783
 0.000002413052
 0.000014795915
 0.000004620820
 0.000002712906
 0.000011185120
 0.000004008567
 0.000005476128
 0.000003085734
 0.000003242029
 0.000011709100
 0.000006247278
 0.000006739888
 0.000013632655
 0.000004432348
 0.000002076172
 0.000012583134
 0.000004250886
 0.000007797844
 0.000004727585
 0.000003720111
 0.000003044867
 0.000002459082
 0.000002437656
 0.000003422691
 0.000006099037
 0.000004495253
 0.000008847946
 0.000009125915
 0.000003819784
 0.000004369133
 0.000003932445
 0.000002523997
 0.000002981572
 0.000002139665
 0.000003398006
 0.000006519216
 0.000009526441
 0.000003856393
 0.000003994933
 0.000002897947
 0.000003000268
 0.000008229022
 0.000005038600
 0.000006138111
 0.000003051902
 0.000003496923
 0.000003689068
 0.000002468618
 0.000001993992
 0.000002800547
 0.000002724499
 0.000008834527
 0.000003685649
 0.000003103751
 0.000001618401
 0.000003509144
 0.000003924035
 0.000004839287
 0.000002599524
 0.000001748116
 0.000004871573
 0.000003655631
 0.000001287536
 0.000000849492
 0.000003866092
 0.000004609388
 0.000003606904
 0.000003966060
 0.000002521714
 0.000002775406
 0.000001073914
 0.000004385433
 0.000002275427
 0.000001707341
 0.000001045237
 0.000001599479
 0.000002797107
 0.000002534278
 0.000002435987
 0.000003629077
 0.000001395520
 0.000003021740
 0.000001567208
 0.000001524229
 0.000002362687
 0.000002024558
 0.000001371298
 0.000004906505
 0.000010932059
 0.000003735961
 0.000002927979
 0.000003356902
 0.000001640626
 0.000001553757
 0.000006507567
 0.000017311417
 0.000006794093
 0.000001957262
 0.000002706446
 0.000004156468
 0.000003536849
 0.000002041303
 0.000012002071
 0.000001928718
 0.000005666861
 0.000003809108
 0.000003174259
 0.000007565667
 0.000002097374
 0.000001465309
 0.000006344323
 0.000002900146
 0.000006550569
 0.000002231970
 0.000005205951
 0.000002310725
 0.000008045208
 0.000007293815
 0.000007638812
 0.000004512691
 0.000005865443
 0.000001291823
 0.000007388073
 0.000001938650
 0.000002893501
 0.000003908548
 0.000005120395
 0.000006654878
 0.000008100070
 0.000007197006
 0.000001344928
 0.000002459453
 0.000002540879
 0.000000827224
 0.000002229199
 0.000009633683
 0.000013516600
 0.000002919104
 0.000005891823
 0.000001689975
 0.000003048604
 0.000005605249
 0.000004303731
 0.000004596569
 0.000004223736
 0.000004624378
 0.000002816580
 0.000003593158
 0.000004523655
 0.000003711443
 0.000004050131
 0.000001959800
 0.000002527441
 0.000007127240
 0.000006828554
 0.000005803758
 0.000003475289
 0.000001638835
 0.000004832214
 0.000001114754
 0.000004734739
 0.000003808931
 0.000006339959
 0.000003001055
 0.000012604197
 0.000007296132
 0.000006917493
 0.000014139215
 0.000005739345
 0.000010534034
 0.000007861485
 0.000014657606
 0.000005118283
 0.000001721743
 0.000004202423
 0.000014716734
 0.000010986132
 0.000009896017
 0.000001823130
 0.000004368068
 0.000004228491
 0.000005718503
 0.000005503960
 0.000003427932
 0.000008588215
 0.000002794179
 0.000003466998
 0.000004596423
 0.000015227527
 0.000018114358
 0.000012412928
 0.000014392554
 0.000012082503
 0.000012346170
 0.000004562907
 0.000004739884
 0.000003832639
 0.000004994133
 0.000004568907
 0.000006124255
 0.000026293022
 0.000004956289
 0.000001554792
 0.000006321235
 0.000005834474
 0.000010699606
 0.000003344956
 0.000015480363
 0.000007415477
 0.000004654442
 0.000016921999
 0.000007338162
 0.000003591921
 0.000005330853
 0.000002082895
 0.000006251168
 0.000010176998
 0.000006158689
 0.000005289377
 0.000004373063
 0.000005752517
 0.000003023333
 0.000002146809
 0.000001780239
 0.000004276087
 0.000002435000
 0.000002774222
 0.000003482881
 0.000004722484
 0.000018564018
 0.000004705542
 0.000004593602
 0.000001283292
 0.000003622603
 0.000002950101
 0.000007431799
 0.000001042518
 0.000002100600
 0.000005507144
 0.000002360627
 0.000001555306
 0.000002231959
 0.000005612933
 0.000003908187
 0.000002158400
 0.000003078446
 0.000003430829
 0.000002290914
 0.000006893608
 0.000002521005
 0.000002620262
 0.000006552434
 0.000001676730
 0.000003941831
 0.000008541770
 0.000006611890
 0.000001417900
 0.000002637482
 0.000004424127
 0.000005502388
 0.000003186371
 0.000006862688
 0.000005692758
 0.000002676559
 0.000003421558
 0.000004564050
 0.000009755578
 0.000005104665
 0.000002509612
 0.000007642616
 0.000002858893
 0.000003516335
 0.000002930160
 0.000005999461
 0.000002572189
 0.000004994829
 0.000004581749
 0.000002490097
 0.000001468748
 0.000003928863
 0.000001032554
 0.000014296435
 0.000006061403
 0.000002039420
 0.000008309321
 0.000003163217
 0.000008748325
 0.000007356215
 0.000003259497
 0.000002922238
 0.000004904072
 0.000007265548
 0.000005516997
 0.000005056618
 0.000007787702
 0.000004155509
 0.000007359820
 0.000004505345
 0.000019358231
 0.000019900625
 0.000010890294
 0.000008033040
 0.000005122487
 0.000003409077
 0.000003362032
 0.000007850066
 0.000004379644
 0.000007844966
 0.000005319454
 0.000007243582
 0.000002500179
 0.000001994631
 0.000004886354
 0.000004079249
 0.000002890075
 0.000001945947
 0.000002144913
 0.000003588387
 0.000004694755
 0.000005023924
 0.000002272198
 0.000002534019
 0.000003858477
 0.000003202879
 0.000006877307
 0.000012064683
 0.000004370085
 0.000004574165
 0.000005484385
 0.000005285134
 0.000030603994
 0.000004462579
 0.000004026956
 0.000001781527
 0.000006471843
 0.000004726534
 0.000004917997
 0.000006654049
 0.000002863962
 0.000002253264
 0.000003060616
 0.000002019045
 0.000001885834
 0.000003545280
 0.000008486774
 0.000002197312
 0.000003777771
 0.000005484251
 0.000005620132
 0.000002557471
 0.000002964869
 0.000003606869
 0.000004616620
 0.000002137542
 0.000002227345
 0.000000584020
 0.000001589281
 0.000002104268
 0.000001437562
 0.000001497148
 0.000005542604
 0.000002680369
 0.000002810984
 0.000004696862
 0.000003313423
 0.000001814624
 0.000003568859
 0.000001741710
 0.000001522911
 0.000004720016
 0.000002341822
 0.000002940119
 0.000001740393
 0.000003674211
 0.000004495710
 0.000003036021
 0.000000927765
 0.000001765772
 0.000001954529
 0.000001732455
 0.000002834688
 0.000000954418
 0.000001469487
 0.000001211439
 0.000005250862
 0.000001134063
 0.000003789349
 0.000003071820
 0.000003435070
 0.000004407984
 0.000004467078
 0.000002534541
 0.000001801836
 0.000003627011
 0.000004584769
 0.000004824392
 0.000004605743
 0.000005659824
 0.000026969885
 0.000013324270
 0.000003315391
 0.000007006928
 0.000023564553
 0.000009238951
 0.000023295937
 0.000018532295
 0.000018066169
 0.000024450538
 0.000017561515
 0.000019057777
 0.000011248210
 0.000017285607
 0.000007846410
 0.000013915226
 0.000013914403
 0.000003975255
 0.000005025948
 0.000015348081
 0.000004721078
 0.000004181147
 0.000015637049
 0.000017278438
 0.000009378580
 0.000015015123
 0.000011039226
 0.000006077879
 0.000015465604
 0.000004398049
 0.000009816829
 0.000039141276
 0.000017830824
 0.000014010292
 0.000020193286
 0.000024311311
 0.000019923052
 0.000010030712
 0.000012013989
 0.000020980605
 0.000071002927
 0.000009997496
 0.000037647082
 0.000015995963
 0.000049660416
 0.000041845197
 0.000031901351
 0.000037606607
 0.000032209279
 0.000032921721
 0.000031379097
 0.000058666766
 0.000058600751
 0.000018504892
 0.000022285823
 0.000037923391
 0.000015999942
 0.000022172372
 0.000007610405
 0.000009699257
 0.000014863398
 0.000025988502
 0.000008117921
 0.000004855310
 0.000007003282
 0.000015470630
 0.000011197632
 0.000011091988
 0.000009450348
 0.000005168756
 0.000016975818
 0.000013883430
 0.000017134897
 0.000019118959
 0.000022013979
 0.000013533139
 0.000007803160
 0.000024667180
 0.000011233242
 0.000030692481
 0.000006746241
 0.000010033779
 0.000008844728
 0.000020609176
 0.000032436757
 0.000007479078
 0.000042322929
 0.000026669075
 0.000055354420
 0.000087112062
 0.000032710250
 0.000027182605
 0.000016145876
 0.000022491602
 0.000002824992
 0.000007764589
 0.000005383876
 0.000007985335
 0.000045685346
 0.000019168251
 0.000051391848
 0.000016461819
 0.000007932535
 0.000005339723
 0.000010151657
 0.000018119485
 0.000057862886
 0.000107312082
 0.000027139987
 0.000037597469
 0.000038984278
 0.000043326972
 0.000024226550
 0.000093387893
 0.000025016150
 0.000011842961
 0.000019057221
 0.000024445737
 0.000015402633
 0.000010395280
 0.000029855104
 0.000032747381
 0.000042039505
 0.000021805404
 0.000058813196
 0.000039470218
 0.000028139265
 0.000020765206
 0.000020339026
 0.000063469065
 0.000016113785
 0.000035963861
 0.000008006330
 0.000039857300
 0.000013928068
 0.000021112306
 0.000014080669
 0.000012495712
 0.000011575479
 0.000016486208
 0.000010273576
 0.000014450409
 0.000017445125
 0.000024425907
 0.000030091801
 0.000010527108
 0.000003239431
 0.000038894344
 0.000018901565
 0.000023071775
 0.000007569888
 0.000003749792
 0.000006430329
 0.000022859974
 0.000009647702
 0.000010271839
 0.000014150930
 0.000007540441
 0.000010142329
 0.000005538815
 0.000007821821
 0.000007886081
 0.000002352576
 0.000005972339
 0.000005934942
 0.000022636871
 0.000006327601
 0.000011105712
 0.000012002202
 0.000013134113
 0.000008711364
 0.000011627253
 0.000019735661
 0.000045643089
 0.000028556266
 0.000037800448
 0.000012752139
 0.000014683370
 0.000013671246
 0.000014981066
 0.000006716867
 0.000003615346
 0.000024110819
 0.000008177909
 0.000005370753
 0.000034685506
 0.000025346466
 0.000040447862
 0.000055894619
 0.000013708577
 0.000014429062
 0.000036911742
 0.000028250454
 0.000035987439
 0.000012734047
 0.000018864120
 0.000047133263
 0.000014684016
 0.000035371749
 0.000004966887
 0.000055357274
 0.000027575357
 0.000025727553
 0.000053267071
 0.000025756836
 0.000020872362
 0.000004786879
 0.000013002246
 0.000019833381
 0.000007778650
 0.000017853922
 0.000019298127
 0.000023944597
 0.000017406942
 0.000016759328
 0.000015860543
 0.000008427727
 0.000013575882
 0.000015046964
 0.000021947889
 0.000012882086
 0.000010123059
 0.000009657119
 0.000031587066
 0.000011635508
 0.000012110292
 0.000025062806
 0.000031664782
 0.000034727477
 0.000044987939
 0.000037718228
 0.000046281806
 0.000013015771
 0.000005650259
 0.000074865838
 0.000033927320
 0.000047023337
 0.000057291477
 0.000057004036
 0.000039738421
 0.000067975105
 0.000005013129
 0.000029006058
 0.000022245605
 0.000031230114
 0.000024334093
 0.000015615932
 0.000052218612
 0.000027743929
 0.000123514988
 0.000041761827
 0.000039176331
 0.000055808696
 0.000019192239
 0.000047552097
 0.000016617806
 0.000043828397
 0.000017947757
 0.000049071180
 0.000055386847
 0.000079142490
 0.000060610890
 0.000046107733
 0.000048159168
 0.000025730984
 0.000018402505
 0.000020109900
 0.000040600675
 0.000036644105
 0.000020172477
 0.000041082734
 0.000019983181
 0.000104793646
 0.000066303181
 0.000042032269
 0.000032636801
 0.000084391652
 0.000036052390
 0.000044293196
 0.000056023438
 0.000035056080
 0.000028637507
 0.000009542339
 0.000013959508
 0.000029935340
 0.000023181235
 0.000023727230
 0.000013811896
 0.000044358588
 0.000049884120
 0.000022645300
 0.000025047307
 0.000026294562
 0.000026618003
 0.000045699988
 0.000016013605
 0.000021679029
 0.000019971838
 0.000053387569
 0.000021115250
 0.000045550165
 0.000052136338
 0.000080509188
 0.000015307310
 0.000059762869
 0.000011737783
 0.000012863016
 0.000033843741
 0.000012255799
 0.000005989411
 0.000014038531
 0.000013145336
 0.000007943388
 0.000015479915
 0.000022973939
 0.000010086058
 0.000024091288
 0.000018901347
 0.000016717903
 0.000021714018
 0.000019456809
 0.000020259593
 0.000051361697
 0.000018644929
 0.000058111021
 0.000016484425
 0.000010694515
 0.000013179474
 0.000025269275
 0.000089465226
 0.000052342060
 0.000014595502
 0.000013724435
 0.000030613029
 0.000028704643
 0.000033352510
 0.000071374500
 0.000098284136
 0.000049883732
 0.000116885893
 0.000032007075
 0.000038489648
 0.000033085241
 0.000115300025
 0.000036944260
 0.000138299694
 0.000084020100
 0.000066574803
 0.000064635710
 0.000144509210
 0.000124494299
 0.000113581174
 0.000030234146
 0.000121174398
 0.000130261922
 0.000095916167
 0.000054263336
 0.000092643963
 0.000130767555
 0.000118888078
 0.000114447208
 0.000030347184
 0.000025516119
 0.000035468062
 0.000026781098
 0.000062914371
 0.000038893840
 0.000065138278
 0.000058450995
 0.000037120366
 0.000029815243
 0.000043671088
 0.000040903271
 0.000100576091
 0.000022910721
 0.000025492729
 0.000088595629
 0.000012543333
 0.000034262455
 0.000025037640
 0.000027076778
 0.000020865170
 0.000012187566
 0.000077785398
 0.000020923270
 0.000027893146
 0.000015877517
 0.000030518903
 0.000053873600
 0.000036686148
 0.000022221517
 0.000082681317
 0.000038874940
 0.000035165768
 0.000019100753
 0.000024504972
 0.000042649524
 0.000030752884
 0.000063221741
 0.000098333655
 0.000074162600
 0.000048702747
 0.000067447730
 0.000058370909
 0.000058211236
 0.000019144320
 0.000044146450
 0.000026163083
 0.000082989920
 0.000021108907
 0.000038011557
 0.000045000520
 0.000038184361
 0.000043141559
 0.000016334382
 0.000020487184
 0.000015633336
 0.000065220392
 0.000071437694
 0.000010309115
 0.000017447935
 0.000009578683
 0.000008444231
 0.000034654703
 0.000008926030
 0.000014787495
 0.000022482417
 0.000012427440
 0.000010075801
 0.000070245357
 0.000011971450
 0.000022086086
 0.000032426099
 0.000052871549
 0.000053200261
 0.000023050098
 0.000015621528
 0.000014453936
 0.000017358483
 0.000015112804
 0.000017380790
 0.000054302922
 0.000018210975
 0.000030513434
 0.000130610256
 0.000067603035
 0.000046798487
 0.000114663395
 0.000122718929
 0.000237229366
 0.000079989256
 0.000127041061
 0.000046569273
 0.000048077156
 0.000042439888
 0.000247909714
 0.000017439371
 0.000015988351
 0.000067623141
 0.000101353623
 0.000141604058
 0.000201982559
 0.000114907432
 0.000072454385
 0.000043656969
 0.000126942934
 0.000131212870
 0.000063601587
 0.000016104585
 0.000096004454
 0.000021881612
 0.000026998422
 0.000149840663
 0.000028308341
 0.000024059178
 0.000065841614
 0.000059877680
 0.000069959189
 0.000113555928
 0.000022878718
 0.000020267387
 0.000069093157
 0.000093824224
 0.000031617653
 0.000028389572
 0.000024961356
 0.000015931312
 0.000020227439
 0.000016587743
 0.000019569114
 0.000051848184
 0.000048580701
 0.000027144959
 0.000014967108
 0.000020158230
 0.000024336046
 0.000018036343
 0.000022590199
 0.000021541504
 0.000016122996
 0.000024209091
 0.000020201049
 0.000014563300
 0.000017959294
 0.000012428613
 0.000023332191
 0.000032665400
 0.000012691158
 0.000018086508
 0.000015780541
 0.000005477291
 0.000005559625
 0.000019358229
 0.000007423624
 0.000005651461
 0.000025427576
 0.000010090573
 0.000008692885
 0.000016070234
 0.000014615852
 0.000010297081
 0.000027580235
 0.000014518987
 0.000014212524
 0.000007086858
 0.000039980685
 0.000013900687
 0.000009656442
 0.000014981136
 0.000016454657
 0.000013066761
 0.000008758059
 0.000043575219
 0.000017361365
 0.000011981833
 0.000024732493
 0.000022916758
 0.000014372315
 0.000011243189
 0.000019009181
 0.000025617197
 0.000047085092
 0.000022782520
 0.000027603633
 0.000015644264
 0.000022214146
 0.000015771531
 0.000031699058
 0.000018989822
 0.000030700891
 0.000054379488
 0.000015603137
 0.000031844075
 0.000018165262
 0.000026555453
 0.000026997561
 0.000014372611
 0.000043190947
 0.000031761871
 0.000006703244
 0.000026478428
 0.000006233839
 0.000016723864
 0.000039886505
 0.000048466562
 0.000032037616
 0.000072867679
 0.000025906249
 0.000024747198
 0.000028665130
 0.000050797860
 0.000013518528
 0.000032980945
 0.000023128083
 0.000053471772
 0.000033265956
 0.000012986077
 0.000041711237
 0.000023798270
 0.000018566380
 0.000040628534
 0.000012967973
 0.000033879032
 0.000047608153
 0.000019139494
 0.000051820116
 0.000033107131
 0.000008090702
 0.000022921372
 0.000022753758
 0.000016598949
 0.000040434453
 0.000036694620
 0.000029842919
 0.000025018431
 0.000024162805
 0.000014079100
 0.000061169451
 0.000009532155
 0.000009065642
 0.000020539816
 0.000010147206
 0.000015086116
 0.000026958312
 0.000018860504
 0.000037653284
 0.000052546443
 0.000014037151
 0.000015586478
 0.000024202736
 0.000014515039
 0.000013938594
 0.000013379496
 0.000017408627
 0.000023874648
 0.000006343386
 0.000011783784
 0.000017372569
 0.000028550195
 0.000012401199
 0.000016269360
 0.000005996270
 0.000029635468
 0.000022540998
 0.000022772207
 0.000032594964
 0.000068481765
 0.000028493969
 0.000005943912
 0.000043735722
 0.000009754680
 0.000005176413
 0.000010123397
 0.000045537098
 0.000014349278
 0.000021532165
 0.000023882602
 0.000031321011
 0.000040097626
 0.000021952539
 0.000021741055
 0.000011755128
 0.000012810455
 0.000009488617
 0.000008349254
 0.000007308645
 0.000010103447
 0.000018737469
 0.000006998093
 0.000007079867
 0.000010792621
 0.000021086057
 0.000005551900
 0.000012895918
 0.000014379353
 0.000009929124
 0.000007430114
 0.000029647763
 0.000007945615
 0.000005868203
 0.000008544913
 0.000018925992
 0.000007353357
 0.000014628147
 0.000027910838
 0.000007919679
 0.000006064473
 0.000012822685
 0.000005931731
 0.000007657603
 0.000008204998
 0.000009024495
 0.000018361161
 0.000007078766
 0.000003296537
 0.000005254527
 0.000027542350
 0.000010635390
 0.000007599998
 0.000008892558
 0.000009583251
 0.000011819915
 0.000022680651
 0.000015704676
 0.000016044464
 0.000013769472
 0.000025706708
 0.000018516085
 0.000012647568
 0.000030152318
 0.000010210278
 0.000011067089
 0.000012824015
 0.000022389742
 0.000017171811
 0.000012965446
 0.000032161245
 0.000062795612
 0.000011948534
 0.000029326857
 0.000009173621
 0.000043091074
 0.000011755423
 0.000027311329
 0.000021164118
 0.000033570589
 0.000017550944
 0.000032513549
 0.000009617836
 0.000040923433
 0.000021567632
 0.000010705834
 0.000007898279
 0.000015992106
 0.000011005334
 0.000004483397
 0.000018521626
 0.000018785940
 0.000014537488
 0.000035819305
 0.000014791803
 0.000050612010
 0.000056723251
 0.000017799104
 0.000013085469
 0.000008692949
 0.000014207180
 0.000007751613
 0.000013500225
 0.000009091834
 0.000024580729
 0.000014102574
 0.000010018931
 0.000028581227
 0.000031469376
 0.000012914597
 0.000011748239
 0.000021633562
 0.000010457698
 0.000044284282
 0.000025096716
 0.000011148636
 0.000015435188
 0.000047245225
 0.000012240986
 0.000010096696
 0.000008168832
 0.000009371664
 0.000002807097
 0.000002918818
 0.000008569178
 0.000022623821
 0.000017985300
 0.000008758419
 0.000010193028
 0.000005806665
 0.000007470950
 0.000027231398
 0.000006930604
 0.000054682468
 0.000016268364
 0.000004541545
 0.000010326455
 0.000011940357
 0.000010084939
 0.000007254848
 0.000021007925
 0.000008976762
 0.000011268856
 0.000016101731
 0.000013778927
 0.000011638654
 0.000013463420
 0.000007477852
 0.000060518948
 0.000014705466
 0.000061155029
 0.000015553418
 0.000035887028
 0.000012053465
 0.000027055725
 0.000042741202
 0.000033384320
 0.000015136808
 0.000019523463
 0.000011389219
 0.000011414970
 0.000025197164
 0.000022189991
 0.000016925055
 0.000005414804
 0.000017946501
 0.000021784817
 0.000008368310
 0.000008639713
 0.000044231697
 0.000007211844
 0.000007391938
 0.000012816503
 0.000014213377
 0.000031514280
 0.000005405858
 0.000011889098
 0.000010581530
 0.000008902590
 0.000006245106
 0.000003911418
 0.000014846643
 0.000007145483
 0.000019069791
 0.000016704251
 0.000010544395
 0.000010724520
 0.000018058613
 0.000013633466
 0.000019915765
 0.000058414256
 0.000036942587
 0.000012465832
 0.000024632292
 0.000007742993
 0.000007591483
 0.000012693233
 0.000059482578
 0.000176296572
 0.000038509943
 0.000022697119
 0.000007491766
 0.000004704786
 0.000011413059
 0.000008616169
 0.000028901895
 0.000007134749
 0.000005826899
 0.000002218700
 0.000004910404
 0.000002484101
 0.000002510847
 0.000003541688
 0.000002103273
 0.000002892503
 0.000007089068
 0.000005236096
 0.000008433813
 0.000006710138
 0.000010298091
 0.000015275673
 0.000017833980
 0.000006561520
 0.000008439446
 0.000005220204
 0.000015589529
 0.000008767851
 0.000008183025
 0.000017774492
 0.000010889018
 0.000008204769
 0.000014945825
 0.000021689172
 0.000006015202
 0.000043652782
 0.000020960757
 0.000056972620
 0.000023912015
 0.000084935619
 0.000059550446
 0.000037205425
 0.000019699154
 0.000025754056
 0.000035586047
 0.000065473492
 0.000037624345
 0.000014820246
 0.000018121797
 0.000019753819
 0.000080683353
 0.000020681499
 0.000014015777
 0.000010991288
 0.000025105583
 0.000013247766
 0.000004831512
 0.000004885258
 0.000038740300
 0.000036839768
 0.000018998379
 0.000042333572
 0.000008374310
 0.000012575160
 0.000004412091
 0.000005195017
 0.000004751255
 0.000012931392
 0.000016081119
 0.000025084738
 0.000024853621
 0.000006277649
 0.000027312327
 0.000012825123
 0.000009631148
 0.000012332561
 0.000004531922
 0.000005796345
 0.000008424392
 0.000003441440
 0.000006004272
 0.000006367278
 0.000005696051
 0.000003486842
 0.000004463779
 0.000015797419
 0.000013408256
 0.000013436799
 0.000018434870
 0.000019863642
 0.000019220153
 0.000020327017
 0.000010078231
 0.000018303288
 0.000012322922
 0.000010470123
 0.000004961255
 0.000026225054
 0.000028907539
 0.000025507284
 0.000010436459
 0.000013016573
 0.000016913263
 0.000025174960
 0.000039177139
 0.000016422445
 0.000051200329
 0.000015732434
 0.000013427755
 0.000014952558
 0.000021312780
 0.000020196891
 0.000003468240
 0.000004890542
 0.000007571625
 0.000006828543
 0.000002223546
 0.000013502107
 0.000008983402
 0.000006046429
 0.000003807887
 0.000005472778
 0.000016532145
 0.000004276811
 0.000007116157
 0.000012858433
 0.000008349666
 0.000008014610
 0.000013562621
 0.000009121022
 0.000011830949
 0.000044004365
 0.000011150170
 0.000007609332
 0.000004901998
 0.000014008733
 0.000008626327
 0.000008612081
 0.000035868874
 0.000023262540
 0.000015502184
 0.000010611557
 0.000011829262
 0.000015746052
 0.000015464360
 0.000009687120
 0.000013400853
 0.000015158384
 0.000034231068
 0.000010426785
 0.000017310011
 0.000010353304
 0.000003230494
 0.000029067536
 0.000014908304
 0.000014102806
 0.000023168984
 0.000027399616
 0.000016593380
 0.000008937850
 0.000018842206
 0.000006148038
 0.000004192766
 0.000010045247
 0.000010972640
 0.000011017394
 0.000024302939
 0.000013145567
 0.000006114232
 0.000016848373
 0.000036878701
 0.000006486575
 0.000018708653
 0.000008483370
 0.000034384671
 0.000015554481
 0.000004177783
 0.000018221423
 0.000007764111
 0.000008554895
 0.000004981406
 0.000016257544
 0.000014590833
 0.000027401521
 0.000034994435
 0.000004301703
 0.000006785870
 0.000016817557
 0.000017214093
 0.000010708477
 0.000011400580
 0.000003475486
 0.000003334509
 0.000010823654
 0.000019326115
 0.000008273488
 0.000004051817
 0.000009121535
 0.000012064390
 0.000004280219
 0.000011044898
 0.000005417081
 0.000005953943
 0.000006024159
 0.000003086238
 0.000004279585
 0.000017097271
 0.000006307812
 0.000016666944
 0.000029817691
 0.000019426879
 0.000007661665
 0.000008420549
 0.000022438060
 0.000014984003
 0.000004579536
 0.000009529324
 0.000018803536
 0.000027086713
 0.000027429143
 0.000021663748
 0.000008973876
 0.000044187992
 0.000018892909
 0.000012021881
 0.000019433748
 0.000011681270
 0.000011377770
 0.000010945512
 0.000004667888
 0.000021076946
 0.000006864525
 0.000015900800
 0.000011710134
 0.000017157570
 0.000045493718
 0.000028027102
 0.000017231504
 0.000013604116
 0.000017032834
 0.000015153702
 0.000006770198
 0.000019808319
 0.000007703039
 0.000016186134
 0.000010014795
 0.000026167589
 0.000007677185
 0.000004903686
 0.000025754885
 0.000013023856
 0.000004625340
 0.000012040518
 0.000012767074
 0.000007987611
 0.000004309147
 0.000008300471
 0.000004876443
 0.000006455507
 0.000003245022
 0.000003123626
 0.000006775446
 0.000008406612
 0.000010840151
 0.000040979767
 0.000014306408
 0.000006364810
 0.000008416183
 0.000009115829
 0.000010034808
 0.000010342480
 0.000006101248
 0.000008145027
 0.000004386584
 0.000005977493
 0.000026519593
 0.000004301637
 0.000003793688
 0.000013661498
 0.000010708947
 0.000003166413
 0.000003235837
 0.000005433492
 0.000009348917
 0.000006344254
 0.000012150271
 0.000006959968
 0.000006799437
 0.000004374940
 0.000004262438
 0.000002171803
 0.000009361614
 0.000004663323
 0.000003446159
 0.000005961694
 0.000005784584
 0.000008571278
 0.000018542641
 0.000008669770
 0.000015398834
 0.000003108644
 0.000015075782
 0.000024144621
 0.000013692123
 0.000014534187
 0.000013926885
 0.000007757000
 0.000019228533
 0.000014557188
 0.000021208549
 0.000015096501
 0.000009336684
 0.000008502718
 0.000012418089
 0.000031201646
 0.000007276209
 0.000005088437
 0.000005404387
 0.000003948852
 0.000009282190
 0.000073700522
 0.000026777424
 0.000007163874
 0.000014973866
 0.000008191325
 0.000017628364
 0.000009100786
 0.000009764531
 0.000004735129
 0.000014695741
 0.000005276872
 0.000005662923
 0.000006060763
 0.000004406966
 0.000009705359
 0.000005297387
 0.000015627085
 0.000007700173
 0.000009277674
 0.000020205868
 0.000008686408
 0.000007668766
 0.000014943340
 0.000014983204
 0.000011862913
 0.000005883170
 0.000008628098
 0.000003417906
 0.000009303479
 0.000007182761
 0.000010767075
 0.000010578056
 0.000005329599
 0.000004095014
 0.000008329402
 0.000006982527
 0.000003842619
 0.000005734356
 0.000003477250
 0.000006315889
 0.000005298662
 0.000005303070
 0.000008639270
 0.000005416376
 0.000006373451
 0.000008618239
 0.000006820132
 0.000011474993
 0.000007736561
 0.000003934407
 0.000006619591
 0.000004292272
 0.000004607511
 0.000007493972
 0.000006939713
 0.000044635080
 0.000040118771
 0.000007018681
 0.000017634906
 0.000047480928
 0.000044413122
 0.000018700146
 0.000020296000
 0.000034313897
 0.000012980332
 0.000005177884
 0.000007950570
 0.000008246120
 0.000019957334
 0.000012993055
 0.000007936255
 0.000007900102
 0.000006575715
 0.000007597972
 0.000007028151
 0.000009197549
 0.000016792306
 0.000018123456
 0.000014083435
 0.000013546309
 0.000009292878
 0.000016898596
 0.000014148206
 0.000010322520
 0.000020730978
 0.000008144128
 0.000005694161
 0.000005131421
 0.000004432049
 0.000007099127
 0.000008361204
 0.000013455071
 0.000003568297
 0.000008690671
 0.000005768381
 0.000010949272
 0.000008007160
 0.000010804249
 0.000008964587
 0.000007041761
 0.000005487128
 0.000003474550
 0.000005911066
 0.000027012603
 0.000024649717
 0.000039533076
 0.000022419319
 0.000018627427
 0.000014912191
 0.000015873974
 0.000019214272
 0.000011313316
 0.000014250512
 0.000019176113
 0.000015285379
 0.000022669692
 0.000017058405
 0.000009315667
 0.000011718736
 0.000014943996
 0.000010162676
 0.000031029462
 0.000012451395
 0.000006348825
 0.000006436602
 0.000005418898
 0.000007702397
 0.000005399752
 0.000006101806
 0.000022344178
 0.000025857250
 0.000004908176
 0.000007946471
 0.000003993004
 0.000012887403
 0.000002508213
 0.000004681935
 0.000012707641
 0.000006537821
 0.000007753838
 0.000009150864
 0.000002448181
 0.000006125677
 0.000005199120
 0.000002132412
 0.000005541186
 0.000003726226
 0.000007881141
 0.000004580649
 0.000007130308
 0.000005477887
 0.000007572183
 0.000006181836
 0.000008523929
 0.000007378512
 0.000005565371
 0.000004383143
 0.000004042748
 0.000003456844
 0.000005461904
 0.000006882590
 0.000008862388
 0.000009457793
 0.000002199565
 0.000006596799
 0.000002134662
 0.000003902648
 0.000003530021
 0.000002282368
 0.000001730702
 0.000008294034
 0.000003845993
 0.000003852877
 0.000002576170
 0.000006479462
 0.000008172564
 0.000004112892
 0.000005090686
 0.000007216176
 0.000006373096
 0.000002508564
 0.000009075485
 0.000008226876
 0.000008126420
 0.000006542139
 0.000017220118
 0.000010158459
 0.000016293709
 0.000008997695
 0.000003602651
 0.000003942727
 0.000002611574
 0.000003221704
 0.000003216619
 0.000010461976
 0.000016142421
 0.000007456635
 0.000017180941
 0.000015905522
 0.000007233465
 0.000008147611
 0.000007754511
 0.000017108139
 0.000009191098
 0.000016952730
 0.000006171702
 0.000006108420
 0.000009746072
 0.000014073131
 0.000008904716
 0.000014630272
 0.000020708409
 0.000022172954
 0.000005773430
 0.000009202434
 0.000007371947
 0.000006461214
 0.000016150596
 0.000004336841
 0.000006116312
 0.000011970193
 0.000012945884
 0.000031021311
 0.000009679271
 0.000030136589
 0.000013776833
 0.000020624821
 0.000008688244
 0.000015629494
 0.000027091903
 0.000012742255
 0.000009980411
 0.000013440477
 0.000020728328
 0.000013760813
 0.000007818418
 0.000007563768
 0.000005572936
 0.000004621441
 0.000016426299
 0.000007573795
 0.000015874237
 0.000010172499
 0.000009350956
 0.000007924712
 0.000010535511
 0.000004943379
 0.000022621191
 0.000036076774
 0.000007996362
 0.000018121601
 0.000016522111
 0.000019623498
 0.000010709796
 0.000003778144
 0.000015740645
 0.000015267334
 0.000006742282
 0.000011819202
 0.000016091129
 0.000018444217
 0.000003717151
 0.000009160025
 0.000012681181
 0.000004164230
 0.000009859425
 0.000006398901
 0.000017743471
 0.000011368072
 0.000011691073
 0.000017103508
 0.000008813692
 0.000008978662
 0.000011288981
 0.000012890571
 0.000013272648
 0.000017522858
 0.000033381300
 0.000016508161
 0.000028199254
 0.000020681681
 0.000008872652
 0.000008193434
 0.000013340390
 0.000013129925
 0.000005894239
 0.000007595094
 0.000014439397
 0.000005109803
 0.000010361827
 0.000008799163
 0.000008255634
 0.000006869066
 0.000012023226
 0.000008968839
 0.000009097160
 0.000010066278
 0.000002810073
 0.000005470705
 0.000007696319
 0.000010429752
 0.000010951524
 0.000002950291
 0.000007377643
 0.000007027900
 0.000003539051
 0.000006072676
 0.000003640002
 0.000003164699
 0.000004718483
 0.000007252533
 0.000007249050
 0.000006708006
 0.000003075267
 0.000010133295
 0.000003824637
 0.000016987470
 0.000006309745
 0.000006777495
 0.000005258819
 0.000002386868
 0.000002896623
 0.000012304856
 0.000006221839
 0.000007434127
 0.000001730753
 0.000009431897
 0.000002103755
 0.000003075684
 0.000001538742
 0.000005129894
 0.000005060742
 0.000003369440
 0.000003475423
 0.000004216492
 0.000001283431
 0.000003443736
 0.000005216775
 0.000002805864
 0.000004894022
 0.000013822077
 0.000002748178
 0.000004016300
 0.000004359432
 0.000005010350
 0.000003074254
 0.000002722709
 0.000006191703
 0.000004415784
 0.000006174180
 0.000004722181
 0.000008755301
 0.000003717106
 0.000011468141
 0.000003259689
 0.000002280996
 0.000004633702
 0.000002360637
 0.000004480015
 0.000007717496
 0.000004484771
 0.000004553847
 0.000004058159
 0.000003658863
 0.000008324292
 0.000003682314
 0.000006316999
 0.000005379156
 0.000003484507
 0.000011939371
 0.000003478097
 0.000003508567
 0.000006246403
 0.000004757070
 0.000004782193
 0.000001566325
 0.000006872549
 0.000004537424
 0.000003419592
 0.000008516222
 0.000011183555
 0.000003625842
 0.000006213480
 0.000002288462
 0.000004030592
 0.000003961842
 0.000002547167
 0.000004698767
 0.000007694402
 0.000003023775
 0.000007947403
 0.000004479062
 0.000003971694
 0.000007419953
 0.000024849300
 0.000006088846
 0.000004594767
 0.000004826359
 0.000002263308
 0.000002760192
 0.000006324766
 0.000011722039
 0.000003648251
 0.000005876706
 0.000002949220
 0.000006354850
 0.000004659660
 0.000003703416
 0.000010656232
 0.000005979590
 0.000008040202
 0.000017548363
 0.000003051302
 0.000004998403
 0.000005689541
 0.000002523426
 0.000005931791
 0.000004175191
 0.000002791254
 0.000003394646
 0.000007416364
 0.000005052435
 0.000007159477
 0.000001216513
 0.000002305126
 0.000011398878
 0.000001976829
 0.000002589652
 0.000010872358
 0.000008746560
 0.000008192037
 0.000004668126
 0.000002664503
 0.000002419711
 0.000003808887
 0.000004303441
 0.000005545543
 0.000005110045
 0.000008422218
 0.000006203912
 0.000006550597
 0.000004798048
 0.000001862118
 0.000001814831
 0.000003677778
 0.000002537229
 0.000001352239
 0.000005455066
 0.000006362901
 0.000002317708
 0.000003552086
 0.000002615217
 0.000000755744
 0.000003138628
 0.000003227023
 0.000002959005
 0.000001856731
 0.000003378273
 0.000003034897
 0.000002852924
 0.000001290861
 0.000004493597
 0.000007157920
 0.000003018172
 0.000014367545
 0.000004790895
 0.000003393515
 0.000005954434
 0.000008174431
 0.000005888525
 0.000006070521
 0.000003730181
 0.000005140433
 0.000003660588
 0.000006509238
 0.000006291595
 0.000009224832
 0.000008445512
 0.000008838093
 0.000006854106
 0.000005998291
 0.000005521772
 0.000018072834
 0.000002616263
 0.000012821752
 0.000007936765
 0.000004906046
 0.000012439095
 0.000003503808
 0.000009492098
 0.000010050004
 0.000004121813
 0.000009398023
 0.000007276834
 0.000002668843
 0.000011092504
 0.000013168625
 0.000005938379
 0.000003152611
 0.000007447147
 0.000006563225
 0.000004949647
 0.000008308308
 0.000001602225
 0.000004419949
 0.000001525841
 0.000001601473
 0.000002797211
 0.000003891617
 0.000003448211
 0.000001496065
 0.000001656750
 0.000000738228
 0.000001343855
 0.000002344259
 0.000001890139
 0.000003022172
 0.000004407008
 0.000003511890
 0.000001893733
 0.000007813907
 0.000008853204
 0.000003237093
 0.000003174723
 0.000005099651
 0.000003211305
 0.000006033382
 0.000001775402
 0.000004926096
 0.000008957682
 0.000002755745
 0.000001773642
 0.000005128705
 0.000003901849
 0.000003712026
 0.000003077643
 0.000005065631
 0.000003340887
 0.000004282654
 0.000005826656
 0.000007224203
 0.000004658977
 0.000001794782
 0.000004261981
 0.000007763392
 0.000004576469
 0.000017746046
 0.000010592744
 0.000016954131
 0.000011473551
 0.000031687584
 0.000006414587
 0.000076595013
 0.000025521301
 0.000141884863
 0.000034640339
 0.000053801457
 0.000011627609
 0.000012251176
 0.000023440891
 0.000007415128
 0.000025720655
 0.000054918250
 0.000021055029
 0.000028305600
 0.000007322062
 0.000005599940
 0.000024532660
 0.000019209834
 0.000011451695
 0.000016512294
 0.000020924416
 0.000013533011
 0.000009744561
 0.000012191832
 0.000033914400
 0.000010764861
 0.000025202007
 0.000021722961
 0.000028220108
 0.000036155937
 0.000008941000
 0.000034249906
 0.000008161124
 0.000010485531
 0.000015289818
 0.000004490978
 0.000005302582
 0.000012026663
 0.000003312437
 0.000010495597
 0.000014171504
 0.000029397545
 0.000002329349
 0.000003954146
 0.000003224338
 0.000009464908
 0.000004169572
 0.000004929290
 0.000009164018
 0.000005123755
 0.000006790147
 0.000011346973
 0.000008756243
 0.000006158902
 0.000006062563
 0.000004542700
 0.000014806674
 0.000008663323
 0.000008347507
 0.000008370881
 0.000006052592
 0.000010979278
 0.000005758210
 0.000004541982
 0.000001759543
 0.000004046933
 0.000004878529
 0.000002659108
 0.000005138939
 0.000004916514
 0.000008449769
 0.000005378683
 0.000006880004
 0.000005955443
 0.000002331523
 0.000009788073
 0.000039349487
 0.000030693457
 0.000009446078
 0.000042891675
 0.000013979688
 0.000007222343
 0.000015459293
 0.000017161802
 0.000022750388
 0.000008011799
 0.000005612872
 0.000006837528
 0.000003465640
 0.000015477098
 0.000009643988
 0.000009867514
 0.000024351445
 0.000011979719
 0.000014461453
 0.000030695574
 0.000013013283
 0.000007104564
 0.000009457807
 0.000006348173
 0.000002326706
 0.000002492123
 0.000009118317
 0.000024547440
 0.000011517030
 0.000004098389
 0.000014398741
 0.000006189573
 0.000007913668
 0.000006560024
 0.000002874010
 0.000012092983
 0.000021119205
 0.000009453882
 0.000005339954
 0.000017472248
 0.000003766542
 0.000011269163
 0.000017115334
 0.000006524315
 0.000006720669
 0.000008565216
 0.000003174107
 0.000006976541
 0.000002269557
 0.000014636382
 0.000004920453
 0.000006099583
 0.000006937561
 0.000004884076
 0.000007689244
 0.000005009981
 0.000008803067
 0.000006126545
 0.000002847568
 0.000002815742
 0.000004830198
 0.000011293426
 0.000002151023
 0.000005237554
 0.000034515004
 0.000047647608
 0.000008439779
 0.000013361587
 0.000007080454
 0.000005346466
 0.000017662601
 0.000009525591
 0.000004582199
 0.000011822847
 0.000010176867
 0.000008542676
 0.000018223312
 0.000009124660
 0.000010242499
 0.000004531696
 0.000006933214
 0.000007442852
 0.000010834880
 0.000007751168
 0.000007821354
 0.000013860702
 0.000007410188
 0.000011706209
 0.000007870076
 0.000005696550
 0.000004185198
 0.000006752692
 0.000009214111
 0.000009540623
 0.000014006282
 0.000004755148
 0.000005320688
 0.000005138297
 0.000005820570
 0.000003400691
 0.000010192839
 0.000004960634
 0.000007213373
 0.000009018644
 0.000016262787
 0.000004203609
 0.000002681408
 0.000007445044
 0.000004814957
 0.000007062603
 0.000004988042
 0.000003516856
 0.000006698627
 0.000009665266
 0.000005862506
 0.000006232311
 0.000001143116
 0.000018755391
 0.000016896283
 0.000014260227
 0.000005830926
 0.000007594112
 0.000004039337
 0.000003724571
 0.000003689560
 0.000007261938
 0.000005016221
 0.000016778720
 0.000011742557
 0.000009294744
 0.000005697224
 0.000009798143
 0.000007621901
 0.000008622920
 0.000012926093
 0.000004685629
 0.000007226673
 0.000003379351
 0.000002232614
 0.000005673813
 0.000007055497
 0.000005880368
 0.000006967908
 0.000008630109
 0.000010764557
 0.000011629185
 0.000007490403
 0.000011403010
 0.000008791354
 0.000019546446
 0.000009510287
 0.000016090436
 0.000013784540
 0.000008065266
 0.000009987198
 0.000008363827
 0.000006552376
 0.000007974373
 0.000004337542
 0.000015232370
 0.000014750731
 0.000010702941
 0.000007487778
 0.000008103570
 0.000002835733
 0.000005811204
 0.000003886499
 0.000009033360
 0.000005393205
 0.000006806688
 0.000009675340
 0.000010337973
 0.000005887486
 0.000016615296
 0.000012926309
 0.000007156667
 0.000006584900
 0.000006133985
 0.000006529473
 0.000003802943
 0.000002768826
 0.000002551334
 0.000004249267
 0.000003390684
 0.000005756249
 0.000005743681
 0.000006143151
 0.000014800780
 0.000006666265
 0.000009102505
 0.000005756973
 0.000001856183
 0.000002076678
 0.000003500328
 0.000009152625
 0.000006081750
 0.000002466311
 0.000004916095
 0.000005765135
 0.000002041208
 0.000007078798
 0.000008242297
 0.000003812599
 0.000036809681
 0.000016625855
 0.000005220034
 0.000008057130
 0.000002261333
 0.000017723675
 0.000011005438
 0.000004533887
 0.000002536873
 0.000008749006
 0.000010083120
 0.000004506428
 0.000005294449
 0.000006446557
 0.000006943856
 0.000002333776
 0.000006635863
 0.000008490712
 0.000004690028
 0.000005138397
 0.000005109010
 0.000005544740
 0.000023673948
 0.000002169467
 0.000007030270
 0.000003656376
 0.000005717984
 0.000007396449
 0.000005524232
 0.000002481137
 0.000004111006
 0.000002293092
 0.000015268836
 0.000003090911
 0.000005299045
 0.000002615935
 0.000006563859
 0.000019349591
 0.000025224220
 0.000011105477
 0.000020331296
 0.000012195014
 0.000018252833
 0.000003707616
 0.000001969095
 0.000004379641
 0.000001622568
 0.000005849332
 0.000004255369
 0.000006151913
 0.000012747087
 0.000004980834
 0.000029667069
 0.000016513067
 0.000014881500
 0.000006928179
 0.000011233838
 0.000009499091
 0.000035954604
 0.000025654109
 0.000018065640
 0.000053868499
 0.000007064090
 0.000005505300
 0.000008644004
 0.000003331215
 0.000006615690
 0.000008819075
 0.000008984221
 0.000013645067
 0.000003654362
 0.000011250987
 0.000008601335
 0.000006250541
 0.000022848410
 0.000018678735
 0.000030949707
 0.000026188323
 0.000081597941
 0.000011434211
 0.000024096414
 0.000010856625
 0.000008099786
 0.000011455935
 0.000006523036
 0.000025459149
 0.000010674269
 0.000009905503
 0.000010268070
 0.000007103519
 0.000010564492
 0.000031101093
 0.000015390323
 0.000003947364
 0.000028728446
 0.000010742869
 0.000006052831
 0.000008775136
 0.000007685281
 0.000033203600
 0.000036768185
 0.000021942669
 0.000016563837
 0.000015118643
 0.000007074930
 0.000010543367
 0.000015424915
 0.000009454638
 0.000021319284
 0.000027513507
 0.000007856193
 0.000005533016
 0.000011447094
 0.000008638889
 0.000006376189
 0.000006206419
 0.000020111720
 0.000007918522
 0.000004948034
 0.000009689024
 0.000009950369
 0.000011850035
 0.000020693441
 0.000008085727
 0.000014154427
 0.000022676067
 0.000013040282
 0.000016865629
 0.000008881385
 0.000007165552
 0.000007695791
 0.000013449321
 0.000017783675
 0.000011617561
 0.000029668427
 0.000016781013
 0.000017868795
 0.000013171428
 0.000008757807
 0.000007236261
 0.000024757003
 0.000013186592
 0.000014754321
 0.000007311353
 0.000012496450
 0.000014258435
 0.000011463516
 0.000007197200
 0.000004749287
 0.000002744243
 0.000002692999
 0.000004934356
 0.000001674811
 0.000005259854
 0.000004326749
 0.000006385071
 0.000004599114
 0.000006831310
 0.000017158013
 0.000017077742
 0.000013479566
 0.000015581335
 0.000006011035
 0.000005725643
 0.000013199404
 0.000020178515
 0.000008383822
 0.000006608796
 0.000003646598
 0.000003787211
 0.000001895321
 0.000004499976
 0.000003781732
 0.000009574286
 0.000008948319
 0.000015614630
 0.000009198412
 0.000004575410
 0.000005185702
 0.000006513242
 0.000005732783
 0.000012811932
 0.000005246783
 0.000005489934
 0.000007169119
 0.000004411128
 0.000007864864
 0.000003355877
 0.000004528153
 0.000003288425
 0.000009296309
 0.000012788216
 0.000015277340
 0.000011802188
 0.000006087458
 0.000006238525
 0.000010182248
 0.000016142406
 0.000030568817
 0.000017961038
 0.000004486159
 0.000012782727
 0.000005984070
 0.000009022636
 0.000005561219
 0.000005819047
 0.000007618465
 0.000008449486
 0.000007714980
 0.000013776763
 0.000022053948
 0.000015437861
 0.000006421909
 0.000013128557
 0.000008107654
 0.000020820527
 0.000005994794
 0.000015478863
 0.000013736667
 0.000004667783
 0.000007796434
 0.000010166588
 0.000006891321
 0.000003927641
 0.000010618253
 0.000004973246
 0.000005101813
 0.000006160599
 0.000004697039
 0.000016343359
 0.000005358447
 0.000007265520
 0.000005400950
 0.000048383375
 0.000006330747
 0.000006528479
 0.000012772976
 0.000005749925
 0.000010429785
 0.000012169351
 0.000005104909
 0.000005963586
 0.000003098361
 0.000017516553
 0.000012007118
 0.000021007640
 0.000011462101
 0.000011516294
 0.000016969008
 0.000008119275
 0.000005462240
 0.000008221392
 0.000007478642
 0.000007212504
 0.000008366316
 0.000003776695
 0.000005563637
 0.000013166312
 0.000005651949
 0.000006749680
 0.000008484656
 0.000012180872
 0.000009129204
 0.000012278125
 0.000003774562
 0.000002051796
 0.000007981652
 0.000005923234
 0.000003502328
 0.000012125753
 0.000003007948
 0.000004701977
 0.000007213172
 0.000012546211
 0.000007090871
 0.000002728564
 0.000006086589
 0.000007572025
 0.000004204618
 0.000001880795
 0.000003599631
 0.000007965559
 0.000006870569
 0.000011549233
 0.000003962140
 0.000013134575
 0.000008385699
 0.000011465528
 0.000017813548
 0.000026545409
 0.000012260532
 0.000005576114
 0.000005314105
 0.000006524910
 0.000007369800
 0.000013119066
 0.000002205163
 0.000007633280
 0.000008930476
 0.000004293374
 0.000008614576
 0.000002434580
 0.000012966966
 0.000003927377
 0.000008398190
 0.000005376585
 0.000012446946
 0.000011491474
 0.000011571987
 0.000010926741
 0.000011111927
 0.000004017146
 0.000027890276
 0.000011878340
 0.000009317618
 0.000007838500
 0.000013609086
 0.000011217151
 0.000019137685
 0.000013539653
 0.000012489920
 0.000019332311
 0.000004389655
 0.000003090027
 0.000003916159
 0.000009659295
 0.000007264947
 0.000002601745
 0.000007159049
 0.000004482392
 0.000003439758
 0.000009885953
 0.000004452267
 0.000004233432
 0.000020364380
 0.000005576514
 0.000003891619
 0.000006907817
 0.000008461711
 0.000004337796
 0.000015475334
 0.000003877104
 0.000011104995
 0.000021795378
 0.000006928324
 0.000007292970
 0.000003837409
 0.000009303924
 0.000007884457
 0.000007849841
 0.000004665808
 0.000006093667
 0.000004535369
 0.000006836273
 0.000007963061
 0.000001604026
 0.000003208642
 0.000004493885
 0.000005827082
 0.000002105345
 0.000025967866
 0.000003137361
 0.000007591623
 0.000007552549
 0.000008029570
 0.000015299297
 0.000004099277
 0.000005687976
 0.000003978452
 0.000003201391
 0.000011342535
 0.000012465516
 0.000003693447
 0.000005219269
 0.000007426747
 0.000007401886
 0.000010005959
 0.000016763220
 0.000015432486
 0.000008694801
 0.000024395455
 0.000012000590
 0.000016071937
 0.000011744186
 0.000015816076
 0.000004402224
 0.000009246794
 0.000008270515
 0.000018972149
 0.000011147264
 0.000003420847
 0.000009005119
 0.000004506313
 0.000005942158
 0.000005672224
 0.000016986403
 0.000004224157
 0.000004170878
 0.000005633941
 0.000010586602
 0.000005931292
 0.000002535243
 0.000007768719
 0.000003897991
 0.000001768639
 0.000002096847
 0.000007246781
 0.000002364824
 0.000001410019
 0.000006429227
 0.000007112940
 0.000010982613
 0.000013996231
 0.000003728405
 0.000012833638
 0.000004884736
 0.000006261086
 0.000001975887
 0.000001054819
 0.000003014116
 0.000000965953
 0.000007022919
 0.000004536431
 0.000006706306
 0.000003859936
 0.000007210805
 0.000003363668
 0.000004952723
 0.000001184743
 0.000008191425
 0.000006806356
 0.000004176255
 0.000005999208
 0.000003651551
 0.000007767703
 0.000003893017
 0.000003904138
 0.000005455082
 0.000003356904
 0.000001376175
 0.000003194984
 0.000002843016
 0.000003598922
 0.000006212054
 0.000007374632
 0.000014671942
 0.000005200022
 0.000003154638
 0.000002444777
 0.000003999609
 0.000005656593
 0.000005709931
 0.000005905483
 0.000009748855
 0.000006063566
 0.000000991365
 0.000008326603
 0.000010195081
 0.000005304250
 0.000003122154
 0.000007354027
 0.000002502840
 0.000001910628
 0.000003836174
 0.000001794374
 0.000003378821
 0.000011707734
 0.000004813114
 0.000002989571
 0.000003982225
 0.000004565134
 0.000005886233
 0.000004493726
 0.000006708847
 0.000005456115
 0.000003221874
 0.000006071686
 0.000005254744
 0.000004097116
 0.000002685885
 0.000001416216
 0.000008851464
 0.000003326929
 0.000002708017
 0.000004194422
 0.000003677734
 0.000004000636
 0.000029002960
 0.000004034531
 0.000007553773
 0.000002803607
 0.000008267388
 0.000011694488
 0.000008088895
 0.000007403447
 0.000007962603
 0.000021009369
 0.000009676241
 0.000003252870
 0.000001714333
 0.000010541045
 0.000007231942
 0.000009376857
 0.000007691108
 0.000001776464
 0.000003285178
 0.000001926112
 0.000006212373
 0.000002342313
 0.000002324626
 0.000026897849
 0.000004689168
 0.000010855645
 0.000004777622
 0.000006857579
 0.000005119284
 0.000006932411
 0.000011292126
 0.000004713910
 0.000003173853
 0.000003309435
 0.000005549002
 0.000009157144
 0.000004749360
 0.000006966964
 0.000016930781
 0.000007511071
 0.000020641855
 0.000016172275
 0.000007436375
 0.000015421262
 0.000002015288
 0.000005368053
 0.000004032389
 0.000002239006
 0.000002646195
 0.000001982805
 0.000003043933
 0.000004398047
 0.000004959896
 0.000003730084
 0.000004053072
 0.000003991449
 0.000011115376
 0.000016595109
 0.000010351965
 0.000004927500
 0.000001895270
 0.000009054119
 0.000003517048
 0.000004348918
 0.000003570802
 0.000006978255
 0.000008001723
 0.000022043236
 0.000013404358
 0.000007774243
 0.000014157969
 0.000033222223
 0.000016101990
 0.000011876151
 0.000009051182
 0.000007294344
 0.000009195699
 0.000012083131
 0.000008913559
 0.000005848640
 0.000007678789
 0.000005785678
 0.000007304094
 0.000008659567
 0.000003902916
 0.000006166012
 0.000005655708
 0.000003949724
 0.000005279907
 0.000009340166
 0.000014319561
 0.000031657756
 0.000034464304
 0.000013330785
 0.000045682927
 0.000041680862
 0.000045226840
 0.000024758258
 0.000060635067
 0.000015003403
 0.000009751800
 0.000017806560
 0.000011934447
 0.000040173993
 0.000007712374
 0.000013532116
 0.000006398783
 0.000007647197
 0.000021260333
 0.000006908299
 0.000010767405
 0.000004478282
 0.000008606699
 0.000006259409
 0.000009558159
 0.000011215550
 0.000011850163
 0.000006628628
 0.000002742832
 0.000003786278
 0.000011774116
 0.000023838339
 0.000011081028
 0.000027991987
 0.000019553946
 0.000035502038
 0.000003347605
 0.000021471352
 0.000004326097
 0.000003985092
 0.000012656730
 0.000009826905
 0.000011975675
 0.000016079758
 0.000007943265
 0.000004219420
 0.000014282755
 0.000008736839
 0.000008545014
 0.000003708297
 0.000008302390
 0.000006544010
 0.000008655935
 0.000005502694
 0.000013161371
 0.000007652386
 0.000010521850
 0.000008389966
 0.000002869252
 0.000003434171
 0.000009293149
 0.000013422792
 0.000001735277
 0.000003755865
 0.000001888081
 0.000006484390
 0.000003977774
 0.000001939028
 0.000007302181
 0.000009723617
 0.000002307979
 0.000007450044
 0.000004737670
 0.000005089349
 0.000003917147
 0.000014020582
 0.000004933035
 0.000012017987
 0.000005484513
 0.000009371237
 0.000009256045
 0.000004325395
 0.000002914131
 0.000002702854
 0.000003546765
 0.000001904871
 0.000000957268
 0.000002980712
 0.000001311475
 0.000002763333
 0.000003307990
 0.000001157004
 0.000004972961
 0.000003522604
 0.000003774881
 0.000003155118
 0.000011758440
 0.000007328749
 0.000006344180
 0.000002593657
 0.000004217890
 0.000006337226
 0.000009754769
 0.000001637155
 0.000001751142
 0.000004230040
 0.000004529401
 0.000004427206
 0.000006690502
 0.000001497847
 0.000002745891
 0.000003400393
 0.000002328344
 0.000004300679
 0.000003690981
 0.000003992620
 0.000003352526
 0.000003700194
 0.000005306184
 0.000002727896
 0.000004094211
 0.000004176600
 0.000001375304
 0.000005334599
 0.000002110025
 0.000004023070
 0.000001750310
 0.000003916843
 0.000002852199
 0.000003445169
 0.000003694914
 0.000001738750
 0.000003896423
 0.000005549083
 0.000007974546
 0.000003261563
 0.000007046578
 0.000003019165
 0.000003134637
 0.000002114933
 0.000002662202
 0.000002673503
 0.000002332700
 0.000004127006
 0.000002298944
 0.000003576470
 0.000003726729
 0.000002897011
 0.000001489597
 0.000000983465
 0.000004753057
 0.000004786210
 0.000004495284
 0.000005035409
 0.000003954948
 0.000006848020
 0.000006144454
 0.000011329405
 0.000017227320
 0.000007518954
 0.000005863180
 0.000003470053
 0.000003033163
 0.000004569543
 0.000003850932
 0.000003277775
 0.000006466858
 0.000002097709
 0.000004666184
 0.000004333492
 0.000002610681
 0.000008996888
 0.000016629562
 0.000014194643
 0.000005293296
 0.000004974201
 0.000002189042
 0.000003820837
 0.000005033320
 0.000003709741
 0.000003225345
 0.000001541090
 0.000002797358
 0.000004904283
 0.000008467818
 0.000004560409
 0.000005993852
 0.000003763291
 0.000004758936
 0.000004444157
 0.000004540956
 0.000006707310
 0.000004174126
 0.000006584957
 0.000003394679
 0.000004366930
 0.000004990401
 0.000008022742
 0.000009140278
 0.000005681947
 0.000007554331
 0.000008945890
 0.000001979035
 0.000005021115
 0.000002767246
 0.000002454712
 0.000003497583
 0.000000671219
 0.000000714380
 0.000001363211
 0.000002810690
 0.000005705491
 0.000006486331
 0.000003653824
 0.000002529549
 0.000017962954
 0.000002768252
 0.000002233967
 0.000002089451
 0.000001175060
 0.000001375457
 0.000006046257
 0.000003007408
 0.000001571022
 0.000001238636
 0.000002437519
 0.000000888557
 0.000000586615
 0.000001326503
 0.000002170769
 0.000000538957
 0.000000774598
 0.000000834394
 0.000000860922
 0.000001373159
 0.000001356099
 0.000001090918
 0.000001409009
 0.000001726616
 0.000001787513
 0.000002696170
 0.000000833696
 0.000003327196
 0.000005082828
 0.000001702340
 0.000003085017
 0.000003598372
 0.000001015057
 0.000001986208
 0.000002047426
 0.000003353289
 0.000001184532
 0.000001414699
 0.000002334436
 0.000001476258
 0.000002718286
 0.000001536188
 0.000005816288
 0.000003101504
 0.000005970991
 0.000020147769
 0.000002862845
 0.000005822386
 0.000005124448
 0.000004446484
 0.000011123608
 0.000006182545
 0.000012575337
 0.000008273372
 0.000012451530
 0.000002802164
 0.000014875153
 0.000010781733
 0.000008071522
 0.000002104497
 0.000005889998
 0.000003397352
 0.000003080824
 0.000009562881
 0.000005362111
 0.000003131124
 0.000007142066
 0.000001185564
 0.000002580610
 0.000001427704
 0.000001131126
 0.000001146672
 0.000001038873
 0.000003052305
 0.000002608837
 0.000000865684
 0.000000881202
 0.000000348268
 0.000000390820
 0.000001717763
 0.000001613333
 0.000001179973
 0.000001530446
 0.000001820135
 0.000001671733
 0.000003281013
 0.000005596379
 0.000005000279
 0.000014886073
 0.000001734559
 0.000001282873
 0.000003142503
 0.000003156158
 0.000004280012
 0.000004360324
 0.000004968054
 0.000000735825
 0.000004573112
 0.000006615941
 0.000001733049
 0.000034290283
 0.000005937921
 0.000009467087
 0.000007817720
 0.000006727917
 0.000007386455
 0.000003366071
 0.000004977298
 0.000002624934
 0.000004578728
 0.000005592238
 0.000012458387
 0.000003184949
 0.000004640592
 0.000004653217
 0.000005669934
 0.000008733812
 0.000026840386
 0.000006165741
 0.000004396308
 0.000004741655
 0.000011171922
 0.000006518742
 0.000003431268
 0.000020714568
 0.000003883758
 0.000001917050
 0.000003378048
 0.000010628471
 0.000015880807
 0.000006929901
 0.000007786104
 0.000010641454
 0.000006709168
 0.000008453803
 0.000002708557
 0.000005444485
 0.000008422269
 0.000008108826
 0.000008197585
 0.000011118378
 0.000006902650
 0.000008901360
 0.000002116978
 0.000010947306
 0.000007440629
 0.000008483164
 0.000009734067
 0.000011350413
 0.000012373560
 0.000011098257
 0.000005176127
 0.000007342362
 0.000010335950
 0.000001503238
 0.000001199715
 0.000003941909
 0.000006990639
 0.000003363704
 0.000001972946
 0.000008560768
 0.000001037741
 0.000002419244
 0.000003484207
 0.000005681475
 0.000005240397
 0.000002004207
 0.000001818098
 0.000002944025
 0.000003010487
 0.000004571802
 0.000003387230
 0.000003957877
 0.000000751171
 0.000002410555
 0.000002505359
 0.000004628008
 0.000004167407
 0.000002368774
 0.000004252029
 0.000002256527
 0.000009025171
 0.000002714216
 0.000002540085
 0.000002758333
 0.000003196412
 0.000003595487
 0.000000793910
 0.000003685501
 0.000001594823
 0.000000690680
 0.000001465062
 0.000003088490
 0.000001685494
 0.000001814383
 0.000002228381
 0.000000639681
 0.000000809335
 0.000001182378
 0.000001324605
 0.000001990217
 0.000001948144
 0.000003639656
 0.000004187677
 0.000002944145
 0.000003037566
 0.000002392224
 0.000002588957
 0.000004485353
 0.000002626442
 0.000002983534
 0.000002657254
 0.000002383827
 0.000004014757
 0.000004668692
 0.000002201981
 0.000003967079
 0.000005552970
 0.000000892973
 0.000000906321
 0.000003424182
 0.000002607789
 0.000001085231
 0.000006054716
 0.000001530099
 0.000002258103
 0.000002027638
 0.000001293752
 0.000003023290
 0.000002748283
 0.000000874083
 0.000000769481
 0.000001419629
 0.000000756042
 0.000004866728
 0.000002470591
 0.000005851219
 0.000001988430
 0.000002305932
 0.000002970069
 0.000002229631
 0.000002925707
 0.000000829114
 0.000000867833
 0.000004087433
 0.000001422381
 0.000001512395
 0.000004131967
 0.000001398684
 0.000001721822
 0.000001288092
 0.000001871269
 0.000002004204
 0.000001413492
 0.000001367783
 0.000000947946
 0.000002402819
 0.000005979086
 0.000003317922
 0.000006213283
 0.000003768411
 0.000004108552
 0.000002862096
 0.000001363383
 0.000003671740
 0.000006599120
 0.000001896886
 0.000002871736
 0.000002754536
 0.000003743712
 0.000004766246
 0.000002431505
 0.000001414162
 0.000004094736
 0.000003910603
 0.000002582211
 0.000005924197
 0.000003757382
 0.000011125934
 0.000005717408
 0.000006085175
 0.000008349159
 0.000006224132
 0.000004402511
 0.000012188526
 0.000003842747
 0.000001516224
 0.000001238900
 0.000002346104
 0.000001331213
 0.000007083158
 0.000007010702
 0.000003545490
 0.000003125095
 0.000006698673
 0.000013088896
 0.000004378212
 0.000012022923
 0.000005359154
 0.000004356676
 0.000009713174
 0.000008164594
 0.000005240944
 0.000008556965
 0.000005607892
 0.000004480188
 0.000006330017
 0.000004368356
 0.000002107558
 0.000003714565
 0.000004724945
 0.000006974735
 0.000005011674
 0.000003790775
 0.000010675831
 0.000021061915
 0.000010823524
 0.000005816257
 0.000007323891
 0.000007953692
 0.000016630170
 0.000010214133
 0.000011664628
 0.000002525400
 0.000004277462
 0.000001917697
 0.000008109627
 0.000001472523
 0.000001920115
 0.000006397513
 0.000002679497
 0.000002107258
 0.000002518553
 0.000002321643
 0.000001044065
 0.000005186044
 0.000003467861
 0.000000805505
 0.000004186998
 0.000005943365
 0.000012200905
 0.000003661788
 0.000002899916
 0.000002450241
 0.000004400627
 0.000002154803
 0.000001873414
 0.000006912128
 0.000002988525
 0.000003915568
 0.000001826398
 0.000001479201
 0.000001247336
 0.000002428254
 0.000003375713
 0.000005590363
 0.000004636667
 0.000002633463
 0.000013629058
 0.000007805980
 0.000001626657
 0.000002613870
 0.000002748351
 0.000002918998
 0.000002292425
 0.000005107727
 0.000003890676
 0.000002622587
 0.000002743626
 0.000002786405
 0.000004779847
 0.000001819398
 0.000005988970
 0.000002148498
 0.000006371023
 0.000002487772
 0.000005561687
 0.000003101979
 0.000000673817
 0.000003130720
 0.000002877330
 0.000002114181
 0.000005576032
 0.000004735396
 0.000004697664
 0.000003082708
 0.000003121137
 0.000005332153
 0.000011056948
 0.000003746200
 0.000002354440
 0.000012750957
 0.000002149018
 0.000002113560
 0.000002836125
 0.000001022977
 0.000001641906
 0.000003734772
 0.000002839981
 0.000001115357
 0.000002028342
 0.000015199256
 0.000005574685
 0.000003365254
 0.000007577774
 0.000003956966
 0.000003112250
 0.000003655178
 0.000002932606
 0.000001876611
 0.000002769965
 0.000003584838
 0.000004342882
 0.000008125727
 0.000019461406
 0.000002548557
 0.000004504677
 0.000002241942
 0.000003916362
 0.000004730565
 0.000004749987
 0.000006016878
 0.000001599998
 0.000002871537
 0.000004583813
 0.000003377006
 0.000008450555
 0.000002728184
 0.000002409073
 0.000003353947
 0.000002015756
 0.000007112867
 0.000004407225
 0.000004574618
 0.000003509714
 0.000008851543
 0.000003445263
 0.000017878432
 0.000031277682
 0.000004016743
 0.000002761370
 0.000003432446
 0.000003976847
 0.000006473593
 0.000004168392
 0.000008318085
 0.000005378069
 0.000007216775
 0.000007252873
 0.000007357878
 0.000007153204
 0.000009230561
 0.000006950266
 0.000003682371
 0.000003447138
 0.000006966343
 0.000006457925
 0.000009288204
 0.000007645878
 0.000004561405
 0.000004177034
 0.000025317366
 0.000004789460
 0.000010740286
 0.000007442145
 0.000033408380
 0.000021528895
 0.000014089318
 0.000020263735
 0.000004627632
 0.000004721490
 0.000003894644
 0.000009245621
 0.000010998921
 0.000005488773
 0.000008906309
 0.000003779684
 0.000003211251
 0.000002797365
 0.000005870460
 0.000010130499
 0.000024267801
 0.000004368351
 0.000007585644
 0.000005379510
 0.000015562486
 0.000006942245
 0.000020433333
 0.000024220261
 0.000006521292
 0.000015518813
 0.000013267596
 0.000004939374
 0.000005990082
 0.000002696444
 0.000001947320
 0.000001433782
 0.000002245835
 0.000006818392
 0.000013635533
 0.000007729071
 0.000009187911
 0.000004257155
 0.000010592032
 0.000011197847
 0.000005616438
 0.000006353595
 0.000010298644
 0.000009176425
 0.000006999652
 0.000012214155
 0.000011833744
 0.000015164134
 0.000001774885
 0.000003787569
 0.000010179358
 0.000007399933
 0.000005121116
 0.000011421605
 0.000003618126
 0.000015883398
 0.000009143707
 0.000015875744
 0.000011630206
 0.000018288015
 0.000006631914
 0.000006302855
 0.000028041633
 0.000006903245
 0.000010438743
 0.000015574992
 0.000016299833
 0.000004990933
 0.000010095270
 0.000014450764
 0.000020155193
 0.000009173356
 0.000011829934
 0.000013329784
 0.000009193965
 0.000026682355
 0.000010965643
 0.000006206890
 0.000012385028
 0.000031437753
 0.000018780342
 0.000008099427
 0.000007235295
 0.000008998813
 0.000007212352
 0.000007992970
 0.000005923999
 0.000013402696
 0.000014457907
 0.000016694789
 0.000009964797
 0.000034249295
 0.000011890211
 0.000009186293
 0.000007470134
 0.000009742348
 0.000017925916
 0.000015951890
 0.000012571334
 0.000005375368
 0.000008815219
 0.000029991293
 0.000038301230
 0.000017159250
 0.000010982089
 0.000027145209
 0.000019832605
 0.000009524311
 0.000010261667
 0.000017883746
 0.000006369763
 0.000007436776
 0.000013192805
 0.000027903737
 0.000020295242
 0.000019890515
 0.000008269018
 0.000015806947
 0.000025181451
 0.000020865981
 0.000026566367
 0.000007135580
 0.000025207834
 0.000036913661
 0.000022241444
 0.000041328256
 0.000012506147
 0.000007707193
 0.000022177053
 0.000010480475
 0.000006105146
 0.000009737957
 0.000006785248
 0.000009033315
 0.000016696673
 0.000015093366
 0.000006032075
 0.000008872496
 0.000025669496
 0.000018309086
 0.000036759682
 0.000002497752
 0.000032208102
 0.000040625536
 0.000017870503
 0.000011538919
 0.000017106685
 0.000021639352
 0.000014846878
 0.000030079902
 0.000006503547
 0.000020844707
 0.000010125914
 0.000028220385
 0.000008503705
 0.000013108830
 0.000004846352
 0.000011027972
 0.000009548212
 0.000009306751
 0.000007385766
 0.000008304512
 0.000007285861
 0.000020482886
 0.000004228246
 0.000014452810
 0.000009950356
 0.000010231230
 0.000005746804
 0.000014705684
 0.000004612750
 0.000009526021
 0.000017175240
 0.000004372038
 0.000007021784
 0.000014627756
 0.000008493054
 0.000015534758
 0.000010498568
 0.000009576969
 0.000009710172
 0.000010923732
 0.000014004684
 0.000019538664
 0.000009237264
 0.000005623581
 0.000002889241
 0.000011249452
 0.000007291867
 0.000009400609
 0.000006591633
 0.000007362662
 0.000006874320
 0.000005844183
 0.000012733601
 0.000005605578
 0.000014754154
 0.000019097290
 0.000003308584
 0.000021797050
 0.000006555823
 0.000010111670
 0.000005576338
 0.000009434637
 0.000004966766
 0.000013031096
 0.000005989577
 0.000008543067
 0.000004071268
 0.000004390040
 0.000004391960
 0.000008462601
 0.000009088255
 0.000011266750
 0.000007311119
 0.000011150494
 0.000015579573
 0.000020056783
 0.000010252456
 0.000018098745
 0.000020894743
 0.000014919447
 0.000005901397
 0.000005503007
 0.000002573695
 0.000014997813
 0.000027247926
 0.000004413056
 0.000007838080
 0.000003254391
 0.000005598817
 0.000008243805
 0.000012382549
 0.000009433885
 0.000010993711
 0.000025566277
 0.000005052719
 0.000009322285
 0.000011539091
 0.000020449599
 0.000007480519
 0.000005882418
 0.000004269490
 0.000012474672
 0.000011995744
 0.000003444208
 0.000005330513
 0.000007548497
 0.000009076766
 0.000011502198
 0.000006239768
 0.000008345642
 0.000006827093
 0.000002404100
 0.000003168212
 0.000002475266
 0.000012228713
 0.000008221071
 0.000007486038
 0.000013501706
 0.000016204366
 0.000002012142
 0.000003611006
 0.000003541024
 0.000007740583
 0.000004712917
 0.000006579299
 0.000007807733
 0.000004652361
 0.000009503048
 0.000006997757
 0.000017235747
 0.000014509854
 0.000010577852
 0.000006165423
 0.000004925207
 0.000007040153
 0.000004579911
 0.000003028502
 0.000002004646
 0.000005851487
 0.000005133060
 0.000011493297
 0.000005890641
 0.000003208664
 0.000007092538
 0.000004380215
 0.000003780052
 0.000004204363
 0.000006941693
 0.000005009916
 0.000006729721
 0.000007518303
 0.000002588218
 0.000002071100
 0.000007740887
 0.000005661431
 0.000002067154
 0.000010147014
 0.000004881644
 0.000009759851
 0.000008597408
 0.000002899891
 0.000009730250
 0.000015633394
 0.000005625003
 0.000004327920
 0.000012212599
 0.000005648452
 0.000007639697
 0.000021877048
 0.000005533740
 0.000008971163
 0.000005338549
 0.000022950120
 0.000004234882
 0.000010645218
 0.000006128832
 0.000015161520
 0.000010909010
 0.000008053122
 0.000005075414
 0.000011035632
 0.000007290782
 0.000013535971
 0.000003410662
 0.000007723614
 0.000007552062
 0.000005559494
 0.000006942636
 0.000007602587
 0.000004053830
 0.000004156861
 0.000001458922
 0.000010066842
 0.000004011909
 0.000006236660
 0.000006274791
 0.000002833951
 0.000004693886
 0.000009126354
 0.000008145048
 0.000004368315
 0.000012920719
 0.000006888642
 0.000007147864
 0.000005880075
 0.000006657666
 0.000014703392
 0.000008482375
 0.000028359234
 0.000028783410
 0.000009605202
 0.000006229519
 0.000043438952
 0.000015606867
 0.000014481786
 0.000005450034
 0.000013200798
 0.000009598464
 0.000013874807
 0.000011960596
 0.000003927671
 0.000006555422
 0.000008289232
 0.000008352575
 0.000007240561
 0.000004251521
 0.000007352371
 0.000002261075
 0.000004329314
 0.000002699042
 0.000012043529
 0.000006449726
 0.000007774161
 0.000009966245
 0.000008567508
 0.000006031394
 0.000015202085
 0.000010729291
 0.000007835265
 0.000016327112
 0.000013759843
 0.000013329041
 0.000005160921
 0.000006958594
 0.000006638157
 0.000020035360
 0.000009328850
 0.000010976035
 0.000015409569
 0.000011118046
 0.000011779269
 0.000007723766
 0.000024777800
 0.000028794789
 0.000008309588
 0.000025199641
 0.000007602519
 0.000009734389
 0.000013258259
 0.000005404984
 0.000005012708
 0.000018330914
 0.000005424010
 0.000003945988
 0.000007732661
 0.000033706275
 0.000031310441
 0.000008239788
 0.000008325766
 0.000010330499
 0.000014205512
 0.000008237807
 0.000009279809
 0.000020117439
 0.000017487093
 0.000008668079
 0.000009595364
 0.000008542826
 0.000013756147
 0.000006665178
 0.000006636154
 0.000013428361
 0.000011929286
 0.000014190139
 0.000010337383
 0.000004314484
 0.000019426369
 0.000005219169
 0.000008961301
 0.000006766718
 0.000009938711
 0.000022865315
 0.000011531674
 0.000007510229
 0.000016118579
 0.000027162217
 0.000019246340
 0.000008707675
 0.000018594107
 0.000005872809
 0.000005410772
 0.000008614273
 0.000015945912
 0.000004242665
 0.000015955658
 0.000004568871
 0.000010584896
 0.000002155469
 0.000003839054
 0.000004666999
 0.000009561603
 0.000003364463
 0.000004542778
 0.000010374519
 0.000005950281
 0.000003818346
 0.000006263470
 0.000013166615
 0.000004760735
 0.000008492505
 0.000006242340
 0.000008098718
 0.000002209047
 0.000002146004
 0.000005147379
 0.000003795035
 0.000009160535
 0.000000981530
 0.000008785928
 0.000009157944
 0.000004020057
 0.000006595859
 0.000008407953
 0.000011436420
 0.000001442829
 0.000008791158
 0.000011586388
 0.000002948873
 0.000012596481
 0.000007487629
 0.000005369416
 0.000005862810
 0.000004211130
 0.000008671800
 0.000002585538
 0.000005826139
 0.000003720096
 0.000006746682
 0.000010629480
 0.000003460253
 0.000014004632
 0.000008421014
 0.000008391655
 0.000001695679
 0.000005379960
 0.000006131050
 0.000001421610
 0.000005391515
 0.000002449958
 0.000001765211
 0.000005896102
 0.000007526650
 0.000017944767
 0.000013518154
 0.000011431829
 0.000021331610
 0.000007374702
 0.000012829301
 0.000023811659
 0.000012708814
 0.000018792270
 0.000010282228
 0.000011971640
 0.000005224352
 0.000007463580
 0.000010941715
 0.000013890858
 0.000029930927
 0.000010123562
 0.000004969710
 0.000002470331
 0.000017213025
 0.000005680711
 0.000033954502
 0.000009529134
 0.000005213219
 0.000016140104
 0.000005729159
 0.000008980732
 0.000016368791
 0.000015739435
 0.000006305900
 0.000008071778
 0.000006294492
 0.000019325147
 0.000017465516
 0.000017766608
 0.000017381430
 0.000008637490
 0.000025846420
 0.000024497016
 0.000006864752
 0.000015022130
 0.000021900736
 0.000009380661
 0.000018996992
 0.000030593851
 0.000028905324
 0.000026260757
 0.000022207166
 0.000022542089
 0.000014266709
 0.000013178651
 0.000011942365
 0.000018798403
 0.000015986289
 0.000009391517
 0.000025407281
 0.000029869942
 0.000019260019
 0.000010818187
 0.000011946685
 0.000016486302
 0.000018697098
 0.000032196046
 0.000004948399
 0.000049204779
 0.000020808497
 0.000017665492
 0.000026340157
 0.000013032180
 0.000016191896
 0.000031678570
 0.000011992666
 0.000021220887
 0.000019103497
 0.000044175016
 0.000021239572
 0.000027646295
 0.000025857813
 0.000014553541
 0.000037389684
 0.000027090635
 0.000019704459
 0.000025177357
 0.000028882297
 0.000029718146
 0.000012724823
 0.000025681761
 0.000042002242
 0.000051201457
 0.000037503523
 0.000009312778
 0.000010448723
 0.000016611335
 0.000006047331
 0.000010096545
 0.000011471294
 0.000011956990
 0.000036023965
 0.000068486741
 0.000021491439
 0.000024739056
 0.000010508100
 0.000027341412
 0.000006828556
 0.000007806585
 0.000015433338
 0.000014100619
 0.000018382791
 0.000009544749
 0.000013305544
 0.000011480016
 0.000013831148
 0.000007072235
 0.000012362728
 0.000014107245
 0.000048740309
 0.000006700248
 0.000008005171
 0.000058084051
 0.000018948451
 0.000014254957
 0.000034323653
 0.000015228695
 0.000011697337
 0.000012437278
 0.000022460704
 0.000007495032
 0.000013422036
 0.000022051305
 0.000009162342
 0.000008783330
 0.000011453439
 0.000008987243
 0.000005338578
 0.000021592505
 0.000013204100
 0.000014307642
 0.000031657458
 0.000010689614
 0.000010267863
 0.000006129716
 0.000028222604
 0.000004528220
 0.000006897909
 0.000011017459
 0.000013134427
 0.000009498144
 0.000005032998
 0.000014775677
 0.000010747280
 0.000015288509
 0.000017306088
 0.000013620017
 0.000008967630
 0.000005054060
 0.000011128351
 0.000013051689
 0.000007710675
 0.000022946713
 0.000010695011
 0.000008016639
 0.000022404639
 0.000024495219
 0.000009539204
 0.000011992189
 0.000014262347
 0.000009830940
 0.000015657722
 0.000003143744
 0.000011646151
 0.000004847373
 0.000013094493
 0.000008082209
 0.000012571217
 0.000010280387
 0.000010689987
 0.000013454282
 0.000004915328
 0.000006057027
 0.000003579714
 0.000015042680
 0.000016583240
 0.000013280665
 0.000007245716
 0.000005344823
 0.000027113915
 0.000015848349
 0.000017350597
 0.000005407999
 0.000009671430
 0.000007411926
 0.000009229095
 0.000006705059
 0.000008464783
 0.000003424925
 0.000007170806
 0.000009142951
 0.000005619711
 0.000015202337
 0.000006304694
 0.000009329720
 0.000008622619
 0.000014848350
 0.000006618578
 0.000010627803
 0.000039082223
 0.000009526319
 0.000013376089
 0.000029546231
 0.000015538089
 0.000023222741
 0.000022131764
 0.000003748047
 0.000007553359
 0.000022555338
 0.000011581626
 0.000015777195
 0.000037692043
 0.000034954379
 0.000012360786
 0.000014098677
 0.000013081993
 0.000018275939
 0.000006902330
 0.000012351861
 0.000012137725
 0.000003117338
 0.000005039772
 0.000006857140
 0.000006113872
 0.000026429821
 0.000002555057
 0.000024442249
 0.000042425805
 0.000020624071
 0.000011373704
 0.000014495018
 0.000041572567
 0.000024086446
 0.000019795785
 0.000015706552
 0.000014683645
 0.000032923316
 0.000008192452
 0.000011645369
 0.000023027884
 0.000013242855
 0.000007086579
 0.000021005218
 0.000016695272
 0.000017341451
 0.000005934419
 0.000006063576
 0.000022957187
 0.000018534315
 0.000007176096
 0.000005980390
 0.000010319266
 0.000004666819
 0.000016562780
 0.000006024945
 0.000005751126
 0.000008150014
 0.000015397914
 0.000032066596
 0.000005173638
 0.000030415356
 0.000005875341
 0.000018745332
 0.000005102016
 0.000003429711
 0.000010082261
 0.000003469546
 0.000004414619
 0.000002676209
 0.000002307026
 0.000002877734
 0.000024312908
 0.000004596673
 0.000023059464
 0.000008813917
 0.000017405152
 0.000001954662
 0.000013209068
 0.000003822815
 0.000009425447
 0.000011642537
 0.000005566191
 0.000003470980
 0.000005739713
 0.000007089122
 0.000011689202
 0.000010326554
 0.000007541700
 0.000003943445
 0.000006837420
 0.000019282182
 0.000005934545
 0.000005949234
 0.000006930968
 0.000005247603
 0.000010712696
 0.000007435616
 0.000006424136
 0.000001785022
 0.000009815928
 0.000006659204
 0.000015199561
 0.000020072751
 0.000005977770
 0.000018886748
 0.000012217630
 0.000027541633
 0.000013065866
 0.000008936144
 0.000006174022
 0.000015084766
 0.000005453186
 0.000011349078
 0.000038384659
 0.000008933772
 0.000013537914
 0.000023651180
 0.000011135703
 0.000017697800
 0.000006190959
 0.000006048852
 0.000007232925
 0.000010507012
 0.000005559154
 0.000014370184
 0.000009103126
 0.000018517779
 0.000004967694
 0.000005254411
 0.000006646788
 0.000005908865
 0.000006515999
 0.000008269216
 0.000017096022
 0.000008628192
 0.000006155382
 0.000002507367
 0.000014088079
 0.000008694949
 0.000015508562
 0.000005411256
 0.000009226662
 0.000006048603
 0.000011123274
 0.000004932203
 0.000009606709
 0.000010477301
 0.000009127642
 0.000008694652
 0.000016459456
 0.000023698805
 0.000018744813
 0.000030403579
 0.000015161077
 0.000007825238
 0.000009313992
 0.000021335406
 0.000012231946
 0.000008711709
 0.000003977727
 0.000005025096
 0.000023675979
 0.000015305473
 0.000018021753
 0.000004586122
 0.000009421379
 0.000004776376
 0.000006336161
 0.000006386676
 0.000013412166
 0.000005605697
 0.000010329187
 0.000010327665
 0.000006605519
 0.000013346620
 0.000019974880
 0.000011330915
 0.000010326733
 0.000023455949
 0.000012387577
 0.000013328049
 0.000003347730
 0.000010682800
 0.000004767962
 0.000019927657
 0.000023030435
 0.000005608909
 0.000004392142
 0.000007643934
 0.000023800535
 0.000016303120
 0.000006721569
 0.000008304737
 0.000030782356
 0.000007896549
 0.000013760121
 0.000016326109
 0.000007081296
 0.000004729737
 0.000017486390
 0.000016039832
 0.000018442474
 0.000016657640
 0.000010144935
 0.000010401440
 0.000007307743
 0.000005026672
 0.000004587353
 0.000028539339
 0.000007987502
 0.000012152107
 0.000011305137
 0.000005537466
 0.000006965639
 0.000014171816
 0.000005037506
 0.000008835986
 0.000009440346
 0.000007099540
 0.000016675400
 0.000011770094
 0.000018315715
 0.000014967750
 0.000007722229
 0.000027969543
 0.000004879210
 0.000005797397
 0.000004149128
 0.000020724079
 0.000001890399
 0.000013236583
 0.000013366087
 0.000008197682
 0.000011496155
 0.000010030497
 0.000009440050
 0.000005046839
 0.000006222149
 0.000005028521
 0.000008493426
 0.000010631219
 0.000008380094
 0.000003135998
 0.000005638658
 0.000007276289
 0.000014923465
 0.000005112252
 0.000004825751
 0.000007212854
 0.000003402882
 0.000009032407
 0.000010646757
 0.000010341040
 0.000003891310
 0.000016990621
 0.000015967682
 0.000007173829
 0.000007883784
 0.000006086392
 0.000006359066
 0.000016162074
 0.000012153854
 0.000017300643
 0.000003588039
 0.000016077298
 0.000009118956
 0.000007061514
 0.000010771737
 0.000012761529
 0.000004971993
 0.000014237719
 0.000008692210
 0.000004965667
 0.000003279928
 0.000002499432
 0.000009869257
 0.000013249879
 0.000008540115
 0.000004360014
 0.000002973322
 0.000004360374
 0.000005989842
 0.000007002257
 0.000006893423
 0.000008305050
 0.000006326402
 0.000012648692
 0.000007318638
 0.000008306350
 0.000025580662
 0.000006935550
 0.000009979999
 0.000006392265
 0.000006721450
 0.000013419376
 0.000009434143
 0.000005401086
 0.000002795553
 0.000011383866
 0.000011065343
 0.000007158532
 0.000004509426
 0.000002934345
 0.000012046373
 0.000011336808
 0.000017143731
 0.000004808744
 0.000007937119
 0.000009596666
 0.000016077480
 0.000009739949
 0.000006196610
 0.000009512415
 0.000005219951
 0.000011009144
 0.000003998162
 0.000003271705
 0.000005592840
 0.000012606232
 0.000007205059
 0.000005730985
 0.000011158013
 0.000011872874
 0.000006141293
 0.000016947209
 0.000007975264
 0.000007994287
 0.000010631564
 0.000006846077
 0.000007870219
 0.000010903204
 0.000005181239
 0.000007112638
 0.000015284365
 0.000008751634
 0.000009226468
 0.000012199290
 0.000013992886
 0.000006685322
 0.000008081325
 0.000009012662
 0.000007988736
 0.000006721099
 0.000003350683
 0.000003177606
 0.000004567203
 0.000004851663
 0.000007490993
 0.000005287452
 0.000024547141
 0.000004155898
 0.000010852634
 0.000007855826
 0.000010867883
 0.000006409313
 0.000008488313
 0.000019188408
 0.000008028943
 0.000008947261
 0.000004789511
 0.000008017222
 0.000006768747
 0.000007531284
 0.000001677082
 0.000006609521
 0.000008377403
 0.000002182196
 0.000005596357
 0.000013637529
 0.000003950986
 0.000005483856
 0.000005678330
 0.000020089022
 0.000004523048
 0.000009431509
 0.000004718876
 0.000003475492
 0.000005885166
 0.000008400061
 0.000005319285
 0.000004845698
 0.000032135384
 0.000004851423
 0.000006112525
 0.000015988956
 0.000021991717
 0.000018008140
 0.000008889918
 0.000013975193
 0.000007943022
 0.000015953502
 0.000018097339
 0.000007863883
 0.000021761686
 0.000005493654
 0.000006662309
 0.000013443882
 0.000017847208
 0.000012479655
 0.000009936179
 0.000016269031
 0.000008373812
 0.000003382598
 0.000007832109
 0.000012995450
 0.000006772410
 0.000020324131
 0.000015660431
 0.000017200118
 0.000011169387
 0.000016306427
 0.000004730874
 0.000009353656
 0.000005445858
 0.000003482568
 0.000003505941
 0.000008244557
 0.000007519833
 0.000009433734
 0.000007487486
 0.000005188459
 0.000011824952
 0.000008398048
 0.000006283270
 0.000004271370
 0.000005867949
 0.000004444045
 0.000002686433
 0.000006838632
 0.000007537945
 0.000003448472
 0.000002442860
 0.000002339571
 0.000006130654
 0.000001264176
 0.000003611730
 0.000011693122
 0.000004967924
 0.000002760213
 0.000006965265
 0.000003462087
 0.000002999673
 0.000005361915
 0.000006152641
 0.000016921249
 0.000012238946
 0.000007908877
 0.000016184195
 0.000008338175
 0.000004285494
 0.000012955882
 0.000010135183
 0.000011986080
 0.000009709246
 0.000008817352
 0.000041152515
 0.000011975643
 0.000006586266
 0.000011983764
 0.000011942929
 0.000010239799
 0.000006875487
 0.000014224818
 0.000009119360
 0.000025951463
 0.000007712392
 0.000012988499
 0.000010611086
 0.000001684704
 0.000013843925
 0.000007035449
 0.000006061054
 0.000010285305
 0.000007592536
 0.000069880437
 0.000023801976
 0.000008068545
 0.000013158535
 0.000016130341
 0.000004628690
 0.000021829808
 0.000015996523
 0.000016807885
 0.000017856704
 0.000007330180
 0.000017228273
 0.000013211843
 0.000004436809
 0.000011312092
 0.000008486601
 0.000011341697
 0.000021996084
 0.000010637608
 0.000043537272
 0.000023024832
 0.000016048311
 0.000022717764
 0.000013444266
 0.000057109063
 0.000016526952
 0.000053637181
 0.000028514754
 0.000017394575
 0.000028082188
 0.000040975142
 0.000142573821
 0.000021864136
 0.000026195495
 0.000021979316
 0.000020589368
 0.000104711554
 0.000094776162
 0.000009855072
 0.000031536248
 0.000078846801
 0.000039777097
 0.000020246973
 0.000020514304
 0.000021229865
 0.000014050107
 0.000029419019
 0.000013006752
 0.000022624572
 0.000042788334
 0.000035008232
 0.000042981489
 0.000042714511
 0.000021669275
 0.000034420961
 0.000009804969
 0.000044479755
 0.000014297773
 0.000025426815
 0.000017771345
 0.000003926709
 0.000016564051
 0.000011728495
 0.000012532162
 0.000004564958
 0.000009255523
 0.000014167069
 0.000030754275
 0.000023263413
 0.000040195935
 0.000013574938
 0.000010196525
 0.000013507935
 0.000007891257
 0.000005302476
 0.000007205571
 0.000005607968
 0.000006411867
 0.000019430310
 0.000013305603
 0.000009077104
 0.000010956790
 0.000011407001
 0.000010816559
 0.000021572875
 0.000004628004
 0.000006130996
 0.000011576736
 0.000008347407
 0.000007785826
 0.000017095447
 0.000003979849
 0.000007111928
 0.000007922616
 0.000025017649
 0.000018989788
 0.000005154794
 0.000004290740
 0.000019033309
 0.000017943292
 0.000033243326
 0.000014256473
 0.000003626208
 0.000002511592
 0.000004141494
 0.000003061199
 0.000004344831
 0.000006840037
 0.000007085610
 0.000001322456
 0.000004478849
 0.000012135847
 0.000006678993
 0.000006764699
 0.000013310276
 0.000005664974
 0.000004557565
 0.000003531615
 0.000001879099
 0.000005140348
 0.000016109902
 0.000003901293
 0.000001714764
 0.000012538998
 0.000011922075
 0.000020306888
 0.000005763990
 0.000006284436
 0.000009953501
 0.000014333669
 0.000026727594
 0.000021713644
 0.000007312022
 0.000004970867
 0.000004218430
 0.000006841043
 0.000005358062
 0.000004744389
 0.000005544558
 0.000005741155
 0.000005222848
 0.000006804237
 0.000010726377
 0.000006288649
 0.000022207835
 0.000007662840
 0.000008223217
 0.000012592567
 0.000008708161
 0.000006611434
 0.000017290175
 0.000001444627
 0.000009282805
 0.000004533649
 0.000023186714
 0.000008439027
 0.000006433705
 0.000008829767
 0.000006094238
 0.000013162799
 0.000015518029
 0.000021815805
 0.000014847023
 0.000037555739
 0.000022068544
 0.000007745734
 0.000014765964
 0.000016141076
 0.000025197741
 0.000015971337
 0.000006141995
 0.000004629232
 0.000004966282
 0.000013676343
 0.000021752802
 0.000014311391
 0.000005158506
 0.000010303223
 0.000018225269
 0.000012019448
 0.000011445032
 0.000011832752
 0.000042240185
 0.000010618751
 0.000016992164
 0.000032551287
 0.000014887900
 0.000022989748
 0.000025125244
 0.000006803912
 0.000008664870
 0.000015830061
 0.000004978153
 0.000005780002
 0.000004648293
 0.000008243177
 0.000010570453
 0.000017270434
 0.000003336682
 0.000009201524
 0.000012122668
 0.000007474856
 0.000010089581
 0.000010260975
 0.000010678496
 0.000005426995
 0.000011079533
 0.000009733171
 0.000006058916
 0.000014417927
 0.000023163443
 0.000010573601
 0.000009018146
 0.000004336355
 0.000014808835
 0.000008070584
 0.000004672600
 0.000005368993
 0.000006441824
 0.000008673926
 0.000019482318
 0.000009101936
 0.000013431905
 0.000079488128
 0.000029446685
 0.000028650567
 0.000033106237
 0.000017921706
 0.000044699759
 0.000009634099
 0.000011331080
 0.000006287376
 0.000027691772
 0.000013731481
 0.000006268775
 0.000009568579
 0.000015331700
 0.000012804962
 0.000005355233
 0.000009538958
 0.000037459785
 0.000011424683
 0.000021217865
 0.000051405160
 0.000016727897
 0.000009385322
 0.000009836186
 0.000003221924
 0.000006687708
 0.000006956080
 0.000018600457
 0.000009493955
 0.000027859926
 0.000016286419
 0.000014393396
 0.000005584400
 0.000010616773
 0.000014349897
 0.000009637595
 0.000006912804
 0.000011344442
 0.000008611954
 0.000044087461
 0.000003766933
 0.000008525837
 0.000015990783
 0.000006224975
 0.000005301780
 0.000012450752
 0.000013155630
 0.000005057484
 0.000009605835
 0.000006641808
 0.000010124679
 0.000009518660
 0.000020825949
 0.000006078797
 0.000003596838
 0.000004868298
 0.000004595088
 0.000001624445
 0.000004356874
 0.000002911330
 0.000004347236
 0.000020519483
 0.000007438453
 0.000007362277
 0.000002627414
 0.000003580497
 0.000003862954
 0.000015107693
 0.000002756846
 0.000008036482
 0.000009562912
 0.000015686066
 0.000006656094
 0.000007092045
 0.000005840306
 0.000003073631
 0.000003166783
 0.000004288814
 0.000009616923
 0.000008935356
 0.000004344208
 0.000005060230
 0.000033826544
 0.000007096479
 0.000023540609
 0.000034938639
 0.000014544823
 0.000020714753
 0.000013198218
 0.000035948012
 0.000006081174
 0.000009906080
 0.000007160327
 0.000006566566
 0.000021182438
 0.000008219976
 0.000015402521
 0.000013961421
 0.000018693404
 0.000009602640
 0.000009110752
 0.000010225087
 0.000014303672
 0.000006230577
 0.000003421986
 0.000003545697
 0.000005453233
 0.000004589297
 0.000027627816
 0.000011614614
 0.000015197282
 0.000002795408
 0.000012847341
 0.000003937892
 0.000006122799
 0.000018723813
 0.000005263267
 0.000009561148
 0.000002374099
 0.000014756268
 0.000009770569
 0.000004248782
 0.000003070716
 0.000015776281
 0.000017598829
 0.000003118778
 0.000005264075
 0.000011441813
 0.000009390947
 0.000007988723
 0.000007699135
 0.000004433474
 0.000006731529
 0.000006891818
 0.000011707382
 0.000015225502
 0.000010026261
 0.000010211109
 0.000005339473
 0.000013911124
 0.000006074657
 0.000006052300
 0.000006476310
 0.000001146330
 0.000007885592
 0.000012806834
 0.000034960448
 0.000025087096
 0.000016864143
 0.000009605689
 0.000033136676
 0.000013239761
 0.000017261218
 0.000029524366
 0.000004081157
 0.000028071275
 0.000023901866
 0.000005642619
 0.000009304008
 0.000007138301
 0.000020724088
 0.000003480015
 0.000004717430
 0.000001787531
 0.000007397263
 0.000006621241
 0.000006491446
 0.000008866568
 0.000002546581
 0.000015741993
 0.000007324144
 0.000006355299
 0.000005353048
 0.000007960315
 0.000004429261
 0.000014531422
 0.000009387389
 0.000005139675
 0.000005432316
 0.000005033687
 0.000003752945
 0.000005701082
 0.000006216407
 0.000007019544
 0.000012842525
 0.000014667695
 0.000006411059
 0.000009956373
 0.000010167340
 0.000021037731
 0.000008119278
 0.000003206350
 0.000002364230
 0.000011816674
 0.000008119419
 0.000002439853
 0.000006276455
 0.000009533494
 0.000012328861
 0.000010039297
 0.000003558593
 0.000008201617
 0.000005614561
 0.000008594592
 0.000006952004
 0.000003256149
 0.000003491170
 0.000005276928
 0.000005703208
 0.000004412850
 0.000006042104
 0.000007791939
 0.000004403707
 0.000000951617
 0.000004525455
 0.000011563182
 0.000001976416
 0.000005001724
 0.000005340859
 0.000002380796
 0.000001020307
 0.000002053222
 0.000000725921
 0.000006408584
 0.000008313893
 0.000004334140
 0.000004933469
 0.000002766778
 0.000013588368
 0.000004725073
 0.000017747001
 0.000017434438
 0.000011800835
 0.000010697507
 0.000009215577
 0.000005219103
 0.000004092863
 0.000007186177
 0.000006772427
 0.000003623048
 0.000005067727
 0.000005708883
 0.000005229468
 0.000004796558
 0.000006805047
 0.000018842083
 0.000016876675
 0.000016285951
 0.000016852763
 0.000016169272
 0.000030025526
 0.000025402699
 0.000039017300
 0.000005272350
 0.000020018016
 0.000029131009
 0.000014409772
 0.000013723689
 0.000011516435
 0.000007014348
 0.000005575115
 0.000017066069
 0.000008533147
 0.000010160389
 0.000005814317
 0.000014147216
 0.000015003918
 0.000007603689
 0.000007878796
 0.000005165285
 0.000004969649
 0.000005190506
 0.000008714451
 0.000010845729
 0.000011527452
 0.000011661449
 0.000014054876
 0.000010139609
 0.000012262320
 0.000006981956
 0.000018893531
 0.000017343739
 0.000005588266
 0.000013507823
 0.000010277106
 0.000014862637
 0.000012252832
 0.000014388558
 0.000016839306
 0.000007814568
 0.000010962580
 0.000006933983
 0.000007787378
 0.000011442007
 0.000032074859
 0.000023008449
 0.000017912317
 0.000011471046
 0.000023212070
 0.000014349859
 0.000007047816
 0.000011833034
 0.000027350731
 0.000004022548
 0.000020400364
 0.000004119010
 0.000004988515
 0.000022857348
 0.000003812902
 0.000004157491
 0.000006424990
 0.000004264088
 0.000003908558
 0.000005009357
 0.000001908419
 0.000006278731
 0.000004032447
 0.000002475630
 0.000005440217
 0.000006947930
 0.000005512445
 0.000003142341
 0.000005879288
 0.000012094096
 0.000004111755
 0.000005096224
 0.000008656191
 0.000008096712
 0.000009575142
 0.000006068431
 0.000005806939
 0.000009373489
 0.000005148892
 0.000010439371
 0.000004519762
 0.000009180860
 0.000003406108
 0.000005728361
 0.000005753994
 0.000009807836
 0.000010291294
 0.000010953879
 0.000006308667
 0.000015645029
 0.000005864977
 0.000017124703
 0.000011314952
 0.000022872822
 0.000004615591
 0.000005930842
 0.000017265666
 0.000006960349
 0.000014700126
 0.000011062749
 0.000009375618
 0.000012132587
 0.000015248121
 0.000013007135
 0.000005449863
 0.000005107100
 0.000014911868
 0.000006481003
 0.000001492028
 0.000005261103
 0.000007906591
 0.000004114112
 0.000002545424
 0.000007677013
 0.000021793584
 0.000006775381
 0.000025666432
 0.000069776277
 0.000006657640
 0.000022088322
 0.000010103587
 0.000004127651
 0.000021957940
 0.000006539053
 0.000015479234
 0.000007347977
 0.000008053706
 0.000007813592
 0.000008104964
 0.000011386898
 0.000007064441
 0.000005575582
 0.000018141392
 0.000017200960
 0.000011561218
 0.000013000897
 0.000010916036
 0.000014305904
 0.000022376335
 0.000019815588
 0.000035197428
 0.000010429164
 0.000023550530
 0.000012675549
 0.000017186558
 0.000016794426
 0.000008550186
 0.000007606535
 0.000013428847
 0.000016253715
 0.000012886785
 0.000012108441
 0.000007691700
 0.000003464172
 0.000011546679
 0.000005846459
 0.000010172415
 0.000018860007
 0.000013524443
 0.000006887670
 0.000018774804
 0.000007934708
 0.000022719667
 0.000014528551
 0.000006441285
 0.000009008327
 0.000005775180
 0.000005144133
 0.000005530173
 0.000009297180
 0.000004679692
 0.000009777347
 0.000006702878
 0.000002436593
 0.000001245007
 0.000002750410
 0.000012834428
 0.000003611878
 0.000001865928
 0.000010205500
 0.000001780694
 0.000004618355
 0.000007901201
 0.000001638733
 0.000008502144
 0.000006750958
 0.000011205700
 0.000022450100
 0.000010593077
 0.000011436922
 0.000010299410
 0.000008392765
 0.000018039185
 0.000024380335
 0.000008640056
 0.000014659515
 0.000007993474
 0.000016962968
 0.000012224312
 0.000009845016
 0.000013767380
 0.000006561038
 0.000008028260
 0.000010375784
 0.000007359670
 0.000009882952
 0.000003364510
 0.000005004665
 0.000013171764
 0.000003949209
 0.000004694950
 0.000011219389
 0.000018597474
 0.000011021870
 0.000007733413
 0.000020400339
 0.000009694033
 0.000019878844
 0.000015600296
 0.000007947501
 0.000013768956
 0.000003799229
 0.000016057563
 0.000005371248
 0.000021057482
 0.000014278173
 0.000031783556
 0.000021895438
 0.000011840740
 0.000012372030
 0.000011352814
 0.000012558766
 0.000008920390
 0.000010984566
 0.000010500155
 0.000051119776
 0.000004577171
 0.000003246414
 0.000008996137
 0.000013736573
 0.000010817632
 0.000006348175
 0.000003104845
 0.000010276431
 0.000007604036
 0.000009140630
 0.000005563697
 0.000005476565
 0.000007924030
 0.000012790655
 0.000014669216
 0.000022362305
 0.000008482517
 0.000011203745
 0.000007253902
 0.000008389467
 0.000006564918
 0.000003666916
 0.000008396667
 0.000007646700
 0.000019312174
 0.000005824369
 0.000013534240
 0.000003989268
 0.000017321171
 0.000007970186
 0.000014291511
 0.000022405979
 0.000006308357
 0.000009547895
 0.000010044740
 0.000009233500
 0.000005905032
 0.000002604775
 0.000005059334
 0.000008807980
 0.000004409029
 0.000004833190
 0.000004163667
 0.000011823828
 0.000023475264
 0.000031593321
 0.000018248067
 0.000015570614
 0.000013627851
 0.000004095534
 0.000016948079
 0.000006270138
 0.000009452266
 0.000007419733
 0.000004795372
 0.000001925137
 0.000014321217
 0.000010447174
 0.000013710151
 0.000003201733
 0.000006857391
 0.000003622489
 0.000009051793
 0.000003327291
 0.000006938763
 0.000006251580
 0.000015381705
 0.000012427534
 0.000008021778
 0.000011635444
 0.000009192120
 0.000007863861
 0.000012769802
 0.000009403312
 0.000004863298
 0.000004560776
 0.000007093904
 0.000015144886
 0.000020181691
 0.000005281068
 0.000009669476
 0.000005350198
 0.000003714223
 0.000004267291
 0.000008363912
 0.000005324202
 0.000003738584
 0.000008675074
 0.000005274185
 0.000005453339
 0.000006493684
 0.000004921245
 0.000008091358
 0.000026039682
 0.000009909155
 0.000014289950
 0.000018198980
 0.000018061723
 0.000014400116
 0.000023076179
 0.000010782653
 0.000011007058
 0.000007464308
 0.000016646305
 0.000009854934
 0.000009535250
 0.000011410442
 0.000008300406
 0.000005121239
 0.000009314599
 0.000008387806
 0.000012523512
 0.000010461587
 0.000005913252
 0.000011296252
 0.000012296783
 0.000013766471
 0.000009984281
 0.000006825091
 0.000006722305
 0.000008661657
 0.000012051274
 0.000017084700
 0.000007755332
 0.000006454843
 0.000006705380
 0.000027277749
 0.000005805526
 0.000004247265
 0.000003223069
 0.000005579243
 0.000006426960
 0.000005158362
 0.000004044221
 0.000002582712
 0.000003402932
 0.000021885859
 0.000015581830
 0.000005694022
 0.000006576807
 0.000005347007
 0.000010685199
 0.000008387135
 0.000005489421
 0.000017281730
 0.000013364658
 0.000014809827
 0.000017883125
 0.000018509547
 0.000008576420
 0.000007207652
 0.000010157193
 0.000004851533
 0.000003119544
 0.000006834812
 0.000012735159
 0.000003265125
 0.000003561694
 0.000002441021
 0.000003353514
 0.000005097249
 0.000007765455
 0.000006946263
 0.000005821010
 0.000009631488
 0.000027990152
 0.000006913114
 0.000006114916
 0.000015023409
 0.000006997380
 0.000005240557
 0.000018346211
 0.000016777682
 0.000013279933
 0.000013397407
 0.000011319200
 0.000034675754
 0.000015206608
 0.000015355259
 0.000018691483
 0.000024296163
 0.000016462343
 0.000016236611
 0.000081558736
 0.000018963682
 0.000027384851
 0.000006248574
 0.000011341819
 0.000006296809
 0.000043372972
 0.000017269504
 0.000007404471
 0.000008425670
 0.000004146594
 0.000020889476
 0.000011143800
 0.000011483473
 0.000005511637
 0.000015868573
 0.000006204688
 0.000015560486
 0.000007725513
 0.000010960049
 0.000006564241
 0.000007455976
 0.000011806860
 0.000011409173
 0.000012332569
 0.000006026284
 0.000003006670
 0.000001762431
 0.000008946232
 0.000003105962
 0.000024555656
 0.000008659680
 0.000015874078
 0.000016811937
 0.000014542229
 0.000007943388
 0.000007138658
 0.000007292272
 0.000006999160
 0.000004737331
 0.000024390756
 0.000011151003
 0.000004610508
 0.000014744684
 0.000005004010
 0.000013536502
 0.000012296938
 0.000008670726
 0.000005345972
 0.000012798199
 0.000008126062
 0.000004799945
 0.000003738964
 0.000012880690
 0.000010686651
 0.000010551568
 0.000006422158
 0.000010831995
 0.000009216282
 0.000010487096
 0.000010684478
 0.000014289743
 0.000003071978
 0.000008764532
 0.000014465435
 0.000015321246
 0.000009286355
 0.000012802430
 0.000021622325
 0.000007324677
 0.000007822238
 0.000007846358
 0.000027106207
 0.000012803541
 0.000003176453
 0.000014288897
 0.000022907775
 0.000007244416
 0.000003398521
 0.000017296846
 0.000022062243
 0.000016295550
 0.000013209120
 0.000011631858
 0.000020656841
 0.000018846451
 0.000011686954
 0.000008547685
 0.000006739402
 0.000011632568
 0.000006713792
 0.000006066359
 0.000017686351
 0.000003698347
 0.000007026652
 0.000007814320
 0.000009780475
 0.000013407408
 0.000009259856
 0.000008584668
 0.000006289472
 0.000004963161
 0.000003720238
 0.000013753430
 0.000010807515
 0.000016750414
 0.000017299161
 0.000012974203
 0.000009129270
 0.000003569271
 0.000030246041
 0.000008718184
 0.000015787463
 0.000011961229
 0.000012954370
 0.000004110992
 0.000005103298
 0.000023377421
 0.000011638663
 0.000010618536
 0.000013299695
 0.000009872304
 0.000006099333
 0.000005462246
 0.000006245819
 0.000017831173
 0.000018519215
 0.000031434083
 0.000012647663
 0.000041404238
 0.000014438607
 0.000036417537
 0.000018978930
 0.000028594639
 0.000002833362
 0.000005642903
 0.000007061682
 0.000019692482
 0.000008562775
 0.000012653511
 0.000021284771
 0.000011103880
 0.000004966477
 0.000012564784
 0.000027807213
 0.000033411871
 0.000013953588
 0.000008758500
 0.000012162928
 0.000009596807
 0.000009037520
 0.000013261474
 0.000013289486
 0.000003618852
 0.000006147102
 0.000003281133
 0.000006807056
 0.000007350501
 0.000005536523
 0.000014855136
 0.000003922070
 0.000023599702
 0.000007295190
 0.000008774158
 0.000003708322
 0.000003372121
 0.000007947736
 0.000007323204
 0.000006300472
 0.000005206005
 0.000003084436
 0.000010016774
 0.000007273607
 0.000009930733
 0.000006705530
 0.000006494865
 0.000002812629
 0.000016163224
 0.000017381961
 0.000026776697
 0.000011216223
 0.000003659599
 0.000005501420
 0.000006460853
 0.000001910826
 0.000013928278
 0.000010876388
 0.000002607854
 0.000009481292
 0.000009609967
 0.000005172874
 0.000003820940
 0.000005044161
 0.000008081858
 0.000003330191
 0.000005926294
 0.000013105945
 0.000012311269
 0.000004839323
 0.000004801045
 0.000006289246
 0.000004506709
 0.000016860249
 0.000004697592
 0.000017502272
 0.000007841422
 0.000012597994
 0.000005458946
 0.000008111183
 0.000007689291
 0.000012365920
 0.000011497607
 0.000007146706
 0.000036776974
 0.000008617800
 0.000008196267
 0.000024064653
 0.000010598360
 0.000010953345
 0.000007206652
 0.000014339988
 0.000015139426
 0.000005734623
 0.000010377705
 0.000006080078
 0.000018207461
 0.000019341342
 0.000005855597
 0.000008372183
 0.000003257393
 0.000030133887
 0.000003718388
 0.000004844441
 0.000005482332
 0.000015101186
 0.000008304140
 0.000009008907
 0.000003160866
 0.000003953678
 0.000006693335
 0.000014008471
 0.000006190434
 0.000003452997
 0.000006063268
 0.000005162809
 0.000005284012
 0.000011185702
 0.000005021996
 0.000004226729
 0.000006886983
 0.000010226611
 0.000006300075
 0.000002170744
 0.000011278374
 0.000004228655
 0.000007845373
 0.000013228483
 0.000003207701
 0.000004290367
 0.000009609088
 0.000005026320
 0.000004589114
 0.000006168250
 0.000009169333
 0.000004228323
 0.000006885410
 0.000002684729
 0.000005202477
 0.000031613185
 0.000007354001
 0.000007397730
 0.000012235799
 0.000005196841
 0.000007899920
 0.000017808714
 0.000010028160
 0.000008239127
 0.000019855317
 0.000012160040
 0.000011797986
 0.000002486808
 0.000003396804
 0.000013189106
 0.000012227407
 0.000005853380
 0.000015822787
 0.000022782127
 0.000001982011
 0.000006615880
 0.000007090010
 0.000013298935
 0.000004413197
 0.000013878047
 0.000006933608
 0.000006726104
 0.000007377271
 0.000010318391
 0.000011788906
 0.000004930011
 0.000008292910
 0.000019395874
 0.000007865833
 0.000006779567
 0.000006766936
 0.000011768216
 0.000005012494
 0.000003285799
 0.000005071244
 0.000008703095
 0.000019113189
 0.000031277394
 0.000011406608
 0.000008677816
 0.000009416420
 0.000007623846
 0.000010863515
 0.000006941277
 0.000011906269
 0.000010525684
 0.000013465799
 0.000018604155
 0.000016821090
 0.000017349446
 0.000035784884
 0.000006567312
 0.000008768353
 0.000039028155
 0.000015715584
 0.000008776082
 0.000044909179
 0.000019078240
 0.000027700359
 0.000006190320
 0.000027753686
 0.000013100875
 0.000013849607
 0.000003602981
 0.000004053065
 0.000011527519
 0.000005584821
 0.000008871447
 0.000007279411
 0.000001734074
 0.000003405317
 0.000002994143
 0.000004190260
 0.000006073365
 0.000010313450
 0.000005467273
 0.000018196208
 0.000011776006
 0.000012041316
 0.000007173708
 0.000014890640
 0.000012961426
 0.000008678863
 0.000004395109
 0.000012170141
 0.000008561593
 0.000005884087
 0.000012536232
 0.000008151380
 0.000010119250
 0.000011076351
 0.000012758659
 0.000013503994
 0.000005537451
 0.000004529390
 0.000010049701
 0.000016670202
 0.000022970622
 0.000003460283
 0.000008993715
 0.000020411202
 0.000014619483
 0.000010353444
 0.000005261727
 0.000017907335
 0.000003742640
 0.000010832362
 0.000011731569
 0.000008171318
 0.000007886266
 0.000013126844
 0.000003038487
 0.000007632536
 0.000011079851
 0.000005175180
 0.000004466727
 0.000011654171
 0.000010456991
 0.000023162381
 0.000013835130
 0.000009288271
 0.000013265582
 0.000003176054
 0.000015708640
 0.000017395461
 0.000006217251
 0.000007598607
 0.000014235212
 0.000016801009
 0.000007827074
 0.000010253383
 0.000021435270
 0.000005102175
 0.000010499269
 0.000017646987
 0.000004394816
 0.000008806868
 0.000005671804
 0.000005071615
 0.000007994292
 0.000007704000
 0.000006278960
 0.000010625671
 0.000005132718
 0.000004435256
 0.000004634130
 0.000013667748
 0.000006351952
 0.000005774922
 0.000006127769
 0.000019137322
 0.000013204603
 0.000009869638
 0.000011244067
 0.000020638407
 0.000009691951
 0.000011409685
 0.000008088691
 0.000031755721
 0.000017688753
 0.000007153462
 0.000021842290
 0.000026731820
 0.000019031566
 0.000013568379
 0.000012330310
 0.000017849183
 0.000023576149
 0.000009277678
 0.000012185145
 0.000015723565
 0.000040158109
 0.000012584137
 0.000029389879
 0.000010956225
 0.000006590075
 0.000016858495
 0.000034959572
 0.000030549166
 0.000039879243
 0.000031080643
 0.000012797895
 0.000027679246
 0.000032362282
 0.000021346508
 0.000009717583
 0.000019589832
 0.000017337518
 0.000052209707
 0.000033612716
 0.000009416445
 0.000008697033
 0.000004954441
 0.000011517645
 0.000025230469
 0.000015029590
 0.000034701679
 0.000027869317
 0.000077680579
 0.000050039737
 0.000017243922
 0.000007678257
 0.000004510281
 0.000010011771
 0.000007997087
 0.000006885932
 0.000010708056
 0.000017104117
 0.000009875372
 0.000014961202
 0.000007192980
 0.000010823076
 0.000014172124
 0.000022539110
 0.000013807970
 0.000015348218
 0.000021324845
 0.000009592964
 0.000016142754
 0.000011529428
 0.000006739580
 0.000016515100
 0.000002988221
 0.000003916297
 0.000009306108
 0.000007884507
 0.000003984744
 0.000012483252
 0.000006255351
 0.000006391411
 0.000015693088
 0.000007102138
 0.000011654878
 0.000006276522
 0.000006650599
 0.000014230500
 0.000010667110
 0.000009416315
 0.000006902243
 0.000017546986
 0.000036092406
 0.000008305726
 0.000026735131
 0.000010792918
 0.000018505248
 0.000011394589
 0.000031235663
 0.000013055292
 0.000012131921
 0.000010715106
 0.000010178639
 0.000003469042
 0.000004538827
 0.000007572072
 0.000012064451
 0.000019067847
 0.000004471202
 0.000013096149
 0.000006924176
 0.000012220439
 0.000003649225
 0.000009544715
 0.000007344699
 0.000010340359
 0.000012236454
 0.000011210071
 0.000008387956
 0.000017985452
 0.000005096756
 0.000005813011
 0.000004730360
 0.000002670101
 0.000007438651
 0.000006141802
 0.000004946087
 0.000008377967
 0.000006153965
 0.000009799280
 0.000014386642
 0.000010122367
 0.000006962307
 0.000006348358
 0.000008581363
 0.000015286021
 0.000004585139
 0.000002449054
 0.000004224351
 0.000010810856
 0.000007901364
 0.000009418062
 0.000006890532
 0.000002480887
 0.000002102266
 0.000002277161
 0.000007966855
 0.000014981324
 0.000009354284
 0.000010284260
 0.000006785602
 0.000005538669
 0.000012260635
 0.000003459846
 0.000005094759
 0.000013734282
 0.000008386451
 0.000010278291
 0.000016699241
 0.000006152790
 0.000006150545
 0.000016043447
 0.000014505245
 0.000004228015
 0.000013591368
 0.000014499036
 0.000020289655
 0.000007345141
 0.000005992977
 0.000003826939
 0.000006136344
 0.000007664166
 0.000004190358
 0.000034199824
 0.000007087261
 0.000013508609
 0.000011763030
 0.000010296667
 0.000021127092
 0.000009043216
 0.000008491502
 0.000047584725
 0.000005636816
 0.000013657982
 0.000008829986
 0.000006871031
 0.000004634358
 0.000004992611
 0.000014957583
 0.000019801345
 0.000005902193
 0.000017834694
 0.000007466801
 0.000005858862
 0.000002020973
 0.000007255157
 0.000005488906
 0.000011476740
 0.000007563172
 0.000004532838
 0.000008575267
 0.000007516302
 0.000008782003
 0.000004639929
 0.000006542362
 0.000024488486
 0.000018794226
 0.000022072486
 0.000015184939
 0.000005485054
 0.000007176953
 0.000005364342
 0.000017218178
 0.000008293613
 0.000026102507
 0.000009120003
 0.000048630227
 0.000011986190
 0.000011771989
 0.000010928222
 0.000011210776
 0.000006613194
 0.000014354910
 0.000009491402
 0.000018029874
 0.000007441779
 0.000051263446
 0.000031504711
 0.000008550723
 0.000028682595
 0.000008246524
 0.000012517320
 0.000006684388
 0.000005153389
 0.000037034042
 0.000016069123
 0.000013491164
 0.000029215450
 0.000005521328
 0.000006174247
 0.000006834057
 0.000008352032
 0.000007894287
 0.000009481588
 0.000017796989
 0.000007609128
 0.000006565343
 0.000008614062
 0.000002777964
 0.000008321137
 0.000004172750
 0.000003330570
 0.000006233786
 0.000004727202
 0.000003139124
 0.000004046085
 0.000002563048
 0.000009847572
 0.000005136367
 0.000010260080
 0.000006015752
 0.000009256105
 0.000002459711
 0.000002353836
 0.000001191429
 0.000002540708
 0.000002772495
 0.000002059054
 0.000002590471
 0.000003932463
 0.000007249094
 0.000003141616
 0.000003332656
 0.000004035029
 0.000006952561
 0.000003338911
 0.000003726111
 0.000008411976
 0.000003793033
 0.000022035123
 0.000003752848
 0.000015282012
 0.000009051770
 0.000005717992
 0.000015407906
 0.000005069675
 0.000002493036
 0.000006873565
 0.000007534124
 0.000003808965
 0.000009596054
 0.000006226988
 0.000008309201
 0.000003583934
 0.000004074158
 0.000001899401
 0.000004776956
 0.000002245244
 0.000008042891
 0.000013533529
 0.000012833062
 0.000010889492
 0.000012990511
 0.000009009388
 0.000012118685
 0.000006097274
 0.000011847856
 0.000010731097
 0.000007570442
 0.000004985301
 0.000003823771
 0.000006501674
 0.000031059275
 0.000016586908
 0.000009989092
 0.000006042430
 0.000010046113
 0.000005996060
 0.000007264015
 0.000006629299
 0.000010473690
 0.000004363120
 0.000008743391
 0.000013777978
 0.000009639932
 0.000006214405
 0.000013939936
 0.000028601347
 0.000008788010
 0.000010439550
 0.000022789342
 0.000009493584
 0.000006270985
 0.000014955630
 0.000010157496
 0.000012260760
 0.000009943642
 0.000016448959
 0.000012634488
 0.000004707096
 0.000010220515
 0.000013417252
 0.000018018220
 0.000007490383
 0.000004620975
 0.000005315798
 0.000008896009
 0.000014149134
 0.000017724563
 0.000009200823
 0.000016624604
 0.000007604676
 0.000017740547
 0.000006243440
 0.000009826865
 0.000019673194
 0.000026604251
 0.000003792267
 0.000004811445
 0.000016064501
 0.000060374811
 0.000012641167
 0.000023726369
 0.000010973139
 0.000058138042
 0.000007059484
 0.000015324103
 0.000046532201
 0.000007411211
 0.000010612867
 0.000036560783
 0.000013368971
 0.000018295318
 0.000008720317
 0.000026615150
 0.000025920070
 0.000008524466
 0.000028800012
 0.000022367414
 0.000024547450
 0.000027394006
 0.000016180436
 0.000013572044
 0.000024592957
 0.000009703398
 0.000011045402
 0.000007793388
 0.000034339938
 0.000007780862
 0.000011760919
 0.000007325734
 0.000012661053
 0.000011790427
 0.000004909634
 0.000005176908
 0.000009145228
 0.000037968892
 0.000020347239
 0.000006897929
 0.000007489273
 0.000033145455
 0.000009200323
 0.000015310324
 0.000004729199
 0.000010519457
 0.000006698448
 0.000008862466
 0.000008057734
 0.000009313744
 0.000008227484
 0.000004087053
 0.000007035451
 0.000005721439
 0.000027299565
 0.000014006195
 0.000011491915
 0.000009881661
 0.000025990705
 0.000011762148
 0.000021903695
 0.000013695324
 0.000011327779
 0.000006397386
 0.000002155641
 0.000016704360
 0.000022944782
 0.000014205706
 0.000035338889
 0.000018265444
 0.000011247970
 0.000019440541
 0.000040837915
 0.000022386793
 0.000021236588
 0.000041588790
 0.000164191332
 0.000038015434
 0.000056079399
 0.000033811030
 0.000014450286
 0.000013929163
 0.000030280813
 0.000031505940
 0.000017248317
 0.000006970814
 0.000059648517
 0.000038119973
 0.000020817925
 0.000019176596
 0.000024025792
 0.000013096993
 0.000024724638
 0.000038929724
 0.000043757560
 0.000017612624
 0.000038557397
 0.000036997375
 0.000008360431
 0.000016194349
 0.000007234319
 0.000004056224
 0.000014924449
 0.000011602833
 0.000012559749
 0.000025032517
 0.000010917863
 0.000007248418
 0.000008952840
 0.000028096845
 0.000037488390
 0.000039956307
 0.000020754910
 0.000015184456
 0.000031324395
 0.000010405476
 0.000020606833
 0.000025152851
 0.000060551625
 0.000024978277
 0.000022040961
 0.000024088641
 0.000045105539
 0.000039095685
 0.000049336321
 0.000107689557
 0.000042205845
 0.000225657663
 0.000022230279
 0.000039166198
 0.000015727229
 0.000055512825
 0.000085812183
 0.000021465925
 0.000027612386
 0.000134360348
 0.000026392473
 0.000027808454
 0.000035227263
 0.000113257743
 0.000032132624
 0.000023970872
 0.000007284510
 0.000001951312
 0.000034211914
 0.000023769864
 0.000018330901
 0.000032878265
 0.000101480550
 0.000093868727
 0.000014251684
 0.000026364001
 0.000035559150
 0.000031251137
 0.000025839483
 0.000063966650
 0.000054131148
 0.000048014006
 0.000040364995
 0.000017235028
 0.000018991280
 0.000017682126
 0.000024754325
 0.000014777734
 0.000084205673
 0.000041987662
 0.000042554320
 0.000031732968
 0.000056498780
 0.000025665129
 0.000044058898
 0.000016350145
 0.000018428781
 0.000029343286
 0.000024539325
 0.000025859716
 0.000029376151
 0.000100348813
 0.000045049368
 0.000068055548
 0.000020873033
 0.000096914956
 0.000026892423
 0.000093922900
 0.000017390808
 0.000015111763
 0.000050550865
 0.000023010457
 0.000021999299
 0.000028577632
 0.000024847051
 0.000005486987
 0.000020302761
 0.000024250115
 0.000046436130
 0.000030774938
 0.000019333125
 0.000037727298
 0.000057171546
 0.000010919768
 0.000023094461
 0.000046500506
 0.000020077680
 0.000006288016
 0.000020252457
 0.000019479329
 0.000058895946
 0.000051492180
 0.000008057612
 0.000014069981
 0.000015191224
 0.000009675444
 0.000023592080
 0.000051671888
 0.000045839937
 0.000037702258
 0.000021407839
 0.000010322902
 0.000017649734
 0.000013446055
 0.000030120769
 0.000033975877
 0.000027356865
 0.000156852001
 0.000210193908
 0.000055195633
 0.000081636575
 0.000019058331
 0.000025744678
 0.000034994675
 0.000037407192
 0.000013446987
 0.000043083634
 0.000027502761
 0.000032748251
 0.000019668873
 0.000018811711
 0.000018233547
 0.000033272203
 0.000025701103
 0.000022374736
 0.000040370489
 0.000042321542
 0.000015931376
 0.000045568455
 0.000035889536
 0.000036854301
 0.000034664665
 0.000026606161
 0.000097265146
 0.000028598001
 0.000090271792
 0.000069145275
 0.000022047964
 0.000017802453
 0.000033506800
 0.000025491646
 0.000065235977
 0.000089536149
 0.000025538247
 0.000044602287
 0.000059506372
 0.000147461934
 0.000011477196
 0.000012981913
 0.000010009087
 0.000028265245
 0.000013206171
 0.000039751821
 0.000017210114
 0.000030387095
 0.000028630911
 0.000007787807
 0.000037994440
 0.000015938848
 0.000018716077
 0.000005417869
 0.000009194956
 0.000048202902
 0.000054006130
 0.000037329833
 0.000030916217
 0.000019397119
 0.000031769777
 0.000014236050
 0.000023089415
 0.000004506264
 0.000013348031
 0.000018459977
 0.000005201916
 0.000039938737
 0.000015978995
 0.000024620078
 0.000005574489
 0.000016089841
 0.000010493283
 0.000012676010
 0.000019998582
 0.000037585869
 0.000026799377
 0.000011307123
 0.000006038753
 0.000034079629
 0.000014139200
 0.000080982910
 0.000030226815
 0.000053093331
 0.000056329193
 0.000012540254
 0.000015703548
 0.000015280637
 0.000004032166
 0.000038965487
 0.000012560215
 0.000008502328
 0.000011059297
 0.000013422537
 0.000006152362
 0.000023877144
 0.000004667107
 0.000024653580
 0.000014423907
 0.000032051943
 0.000005050761
 0.000028441354
 0.000018630836
 0.000005374580
 0.000001473673
 0.000005644734
 0.000007678365
 0.000007706873
 0.000003161341
 0.000002347461
 0.000005994271
 0.000009459124
 0.000003577206
 0.000006513285
 0.000008207569
 0.000004562711
 0.000009014334
 0.000023192109
 0.000011501718
 0.000017682320
 0.000004611867
 0.000003250026
 0.000003484634
 0.000012133110
 0.000004608145
 0.000014243525
 0.000008867297
 0.000008489422
 0.000011773573
 0.000016388096
 0.000011735032
 0.000003600021
 0.000012098234
 0.000001289387
 0.000004771032
 0.000002835194
 0.000003392715
 0.000004934227
 0.000005597383
 0.000014512138
 0.000004319209
 0.000004703878
 0.000014750292
 0.000017025533
 0.000010484571
 0.000009747476
 0.000004392812
 0.000014454317
 0.000011156925
 0.000010462361
 0.000010361276
 0.000007177345
 0.000006461548
 0.000002408275
 0.000018903756
 0.000006356006
 0.000010827555
 0.000006212679
 0.000002774167
 0.000019241047
 0.000018106787
 0.000033025284
 0.000030323584
 0.000018332632
 0.000010033433
 0.000016654249
 0.000005834235
 0.000009397208
 0.000005079643
 0.000016673379
 0.000005303070
 0.000005917827
 0.000012717445
 0.000003006330
 0.000014085411
 0.000014334638
 0.000005744771
 0.000001962543
 0.000004592987
 0.000003997920
 0.000014525314
 0.000009239671
 0.000010640560
 0.000024538542
 0.000011429807
 0.000011185694
 0.000018874359
 0.000005294801
 0.000008055253
 0.000014688848
 0.000010973255
 0.000006913082
 0.000024737901
 0.000018392415
 0.000006627924
 0.000006445626
 0.000018790115
 0.000011174451
 0.000009809168
 0.000006076421
 0.000007839742
 0.000025693856
 0.000016181719
 0.000011377188
 0.000014336565
 0.000007578838
 0.000007423765
 0.000005009982
 0.000005910744
 0.000047795038
 0.000025032148
 0.000012436472
 0.000007244247
 0.000020778369
 0.000020719495
 0.000013698285
 0.000013045177
 0.000015372888
 0.000003345923
 0.000004887878
 0.000020787931
 0.000012782858
 0.000005141943
 0.000009083748
 0.000013909699
 0.000012902114
 0.000002878901
 0.000020157782
 0.000031085682
 0.000005984275
 0.000005575472
 0.000009127698
 0.000004826913
 0.000008722399
 0.000006617216
 0.000024700375
 0.000015096890
 0.000009688479
 0.000010027334
 0.000016942286
 0.000015292808
 0.000010164709
 0.000019536381
 0.000017502606
 0.000013066628
 0.000010814540
 0.000014851403
 0.000012119106
 0.000025664988
 0.000014162239
 0.000026519924
 0.000014792887
 0.000013715719
 0.000006983495
 0.000005366873
 0.000007406598
 0.000006679637
 0.000029092503
 0.000021073472
 0.000019543054
 0.000030259858
 0.000024541755
 0.000064505389
 0.000152964705
 0.000054125150
 0.000045585652
 0.000047796688
 0.000111484793
 0.000129246060
 0.000085498455
 0.000101885038
 0.000125089172
 0.000029647395
 0.000120959457
 0.000045727712
 0.000015358352
 0.000042702365
 0.000013968250
 0.000035318764
 0.000017641603
 0.000014454235
 0.000021907437
 0.000081193660
 0.000016104989
 0.000027243628
 0.000015415275
 0.000026828675
 0.000011265043
 0.000043844885
 0.000018193105
 0.000015523521
 0.000023814718
 0.000018037874
 0.000029245841
 0.000011196260
 0.000012901112
 0.000007175587
 0.000010750926
 0.000005272195
 0.000003312798
 0.000005566002
 0.000005782635
 0.000003071893
 0.000004236516
 0.000004746540
 0.000004714129
 0.000001777323
 0.000007383437
 0.000009852090
 0.000014447968
 0.000007342760
 0.000008091145
 0.000003005882
 0.000027451394
 0.000005920677
 0.000006757554
 0.000007595710
 0.000017238733
 0.000006631635
 0.000018611443
 0.000026665667
 0.000095909171
 0.000011283886
 0.000044632406
 0.000024209948
 0.000005822243
 0.000007361300
 0.000028619941
 0.000026276578
 0.000009263308
 0.000013930599
 0.000012220848
 0.000013446664
 0.000057327798
 0.000016135122
 0.000007207550
 0.000008969608
 0.000038661984
 0.000020252067
 0.000012876771
 0.000005512003
 0.000012661940
 0.000013407532
 0.000007212037
 0.000010124678
 0.000011170250
 0.000023580719
 0.000039159575
 0.000022020204
 0.000018053412
 0.000015330641
 0.000010261336
 0.000024059904
 0.000015819551
 0.000007940891
 0.000020540757
 0.000009657014
 0.000008485211
 0.000012300491
 0.000005966201
 0.000006645469
 0.000019134115
 0.000031762589
 0.000011373556
 0.000053003015
 0.000054679414
 0.000012398457
 0.000020109793
 0.000039037890
 0.000023203725
 0.000010407208
 0.000014971433
 0.000009193100
 0.000005414138
 0.000014323668
 0.000001889437
 0.000009870525
 0.000013009927
 0.000022871086
 0.000004681857
 0.000025547515
 0.000005965090
 0.000008483024
 0.000016419861
 0.000012949706
 0.000010380020
 0.000029533069
 0.000008219233
 0.000005500305
 0.000016449343
 0.000006149915
 0.000005935062
 0.000008918993
 0.000008927142
 0.000006572816
 0.000005333368
 0.000046794739
 0.000005893598
 0.000010014235
 0.000027811523
 0.000015145231
 0.000023437855
 0.000009431536
 0.000007475725
 0.000010305369
 0.000004319937
 0.000005786083
 0.000011877230
 0.000002439212
 0.000003425383
 0.000012860988
 0.000002381883
 0.000019097639
 0.000008558792
 0.000019515467
 0.000010410506
 0.000005241459
 0.000001996196
 0.000011667331
 0.000016003471
 0.000009728814
 0.000005293405
 0.000011325874
 0.000009489610
 0.000003264812
 0.000004277989
 0.000009289872
 0.000003193761
 0.000006441127
 0.000002425285
 0.000002838799
 0.000013938746
 0.000005332547
 0.000019554709
 0.000007926628
 0.000026166648
 0.000009870587
 0.000014344474
 0.000004104300
 0.000017273074
 0.000003017284
 0.000011792213
 0.000007798076
 0.000008415365
 0.000011806499
 0.000006124191
 0.000005210893
 0.000005355696
 0.000007982324
 0.000004834650
 0.000007027437
 0.000008380375
 0.000019183830
 0.000011306158
 0.000005210111
 0.000008310225
 0.000013803425
 0.000014612788
 0.000006634092
 0.000022598244
 0.000005508160
 0.000005483376
 0.000008456646
 0.000005880037
 0.000009686497
 0.000016869760
 0.000018257028
 0.000017650376
 0.000008263354
 0.000046460240
 0.000105584231
 0.000009791036
 0.000005153644
 0.000007028942
 0.000008851399
 0.000003111946
 0.000007368226
 0.000005932435
 0.000018057052
 0.000011333811
 0.000015998386
 0.000007461390
 0.000005374635
 0.000008526596
 0.000016115045
 0.000008469890
 0.000014851520
 0.000006890685
 0.000018351802
 0.000007955453
 0.000033575607
 0.000017408796
 0.000011988470
 0.000010630061
 0.000031599453
 0.000027575423
 0.000041796124
 0.000045305960
 0.000018585013
 0.000006256225
 0.000012021978
 0.000011654402
 0.000004387844
 0.000013137750
 0.000019962528
 0.000008608673
 0.000014798876
 0.000026117157
 0.000012045379
 0.000014082314
 0.000014553504
 0.000017074599
 0.000022892194
 0.000018722893
 0.000023745896
 0.000024934617
 0.000022181326
 0.000020853397
 0.000006807988
 0.000009124335
 0.000005427024
 0.000017669051
 0.000035916037
 0.000024437725
 0.000009399525
 0.000013605579
 0.000010668320
 0.000006142375
 0.000010159782
 0.000015712575
 0.000011367413
 0.000012087224
 0.000007573893
 0.000020567178
 0.000029260028
 0.000010028945
 0.000013197254
 0.000015137093
 0.000057530414
 0.000007679813
 0.000040964070
 0.000019666413
 0.000045006231
 0.000023408323
 0.000015008303
 0.000011039663
 0.000017650518
 0.000022424609
 0.000048513941
 0.000058703237
 0.000020531477
 0.000020846989
 0.000103066697
 0.000042682950
 0.000049687563
 0.000015411924
 0.000021548067
 0.000058381885
 0.000024947659
 0.000041724207
 0.000013136984
 0.000019734285
 0.000018377617
 0.000009496660
 0.000057109606
 0.000019422027
 0.000024093828
 0.000025387069
 0.000002688965
 0.000012914812
 0.000003323566
 0.000008341894
 0.000014067942
 0.000013678974
 0.000018173936
 0.000011998416
 0.000007852051
 0.000006313272
 0.000005027162
 0.000009293977
 0.000006482381
 0.000006599490
 0.000012459114
 0.000015285610
 0.000007961767
 0.000002322796
 0.000003487443
 0.000005083063
 0.000008704095
 0.000010655476
 0.000003089475
 0.000008376877
 0.000008371615
 0.000011009924
 0.000004398244
 0.000004863487
 0.000015007238
 0.000013237065
 0.000034642913
 0.000007326930
 0.000005585917
 0.000003619211
 0.000003985029
 0.000010238276
 0.000008713529
 0.000004486538
 0.000029180776
 0.000005709999
 0.000010153065
 0.000013014898
 0.000013739107
 0.000013625096
 0.000015157636
 0.000010821799
 0.000006523314
 0.000036819970
 0.000014516080
 0.000041851788
 0.000030199327
 0.000065786274
 0.000085301609
 0.000050462676
 0.000067051693
 0.000233582003
 0.000009505308
 0.000005832646
 0.000015413349
 0.000009224214
 0.000001159767
 0.000007901319
 0.000005407320
 0.000005595166
 0.000007090314
 0.000012176077
 0.000011132231
 0.000004098371
 0.000015451725
 0.000033577893
 0.000019884986
 0.000039324269
 0.000039515899
 0.000021453092
 0.000013791151
 0.000020090819
 0.000020130472
 0.000013159883
 0.000005947990
 0.000011464534
 0.000012656710
 0.000013790450
 0.000006846427
 0.000010581404
 0.000022155607
 0.000028627007
 0.000018366625
 0.000011938796
 0.000018769872
 0.000064570917
 0.000026310059
 0.000022302166
 0.000021156905
 0.000046072655
 0.000114513739
 0.000044037299
 0.000057071044
 0.000055667474
 0.000076202925
 0.000012612774
 0.000025707041
 0.000007037119
 0.000018320239
 0.000010710343
 0.000019358564
 0.000011951693
 0.000008469922
 0.000005962502
 0.000013761140
 0.000011473743
 0.000008074032
 0.000023334166
 0.000013475944
 0.000005800586
 0.000007169182
 0.000006082585
 0.000027134145
 0.000014534124
 0.000007802861
 0.000008905528
 0.000010545104
 0.000022780126
 0.000026852009
 0.000034875931
 0.000012801014
 0.000011487805
 0.000008814057
 0.000033480552
 0.000042401274
 0.000004473690
 0.000021522145
 0.000007573075
 0.000044383423
 0.000017204966
 0.000003441993
 0.000014275057
 0.000014054326
 0.000003081207
 0.000016305464
 0.000064409698
 0.000012558955
 0.000018104946
 0.000001775560
 0.000019789304
 0.000037635005
 0.000010767103
 0.000008477536
 0.000022300543
 0.000024904447
 0.000030879789
 0.000024327619
 0.000012691054
 0.000027897970
 0.000020482270
 0.000025436513
 0.000010648358
 0.000008350198
 0.000007721951
 0.000003730122
 0.000023334096
 0.000005348166
 0.000013378536
 0.000017977921
 0.000018161915
 0.000018711688
 0.000007484227
 0.000012912575
 0.000022820702
 0.000008554733
 0.000020411457
 0.000016115015
 0.000015492129
 0.000020729028
 0.000046190195
 0.000011867880
 0.000007492571
 0.000005632515
 0.000034106362
 0.000010760477
 0.000016637684
 0.000008965517
 0.000014744399
 0.000014964750
 0.000009274532
 0.000011531427
 0.000005579259
 0.000017905170
 0.000026833693
 0.000042777507
 0.000051338080
 0.000015395214
 0.000054819848
 0.000017164407
 0.000018876255
 0.000016621537
 0.000054181800
 0.000052281965
 0.000014262784
 0.000095152854
 0.000016904152
 0.000035820913
 0.000024370532
 0.000073867640
 0.000007236658
 0.000030155678
 0.000025601962
 0.000009526772
 0.000004143621
 0.000011114905
 0.000006770651
 0.000014798249
 0.000006233439
 0.000003911676
 0.000008062726
 0.000006650118
 0.000008178831
 0.000020589681
 0.000005912695
 0.000006616334
 0.000019495881
 0.000009159675
 0.000028203348
 0.000027207775
 0.000012134448
 0.000025309290
 0.000063281618
 0.000010990661
 0.000013963797
 0.000018158163
 0.000016128890
 0.000010985457
 0.000014842964
 0.000029320021
 0.000027802689
 0.000037999231
 0.000019904790
 0.000016373977
 0.000013860440
 0.000012181421
 0.000019352935
 0.000014875638
 0.000011671407
 0.000011922389
 0.000020778298
 0.000018358192
 0.000006843311
 0.000005029767
 0.000008796401
 0.000044474817
 0.000008746986
 0.000013157916
 0.000015340700
 0.000003231099
 0.000005145721
 0.000009694216
 0.000008190017
 0.000019218081
 0.000010896435
 0.000005850190
 0.000002959345
 0.000007553813
 0.000020472285
 0.000038201231
 0.000008524484
 0.000012725831
 0.000030799298
 0.000010043991
 0.000009307231
 0.000007262157
 0.000011153884
 0.000018152144
 0.000004921710
 0.000040698022
 0.000013752118
 0.000005818988
 0.000014089501
 0.000027541601
 0.000015495784
 0.000029451856
 0.000007969685
 0.000010970961
 0.000124088474
 0.000023983966
 0.000012142654
 0.000018175296
 0.000008313180
 0.000034502516
 0.000019713787
 0.000007795686
 0.000013537239
 0.000012997047
 0.000006981269
 0.000016687036
 0.000013668902
 0.000007470456
 0.000013024355
 0.000011993088
 0.000023127621
 0.000027982729
 0.000004154322
 0.000037922408
 0.000007286074
 0.000012706114
 0.000009258483
 0.000012466012
 0.000017343259
 0.000019794705
 0.000008680802
 0.000023355612
 0.000018311835
 0.000004055016
 0.000003279069
 0.000006647508
 0.000005544161
 0.000006090986
 0.000004121577
 0.000017569120
 0.000016855103
 0.000020617360
 0.000035286656
 0.000039625159
 0.000015677473
 0.000020656269
 0.000027890087
 0.000019293111
 0.000017142372
 0.000019037813
 0.000035945527
 0.000017213338
 0.000044100838
 0.000013540828
 0.000027066092
 0.000021926432
 0.000015475925
 0.000007741171
 0.000012789680
 0.000036567538
 0.000027768026
 0.000057619272
 0.000026971210
 0.000042596555
 0.000082424716
 0.000019495774
 0.000012452601
 0.000045922039
 0.000018176794
 0.000065096441
 0.000018941234
 0.000058650823
 0.000041525052
 0.000026868875
 0.000012828059
 0.000011791340
 0.000015265448
 0.000016099032
 0.000043319673
 0.000029323305
 0.000053383716
 0.000029194100
 0.000060816280
 0.000051827295
 0.000035891318
 0.000035656785
 0.000067367148
 0.000070842571
 0.000034207165
 0.000042243824
 0.000020586769
 0.000035273491
 0.000039455066
 0.000062045091
 0.000077950195
 0.000012884558
 0.000068494665
 0.000101633251
 0.000067504771
 0.000053951049
 0.000030758917
 0.000244672835
 0.000108920015
 0.000068686384
 0.000023988257
 0.000017507299
 0.000042895004
 0.000276417661
 0.000084238646
 0.000119859373
 0.000073861895
 0.000043682162
 0.000082179624
 0.000031259596
 0.000060945044
 0.000025773012
 0.000056298144
 0.000044221085
 0.000021047814
 0.000048687994
 0.000043458423
 0.000014378748
 0.000024457809
 0.000040498241
 0.000024027231
 0.000015817928
 0.000021643168
 0.000029224543
 0.000012301081
 0.000023814537
 0.000062739542
 0.000022234214
 0.000083980481
 0.000084542595
 0.000046299106
 0.000039376134
 0.000051598947
 0.000069153502
 0.000055666329
 0.000047262597
 0.000141553463
 0.000053578778
 0.000048809572
 0.000034514177
 0.000032462602
 0.000040598383
 0.000072453174
 0.000063070849
 0.000007794299
 0.000053503125
 0.000047753507
 0.000056782157
 0.000043978671
 0.000058723931
 0.000084964201
 0.000133947692
 0.000025058673
 0.000025076895
 0.000072103026
 0.000087623838
 0.000060341194
 0.000028183380
 0.000026693832
 0.000075937425
 0.000055142458
 0.000062304337
 0.000021918422
 0.000027654507
 0.000056405798
 0.000015474793
 0.000027699347
 0.000049659715
 0.000056755734
 0.000033104546
 0.000046298586
 0.000036501460
 0.000046024542
 0.000030918274
 0.000070994253
 0.000026410448
 0.000062864099
 0.000024539415
 0.000082993436
 0.000094951857
 0.000095993619
 0.000062453276
 0.000057373133
 0.000066834497
 0.000033330411
 0.000034268521
 0.000065208550
 0.000082185642
 0.000044375442
 0.000030781581
 0.000067974117
 0.000029980563
 0.000022084116
 0.000038136855
 0.000011706364
 0.000022644634
 0.000019310144
 0.000021225207
 0.000019618594
 0.000021496794
 0.000014280181
 0.000059519362
 0.000087249139
 0.000079265984
 0.000083497767
 0.000138445684
 0.000074670770
 0.000071329012
 0.000056151246
 0.000038667459
 0.000090790983
 0.000074038746
 0.000027509329
 0.000053827401
 0.000026948652
 0.000079833504
 0.000033950288
 0.000047394500
 0.000038665094
 0.000026234483
 0.000053164805
 0.000054166925
 0.000036501930
 0.000044161688
 0.000041335217
 0.000021364234
 0.000055812902
 0.000033790492
 0.000054192885
 0.000057719613
 0.000215278068
 0.000037333809
 0.000050154529
 0.000054811437
 0.000047970360
 0.000095072190
 0.000052135130
 0.000043804724
 0.000026573981
 0.000177162073
 0.000067367508
 0.000042286558
 0.000164114031
 0.000194527919
 0.000055221417
 0.000042056934
 0.000068840911
 0.000045651473
 0.000099337611
 0.000183457662
 0.000046072192
 0.000067361816
 0.000366255252
 0.000057131608
 0.000035740376
 0.000064043191
 0.000307820182
 0.000054997615
 0.000034425633
 0.000022400042
 0.000065829462
 0.000120535403
 0.000025765330
 0.000088031186
 0.000058008763
 0.000100431055
 0.000058314169
 0.000089161725
 0.000053619320
 0.000034645961
 0.000023380192
 0.000045640237
 0.000060783386
 0.000070012287
 0.000053236747
 0.000045224705
 0.000052915258
 0.000060879221
 0.000036426687
 0.000054064324
 0.000070905856
 0.000042956493
 0.000058226596
 0.000021221783
 0.000091388113
 0.000124391297
 0.000034374103
 0.000032810196
 0.000051019324
 0.000061355906
 0.000034524550
 0.000067434341
 0.000049700369
 0.000044596779
 0.000147509044
 0.000081783537
 0.000050041954
 0.000046491238
 0.000049718506
 0.000068827086
 0.000064826821
 0.000037399892
 0.000090639179
 0.000037646181
 0.000050191866
 0.000094202344
 0.000065406279
 0.000112818154
 0.000069682719
 0.000041335345
 0.000062719940
 0.000086291513
 0.000029813055
 0.000027565314
 0.000029813624
 0.000055193695
 0.000044632845
 0.000196342236
 0.000023938840
 0.000038818703
 0.000145900891
 0.000048119736
 0.000021771298
 0.000048256686
 0.000074714115
 0.000056749358
 0.000052157862
 0.000025757385
 0.000041874499
 0.000055842242
 0.000036532760
 0.000148427583
 0.000057755876
 0.000042762228
 0.000029136670
 0.000111005647
 0.000104088630
 0.000022827733
 0.000092720652
 0.000041774004
 0.000096532921
 0.000045311663
 0.000043869283
 0.000046613770
 0.000048288004
 0.000048319064
 0.000028681092
 0.000160979962
 0.000054170559
 0.000052211759
 0.000057563557
 0.000103765223
 0.000096720996
 0.000059796666
 0.000048381192
 0.000041376266
 0.000039858231
 0.000029150793
 0.000129806095
 0.000054418071
 0.000021673916
 0.000080401828
 0.000014796925
 0.000022672768
 0.000026938304
 0.000028784517
 0.000059752275
 0.000036860364
 0.000028324443
 0.000025196343
 0.000058266592
 0.000087113025
 0.000062671198
 0.000050732092
 0.000068541584
 0.000037414995
 0.000030596451
 0.000024256695
 0.000043807386
 0.000054441915
 0.000019418515
 0.000039847766
 0.000051910661
 0.000030920621
 0.000086643540
 0.000041941870
 0.000089002329
 0.000036909423
 0.000082613411
 0.000121563155
 0.000113281157
 0.000057559696
 0.000043948839
 0.000035090065
 0.000039216584
 0.000056050006
 0.000050840868
 0.000033959778
 0.000049910101
 0.000074716083
 0.000041593024
 0.000039864940
 0.000012174004
 0.000049282685
 0.000013810695
 0.000068033333
 0.000013043656
 0.000036840318
 0.000041065767
 0.000048698771
 0.000035011468
 0.000061950172
 0.000114346827
 0.000077377841
 0.000029186189
 0.000022473495
 0.000191967561
 0.000061830083
 0.000031149243
 0.000053711047
 0.000048564113
 0.000039869344
 0.000083435288
 0.000114417656
 0.000079573713
 0.000033995977
 0.000041755329
 0.000021649365
 0.000030415407
 0.000012354578
 0.000041602237
 0.000057848353
 0.000031413648
 0.000027206674
 0.000014359757
 0.000059612201
 0.000013842065
 0.000060954593
 0.000043557677
 0.000049389579
 0.000044615778
 0.000021067781
 0.000083284784
 0.000120491464
 0.000022205003
 0.000025177319
 0.000032693848
 0.000015053704
 0.000035913899
 0.000058089736
 0.000049361118
 0.000053947526
 0.000022975792
 0.000061396702
 0.000143179396
 0.000079386613
 0.000015597460
 0.000023603826
 0.000063625693
 0.000041385636
 0.000047547312
 0.000048242157
 0.000168020145
 0.000094908689
 0.000057538648
 0.000047866668
 0.000041138487
 0.000041935673
 0.000019915075
 0.000033387307
 0.000049323330
 0.000032141398
 0.000034226787
 0.000030586644
 0.000025601766
 0.000020089944
 0.000024508564
 0.000064004806
 0.000044811209
 0.000017019793
 0.000020076232
 0.000018750281
 0.000023503473
 0.000041421233
 0.000026109518
 0.000016154822
 0.000032358573
 0.000030469807
 0.000028246228
 0.000052611374
 0.000018902319
 0.000040948055
 0.000027560542
 0.000041437336
 0.000042040436
 0.000080156296
 0.000061062797
 0.000029517294
 0.000021337375
 0.000008771195
 0.000033837829
 0.000094278680
 0.000028457713
 0.000026533303
 0.000042205935
 0.000027563729
 0.000015822168
 0.000015484113
 0.000044718199
 0.000013496589
 0.000022131246
 0.000025294980
 0.000045552462
 0.000022391704
 0.000031937259
 0.000057303603
 0.000037808713
 0.000032371514
 0.000017402921
 0.000032464029
 0.000017087751
 0.000055488274
 0.000045270759
 0.000149661695
 0.000022741473
 0.000035019736
 0.000061006555
 0.000030898855
 0.000080420735
 0.000054337045
 0.000089112046
 0.000031225594
 0.000107592154
 0.000030218025
 0.000036087686
 0.000045896716
 0.000016587220
 0.000058368360
 0.000074778300
 0.000027443161
 0.000009535895
 0.000081487525
 0.000033871527
 0.000030716423
 0.000015766264
 0.000060042202
 0.000050216961
 0.000019836521
 0.000070902612
 0.000042684880
 0.000041617179
 0.000019553223
 0.000036857303
 0.000033373742
 0.000019233427
 0.000024279817
 0.000040608508
 0.000024547330
 0.000050818548
 0.000016930938
 0.000046168243
 0.000037543219
 0.000048451751
 0.000019886710
 0.000157060689
 0.000039164876
 0.000034305887
 0.000024196520
 0.000027887168
 0.000076264779
 0.000028854657
 0.000019085650
 0.000084596884
 0.000083384691
 0.000041630493
 0.000012207996
 0.000023260108
 0.000008932225
 0.000026998207
 0.000045590953
 0.000028730160
 0.000023196729
 0.000055477676
 0.000022623997
 0.000036198051
 0.000098328513
 0.000047104762
 0.000111492616
 0.000049276912
 0.000046755776
 0.000118466816
 0.000080851300
 0.000084216710
 0.000050021479
 0.000049214203
 0.000087385521
 0.000041802275
 0.000023989808
 0.000051755352
 0.000026362081
 0.000049659269
 0.000017296704
 0.000025457096
 0.000020942258
 0.000027492773
 0.000008882943
 0.000014396397
 0.000042877948
 0.000009281428
 0.000023922023
 0.000023324483
 0.000024321553
 0.000029558218
 0.000013067232
 0.000017377392
 0.000015674880
 0.000030968793
 0.000027395015
 0.000031757319
 0.000024090270
 0.000028457114
 0.000034881126
 0.000026183692
 0.000013187580
 0.000017268594
 0.000020218021
 0.000031558864
 0.000007649549
 0.000010163165
 0.000016142387
 0.000011047474
 0.000032308878
 0.000019310186
 0.000029134005
 0.000041033182
 0.000035427798
 0.000038643920
 0.000034372411
 0.000030233257
 0.000018096595
 0.000090771312
 0.000058437213
 0.000031662159
 0.000140833228
 0.000052083763
 0.000079945379
 0.000083598518
 0.000057341610
 0.000056888092
 0.000049598809
 0.000233436458
 0.000080856910
 0.000009747995
 0.000017281244
 0.000015977217
 0.000036519980
 0.000060966930
 0.000019635585
 0.000019254734
 0.000020616552
 0.000014692143
 0.000015523983
 0.000016800118
 0.000043324913
 0.000008357602
 0.000010048497
 0.000014232132
 0.000009781843
 0.000015789365
 0.000036082672
 0.000023821176
 0.000048426846
 0.000049916008
 0.000052859217
 0.000070308493
 0.000153582128
 0.000075096089
 0.000141203487
 0.000069220977
 0.000044220949
 0.000094586344
 0.000057413419
 0.000086596829
 0.000053374646
 0.000115890835
 0.000046495442
 0.000093718097
 0.000093610938
 0.000035242981
 0.000055160560
 0.000059067229
 0.000024320189
 0.000043456381
 0.000090172944
 0.000043733753
 0.000085674841
 0.000053325660
 0.000039698065
 0.000046051140
 0.000065324166
 0.000081044545
 0.000166011243
 0.000044106938
 0.000123040082
 0.000024430346
 0.000209769606
 0.000012642059
 0.000043075671
 0.000034309089
 0.000034935326
 0.000052942566
 0.000012958099
 0.000046233579
 0.000063519499
 0.000053707430
 0.000013291429
 0.000046381321
 0.000052228157
 0.000047940328
 0.000107821513
 0.000114062087
 0.000093647600
 0.000052167292
 0.000049806575
 0.000066576604
 0.000122906012
 0.000100411679
 0.000060507567
 0.000036707920
 0.000008640473
 0.000020940112
 0.000074949076
 0.000018917670
 0.000012543716
 0.000034658794
 0.000029110530
 0.000064901588
 0.000050331078
 0.000046209317
 0.000119636281
 0.000043857924
 0.000047436466
 0.000074549880
 0.000054970921
 0.000089069252
 0.000084338405
 0.000084798670
 0.000105416352
 0.000104731110
 0.000109160121
 0.000121459835
 0.000039136588
 0.000071513994
 0.000138482973
 0.000036251277
 0.000082603503
 0.000055394337
 0.000068827329
 0.000025681038
 0.000115491229
 0.000062980646
 0.000018222851
 0.000040802010
 0.000070941084
 0.000078063934
 0.000072034590
 0.000090520012
 0.000066167709
 0.000015538995
 0.000036917000
 0.000007896670
 0.000035543447
 0.000007844254
 0.000027400250
 0.000042424866
 0.000027123738
 0.000015774120
 0.000039401345
 0.000040728774
 0.000047502649
 0.000028579439
 0.000012682763
 0.000012312596
 0.000017299178
 0.000010986259
 0.000005938868
 0.000008018331
 0.000008774856
 0.000015742037
 0.000009476198
 0.000018213385
 0.000007777239
 0.000013114121
 0.000018910848
 0.000010010971
 0.000018162606
 0.000009438151
 0.000029169495
 0.000008524133
 0.000024263053
 0.000023007844
 0.000031926366
 0.000010581741
 0.000011992122
 0.000012864914
 0.000016725751
 0.000008562992
 0.000006822114
 0.000011131012
 0.000025757275
 0.000051623781
 0.000032059603
 0.000008628289
 0.000010561778
 0.000009300779
 0.000007743733
 0.000010407739
 0.000014192304
 0.000008601879
 0.000011217773
 0.000032610695
 0.000014449094
 0.000010927753
 0.000002063146
 0.000012006132
 0.000009639133
 0.000018809227
 0.000006070086
 0.000005492557
 0.000010067099
 0.000010299513
 0.000006976113
 0.000013548737
 0.000006771519
 0.000002921577
 0.000003337844
 0.000012376057
 0.000009756266
 0.000007145729
 0.000009502681
 0.000015151092
 0.000029944622
 0.000012674392
 0.000027173666
 0.000014824748
 0.000013007668
 0.000015906869
 0.000034059126
 0.000007578793
 0.000024763211
 0.000007966227
 0.000008039314
 0.000008856527
 0.000017459367
 0.000015086388
 0.000009252660
 0.000006035734
 0.000021483342
 0.000015223903
 0.000013077764
 0.000011075306
 0.000006734747
 0.000034190761
 0.000006957459
 0.000010907173
 0.000016919037
 0.000014588958
 0.000015766205
 0.000012968967
 0.000017209860
 0.000012957820
 0.000009024522
 0.000009997518
 0.000007418511
 0.000016137199
 0.000009093912
 0.000014045987
 0.000009501647
 0.000014761596
 0.000006814203
 0.000005434573
 0.000010232488
 0.000003439452
 0.000025023163
 0.000021370230
 0.000007665757
 0.000006432315
 0.000026341438
 0.000025673649
 0.000019537950
 0.000006577530
 0.000013273681
 0.000017467481
 0.000007284181
 0.000023363252
 0.000014450426
 0.000017879005
 0.000029076614
 0.000010800719
 0.000009638565
 0.000019179590
 0.000012271760
 0.000004945317
 0.000005324729
 0.000007098369
 0.000006682765
 0.000003525843
 0.000006051753
 0.000007069889
 0.000007530039
 0.000008492230
 0.000024798392
 0.000025977186
 0.000010558299
 0.000006461292
 0.000008861457
 0.000021861227
 0.000012295742
 0.000012257105
 0.000012028706
 0.000020564516
 0.000005242694
 0.000008787243
 0.000015012783
 0.000012141323
 0.000014346398
 0.000008596076
 0.000018148587
 0.000014756529
 0.000008169407
 0.000007558160
 0.000013303458
 0.000025568568
 0.000027371639
 0.000026098569
 0.000015483276
 0.000008266122
 0.000013897779
 0.000013787782
 0.000011493476
 0.000013278592
 0.000009044703
 0.000031601335
 0.000019640022
 0.000016808128
 0.000004568583
 0.000002464219
 0.000010031297
 0.000008975122
 0.000007360035
 0.000008963447
 0.000028622115
 0.000025554690
 0.000034234414
 0.000012919993
 0.000012520311
 0.000060810215
 0.000006751502
 0.000024039265
 0.000044529078
 0.000030199384
 0.000011000183
 0.000022101677
 0.000009413000
 0.000020729672
 0.000017494319
 0.000008027290
 0.000009554002
 0.000011692294
 0.000005879346
 0.000009833166
 0.000008829580
 0.000009675487
 0.000011360835
 0.000008678793
 0.000011477630
 0.000011146072
 0.000016005759
 0.000007569880
 0.000009988582
 0.000015874631
 0.000004197810
 0.000014687903
 0.000009212094
 0.000004025738
 0.000013349697
 0.000005675906
 0.000006610659
 0.000011518032
 0.000008530672
 0.000011761478
 0.000007836193
 0.000007081247
 0.000008267442
 0.000006373685
 0.000006217907
 0.000013661197
 0.000015605191
 0.000019088381
 0.000008244558
 0.000017307590
 0.000014004935
 0.000008011904
 0.000006065101
 0.000006528999
 0.000008964458
 0.000011372623
 0.000034115610
 0.000011852513
 0.000014811317
 0.000016150736
 0.000009545931
 0.000011984067
 0.000025965439
 0.000005812200
 0.000004635407
 0.000004831499
 0.000007725023
 0.000006065215
 0.000007270698
 0.000012973447
 0.000021739141
 0.000019113031
 0.000013765885
 0.000010703005
 0.000013881658
 0.000008844083
 0.000016239878
 0.000015526836
 0.000027127695
 0.000004960411
 0.000004918089
 0.000006923734
 0.000007018859
 0.000007304680
 0.000013613577
 0.000025442285
 0.000005677515
 0.000009547807
 0.000012515757
 0.000012529139
 0.000013024607
 0.000013350725
 0.000020745644
 0.000023644037
 0.000007373911
 0.000011924797
 0.000016628858
 0.000009624813
 0.000014581431
 0.000018020369
 0.000008843678
 0.000009983148
 0.000005516885
 0.000023529640
 0.000025802306
 0.000009082833
 0.000027850777
 0.000016203616
 0.000012472405
 0.000013031913
 0.000019109745
 0.000012552450
 0.000005781474
 0.000019078675
 0.000006307648
 0.000029810473
 0.000022417795
 0.000008897766
 0.000014152595
 0.000012037327
 0.000020206853
 0.000015938470
 0.000034611969
 0.000029876988
 0.000010256715
 0.000020640462
 0.000024425637
 0.000037133892
 0.000021076844
 0.000020503291
 0.000012519847
 0.000020737916
 0.000022118854
 0.000011514184
 0.000014737393
 0.000007066158
 0.000018865231
 0.000021477684
 0.000010591071
 0.000015806019
 0.000022734648
 0.000017421611
 0.000019516545
 0.000016618523
 0.000004856450
 0.000023468251
 0.000013463355
 0.000011436464
 0.000018322755
 0.000037510741
 0.000017538183
 0.000014644336
 0.000036256862
 0.000017008721
 0.000026187392
 0.000008495762
 0.000020108956
 0.000011239613
 0.000008647628
 0.000019314723
 0.000008723330
 0.000017025842
 0.000019628572
 0.000020203371
 0.000016299344
 0.000021829546
 0.000007972916
 0.000008691398
 0.000025808510
 0.000004330681
 0.000011601571
 0.000013137106
 0.000008716142
 0.000022940701
 0.000013728001
 0.000019115237
 0.000021472012
 0.000016406998
 0.000012433116
 0.000014084531
 0.000010519848
 0.000010260465
 0.000003648052
 0.000036976196
 0.000024005964
 0.000013736499
 0.000027546660
 0.000021990316
 0.000005305892
 0.000018364856
 0.000010942059
 0.000032345133
 0.000017143343
 0.000037051610
 0.000014004037
 0.000006198738
 0.000008500774
 0.000039316368
 0.000006783802
 0.000018855580
 0.000026390782
 0.000034664987
 0.000019021969
 0.000020602847
 0.000026614080
 0.000019350297
 0.000015365491
 0.000053980652
 0.000008601522
 0.000006643231
 0.000006424987
 0.000022201038
 0.000011078344
 0.000021952764
 0.000018371268
 0.000043854331
 0.000032304368
 0.000036787974
 0.000025954446
 0.000069665311
 0.000025535978
 0.000021421486
 0.000018219846
 0.000029993632
 0.000016675294
 0.000007706554
 0.000008359498
 0.000006397005
 0.000017322746
 0.000004878393
 0.000001900811
 0.000008298063
 0.000008498177
 0.000006685864
 0.000021536333
 0.000008225637
 0.000037603516
 0.000002847780
 0.000012344691
 0.000016119030
 0.000004499791
 0.000018154829
 0.000009281595
 0.000002263092
 0.000005746405
 0.000004249261
 0.000005274996
 0.000002460753
 0.000010058414
 0.000006876391
 0.000012046082
 0.000007534865
 0.000005873588
 0.000015136841
 0.000009842211
 0.000005624371
 0.000002659410
 0.000005315505
 0.000003044782
 0.000017405590
 0.000007933593
 0.000008408471
 0.000019229619
 0.000008663655
 0.000006621190
 0.000002341971
 0.000016054457
 0.000018977084
 0.000010051413
 0.000004712912
 0.000006342653
 0.000007948373
 0.000024261128
 0.000043099956
 0.000010065111
 0.000012882637
 0.000014152167
 0.000029989701
 0.000039064270
 0.000028895818
 0.000050483227
 0.000040854031
 0.000033459720
 0.000019315680
 0.000015317680
 0.000026635853
 0.000003536517
 0.000015503016
 0.000013425341
 0.000010488973
 0.000006096415
 0.000015276904
 0.000013943857
 0.000024703213
 0.000013868804
 0.000007895096
 0.000011288467
 0.000008956924
 0.000032804593
 0.000026010073
 0.000013245054
 0.000004160384
 0.000024073003
 0.000012003791
 0.000021276945
 0.000013028313
 0.000041368816
 0.000102322688
 0.000014567921
 0.000040132649
 0.000014281691
 0.000036257617
 0.000006203873
 0.000020226262
 0.000004852102
 0.000031274820
 0.000014042435
 0.000010475980
 0.000011959057
 0.000004200533
 0.000010424856
 0.000033095805
 0.000011446576
 0.000010900689
 0.000021194113
 0.000024564348
 0.000024257832
 0.000018550151
 0.000045795987
 0.000024184419
 0.000010517780
 0.000006097345
 0.000016090332
 0.000029962540
 0.000015037938
 0.000034905056
 0.000018766020
 0.000014473559
 0.000009553137
 0.000010750312
 0.000008744652
 0.000008339293
 0.000022462986
 0.000030791204
 0.000013341083
 0.000004868202
 0.000002664870
 0.000010849154
 0.000015800712
 0.000018052700
 0.000010345382
 0.000010520453
 0.000009327724
 0.000025008710
 0.000007891124
 0.000026143512
 0.000008679239
 0.000005708304
 0.000014600241
 0.000008910781
 0.000007748061
 0.000025871089
 0.000044854630
 0.000005774452
 0.000006948465
 0.000008984803
 0.000008408625
 0.000005986530
 0.000007345804
 0.000006495971
 0.000010031559
 0.000035692402
 0.000004678315
 0.000012167163
 0.000010179806
 0.000008495423
 0.000003922435
 0.000007772897
 0.000006430639
 0.000008073861
 0.000015054840
 0.000006958430
 0.000016581498
 0.000033729898
 0.000008048426
 0.000014356535
 0.000005668829
 0.000021115623
 0.000016939248
 0.000016067789
 0.000015627619
 0.000006143933
 0.000003378050
 0.000005755929
 0.000013457200
 0.000011288688
 0.000007112447
 0.000026838731
 0.000007458925
 0.000017998178
 0.000021879736
 0.000026711339
 0.000003943740
 0.000006045200
 0.000002622942
 0.000007219539
 0.000006116340
 0.000004563473
 0.000014895380
 0.000002992113
 0.000007896358
 0.000007442510
 0.000008537814
 0.000013233375
 0.000009225537
 0.000009023292
 0.000017321334
 0.000003977203
 0.000003671051
 0.000006596739
 0.000004647602
 0.000018061742
 0.000003669248
 0.000006591478
 0.000013821726
 0.000003398833
 0.000011264453
 0.000004816356
 0.000004424109
 0.000014224896
 0.000006705127
 0.000009311872
 0.000007671347
 0.000010202891
 0.000006170625
 0.000007770438
 0.000005077219
 0.000010953821
 0.000015923291
 0.000015786424
 0.000023620761
 0.000008087478
 0.000013083207
 0.000010560826
 0.000005545484
 0.000022099685
 0.000007875351
 0.000012274544
 0.000006187767
 0.000005144776
 0.000011122681
 0.000004408720
 0.000008792652
 0.000014323114
 0.000011895451
 0.000015484943
 0.000018660471
 0.000017451615
 0.000013366676
 0.000002895911
 0.000001278303
 0.000017877643
 0.000013839771
 0.000008442499
 0.000021316757
 0.000013488173
 0.000029758440
 0.000014912212
 0.000015687846
 0.000029940865
 0.000004789035
 0.000008008926
 0.000008370013
 0.000009450238
 0.000018117566
 0.000013747512
 0.000002204095
 0.000005436260
 0.000004366691
 0.000004579874
 0.000005711887
 0.000005206783
 0.000004855969
 0.000008969241
 0.000008699324
 0.000005053665
 0.000006759811
 0.000008207594
 0.000017883644
 0.000028682743
 0.000021602213
 0.000016169267
 0.000014250773
 0.000028310578
 0.000019890640
 0.000021864281
 0.000009077807
 0.000043681800
 0.000014204893
 0.000011048831
 0.000010577509
 0.000026016969
 0.000012535319
 0.000014990111
 0.000016356820
 0.000014622229
 0.000016633909
 0.000005777702
 0.000027341963
 0.000015888210
 0.000011393204
 0.000017693560
 0.000007491875
 0.000011665106
 0.000011508771
 0.000027164993
 0.000026226223
 0.000018749612
 0.000022059785
 0.000009497528
 0.000053110860
 0.000042946896
 0.000038706753
 0.000047293394
 0.000023698396
 0.000051036597
 0.000018478021
 0.000021889154
 0.000016990739
 0.000012171583
 0.000038796606
 0.000047965442
 0.000011103999
 0.000038120494
 0.000021322451
 0.000007425144
 0.000010918441
 0.000010149107
 0.000029312083
 0.000012338010
 0.000021191649
 0.000007789966
 0.000015993727
 0.000024427267
 0.000017549139
 0.000022616743
 0.000020962048
 0.000013264314
 0.000008946382
 0.000010084752
 0.000051697045
 0.000013435950
 0.000010968781
 0.000016515204
 0.000009476509
 0.000009987241
 0.000016860290
 0.000024583379
 0.000016790265
 0.000017722004
 0.000006601327
 0.000009976540
 0.000012907191
 0.000017383849
 0.000009422760
 0.000012935739
 0.000026227985
 0.000011676049
 0.000007678433
 0.000006405183
 0.000022966938
 0.000017932409
 0.000028562898
 0.000021306352
 0.000022227225
 0.000026698478
 0.000015321293
 0.000048670517
 0.000014021591
 0.000013459542
 0.000047393825
 0.000010362997
 0.000017834489
 0.000006398305
 0.000006758206
 0.000012626229
 0.000016028577
 0.000033006518
 0.000035964167
 0.000021077091
 0.000058826732
 0.000016829302
 0.000007345534
 0.000023801775
 0.000012062533
 0.000006242918
 0.000013648805
 0.000022289549
 0.000005198310
 0.000025444232
 0.000040777790
 0.000010284059
 0.000020343654
 0.000006901719
 0.000017057332
 0.000007913583
 0.000011665000
 0.000016846787
 0.000032312743
 0.000020729239
 0.000021806836
 0.000013518682
 0.000013541418
 0.000012954205
 0.000028582712
 0.000004374821
 0.000005961004
 0.000002941563
 0.000007575809
 0.000002584999
 0.000009889653
 0.000006765441
 0.000007501714
 0.000017832555
 0.000012534287
 0.000010564907
 0.000033868504
 0.000025160852
 0.000010465533
 0.000035674316
 0.000016358891
 0.000013542953
 0.000005158444
 0.000005991429
 0.000009375683
 0.000013219581
 0.000011309435
 0.000008765739
 0.000016479349
 0.000009183724
 0.000014553430
 0.000024378646
 0.000037362612
 0.000010409348
 0.000013444267
 0.000007944712
 0.000007746559
 0.000026808791
 0.000040706621
 0.000032378092
 0.000010893053
 0.000023755509
 0.000015630673
 0.000010697280
 0.000014320207
 0.000014748983
 0.000034880689
 0.000030379773
 0.000020895663
 0.000034171143
 0.000017985014
 0.000031455597
 0.000038381358
 0.000056863595
 0.000028341897
 0.000075514163
 0.000025416739
 0.000032264392
 0.000062617632
 0.000073351314
 0.000064147463
 0.000033319847
 0.000068626999
 0.000062595818
 0.000015985394
 0.000015459980
 0.000036622952
 0.000028439914
 0.000022254968
 0.000010270891
 0.000038744141
 0.000054456152
 0.000103345950
 0.000050093341
 0.000024621220
 0.000056343252
 0.000047845477
 0.000107386284
 0.000038333757
 0.000034997038
 0.000027270271
 0.000019049659
 0.000012314246
 0.000034412481
 0.000016804108
 0.000028051827
 0.000050050848
 0.000074675273
 0.000037611782
 0.000063600776
 0.000040483674
 0.000034279938
 0.000040551845
 0.000042438140
 0.000038499292
 0.000073485100
 0.000064857707
 0.000029578186
 0.000010027646
 0.000012830360
 0.000014248469
 0.000028453586
 0.000071727741
 0.000025854607
 0.000097015004
 0.000077024311
 0.000066630099
 0.000025855347
 0.000030874095
 0.000016110045
 0.000039170555
 0.000031732100
 0.000014009606
 0.000014186344
 0.000012012930
 0.000030986377
 0.000039282523
 0.000034199746
 0.000013654609
 0.000034436592
 0.000045717875
 0.000051106929
 0.000027263657
 0.000048048664
 0.000023167663
 0.000033889858
 0.000030600912
 0.000012518814
 0.000035524462
 0.000040451967
 0.000045172422
 0.000047679641
 0.000036352507
 0.000018887570
 0.000012403986
 0.000040515436
 0.000020509615
 0.000018427479
 0.000029843707
 0.000035630333
 0.000031721325
 0.000033784168
 0.000007472718
 0.000024501992
 0.000026072010
 0.000029936073
 0.000026199359
 0.000026419339
 0.000017230685
 0.000020321826
 0.000016968888
 0.000009989320
 0.000006458068
 0.000005519150
 0.000014052964
 0.000015175114
 0.000038643826
 0.000026561034
 0.000057177756
 0.000046821210
 0.000042817454
 0.000007574291
 0.000008618909
 0.000015245055
 0.000008543861
 0.000035356477
 0.000055315982
 0.000038089329
 0.000024695015
 0.000020651435
 0.000040022278
 0.000017511251
 0.000040695122
 0.000022086084
 0.000031336972
 0.000010640879
 0.000029707000
 0.000010710999
 0.000006397700
 0.000006095633
 0.000023099418
 0.000021758711
 0.000039386008
 0.000016484919
 0.000017182038
 0.000008761357
 0.000014939493
 0.000010283350
 0.000013751781
 0.000015279202
 0.000010053858
 0.000021126229
 0.000029772713
 0.000036805256
 0.000014661328
 0.000030255338
 0.000051547205
 0.000014429495
 0.000027915005
 0.000017448697
 0.000029205277
 0.000012067395
 0.000014861524
 0.000041238182
 0.000033100656
 0.000017766264
 0.000006555222
 0.000018115051
 0.000017570218
 0.000009770868
 0.000012858843
 0.000034811408
 0.000007011897
 0.000007910995
 0.000002898939
 0.000004821829
 0.000003942161
 0.000014580578
 0.000017634050
 0.000004748058
 0.000003466370
 0.000013699103
 0.000007038599
 0.000016805282
 0.000010481183
 0.000007280549
 0.000007712038
 0.000009759246
 0.000039544828
 0.000056292605
 0.000008554576
 0.000025539326
 0.000005448169
 0.000061300505
 0.000026201661
 0.000026532976
 0.000015669650
 0.000034627735
 0.000014200029
 0.000014016953
 0.000012741369
 0.000023849512
 0.000027522310
 0.000014010784
 0.000017287617
 0.000053989251
 0.000060938883
 0.000032114524
 0.000027789393
 0.000063733068
 0.000031367617
 0.000026263806
 0.000029171541
 0.000016993330
 0.000031774906
 0.000059962390
 0.000018329628
 0.000016486130
 0.000026419712
 0.000029454700
 0.000011736016
 0.000018547012
 0.000015864356
 0.000014397686
 0.000010346041
 0.000008591905
 0.000013129907
 0.000013947909
 0.000019410769
 0.000037894998
 0.000010200563
 0.000013191781
 0.000013513103
 0.000016403578
 0.000037337184
 0.000092423814
 0.000038017348
 0.000029284990
 0.000028011151
 0.000014940501
 0.000090181309
 0.000046942782
 0.000022944416
 0.000046723192
 0.000097106362
 0.000036523394
 0.000056452127
 0.000100400881
 0.000028575747
 0.000065714177
 0.000051126529
 0.000048818248
 0.000030993645
 0.000024856908
 0.000025700655
 0.000031990930
 0.000054377919
 0.000011012471
 0.000013456771
 0.000016678941
 0.000032205314
 0.000036560953
 0.000011004192
 0.000012497340
 0.000020055881
 0.000024341844
 0.000031248223
 0.000055511589
 0.000030550106
 0.000025689743
 0.000045263774
 0.000032043216
 0.000082930525
 0.000033600049
 0.000051090787
 0.000011906774
 0.000026366460
 0.000027185038
 0.000019567752
 0.000039560283
 0.000032774624
 0.000017515666
 0.000076777070
 0.000014151905
 0.000035450228
 0.000008755668
 0.000032977525
 0.000011834954
 0.000027807322
 0.000009354969
 0.000013766894
 0.000008934192
 0.000016285754
 0.000010902873
 0.000007546558
 0.000033625099
 0.000018658002
 0.000014213687
 0.000007977019
 0.000013759104
 0.000005329369
 0.000012111992
 0.000008707092
 0.000006470273
 0.000016518889
 0.000024280459
 0.000011480766
 0.000010052010
 0.000005360765
 0.000005590592
 0.000021777096
 0.000005181377
 0.000010952960
 0.000026261832
 0.000024259528
 0.000009167587
 0.000006038570
 0.000011470205
 0.000012682388
 0.000017780039
 0.000017694525
 0.000012138257
 0.000003724274
 0.000003805906
 0.000007081421
 0.000023503374
 0.000024623178
 0.000019218600
 0.000008933184
 0.000010913854
 0.000016136298
 0.000010750871
 0.000039724517
 0.000007097163
 0.000009762039
 0.000006010856
 0.000009532988
 0.000016697448
 0.000006689224
 0.000013936604
 0.000007595421
 0.000023119686
 0.000012749685
 0.000016844269
 0.000060726006
 0.000039386890
 0.000065883942
 0.000036609240
 0.000047516013
 0.000052373226
 0.000045168036
 0.000028716820
 0.000067150443
 0.000009458501
 0.000011934666
 0.000012970915
 0.000024581075
 0.000016320026
 0.000041485224
 0.000027279420
 0.000022348007
 0.000006044727
 0.000008236303
 0.000014512941
 0.000023606051
 0.000016133248
 0.000018207887
 0.000008813604
 0.000051736379
 0.000044306447
 0.000024582573
 0.000017308636
 0.000015793643
 0.000023449724
 0.000006467063
 0.000017082805
 0.000016145765
 0.000007761639
 0.000013728862
 0.000019420132
 0.000005223296
 0.000015800132
 0.000007266057
 0.000006988460
 0.000018647846
 0.000018850583
 0.000010465443
 0.000009888394
 0.000014659908
 0.000028035337
 0.000005679295
 0.000024267501
 0.000063565336
 0.000026459336
 0.000012440536
 0.000019822004
 0.000051235346
 0.000074062983
 0.000021989082
 0.000222330230
 0.000009955253
 0.000028788208
 0.000060250018
 0.000008645479
 0.000026350938
 0.000010322287
 0.000020875235
 0.000047540422
 0.000035271503
 0.000043211955
 0.000022773569
 0.000034133875
 0.000029346994
 0.000019548067
 0.000029161215
 0.000013258626
 0.000032240687
 0.000074606372
 0.000052004303
 0.000035536549
 0.000014637781
 0.000015827404
 0.000015458841
 0.000022852779
 0.000027229862
 0.000012076613
 0.000004132865
 0.000013403241
 0.000006444641
 0.000012721288
 0.000027636153
 0.000053264257
 0.000010959371
 0.000027381102
 0.000034837571
 0.000024545024
 0.000021188729
 0.000015547832
 0.000019026103
 0.000012284742
 0.000005994754
 0.000077062572
 0.000017238615
 0.000017764303
 0.000105397825
 0.000005497437
 0.000008158233
 0.000027132417
 0.000010726237
 0.000006724869
 0.000023963106
 0.000018455064
 0.000010500023
 0.000030947250
 0.000010304463
 0.000015322423
 0.000012231782
 0.000009526950
 0.000011431164
 0.000008253491
 0.000015137946
 0.000012265945
 0.000020177425
 0.000020131985
 0.000037499660
 0.000008690083
 0.000012837673
 0.000035451934
 0.000028922741
 0.000005764734
 0.000019826238
 0.000013456519
 0.000023045394
 0.000051375965
 0.000033775067
 0.000021311510
 0.000021016129
 0.000023580038
 0.000023370103
 0.000018841490
 0.000017614772
 0.000008709840
 0.000003933769
 0.000007996302
 0.000015227139
 0.000004488780
 0.000029672390
 0.000010128157
 0.000026664675
 0.000012507692
 0.000013644406
 0.000013656709
 0.000008116621
 0.000010509763
 0.000010475512
 0.000007246904
 0.000005511237
 0.000007651540
 0.000011286416
 0.000011486582
 0.000018287095
 0.000021783283
 0.000018586264
 0.000030740246
 0.000019714110
 0.000010975747
 0.000019037579
 0.000019764168
 0.000010072348
 0.000018489650
 0.000006348815
 0.000044297647
 0.000018820880
 0.000008219353
 0.000017087351
 0.000082946916
 0.000020444455
 0.000008233046
 0.000037858176
 0.000004594171
 0.000024339279
 0.000018260861
 0.000009286365
 0.000007909786
 0.000019610624
 0.000009454184
 0.000009922989
 0.000021993612
 0.000008231420
 0.000005705681
 0.000010672250
 0.000010855522
 0.000006895559
 0.000018413912
 0.000009747771
 0.000006944438
 0.000015565990
 0.000021506060
 0.000031726700
 0.000014033542
 0.000013723411
 0.000017332460
 0.000075014775
 0.000032625297
 0.000036926193
 0.000029989911
 0.000009405341
 0.000040520829
 0.000034749942
 0.000028143117
 0.000008125497
 0.000023739742
 0.000015039192
 0.000009765406
 0.000008780736
 0.000024602939
 0.000011018475
 0.000035605025
 0.000008861265
 0.000017371248
 0.000010399601
 0.000006728034
 0.000013718310
 0.000013628572
 0.000006171545
 0.000010815291
 0.000017849732
 0.000012930297
 0.000013287494
 0.000009657447
 0.000009923648
 0.000002956101
 0.000002242094
 0.000013859680
 0.000022113619
 0.000024499801
 0.000012790403
 0.000011220439
 0.000007118643
 0.000027126698
 0.000006347790
 0.000016206469
 0.000025351027
 0.000015439339
 0.000010542328
 0.000027282637
 0.000022733319
 0.000010105237
 0.000005954618
 0.000002985084
 0.000015740819
 0.000012226226
 0.000010890309
 0.000011203152
 0.000003229430
 0.000014427665
 0.000008123715
 0.000007561135
 0.000012138759
 0.000006045470
 0.000015816018
 0.000011243459
 0.000028322017
 0.000007313414
 0.000009885984
 0.000009389623
 0.000013516557
 0.000003001341
 0.000010253520
 0.000014907150
 0.000006022645
 0.000059995334
 0.000012678385
 0.000008659341
 0.000009496429
 0.000018592467
 0.000006498777
 0.000013661895
 0.000021269190
 0.000011516905
 0.000011038852
 0.000010694918
 0.000014859038
 0.000022513598
 0.000013931133
 0.000009899962
 0.000009905037
 0.000014815362
 0.000006731695
 0.000012688772
 0.000006025035
 0.000007997109
 0.000007182737
 0.000013650575
 0.000014153023
 0.000015046129
 0.000020414022
 0.000018068791
 0.000033788033
 0.000015193091
 0.000017469215
 0.000005479143
 0.000018926559
 0.000003699727
 0.000032220827
 0.000003256473
 0.000017425384
 0.000015428204
 0.000026791008
 0.000010159022
 0.000018677744
 0.000013848626
 0.000008685826
 0.000010561049
 0.000010215816
 0.000009129330
 0.000013257664
 0.000008795488
 0.000012218519
 0.000049408106
 0.000010652976
 0.000014437064
 0.000011199665
 0.000009018411
 0.000015853357
 0.000004323109
 0.000019931073
 0.000018462085
 0.000016784460
 0.000006515703
 0.000008517413
 0.000014726300
 0.000007833606
 0.000008281387
 0.000017998341
 0.000034300568
 0.000005413780
 0.000026344230
 0.000011557374
 0.000012532014
 0.000012358681
 0.000010252166
 0.000017725336
 0.000016291052
 0.000008531534
 0.000007044450
 0.000013566294
 0.000010940252
 0.000005963747
 0.000004109925
 0.000005778838
 0.000012624555
 0.000005310047
 0.000006061489
 0.000000739361
 0.000010941539
 0.000003498585
 0.000009805896
 0.000012241373
 0.000007265347
 0.000013588622
 0.000003187060
 0.000007454649
 0.000010517869
 0.000004591485
 0.000004412500
 0.000005419888
 0.000026380870
 0.000012845436
 0.000021947136
 0.000015531502
 0.000010436511
 0.000004597087
 0.000015794171
 0.000006208761
 0.000020303595
 0.000012190589
 0.000005018263
 0.000010637646
 0.000008306119
 0.000006630843
 0.000004202467
 0.000012652829
 0.000005524847
 0.000005630330
 0.000007600376
 0.000009861449
 0.000009955386
 0.000013535392
 0.000005689946
 0.000004341031
 0.000006136438
 0.000015785854
 0.000010068214
 0.000004728921
 0.000006202211
 0.000014183736
 0.000015453899
 0.000026770833
 0.000009789836
 0.000011171086
 0.000008644966
 0.000005135640
 0.000006222736
 0.000005685535
 0.000034903854
 0.000011053048
 0.000013927963
 0.000009567758
 0.000015804841
 0.000020466885
 0.000010914368
 0.000006933403
 0.000001894269
 0.000009205023
 0.000013444182
 0.000003520889
 0.000004615123
 0.000006210064
 0.000006711424
 0.000003411025
 0.000003448150
 0.000013636288
 0.000006192693
 0.000006781454
 0.000005536198
 0.000010486041
 0.000008250554
 0.000013437976
 0.000009381999
 0.000018144300
 0.000006189485
 0.000008940145
 0.000007560672
 0.000012617368
 0.000021378740
 0.000003996574
 0.000027941153
 0.000012373672
 0.000004710790
 0.000005832815
 0.000006406325
 0.000015911463
 0.000008595137
 0.000003350573
 0.000008204839
 0.000005781459
 0.000006836213
 0.000007567071
 0.000005764463
 0.000009151551
 0.000011943148
 0.000011436797
 0.000005931156
 0.000007828641
 0.000006246040
 0.000008887309
 0.000003648421
 0.000008466516
 0.000019335497
 0.000007061824
 0.000009313004
 0.000009115079
 0.000011120150
 0.000007413501
 0.000011946829
 0.000010097629
 0.000008767483
 0.000008981157
 0.000012648266
 0.000018452611
 0.000028732034
 0.000006772332
 0.000006735769
 0.000004838743
 0.000010260301
 0.000016565139
 0.000004298395
 0.000007971277
 0.000007725235
 0.000011377196
 0.000007567715
 0.000027022803
 0.000010651482
 0.000008662851
 0.000024789141
 0.000005763202
 0.000022426855
 0.000019741310
 0.000009370123
 0.000017706097
 0.000012363307
 0.000011036726
 0.000009863866
 0.000008422147
 0.000028261442
 0.000008919715
 0.000019006615
 0.000051778282
 0.000052225252
 0.000013291760
 0.000004757266
 0.000014779867
 0.000004064185
 0.000015987197
 0.000004791434
 0.000007993793
 0.000007018381
 0.000010833492
 0.000014253397
 0.000014881820
 0.000003619053
 0.000013024177
 0.000013395230
 0.000008765899
 0.000014374892
 0.000015351737
 0.000003244279
 0.000009717949
 0.000004162497
 0.000012100716
 0.000006689669
 0.000008698146
 0.000006727506
 0.000020200140
 0.000003687742
 0.000015973245
 0.000028086826
 0.000018162114
 0.000009652116
 0.000013417235
 0.000014523033
 0.000007299744
 0.000013957538
 0.000011158576
 0.000025553914
 0.000021649006
 0.000005316573
 0.000015691404
 0.000012381977
 0.000007294453
 0.000011071151
 0.000007525087
 0.000082099826
 0.000010628424
 0.000006444893
 0.000008534113
 0.000009327895
 0.000011752546
 0.000017865487
 0.000007415894
 0.000005753458
 0.000007463369
 0.000013438240
 0.000020141652
 0.000007575076
 0.000015153068
 0.000030340939
 0.000006838151
 0.000019491359
 0.000013558915
 0.000006797186
 0.000002801275
 0.000019399080
 0.000005401333
 0.000010082262
 0.000014432738
 0.000002341976
 0.000007967668
 0.000008936852
 0.000009255716
 0.000009340870
 0.000023586362
 0.000018655905
 0.000011675324
 0.000006278766
 0.000023347269
 0.000010751323
 0.000004847397
 0.000009946967
 0.000014243760
 0.000015011714
 0.000009310180
 0.000011064589
 0.000010225566
 0.000017868238
 0.000018843495
 0.000012715727
 0.000006431468
 0.000007573780
 0.000032938098
 0.000094872555
 0.000032207001
 0.000037643576
 0.000014622650
 0.000019455361
 0.000021578713
 0.000011950875
 0.000009767873
 0.000012618606
 0.000013645370
 0.000015635271
 0.000012263358
 0.000062954809
 0.000011266822
 0.000011061699
 0.000038622696
 0.000027015386
 0.000015839268
 0.000036536871
 0.000008239364
 0.000020804191
 0.000010763922
 0.000018750056
 0.000012039384
 0.000023510903
 0.000005123092
 0.000007792074
 0.000008921859
 0.000007391470
 0.000007068801
 0.000009755468
 0.000015792202
 0.000009363014
 0.000020886547
 0.000014749509
 0.000009909710
 0.000003755383
 0.000008802621
 0.000013284451
 0.000012714290
 0.000014309650
 0.000021122555
 0.000011954529
 0.000013379150
 0.000055071015
 0.000017271221
 0.000012715584
 0.000018710514
 0.000024127908
 0.000024709866
 0.000023865772
 0.000016621720
 0.000049061620
 0.000011474797
 0.000012958570
 0.000018764073
 0.000028480976
 0.000011959781
 0.000016756738
 0.000051637864
 0.000022507347
 0.000046523796
 0.000012060018
 0.000031551468
 0.000022378215
 0.000015175047
 0.000043381072
 0.000036317974
 0.000022514512
 0.000026353320
 0.000011329377
 0.000013405449
 0.000015108696
 0.000029014612
 0.000026568730
 0.000027730119
 0.000021914645
 0.000022246470
 0.000021512788
 0.000012036705
 0.000027848425
 0.000015386358
 0.000031255244
 0.000020583432
 0.000014439677
 0.000004936141
 0.000008718020
 0.000009649135
 0.000019115270
 0.000004708512
 0.000014609200
 0.000012567823
 0.000005291363
 0.000015032712
 0.000012255784
 0.000020572904
 0.000019275871
 0.000045777882
 0.000021836323
 0.000017754362
 0.000017222646
 0.000007739226
 0.000009918126
 0.000007530030
 0.000011980374
 0.000012926808
 0.000016547204
 0.000006329835
 0.000010076125
 0.000025388542
 0.000024674764
 0.000009433343
 0.000009959244
 0.000012153202
 0.000029997001
 0.000008168790
 0.000019515392
 0.000027395984
 0.000043272736
 0.000036737583
 0.000023304997
 0.000039416033
 0.000015498734
 0.000010670990
 0.000017041804
 0.000013621441
 0.000020452261
 0.000023909592
 0.000016836090
 0.000010158885
 0.000008230965
 0.000009377984
 0.000006205094
 0.000004960572
 0.000008755654
 0.000005938516
 0.000006713889
 0.000010900208
 0.000016007591
 0.000009867249
 0.000004226461
 0.000004563018
 0.000017365816
 0.000020776906
 0.000020218613
 0.000011489057
 0.000017991420
 0.000022235405
 0.000002782181
 0.000007292566
 0.000015454893
 0.000019875197
 0.000004626891
 0.000007782269
 0.000007591639
 0.000006246999
 0.000010666814
 0.000009921017
 0.000015056576
 0.000014682103
 0.000022291245
 0.000006067695
 0.000009405941
 0.000011839586
 0.000014296022
 0.000010975904
 0.000016188179
 0.000010742530
 0.000007855899
 0.000010679592
 0.000019233132
 0.000046938348
 0.000009708671
 0.000028209068
 0.000027297200
 0.000016980696
 0.000010428215
 0.000021616094
 0.000102209674
 0.000125623259
 0.000039401003
 0.000022407434
 0.000018943861
 0.000035046073
 0.000026759366
 0.000016872520
 0.000009706760
 0.000012810684
 0.000047016262
 0.000009747530
 0.000012552554
 0.000024432557
 0.000022700823
 0.000035997845
 0.000026272581
 0.000037392707
 0.000041905780
 0.000016629539
 0.000013290933
 0.000088711752
 0.000029334846
 0.000015801485
 0.000016119410
 0.000008434503
 0.000027943100
 0.000009664504
 0.000026328100
 0.000019945240
 0.000028465302
 0.000013918717
 0.000028573845
 0.000014862036
 0.000028344039
 0.000008569212
 0.000036873272
 0.000014484142
 0.000018749752
 0.000018761746
 0.000029351468
 0.000026867610
 0.000025998755
 0.000005240091
 0.000008618653
 0.000028225096
 0.000027731716
 0.000028382606
 0.000022467323
 0.000009779681
 0.000012117054
 0.000048865633
 0.000008135289
 0.000015877213
 0.000016945776
 0.000016992095
 0.000022291428
 0.000052785244
 0.000025000234
 0.000012249552
 0.000019458079
 0.000009151194
 0.000022428877
 0.000031740006
 0.000029161417
 0.000014442811
 0.000081248840
 0.000033191211
 0.000042626770
 0.000022897675
 0.000027101894
 0.000033484029
 0.000020938814
 0.000024644555
 0.000021573817
 0.000015595673
 0.000016926679
 0.000018637660
 0.000038045839
 0.000008434719
 0.000008085544
 0.000032723526
 0.000012362971
 0.000014309233
 0.000012419675
 0.000023773302
 0.000012887607
 0.000011510985
 0.000011131094
 0.000017428335
 0.000004085663
 0.000014971761
 0.000012003075
 0.000023686551
 0.000026735758
 0.000015209835
 0.000010046577
 0.000015630823
 0.000007035073
 0.000007951115
 0.000007782807
 0.000016496124
 0.000007289075
 0.000006521953
 0.000008836634
 0.000016243469
 0.000007675157
 0.000024824892
 0.000018142509
 0.000017235592
 0.000025093207
 0.000011082928
 0.000022761129
 0.000005467676
 0.000005338046
 0.000004377240
 0.000005261186
 0.000017579305
 0.000010371209
 0.000009334103
 0.000011202049
 0.000005512567
 0.000004935717
 0.000017449975
 0.000039738637
 0.000010237009
 0.000012941246
 0.000041553775
 0.000017824133
 0.000103880335
 0.000032091529
 0.000009173139
 0.000013052835
 0.000013431221
 0.000010039838
 0.000010227827
 0.000040520922
 0.000017186862
 0.000006751821
 0.000037239701
 0.000029997159
 0.000009255454
 0.000026313198
 0.000030548827
 0.000046580234
 0.000021294047
 0.000031149395
 0.000016056973
 0.000014668373
 0.000020238180
 0.000019794478
 0.000023679281
 0.000006119438
 0.000011346769
 0.000012079464
 0.000008667855
 0.000008557990
 0.000004593211
 0.000006845544
 0.000013334431
 0.000015862735
 0.000007293710
 0.000003940868
 0.000013088031
 0.000003481727
 0.000004964780
 0.000013704642
 0.000008173980
 0.000005126370
 0.000007782589
 0.000004123174
 0.000006641971
 0.000023595671
 0.000017432770
 0.000027911904
 0.000032268791
 0.000009261557
 0.000015587529
 0.000011056888
 0.000010943771
 0.000011041916
 0.000017209703
 0.000007317449
 0.000010475482
 0.000015030619
 0.000023267279
 0.000049481198
 0.000016398369
 0.000018917308
 0.000005587806
 0.000006802502
 0.000007346996
 0.000005364817
 0.000009610726
 0.000004625476
 0.000014415238
 0.000010949475
 0.000003620698
 0.000014620111
 0.000017894462
 0.000002180861
 0.000012022238
 0.000011485835
 0.000003025649
 0.000004458850
 0.000008740230
 0.000009677074
 0.000013286363
 0.000010949258
 0.000006999899
 0.000019229664
 0.000012400903
 0.000007787799
 0.000025565336
 0.000006949918
 0.000018196618
 0.000017166579
 0.000005526312
 0.000021498985
 0.000023101779
 0.000017813233
 0.000013297112
 0.000039768899
 0.000015699674
 0.000022485873
 0.000006979961
 0.000027918289
 0.000021555872
 0.000012120263
 0.000009324478
 0.000017810815
 0.000009558363
 0.000012239169
 0.000041627464
 0.000008802652
 0.000040197963
 0.000021673813
 0.000022337893
 0.000013106582
 0.000015186280
 0.000028539757
 0.000043966235
 0.000015078858
 0.000031719723
 0.000022588968
 0.000020798334
 0.000010883841
 0.000020065568
 0.000009270615
 0.000011216257
 0.000006388881
 0.000013871212
 0.000023996877
 0.000014220866
 0.000018832023
 0.000005240456
 0.000012777840
 0.000014539512
 0.000019324051
 0.000015380158
 0.000007914435
 0.000010145796
 0.000013429844
 0.000017866671
 0.000041033298
 0.000012282722
 0.000026463999
 0.000010622813
 0.000012026133
 0.000015095460
 0.000034239787
 0.000043811586
 0.000013810707
 0.000057738011
 0.000031112843
 0.000028510264
 0.000065537371
 0.000010923443
 0.000010352795
 0.000022243958
 0.000011026427
 0.000011209350
 0.000011241833
 0.000018501253
 0.000033277306
 0.000017508629
 0.000028277238
 0.000005859356
 0.000019826186
 0.000007527872
 0.000022800811
 0.000012883594
 0.000011118275
 0.000010537057
 0.000007749571
 0.000004331630
 0.000016002827
 0.000009028091
 0.000014377215
 0.000051488150
 0.000030177658
 0.000033415996
 0.000014667700
 0.000017796425
 0.000009563430
 0.000039271903
 0.000078566629
 0.000036956339
 0.000028902339
 0.000030939631
 0.000047283344
 0.000016374437
 0.000033450903
 0.000014130410
 0.000008591780
 0.000010761547
 0.000010632989
 0.000009322759
 0.000006177283
 0.000007688432
 0.000025359837
 0.000021099842
 0.000011679136
 0.000006565671
 0.000013581079
 0.000023002506
 0.000012932436
 0.000006335448
 0.000015259648
 0.000016182901
 0.000010054761
 0.000012802675
 0.000014521172
 0.000016704610
 0.000005526043
 0.000002681157
 0.000007342670
 0.000004380382
 0.000005352445
 0.000005043207
 0.000013031661
 0.000011751868
 0.000011787049
 0.000029975587
 0.000021724687
 0.000055074899
 0.000018383536
 0.000005041813
 0.000016521678
 0.000007503891
 0.000015589003
 0.000036969854
 0.000053740639
 0.000006405076
 0.000022940454
 0.000021904460
 0.000009306148
 0.000010971440
 0.000006506784
 0.000005999153
 0.000019256001
 0.000025861138
 0.000024978075
 0.000032347658
 0.000009987031
 0.000020649989
 0.000007600533
 0.000030215631
 0.000009952531
 0.000055181497
 0.000005376134
 0.000019369818
 0.000004370521
 0.000036961090
 0.000029685659
 0.000014529708
 0.000008716474
 0.000009501625
 0.000015857983
 0.000016550687
 0.000019695631
 0.000027235995
 0.000015424870
 0.000018231109
 0.000036013898
 0.000014441625
 0.000005641067
 0.000042989296
 0.000007780374
 0.000013381917
 0.000013925866
 0.000030451839
 0.000026492051
 0.000034884301
 0.000024653173
 0.000020137478
 0.000024482268
 0.000080382242
 0.000061487033
 0.000045713896
 0.000049438200
 0.000018440505
 0.000039768516
 0.000068771871
 0.000045015916
 0.000044467214
 0.000020315342
 0.000052275102
 0.000067538527
 0.000032138529
 0.000036795503
 0.000038264598
 0.000023531714
 0.000020803015
 0.000018020954
 0.000047293824
 0.000052339914
 0.000028601367
 0.000009911802
 0.000035395238
 0.000031549486
 0.000014431205
 0.000039529545
 0.000030701358
 0.000010728597
 0.000027705616
 0.000024745495
 0.000053000108
 0.000014817144
 0.000017458786
 0.000050741716
 0.000024037755
 0.000044029022
 0.000014022804
 0.000035470184
 0.000004149161
 0.000007618781
 0.000020025995
 0.000008396172
 0.000032143251
 0.000022859725
 0.000009719831
 0.000027380448
 0.000015721314
 0.000016309091
 0.000036746474
 0.000009606289
 0.000037503565
 0.000012268834
 0.000008816308
 0.000017404108
 0.000018815920
 0.000017745194
 0.000005745240
 0.000022772733
 0.000015356161
 0.000014927180
 0.000006218171
 0.000008269910
 0.000028724495
 0.000013453703
 0.000014458780
 0.000010867736
 0.000010918549
 0.000030372922
 0.000021892019
 0.000049176770
 0.000010955735
 0.000018313240
 0.000025496554
 0.000021214455
 0.000026102995
 0.000013839728
 0.000010769698
 0.000025023609
 0.000008284849
 0.000010698647
 0.000011356586
 0.000007547942
 0.000002466893
 0.000002497292
 0.000010492748
 0.000015202860
 0.000009028597
 0.000013761011
 0.000014449157
 0.000005728948
 0.000005676276
 0.000011596293
 0.000012249299
 0.000010536641
 0.000025638371
 0.000026934539
 0.000029361731
 0.000013801347
 0.000009574655
 0.000005361743
 0.000007648153
 0.000011581758
 0.000011236754
 0.000004688082
 0.000022069456
 0.000006421091
 0.000006534048
 0.000013970644
 0.000011066721
 0.000031105600
 0.000025097645
 0.000023565314
 0.000013947082
 0.000046137823
 0.000011559193
 0.000019682551
 0.000019183771
 0.000020768490
 0.000016550823
 0.000007041058
 0.000009253052
 0.000021079001
 0.000013255690
 0.000016506853
 0.000005656234
 0.000004228900
 0.000010652501
 0.000010024504
 0.000008456757
 0.000008881233
 0.000006299437
 0.000009498898
 0.000009258618
 0.000010083020
 0.000018117850
 0.000012034782
 0.000006575308
 0.000012040036
 0.000029122527
 0.000018362499
 0.000013671286
 0.000021788403
 0.000012160839
 0.000010023529
 0.000013227736
 0.000001985879
 0.000011264465
 0.000010075384
 0.000017123690
 0.000010306126
 0.000016289856
 0.000021646431
 0.000007773758
 0.000004795999
 0.000007702849
 0.000011028313
 0.000002927090
 0.000014396794
 0.000008247671
 0.000008478522
 0.000014006100
 0.000004526343
 0.000009519610
 0.000005678133
 0.000069584450
 0.000014873070
 0.000013736845
 0.000014137975
 0.000003375645
 0.000018062462
 0.000021735062
 0.000022548527
 0.000009712072
 0.000025538202
 0.000010387508
 0.000011473309
 0.000005311677
 0.000015043745
 0.000013287608
 0.000007091319
 0.000008828596
 0.000006614839
 0.000032633086
 0.000011409404
 0.000019152939
 0.000005415928
 0.000016105644
 0.000029808852
 0.000009316080
 0.000022111748
 0.000004731365
 0.000024444964
 0.000019379675
 0.000018303898
 0.000015238665
 0.000029591848
 0.000023238347
 0.000012323583
 0.000027707799
 0.000020239466
 0.000016467212
 0.000013130160
 0.000019883665
 0.000009345467
 0.000008848822
 0.000012291269
 0.000005648396
 0.000016412894
 0.000039465295
 0.000005336772
 0.000014513495
 0.000024391616
 0.000014405537
 0.000018662506
 0.000018216842
 0.000008744847
 0.000020742849
 0.000023920541
 0.000008777757
 0.000023415719
 0.000037207709
 0.000009179004
 0.000026229905
 0.000024370126
 0.000015521644
 0.000025310399
 0.000022917604
 0.000142629221
 0.000017450772
 0.000018633846
 0.000023323896
 0.000054597010
 0.000011586419
 0.000012365074
 0.000020121962
 0.000022377538
 0.000017795216
 0.000039864323
 0.000029459161
 0.000008296409
 0.000025306529
 0.000023883952
 0.000018063750
 0.000016921994
 0.000020123160
 0.000008667588
 0.000003825146
 0.000006313440
 0.000007519501
 0.000010463922
 0.000011378423
 0.000037062732
 0.000008818737
 0.000010920683
 0.000017137101
 0.000022870425
 0.000013860795
 0.000047070573
 0.000031208374
 0.000020231260
 0.000023158366
 0.000061045698
 0.000027388563
 0.000020998593
 0.000028002185
 0.000014608502
 0.000042063325
 0.000034532768
 0.000027510432
 0.000030413728
 0.000016296023
 0.000019391632
 0.000020705904
 0.000012802332
 0.000045629035
 0.000010327973
 0.000027552127
 0.000015254216
 0.000029561587
 0.000024473333
 0.000021218080
 0.000017615195
 0.000021032509
 0.000030883407
 0.000039996812
 0.000029401474
 0.000051972644
 0.000053938383
 0.000033434647
 0.000034620474
 0.000013795273
 0.000014308420
 0.000018170051
 0.000008982970
 0.000025616447
 0.000025914225
 0.000025515080
 0.000024733024
 0.000029065791
 0.000060739855
 0.000022323183
 0.000041513922
 0.000015548267
 0.000013596476
 0.000011782374
 0.000017065232
 0.000012864514
 0.000014637924
 0.000012326517
 0.000010494736
 0.000025029026
 0.000015374655
 0.000023933832
 0.000017814129
 0.000010079991
 0.000009024580
 0.000091768559
 0.000014038533
 0.000022923901
 0.000016357168
 0.000023557506
 0.000037638455
 0.000011415423
 0.000022347302
 0.000010994899
 0.000006652487
 0.000020538020
 0.000004612961
 0.000022084563
 0.000035570363
 0.000047823215
 0.000019086908
 0.000025458977
 0.000007912079
 0.000007956728
 0.000004046625
 0.000006916114
 0.000017380589
 0.000021230937
 0.000016726263
 0.000024633531
 0.000014803960
 0.000011078735
 0.000020342143
 0.000011067369
 0.000013911682
 0.000017017416
 0.000018364300
 0.000050799260
 0.000028627437
 0.000066980842
 0.000026620405
 0.000011208912
 0.000016192596
 0.000012246152
 0.000009416642
 0.000010931707
 0.000065543968
 0.000026776654
 0.000006048893
 0.000012009878
 0.000006970832
 0.000007644882
 0.000022143761
 0.000009452911
 0.000032568216
 0.000010217074
 0.000012855608
 0.000004999035
 0.000018688919
 0.000018356064
 0.000078577412
 0.000018002446
 0.000020915874
 0.000005448863
 0.000014798623
 0.000032061132
 0.000014797297
 0.000035494385
 0.000017050941
 0.000018446462
 0.000018335524
 0.000035782743
 0.000079126787
 0.000017673871
 0.000013851255
 0.000025147494
 0.000014966764
 0.000027495617
 0.000028104189
 0.000012204046
 0.000022965532
 0.000021404076
 0.000017381462
 0.000006809299
 0.000021539814
 0.000026269325
 0.000028756510
 0.000065942317
 0.000015238870
 0.000009314019
 0.000013271746
 0.000013602988
 0.000014842205
 0.000010667716
 0.000006211962
 0.000015554910
 0.000016074099
 0.000026189126
 0.000014744532
 0.000020219695
 0.000010648913
 0.000033526778
 0.000009892589
 0.000024091162
 0.000008444726
 0.000068535121
 0.000042690269
 0.000035743856
 0.000014807300
 0.000006313193
 0.000015558360
 0.000011689549
 0.000033410812
 0.000048053708
 0.000012050613
 0.000007314880
 0.000013469272
 0.000012658789
 0.000011867905
 0.000009768556
 0.000016054440
 0.000025181029
 0.000015379891
 0.000011613189
 0.000019132294
 0.000003986150
 0.000009354092
 0.000007397662
 0.000009374104
 0.000008086184
 0.000022581201
 0.000032739494
 0.000027047279
 0.000020567424
 0.000020252176
 0.000023798529
 0.000006669103
 0.000013084280
 0.000017486012
 0.000012405335
 0.000033284228
 0.000009117126
 0.000029371037
 0.000005344123
 0.000018827967
 0.000015629474
 0.000010010234
 0.000009597443
 0.000016668265
 0.000016022203
 0.000002173653
 0.000013478850
 0.000014686935
 0.000017644943
 0.000019901990
 0.000031592181
 0.000008885049
 0.000013372189
 0.000009529122
 0.000014610409
 0.000006933261
 0.000006816794
 0.000007661896
 0.000014401088
 0.000012170503
 0.000036719300
 0.000019690447
 0.000014602093
 0.000008597867
 0.000010861806
 0.000022452798
 0.000007564470
 0.000011921805
 0.000012198821
 0.000014431453
 0.000029809966
 0.000009947671
 0.000032194480
 0.000017920836
 0.000014338890
 0.000047739295
 0.000030487477
 0.000022809707
 0.000035290159
 0.000012436301
 0.000007711963
 0.000014751137
 0.000005936033
 0.000013260949
 0.000015667408
 0.000014881845
 0.000010127457
 0.000006883359
 0.000051110986
 0.000020395594
 0.000010132189
 0.000011793169
 0.000024427756
 0.000008193048
 0.000007799875
 0.000015428697
 0.000014823618
 0.000024720249
 0.000007436618
 0.000010353696
 0.000007528568
 0.000030194497
 0.000012229276
 0.000027220828
 0.000025748724
 0.000015869602
 0.000013045760
 0.000011310091
 0.000006564601
 0.000020783367
 0.000026922585
 0.000006168574
 0.000016904999
 0.000005831623
 0.000025765448
 0.000017756281
 0.000008292626
 0.000011272532
 0.000045386511
 0.000004118287
 0.000007501936
 0.000009582239
 0.000016637093
 0.000008654988
 0.000006424733
 0.000004749229
 0.000018535008
 0.000009417861
 0.000020393477
 0.000035941231
 0.000026576369
 0.000019513178
 0.000006055641
 0.000019871768
 0.000014825557
 0.000015471489
 0.000007832034
 0.000005057875
 0.000006184614
 0.000006576761
 0.000010027076
 0.000004659820
 0.000012188618
 0.000006762404
 0.000025728682
 0.000005826670
 0.000003208440
 0.000002950319
 0.000003514032
 0.000007668646
 0.000005439891
 0.000006362172
 0.000005233765
 0.000005568277
 0.000004845177
 0.000014490088
 0.000003053615
 0.000004785222
 0.000010292940
 0.000011569328
 0.000004162166
 0.000001734906
 0.000009374216
 0.000005427271
 0.000003488496
 0.000003324633
 0.000004703342
 0.000003903421
 0.000006982979
 0.000011887946
 0.000003617640
 0.000003019599
 0.000004580783
 0.000009720015
 0.000003206651
 0.000011040164
 0.000006027718
 0.000004523140
 0.000003101462
 0.000009081295
 0.000015438766
 0.000008228120
 0.000021270995
 0.000018786407
 0.000007350513
 0.000025880107
 0.000007680020
 0.000009562259
 0.000009475817
 0.000010046596
 0.000012002447
 0.000011850751
 0.000011913622
 0.000015366254
 0.000048632809
 0.000026997671
 0.000050295000
 0.000068990710
 0.000020548453
 0.000014754677
 0.000015692418
 0.000042106755
 0.000027914299
 0.000014298247
 0.000012639509
 0.000004938548
 0.000023519990
 0.000009905355
 0.000006838567
 0.000006604203
 0.000004168797
 0.000006968995
 0.000010304784
 0.000005590795
 0.000011469298
 0.000007430333
 0.000004404169
 0.000012163017
 0.000006852204
 0.000007680353
 0.000013382723
 0.000017057999
 0.000006676357
 0.000014508232
 0.000017424102
 0.000015267781
 0.000007650197
 0.000022215144
 0.000029696199
 0.000009118502
 0.000010303790
 0.000019895602
 0.000011037498
 0.000009147828
 0.000015382127
 0.000007878952
 0.000016812944
 0.000007783726
 0.000022970497
 0.000018447286
 0.000023732737
 0.000027547756
 0.000014358114
 0.000005826751
 0.000046627198
 0.000016647518
 0.000019168802
 0.000032243193
 0.000017942919
 0.000015587280
 0.000022088207
 0.000018914526
 0.000009745088
 0.000026386020
 0.000020371250
 0.000074812414
 0.000026458824
 0.000025577883
 0.000027171009
 0.000018861180
 0.000018103973
 0.000035472378
 0.000045398478
 0.000070923498
 0.000029051347
 0.000019414368
 0.000018025099
 0.000006898266
 0.000020191960
 0.000015876660
 0.000012866084
 0.000006115611
 0.000014267390
 0.000006039745
 0.000011006439
 0.000010727243
 0.000064028502
 0.000015848107
 0.000012591936
 0.000011030823
 0.000011124855
 0.000020532729
 0.000021586062
 0.000011865025
 0.000016623993
 0.000020558358
 0.000006910522
 0.000007549039
 0.000006666652
 0.000023376197
 0.000010496972
 0.000012750205
 0.000016931011
 0.000012518564
 0.000021109169
 0.000010813647
 0.000012385272
 0.000005196123
 0.000018928038
 0.000020057726
 0.000011504587
 0.000004548180
 0.000011098389
 0.000019723062
 0.000005822916
 0.000024253531
 0.000015754772
 0.000026386666
 0.000010422432
 0.000009348910
 0.000012937179
 0.000025557582
 0.000075102229
 0.000059332142
 0.000022497244
 0.000040451275
 0.000016599861
 0.000035534648
 0.000030714468
 0.000018153034
 0.000034327608
 0.000028464281
 0.000086225986
 0.000073929250
 0.000065605946
 0.000022678407
 0.000041472504
 0.000033516995
 0.000028708433
 0.000037804191
 0.000019466361
 0.000054468642
 0.000022661747
 0.000052555753
 0.000130620620
 0.000031845127
 0.000026991382
 0.000017513338
 0.000034353804
 0.000020841822
 0.000046152227
 0.000015160021
 0.000041725739
 0.000017383032
 0.000020566148
 0.000037066257
 0.000055250354
 0.000021462713
 0.000030137221
 0.000030736929
 0.000023770807
 0.000005574773
 0.000024189482
 0.000039336043
 0.000047931841
 0.000044196078
 0.000042359442
 0.000047228476
 0.000124061002
 0.000121598458
 0.000027531952
 0.000044650845
 0.000025239449
 0.000071485748
 0.000064787770
 0.000064026719
 0.000137297122
 0.000041846752
 0.000176383273
 0.000022285572
 0.000107483404
 0.000049961469
 0.000155038318
 0.000064129681
 0.000165546496
 0.000066928310
 0.000026066119
 0.000043716267
 0.000011158282
 0.000146926576
 0.000082953133
 0.000038181285
 0.000034515903
 0.000064454353
 0.000106018722
 0.000092148937
 0.000041204431
 0.000075142763
 0.000079234462
 0.000021309298
 0.000023161266
 0.000025473949
 0.000054493808
 0.000068442046
 0.000034380890
 0.000043897186
 0.000061964841
 0.000076331865
 0.000020978047
 0.000054233153
 0.000027183377
 0.000053219059
 0.000042831502
 0.000041577932
 0.000069580718
 0.000070416014
 0.000044171770
 0.000068397102
 0.000058442128
 0.000027703832
 0.000073307707
 0.000047577529
 0.000107889674
 0.000039090817
 0.000060889964
 0.000047087250
 0.000038860963
 0.000014584311
 0.000068150425
 0.000017533815
 0.000007161404
 0.000031910179
 0.000011787162
 0.000043485601
 0.000034268169
 0.000017080368
 0.000016914728
 0.000008020574
 0.000050511542
 0.000100798423
 0.000038133742
 0.000035139259
 0.000019878331
 0.000020157416
 0.000063410864
 0.000029317466
 0.000022347072
 0.000056440509
 0.000041431929
 0.000010311924
 0.000005166598
 0.000010548849
 0.000005080634
 0.000008009673
 0.000004992231
 0.000009768094
 0.000013766266
 0.000016250052
 0.000023568836
 0.000013894188
 0.000032526773
 0.000032291388
 0.000024996836
 0.000027288848
 0.000014145490
 0.000023388360
 0.000012968859
 0.000022608164
 0.000007411447
 0.000022188676
 0.000008348160
 0.000005981301
 0.000010716422
 0.000014083808
 0.000007677298
 0.000005624701
 0.000008384204
 0.000010005949
 0.000016794823
 0.000004841124
 0.000007790047
 0.000005958275
 0.000008684246
 0.000020879401
 0.000003682497
 0.000008373091
 0.000014683391
 0.000008126855
 0.000012750566
 0.000010853906
 0.000009621337
 0.000012754010
 0.000008887352
 0.000014210845
 0.000009684733
 0.000013588023
 0.000017796367
 0.000017244253
 0.000035431390
 0.000014042701
 0.000008864746
 0.000005291081
 0.000010419595
 0.000036367549
 0.000062945375
 0.000025069776
 0.000024293881
 0.000020186151
 0.000009407138
 0.000018050714
 0.000027939486
 0.000013495474
 0.000006532617
 0.000008163168
 0.000017009504
 0.000006696976
 0.000012888400
 0.000137414367
 0.000024314969
 0.000032910957
 0.000055827820
 0.000005665780
 0.000013191398
 0.000006289534
 0.000003613307
 0.000008321696
 0.000024765099
 0.000017604515
 0.000007163559
 0.000010294816
 0.000005634228
 0.000018009560
 0.000009061521
 0.000009256167
 0.000005168593
 0.000005071148
 0.000011220184
 0.000008119648
 0.000012022343
 0.000006650758
 0.000011425958
 0.000054251085
 0.000021383992
 0.000012176136
 0.000020966894
 0.000018031075
 0.000021578366
 0.000008604010
 0.000016097294
 0.000018044785
 0.000003011307
 0.000005517058
 0.000008817330
 0.000016121426
 0.000002848733
 0.000029506815
 0.000012079504
 0.000013278869
 0.000006269425
 0.000007500948
 0.000011124083
 0.000065506834
 0.000017367190
 0.000010269461
 0.000019352746
 0.000020103749
 0.000017733654
 0.000040964707
 0.000004499734
 0.000012541337
 0.000005778596
 0.000005782626
 0.000007986485
 0.000006820486
 0.000014211793
 0.000010549373
 0.000014047838
 0.000006639167
 0.000008058747
 0.000005902806
 0.000034997001
 0.000010757675
 0.000028931520
 0.000012085397
 0.000007934920
 0.000006600957
 0.000017111157
 0.000015048711
 0.000007409480
 0.000023534323
 0.000006562464
 0.000005499681
 0.000011232437
 0.000011741342
 0.000022950327
 0.000005458452
 0.000026099509
 0.000009151852
 0.000007959638
 0.000004289964
 0.000022118350
 0.000012932268
 0.000002993840
 0.000012004567
 0.000005579513
 0.000012506265
 0.000013940722
 0.000011309077
 0.000003920084
 0.000002862731
 0.000006081244
 0.000002562352
 0.000008169113
 0.000003832736
 0.000017410015
 0.000012105555
 0.000006462874
 0.000006020246
 0.000032161630
 0.000025115351
 0.000011996289
 0.000009904991
 0.000007658217
 0.000007599945
 0.000015688070
 0.000006435240
 0.000012797068
 0.000016024010
 0.000009845306
 0.000023636822
 0.000013817187
 0.000016550829
 0.000007029729
 0.000005286611
 0.000011119037
 0.000007096272
 0.000009993402
 0.000009488955
 0.000006229800
 0.000011069049
 0.000015418535
 0.000004123648
 0.000009701265
 0.000010664353
 0.000007655835
 0.000022979324
 0.000017134723
 0.000004230652
 0.000002398436
 0.000004958145
 0.000003688587
 0.000004101200
 0.000002267560
 0.000004673990
 0.000002914553
 0.000005042488
 0.000004550475
 0.000005202391
 0.000003954529
 0.000009336547
 0.000007356941
 0.000008980227
 0.000007525041
 0.000008851113
 0.000017069140
 0.000004968540
 0.000003171226
 0.000011703916
 0.000016598302
 0.000004615341
 0.000005962581
 0.000011614452
 0.000006868935
 0.000005028887
 0.000005142159
 0.000002980947
 0.000007785251
 0.000006895493
 0.000003686858
 0.000009906185
 0.000006764981
 0.000003865127
 0.000013642316
 0.000010201606
 0.000007689252
 0.000005258313
 0.000015563514
 0.000004632363
 0.000009363903
 0.000018649910
 0.000005911400
 0.000014258260
 0.000005101577
 0.000007301900
 0.000009119763
 0.000011117942
 0.000006679702
 0.000016185842
 0.000007647896
 0.000016492243
 0.000047948302
 0.000020509790
 0.000022314194
 0.000006164283
 0.000004965542
 0.000004094016
 0.000005729396
 0.000008519510
 0.000004779455
 0.000006012387
 0.000005493039
 0.000003908786
 0.000001564366
 0.000007800096
 0.000011218529
 0.000014490294
 0.000017239922
 0.000046126679
 0.000022038272
 0.000007623160
 0.000014476209
 0.000004474240
 0.000006290308
 0.000007579073
 0.000013100444
 0.000021232452
 0.000005113720
 0.000018283246
 0.000007178368
 0.000013769218
 0.000008578014
 0.000006126763
 0.000013332036
 0.000006923949
 0.000006836537
 0.000006537961
 0.000007257071
 0.000004705941
 0.000003459756
 0.000008291988
 0.000006737443
 0.000009196385
 0.000026560979
 0.000005304882
 0.000002112666
 0.000012404327
 0.000010994038
 0.000012526092
 0.000006824536
 0.000014448748
 0.000020019193
 0.000025144498
 0.000018259482
 0.000005665128
 0.000007081915
 0.000013471726
 0.000008340191
 0.000003699865
 0.000012074638
 0.000005816867
 0.000004972829
 0.000012536918
 0.000007477946
 0.000002575536
 0.000008732501
 0.000004299725
 0.000004822152
 0.000013697448
 0.000006759874
 0.000007687664
 0.000010952864
 0.000007868489
 0.000012460143
 0.000007864753
 0.000006407733
 0.000034601572
 0.000020466612
 0.000007390792
 0.000006065635
 0.000005083144
 0.000010475454
 0.000007591156
 0.000009849923
 0.000006672809
 0.000022780175
 0.000014297669
 0.000012042418
 0.000019635647
 0.000023697214
 0.000003913425
 0.000008042083
 0.000006309398
 0.000007651503
 0.000015510299
 0.000005834783
 0.000005045325
 0.000004122441
 0.000007285000
 0.000006466387
 0.000009472305
 0.000009805653
 0.000005682635
 0.000008115027
 0.000007916185
 0.000001661297
 0.000021434152
 0.000011394965
 0.000034987313
 0.000006675907
 0.000013538662
 0.000010438124
 0.000019766615
 0.000008005091
 0.000010776158
 0.000007961513
 0.000010113810
 0.000022373763
 0.000011831692
 0.000019164531
 0.000010146251
 0.000007637145
 0.000018571481
 0.000016610038
 0.000002880872
 0.000014268533
 0.000005285079
 0.000025703902
 0.000062068504
 0.000014177003
 0.000020211422
 0.000025678981
 0.000021045206
 0.000022268624
 0.000018665435
 0.000016880295
 0.000019035168
 0.000011946124
 0.000036900816
 0.000007847532
 0.000009372433
 0.000014910046
 0.000008874056
 0.000008967450
 0.000017861870
 0.000015240235
 0.000013561241
 0.000006066360
 0.000011230186
 0.000011663126
 0.000007895528
 0.000030011394
 0.000005146511
 0.000021409613
 0.000017573303
 0.000030990903
 0.000023601337
 0.000019103223
 0.000016995552
 0.000024306702
 0.000013141754
 0.000049228155
 0.000009161753
 0.000025454017
 0.000072940334
 0.000012787843
 0.000018377479
 0.000040035083
 0.000019499703
 0.000045795782
 0.000013629414
 0.000021185048
 0.000019086905
 0.000013179946
 0.000016970856
 0.000009253719
 0.000029880715
 0.000026705708
 0.000084396605
 0.000025982798
 0.000014414968
 0.000027439574
 0.000016000367
 0.000046630373
 0.000015588876
 0.000010461076
 0.000046568681
 0.000026457856
 0.000077033084
 0.000010699879
 0.000032736758
 0.000025180306
 0.000008178276
 0.000040224453
 0.000015007016
 0.000029619111
 0.000010849370
 0.000014872319
 0.000015937028
 0.000006586683
 0.000021038510
 0.000025221324
 0.000009982337
 0.000018669318
 0.000011087353
 0.000032192289
 0.000016713411
 0.000006536794
 0.000033886905
 0.000021780447
 0.000007412582
 0.000014904445
 0.000010362415
 0.000046475339
 0.000016939622
 0.000012726013
 0.000032982246
 0.000015607567
 0.000031249596
 0.000013971677
 0.000015669547
 0.000005207604
 0.000015754726
 0.000012864575
 0.000028388019
 0.000012791951
 0.000017762865
 0.000044563937
 0.000107123356
 0.000017505025
 0.000058613036
 0.000024590941
 0.000008651398
 0.000020826386
 0.000032180335
 0.000016430527
 0.000006322295
 0.000019214706
 0.000032517419
 0.000209343568
 0.000036679617
 0.000116580554
 0.000042622622
 0.000028885239
 0.000014952235
 0.000041261691
 0.000047442197
 0.000044222111
 0.000020708506
 0.000028585009
 0.000031746331
 0.000012785868
 0.000033689958
 0.000004386033
 0.000006367814
 0.000008705872
 0.000017640440
 0.000004726338
 0.000008027873
 0.000009594875
 0.000037332911
 0.000016460378
 0.000012713139
 0.000027493855
 0.000020356678
 0.000015156140
 0.000019780167
 0.000015099125
 0.000027238272
 0.000010225120
 0.000010474627
 0.000017074129
 0.000006238106
 0.000004898471
 0.000032138373
 0.000062296956
 0.000021786061
 0.000024567228
 0.000010427099
 0.000018290875
 0.000010733111
 0.000006669242
 0.000054859949
 0.000018708202
 0.000016927433
 0.000012367034
 0.000006497773
 0.000021526545
 0.000020917476
 0.000026005591
 0.000069985515
 0.000042999201
 0.000061142705
 0.000026912375
 0.000084949104
 0.000054841705
 0.000033953380
 0.000014968152
 0.000124491675
 0.000043087490
 0.000030398710
 0.000030517775
 0.000015058711
 0.000010538433
 0.000023751257
 0.000066806487
 0.000036830139
 0.000030545731
 0.000024129670
 0.000020729311
 0.000030270476
 0.000077819246
 0.000021693348
 0.000028758722
 0.000127156824
 0.000012625349
 0.000065341005
 0.000016731227
 0.000033903395
 0.000057729842
 0.000044453249
 0.000019593158
 0.000042793925
 0.000048551680
 0.000022438886
 0.000018096431
 0.000035391605
 0.000014039964
 0.000011970845
 0.000031335249
 0.000070671230
 0.000041975717
 0.000022248022
 0.000081853663
 0.000065242088
 0.000089154462
 0.000061534622
 0.000025538755
 0.000032208809
 0.000052702802
 0.000038110747
 0.000106796875
 0.000031460662
 0.000079570004
 0.000059368618
 0.000015332893
 0.000008177409
 0.000038287764
 0.000043645083
 0.000040984776
 0.000044162792
 0.000021153975
 0.000024195969
 0.000049940560
 0.000037907121
 0.000018679523
 0.000009272695
 0.000018934136
 0.000006607226
 0.000017945296
 0.000008195856
 0.000028716158
 0.000009270640
 0.000010569428
 0.000015169027
 0.000020503460
 0.000058396959
 0.000043587544
 0.000015086489
 0.000034055577
 0.000022473218
 0.000083052070
 0.000025008442
 0.000030902831
 0.000074442047
 0.000036261311
 0.000022271097
 0.000033940470
 0.000036280990
 0.000033912105
 0.000018799420
 0.000058347700
 0.000017674474
 0.000017605781
 0.000035654357
 0.000075865001
 0.000076548686
 0.000035996375
 0.000009570345
 0.000023191961
 0.000027378001
 0.000035005296
 0.000048274271
 0.000041621645
 0.000022970864
 0.000012351427
 0.000097713434
 0.000025711039
 0.000028551799
 0.000024655181
 0.000030908786
 0.000043830053
 0.000036407231
 0.000023465395
 0.000059914338
 0.000042684248
 0.000027032773
 0.000034569707
 0.000016928308
 0.000023280849
 0.000022100539
 0.000042137462
 0.000021631856
 0.000039182589
 0.000059816179
 0.000167775738
 0.000052110561
 0.000072151987
 0.000084810279
 0.000061678144
 0.000135360162
 0.000033936346
 0.000018790149
 0.000024453214
 0.000041553059
 0.000017508870
 0.000024663303
 0.000029944351
 0.000081988912
 0.000017633877
 0.000029070201
 0.000052001666
 0.000018692699
 0.000025780547
 0.000051924867
 0.000035783075
 0.000026005902
 0.000030921070
 0.000007373521
 0.000033061249
 0.000028007381
 0.000023244318
 0.000027120864
 0.000033179226
 0.000017109656
 0.000028424378
 0.000013734852
 0.000009924319
 0.000038075510
 0.000007871940
 0.000028321486
 0.000039252902
 0.000058945632
 0.000019723475
 0.000048172929
 0.000006367544
 0.000018174924
 0.000029300728
 0.000021278518
 0.000012964659
 0.000028389820
 0.000040585844
 0.000069449719
 0.000026483064
 0.000019560046
 0.000020933974
 0.000033233164
 0.000042173179
 0.000016405229
 0.000013658097
 0.000018122435
 0.000019139790
 0.000016449336
 0.000006383150
 0.000026118897
 0.000015161432
 0.000047572374
 0.000032245140
 0.000024821825
 0.000032071703
 0.000055518440
 0.000009622941
 0.000024088057
 0.000038090170
 0.000020543982
 0.000037176947
 0.000051236130
 0.000007783740
 0.000010529754
 0.000019370576
 0.000044213729
 0.000017847833
 0.000027875807
 0.000015431506
 0.000040366779
 0.000010507535
 0.000004801149
 0.000061724165
 0.000037182265
 0.000027471475
 0.000032528801
 0.000021950002
 0.000017992831
 0.000025695624
 0.000013513091
 0.000008094368
 0.000040225571
 0.000019225078
 0.000019278948
 0.000004382942
 0.000023600097
 0.000039150602
 0.000011914930
 0.000009066707
 0.000021175860
 0.000044517192
 0.000041536828
 0.000007621592
 0.000037080109
 0.000026850491
 0.000034073671
 0.000013629963
 0.000013309790
 0.000034438840
 0.000074668536
 0.000011494765
 0.000009293573
 0.000006591170
 0.000019655984
 0.000011970759
 0.000041362549
 0.000015654683
 0.000032385360
 0.000025068706
 0.000045827784
 0.000029250736
 0.000069032525
 0.000041164416
 0.000026535092
 0.000028922411
 0.000018302144
 0.000033060451
 0.000020996082
 0.000044861323
 0.000029544951
 0.000014619969
 0.000032196354
 0.000012634879
 0.000009357138
 0.000017232008
 0.000036562847
 0.000011204640
 0.000068739861
 0.000013683922
 0.000031916419
 0.000044415372
 0.000022564938
 0.000012338275
 0.000028015869
 0.000052541330
 0.000038836069
 0.000025746303
 0.000020994183
 0.000033549968
 0.000043939090
 0.000010401834
 0.000009211052
 0.000030813821
 0.000039087959
 0.000065038907
 0.000043711939
 0.000051967854
 0.000045468441
 0.000027464808
 0.000020891516
 0.000013335770
 0.000041819682
 0.000077932599
 0.000015273841
 0.000037292446
 0.000018292415
 0.000076547164
 0.000010556934
 0.000023801725
 0.000024148991
 0.000048588353
 0.000062998726
 0.000049966954
 0.000022208141
 0.000017255339
 0.000060791434
 0.000039876897
 0.000082021270
 0.000020649975
 0.000012386037
 0.000016139508
 0.000077782697
 0.000050958495
 0.000039139887
 0.000030064113
 0.000015469059
 0.000076270201
 0.000029818177
 0.000014827554
 0.000063615564
 0.000038374578
 0.000024850372
 0.000015631678
 0.000014840207
 0.000044097712
 0.000094029334
 0.000085693237
 0.000044500248
 0.000037028107
 0.000030949335
 0.000021424934
 0.000022759816
 0.000037288541
 0.000011329830
 0.000032988982
 0.000030822921
 0.000025331332
 0.000026683015
 0.000035330615
 0.000033788685
 0.000031148030
 0.000059480070
 0.000044866862
 0.000067039011
 0.000026809889
 0.000046375761
 0.000018012782
 0.000018472171
 0.000022397549
 0.000004850452
 0.000035886188
 0.000046049788
 0.000014614429
 0.000020607287
 0.000030706951
 0.000051663520
 0.000037445956
 0.000017838664
 0.000040011542
 0.000025494119
 0.000182273532
 0.000004926204
 0.000014792758
 0.000053540229
 0.000046331275
 0.000041407899
 0.000030899702
 0.000033580508
 0.000081542247
 0.000027275996
 0.000023672878
 0.000051631669
 0.000060051308
 0.000045606545
 0.000250237792
 0.000059128503
 0.000032541807
 0.000109322221
 0.000063191766
 0.000035913185
 0.000020063602
 0.000042059456
 0.000013261282
 0.000015031158
 0.000011306117
 0.000039383701
 0.000014294253
 0.000009698580
 0.000022162359
 0.000049920045
 0.000139950755
 0.000022289249
 0.000025930515
 0.000045265991
 0.000025183920
 0.000023375950
 0.000027167214
 0.000005779304
 0.000014514594
 0.000034164762
 0.000050993830
 0.000063247961
 0.000057648621
 0.000064849938
 0.000050236985
 0.000064897608
 0.000026822260
 0.000073803219
 0.000082325980
 0.000095675841
 0.000079346197
 0.000197175093
 0.000017837356
 0.000006489589
 0.000007620342
 0.000024468185
 0.000002628142
 0.000002726034
 0.000013637789
 0.000007736729
 0.000014810776
 0.000008966233
 0.000017862029
 0.000017720692
 0.000009670685
 0.000004125814
 0.000012517226
 0.000012118138
 0.000019544353
 0.000012419236
 0.000009088301
 0.000013745955
 0.000013731941
 0.000007065748
 0.000006235239
 0.000006120401
 0.000006114705
 0.000028567140
 0.000020153732
 0.000006295617
 0.000005611580
 0.000064075279
 0.000006197583
 0.000010405607
 0.000016167178
 0.000016522062
 0.000003939297
 0.000014838049
 0.000005484470
 0.000019847685
 0.000017811181
 0.000011410654
 0.000009682607
 0.000021892007
 0.000030431089
 0.000015814456
 0.000006956434
 0.000018226863
 0.000043205618
 0.000010265166
 0.000005305031
 0.000019369974
 0.000013762904
 0.000003317962
 0.000004988265
 0.000004962967
 0.000009185724
 0.000007607754
 0.000011679242
 0.000007831232
 0.000010373066
 0.000004358751
 0.000013089652
 0.000009093748
 0.000011150258
 0.000015097481
 0.000018339911
 0.000007026904
 0.000032772364
 0.000022874441
 0.000025162883
 0.000023844667
 0.000086101511
 0.000053929109
 0.000021374075
 0.000017107469
 0.000020146623
 0.000009631477
 0.000019615285
 0.000005808522
 0.000006175088
 0.000005553164
 0.000004320122
 0.000006297674
 0.000007225896
 0.000009748128
 0.000007230906
 0.000010460172
 0.000010597916
 0.000009667071
 0.000008448675
 0.000023959717
 0.000009093977
 0.000005010985
 0.000009713797
 0.000012032806
 0.000017651979
 0.000005703398
 0.000017137899
 0.000046141361
 0.000022476958
 0.000010477918
 0.000017933286
 0.000022885346
 0.000015344460
 0.000030618440
 0.000022686040
 0.000029095080
 0.000012523814
 0.000027665754
 0.000023106663
 0.000015419682
 0.000025027867
 0.000067512123
 0.000087800180
 0.000098794099
 0.000045266916
 0.000072040918
 0.000021210242
 0.000033922129
 0.000014604027
 0.000021905364
 0.000055131140
 0.000108962114
 0.000059997081
 0.000037688158
 0.000059530561
 0.000093713054
 0.000145519414
 0.000071758423
 0.000031057361
 0.000056964673
 0.000080585572
 0.000226609768
 0.000066046946
 0.000139118372
 0.000121034633
 0.000064599542
 0.000122248786
 0.000119861796
 0.000061975340
 0.000119992804
 0.000026935119
 0.000016708801
 0.000062752972
 0.000019932030
 0.000065285029
 0.000029762728
 0.000047820950
 0.000027769758
 0.000027357100
 0.000033799902
 0.000033796982
 0.000040623097
 0.000016714168
 0.000021925445
 0.000015124974
 0.000011773154
 0.000046374045
 0.000103828586
 0.000061613881
 0.000052723200
 0.000046251298
 0.000142876412
 0.000082552937
 0.000057656118
 0.000077907333
 0.000067565891
 0.000097219898
 0.000040718853
 0.000041920158
 0.000178812694
 0.000100913574
 0.000036681719
 0.000131343678
 0.000038407482
 0.000031913845
 0.000075177456
 0.000036292500
 0.000073936767
 0.000073388681
 0.000089293213
 0.000012106977
 0.000043909238
 0.000040596658
 0.000081376932
 0.000046769362
 0.000071895127
 0.000130579593
 0.000017788554
 0.000041360399
 0.000064796247
 0.000027413624
 0.000010458554
 0.000014497851
 0.000008492511
 0.000013632608
 0.000019593073
 0.000047945108
 0.000012850318
 0.000032083356
 0.000013687329
 0.000015023835
 0.000021432196
 0.000022048251
 0.000011034071
 0.000008427942
 0.000010629663
 0.000009926444
 0.000010197091
 0.000009655480
 0.000025116781
 0.000016954161
 0.000022552679
 0.000025175566
 0.000020100018
 0.000038889628
 0.000008711634
 0.000043424017
 0.000047636562
 0.000033852358
 0.000021223142
 0.000023978509
 0.000042195912
 0.000024249004
 0.000047733165
 0.000039109046
 0.000020555633
 0.000016937642
 0.000071005810
 0.000043169877
 0.000012894790
 0.000049012716
 0.000112064678
 0.000064387458
 0.000058761243
 0.000023835867
 0.000053997720
 0.000064153943
 0.000139955413
 0.000061980697
 0.000049124542
 0.000151635900
 0.000105458467
 0.000213453321
 0.000174222589
 0.000095332597
 0.000071466889
 0.000162938771
 0.000167565324
 0.000170587622
 0.000097868484
 0.000110286906
 0.000120424653
 0.000061553273
 0.000148735083
 0.000089494063
 0.000035357753
 0.000026337786
 0.000058086262
 0.000025039920
 0.000146409168
 0.000161137140
 0.000038889670
 0.000060622073
 0.000089259175
 0.000045291523
 0.000107818950
 0.000112209313
 0.000124300093
 0.000175418050
 0.000164174977
 0.000174847156
 0.000086379428
 0.000233086587
 0.000165607386
 0.000097193503
 0.000231428859
 0.000127332018
 0.000300006594
 0.000125067832
 0.000027096022
 0.000031907754
 0.000044891742
 0.000110998365
 0.000061387859
 0.000105594198
 0.000092207344
 0.000064967158
 0.000089926195
 0.000078336153
 0.000112902676
 0.000203565212
 0.000054029324
 0.000170950083
 0.000148086468
 0.000210512511
 0.000170736290
 0.000249372456
 0.000541425820
 0.000062824807
 0.000271850510
 0.000159653824
 0.000095780827
 0.000072539317
 0.000124687226
 0.000192851455
 0.000138378647
 0.000068061644
 0.000233453226
 0.000069143799
 0.000187168937
 0.000138862522
 0.000152572505
 0.000093354651
 0.000160681680
 0.000026209669
 0.000080870600
 0.000086099773
 0.000135280855
 0.000170329198
 0.000328832369
 0.000267716379
 0.000071629776
 0.000232534248
 0.000097648564
 0.000082092548
 0.000061918548
 0.000083279445
 0.000052930473
 0.000026353104
 0.000108681434
 0.000046132680
 0.000059862936
 0.000020451952
 0.000042309322
 0.000022647287
 0.000060038830
 0.000047038305
 0.000033696961
 0.000140027619
 0.000036691001
 0.000094448621
 0.000045790852
 0.000054693822
 0.000047054094
 0.000012869862
 0.000020107673
 0.000008000265
 0.000037918834
 0.000065605091
 0.000144794224
 0.000034283854
 0.000041402161
 0.000033435933
 0.000024628004
 0.000020805104
 0.000085403446
 0.000074571984
 0.000031386586
 0.000040878224
 0.000014697979
 0.000069943979
 0.000035697420
 0.000055874088
 0.000136805419
 0.000046363405
 0.000022745754
 0.000039557782
 0.000029477206
 0.000031237504
 0.000100115705
 0.000023906743
 0.000010629830
 0.000047343998
 0.000049729229
 0.000036206526
 0.000018356179
 0.000031820034
 0.000042882757
 0.000050981041
 0.000040060360
 0.000011838936
 0.000032130756
 0.000009306202
 0.000043201910
 0.000055510196
 0.000014624343
 0.000065742338
 0.000012473215
 0.000017299734
 0.000019999174
 0.000017675330
 0.000054999211
 0.000025618243
 0.000056029871
 0.000061179641
 0.000074386411
 0.000015082046
 0.000089602031
 0.000045116430
 0.000049617817
 0.000032897276
 0.000062233013
 0.000056528062
 0.000053770873
 0.000087374638
 0.000052632129
 0.000017187427
 0.000050908585
 0.000063618833
 0.000035483086
 0.000126588488
 0.000098641992
 0.000029809641
 0.000031890965
 0.000027530736
 0.000008838205
 0.000029525019
 0.000012279279
 0.000053229582
 0.000015531688
 0.000029462219
 0.000020109784
 0.000080650606
 0.000005288160
 0.000004110423
 0.000005593313
 0.000022512593
 0.000040687763
 0.000020291201
 0.000017393024
 0.000073037408
 0.000067408476
 0.000016599052
 0.000030488405
 0.000071418218
 0.000026163572
 0.000060695927
 0.000033268627
 0.000040143151
 0.000026606851
 0.000035738180
 0.000012079648
 0.000114077727
 0.000055968222
 0.000021137970
 0.000020797117
 0.000068765089
 0.000067720649
 0.000075162664
 0.000064745151
 0.000048928009
 0.000091803662
 0.000022301419
 0.000022697641
 0.000009507307
 0.000011141984
 0.000011976947
 0.000031178985
 0.000052626440
 0.000026610512
 0.000031512376
 0.000029549504
 0.000032109876
 0.000032493757
 0.000053848140
 0.000012909719
 0.000045294230
 0.000015897355
 0.000037886522
 0.000105969419
 0.000056412206
 0.000092917602
 0.000035354704
 0.000130194705
 0.000068430875
 0.000036344291
 0.000037804004
 0.000063471295
 0.000067474518
 0.000011827093
 0.000076235583
 0.000073531312
 0.000017531441
 0.000018173007
 0.000105040729
 0.000011882177
 0.000021548590
 0.000037156455
 0.000023707061
 0.000017295426
 0.000016523685
 0.000026562785
 0.000023437089
 0.000023709745
 0.000018187778
 0.000020161241
 0.000040875212
 0.000048914209
 0.000078684503
 0.000013389688
 0.000054977324
 0.000023714123
 0.000029843224
 0.000015610625
 0.000021525860
 0.000072050275
 0.000024030023
 0.000064215562
 0.000028978358
 0.000033479979
 0.000022807977
 0.000040311478
 0.000008124579
 0.000009216521
 0.000028256831
 0.000021193544
 0.000068944253
 0.000067040393
 0.000026563960
 0.000028745757
 0.000044510498
 0.000030522385
 0.000068849834
 0.000057399722
 0.000041187320
 0.000030536449
 0.000031285270
 0.000052874135
 0.000087300794
 0.000019273620
 0.000020048015
 0.000031621470
 0.000068584247
 0.000026568627
 0.000023665517
 0.000093167842
 0.000020500726
 0.000018888867
 0.000036087416
 0.000041075920
 0.000054809938
 0.000016856560
 0.000011004174
 0.000013417632
 0.000027702252
 0.000022062462
 0.000025966403
 0.000012171232
 0.000009915907
 0.000005653078
 0.000008568610
 0.000017525335
 0.000006661970
 0.000040353296
 0.000008662420
 0.000041196922
 0.000017631948
 0.000025455529
 0.000022228459
 0.000012597175
 0.000028615214
 0.000048816421
 0.000031109135
 0.000047584280
 0.000022439826
 0.000027100070
 0.000020044376
 0.000024275360
 0.000008066198
 0.000031674396
 0.000026616481
 0.000015816944
 0.000006533840
 0.000016283077
 0.000038732250
 0.000015236615
 0.000049636576
 0.000004184504
 0.000007709274
 0.000014457929
 0.000007238500
 0.000010890495
 0.000014373699
 0.000017149643
 0.000013525130
 0.000026920182
 0.000028204312
 0.000018708521
 0.000017976140
 0.000021870550
 0.000027350644
 0.000010137622
 0.000007904717
 0.000009161779
 0.000006493575
 0.000022065943
 0.000039681464
 0.000019656745
 0.000037217547
 0.000025807079
 0.000021526745
 0.000020819174
 0.000016759620
 0.000018436232
 0.000057543099
 0.000037843278
 0.000065622164
 0.000032684217
 0.000015805424
 0.000030023102
 0.000011986961
 0.000022166638
 0.000011911220
 0.000025591871
 0.000021663025
 0.000013792812
 0.000034214749
 0.000018569651
 0.000033236727
 0.000023488863
 0.000009179757
 0.000023281273
 0.000015111190
 0.000027278653
 0.000035856517
 0.000039646667
 0.000013206540
 0.000020434288
 0.000017585602
 0.000015102878
 0.000006406243
 0.000021096904
 0.000010349425
 0.000031387685
 0.000017988376
 0.000048764069
 0.000041705651
 0.000052520092
 0.000066403402
 0.000035741285
 0.000022498681
 0.000046470289
 0.000027094146
 0.000027068174
 0.000033462191
 0.000085775070
 0.000099327135
 0.000043605293
 0.000029852125
 0.000015888725
 0.000040612743
 0.000015948164
 0.000040938031
 0.000010926606
 0.000033044642
 0.000010444416
 0.000030811644
 0.000016520672
 0.000011301102
 0.000038425003
 0.000045631778
 0.000048498896
 0.000052812672
 0.000039188876
 0.000131854268
 0.000081924425
 0.000175950341
 0.000067456803
 0.000033958114
 0.000122895972
 0.000076673753
 0.000160890804
 0.000126067078
 0.000139757720
 0.000061893700
 0.000270346153
 0.000131330958
 0.000171001318
 0.000325260319
 0.000384770555
 0.000089943945
 0.000079357269
 0.000166821097
 0.000137448723
 0.000082953770
 0.000053754549
 0.000132249483
 0.000107931133
 0.000201481687
 0.000065913378
 0.000083661931
 0.000112057855
 0.000079597507
 0.000064267904
 0.000045568921
 0.000020622472
 0.000073916273
 0.000024816643
 0.000043628426
 0.000029544809
 0.000047273265
 0.000026313392
 0.000017497110
 0.000017898655
 0.000034939758
 0.000114891686
 0.000126443228
 0.000037969546
 0.000190823047
 0.000089094792
 0.000136989675
 0.000014621871
 0.000079537564
 0.000044989266
 0.000202818870
 0.000151254388
 0.000047753128
 0.000064624096
 0.000026173440
 0.000027043207
 0.000056969594
 0.000008635417
 0.000019421767
 0.000028908627
 0.000016551644
 0.000028342907
 0.000112977188
 0.000044956110
 0.000060625740
 0.000023888510
 0.000176609674
 0.000112490794
 0.000030270967
 0.000047613210
 0.000023339120
 0.000060577703
 0.000022852191
 0.000080201289
 0.000097140260
 0.000147891317
 0.000136610962
 0.000037563330
 0.000055443939
 0.000021032108
 0.000043537126
 0.000017771315
 0.000037723559
 0.000024748946
 0.000033179774
 0.000051528291
 0.000013191350
 0.000057095274
 0.000023544348
 0.000018901329
 0.000039444984
 0.000014491467
 0.000017763775
 0.000055048791
 0.000042079302
 0.000018740158
 0.000034351290
 0.000109307336
 0.000074340244
 0.000019792113
 0.000091830829
 0.000028666397
 0.000014715046
 0.000037730326
 0.000030927402
 0.000053442518
 0.000050988604
 0.000037026712
 0.000065451611
 0.000044141744
 0.000017956665
 0.000072206500
 0.000039159641
 0.000063328974
 0.000053079849
 0.000035704027
 0.000054310088
 0.000019178952
 0.000058493067
 0.000033587368
 0.000056798869
 0.000068094250
 0.000046337776
 0.000042471340
 0.000055973454
 0.000029652423
 0.000045806646
 0.000046082541
 0.000047886225
 0.000061195435
 0.000044298284
 0.000086077340
 0.000038625619
 0.000062208384
 0.000101306502
 0.000030507772
 0.000054000460
 0.000095170761
 0.000016340559
 0.000044578445
 0.000044993128
 0.000029975038
 0.000062603669
 0.000063066592
 0.000077217028
 0.000038067674
 0.000065104280
 0.000065530434
 0.000067374425
 0.000037786468
 0.000059517800
 0.000064750249
 0.000080008758
 0.000032429690
 0.000147707959
 0.000009416285
 0.000072166676
 0.000043349691
 0.000100345146
 0.000026294995
 0.000025453147
 0.000028326887
 0.000017583511
 0.000059125930
 0.000021814922
 0.000163794381
 0.000021990056
 0.000032020509
 0.000020697166
 0.000032981796
 0.000041796224
 0.000042684096
 0.000085876021
 0.000114144382
 0.000035918402
 0.000054494656
 0.000027721585
 0.000067809238
 0.000059864107
 0.000055531002
 0.000088201939
 0.000039540519
 0.000043284151
 0.000016132574
 0.000068216713
 0.000046345288
 0.000022132241
 0.000008286687
 0.000096922614
 0.000045168825
 0.000034745171
 0.000066476582
 0.000018166102
 0.000035655797
 0.000016739704
 0.000009966350
 0.000007938406
 0.000046998203
 0.000011635921
 0.000017028819
 0.000016889152
 0.000062227711
 0.000032274599
 0.000025251332
 0.000059920575
 0.000030049259
 0.000044685419
 0.000040746161
 0.000036390883
 0.000033942764
 0.000027016042
 0.000173135651
 0.000039858158
 0.000055784870
 0.000023027157
 0.000092362664
 0.000191056655
 0.000062153303
 0.000025390308
 0.000080417038
 0.000020345969
 0.000072242770
 0.000053683057
 0.000040048022
 0.000035476469
 0.000108741940
 0.000071817416
 0.000108085111
 0.000188929110
 0.000109683412
 0.000070536414
 0.000066238702
 0.000259529818
 0.000026246860
 0.000093456193
 0.000029999757
 0.000039995063
 0.000043257366
 0.000051278566
 0.000014085884
 0.000155812049
 0.000048627033
 0.000027349180
 0.000074297330
 0.000055278095
 0.000035179073
 0.000094251748
 0.000065765694
 0.000018330912
 0.000029726717
 0.000079286220
 0.000100909199
 0.000045593554
 0.000059439555
 0.000043145708
 0.000104262457
 0.000164932927
 0.000057547014
 0.000036050966
 0.000103052930
 0.000029405202
 0.000124946176
 0.000149128505
 0.000137200747
 0.000124811879
 0.000156362269
 0.000301611814
 0.000055803726
 0.000046296579
 0.000030793443
 0.000120497280
 0.000047365829
 0.000054518180
 0.000020691974
 0.000036146393
 0.000081243553
 0.000061695348
 0.000152040297
 0.000146121454
 0.000161522911
 0.000100836464
 0.000129088363
 0.000155835717
 0.000134639731
 0.000037406792
 0.000067082024
 0.000028515754
 0.000044322929
 0.000055633722
 0.000051569673
 0.000036269532
 0.000058291097
 0.000019328640
 0.000051623218
 0.000094680453
 0.000037581982
 0.000035014131
 0.000033845342
 0.000049371498
 0.000052018808
 0.000013241299
 0.000033901585
 0.000026542612
 0.000065194052
 0.000019146309
 0.000035084168
 0.000052362535
 0.000052664956
 0.000050993265
 0.000030451716
 0.000026580122
 0.000048663380
 0.000087100978
 0.000022300796
 0.000017925903
 0.000016233258
 0.000018881444
 0.000043739492
 0.000016839610
 0.000036906166
 0.000032131463
 0.000016705796
 0.000012504389
 0.000008812481
 0.000031196523
 0.000050459262
 0.000012971575
 0.000020800491
 0.000015651225
 0.000011308749
 0.000026004716
 0.000019784066
 0.000011998128
 0.000025561865
 0.000025560774
 0.000061990896
 0.000041975968
 0.000068828990
 0.000021000146
 0.000017257588
 0.000005845588
 0.000013607542
 0.000029049566
 0.000054879713
 0.000017756336
 0.000031056797
 0.000018232795
 0.000009186380
 0.000010694145
 0.000030281652
 0.000048548241
 0.000022216988
 0.000019825082
 0.000006261909
 0.000017570222
 0.000013219406
 0.000008313828
 0.000021549102
 0.000010965121
 0.000035157123
 0.000014694969
 0.000029308771
 0.000024256215
 0.000017263639
 0.000007781314
 0.000013809590
 0.000010529814
 0.000007115556
 0.000032422687
 0.000014478165
 0.000009284077
 0.000015246021
 0.000007878395
 0.000009037375
 0.000020330383
 0.000019908904
 0.000025462418
 0.000009359949
 0.000022182700
 0.000040407206
 0.000062744162
 0.000044359530
 0.000033699177
 0.000024063041
 0.000035284062
 0.000012428579
 0.000015957334
 0.000013586426
 0.000030779093
 0.000008215674
 0.000014323893
 0.000029754740
 0.000058151953
 0.000008554344
 0.000012364822
 0.000020926774
 0.000023452082
 0.000006915096
 0.000007099165
 0.000010004612
 0.000011286460
 0.000008690192
 0.000009265184
 0.000004449419
 0.000008495388
 0.000008318900
 0.000035156134
 0.000005496717
 0.000023974681
 0.000006394484
 0.000010140425
 0.000008626056
 0.000029467780
 0.000029202809
 0.000009300583
 0.000012198703
 0.000015566960
 0.000030390047
 0.000021595185
 0.000017073193
 0.000039270182
 0.000024190171
 0.000020702459
 0.000010893737
 0.000009940929
 0.000019689090
 0.000008304118
 0.000008980119
 0.000006460824
 0.000010376726
 0.000008632132
 0.000009957118
 0.000006493507
 0.000006845729
 0.000014839978
 0.000007207271
 0.000011835500
 0.000009744535
 0.000024044853
 0.000005097092
 0.000015947843
 0.000015350035
 0.000030947504
 0.000007214444
 0.000018184349
 0.000013324579
 0.000019682138
 0.000007940935
 0.000012532542
 0.000008793956
 0.000018955144
 0.000019925339
 0.000029672017
 0.000028021809
 0.000022667224
 0.000008379794
 0.000016771114
 0.000040535050
 0.000012873159
 0.000011183539
 0.000022807729
 0.000037236373
 0.000016838409
 0.000050407104
 0.000040976395
 0.000019779385
 0.000010579485
 0.000025914466
 0.000028929041
 0.000027088242
 0.000041358247
 0.000033208534
 0.000008689083
 0.000016765375
 0.000014201773
 0.000019773310
 0.000021975411
 0.000008895625
 0.000018016154
 0.000021109901
 0.000040832836
 0.000014913450
 0.000020612752
 0.000007211607
 0.000006802534
 0.000024044986
 0.000010279134
 0.000001696862
 0.000009640524
 0.000009053012
 0.000014488875
 0.000015431538
 0.000017898979
 0.000015220978
 0.000012831282
 0.000023855205
 0.000045064419
 0.000027260357
 0.000012750717
 0.000012302857
 0.000027056603
 0.000029736616
 0.000041360756
 0.000011535943
 0.000008292898
 0.000013150428
 0.000018113356
 0.000029866351
 0.000066324287
 0.000027314065
 0.000035188792
 0.000142132210
 0.000037358564
 0.000015356772
 0.000041725256
 0.000021410205
 0.000014796040
 0.000017757427
 0.000027012135
 0.000016526371
 0.000014231427
 0.000031501436
 0.000014291218
 0.000011519913
 0.000014296413
 0.000003960703
 0.000019329327
 0.000012634183
 0.000029782300
 0.000005891015
 0.000012133840
 0.000042249443
 0.000021072961
 0.000034677924
 0.000044188563
 0.000023609628
 0.000033785983
 0.000021695076
 0.000015318068
 0.000018366042
 0.000016081102
 0.000028152142
 0.000041478823
 0.000030344486
 0.000039503923
 0.000021780993
 0.000012008949
 0.000014396250
 0.000019562054
 0.000007171443
 0.000020390866
 0.000014991435
 0.000029733780
 0.000036851398
 0.000020757401
 0.000015080668
 0.000025455375
 0.000059587621
 0.000064000272
 0.000065541548
 0.000026747109
 0.000020925440
 0.000002956820
 0.000033257735
 0.000006584810
 0.000007738257
 0.000008284467
 0.000005588183
 0.000007405723
 0.000017239360
 0.000012105885
 0.000017415038
 0.000018557462
 0.000011929594
 0.000014896806
 0.000007802018
 0.000021583151
 0.000012707280
 0.000045935906
 0.000014217833
 0.000020026211
 0.000018414789
 0.000016792176
 0.000013309140
 0.000021931610
 0.000022906678
 0.000013582504
 0.000015588455
 0.000047730524
 0.000038493132
 0.000024994166
 0.000033536285
 0.000038519556
 0.000023661003
 0.000017439961
 0.000065560046
 0.000042100451
 0.000031828449
 0.000044092377
 0.000020593422
 0.000016358169
 0.000035575700
 0.000043569835
 0.000048397667
 0.000040916970
 0.000043521382
 0.000010341755
 0.000014263277
 0.000012998333
 0.000014581826
 0.000022109431
 0.000018292549
 0.000015583782
 0.000028348013
 0.000023740061
 0.000024933528
 0.000034267770
 0.000030048735
 0.000034522136
 0.000026631607
 0.000042597246
 0.000065635839
 0.000072478494
 0.000004301859
 0.000016856669
 0.000016913360
 0.000013947019
 0.000033951173
 0.000033066412
 0.000030397839
 0.000017792415
 0.000006952707
 0.000024326113
 0.000012291235
 0.000020821360
 0.000030297236
 0.000011387296
 0.000009655995
 0.000012902545
 0.000012573872
 0.000015928031
 0.000008780581
 0.000004594398
 0.000012850089
 0.000005484888
 0.000029278000
 0.000013929130
 0.000019881813
 0.000015316559
 0.000010112805
 0.000003665056
 0.000017444281
 0.000011451571
 0.000005877935
 0.000009006421
 0.000012746799
 0.000017465292
 0.000013358141
 0.000028242681
 0.000016931783
 0.000008200606
 0.000024854587
 0.000013437153
 0.000015008895
 0.000019176861
 0.000012851757
 0.000034062809
 0.000008530834
 0.000019534164
 0.000016252340
 0.000003108236
 0.000030815401
 0.000037469161
 0.000017731672
 0.000012571181
 0.000024795910
 0.000012940517
 0.000029463862
 0.000015722811
 0.000043679558
 0.000020042982
 0.000024180128
 0.000011314068
 0.000009380469
 0.000024630118
 0.000013871302
 0.000023935657
 0.000019209883
 0.000012954783
 0.000022276734
 0.000006799738
 0.000008204098
 0.000007744832
 0.000013247701
 0.000013809299
 0.000007375225
 0.000010120360
 0.000006660651
 0.000022021734
 0.000012314470
 0.000022754200
 0.000012940926
 0.000011943469
 0.000012975619
 0.000011341217
 0.000011568468
 0.000007190155
 0.000016682305
 0.000053580292
 0.000013408210
 0.000007465017
 0.000025427632
 0.000027807530
 0.000008444274
 0.000008953422
 0.000014909523
 0.000014900929
 0.000035927665
 0.000041275259
 0.000029029407
 0.000015191805
 0.000026520414
 0.000023092697
 0.000008293263
 0.000013639033
 0.000043555855
 0.000028981886
 0.000014019616
 0.000025354458
 0.000019330835
 0.000010790306
 0.000021434870
 0.000006306877
 0.000014065704
 0.000012595207
 0.000014173516
 0.000018302102
 0.000006770884
 0.000023170213
 0.000036330681
 0.000012449030
 0.000004437817
 0.000016855304
 0.000017073933
 0.000026871445
 0.000004651858
 0.000012825189
 0.000013881610
 0.000008790829
 0.000008686036
 0.000006678106
 0.000017809998
 0.000006769789
 0.000014575512
 0.000019726988
 0.000028303932
 0.000041917245
 0.000025919964
 0.000028151454
 0.000046922438
 0.000015761208
 0.000033194873
 0.000020464648
 0.000025578971
 0.000032589687
 0.000029120044
 0.000036080039
 0.000052946631
 0.000054337646
 0.000018079437
 0.000052204986
 0.000005630438
 0.000006559575
 0.000022876936
 0.000026374760
 0.000008464712
 0.000010629408
 0.000011891243
 0.000043043739
 0.000009960597
 0.000013769137
 0.000015622960
 0.000014484589
 0.000012725780
 0.000014170301
 0.000019087506
 0.000036601376
 0.000012368389
 0.000012039015
 0.000011884421
 0.000004811502
 0.000004971983
 0.000007552411
 0.000004304585
 0.000009282848
 0.000008862964
 0.000007262508
 0.000038967025
 0.000025424265
 0.000038012790
 0.000018507734
 0.000020110715
 0.000016890660
 0.000025078170
 0.000010195962
 0.000010675259
 0.000039140603
 0.000069073846
 0.000049784098
 0.000036524284
 0.000030677604
 0.000050842167
 0.000028266926
 0.000029037952
 0.000028475541
 0.000052941112
 0.000016042288
 0.000067661909
 0.000045780476
 0.000035526450
 0.000029414911
 0.000013548207
 0.000016326096
 0.000011649369
 0.000049855510
 0.000072070421
 0.000003866982
 0.000012459931
 0.000053827080
 0.000028784394
 0.000008000775
 0.000044273118
 0.000020688984
 0.000024139056
 0.000025479411
 0.000017294543
 0.000023536772
 0.000085006179
 0.000045930907
 0.000035540798
 0.000094262216
 0.000032261067
 0.000110450023
 0.000064386624
 0.000024535862
 0.000083507461
 0.000022415275
 0.000035776853
 0.000047479924
 0.000040927553
 0.000031127850
 0.000010990352
 0.000017534834
 0.000015121613
 0.000065314159
 0.000056752011
 0.000058422593
 0.000066438793
 0.000039405524
 0.000050369279
 0.000071463549
 0.000037961139
 0.000043027853
 0.000032991581
 0.000040683330
 0.000163815707
 0.000154061032
 0.000116537009
 0.000057192966
 0.000049245424
 0.000075908631
 0.000076451460
 0.000048430393
 0.000077495593
 0.000056827463
 0.000021171981
 0.000048836045
 0.000014492656
 0.000033855576
 0.000014731648
 0.000027064932
 0.000025133204
 0.000018139511
 0.000011603847
 0.000010342093
 0.000020340383
 0.000018305837
 0.000026909808
 0.000047827424
 0.000017294848
 0.000044351938
 0.000010642239
 0.000012396147
 0.000012828341
 0.000034570238
 0.000057465599
 0.000049657914
 0.000048001253
 0.000043171222
 0.000053689770
 0.000057225280
 0.000026112293
 0.000023466772
 0.000021188377
 0.000013097253
 0.000008965576
 0.000035126053
 0.000032013079
 0.000019717989
 0.000022986837
 0.000023645674
 0.000094223953
 0.000034872469
 0.000036152590
 0.000035355463
 0.000036935055
 0.000021897090
 0.000021317489
 0.000017981702
 0.000046077050
 0.000008160400
 0.000030580123
 0.000093463222
 0.000050495939
 0.000049120579
 0.000025692566
 0.000028587244
 0.000101639362
 0.000052801791
 0.000124347021
 0.000083319134
 0.000056464533
 0.000120056550
 0.000081529479
 0.000046153789
 0.000047166507
 0.000041689498
 0.000132479426
 0.000094894561
 0.000018169835
 0.000061402250
 0.000042547245
 0.000033744623
 0.000017480342
 0.000015494449
 0.000023198255
 0.000010183416
 0.000088557505
 0.000027494654
 0.000054692798
 0.000047307808
 0.000034995894
 0.000028120772
 0.000023184534
 0.000028977950
 0.000023797026
 0.000059957195
 0.000037981639
 0.000039088178
 0.000012637698
 0.000014830227
 0.000070263412
 0.000023061308
 0.000020807298
 0.000021616157
 0.000035524948
 0.000060378072
 0.000019161111
 0.000169796936
 0.000167365452
 0.000038320878
 0.000105072694
 0.000124086977
 0.000038541108
 0.000105169282
 0.000035583240
 0.000034089543
 0.000113769015
 0.000045238262
 0.000044805224
 0.000171350348
 0.000057920016
 0.000040061640
 0.000058957151
 0.000028479612
 0.000029951231
 0.000051047216
 0.000040143301
 0.000040271135
 0.000042583065
 0.000008173309
 0.000038756294
 0.000029479348
 0.000035103962
 0.000034126703
 0.000034424892
 0.000075134156
 0.000019406331
 0.000041281253
 0.000006649924
 0.000019558996
 0.000025766855
 0.000021132001
 0.000027000776
 0.000029642941
 0.000036244452
 0.000031265107
 0.000012947862
 0.000038158683
 0.000030264969
 0.000025142454
 0.000014700436
 0.000036207003
 0.000011723700
 0.000020962688
 0.000034942283
 0.000042005227
 0.000032148802
 0.000041988128
 0.000036643276
 0.000025208411
 0.000036331374
 0.000012073070
 0.000055305618
 0.000011479814
 0.000021506789
 0.000029351619
 0.000056711527
 0.000021365206
 0.000046528339
 0.000042003362
 0.000057127340
 0.000078342413
 0.000025648821
 0.000015157011
 0.000086391806
 0.000161581566
 0.000047634772
 0.000018042387
 0.000029122812
 0.000007838076
 0.000027310120
 0.000011974053
 0.000028393140
 0.000019747211
 0.000043590447
 0.000031883401
 0.000013477092
 0.000010087253
 0.000011087965
 0.000008020994
 0.000010691491
 0.000007015425
 0.000016275834
 0.000006756664
 0.000029592994
 0.000016546203
 0.000014008547
 0.000022500833
 0.000006971796
 0.000026936684
 0.000025835414
 0.000011160678
 0.000047888263
 0.000014759034
 0.000010153783
 0.000030165961
 0.000022911232
 0.000010117224
 0.000038885175
 0.000039053120
 0.000018230875
 0.000020753850
 0.000013192228
 0.000016356187
 0.000027941594
 0.000025466209
 0.000007860324
 0.000008339173
 0.000005401024
 0.000015163008
 0.000026078954
 0.000006688363
 0.000010993836
 0.000007306869
 0.000010511372
 0.000009063225
 0.000006088056
 0.000010811926
 0.000008500536
 0.000017477782
 0.000014070508
 0.000018907410
 0.000014303897
 0.000005470132
 0.000036104705
 0.000016020473
 0.000015064288
 0.000009625820
 0.000011135793
 0.000048798347
 0.000023552511
 0.000021253652
 0.000076249127
 0.000012778813
 0.000011721543
 0.000010867979
 0.000017551236
 0.000013883759
 0.000019737904
 0.000015141231
 0.000060914534
 0.000031067743
 0.000021132964
 0.000006439031
 0.000013365893
 0.000009415422
 0.000010825416
 0.000015387190
 0.000029458520
 0.000021029010
 0.000012586771
 0.000046248893
 0.000015210943
 0.000009927998
 0.000038714109
 0.000031500375
 0.000030872233
 0.000011665641
 0.000018749759
 0.000034598460
 0.000029064137
 0.000042120012
 0.000045980549
 0.000064537242
 0.000038031672
 0.000029934259
 0.000024010846
 0.000071009243
 0.000016464475
 0.000008674831
 0.000030204351
 0.000018474123
 0.000034981161
 0.000072808083
 0.000029103798
 0.000031822154
 0.000014689207
 0.000045471100
 0.000021498570
 0.000025128871
 0.000033679466
 0.000035927838
 0.000019911448
 0.000026813516
 0.000024288511
 0.000017312038
 0.000030544679
 0.000010939141
 0.000007134406
 0.000015112768
 0.000022380656
 0.000033767449
 0.000011549403
 0.000031677436
 0.000052367482
 0.000009112859
 0.000016004820
 0.000014315328
 0.000013140847
 0.000014023554
 0.000022370927
 0.000038740168
 0.000025726883
 0.000059412717
 0.000018115649
 0.000027412468
 0.000024364679
 0.000031280786
 0.000034025012
 0.000006602403
 0.000029846007
 0.000025329767
 0.000010420004
 0.000018839818
 0.000021856877
 0.000068065848
 0.000050175090
 0.000021322179
 0.000086674973
 0.000036545926
 0.000021575263
 0.000006884073
 0.000019602931
 0.000023107051
 0.000018691798
 0.000014355107
 0.000009501007
 0.000010904656
 0.000008189423
 0.000025569737
 0.000033509949
 0.000029652528
 0.000042805500
 0.000014211600
 0.000007840599
 0.000008067305
 0.000006995682
 0.000006886820
 0.000025447153
 0.000031925512
 0.000019269185
 0.000012868635
 0.000032794786
 0.000063323756
 0.000044233491
 0.000031533471
 0.000055930091
 0.000033292402
 0.000058736780
 0.000089113971
 0.000017475934
 0.000066050200
 0.000044802563
 0.000067457577
 0.000019403556
 0.000024215255
 0.000029871990
 0.000046712518
 0.000027261165
 0.000019181034
 0.000025385956
 0.000073012448
 0.000034247970
 0.000022474674
 0.000116096313
 0.000024674207
 0.000027694883
 0.000025331230
 0.000027865885
 0.000032999187
 0.000137701452
 0.000042889696
 0.000077712962
 0.000013643595
 0.000021309598
 0.000005397623
 0.000014234968
 0.000010201694
 0.000009076956
 0.000011542648
 0.000005236375
 0.000011676926
 0.000015900959
 0.000011766701
 0.000020390204
 0.000025638249
 0.000044044027
 0.000033506818
 0.000082421010
 0.000014969386
 0.000011598376
 0.000011596979
 0.000020064101
 0.000010827906
 0.000009813245
 0.000017278961
 0.000010230457
 0.000007631980
 0.000015049071
 0.000023768716
 0.000027646373
 0.000031277215
 0.000037348303
 0.000015948143
 0.000024405423
 0.000017128436
 0.000014779516
 0.000023065380
 0.000014855842
 0.000009536506
 0.000021437435
 0.000006166566
 0.000007190022
 0.000019027198
 0.000009728657
 0.000034720633
 0.000028955014
 0.000012054873
 0.000028675899
 0.000078219338
 0.000014855875
 0.000021417475
 0.000164243160
 0.000033395129
 0.000017684568
 0.000014047787
 0.000024978638
 0.000195517486
 0.000032759274
 0.000030563344
 0.000143693499
 0.000040763813
 0.000041029747
 0.000055947318
 0.000016420844
 0.000024132647
 0.000023372688
 0.000043697157
 0.000014234163
 0.000031389290
 0.000024925610
 0.000019173421
 0.000024272613
 0.000005308224
 0.000022274230
 0.000008260112
 0.000013192036
 0.000019968293
 0.000007794914
 0.000021570161
 0.000010417984
 0.000007101247
 0.000011782904
 0.000026983757
 0.000009308972
 0.000008461816
 0.000013226363
 0.000011535795
 0.000003545896
 0.000007617546
 0.000007846668
 0.000014925145
 0.000016861328
 0.000014970196
 0.000044197143
 0.000010744997
 0.000012292600
 0.000005295522
 0.000010578793
 0.000013861507
 0.000023840239
 0.000012777869
 0.000018056680
 0.000004042084
 0.000005586488
 0.000017824541
 0.000009808878
 0.000003778961
 0.000009014220
 0.000004067804
 0.000002742431
 0.000012049508
 0.000018029125
 0.000010092394
 0.000006659869
 0.000004434563
 0.000007807460
 0.000016739806
 0.000012914489
 0.000006830157
 0.000005961186
 0.000007627351
 0.000003430849
 0.000007548046
 0.000005511835
 0.000006162872
 0.000014449363
 0.000002426640
 0.000004895594
 0.000004013869
 0.000007976659
 0.000009490019
 0.000003736067
 0.000011978782
 0.000004787512
 0.000008004986
 0.000006192197
 0.000008752143
 0.000007023278
 0.000002564665
 0.000005219331
 0.000013031030
 0.000005748642
 0.000006835589
 0.000005542311
 0.000002363997
 0.000006395714
 0.000006830663
 0.000004605366
 0.000006333353
 0.000011949848
 0.000004048973
 0.000006659793
 0.000006870512
 0.000014906156
 0.000020884810
 0.000008469512
 0.000010764846
 0.000011535150
 0.000013582581
 0.000008000449
 0.000007326619
 0.000005277898
 0.000006113685
 0.000004292559
 0.000009422207
 0.000015748599
 0.000009284381
 0.000013086374
 0.000024885751
 0.000008866872
 0.000020901708
 0.000012374946
 0.000016846657
 0.000007507106
 0.000007578578
 0.000005442243
 0.000011491152
 0.000065577767
 0.000018193399
 0.000013143954
 0.000031782352
 0.000011075636
 0.000008549286
 0.000009516546
 0.000009253207
 0.000009251047
 0.000006899953
 0.000004256445
 0.000010068656
 0.000006323756
 0.000013107660
 0.000009712072
 0.000009921806
 0.000002958840
 0.000015948105
 0.000013022608
 0.000012690706
 0.000036233873
 0.000038954630
 0.000028557706
 0.000022690463
 0.000012483034
 0.000025709267
 0.000014132149
 0.000011080131
 0.000019083306
 0.000022350818
 0.000025697366
 0.000033003086
 0.000005048295
 0.000047071469
 0.000029509888
 0.000016932186
 0.000016837172
 0.000009678991
 0.000009223911
 0.000016945459
 0.000011208539
 0.000004080015
 0.000018197177
 0.000002896102
 0.000016441210
 0.000010189034
 0.000014879139
 0.000010365791
 0.000005650182
 0.000007901457
 0.000055470121
 0.000003948314
 0.000012713978
 0.000003291246
 0.000005632071
 0.000002772494
 0.000005329542
 0.000013454409
 0.000008470974
 0.000012058596
 0.000005465675
 0.000018050909
 0.000006400580
 0.000005527473
 0.000004517955
 0.000018639427
 0.000011760626
 0.000014356269
 0.000014383898
 0.000007987350
 0.000004748836
 0.000001976851
 0.000005127124
 0.000003741100
 0.000002379763
 0.000005634109
 0.000004946699
 0.000031149089
 0.000002536100
 0.000002449996
 0.000001732443
 0.000005974051
 0.000006759300
 0.000006921662
 0.000014218472
 0.000017520678
 0.000039250436
 0.000039740870
 0.000080149699
 0.000025045567
 0.000025151485
 0.000013539541
 0.000010338594
 0.000012075231
 0.000022274981
 0.000039763835
 0.000012553083
 0.000017266302
 0.000028333231
 0.000016418908
 0.000021307361
 0.000021056423
 0.000059256548
 0.000005640489
 0.000023462705
 0.000016495807
 0.000013166998
 0.000027250943
 0.000025243240
 0.000014042499
 0.000018123827
 0.000012738387
 0.000025918931
 0.000008860390
 0.000013365882
 0.000030715918
 0.000032160096
 0.000040650915
 0.000034578949
 0.000033594165
 0.000033932732
 0.000018437522
 0.000013623716
 0.000018627479
 0.000024664963
 0.000038099822
 0.000073026313
 0.000035631344
 0.000012313222
 0.000023750111
 0.000010251669
 0.000031628531
 0.000016453290
 0.000021481228
 0.000058215445
 0.000039544299
 0.000035044145
 0.000030771261
 0.000032989464
 0.000012539137
 0.000045059473
 0.000043087760
 0.000057535870
 0.000019039679
 0.000013283351
 0.000012625335
 0.000010480558
 0.000017712018
 0.000060154497
 0.000034801453
 0.000066108167
 0.000051487674
 0.000025371900
 0.000057548109
 0.000013389690
 0.000004290020
 0.000018045457
 0.000019135892
 0.000017468087
 0.000010946969
 0.000016906153
 0.000034277081
 0.000014252675
 0.000122706169
 0.000012669727
 0.000020629396
 0.000018858256
 0.000013022181
 0.000010375854
 0.000044941628
 0.000036081195
 0.000018210075
 0.000044884510
 0.000024392001
 0.000043264865
 0.000100804467
 0.000050500125
 0.000018911542
 0.000065252970
 0.000024156051
 0.000065803452
 0.000061987622
 0.000037724624
 0.000033665511
 0.000029455278
 0.000019352546
 0.000025702733
 0.000021203747
 0.000012983891
 0.000011511617
 0.000018981141
 0.000050270165
 0.000028772983
 0.000025298022
 0.000009692415
 0.000007903055
 0.000018516396
 0.000007284432
 0.000022575785
 0.000013249505
 0.000037300919
 0.000024092360
 0.000010424405
 0.000022572524
 0.000016753256
 0.000029836839
 0.000017664726
 0.000012971843
 0.000011091297
 0.000020516280
 0.000025142767
 0.000027308718
 0.000071386608
 0.000017632389
 0.000103287711
 0.000115455327
 0.000037244709
 0.000026719576
 0.000111331473
 0.000021503834
 0.000025903569
 0.000023173331
 0.000019641511
 0.000023057427
 0.000024913487
 0.000018476921
 0.000011871897
 0.000033435463
 0.000063721878
 0.000014724852
 0.000024871115
 0.000011889724
 0.000034429802
 0.000014344002
 0.000009792823
 0.000004981164
 0.000019496887
 0.000013221882
 0.000019502264
 0.000023369088
 0.000064692063
 0.000021382912
 0.000019431990
 0.000033430934
 0.000017996722
 0.000019009403
 0.000023726448
 0.000025433577
 0.000012701452
 0.000023431338
 0.000019944677
 0.000066768056
 0.000022335588
 0.000025130365
 0.000061602709
 0.000039155369
 0.000025502002
 0.000022190826
 0.000012324264
 0.000031625069
 0.000030860584
 0.000013376416
 0.000010237295
 0.000007844379
 0.000009679088
 0.000023638743
 0.000008199367
 0.000015810760
 0.000003489567
 0.000034481529
 0.000005549544
 0.000017555665
 0.000021007480
 0.000010413775
 0.000010041354
 0.000006831347
 0.000005450043
 0.000015175311
 0.000008484338
 0.000035929402
 0.000008808912
 0.000015120175
 0.000020810213
 0.000010672494
 0.000011021137
 0.000003839336
 0.000015457587
 0.000012841319
 0.000015595480
 0.000019717650
 0.000019080143
 0.000032183046
 0.000014911225
 0.000006948854
 0.000007426404
 0.000004499144
 0.000008581627
 0.000003273812
 0.000007699943
 0.000004764000
 0.000008179473
 0.000012050102
 0.000006821176
 0.000029291192
 0.000010610228
 0.000012133346
 0.000013070518
 0.000018665655
 0.000038152664
 0.000032985927
 0.000020767304
 0.000006465303
 0.000016840920
 0.000013340816
 0.000022051188
 0.000010268944
 0.000009190082
 0.000012027299
 0.000016763285
 0.000012029474
 0.000007329482
 0.000013667020
 0.000011063458
 0.000015614228
 0.000027103063
 0.000004446402
 0.000003090356
 0.000014677099
 0.000009196793
 0.000014036763
 0.000007902826
 0.000015678151
 0.000004216821
 0.000031147782
 0.000019976756
 0.000010616481
 0.000025132022
 0.000026125715
 0.000056318409
 0.000033115245
 0.000025545267
 0.000163127470
 0.000025245971
 0.000037129654
 0.000027854345
 0.000055810344
 0.000029989522
 0.000048932130
 0.000042172293
 0.000037821040
 0.000059415200
 0.000056352038
 0.000019227049
 0.000028191874
 0.000025044752
 0.000029587160
 0.000029822998
 0.000031000724
 0.000033323111
 0.000026623335
 0.000024729476
 0.000036124302
 0.000021881313
 0.000031698001
 0.000025129111
 0.000021693113
 0.000042497433
 0.000024241267
 0.000072447280
 0.000059441275
 0.000021891948
 0.000024234794
 0.000032297061
 0.000025931631
 0.000075023580
 0.000033964179
 0.000021149792
 0.000024512008
 0.000014162525
 0.000057941723
 0.000016813405
 0.000030166044
 0.000030583814
 0.000020119392
 0.000042136503
 0.000042815014
 0.000051005360
 0.000021403902
 0.000028876571
 0.000036020831
 0.000037352006
 0.000033099168
 0.000054483545
 0.000030216557
 0.000047048819
 0.000005598880
 0.000019942378
 0.000057440417
 0.000026742571
 0.000008798473
 0.000009398425
 0.000022629403
 0.000011524735
 0.000023652408
 0.000028994247
 0.000034849790
 0.000029759209
 0.000027892314
 0.000018984105
 0.000040282754
 0.000021632084
 0.000041550154
 0.000034038018
 0.000036369138
 0.000013394011
 0.000043285740
 0.000025442682
 0.000028605915
 0.000059436579
 0.000095379105
 0.000009126144
 0.000050473318
 0.000037758324
 0.000024400943
 0.000026659577
 0.000028841162
 0.000046466835
 0.000020627087
 0.000060989975
 0.000023912718
 0.000021004540
 0.000038134053
 0.000014673389
 0.000024724062
 0.000034526415
 0.000017957644
 0.000018598186
 0.000024319130
 0.000041815154
 0.000032958726
 0.000058670000
 0.000053467831
 0.000025141206
 0.000010752713
 0.000056671919
 0.000021112086
 0.000104735529
 0.000063829009
 0.000151828884
 0.000085068052
 0.000080420699
 0.000028948210
 0.000028316623
 0.000035133397
 0.000020337315
 0.000015185214
 0.000019586198
 0.000013716468
 0.000006415622
 0.000006792561
 0.000010520781
 0.000016474950
 0.000081977770
 0.000029687786
 0.000024110488
 0.000015592689
 0.000040341439
 0.000051924447
 0.000041802802
 0.000031888062
 0.000020519376
 0.000022891613
 0.000008791093
 0.000047349298
 0.000043859053
 0.000031868551
 0.000026988184
 0.000019732842
 0.000037268125
 0.000015662912
 0.000031306669
 0.000023067831
 0.000016976448
 0.000014745738
 0.000023682151
 0.000061062331
 0.000017413229
 0.000006345099
 0.000019598840
 0.000022793683
 0.000019667028
 0.000039909118
 0.000015783681
 0.000006583591
 0.000047080574
 0.000060476599
 0.000014963113
 0.000047129114
 0.000021803256
 0.000016426482
 0.000021395040
 0.000067881072
 0.000027657272
 0.000036266886
 0.000043958299
 0.000031204433
 0.000031598783
 0.000012138390
 0.000016716243
 0.000013682440
 0.000024502413
 0.000034619996
 0.000033281825
 0.000066337829
 0.000073223891
 0.000037028520
 0.000031654328
 0.000016329581
 0.000022228357
 0.000039523264
 0.000016787513
 0.000026197883
 0.000075923318
 0.000076740977
 0.000052963382
 0.000024605917
 0.000030586722
 0.000044092353
 0.000029865581
 0.000071885091
 0.000044048784
 0.000039968088
 0.000038089911
 0.000109119734
 0.000042763363
 0.000041843260
 0.000040515693
 0.000100811178
 0.000079537018
 0.000074062903
 0.000009651667
 0.000027923311
 0.000030250514
 0.000015530117
 0.000013861332
 0.000022182849
 0.000026757805
 0.000022418432
 0.000025230155
 0.000015670873
 0.000032090787
 0.000025190651
 0.000026139898
 0.000038185314
 0.000030036608
 0.000031857399
 0.000042906134
 0.000021022291
 0.000059996072
 0.000088727315
 0.000032673485
 0.000035472640
 0.000044114157
 0.000051169187
 0.000028303788
 0.000016045111
 0.000028707777
 0.000021308799
 0.000033117421
 0.000064520484
 0.000038824450
 0.000024654832
 0.000079991641
 0.000018176505
 0.000024084588
 0.000018095862
 0.000041212899
 0.000104046446
 0.000073654680
 0.000105836727
 0.000051905417
 0.000063621691
 0.000034715167
 0.000052832217
 0.000053175903
 0.000029435684
 0.000058333651
 0.000063039079
 0.000083738174
 0.000117674521
 0.000064143866
 0.000049328758
 0.000032487014
 0.000064379089
 0.000040360550
 0.000023674183
 0.000110460062
 0.000024625179
 0.000028687115
 0.000063537060
 0.000017679316
 0.000028082446
 0.000068131038
 0.000072589790
 0.000029162002
 0.000032523669
 0.000026375163
 0.000019887376
 0.000038771156
 0.000039080423
 0.000077741198
 0.000195821735
 0.000083760010
 0.000042383739
 0.000017573076
 0.000026686353
 0.000013824640
 0.000011705890
 0.000015920416
 0.000046438651
 0.000021791351
 0.000035900966
 0.000045342375
 0.000036053018
 0.000073923069
 0.000026025746
 0.000038342429
 0.000066380130
 0.000177106412
 0.000093183671
 0.000059741377
 0.000037688489
 0.000039566987
 0.000018784735
 0.000015909958
 0.000013033744
 0.000028308787
 0.000020751792
 0.000015619418
 0.000024993461
 0.000058987013
 0.000070982201
 0.000027637915
 0.000031880311
 0.000032506823
 0.000023059951
 0.000009583640
 0.000021359022
 0.000021311563
 0.000014183973
 0.000010988499
 0.000014694440
 0.000005504480
 0.000018383157
 0.000032449537
 0.000015001587
 0.000013584040
 0.000007738561
 0.000039658828
 0.000025429907
 0.000015021006
 0.000006161081
 0.000011701953
 0.000007298448
 0.000008107429
 0.000034965470
 0.000038329468
 0.000014871243
 0.000020108009
 0.000027929425
 0.000022926909
 0.000010359960
 0.000005988034
 0.000003856532
 0.000009130758
 0.000008265597
 0.000008070672
 0.000005835757
 0.000021750822
 0.000014481247
 0.000015518848
 0.000007117492
 0.000024667926
 0.000017276754
 0.000027825400
 0.000017270841
 0.000005697832
 0.000011645186
 0.000012288639
 0.000029185449
 0.000015014842
 0.000030192380
 0.000018721229
 0.000009670252
 0.000016530487
 0.000007627387
 0.000033180728
 0.000016730364
 0.000031202010
 0.000036145675
 0.000014433034
 0.000019093198
 0.000040083432
 0.000007226659
 0.000013128124
 0.000024022351
 0.000012203682
 0.000028767139
 0.000011713199
 0.000005679383
 0.000011665335
 0.000008682296
 0.000016271845
 0.000013953392
 0.000010334389
 0.000009651531
 0.000017825851
 0.000015664972
 0.000003971135
 0.000005897571
 0.000019041646
 0.000027860536
 0.000010082289
 0.000008670975
 0.000017932390
 0.000016361250
 0.000012697537
 0.000006826743
 0.000006215570
 0.000014043373
 0.000003655948
 0.000005456578
 0.000003017233
 0.000007371746
 0.000006001191
 0.000017046429
 0.000005946963
 0.000006642413
 0.000008980488
 0.000005137793
 0.000009891181
 0.000004069072
 0.000019861899
 0.000010149169
 0.000006700403
 0.000012348415
 0.000010669845
 0.000006879911
 0.000022708713
 0.000010352764
 0.000005860689
 0.000012699129
 0.000010806554
 0.000005675855
 0.000002756357
 0.000014011052
 0.000012807371
 0.000008525262
 0.000019059004
 0.000022427133
 0.000017085945
 0.000015593877
 0.000010117895
 0.000008070050
 0.000008040336
 0.000018700197
 0.000009135851
 0.000020847311
 0.000008103481
 0.000030968820
 0.000014200807
 0.000007870216
 0.000012170426
 0.000016146899
 0.000010833481
 0.000028305653
 0.000018627833
 0.000041540281
 0.000037781084
 0.000020638675
 0.000069106796
 0.000039269485
 0.000018332884
 0.000012210894
 0.000018805254
 0.000032617409
 0.000048154241
 0.000036435947
 0.000200983518
 0.000013410331
 0.000028722616
 0.000015136676
 0.000026620897
 0.000023281936
 0.000006180677
 0.000015284217
 0.000005021813
 0.000006080103
 0.000005928707
 0.000009669906
 0.000005576867
 0.000006625091
 0.000012666564
 0.000012972626
 0.000032417482
 0.000004383650
 0.000017526996
 0.000012137274
 0.000009292971
 0.000020937978
 0.000011389760
 0.000004624763
 0.000004638320
 0.000010739401
 0.000013282566
 0.000012020544
 0.000030885880
 0.000009352128
 0.000025243111
 0.000014147887
 0.000043182211
 0.000006594977
 0.000014805873
 0.000015062047
 0.000015200949
 0.000018300963
 0.000006863526
 0.000012977751
 0.000006090798
 0.000003777600
 0.000006100569
 0.000004411953
 0.000005157999
 0.000007790099
 0.000012985332
 0.000013130121
 0.000003134231
 0.000007139132
 0.000004364632
 0.000009430662
 0.000022159919
 0.000013398018
 0.000031237063
 0.000002967362
 0.000024242046
 0.000016687973
 0.000004700329
 0.000004033678
 0.000024459084
 0.000011898757
 0.000007453368
 0.000003786758
 0.000014321055
 0.000016029973
 0.000025635151
 0.000013407609
 0.000009204775
 0.000011230183
 0.000011899076
 0.000030988940
 0.000010249256
 0.000046998181
 0.000014488559
 0.000012202702
 0.000008485923
 0.000026630608
 0.000008438171
 0.000005242912
 0.000025375206
 0.000009522725
 0.000032369304
 0.000019346503
 0.000010688631
 0.000010767647
 0.000017400738
 0.000008492574
 0.000006596033
 0.000014933454
 0.000008804534
 0.000017212626
 0.000006309942
 0.000019781649
 0.000015272946
 0.000017347836
 0.000022786843
 0.000021661661
 0.000028650245
 0.000009532271
 0.000026720373
 0.000008952489
 0.000025191931
 0.000016687951
 0.000018216560
 0.000028733130
 0.000018040497
 0.000014453391
 0.000023571504
 0.000032775458
 0.000016578186
 0.000034714531
 0.000027486561
 0.000020833145
 0.000031208631
 0.000025849180
 0.000029714606
 0.000008727191
 0.000013400574
 0.000046987609
 0.000024680241
 0.000011794426
 0.000005095637
 0.000018752064
 0.000036438453
 0.000018067546
 0.000009450235
 0.000012335128
 0.000012411741
 0.000013751984
 0.000018577503
 0.000004981529
 0.000015069292
 0.000012043464
 0.000025029425
 0.000014487502
 0.000027859193
 0.000048982833
 0.000013754908
 0.000012990189
 0.000009609153
 0.000010235881
 0.000017979235
 0.000006720566
 0.000021448887
 0.000012045765
 0.000009521487
 0.000005908528
 0.000010182440
 0.000014419328
 0.000008667460
 0.000009253875
 0.000008838406
 0.000013163848
 0.000018885826
 0.000008387198
 0.000010597670
 0.000012145531
 0.000027711502
 0.000011170358
 0.000020644888
 0.000019251221
 0.000032161988
 0.000009559098
 0.000012535959
 0.000007096049
 0.000009698654
 0.000012133429
 0.000028065931
 0.000026085883
 0.000007677972
 0.000013028005
 0.000014201894
 0.000007241102
 0.000033538039
 0.000015733185
 0.000008412144
 0.000009889337
 0.000006183235
 0.000028928267
 0.000006521079
 0.000012384605
 0.000006135615
 0.000010790496
 0.000006111838
 0.000002954064
 0.000002996516
 0.000003108203
 0.000001901333
 0.000009260366
 0.000008945815
 0.000009311193
 0.000011221818
 0.000006729460
 0.000012198653
 0.000004630750
 0.000004400259
 0.000026305723
 0.000037544755
 0.000016711875
 0.000019694315
 0.000020615352
 0.000010879119
 0.000013755840
 0.000027263061
 0.000032677870
 0.000024274453
 0.000004658186
 0.000021457904
 0.000006557968
 0.000025968690
 0.000017225589
 0.000029749829
 0.000026740070
 0.000020508734
 0.000012180701
 0.000009526552
 0.000011143080
 0.000032915698
 0.000013631516
 0.000011766795
 0.000030641536
 0.000010304946
 0.000038552230
 0.000013543261
 0.000030810857
 0.000032171494
 0.000027565126
 0.000019240472
 0.000021796015
 0.000014431690
 0.000047252447
 0.000018414329
 0.000027165504
 0.000026615667
 0.000024961955
 0.000038190108
 0.000046334213
 0.000030269794
 0.000030716817
 0.000013184697
 0.000026655051
 0.000035948963
 0.000014795902
 0.000029224528
 0.000030599192
 0.000020776078
 0.000044562475
 0.000115497120
 0.000050798864
 0.000024654142
 0.000017484662
 0.000033991949
 0.000029074111
 0.000230575322
 0.000043915957
 0.000053359103
 0.000029005909
 0.000039172813
 0.000033342834
 0.000019006283
 0.000034096153
 0.000019785001
 0.000034745429
 0.000044814834
 0.000039661486
 0.000015236890
 0.000038280962
 0.000088341850
 0.000020770364
 0.000012480978
 0.000044302365
 0.000029156026
 0.000066025263
 0.000042389931
 0.000070738460
 0.000075553288
 0.000051129427
 0.000063625805
 0.000033186633
 0.000079708816
 0.000038333286
 0.000040648144
 0.000022474280
 0.000055221146
 0.000031294662
 0.000031923292
 0.000029006468
 0.000011529772
 0.000019723918
 0.000038199518
 0.000013226209
 0.000015447248
 0.000011736160
 0.000010382473
 0.000008162991
 0.000010816804
 0.000020511655
 0.000015713539
 0.000017976620
 0.000016952184
 0.000023493582
 0.000013355018
 0.000014081031
 0.000037302303
 0.000008237945
 0.000033271962
 0.000017607168
 0.000034271624
 0.000001987205
 0.000022237938
 0.000119079446
 0.000073717553
 0.000044454246
 0.000081731221
 0.000041117401
 0.000041543455
 0.000083123869
 0.000024632273
 0.000019312362
 0.000016586162
 0.000021570042
 0.000060097650
 0.000035574786
 0.000040480434
 0.000027837030
 0.000010967264
 0.000013584100
 0.000007421670
 0.000023162224
 0.000030407734
 0.000039395290
 0.000020811090
 0.000022389876
 0.000008156897
 0.000051182147
 0.000008763882
 0.000014579240
 0.000008544293
 0.000026716914
 0.000042242905
 0.000035422027
 0.000048012734
 0.000073386663
 0.000027352785
 0.000030320808
 0.000015274765
 0.000084402924
 0.000058270184
 0.000035823422
 0.000017499763
 0.000030728666
 0.000040187735
 0.000031126706
 0.000020148588
 0.000015527266
 0.000018343079
 0.000021636626
 0.000014394153
 0.000015518902
 0.000011167932
 0.000012793859
 0.000022496013
 0.000014289850
 0.000004993009
 0.000016002341
 0.000005610534
 0.000010696945
 0.000020429752
 0.000013864023
 0.000004700628
 0.000063773715
 0.000006936582
 0.000005197547
 0.000011845706
 0.000026375960
 0.000013241010
 0.000003947139
 0.000025163441
 0.000018016990
 0.000025722564
 0.000008526501
 0.000011274851
 0.000004260025
 0.000003497869
 0.000006016753
 0.000008149255
 0.000008470231
 0.000003367785
 0.000011304778
 0.000001951592
 0.000007915934
 0.000003444598
 0.000008458996
 0.000005586280
 0.000004561132
 0.000009537658
 0.000003546084
 0.000012724762
 0.000003902213
 0.000003933213
 0.000002736663
 0.000010566296
 0.000002410650
 0.000002989535
 0.000003061697
 0.000001898291
 0.000003215807
 0.000001360506
 0.000009901707
 0.000003605810
 0.000012474182
 0.000004093434
 0.000007649208
 0.000003788537
 0.000004282793
 0.000004806067
 0.000008005742
 0.000007200202
 0.000001900102
 0.000003886962
 0.000002344456
 0.000002032214
 0.000002764245
 0.000009956110
 0.000016493413
 0.000004402857
 0.000005896144
 0.000010050106
 0.000001220089
 0.000002081170
 0.000003415058
 0.000006087848
 0.000004495890
 0.000003930158
 0.000002571281
 0.000001272139
 0.000003766505
 0.000001377014
 0.000001308963
 0.000002725811
 0.000001086370
 0.000002062435
 0.000002119472
 0.000002030017
 0.000001740214
 0.000001901024
 0.000010069054
 0.000004047278
 0.000003247682
 0.000002590055
 0.000003614905
 0.000003527467
 0.000002775642
 0.000005302677
 0.000006270306
 0.000001167243
 0.000002020093
 0.000002353388
 0.000004370613
 0.000010713470
 0.000005901776
 0.000003152807
 0.000003885451
 0.000002943566
 0.000002178222
 0.000001765864
 0.000002514146
 0.000003109304
 0.000002263437
 0.000006215681
 0.000001331050
 0.000003067414
 0.000001346377
 0.000003247402
 0.000001272409
 0.000001838686
 0.000001948257
 0.000003433517
 0.000002575608
 0.000004633437
 0.000007028442
 0.000008222538
 0.000001849644
 0.000001035943
 0.000002606255
 0.000001965835
 0.000002886484
 0.000000780783
 0.000001609813
 0.000002352537
 0.000000855569
 0.000002491708
 0.000002334945
 0.000000649049
 0.000005111889
 0.000002186693
 0.000001137771
 0.000007919851
 0.000001853979
 0.000003564451
 0.000003306497
 0.000002649022
 0.000004563514
 0.000006479593
 0.000003322712
 0.000007667690
 0.000002853536
 0.000003821435
 0.000002218948
 0.000002177563
 0.000003534234
 0.000003248184
 0.000001270382
 0.000002417972
 0.000002305825
 0.000004810500
 0.000003527045
 0.000004239481
 0.000002816071
 0.000004532055
 0.000006454509
 0.000007706319
 0.000003143813
 0.000002303040
 0.000006295843
 0.000002340106
 0.000001647195
 0.000003619234
 0.000006087595
 0.000004554773
 0.000003421973
 0.000006278123
 0.000001687424
 0.000003732012
 0.000003622663
 0.000005389514
 0.000003913317
 0.000004255527
 0.000002464213
 0.000004389079
 0.000002008929
 0.000001960929
 0.000005437942
 0.000002433275
 0.000011905473
 0.000005390823
 0.000001766187
 0.000002042764
 0.000002297626
 0.000002167234
 0.000005624813
 0.000002646231
 0.000005350287
 0.000006897525
 0.000003069456
 0.000002277695
 0.000002981262
 0.000001640760
 0.000005473349
 0.000008243029
 0.000003257960
 0.000009704696
 0.000007036070
 0.000003371767
 0.000009058341
 0.000003320658
 0.000004299685
 0.000003016611
 0.000002026418
 0.000006109602
 0.000002541926
 0.000001136269
 0.000002088266
 0.000002340627
 0.000004857399
 0.000004454775
 0.000002819968
 0.000002935967
 0.000003117316
 0.000001653256
 0.000001576793
 0.000004708338
 0.000002594895
 0.000002794321
 0.000003813183
 0.000003291900
 0.000002465724
 0.000005919028
 0.000002739165
 0.000004506639
 0.000008958657
 0.000004408205
 0.000005416859
 0.000001131889
 0.000003108472
 0.000002282255
 0.000003473840
 0.000002170155
 0.000002112719
 0.000001770856
 0.000003234310
 0.000003281222
 0.000003734211
 0.000005732587
 0.000006766155
 0.000004304520
 0.000002257903
 0.000005348995
 0.000002221213
 0.000001285043
 0.000002238133
 0.000002528947
 0.000004770756
 0.000006267854
 0.000002619432
 0.000003991668
 0.000007207427
 0.000007104327
 0.000001802340
 0.000001175703
 0.000000422443
 0.000000985589
 0.000003321885
 0.000002849390
 0.000001199402
 0.000008597329
 0.000008451232
 0.000013644632
 0.000002877322
 0.000001129135
 0.000001934606
 0.000004428345
 0.000002798165
 0.000004564531
 0.000002006700
 0.000005017987
 0.000003280111
 0.000001851965
 0.000001662256
 0.000010783072
 0.000009829587
 0.000003563204
 0.000005022589
 0.000004786944
 0.000010389532
 0.000005783953
 0.000004575516
 0.000022153022
 0.000009964533
 0.000003116869
 0.000004846320
 0.000006683654
 0.000007921396
 0.000003565352
 0.000002485610
 0.000001839324
 0.000008062707
 0.000006386317
 0.000009237506
 0.000003701794
 0.000002846105
 0.000002706534
 0.000016083968
 0.000008828981
 0.000003270384
 0.000010657296
 0.000005354865
 0.000002533915
 0.000004151298
 0.000001728408
 0.000004403208
 0.000008919778
 0.000002798719
 0.000003401301
 0.000006354305
 0.000003117497
 0.000006685897
 0.000006088862
 0.000003485269
 0.000008472561
 0.000004316280
 0.000006806297
 0.000002861704
 0.000007370687
 0.000003503263
 0.000010943896
 0.000012167496
 0.000006206834
 0.000003426634
 0.000003336581
 0.000015922071
 0.000003875247
 0.000011058321
 0.000023026283
 0.000008958874
 0.000001982135
 0.000010243274
 0.000006096120
 0.000007272033
 0.000005604992
 0.000003801315
 0.000010917151
 0.000010193798
 0.000006413593
 0.000004536658
 0.000014840161
 0.000009760136
 0.000004419211
 0.000006046855
 0.000005339336
 0.000008013764
 0.000022345540
 0.000006216733
 0.000005116502
 0.000008318704
 0.000007918607
 0.000002351992
 0.000009166010
 0.000022083949
 0.000004468827
 0.000009151999
 0.000009978568
 0.000007755845
 0.000007063457
 0.000004272127
 0.000004998499
 0.000004636979
 0.000002113484
 0.000006408138
 0.000005388476
 0.000004171938
 0.000004438689
 0.000004502642
 0.000001866137
 0.000002314012
 0.000015902833
 0.000003719980
 0.000005636881
 0.000006616768
 0.000007854334
 0.000007372199
 0.000008044261
 0.000004918601
 0.000011364717
 0.000008503429
 0.000003792620
 0.000003855713
 0.000001889500
 0.000002311581
 0.000001761813
 0.000001454360
 0.000002056160
 0.000002747811
 0.000002906041
 0.000001615692
 0.000003380763
 0.000001713117
 0.000008813650
 0.000038117429
 0.000009320366
 0.000004759774
 0.000016355111
 0.000005008712
 0.000005402003
 0.000001715056
 0.000004602309
 0.000008033297
 0.000005392977
 0.000003951545
 0.000002461363
 0.000002359122
 0.000002392660
 0.000004345179
 0.000001733146
 0.000004508335
 0.000001559106
 0.000002076808
 0.000001778049
 0.000007665364
 0.000003453354
 0.000004218482
 0.000012176839
 0.000007366790
 0.000002011441
 0.000006846788
 0.000004204949
 0.000006000056
 0.000004504929
 0.000005238515
 0.000002005600
 0.000002340497
 0.000003013878
 0.000004624420
 0.000004891555
 0.000002507917
 0.000001188121
 0.000009659123
 0.000006036584
 0.000006366047
 0.000004465395
 0.000012244253
 0.000003737693
 0.000003109252
 0.000003655735
 0.000005009160
 0.000003219023
 0.000005161048
 0.000002461738
 0.000001792884
 0.000001788532
 0.000001253303
 0.000007794769
 0.000001477162
 0.000003255840
 0.000024173426
 0.000012928615
 0.000018731466
 0.000009517181
 0.000007388614
 0.000007675081
 0.000008370518
 0.000017170500
 0.000005275489
 0.000008547523
 0.000006220668
 0.000008103272
 0.000011427109
 0.000008792927
 0.000002648059
 0.000006971885
 0.000008422240
 0.000007178556
 0.000013506418
 0.000006987488
 0.000010843922
 0.000012553807
 0.000008890872
 0.000005529778
 0.000004519973
 0.000010895642
 0.000002305248
 0.000002918930
 0.000008227510
 0.000004276022
 0.000003772245
 0.000001984423
 0.000003798015
 0.000006486902
 0.000003749805
 0.000003635730
 0.000002743980
 0.000004723038
 0.000003306624
 0.000005407873
 0.000010453276
 0.000004458974
 0.000001177278
 0.000001402139
 0.000007019878
 0.000006872078
 0.000005610207
 0.000005349758
 0.000006955268
 0.000013583498
 0.000005895390
 0.000002589210
 0.000003534502
 0.000005039179
 0.000004170153
 0.000008408773
 0.000006014811
 0.000004417856
 0.000001389591
 0.000002512992
 0.000008415714
 0.000001331906
 0.000002321168
 0.000002001918
 0.000005062166
 0.000003288982
 0.000009724890
 0.000006063224
 0.000007698685
 0.000004335213
 0.000004715036
 0.000002360717
 0.000004601612
 0.000003805858
 0.000002949549
 0.000006356690
 0.000004313500
 0.000004608653
 0.000015821953
 0.000007404753
 0.000012645023
 0.000010781162
 0.000005123934
 0.000004673681
 0.000006933546
 0.000005860200
 0.000002761447
 0.000005483292
 0.000006738830
 0.000003854438
 0.000011526034
 0.000007194158
 0.000005449895
 0.000011768940
 0.000010498548
 0.000003875365
 0.000002399639
 0.000009381231
 0.000005743181
 0.000004545081
 0.000003373526
 0.000002672730
 0.000003626778
 0.000003632409
 0.000008150984
 0.000003543708
 0.000005521018
 0.000005880307
 0.000003109192
 0.000002926329
 0.000001702020
 0.000007392645
 0.000003247291
 0.000004671015
 0.000006979265
 0.000005532599
 0.000002066966
 0.000008961239
 0.000013191190
 0.000004207636
 0.000005744102
 0.000001280478
 0.000001350863
 0.000003219685
 0.000002291505
 0.000002856605
 0.000003079667
 0.000002920258
 0.000002471389
 0.000002042693
 0.000002563285
 0.000000895643
 0.000001424135
 0.000002648480
 0.000001920258
 0.000003046065
 0.000004383005
 0.000003677168
 0.000003309590
 0.000009406663
 0.000005231247
 0.000004852213
 0.000012944471
 0.000004116271
 0.000003775559
 0.000007985721
 0.000005576958
 0.000008325354
 0.000001366330
 0.000005180250
 0.000014228549
 0.000007365652
 0.000006571340
 0.000004572554
 0.000004939499
 0.000048919890
 0.000005276146
 0.000007416274
 0.000005891369
 0.000003525846
 0.000043742106
 0.000014480669
 0.000006987122
 0.000004233691
 0.000005929533
 0.000011331989
 0.000004658957
 0.000004443830
 0.000003028421
 0.000006246197
 0.000012563712
 0.000007400834
 0.000004508960
 0.000004610147
 0.000007633660
 0.000001376324
 0.000002771682
 0.000002864135
 0.000008736546
 0.000003206785
 0.000005620212
 0.000007880217
 0.000003198761
 0.000014936563
 0.000018731133
 0.000017324975
 0.000004902884
 0.000001799221
 0.000011680855
 0.000001853399
 0.000006396502
 0.000011042356
 0.000001902027
 0.000005986385
 0.000003524552
 0.000004090637
 0.000003417470
 0.000003774303
 0.000002163562
 0.000003471342
 0.000002317466
 0.000000839000
 0.000001125254
 0.000002314376
 0.000000798812
 0.000001094020
 0.000002092156
 0.000001222328
 0.000003888099
 0.000004982993
 0.000001735849
 0.000004399239
 0.000001793608
 0.000005606082
 0.000001559959
 0.000002346046
 0.000003405219
 0.000003296712
 0.000005591069
 0.000003557598
 0.000001203019
 0.000002717589
 0.000001895786
 0.000008041601
 0.000007650361
 0.000002674850
 0.000002899287
 0.000006292763
 0.000003348668
 0.000004585020
 0.000009441979
 0.000006575630
 0.000006345402
 0.000006400455
 0.000004358293
 0.000002972639
 0.000009485347
 0.000004758607
 0.000004739685
 0.000003250961
 0.000005632575
 0.000010962542
 0.000002878869
 0.000007919886
 0.000003213184
 0.000010118019
 0.000006322871
 0.000010102428
 0.000019587709
 0.000013371820
 0.000006692947
 0.000004377436
 0.000003126114
 0.000008178859
 0.000010131551
 0.000004786713
 0.000008557381
 0.000002321769
 0.000004333352
 0.000003205535
 0.000001251759
 0.000001968728
 0.000048079533
 0.000003667426
 0.000003969789
 0.000010498871
 0.000005681226
 0.000006710559
 0.000005573252
 0.000008065877
 0.000011401491
 0.000004595714
 0.000004691633
 0.000007683251
 0.000008489361
 0.000007978377
 0.000007775074
 0.000004093210
 0.000004172712
 0.000001732209
 0.000004015226
 0.000003222319
 0.000005396655
 0.000002084868
 0.000003324260
 0.000008587509
 0.000006333542
 0.000002370762
 0.000006235097
 0.000003549904
 0.000005969870
 0.000009610938
 0.000008602286
 0.000009341993
 0.000005185755
 0.000009929184
 0.000004753712
 0.000006769620
 0.000004345886
 0.000006009640
 0.000003732217
 0.000001620250
 0.000005350689
 0.000005582609
 0.000005298448
 0.000000876491
 0.000001414523
 0.000004350613
 0.000004306557
 0.000003348810
 0.000001683032
 0.000002535909
 0.000003627254
 0.000004013921
 0.000003459220
 0.000002775189
 0.000005538688
 0.000013628971
 0.000006843135
 0.000012238144
 0.000008109260
 0.000005770557
 0.000006660601
 0.000014463587
 0.000009439335
 0.000009764415
 0.000032196048
 0.000028132563
 0.000013671270
 0.000018222445
 0.000005426186
 0.000007000453
 0.000004869611
 0.000033766531
 0.000010906184
 0.000007887001
 0.000004229278
 0.000004104117
 0.000008551292
 0.000008070898
 0.000009910023
 0.000002779005
 0.000003998044
 0.000009746469
 0.000005029256
 0.000006251790
 0.000004685979
 0.000026242123
 0.000020083092
 0.000015448742
 0.000006072581
 0.000028790717
 0.000035024839
 0.000020057293
 0.000008272517
 0.000014685246
 0.000012374305
 0.000024138902
 0.000012918427
 0.000017605395
 0.000026562085
 0.000010702525
 0.000048698043
 0.000029332031
 0.000017834794
 0.000031158345
 0.000033745603
 0.000028609709
 0.000006115331
 0.000010427596
 0.000012069778
 0.000017681839
 0.000008143500
 0.000011881380
 0.000017509738
 0.000038726963
 0.000011642318
 0.000021015221
 0.000021530223
 0.000076327001
 0.000011760659
 0.000054336121
 0.000031232314
 0.000019690983
 0.000012826797
 0.000024065272
 0.000041049549
 0.000067614997
 0.000006165247
 0.000014321565
 0.000025893420
 0.000017977564
 0.000025208384
 0.000002688517
 0.000027978860
 0.000006893178
 0.000005408721
 0.000014919887
 0.000008697652
 0.000007739343
 0.000009409293
 0.000024771277
 0.000027903212
 0.000015321997
 0.000010550666
 0.000004780738
 0.000031271344
 0.000006481993
 0.000010459781
 0.000013272554
 0.000016758159
 0.000038840605
 0.000006104724
 0.000004711806
 0.000009800792
 0.000021829418
 0.000005540982
 0.000013965045
 0.000042292273
 0.000009258895
 0.000004685711
 0.000006879288
 0.000006208465
 0.000006788172
 0.000009312004
 0.000018062443
 0.000025967045
 0.000018306223
 0.000025267793
 0.000016560810
 0.000007062279
 0.000002825319
 0.000004084779
 0.000009327600
 0.000021453205
 0.000008961294
 0.000018469999
 0.000026145661
 0.000003881941
 0.000004003641
 0.000020421290
 0.000007339241
 0.000006854371
 0.000004250686
 0.000003655919
 0.000000468220
 0.000003841009
 0.000003299969
 0.000010359275
 0.000005867826
 0.000006652667
 0.000026476457
 0.000011065632
 0.000020427890
 0.000010468757
 0.000012575238
 0.000018216287
 0.000009596673
 0.000010209681
 0.000019548979
 0.000005396433
 0.000007171641
 0.000003931056
 0.000015695144
 0.000018820613
 0.000011002696
 0.000008294534
 0.000005162366
 0.000006215148
 0.000005737010
 0.000004810996
 0.000002774561
 0.000006081555
 0.000008236765
 0.000003591803
 0.000003127341
 0.000003601154
 0.000011957453
 0.000010404589
 0.000010698685
 0.000019412101
 0.000022554368
 0.000028998407
 0.000020017595
 0.000021739388
 0.000007160337
 0.000013335033
 0.000062471710
 0.000027717142
 0.000067664198
 0.000046704818
 0.000023689755
 0.000027730934
 0.000076170394
 0.000066932645
 0.000055430050
 0.000031740799
 0.000030336094
 0.000021494728
 0.000022413162
 0.000027570119
 0.000011180306
 0.000019142018
 0.000034048241
 0.000013803001
 0.000012935857
 0.000019778685
 0.000039913125
 0.000022350294
 0.000012213688
 0.000025425894
 0.000030175332
 0.000035954045
 0.000015724531
 0.000022068494
 0.000021822340
 0.000008294953
 0.000009114205
 0.000017002786
 0.000016118935
 0.000011028430
 0.000015013952
 0.000018320812
 0.000005337920
 0.000004994072
 0.000013741946
 0.000007627176
 0.000010563775
 0.000014002380
 0.000035977795
 0.000011167673
 0.000014507072
 0.000016844446
 0.000011435036
 0.000008799233
 0.000018549893
 0.000011027987
 0.000010565832
 0.000005928050
 0.000007789662
 0.000011270530
 0.000010138924
 0.000013834376
 0.000006928716
 0.000010994407
 0.000005602956
 0.000006435757
 0.000006617485
 0.000007198050
 0.000008238796
 0.000011369080
 0.000015636952
 0.000007100815
 0.000022303790
 0.000018386883
 0.000012164721
 0.000015416572
 0.000011515864
 0.000009188064
 0.000011480801
 0.000004404551
 0.000028807440
 0.000019405825
 0.000008653666
 0.000024273154
 0.000007024565
 0.000014500086
 0.000012068223
 0.000008574370
 0.000013139941
 0.000007894278
 0.000018082219
 0.000009276646
 0.000004653853
 0.000007202856
 0.000012003581
 0.000013423671
 0.000018810789
 0.000009313197
 0.000020774833
 0.000008946626
 0.000025511665
 0.000015454370
 0.000054956865
 0.000019956968
 0.000009521954
 0.000004773510
 0.000010938880
 0.000008688512
 0.000006436178
 0.000011155718
 0.000007619558
 0.000007197806
 0.000005053992
 0.000011941404
 0.000024022242
 0.000010274019
 0.000010035716
 0.000016561635
 0.000007679005
 0.000011537298
 0.000022262270
 0.000022719200
 0.000005468847
 0.000003536300
 0.000016946313
 0.000010374508
 0.000007686484
 0.000011141476
 0.000012238004
 0.000014926816
 0.000009586419
 0.000018414204
 0.000016131840
 0.000013717893
 0.000029698996
 0.000017192778
 0.000008891701
 0.000012107220
 0.000003591979
 0.000009253795
 0.000014349272
 0.000008027168
 0.000007489279
 0.000006488802
 0.000012334443
 0.000006195844
 0.000008711277
 0.000011394956
 0.000015199431
 0.000008209572
 0.000006153031
 0.000013810200
 0.000019756774
 0.000020561084
 0.000025119992
 0.000016716955
 0.000017344249
 0.000016160278
 0.000025879797
 0.000021760639
 0.000015337482
 0.000016824327
 0.000033028402
 0.000015000016
 0.000027465952
 0.000012945038
 0.000007630876
 0.000016931214
 0.000007713150
 0.000018265272
 0.000009124037
 0.000011750618
 0.000027422456
 0.000010327311
 0.000008579469
 0.000011632810
 0.000011073023
 0.000009006481
 0.000037539156
 0.000018833807
 0.000009218248
 0.000015669391
 0.000014380908
 0.000004220575
 0.000009329022
 0.000005048108
 0.000022759000
 0.000015613370
 0.000007837133
 0.000022977455
 0.000013708274
 0.000005807932
 0.000013869517
 0.000010924710
 0.000039126578
 0.000005080615
 0.000010538249
 0.000005680019
 0.000007371144
 0.000016104965
 0.000023754526
 0.000025237751
 0.000013501217
 0.000015567751
 0.000006308659
 0.000013583036
 0.000008415947
 0.000011867929
 0.000019377017
 0.000006592859
 0.000005273551
 0.000005914295
 0.000005754573
 0.000004112016
 0.000009214497
 0.000012795489
 0.000009168019
 0.000009106757
 0.000007487033
 0.000008120499
 0.000005003251
 0.000015472845
 0.000013789762
 0.000003863462
 0.000006684851
 0.000018700044
 0.000010589400
 0.000004879520
 0.000008623936
 0.000015279480
 0.000035164072
 0.000005834041
 0.000020342061
 0.000010897398
 0.000020971569
 0.000042487813
 0.000015356249
 0.000014358233
 0.000016953926
 0.000028946479
 0.000017832595
 0.000007265502
 0.000016014910
 0.000028611351
 0.000023124793
 0.000017674141
 0.000013465468
 0.000007749306
 0.000005585751
 0.000004803557
 0.000020659854
 0.000008071061
 0.000007657417
 0.000013909509
 0.000005789406
 0.000005969307
 0.000015743394
 0.000010715493
 0.000009419161
 0.000008258523
 0.000019745588
 0.000006418775
 0.000007095433
 0.000004839280
 0.000020016140
 0.000015398334
 0.000009970670
 0.000014604299
 0.000055771293
 0.000009610040
 0.000023075546
 0.000007849792
 0.000011131887
 0.000007591995
 0.000012196994
 0.000007849537
 0.000009444394
 0.000005191094
 0.000010815040
 0.000020549426
 0.000005667358
 0.000019259081
 0.000010838689
 0.000006879295
 0.000008898584
 0.000006566743
 0.000010244810
 0.000022477083
 0.000007726673
 0.000009829096
 0.000006749374
 0.000010334032
 0.000010759565
 0.000036110096
 0.000013117848
 0.000012521441
 0.000009279156
 0.000004960257
 0.000005862327
 0.000014550989
 0.000008787518
 0.000021632739
 0.000023726827
 0.000012501699
 0.000016520552
 0.000011991082
 0.000010424176
 0.000034629258
 0.000007774461
 0.000014102413
 0.000007155818
 0.000010105326
 0.000012206150
 0.000019947491
 0.000007574227
 0.000006633126
 0.000010953719
 0.000011380716
 0.000011014344
 0.000029312940
 0.000023022293
 0.000008374215
 0.000010558075
 0.000013758614
 0.000006830227
 0.000072125733
 0.000038645414
 0.000009189600
 0.000014107659
 0.000007741806
 0.000009747800
 0.000008122962
 0.000014770635
 0.000032817480
 0.000008092745
 0.000020389862
 0.000009931086
 0.000032538916
 0.000006678443
 0.000005577218
 0.000010835809
 0.000011330230
 0.000014486747
 0.000004231025
 0.000007122318
 0.000004482972
 0.000006713581
 0.000004656966
 0.000019737265
 0.000007896006
 0.000002410522
 0.000037345776
 0.000012065245
 0.000006941964
 0.000005494142
 0.000006934310
 0.000007506390
 0.000006772090
 0.000022017553
 0.000008743977
 0.000006937100
 0.000038687633
 0.000010461795
 0.000008373319
 0.000006614139
 0.000003874897
 0.000009425281
 0.000018100400
 0.000009559175
 0.000007252021
 0.000005339313
 0.000010373221
 0.000024106999
 0.000017497986
 0.000010274406
 0.000020094831
 0.000010972148
 0.000013822493
 0.000007569927
 0.000041515323
 0.000017353464
 0.000004506918
 0.000017798999
 0.000006420889
 0.000035417513
 0.000018457114
 0.000008206240
 0.000005933273
 0.000009694506
 0.000007439585
 0.000009479321
 0.000007608571
 0.000004371294
 0.000007418800
 0.000005296187
 0.000006236814
 0.000007385360
 0.000019004357
 0.000014980895
 0.000022068328
 0.000029481356
 0.000015807503
 0.000007623447
 0.000008491656
 0.000007150407
 0.000004693032
 0.000017421154
 0.000007205154
 0.000007575842
 0.000009794921
 0.000016569953
 0.000002910025
 0.000013087245
 0.000007992073
 0.000008118126
 0.000006029650
 0.000007682441
 0.000011416215
 0.000004486862
 0.000015148024
 0.000016016748
 0.000004925674
 0.000006193524
 0.000004703101
 0.000006228930
 0.000017177564
 0.000007939012
 0.000003389380
 0.000006759277
 0.000016268177
 0.000008267589
 0.000004859797
 0.000015464439
 0.000004549234
 0.000006688886
 0.000007216868
 0.000007863583
 0.000005770135
 0.000011862711
 0.000010227439
 0.000019837489
 0.000024536791
 0.000026247901
 0.000006777442
 0.000017955898
 0.000031594893
 0.000006845241
 0.000021958350
 0.000015369230
 0.000005773445
 0.000078075519
 0.000024286480
 0.000025655258
 0.000082000659
 0.000045607642
 0.000015769804
 0.000037070705
 0.000032880931
 0.000009995829
 0.000011134362
 0.000008819601
 0.000007354301
 0.000010010215
 0.000014313255
 0.000039524941
 0.000047998277
 0.000141851237
 0.000031566982
 0.000020913125
 0.000022596613
 0.000011621747
 0.000018656100
 0.000025466696
 0.000020334812
 0.000023242727
 0.000012180556
 0.000049124007
 0.000006032235
 0.000007557561
 0.000009572085
 0.000014181050
 0.000007502219
 0.000010292401
 0.000004594290
 0.000006356140
 0.000012594791
 0.000013374826
 0.000022100336
 0.000013037602
 0.000009191701
 0.000015276739
 0.000018772912
 0.000017190328
 0.000013030471
 0.000019780079
 0.000022727782
 0.000015383211
 0.000019186654
 0.000012882764
 0.000011154264
 0.000019573199
 0.000015819601
 0.000013306560
 0.000006118598
 0.000013670038
 0.000010389736
 0.000017508880
 0.000027956966
 0.000006118288
 0.000018817057
 0.000016288854
 0.000015347590
 0.000013086311
 0.000022168143
 0.000039050987
 0.000006120189
 0.000021926182
 0.000016434961
 0.000011334422
 0.000007646155
 0.000031906656
 0.000012046746
 0.000019400773
 0.000033341293
 0.000034389450
 0.000028381931
 0.000017437207
 0.000022512620
 0.000013768250
 0.000017416887
 0.000008910963
 0.000008570406
 0.000008717100
 0.000004196571
 0.000005876596
 0.000011522819
 0.000007284701
 0.000010126884
 0.000015774688
 0.000048088750
 0.000043891668
 0.000018568809
 0.000038410855
 0.000021040098
 0.000062785220
 0.000050275153
 0.000018572428
 0.000016974050
 0.000012530877
 0.000031345951
 0.000014492215
 0.000026107133
 0.000027312259
 0.000018098859
 0.000008537742
 0.000023877461
 0.000017683660
 0.000015249834
 0.000012739036
 0.000034470669
 0.000018123846
 0.000023849611
 0.000007277663
 0.000007786425
 0.000031663419
 0.000010847072
 0.000021267108
 0.000041996625
 0.000016229308
 0.000032356081
 0.000007958411
 0.000009032135
 0.000014575733
 0.000009265462
 0.000007349505
 0.000021619596
 0.000015936206
 0.000012391425
 0.000039542229
 0.000017464086
 0.000036808340
 0.000005805081
 0.000005068761
 0.000014593426
 0.000005078268
 0.000010799947
 0.000010519934
 0.000013501021
 0.000006488935
 0.000027259691
 0.000005603620
 0.000002826546
 0.000013895175
 0.000005665527
 0.000006284362
 0.000045173351
 0.000033644207
 0.000014197695
 0.000025024207
 0.000007786008
 0.000006770410
 0.000015741213
 0.000010299786
 0.000023243630
 0.000018957928
 0.000030368060
 0.000025292098
 0.000018355626
 0.000009256580
 0.000011043951
 0.000021392096
 0.000014920776
 0.000019361561
 0.000014909801
 0.000008688739
 0.000006760535
 0.000016963272
 0.000015290842
 0.000019103691
 0.000038328367
 0.000017110014
 0.000019031189
 0.000015322469
 0.000007280060
 0.000006870578
 0.000009064831
 0.000008456902
 0.000011296302
 0.000008386679
 0.000007007725
 0.000002582702
 0.000004926797
 0.000007341039
 0.000005372795
 0.000006744600
 0.000006192254
 0.000008079973
 0.000006600106
 0.000009314495
 0.000011773671
 0.000011945346
 0.000015624408
 0.000009255496
 0.000013085454
 0.000007859672
 0.000017133097
 0.000011235714
 0.000041054057
 0.000014128208
 0.000018227174
 0.000008612413
 0.000015842981
 0.000012616945
 0.000015784526
 0.000029089846
 0.000014529792
 0.000018806376
 0.000015686414
 0.000009177392
 0.000013331527
 0.000012417102
 0.000027236484
 0.000016386784
 0.000011953698
 0.000004014627
 0.000009865816
 0.000005770977
 0.000017341687
 0.000026102503
 0.000029455740
 0.000012449214
 0.000011476653
 0.000027847113
 0.000016136231
 0.000016616698
 0.000018567976
 0.000016929293
 0.000018081040
 0.000017793647
 0.000019768901
 0.000023584713
 0.000008726881
 0.000011386357
 0.000011559370
 0.000011653554
 0.000018823689
 0.000013124228
 0.000011525026
 0.000011941153
 0.000003610749
 0.000015171042
 0.000017941102
 0.000005989401
 0.000015994645
 0.000035782365
 0.000008716893
 0.000016491467
 0.000007753735
 0.000026422675
 0.000029532696
 0.000021614324
 0.000004164482
 0.000017051940
 0.000005067650
 0.000019476276
 0.000014530326
 0.000041606296
 0.000014052843
 0.000009610509
 0.000023203398
 0.000014587312
 0.000026679086
 0.000026745422
 0.000016887288
 0.000020483972
 0.000020047453
 0.000029225777
 0.000012640252
 0.000022577348
 0.000021177994
 0.000065321094
 0.000016901176
 0.000048624062
 0.000008473758
 0.000042224763
 0.000020296068
 0.000021743588
 0.000088960142
 0.000026224464
 0.000026104100
 0.000021591999
 0.000011182022
 0.000032850303
 0.000031296448
 0.000014620491
 0.000014289293
 0.000010692019
 0.000088939417
 0.000011409995
 0.000027713981
 0.000020432767
 0.000006930005
 0.000011119802
 0.000020060136
 0.000011062383
 0.000020044168
 0.000011348565
 0.000032601242
 0.000020245169
 0.000014028831
 0.000013485545
 0.000011283956
 0.000013833479
 0.000017267512
 0.000045949327
 0.000030834332
 0.000060910584
 0.000009136245
 0.000006610405
 0.000009899734
 0.000008947100
 0.000014254996
 0.000009193567
 0.000025958281
 0.000064341639
 0.000028943695
 0.000035370217
 0.000037401986
 0.000060720068
 0.000121874848
 0.000017560026
 0.000022882053
 0.000026200017
 0.000016367757
 0.000009656048
 0.000007491142
 0.000023987760
 0.000043579630
 0.000016576966
 0.000014802901
 0.000077440748
 0.000024757655
 0.000012870117
 0.000018512622
 0.000004765019
 0.000026308230
 0.000017258378
 0.000018387647
 0.000018286802
 0.000011012809
 0.000011180601
 0.000022123188
 0.000004707862
 0.000010968316
 0.000006736952
 0.000005569121
 0.000005686348
 0.000016192210
 0.000036646048
 0.000011490019
 0.000012352502
 0.000021529415
 0.000034158892
 0.000007595603
 0.000026240996
 0.000005336871
 0.000024063733
 0.000071904789
 0.000006217529
 0.000008919630
 0.000010122848
 0.000086816160
 0.000012474072
 0.000007326785
 0.000015914421
 0.000012465824
 0.000021879511
 0.000047640280
 0.000021699922
 0.000010760139
 0.000016875568
 0.000006560772
 0.000026301221
 0.000016588914
 0.000051284032
 0.000015103158
 0.000021832188
 0.000011693634
 0.000013457072
 0.000020575125
 0.000035471298
 0.000019659759
 0.000037726023
 0.000009183296
 0.000064280450
 0.000019048716
 0.000054067814
 0.000011454526
 0.000010079547
 0.000016778469
 0.000026924927
 0.000020765139
 0.000020399465
 0.000014871315
 0.000017726615
 0.000006648137
 0.000016633083
 0.000034001749
 0.000011114360
 0.000016074363
 0.000026389439
 0.000019229947
 0.000036701586
 0.000041137065
 0.000033251176
 0.000016970467
 0.000048227586
 0.000023001183
 0.000032877884
 0.000009802158
 0.000011487194
 0.000011551433
 0.000031244541
 0.000073390879
 0.000059618322
 0.000028477954
 0.000018615433
 0.000011755840
 0.000017203258
 0.000012722468
 0.000032419978
 0.000004594862
 0.000015079052
 0.000081490449
 0.000036087772
 0.000058389861
 0.000032561020
 0.000016924473
 0.000019299127
 0.000048809765
 0.000019279560
 0.000033181999
 0.000027433423
 0.000059671901
 0.000027233958
 0.000006290318
 0.000035923754
 0.000071904437
 0.000077927812
 0.000043498517
 0.000027482748
 0.000043314711
 0.000015623759
 0.000057902869
 0.000033075291
 0.000039190006
 0.000041025192
 0.000039965811
 0.000032242549
 0.000096575084
 0.000014181415
 0.000040150724
 0.000054997884
 0.000062146558
 0.000059594209
 0.000017118515
 0.000069390556
 0.000027120498
 0.000187076905
 0.000034733020
 0.000050525205
 0.000027068849
 0.000050525336
 0.000040355051
 0.000017871853
 0.000018038524
 0.000013470908
 0.000039009904
 0.000018776243
 0.000017666404
 0.000044015634
 0.000042911647
 0.000040632663
 0.000036067048
 0.000024962108
 0.000056638022
 0.000021445007
 0.000015429884
 0.000029837826
 0.000024326028
 0.000039835742
 0.000055214819
 0.000020603247
 0.000067020525
 0.000033541351
 0.000076299572
 0.000029677042
 0.000023077424
 0.000071851323
 0.000059926296
 0.000021106850
 0.000019016842
 0.000033414381
 0.000031539582
 0.000099114837
 0.000108520778
 0.000033499511
 0.000042529414
 0.000047697783
 0.000029520680
 0.000031624591
 0.000081645158
 0.000011942189
 0.000035473614
 0.000097749132
 0.000037863642
 0.000032870299
 0.000018930839
 0.000010843774
 0.000024859431
 0.000022285972
 0.000017172103
 0.000014691679
 0.000008869924
 0.000022172504
 0.000014761283
 0.000013919938
 0.000007587849
 0.000012498570
 0.000015776146
 0.000032649601
 0.000006385051
 0.000016658644
 0.000034086676
 0.000023926463
 0.000044691698
 0.000031413994
 0.000030008910
 0.000043426474
 0.000038147860
 0.000033656665
 0.000038026673
 0.000034548707
 0.000021468742
 0.000073909140
 0.000043419192
 0.000011217408
 0.000021776724
 0.000006588978
 0.000025137908
 0.000008533691
 0.000026977891
 0.000018433032
 0.000029563864
 0.000022878528
 0.000022432994
 0.000034664312
 0.000011876891
 0.000010094769
 0.000009983390
 0.000008120269
 0.000020364065
 0.000005506767
 0.000020229604
 0.000012653347
 0.000005820009
 0.000018405413
 0.000008551062
 0.000014726319
 0.000007783334
 0.000014881005
 0.000008251906
 0.000014046665
 0.000022991531
 0.000008875276
 0.000009969239
 0.000007861014
 0.000028688037
 0.000025270073
 0.000045576308
 0.000020451290
 0.000022168562
 0.000007676913
 0.000021870699
 0.000032855750
 0.000025584936
 0.000032537084
 0.000018488179
 0.000036785569
 0.000026184582
 0.000038679510
 0.000076272202
 0.000029580041
 0.000014889423
 0.000040148746
 0.000029340897
 0.000048386118
 0.000031627602
 0.000011213215
 0.000019880649
 0.000022648374
 0.000076342038
 0.000033510310
 0.000018763282
 0.000016532287
 0.000043158642
 0.000078242681
 0.000043681718
 0.000019949432
 0.000034226137
 0.000096612255
 0.000070275421
 0.000055977110
 0.000064944263
 0.000037693932
 0.000044227276
 0.000046701760
 0.000029313103
 0.000049338897
 0.000074899057
 0.000012940881
 0.000038601355
 0.000049707090
 0.000036164138
 0.000067134745
 0.000061833802
 0.000063666504
 0.000040484461
 0.000053772762
 0.000047726857
 0.000126884829
 0.000135673724
 0.000028034153
 0.000048658108
 0.000028130546
 0.000091551945
 0.000013873673
 0.000031784529
 0.000029648776
 0.000074699962
 0.000008925428
 0.000013277861
 0.000022231960
 0.000013761484
 0.000022552194
 0.000033792443
 0.000013677886
 0.000031377225
 0.000061596880
 0.000037787116
 0.000051080800
 0.000013475812
 0.000038581778
 0.000060398564
 0.000028746774
 0.000024484703
 0.000014001932
 0.000025291700
 0.000036881464
 0.000039515009
 0.000041008466
 0.000015381194
 0.000015517680
 0.000036935398
 0.000015516246
 0.000014162208
 0.000020055697
 0.000011647684
 0.000025562974
 0.000026153676
 0.000031098829
 0.000029403466
 0.000026751408
 0.000027073792
 0.000035386520
 0.000028469737
 0.000020827804
 0.000035173140
 0.000022298242
 0.000024704037
 0.000027064673
 0.000039968961
 0.000009127664
 0.000044920185
 0.000063843985
 0.000047607590
 0.000028947145
 0.000110208475
 0.000021270329
 0.000022783644
 0.000011958946
 0.000038139003
 0.000059536190
 0.000041858287
 0.000021584123
 0.000036359738
 0.000033289511
 0.000084239150
 0.000110203372
 0.000013695760
 0.000023205803
 0.000020893309
 0.000018228685
 0.000021698424
 0.000033812227
 0.000015466487
 0.000023231466
 0.000047068639
 0.000026966447
 0.000023112414
 0.000055404118
 0.000056697093
 0.000021665918
 0.000051244646
 0.000046034105
 0.000029154004
 0.000026755492
 0.000017266220
 0.000033762690
 0.000047468367
 0.000030246748
 0.000051354799
 0.000017304333
 0.000030274781
 0.000024765217
 0.000060574626
 0.000022594726
 0.000029744258
 0.000043111654
 0.000022134957
 0.000008215858
 0.000019547933
 0.000023302189
 0.000012019294
 0.000020143477
 0.000039842665
 0.000023581161
 0.000024059461
 0.000048714263
 0.000023223363
 0.000025240267
 0.000054333288
 0.000041900983
 0.000046777622
 0.000031275330
 0.000063912955
 0.000069540093
 0.000033215921
 0.000024421262
 0.000022333934
 0.000029411083
 0.000027830882
 0.000031125102
 0.000030153520
 0.000026072850
 0.000010556040
 0.000016043154
 0.000044312210
 0.000038493016
 0.000039494316
 0.000047829472
 0.000022398027
 0.000013549598
 0.000085108604
 0.000116452385
 0.000032415187
 0.000065076372
 0.000018531037
 0.000047872156
 0.000063893956
 0.000033344076
 0.000021100595
 0.000066632005
 0.000052039741
 0.000029795296
 0.000024303350
 0.000068840668
 0.000029384205
 0.000072986688
 0.000054006018
 0.000012164829
 0.000027268749
 0.000018206954
 0.000033437701
 0.000034940918
 0.000041672286
 0.000025887379
 0.000077554131
 0.000059163552
 0.000050637311
 0.000040848220
 0.000032485636
 0.000010836919
 0.000014871533
 0.000026781651
 0.000063361632
 0.000028223940
 0.000046006978
 0.000051780497
 0.000064462167
 0.000037380499
 0.000031111471
 0.000012324282
 0.000026404552
 0.000054914778
 0.000048796398
 0.000033360704
 0.000037872255
 0.000064770040
 0.000067745299
 0.000063783260
 0.000061143247
 0.000042654301
 0.000037027874
 0.000044258766
 0.000027394249
 0.000035333870
 0.000022143204
 0.000060522411
 0.000037429754
 0.000060115561
 0.000123371175
 0.000126182626
 0.000036923047
 0.000053967429
 0.000128482584
 0.000043209569
 0.000035831046
 0.000257476819
 0.000116404552
 0.000032173244
 0.000029544051
 0.000037917438
 0.000044222794
 0.000065551107
 0.000079276147
 0.000077534086
 0.000066341797
 0.000066713151
 0.000062219876
 0.000056335319
 0.000181363437
 0.000039023708
 0.000107822774
 0.000120292052
 0.000053788517
 0.000108660370
 0.000041856904
 0.000244098609
 0.000085945685
 0.000054627007
 0.000138876888
 0.000087445371
 0.000082265774
 0.000036285706
 0.000038006173
 0.000037521502
 0.000053328156
 0.000057903952
 0.000080056589
 0.000081110093
 0.000036725779
 0.000149820490
 0.000047291034
 0.000030143128
 0.000035704956
 0.000248006356
 0.000050257583
 0.000035529206
 0.000049248250
 0.000083466161
 0.000197302237
 0.000160455751
 0.000028725466
 0.000032418982
 0.000025313478
 0.000035598008
 0.000022520110
 0.000016182163
 0.000017037596
 0.000033739096
 0.000017224073
 0.000014505927
 0.000052954208
 0.000049857156
 0.000035586012
 0.000054476134
 0.000044035514
 0.000022604841
 0.000025344691
 0.000042778025
 0.000042948266
 0.000034354991
 0.000041509152
 0.000128290426
 0.000099219856
 0.000058065044
 0.000018555133
 0.000046986918
 0.000027132952
 0.000027312211
 0.000025283869
 0.000078396993
 0.000040076248
 0.000016226066
 0.000095050368
 0.000035896757
 0.000114599888
 0.000110078518
 0.000140354725
 0.000082014790
 0.000041071865
 0.000086400596
 0.000032982350
 0.000044469853
 0.000028955208
 0.000045310007
 0.000079981458
 0.000037633381
 0.000028954592
 0.000118921964
 0.000030996648
 0.000055071850
 0.000074730480
 0.000025923584
 0.000044828709
 0.000029753250
 0.000042836406
 0.000030227140
 0.000019885911
 0.000038816519
 0.000011314124
 0.000055311986
 0.000079965005
 0.000044480049
 0.000028211151
 0.000020260196
 0.000055896143
 0.000026021559
 0.000032476062
 0.000015503481
 0.000006271477
 0.000012899711
 0.000004319712
 0.000013259091
 0.000024212030
 0.000019854770
 0.000017602035
 0.000009011239
 0.000018288100
 0.000019233395
 0.000020871667
 0.000025111482
 0.000019613190
 0.000011250587
 0.000097359643
 0.000019674458
 0.000036639775
 0.000034427001
 0.000022606802
 0.000025424178
 0.000014106857
 0.000020280454
 0.000024730332
 0.000067968024
 0.000018464739
 0.000042894797
 0.000018774050
 0.000010040977
 0.000030280450
 0.000021594767
 0.000023263094
 0.000019407012
 0.000062447920
 0.000063527283
 0.000026593317
 0.000043321848
 0.000037247985
 0.000091589282
 0.000040206054
 0.000075876445
 0.000209782702
 0.000027707015
 0.000156229188
 0.000027128930
 0.000031680205
 0.000032948069
 0.000031424804
 0.000012850631
 0.000016799823
 0.000023023336
 0.000023441314
 0.000012546099
 0.000018964219
 0.000023448389
 0.000021433497
 0.000010961852
 0.000036946732
 0.000027945700
 0.000009051432
 0.000021571060
 0.000011599895
 0.000012036257
 0.000078252487
 0.000011578797
 0.000016619115
 0.000027393885
 0.000041442515
 0.000020221410
 0.000016056365
 0.000018064790
 0.000011873178
 0.000053946211
 0.000017698859
 0.000020277280
 0.000017444870
 0.000028681310
 0.000009558505
 0.000009522065
 0.000009198368
 0.000015442479
 0.000007553479
 0.000014347661
 0.000038762583
 0.000030547968
 0.000021979896
 0.000035397937
 0.000022731859
 0.000025481018
 0.000012464756
 0.000090098430
 0.000008078077
 0.000008439830
 0.000012717817
 0.000036752576
 0.000027611529
 0.000029031035
 0.000009836587
 0.000016351097
 0.000025032033
 0.000007222540
 0.000016360472
 0.000022875487
 0.000005918604
 0.000010189750
 0.000030888107
 0.000012596841
 0.000012943400
 0.000025589675
 0.000011250501
 0.000010485325
 0.000043636201
 0.000024997231
 0.000014887771
 0.000012868670
 0.000009883855
 0.000019216692
 0.000026108601
 0.000022460896
 0.000017305765
 0.000039602930
 0.000075255739
 0.000031827465
 0.000036228560
 0.000026030224
 0.000019395308
 0.000108060242
 0.000011652393
 0.000006560041
 0.000013974749
 0.000003354526
 0.000015314682
 0.000012150919
 0.000007640973
 0.000021775921
 0.000008964848
 0.000018624546
 0.000016079178
 0.000003714779
 0.000015041730
 0.000017463100
 0.000007979103
 0.000018498943
 0.000016656000
 0.000012010412
 0.000023121695
 0.000011257843
 0.000014248700
 0.000014668280
 0.000015165638
 0.000042659195
 0.000085501477
 0.000029538782
 0.000034872536
 0.000022186623
 0.000018873311
 0.000019071210
 0.000041228786
 0.000010616027
 0.000025915799
 0.000016526554
 0.000020003111
 0.000014166395
 0.000021026397
 0.000009770919
 0.000013279781
 0.000004382947
 0.000007336914
 0.000008741713
 0.000007422729
 0.000011130284
 0.000034577440
 0.000027138591
 0.000022848819
 0.000037296866
 0.000021433404
 0.000033883552
 0.000051970532
 0.000033152199
 0.000005509595
 0.000036225150
 0.000048572166
 0.000037553172
 0.000036585486
 0.000019691442
 0.000042049918
 0.000004772168
 0.000014927461
 0.000029611711
 0.000033604763
 0.000080642922
 0.000042574823
 0.000094512093
 0.000011692618
 0.000034437270
 0.000067548766
 0.000051437186
 0.000019344382
 0.000039329075
 0.000040017779
 0.000024432816
 0.000023730034
 0.000041615355
 0.000088500943
 0.000039769869
 0.000042381386
 0.000053193573
 0.000032624222
 0.000040737689
 0.000023405729
 0.000044976560
 0.000134552232
 0.000045081499
 0.000023538821
 0.000060749296
 0.000148214870
 0.000184281228
 0.000019054180
 0.000049563562
 0.000032170285
 0.000029937646
 0.000111687499
 0.000024825748
 0.000084891315
 0.000006791468
 0.000067566006
 0.000050109104
 0.000016897952
 0.000044410101
 0.000031615080
 0.000064819479
 0.000008598194
 0.000024302431
 0.000126184911
 0.000055538560
 0.000050279124
 0.000229040086
 0.000136294508
 0.000077546492
 0.000168499906
 0.000228007489
 0.000323965093
 0.000049389767
 0.000024997739
 0.000053257550
 0.000012032223
 0.000087968603
 0.000041985634
 0.000073931418
 0.000034616243
 0.000060628400
 0.000106092943
 0.000104293262
 0.000185722319
 0.000113287376
 0.000075407218
 0.000246700350
 0.000208323712
 0.000123201976
 0.000156983386
 0.000087986608
 0.000036997724
 0.000069052866
 0.000076725207
 0.000154410987
 0.000197990499
 0.000081349741
 0.000084950299
 0.000029810350
 0.000063080052
 0.000044106205
 0.000070065499
 0.000043258398
 0.000125111479
 0.000088928955
 0.000045887183
 0.000123132415
 0.000043684190
 0.000017105639
 0.000066991431
 0.000041789064
 0.000047939162
 0.000058088033
 0.000038458400
 0.000019167379
 0.000051936501
 0.000068403539
 0.000045659518
 0.000024576232
 0.000034813466
 0.000108081319
 0.000079981641
 0.000119588503
 0.000046752844
 0.000020222404
 0.000063861878
 0.000069124928
 0.000102789965
 0.000038727976
 0.000117626020
 0.000032772279
 0.000045270670
 0.000061590761
 0.000040921326
 0.000040654304
 0.000041960937
 0.000029246792
 0.000039130397
 0.000131892808
 0.000053614131
 0.000063178545
 0.000045384513
 0.000042628774
 0.000044005867
 0.000018905828
 0.000025033269
 0.000098042350
 0.000210562932
 0.000055110444
 0.000088470230
 0.000029224844
 0.000121966954
 0.000063423247
 0.000023169579
 0.000171316899
 0.000032140049
 0.000050998019
 0.000068915819
 0.000088779030
 0.000032533286
 0.000042270752
 0.000049553258
 0.000027775983
 0.000029662554
 0.000039329876
 0.000038393150
 0.000045715605
 0.000053011676
 0.000050994325
 0.000054560839
 0.000027713786
 0.000018980841
 0.000034887801
 0.000067418613
 0.000085774084
 0.000101710694
 0.000073086992
 0.000052253592
 0.000025977612
 0.000019904835
 0.000034838355
 0.000040391903
 0.000051089531
 0.000039535322
 0.000037076332
 0.000045702845
 0.000042792320
 0.000027399154
 0.000063763342
 0.000076653561
 0.000044503445
 0.000045992171
 0.000038428780
 0.000042581835
 0.000048836678
 0.000010938654
 0.000082435237
 0.000019681021
 0.000075615629
 0.000043943873
 0.000082260953
 0.000021697727
 0.000034985793
 0.000098152508
 0.000047487512
 0.000076525791
 0.000052386908
 0.000026255065
 0.000045430618
 0.000103946714
 0.000150862493
 0.000027309230
 0.000022429582
 0.000033295533
 0.000048916351
 0.000053182699
 0.000021975847
 0.000071939329
 0.000029817837
 0.000039601656
 0.000034442134
 0.000047583122
 0.000131069451
 0.000060662641
 0.000037454747
 0.000031839002
 0.000039928336
 0.000044397171
 0.000025457866
 0.000054507738
 0.000056261570
 0.000045720673
 0.000077848593
 0.000041646553
 0.000218089538
 0.000057429005
 0.000067605178
 0.000047053190
 0.000039567780
 0.000021440830
 0.000038336805
 0.000035757735
 0.000041413580
 0.000130371602
 0.000046687413
 0.000055145834
 0.000060917466
 0.000069080524
 0.000014642892
 0.000037370150
 0.000040416116
 0.000025406883
 0.000075603549
 0.000030857572
 0.000038796278
 0.000042637472
 0.000071601300
 0.000063046272
 0.000010503497
 0.000007767028
 0.000037744514
 0.000022046378
 0.000020177509
 0.000008760714
 0.000027273485
 0.000021155684
 0.000019679690
 0.000052223637
 0.000079426072
 0.000026265510
 0.000036471993
 0.000131083018
 0.000024825207
 0.000015310319
 0.000012465428
 0.000087757669
 0.000028759152
 0.000031334006
 0.000031561161
 0.000084000993
 0.000077007178
 0.000021804258
 0.000027610992
 0.000021486966
 0.000028444609
 0.000021623410
 0.000065895985
 0.000069635244
 0.000071412495
 0.000045083248
 0.000058995249
 0.000067455399
 0.000027069173
 0.000039185579
 0.000105275794
 0.000063693002
 0.000038595335
 0.000037325774
 0.000109582469
 0.000143648420
 0.000063815076
 0.000027742901
 0.000289306950
 0.000047237774
 0.000107408637
 0.000035865733
 0.000073102239
 0.000042749064
 0.000017703728
 0.000054825689
 0.000061346155
 0.000026951442
 0.000041283032
 0.000080776454
 0.000023815057
 0.000053026175
 0.000024320519
 0.000047846464
 0.000033578165
 0.000027025895
 0.000029266605
 0.000057938091
 0.000072096443
 0.000043961329
 0.000048277932
 0.000062747839
 0.000019315510
 0.000091888859
 0.000114509993
 0.000014515263
 0.000011236073
 0.000059330688
 0.000012798615
 0.000043804093
 0.000053987056
 0.000027587360
 0.000010779118
 0.000043666086
 0.000020548640
 0.000019197695
 0.000016271734
 0.000014169560
 0.000020007889
 0.000045544277
 0.000012219979
 0.000008814696
 0.000012558190
 0.000012940167
 0.000020165562
 0.000015953041
 0.000019492135
 0.000052594983
 0.000029667580
 0.000019659929
 0.000082645247
 0.000021930950
 0.000085476819
 0.000025374398
 0.000033498147
 0.000044904674
 0.000045235074
 0.000027969868
 0.000111338308
 0.000151567719
 0.000192460747
 0.000072808233
 0.000104758191
 0.000079303441
 0.000040064280
 0.000047562649
 0.000144245102
 0.000111675020
 0.000094929950
 0.000048635295
 0.000070655932
 0.000071421606
 0.000284900948
 0.000059620569
 0.000059799715
 0.000069257024
 0.000040460892
 0.000162346375
 0.000187671609
 0.000047225011
 0.000030743038
 0.000040576709
 0.000134402054
 0.000187203535
 0.000149220276
 0.000100009671
 0.000162675244
 0.000204830693
 0.000178984572
 0.000167391473
 0.000075005652
 0.000073567464
 0.000154045865
 0.000052124198
 0.000233904562
 0.000069643702
 0.000103520729
 0.000156773648
 0.000100920987
 0.000138422741
 0.000151391262
 0.000135852399
 0.000190905847
 0.000067634328
 0.000038666834
 0.000248702041
 0.000300456192
 0.000145398093
 0.000255055600
 0.000134080238
 0.000325629506
 0.000107046678
 0.000388888799
 0.000131124524
 0.000892796783
 0.000137029330
 0.000050643320
 0.000025596745
 0.000038576167
 0.000022304260
 0.000099358569
 0.000108186694
 0.000048799757
 0.000166537121
 0.000081339017
 0.000017404163
 0.000071882296
 0.000044132445
 0.000036971494
 0.000055720114
 0.000018880849
 0.000087326919
 0.000028274991
 0.000036813095
 0.000021484876
 0.000045357286
 0.000053502139
 0.000079747602
 0.000015569804
 0.000015486784
 0.000096058789
 0.000029906933
 0.000122345147
 0.000027930228
 0.000034735164
 0.000168268675
 0.000146957363
 0.000108438898
 0.000032169549
 0.000031294413
 0.000080571914
 0.000033344317
 0.000019005671
 0.000011500521
 0.000026575891
 0.000040520441
 0.000027261487
 0.000085395725
 0.000065756006
 0.000029321399
 0.000015611515
 0.000019841973
 0.000048097173
 0.000049199510
 0.000035429943
 0.000082638828
 0.000042020034
 0.000116909779
 0.000063901266
 0.000023539622
 0.000037976708
 0.000061890657
 0.000022941408
 0.000039020730
 0.000194219683
 0.000053020725
 0.000030033147
 0.000044671075
 0.000127922614
 0.000091130683
 0.000051335503
 0.000047676672
 0.000048428762
 0.000042113692
 0.000077753968
 0.000076453775
 0.000135016982
 0.000065150764
 0.000070083459
 0.000048995934
 0.000133370930
 0.000279472278
 0.000114113356
 0.000229448443
 0.000140547595
 0.000155489209
 0.000089867551
 0.000053987937
 0.000067564127
 0.000097189924
 0.000170906067
 0.000048627845
 0.000032833096
 0.000075003686
 0.000113541096
 0.000181578096
 0.000274464354
 0.000200714897
 0.000159307718
 0.000200327203
 0.000255269406
 0.000216690534
 0.000303307699
 0.000129517014
 0.000189402177
 0.000413415587
 0.000094633303
 0.000139673901
 0.000065220913
 0.000053364790
 0.000111120571
 0.000073972812
 0.000136139065
 0.000285368514
 0.000143113993
 0.000319321242
 0.000146681261
 0.000417321806
 0.000348857011
 0.000229946416
 0.000290726040
 0.000069137336
 0.000121957666
 0.000042779078
 0.000036778255
 0.000129444146
 0.000098129547
 0.000103056658
 0.000053697292
 0.000176026831
 0.000074811061
 0.000193770979
 0.000125560673
 0.000169954938
 0.000268892090
 0.000026108674
 0.000070091932
 0.000050904280
 0.000146551092
 0.000128743898
 0.000056864085
 0.000083014339
 0.000034775053
 0.000144312159
 0.000149574933
 0.000107745174
 0.000080442456
 0.000186926862
 0.000171396177
 0.000055201555
 0.000231791804
 0.000106715920
 0.000075679820
 0.000220077604
 0.000121063115
 0.000107509583
 0.000089139906
 0.000195702219
 0.000192213883
 0.000104183753
 0.000064405571
 0.000254112351
 0.000057007548
 0.000158795488
 0.000095136407
 0.000031332890
 0.000032878774
 0.000048750759
 0.000089836260
 0.000039856754
 0.000045865875
 0.000194892320
 0.000077810430
 0.000136996884
 0.000117527905
 0.000025821076
 0.000016394712
 0.000105492068
 0.000079850208
 0.000162035187
 0.000252431486
 0.000049245407
 0.000084166402
 0.000205838168
 0.000057016892
 0.000415335630
 0.000478562019
 0.000142494413
 0.000284643518
 0.000279766480
 0.000158788605
 0.000133213347
 0.000212100311
 0.000094631467
 0.000038316213
 0.000056502230
 0.000026804760
 0.000051739593
 0.000048713785
 0.000098630956
 0.000079160234
 0.000028922537
 0.000022822837
 0.000027177153
 0.000060197857
 0.000038221663
 0.000025578106
 0.000029630615
 0.000040236040
 0.000018557137
 0.000037777249
 0.000057173994
 0.000062651111
 0.000137595381
 0.000076775576
 0.000132008382
 0.000068448954
 0.000030785198
 0.000106037606
 0.000130269309
 0.000245997957
 0.000093260201
 0.000105273390
 0.000103305068
 0.000172115186
 0.000131726020
 0.000041112486
 0.000036816459
 0.000065557177
 0.000083443425
 0.000016212476
 0.000035455563
 0.000005869731
 0.000005593237
 0.000025612028
 0.000020428934
 0.000109624995
 0.000071788439
 0.000135330699
 0.000125461891
 0.000238420787
 0.000203330115
 0.000081986106
 0.000091173156
 0.000243259498
 0.000218839477
 0.000388998595
 0.000069648939
 0.000132281551
 0.000089733553
 0.000089422307
 0.000054330999
 0.000055084925
 0.000285828421
 0.000085645698
 0.000034506455
 0.000042905151
 0.000054782801
 0.000077894952
 0.000144554009
 0.000128256337
 0.000097366675
 0.000051588953
 0.000036396251
 0.000024847125
 0.000053325763
 0.000077788951
 0.000102292298
 0.000059645208
 0.000055920789
 0.000079184250
 0.000021999072
 0.000094737554
 0.000091071230
 0.000237478426
 0.000135265713
 0.000071323360
 0.000041198684
 0.000055836855
 0.000107994824
 0.000153496966
 0.000428537298
 0.000071521230
 0.000092031047
 0.000057736472
 0.000221617942
 0.000069439026
 0.000042873227
 0.000057509100
 0.000127087749
 0.000037101510
 0.000050495177
 0.000047744690
 0.000052751534
 0.000164302415
 0.000048410215
 0.000071651604
 0.000035959705
 0.000094452619
 0.000030243919
 0.000088276508
 0.000051285254
 0.000074016669
 0.000148851086
 0.000198009321
 0.000143409724
 0.000386565176
 0.000107853844
 0.000188526449
 0.000163900894
 0.000224075163
 0.000168730294
 0.000075269909
 0.000112585406
 0.000129769442
 0.000133419212
 0.000118195743
 0.000175191184
 0.000163542734
 0.000175054343
 0.000109874148
 0.000241372378
 0.000220284865
 0.000250476158
 0.000092443709
 0.000111289231
 0.000142811196
 0.000093494456
 0.000082257227
 0.000046422855
 0.000106672636
 0.000083549251
 0.000020691384
 0.000048891025
 0.000061331462
 0.000056047992
 0.000059334293
 0.000100661945
 0.000085635292
 0.000047090329
 0.000100168965
 0.000120962684
 0.000068430392
 0.000061349833
 0.000059317796
 0.000140108503
 0.000322950790
 0.000288259506
 0.000202456262
 0.000104531719
 0.000041852734
 0.000043718024
 0.000052747485
 0.000087590714
 0.000102668131
 0.000139014158
 0.000053108289
 0.000089362367
 0.000114445993
 0.000097118747
 0.000223539898
 0.000091280988
 0.000092040306
 0.000139808525
 0.000211660658
 0.000073567402
 0.000152896621
 0.000081946877
 0.000065096040
 0.000296984408
 0.000115804706
 0.000311653542
 0.000102061558
 0.000382480573
 0.000090601909
 0.000232632442
 0.000348908159
 0.000149967728
 0.000163786453
 0.000258013051
 0.000276650267
 0.000409203153
 0.000631781783
 0.000621309784
 0.000328150746
 0.000171547043
 0.001207446209
 0.000132006049
 0.000171126389
 0.000319157264
 0.000571904557
 0.000220637533
 0.000672235993
 0.000601932211
 0.000511395269
 0.000330292677
 0.000556600163
 0.001210753512
 0.000514662486
 0.000367995864
 0.000314451248
 0.000422841270
 0.000388484006
 0.000110153782
 0.000141123139
 0.000430869878
 0.000293186522
 0.000210516520
 0.000278441653
 0.000732065333
 0.000853102190
 0.000209034795
 0.000190535959
 0.000633262695
 0.000381869854
 0.000240352265
 0.000148508986
 0.000599437150
 0.000679435211
 0.000312032113
 0.000159193603
 0.000138131889
 0.000438813065
 0.000354358359
 0.000187866857
 0.000434125270
 0.000448020399
 0.000258998530
 0.000185876727
 0.000401490344
 0.000449400259
 0.000188135789
 0.000326095321
 0.000205348931
 0.000046949266
 0.000079517409
 0.000118316359
 0.000161950428
 0.000082838090
 0.000145031756
 0.000126169772
 0.000125075385
 0.000090674155
 0.000190016939
 0.000037680159
 0.000144730567
 0.000028840197
 0.000075243678
 0.000042255401
 0.000074817973
 0.000124792560
 0.000026751746
 0.000049887579
 0.000118617017
 0.000057120987
 0.000056061043
 0.000268340993
 0.000107850598
 0.000106910408
 0.000211530278
 0.000042209482
 0.000018551614
 0.000046442908
 0.000104678840
 0.000030529092
 0.000069976413
 0.000053708631
 0.000166709208
 0.000308943143
 0.000108956676
 0.000077768745
 0.000243754837
 0.000135104861
 0.000279704310
 0.000166986895
 0.000220293308
 0.000612360881
 0.000628329723
 0.000144906818
 0.000168324169
 0.000114899364
 0.000253214237
 0.000596091437
 0.000364591366
 0.001080571650
 0.001030001399
 0.000411932977
 0.001349590288
 0.000827531924
 0.001508865601
 0.000281799886
 0.000120575322
 0.000139246237
 0.000147664908
 0.000199065949
 0.000180246852
 0.000296152399
 0.000186493704
 0.000224875680
 0.000111876169
 0.000106012357
 0.000062827684
 0.000120698617
 0.000085818791
 0.000095689110
 0.000199376901
 0.000106757891
 0.000069651191
 0.000143588838
 0.000337921433
 0.000216399308
 0.000884515573
 0.000474799609
 0.000288644153
 0.000348948375
 0.000137749733
 0.000188043882
 0.000156569219
 0.000089745839
 0.000072754805
 0.000107811979
 0.000127103876
 0.000445376670
 0.000105367906
 0.000180487904
 0.000444101429
 0.000135746564
 0.000077935497
 0.000067458863
 0.000061514133
 0.000153283725
 0.000175085345
 0.000109298179
 0.000242170744
 0.000145345500
 0.000084587116
 0.000138367782
 0.000037868839
 0.000210490997
 0.000099045575
 0.000097185585
 0.000323504720
 0.000229974954
 0.000628918443
 0.000139784229
 0.000180206320
 0.000386249720
 0.000246648220
 0.000232911518
 0.000178283780
 0.000458846255
 0.000522346243
 0.000193226654
 0.000268129498
 0.000048835649
 0.000202174791
 0.000134353197
 0.000061151618
 0.000228176313
 0.000182992305
 0.000118104264
 0.000214178983
 0.000462791441
 0.000315277323
 0.000248002293
 0.000140316310
 0.000272100445
 0.000338156484
 0.000201986364
 0.000439282310
 0.000243024285
 0.000180765886
 0.000264170783
 0.000123060036
 0.000032382158
 0.000173303110
 0.000986471662
 0.000195429297
 0.000120715041
 0.000248682623
 0.000087521361
 0.000448558214
 0.000346335193
 0.000393544243
 0.000738244839
 0.000322297968
 0.000399389228
 0.000117870667
 0.000057792943
 0.000081467041
 0.000060527741
 0.000122980844
 0.000182692001
 0.000276553451
 0.000176649551
 0.000304981024
 0.000369437148
 0.000236508032
 0.000176316106
 0.000208320385
 0.000150162969
 0.000416291663
 0.000266151473
 0.000292723590
 0.000179376039
 0.000332396165
 0.000688016970
 0.000145150727
 0.000226619748
 0.000166675552
 0.000102598884
 0.000274294894
 0.000359521148
 0.000077473216
 0.000086838659
 0.000217736600
 0.000208027747
 0.000137966433
 0.000204925687
 0.000262114687
 0.000309505752
 0.000035019053
 0.000047810786
 0.000278165195
 0.000208277294
 0.000065323353
 0.000082131859
 0.000060637782
 0.000137154702
 0.000151939234
 0.000051029094
 0.000021638782
 0.000234730352
 0.000063074933
 0.000280052266
 0.000093558044
 0.001050614179
 0.000303412331
 0.000522803304
 0.000236889091
 0.000532583230
 0.000494059332
 0.000112230928
 0.000408923612
 0.000061616009
 0.000107979564
 0.000095201171
 0.000066091144
 0.000034654104
 0.000162535144
 0.000169846795
 0.000141279242
 0.000071654291
 0.000263692802
 0.000242474470
 0.001086972800
 0.000768181545
 0.000310998571
 0.000512433141
 0.000066418553
 0.000141136866
 0.000215291975
 0.000122808892
 0.000151980838
 0.000153671357
 0.000294372509
 0.000278638378
 0.000091141820
 0.000220655551
 0.000076051382
 0.000133753736
 0.000112769602
 0.000095072242
 0.000143402843
 0.000065005572
 0.000087816763
 0.000182295055
 0.000095233585
 0.000068840769
 0.000074884186
 0.000055330467
 0.000177493588
 0.000145849379
 0.000449509653
 0.000079972777
 0.000033541135
 0.000265178647
 0.000139748652
 0.000125860907
 0.000247457794
 0.000091861113
 0.000139794288
 0.000129397599
 0.000139061613
 0.000049673617
 0.000075828414
 0.000184687215
 0.000196123379
 0.000205369629
 0.000201901391
 0.000137087142
 0.000110319794
 0.000221273366
 0.000238443617
 0.000063535891
 0.000235467946
 0.000173738261
 0.000189300170
 0.000034802623
 0.000055210544
 0.000036178116
 0.000148686365
 0.000425069821
 0.000047900643
 0.000114421948
 0.000066699215
 0.000254600784
 0.000162970051
 0.000180372447
 0.000290180585
 0.000109316517
 0.000154958600
 0.000437170115
 0.000209489942
 0.000203859841
 0.000527909424
 0.000539508254
 0.000113653414
 0.000315893390
 0.000426006312
 0.000148570492
 0.000168218249
 0.000175835452
 0.000367326651
 0.000333953234
 0.000529153013
 0.000468285148
 0.000574304972
 0.000395975837
 0.000165872795
 0.000243986981
 0.000350541338
 0.000332786783
 0.000291540534
 0.000685522091
 0.000610459611
 0.000644448854
 0.000364008186
 0.000130403831
 0.000134264541
 0.000188276646
 0.000272823546
 0.000094562165
 0.000475352190
 0.000505781781
 0.000442474611
 0.000256195978
 0.000261247315
 0.000404014008
 0.000197815060
 0.000295463817
 0.000137004467
 0.000051728319
 0.000088777891
 0.000076946129
 0.000170959229
 0.000224786111
 0.000106305619
 0.000100733712
 0.000137262343
 0.000049755526
 0.000359093296
 0.000303173641
 0.000256561607
 0.000235036578
 0.000392127698
 0.000199682380
 0.000189698836
 0.000103676635
 0.000300325460
 0.000301922611
 0.000177299622
 0.000440844351
 0.000095073113
 0.000199769376
 0.000264245111
 0.000294121545
 0.000157937528
 0.000071113894
 0.000152624943
 0.000072091292
 0.000209220778
 0.000363346848
 0.000166411840
 0.000065839709
 0.000198770616
 0.000161245322
 0.000216492604
 0.000145050007
 0.000120962969
 0.000230666560
 0.000198099113
 0.000157302785
 0.000556815296
 0.000502525615
 0.000441260318
 0.000473954999
 0.000369273815
 0.000240172966
 0.000127968583
 0.000619511390
 0.000387957107
 0.000401520132
 0.000167121765
 0.000469858488
 0.000132555006
 0.000225644996
 0.000065143942
 0.000085368644
 0.000096815361
 0.000399579897
 0.000243389374
 0.000398587704
 0.000189976052
 0.000247300513
 0.000136445109
 0.000594994529
 0.000170440674
 0.000190764206
 0.000282483702
 0.000544587823
 0.000111180956
 0.000484854039
 0.000978856562
 0.000364826372
 0.000313255155
 0.000315400396
 0.000455557514
 0.000183594999
 0.000389750592
 0.000223995789
 0.000300362969
 0.000131376707
 0.000245203639
 0.000265748754
 0.000154398344
 0.000290821042
 0.000442339828
 0.000625427660
 0.000276626874
 0.000069531839
 0.000419917232
 0.000618068708
 0.000275202022
 0.000649815106
 0.000476217607
 0.000436675018
 0.000169780086
 0.000271088279
 0.000438993455
 0.000701599524
 0.000122288852
 0.000575985083
 0.000255522839
 0.000190428633
 0.000330210948
 0.000174234887
 0.001068050665
 0.000521574344
 0.000502364161
 0.001319412513
 0.000695674280
 0.000340817392
 0.001013254252
 0.000465520306
 0.000457844442
 0.000227880034
 0.000414572641
 0.000900651171
 0.000423870738
 0.000663705378
 0.000337073256
 0.000359341824
 0.000201102265
 0.000191877482
 0.000205671118
 0.000176013271
 0.000234883931
 0.000124500688
 0.000494911312
 0.001980543416
 0.000944233140
 0.001035132956
 0.000239299033
 0.000150397651
 0.000416248526
 0.000064829565
 0.000157938307
 0.000143519791
 0.000163408065
 0.000298423536
 0.000204709599
 0.000191454175
 0.000129002295
 0.000295252289
 0.000192200793
 0.000592810595
 0.000546678669
 0.000856942448
 0.000236121922
 0.000249228150
 0.000368057758
 0.000267920727
 0.000039791084
 0.000045810826
 0.000070559370
 0.000061448266
 0.000107931653
 0.000067941475
 0.000102821465
 0.000032256634
 0.000215194847
 0.000050330705
 0.000192186594
 0.000157163516
 0.000064730254
 0.000117728750
 0.000045306481
 0.000222568214
 0.000095278752
 0.000224930134
 0.000233734217
 0.000086481189
 0.000211900992
 0.000065137987
 0.000059629310
 0.000161364923
 0.000140567684
 0.000054593096
 0.000251168570
 0.000089824026
 0.000450818884
 0.000335898407
 0.000188441713
 0.000537225359
 0.000257905945
 0.002328004420
 0.000745198003
 0.000432777128
 0.000207598493
 0.000348646877
 0.000477029242
 0.000216239656
 0.000671678855
 0.000186539377
 0.000189795027
 0.000511449420
 0.000273281847
 0.000206741227
 0.000270389016
 0.000658285853
 0.000241223093
 0.000469106242
 0.000365922048
 0.001060013448
 0.000486937928
 0.000433478452
 0.000633462063
 0.000646042218
 0.000160895918
 0.000143791830
 0.000046749395
 0.000235537196
 0.000077493755
 0.000407898057
 0.000455764413
 0.000583285847
 0.000921480812
 0.000616500905
 0.000133070843
 0.000256751210
 0.000233935589
 0.000270602242
 0.000323395612
 0.000156494802
 0.000153032302
 0.000266499346
 0.000128956926
 0.000130629477
 0.000055874508
 0.000066012945
 0.000244574475
 0.000081014512
 0.000100519151
 0.000066553088
 0.000068808940
 0.000052931785
 0.000137455171
 0.000108179506
 0.000058448336
 0.000150613130
 0.000132326643
 0.000033496239
 0.000043421491
 0.000032299388
 0.000043732650
 0.000077441206
 0.000202550950
 0.000011832154
 0.000184030054
 0.000028431339
 0.000043552923
 0.000135067267
 0.000021529899
 0.000026444806
 0.000077309659
 0.000053120694
 0.000087676549
 0.000025012975
 0.000086271277
 0.000024920442
 0.000084751321
 0.000031576283
 0.000028594328
 0.000008356616
 0.000036101880
 0.000055021166
 0.000019801267
 0.000023516667
 0.000026687680
 0.000005567307
 0.000019704238
 0.000017541456
 0.000013255231
 0.000007573445
 0.000017530414
 0.000005012028
 0.000024302872
 0.000031597558
 0.000017273114
 0.000008413860
 0.000023233628
 0.000005573027
 0.000014085555
 0.000016972260
 0.000013678219
 0.000016401696
 0.000014115120
 0.000021110905
 0.000013981633
 0.000025441399
 0.000017787121
 0.000004693162
 0.000009039568
 0.000013967188
 0.000021217279
 0.000010201186
 0.000019321014
 0.000029594447
 0.000017285076
 0.000019366253
 0.000020660208
 0.000008796199
 0.000007714670
 0.000023582420
 0.000013184050
 0.000030412089
 0.000035561033
 0.000053331669
 0.000020719653
 0.000024836228
 0.000028629587
 0.000019896219
 0.000017232121
 0.000014303897
 0.000028632889
 0.000014414034
 0.000029998381
 0.000031933939
 0.000042054229
 0.000008277197
 0.000011590135
 0.000014627600
 0.000019095560
 0.000016184464
 0.000005840756
 0.000010713015
 0.000036959666
 0.000042743595
 0.000017521553
 0.000009979546
 0.000020062648
 0.000020613610
 0.000016091630
 0.000026562247
 0.000017577535
 0.000028949441
 0.000023939799
 0.000019847482
 0.000011825916
 0.000004488665
 0.000022014469
 0.000007891857
 0.000009283853
 0.000007383955
 0.000013983894
 0.000011792436
 0.000016815094
 0.000019215436
 0.000010740664
 0.000021536543
 0.000013751675
 0.000016327480
 0.000020005708
 0.000016705855
 0.000019853966
 0.000004931583
 0.000009911152
 0.000015012087
 0.000018388673
 0.000035334972
 0.000005437390
 0.000024447253
 0.000008868186
 0.000031867333
 0.000018106833
 0.000008117400
 0.000036578911
 0.000013602148
 0.000021248841
 0.000052562483
 0.000043959892
 0.000028612684
 0.000025986366
 0.000035570271
 0.000016701943
 0.000011768877
 0.000032162488
 0.000017239690
 0.000015135479
 0.000051193934
 0.000027362626
 0.000038559850
 0.000028016694
 0.000016880725
 0.000035643504
 0.000040210765
 0.000039738470
 0.000028770541
 0.000029043239
 0.000034536448
 0.000019738289
 0.000012262082
 0.000020339040
 0.000010774854
 0.000013862462
 0.000012081334
 0.000048423598
 0.000033433038
 0.000085245582
 0.000017047172
 0.000020332667
 0.000043188244
 0.000012858225
 0.000039623351
 0.000051086666
 0.000060555252
 0.000045920654
 0.000019203614
 0.000017681308
 0.000016920135
 0.000005986569
 0.000018976726
 0.000015671664
 0.000067541438
 0.000031877545
 0.000057471787
 0.000045366550
 0.000040960376
 0.000077342420
 0.000038551369
 0.000023796701
 0.000018632379
 0.000015988470
 0.000017847096
 0.000012963613
 0.000010499816
 0.000020043049
 0.000034154014
 0.000026647569
 0.000020823833
 0.000015993362
 0.000017944075
 0.000011559338
 0.000006169651
 0.000011453614
 0.000009897145
 0.000017694263
 0.000014085175
 0.000005118306
 0.000006505811
 0.000003835808
 0.000016493259
 0.000010401508
 0.000008641098
 0.000013005632
 0.000005904792
 0.000012534924
 0.000010424977
 0.000012826438
 0.000012647804
 0.000038615347
 0.000019514397
 0.000027493792
 0.000008224639
 0.000019222747
 0.000014691214
 0.000016985349
 0.000011703279
 0.000012042579
 0.000013310760
 0.000036036468
 0.000009438478
 0.000014983615
 0.000015599086
 0.000031743726
 0.000014881201
 0.000012611831
 0.000026907451
 0.000008927748
 0.000006601283
 0.000044481896
 0.000015403659
 0.000006422545
 0.000025520422
 0.000012836171
 0.000026815925
 0.000023262230
 0.000018638586
 0.000028606137
 0.000019047926
 0.000024793103
 0.000020584182
 0.000019243793
 0.000014534020
 0.000022191070
 0.000011792268
 0.000015348568
 0.000022677634
 0.000029260777
 0.000013138847
 0.000037916398
 0.000016139746
 0.000030777673
 0.000034843644
 0.000033599077
 0.000014970434
 0.000012369629
 0.000028370433
 0.000024911251
 0.000030008406
 0.000036240383
 0.000104506351
 0.000138260626
 0.000028019776
 0.000050235111
 0.000031588989
 0.000044252094
 0.000023278186
 0.000052084263
 0.000043432744
 0.000044396891
 0.000034383188
 0.000029398778
 0.000052991972
 0.000056172760
 0.000074916657
 0.000066375946
 0.000033386651
 0.000047555976
 0.000033117828
 0.000016541878
 0.000049857360
 0.000050403100
 0.000048137967
 0.000077118541
 0.000111646478
 0.000246989608
 0.000059042897
 0.000029451397
 0.000031251803
 0.000063647530
 0.000035725365
 0.000057674123
 0.000057311746
 0.000180026175
 0.000048469748
 0.000176850228
 0.000032457850
 0.000069035328
 0.000037009583
 0.000028684530
 0.000064426997
 0.000026300891
 0.000042520829
 0.000027351491
 0.000018871027
 0.000030025806
 0.000012716465
 0.000017727406
 0.000029210007
 0.000024159177
 0.000034398540
 0.000024107635
 0.000032576062
 0.000035056933
 0.000023387771
 0.000138523024
 0.000080870891
 0.000078653220
 0.000070510410
 0.000074428825
 0.000096337099
 0.000091991337
 0.000063916488
 0.000031512994
 0.000055708592
 0.000021096835
 0.000035866120
 0.000011295922
 0.000040248568
 0.000030103692
 0.000040166389
 0.000041345792
 0.000044668609
 0.000037655194
 0.000031130255
 0.000048827805
 0.000028116785
 0.000034062223
 0.000039411187
 0.000048789058
 0.000013606663
 0.000050136614
 0.000014667951
 0.000033422805
 0.000021023561
 0.000019913885
 0.000061668573
 0.000018422881
 0.000012437798
 0.000011839629
 0.000008783459
 0.000040035559
 0.000017107609
 0.000026151634
 0.000026207955
 0.000031057671
 0.000015913475
 0.000023900833
 0.000018966669
 0.000022279190
 0.000024625966
 0.000041177333
 0.000013699792
 0.000031167047
 0.000019523353
 0.000036070882
 0.000010625037
 0.000007999516
 0.000022175298
 0.000068261250
 0.000033270968
 0.000014120961
 0.000019736123
 0.000030430794
 0.000022461311
 0.000020387885
 0.000005065317
 0.000011007675
 0.000048213504
 0.000010514722
 0.000014314520
 0.000007862918
 0.000008685063
 0.000019939471
 0.000042324233
 0.000008354308
 0.000016958984
 0.000022528821
 0.000014625734
 0.000007980746
 0.000010865131
 0.000012340606
 0.000021317590
 0.000025292446
 0.000008091348
 0.000003265979
 0.000004274332
 0.000031203243
 0.000014259696
 0.000003243896
 0.000009264418
 0.000005629025
 0.000008358852
 0.000011280025
 0.000003736686
 0.000003362206
 0.000007972270
 0.000009576774
 0.000004875538
 0.000002323697
 0.000010807733
 0.000006331078
 0.000009956461
 0.000009470073
 0.000007064216
 0.000008310883
 0.000007974211
 0.000011943277
 0.000004712613
 0.000006542367
 0.000007661596
 0.000010278787
 0.000011412046
 0.000025604541
 0.000028435105
 0.000015581839
 0.000002823987
 0.000004835716
 0.000016784798
 0.000006673629
 0.000005720739
 0.000013239937
 0.000006325970
 0.000009767859
 0.000014519552
 0.000007052744
 0.000010580042
 0.000010497453
 0.000002719196
 0.000010978750
 0.000004480796
 0.000007925443
 0.000010749041
 0.000032888378
 0.000002397169
 0.000010789503
 0.000008541100
 0.000020649892
 0.000024359425
 0.000007830162
 0.000012037962
 0.000004411433
 0.000006613295
 0.000009783863
 0.000009663621
 0.000004688573
 0.000010971522
 0.000004860118
 0.000012422357
 0.000021640900
 0.000006251321
 0.000014952472
 0.000002467580
 0.000006117488
 0.000014066113
 0.000005626987
 0.000009578679
 0.000007161188
 0.000004625751
 0.000011145454
 0.000006667793
 0.000002990314
 0.000010429639
 0.000003383374
 0.000014812752
 0.000010218010
 0.000028429250
 0.000012034955
 0.000025476031
 0.000010423233
 0.000009821639
 0.000010216366
 0.000012883713
 0.000010648431
 0.000022420454
 0.000014910701
 0.000005635602
 0.000004747443
 0.000036237593
 0.000017808962
 0.000015202127
 0.000029542006
 0.000007609222
 0.000006628838
 0.000005639544
 0.000005551694
 0.000007607518
 0.000006524590
 0.000005839460
 0.000004971869
 0.000007682566
 0.000003166855
 0.000010783869
 0.000003334431
 0.000005671916
 0.000008715660
 0.000003101297
 0.000006505587
 0.000010134131
 0.000003810318
 0.000002387170
 0.000007378424
 0.000006013573
 0.000004249870
 0.000005362443
 0.000002454686
 0.000002947179
 0.000004315507
 0.000004788591
 0.000010923701
 0.000006203450
 0.000007185050
 0.000007140434
 0.000002212603
 0.000008691881
 0.000002682148
 0.000003979732
 0.000008129686
 0.000009450395
 0.000006600938
 0.000007977381
 0.000010338340
 0.000003554407
 0.000006666215
 0.000015582410
 0.000003296415
 0.000005458931
 0.000011889292
 0.000003820481
 0.000007961349
 0.000011462018
 0.000008958063
 0.000009769300
 0.000005880217
 0.000003263314
 0.000005511303
 0.000016920168
 0.000005552743
 0.000002863915
 0.000001089807
 0.000002453169
 0.000003632764
 0.000006224451
 0.000003988019
 0.000004363649
 0.000004681726
 0.000007485838
 0.000003488223
 0.000003915394
 0.000003611839
 0.000001982422
 0.000006542051
 0.000004454041
 0.000005231371
 0.000003984777
 0.000007246416
 0.000003986999
 0.000006423444
 0.000005690306
 0.000004863851
 0.000006871059
 0.000005992755
 0.000007453549
 0.000003792278
 0.000005108555
 0.000004240944
 0.000002248987
 0.000004293730
 0.000003350979
 0.000004301967
 0.000004477455
 0.000004614151
 0.000003095364
 0.000003724832
 0.000003827594
 0.000003941577
 0.000006597197
 0.000005420483
 0.000012477894
 0.000002095342
 0.000003126451
 0.000006533179
 0.000001461228
 0.000003610074
 0.000009958366
 0.000005088723
 0.000014150145
 0.000011478299
 0.000011659309
 0.000012798534
 0.000004309183
 0.000008981459
 0.000001069147
 0.000005847893
 0.000002134487
 0.000002907715
 0.000016367814
 0.000004205892
 0.000007703243
 0.000025833765
 0.000001980977
 0.000003774147
 0.000005201926
 0.000007759820
 0.000004018833
 0.000002486693
 0.000005868183
 0.000004981770
 0.000007048621
 0.000003251629
 0.000005148897
 0.000003872158
 0.000001858479
 0.000002206725
 0.000003770927
 0.000002910402
 0.000001790559
 0.000001601938
 0.000002387877
 0.000003516319
 0.000000979427
 0.000002766179
 0.000001597626
 0.000002866017
 0.000005327337
 0.000002820499
 0.000009119397
 0.000005950719
 0.000006641951
 0.000010435307
 0.000008704514
 0.000002889999
 0.000003079579
 0.000001761684
 0.000004433317
 0.000001661919
 0.000001048433
 0.000006846155
 0.000003954689
 0.000002324728
 0.000002014646
 0.000007226706
 0.000002169829
 0.000005514365
 0.000003637363
 0.000003431871
 0.000002073494
 0.000003903245
 0.000001965305
 0.000001802172
 0.000003037306
 0.000001410012
 0.000003059526
 0.000009410399
 0.000002812957
 0.000002437091
 0.000001777428
 0.000004096193
 0.000002373944
 0.000004935647
 0.000001189163
 0.000003577187
 0.000002180958
 0.000002077094
 0.000001527035
 0.000001686493
 0.000002691736
 0.000002275231
 0.000004730556
 0.000001376475
 0.000001669025
 0.000002175345
 0.000001560580
 0.000001252208
 0.000002493038
 0.000001052298
 0.000001406716
 0.000001619755
 0.000003835212
 0.000001280462
 0.000001367157
 0.000003390421
 0.000002385333
 0.000003858391
 0.000004158458
 0.000001369325
 0.000001746914
 0.000001280358
 0.000001330469
 0.000001607643
 0.000002130076
 0.000002702301
 0.000001454221
 0.000003225613
 0.000002911602
 0.000002671814
 0.000002631339
 0.000002678248
 0.000001792688
 0.000003174292
 0.000003692750
 0.000002873591
 0.000003763096
 0.000003291138
 0.000002808187
 0.000002011635
 0.000004347114
 0.000006221494
 0.000004748202
 0.000001905129
 0.000003548505
 0.000002895424
 0.000006641951
 0.000001338889
 0.000001015131
 0.000001850935
 0.000001528289
 0.000000939105
 0.000001805507
 0.000002347982
 0.000002094736
 0.000001641542
 0.000001928630
 0.000001099750
 0.000001424134
 0.000002267448
 0.000002493794
 0.000002884677
 0.000004095694
 0.000001384017
 0.000002458785
 0.000002265776
 0.000004651407
 0.000001594070
 0.000002430736
 0.000001996629
 0.000001763445
 0.000001511790
 0.000003694687
 0.000002179347
 0.000003002222
 0.000001581089
 0.000002503737
 0.000000747040
 0.000002128671
 0.000000675829
 0.000001571283
 0.000001633804
 0.000003244043
 0.000002836499
 0.000004741919
 0.000001836290
 0.000001683854
 0.000002499570
 0.000005158661
 0.000003658171
 0.000001309363
 0.000002011080
 0.000003333538
 0.000002421513
 0.000001354559
 0.000001955540
 0.000001816288
 0.000002826016
 0.000007234264
 0.000004625378
 0.000004549610
 0.000004573155
 0.000002251934
 0.000006014416
 0.000003362316
 0.000002126717
 0.000001063778
 0.000003223728
 0.000005483070
 0.000002944823
 0.000002795354
 0.000006238546
 0.000003357104
 0.000002662667
 0.000003219196
 0.000001325289
 0.000001978636
 0.000002739952
 0.000001526720
 0.000003478346
 0.000004427096
 0.000002716570
 0.000001861613
 0.000004414881
 0.000000817482
 0.000001729292
 0.000006212391
 0.000002463797
 0.000002059901
 0.000002163861
 0.000002957045
 0.000002945184
 0.000001490773
 0.000002217876
 0.000001782707
 0.000002369870
 0.000002369953
 0.000005768286
 0.000001981608
 0.000001890705
 0.000003200893
 0.000002102649
 0.000003370059
 0.000003058310
 0.000002385490
 0.000003216201
 0.000002013839
 0.000002615568
 0.000003543030
 0.000003264601
 0.000004780207
 0.000001737080
 0.000003821267
 0.000001571607
 0.000002390858
 0.000002018445
 0.000003079880
 0.000002341361
 0.000002742478
 0.000003678321
 0.000002133533
 0.000003043956
 0.000006005786
 0.000002952751
 0.000007226161
 0.000001269984
 0.000003736484
 0.000004815406
 0.000003614480
 0.000002921364
 0.000003818896
 0.000002386222
 0.000004587321
 0.000002091456
 0.000004652570
 0.000006154035
 0.000002230612
 0.000002164187
 0.000001865444
 0.000001843593
 0.000002401032
 0.000006129915
 0.000006843094
 0.000005899550
 0.000004083277
 0.000006170797
 0.000008267031
 0.000008864423
 0.000008923495
 0.000005715454
 0.000005690293
 0.000006452343
 0.000007281826
 0.000003339173
 0.000002493193
 0.000013221463
 0.000013262714
 0.000013635150
 0.000016123702
 0.000008789638
 0.000005162745
 0.000010075435
 0.000016577182
 0.000013958374
 0.000008013534
 0.000016417445
 0.000005171945
 0.000002617274
 0.000007686364
 0.000005128524
 0.000003458278
 0.000002969002
 0.000003276203
 0.000004722658
 0.000002278553
 0.000004956597
 0.000006784141
 0.000000611481
 0.000003786751
 0.000002598436
 0.000003907759
 0.000004048798
 0.000004427992
 0.000010332658
 0.000005909233
 0.000006234765
 0.000004432044
 0.000006986064
 0.000040096212
 0.000008297725
 0.000010219446
 0.000003493834
 0.000014599939
 0.000005830094
 0.000010815390
 0.000007550357
 0.000022689735
 0.000007276979
 0.000012557330
 0.000006591377
 0.000009262730
 0.000004393042
 0.000015486983
 0.000008337610
 0.000009367765
 0.000015205093
 0.000017123394
 0.000012650220
 0.000009215603
 0.000008680517
 0.000008379838
 0.000003103157
 0.000001328575
 0.000000920512
 0.000000930837
 0.000002688549
 0.000003686450
 0.000004438534
 0.000009854037
 0.000000314762
 0.000001609895
 0.000001016472
 0.000002515521
 0.000004390015
 0.000003607689
 0.000000755132
 0.000002354336
 0.000002405231
 0.000002069571
 0.000005792938
 0.000009079478
 0.000004367225
 0.000008185126
 0.000001693535
 0.000004602013
 0.000002585176
 0.000001989241
 0.000004471357
 0.000001281823
 0.000003615635
 0.000005106511
 0.000006466630
 0.000002923114
 0.000005561134
 0.000003825030
 0.000001966421
 0.000002763674
 0.000005268281
 0.000007813718
 0.000002552902
 0.000002868091
 0.000003970629
 0.000002111807
 0.000003227391
 0.000009773072
 0.000010792980
 0.000003416932
 0.000003001009
 0.000002789639
 0.000004992706
 0.000003207202
 0.000006580564
 0.000001714581
 0.000001570151
 0.000002665818
 0.000004503241
 0.000004238998
 0.000005600814
 0.000000952129
 0.000002771221
 0.000003554028
 0.000006654394
 0.000002205142
 0.000008732140
 0.000012476438
 0.000007787649
 0.000015546526
 0.000022234435
 0.000073425774
 0.000021644658
 0.000016454942
 0.000016689989
 0.000013624205
 0.000013618295
 0.000024691185
 0.000009033602
 0.000016295337
 0.000027343063
 0.000025624010
 0.000013448693
 0.000027713370
 0.000010765756
 0.000002851148
 0.000006670280
 0.000006897204
 0.000006926083
 0.000004258280
 0.000004103309
 0.000009707903
 0.000017926329
 0.000003922416
 0.000010136579
 0.000008299165
 0.000006952067
 0.000005639550
 0.000005106346
 0.000004591615
 0.000002477524
 0.000002450655
 0.000001323586
 0.000002555544
 0.000005704968
 0.000004195420
 0.000000904268
 0.000006543938
 0.000004302031
 0.000013477180
 0.000014610766
 0.000005670398
 0.000007681169
 0.000006883158
 0.000010077672
 0.000011021816
 0.000006694682
 0.000011182426
 0.000008744076
 0.000009613553
 0.000008110760
 0.000012469680
 0.000009753691
 0.000007159583
 0.000013280983
 0.000012675502
 0.000004790737
 0.000012163422
 0.000014290290
 0.000006019315
 0.000008882686
 0.000004025303
 0.000005581712
 0.000003839841
 0.000002635471
 0.000009019851
 0.000002422935
 0.000001281637
 0.000007971436
 0.000011743181
 0.000001949738
 0.000002206422
 0.000003663524
 0.000004946192
 0.000004961568
 0.000003515568
 0.000001632688
 0.000001862005
 0.000002694508
 0.000002270084
 0.000002628403
 0.000001869638
 0.000003934569
 0.000002898047
 0.000002753410
 0.000003218285
 0.000002044733
 0.000004700632
 0.000004956479
 0.000006766894
 0.000007933082
 0.000006779496
 0.000008517204
 0.000002318280
 0.000004380094
 0.000003465853
 0.000012594656
 0.000001937013
 0.000006566074
 0.000004472334
 0.000001982277
 0.000002382027
 0.000006361220
 0.000003157793
 0.000001448607
 0.000005549396
 0.000002019927
 0.000003176490
 0.000003303280
 0.000001850600
 0.000009803191
 0.000004820491
 0.000008219106
 0.000007503853
 0.000022604417
 0.000015362619
 0.000026227640
 0.000006522696
 0.000002575378
 0.000003759601
 0.000006737093
 0.000008511450
 0.000008470095
 0.000004129785
 0.000002454218
 0.000003278586
 0.000006992870
 0.000003351781
 0.000003292918
 0.000008484874
 0.000009061728
 0.000004383039
 0.000002779503
 0.000002526956
 0.000003910748
 0.000013963742
 0.000002385706
 0.000002914712
 0.000003253888
 0.000002052247
 0.000006094068
 0.000003688421
 0.000004375055
 0.000010872231
 0.000009548965
 0.000003859664
 0.000008673195
 0.000005018113
 0.000003704940
 0.000004039357
 0.000005450495
 0.000003321153
 0.000012243262
 0.000007745704
 0.000004158973
 0.000003982831
 0.000005329339
 0.000006020602
 0.000008763254
 0.000015292330
 0.000008366221
 0.000002531817
 0.000002483080
 0.000002833523
 0.000003159996
 0.000001908372
 0.000005995170
 0.000004329176
 0.000009227985
 0.000016824313
 0.000016463606
 0.000008328149
 0.000014697466
 0.000014518088
 0.000012478859
 0.000012842406
 0.000010015753
 0.000014277470
 0.000022020955
 0.000009370357
 0.000008390810
 0.000011151247
 0.000006969127
 0.000013066194
 0.000011996837
 0.000012317586
 0.000011434827
 0.000005692972
 0.000006322357
 0.000006688806
 0.000007019206
 0.000021013967
 0.000012380078
 0.000007469029
 0.000010022161
 0.000004788364
 0.000005774858
 0.000019898995
 0.000014752263
 0.000009485558
 0.000008529489
 0.000014524546
 0.000006095246
 0.000013598822
 0.000009225369
 0.000011429727
 0.000010393107
 0.000007633022
 0.000006910917
 0.000008314266
 0.000013325062
 0.000007607522
 0.000017345727
 0.000008505575
 0.000009096882
 0.000006022533
 0.000008587014
 0.000018717486
 0.000015598936
 0.000010444455
 0.000013295732
 0.000011305602
 0.000027429602
 0.000009441386
 0.000005350271
 0.000006404072
 0.000009451795
 0.000022579879
 0.000009062780
 0.000025153507
 0.000008329172
 0.000006468099
 0.000007148780
 0.000003713655
 0.000005692013
 0.000006924401
 0.000010025837
 0.000012101256
 0.000011908779
 0.000011758619
 0.000006055252
 0.000007156016
 0.000005832926
 0.000005610033
 0.000004273681
 0.000005470606
 0.000004369651
 0.000003258506
 0.000010321311
 0.000003279767
 0.000009897628
 0.000007787297
 0.000009953397
 0.000018221680
 0.000003628559
 0.000003458222
 0.000005754301
 0.000006050553
 0.000008111838
 0.000003379950
 0.000006662897
 0.000005939757
 0.000006047609
 0.000002608475
 0.000006696027
 0.000005605684
 0.000004087035
 0.000007266523
 0.000005079261
 0.000005872423
 0.000007894984
 0.000003726764
 0.000002660972
 0.000007004072
 0.000005076586
 0.000003887986
 0.000004888498
 0.000010664110
 0.000007467702
 0.000008573120
 0.000007505612
 0.000012459815
 0.000003508610
 0.000007991642
 0.000003875679
 0.000005454407
 0.000007563592
 0.000008112577
 0.000009708176
 0.000002780497
 0.000003456645
 0.000004191451
 0.000002738090
 0.000008978840
 0.000003704396
 0.000001844074
 0.000003082391
 0.000002971101
 0.000005529111
 0.000002791476
 0.000004599981
 0.000003409300
 0.000003793540
 0.000004276776
 0.000008385585
 0.000004158092
 0.000004617759
 0.000010563664
 0.000003085119
 0.000006858106
 0.000006930722
 0.000005234491
 0.000005435211
 0.000006001879
 0.000004136087
 0.000001638116
 0.000002293530
 0.000003245679
 0.000012312894
 0.000002683767
 0.000008944716
 0.000002078720
 0.000003001992
 0.000006879855
 0.000006878690
 0.000005263769
 0.000002155581
 0.000004994033
 0.000006451873
 0.000002659619
 0.000001673824
 0.000003635565
 0.000002697727
 0.000002218318
 0.000003545236
 0.000004419370
 0.000003347011
 0.000003280838
 0.000003673605
 0.000002307282
 0.000005751490
 0.000005071396
 0.000006539430
 0.000007758150
 0.000004162031
 0.000003551355
 0.000002942877
 0.000004997702
 0.000007837593
 0.000006754760
 0.000003335983
 0.000002596125
 0.000004411612
 0.000005675667
 0.000008726703
 0.000006461673
 0.000010581727
 0.000010393523
 0.000004473458
 0.000004799042
 0.000006597483
 0.000003890310
 0.000006382146
 0.000005422269
 0.000006803661
 0.000006067350
 0.000005688628
 0.000004162805
 0.000012667047
 0.000005776984
 0.000003993772
 0.000003192075
 0.000012497501
 0.000006017249
 0.000006393185
 0.000007006262
 0.000003707374
 0.000006249104
 0.000006525219
 0.000012045707
 0.000002476770
 0.000003261873
 0.000002185456
 0.000006955843
 0.000005356741
 0.000002616658
 0.000006045659
 0.000016312633
 0.000004996399
 0.000005188126
 0.000006666068
 0.000009483633
 0.000006964082
 0.000006379589
 0.000014611779
 0.000010792628
 0.000005696384
 0.000004085703
 0.000006062116
 0.000024737941
 0.000007918354
 0.000005879214
 0.000019636294
 0.000012138303
 0.000004944168
 0.000015012596
 0.000006980299
 0.000021354488
 0.000020214162
 0.000004017285
 0.000013304815
 0.000010561368
 0.000009939505
 0.000007451540
 0.000006351609
 0.000004382972
 0.000010031718
 0.000010472038
 0.000008165473
 0.000013883198
 0.000007428614
 0.000008150607
 0.000010989547
 0.000005652755
 0.000005061553
 0.000005686586
 0.000006666887
 0.000010682990
 0.000004229487
 0.000007918003
 0.000007405730
 0.000003245398
 0.000006002104
 0.000002950370
 0.000009811853
 0.000014222403
 0.000009972495
 0.000007239036
 0.000004897466
 0.000004403250
 0.000019476303
 0.000008693400
 0.000015779351
 0.000005219972
 0.000003673292
 0.000007082203
 0.000007035533
 0.000003976666
 0.000005323377
 0.000003900926
 0.000004335999
 0.000002391404
 0.000005639669
 0.000008644504
 0.000005413478
 0.000002639062
 0.000010294943
 0.000011531090
 0.000003735995
 0.000011205619
 0.000006831834
 0.000008247503
 0.000005483343
 0.000005321030
 0.000011669164
 0.000006112764
 0.000005505728
 0.000007681682
 0.000004103282
 0.000008965253
 0.000005912585
 0.000025119949
 0.000006021547
 0.000005414774
 0.000006296467
 0.000003870735
 0.000008008455
 0.000010475314
 0.000008616855
 0.000006301417
 0.000005778805
 0.000003204453
 0.000009269081
 0.000006765056
 0.000004349291
 0.000006969246
 0.000005040618
 0.000008857181
 0.000013142252
 0.000008012509
 0.000003266078
 0.000006046384
 0.000008384745
 0.000022210545
 0.000016571657
 0.000008776017
 0.000003851886
 0.000005641680
 0.000009580469
 0.000005564102
 0.000012755145
 0.000030097883
 0.000016646444
 0.000012174254
 0.000017553595
 0.000004424025
 0.000006022664
 0.000009198481
 0.000005341243
 0.000005730329
 0.000005141418
 0.000006189001
 0.000014273313
 0.000010786092
 0.000016576110
 0.000010064281
 0.000005676511
 0.000024958855
 0.000011349122
 0.000005728059
 0.000008792279
 0.000024751029
 0.000013204156
 0.000015653330
 0.000007186368
 0.000008493595
 0.000011239009
 0.000018823150
 0.000029221527
 0.000023042700
 0.000026881906
 0.000012427213
 0.000012824953
 0.000016641814
 0.000004175455
 0.000003853015
 0.000003920387
 0.000002781079
 0.000006874145
 0.000011525070
 0.000006487211
 0.000009581092
 0.000006574399
 0.000010517440
 0.000009614353
 0.000005160401
 0.000003558445
 0.000004177565
 0.000012016470
 0.000005012139
 0.000021437708
 0.000016124006
 0.000003895385
 0.000006325031
 0.000007364597
 0.000006969881
 0.000009714760
 0.000012888528
 0.000026342157
 0.000006987485
 0.000010346809
 0.000005040835
 0.000008226097
 0.000011911400
 0.000008327767
 0.000005356590
 0.000021786572
 0.000003191117
 0.000009281915
 0.000031545032
 0.000010893369
 0.000008785858
 0.000009579874
 0.000013566346
 0.000011823532
 0.000011207385
 0.000014305859
 0.000010805453
 0.000010461560
 0.000005544463
 0.000005495172
 0.000010545435
 0.000010416316
 0.000005689006
 0.000003848127
 0.000007151647
 0.000005858507
 0.000005421446
 0.000019205580
 0.000006751973
 0.000003217508
 0.000001962620
 0.000004471067
 0.000005570659
 0.000003903147
 0.000005337840
 0.000003397974
 0.000005374018
 0.000002033411
 0.000003224078
 0.000006597008
 0.000019805702
 0.000026463861
 0.000019623023
 0.000009372436
 0.000024853105
 0.000005884234
 0.000010184008
 0.000005982463
 0.000016478936
 0.000002886606
 0.000016780517
 0.000016565863
 0.000011392097
 0.000024991610
 0.000009585417
 0.000042458685
 0.000014824854
 0.000012354490
 0.000025788674
 0.000029761879
 0.000016565821
 0.000010301760
 0.000017473873
 0.000018884886
 0.000027391901
 0.000060105329
 0.000040403948
 0.000018916337
 0.000030493410
 0.000008599122
 0.000005817853
 0.000014471103
 0.000021871404
 0.000008738092
 0.000028791905
 0.000025247775
 0.000016952716
 0.000029182694
 0.000013083738
 0.000009729661
 0.000012933653
 0.000005322893
 0.000010058297
 0.000006642005
 0.000013517009
 0.000020691830
 0.000022841089
 0.000019441778
 0.000015627596
 0.000011270806
 0.000034215249
 0.000011593440
 0.000014683940
 0.000011869500
 0.000017856276
 0.000029436030
 0.000010127853
 0.000011414688
 0.000013148066
 0.000003120646
 0.000002026756
 0.000001767769
 0.000008255734
 0.000003992915
 0.000006568881
 0.000001796111
 0.000002426073
 0.000001205836
 0.000003655005
 0.000003349991
 0.000002475672
 0.000002203147
 0.000004665934
 0.000003119981
 0.000002693536
 0.000004369577
 0.000005532539
 0.000004918787
 0.000002584145
 0.000001599092
 0.000005280060
 0.000007038971
 0.000011515714
 0.000026041527
 0.000006557978
 0.000015395621
 0.000010785732
 0.000011344451
 0.000017447392
 0.000017073933
 0.000004487552
 0.000007065332
 0.000012821663
 0.000009971356
 0.000014920568
 0.000010645701
 0.000016464222
 0.000016531276
 0.000008997160
 0.000016329689
 0.000010957447
 0.000009761733
 0.000033138565
 0.000010590035
 0.000027329873
 0.000014333043
 0.000018582387
 0.000020303773
 0.000024345594
 0.000016580407
 0.000012056950
 0.000013572470
 0.000023224155
 0.000017964102
 0.000013503991
 0.000006990497
 0.000025587908
 0.000012678391
 0.000014068619
 0.000014475207
 0.000026754675
 0.000012837732
 0.000009430350
 0.000014500412
 0.000024211791
 0.000009969915
 0.000007573269
 0.000061965036
 0.000018603976
 0.000003068725
 0.000012839350
 0.000019347248
 0.000020956358
 0.000026553315
 0.000041259975
 0.000019696259
 0.000017373357
 0.000017920669
 0.000022344582
 0.000019433692
 0.000022451147
 0.000035272093
 0.000009045289
 0.000011363026
 0.000014257785
 0.000009127926
 0.000006577582
 0.000015933164
 0.000008808702
 0.000003396166
 0.000001998566
 0.000002912165
 0.000006279023
 0.000005812384
 0.000007964852
 0.000007304785
 0.000004959457
 0.000013271895
 0.000011357142
 0.000005551222
 0.000006770169
 0.000006964093
 0.000009044371
 0.000006874773
 0.000021940948
 0.000009927081
 0.000009701727
 0.000009200249
 0.000007999500
 0.000006367887
 0.000006503044
 0.000004638440
 0.000006969452
 0.000004718579
 0.000004263354
 0.000006123821
 0.000006237125
 0.000004815787
 0.000009108054
 0.000003312200
 0.000009374417
 0.000010446390
 0.000006020997
 0.000006606012
 0.000006481516
 0.000006183028
 0.000010136311
 0.000009023014
 0.000011363116
 0.000007951613
 0.000004479927
 0.000006873053
 0.000003655331
 0.000011528151
 0.000006949135
 0.000009776350
 0.000005231528
 0.000015381328
 0.000012097489
 0.000005794652
 0.000005250069
 0.000007921229
 0.000007051409
 0.000008256580
 0.000004793254
 0.000006622356
 0.000005222564
 0.000005923969
 0.000006574325
 0.000006913572
 0.000008355322
 0.000004882704
 0.000018616634
 0.000010296370
 0.000016520449
 0.000012995127
 0.000007756938
 0.000003014557
 0.000035515122
 0.000007932104
 0.000009146224
 0.000023088486
 0.000015637919
 0.000013970052
 0.000012051289
 0.000005756375
 0.000017542479
 0.000006732218
 0.000005016622
 0.000007681461
 0.000008307699
 0.000026173349
 0.000007040340
 0.000008196641
 0.000007898006
 0.000006475973
 0.000017771482
 0.000006063834
 0.000003984145
 0.000012764340
 0.000013231948
 0.000005580784
 0.000016680675
 0.000008618498
 0.000007958479
 0.000007583488
 0.000005333450
 0.000008058068
 0.000011513408
 0.000014329830
 0.000004526222
 0.000008191562
 0.000014278800
 0.000010148689
 0.000027935017
 0.000013473268
 0.000013399386
 0.000019335854
 0.000022146012
 0.000026322074
 0.000033382455
 0.000027594130
 0.000018909399
 0.000009592108
 0.000017735936
 0.000025607126
 0.000031990313
 0.000010350164
 0.000007924038
 0.000020139340
 0.000024306977
 0.000030059799
 0.000040534683
 0.000016428361
 0.000014929185
 0.000006242629
 0.000018938372
 0.000007201631
 0.000006497754
 0.000013013668
 0.000006373779
 0.000005094935
 0.000015511434
 0.000010728735
 0.000006204884
 0.000006056757
 0.000006159518
 0.000008528828
 0.000007237381
 0.000003955175
 0.000007118392
 0.000010914132
 0.000005532777
 0.000010889092
 0.000009187696
 0.000004146086
 0.000005795328
 0.000007549882
 0.000016070330
 0.000007491392
 0.000005704678
 0.000009495963
 0.000009929129
 0.000005800818
 0.000004204404
 0.000005484696
 0.000002158841
 0.000011196083
 0.000025066017
 0.000008021229
 0.000010155686
 0.000004715096
 0.000014059956
 0.000024798998
 0.000017495110
 0.000014712237
 0.000013023937
 0.000009659960
 0.000025449838
 0.000011224857
 0.000034166593
 0.000013821053
 0.000027103306
 0.000018763964
 0.000021716244
 0.000033778608
 0.000066627063
 0.000023734414
 0.000013330112
 0.000014030837
 0.000010728618
 0.000005510636
 0.000007633862
 0.000011091689
 0.000013523471
 0.000008936774
 0.000012106998
 0.000010375300
 0.000006944540
 0.000005984380
 0.000013558139
 0.000012315343
 0.000009416383
 0.000017491647
 0.000011965398
 0.000018572167
 0.000013741062
 0.000005220996
 0.000005215790
 0.000004490100
 0.000006318089
 0.000011992020
 0.000005421695
 0.000002424960
 0.000004163750
 0.000002295936
 0.000009043677
 0.000002249289
 0.000008932190
 0.000005083476
 0.000003879874
 0.000006194186
 0.000008376648
 0.000008761217
 0.000013643906
 0.000004956567
 0.000003955253
 0.000004546958
 0.000008017897
 0.000010908772
 0.000008029616
 0.000008406026
 0.000014410963
 0.000012576271
 0.000012419575
 0.000006908750
 0.000007874442
 0.000032795795
 0.000008036787
 0.000006295323
 0.000004337085
 0.000002516951
 0.000003248409
 0.000002026005
 0.000003905311
 0.000003697293
 0.000003365597
 0.000003852282
 0.000002550816
 0.000001882357
 0.000004324810
 0.000007770862
 0.000002821223
 0.000003798022
 0.000001289471
 0.000001894290
 0.000006148229
 0.000003768129
 0.000004116277
 0.000005940051
 0.000003267566
 0.000002814749
 0.000005552852
 0.000014484419
 0.000005765723
 0.000006704964
 0.000010951809
 0.000001957533
 0.000009747136
 0.000008323724
 0.000017781583
 0.000011783131
 0.000014343376
 0.000019952005
 0.000004508934
 0.000004693399
 0.000004546761
 0.000010667100
 0.000002023826
 0.000009903150
 0.000003200243
 0.000005717889
 0.000007299995
 0.000015002815
 0.000027276365
 0.000005831179
 0.000007607328
 0.000003036648
 0.000003678154
 0.000008143736
 0.000008223235
 0.000005737682
 0.000003794935
 0.000006961711
 0.000002387122
 0.000004773125
 0.000014812106
 0.000006510231
 0.000003981094
 0.000007692001
 0.000001948110
 0.000005594798
 0.000006824028
 0.000003387591
 0.000005216452
 0.000004740849
 0.000003920015
 0.000018565467
 0.000009506985
 0.000014563451
 0.000012576520
 0.000013761787
 0.000020871302
 0.000005452255
 0.000006701103
 0.000006331028
 0.000005406413
 0.000010237425
 0.000004457574
 0.000008692837
 0.000013330664
 0.000009376260
 0.000006853023
 0.000006430839
 0.000011109906
 0.000008289820
 0.000005338472
 0.000005532196
 0.000014208943
 0.000006166673
 0.000006352079
 0.000003825627
 0.000007493371
 0.000009871258
 0.000002838979
 0.000015652437
 0.000009506019
 0.000006328967
 0.000005507616
 0.000003689202
 0.000010797497
 0.000003500444
 0.000006024312
 0.000006165491
 0.000014568386
 0.000006455970
 0.000006115560
 0.000006197679
 0.000005872320
 0.000008332268
 0.000006319379
 0.000004705427
 0.000007721450
 0.000001906734
 0.000005343437
 0.000001642329
 0.000003080143
 0.000002858764
 0.000003946641
 0.000002513764
 0.000005656244
 0.000003037900
 0.000002707989
 0.000002524103
 0.000003113919
 0.000003562488
 0.000002879722
 0.000006649788
 0.000003284067
 0.000003095943
 0.000004350136
 0.000002088702
 0.000002924086
 0.000005007782
 0.000002953940
 0.000004854770
 0.000003188486
 0.000001289719
 0.000005364038
 0.000008376375
 0.000005062913
 0.000002707210
 0.000002584902
 0.000003361692
 0.000003466969
 0.000003781615
 0.000001744839
 0.000003182726
 0.000003970963
 0.000008797008
 0.000005343287
 0.000009347289
 0.000011138125
 0.000015715552
 0.000004168613
 0.000005391146
 0.000005161317
 0.000007758057
 0.000003439064
 0.000005054309
 0.000007448959
 0.000005011340
 0.000008249319
 0.000005479859
 0.000004658303
 0.000004738265
 0.000003274333
 0.000011302630
 0.000006912840
 0.000005656852
 0.000005204997
 0.000005097765
 0.000004557450
 0.000002979784
 0.000003613142
 0.000009699324
 0.000004848614
 0.000006488405
 0.000003819714
 0.000006966949
 0.000009073418
 0.000005701696
 0.000006384490
 0.000005830075
 0.000001541405
 0.000009501451
 0.000009677729
 0.000007079971
 0.000009375967
 0.000018738954
 0.000008372596
 0.000002970097
 0.000006313456
 0.000008827060
 0.000008080185
 0.000019854674
 0.000014087471
 0.000008623690
 0.000012062408
 0.000012086810
 0.000006221785
 0.000009067340
 0.000011072132
 0.000006705591
 0.000012779152
 0.000010261848
 0.000003769512
 0.000007811776
 0.000014618831
 0.000005441631
 0.000006749094
 0.000008528664
 0.000006661113
 0.000004974019
 0.000003086293
 0.000006944875
 0.000008867035
 0.000013750489
 0.000003999015
 0.000009782514
 0.000003895871
 0.000012419854
 0.000004205826
 0.000002985330
 0.000010290441
 0.000007046617
 0.000008045098
 0.000006411162
 0.000003451550
 0.000008644124
 0.000003737354
 0.000008132943
 0.000004953633
 0.000002970426
 0.000004327486
 0.000007277954
 0.000003318287
 0.000009190315
 0.000007663549
 0.000003836562
 0.000004061403
 0.000007533342
 0.000004311950
 0.000003816746
 0.000003796199
 0.000006223486
 0.000002084558
 0.000002247877
 0.000002848836
 0.000004113729
 0.000004177167
 0.000009756058
 0.000004180665
 0.000005469727
 0.000017027354
 0.000006767378
 0.000005284906
 0.000004983177
 0.000002916326
 0.000002986193
 0.000004334779
 0.000004459484
 0.000009245460
 0.000006722867
 0.000008455505
 0.000017939253
 0.000007540341
 0.000007809853
 0.000009148962
 0.000005944658
 0.000005585928
 0.000005100860
 0.000004533028
 0.000005681962
 0.000006118862
 0.000003627401
 0.000004753631
 0.000002988504
 0.000005370762
 0.000004584429
 0.000004945575
 0.000014089476
 0.000004609175
 0.000004800015
 0.000006004271
 0.000002028561
 0.000002442564
 0.000003022341
 0.000004023545
 0.000006218493
 0.000003478556
 0.000002029966
 0.000003317163
 0.000002905729
 0.000006926258
 0.000007285949
 0.000007088350
 0.000005194151
 0.000006844817
 0.000013268430
 0.000007125166
 0.000004463662
 0.000007397881
 0.000023436874
 0.000036388290
 0.000010369797
 0.000011981260
 0.000020705951
 0.000007445447
 0.000010512651
 0.000004453840
 0.000008446675
 0.000011878269
 0.000003201389
 0.000005962262
 0.000006818480
 0.000006418718
 0.000003355251
 0.000003734068
 0.000002012084
 0.000002671398
 0.000002209448
 0.000003603599
 0.000006623596
 0.000010931807
 0.000003005684
 0.000006230008
 0.000006947819
 0.000003086577
 0.000004392758
 0.000012115341
 0.000005120648
 0.000003869054
 0.000003491913
 0.000003419054
 0.000003875641
 0.000003760860
 0.000004401582
 0.000005700290
 0.000005391108
 0.000006054638
 0.000005348390
 0.000009368586
 0.000005970590
 0.000005570802
 0.000003092799
 0.000002861685
 0.000008955416
 0.000003056615
 0.000003510952
 0.000005850041
 0.000002521280
 0.000006194516
 0.000002383462
 0.000003459311
 0.000005004949
 0.000002056357
 0.000002977564
 0.000001646602
 0.000001643307
 0.000003588427
 0.000002914144
 0.000001224450
 0.000002566091
 0.000001186179
 0.000002053389
 0.000001949538
 0.000001959166
 0.000001300577
 0.000003763625
 0.000002554726
 0.000002738746
 0.000004298582
 0.000008927391
 0.000003573378
 0.000005181021
 0.000003023823
 0.000004629756
 0.000004476234
 0.000003120396
 0.000008311543
 0.000007395578
 0.000008452907
 0.000003582714
 0.000002995467
 0.000002042378
 0.000001788934
 0.000005667085
 0.000011312063
 0.000012107724
 0.000009518124
 0.000014099477
 0.000006500209
 0.000002754389
 0.000007183505
 0.000011413862
 0.000009220108
 0.000004587055
 0.000015216730
 0.000017110262
 0.000013507238
 0.000018381192
 0.000025950765
 0.000028335366
 0.000087819923
 0.000093440538
 0.000055061843
 0.000024460012
 0.000029533812
 0.000035925337
 0.000041804797
 0.000015402817
 0.000009881695
 0.000022465126
 0.000004457085
 0.000019682830
 0.000031363193
 0.000065146610
 0.000021971311
 0.000013118732
 0.000008870838
 0.000011453160
 0.000013457975
 0.000029044702
 0.000033946347
 0.000013644177
 0.000018524161
 0.000032404133
 0.000030484937
 0.000010452359
 0.000010366138
 0.000013647383
 0.000014655998
 0.000007282109
 0.000011392852
 0.000009437531
 0.000044405993
 0.000025099003
 0.000013295993
 0.000029246357
 0.000010917233
 0.000011019829
 0.000020127429
 0.000012790836
 0.000024346379
 0.000009618002
 0.000008685639
 0.000025175179
 0.000013019776
 0.000036031785
 0.000038120426
 0.000029308128
 0.000031884477
 0.000008521520
 0.000010211006
 0.000028660803
 0.000013462577
 0.000015952488
 0.000036931357
 0.000011999000
 0.000014570991
 0.000013683484
 0.000050412600
 0.000012950753
 0.000017996661
 0.000014436415
 0.000021444362
 0.000005818138
 0.000013881275
 0.000020437471
 0.000015005612
 0.000013947595
 0.000034864126
 0.000019584555
 0.000036687633
 0.000024541648
 0.000014483764
 0.000063373404
 0.000031130396
 0.000049928307
 0.000009633125
 0.000007529508
 0.000007003241
 0.000016297359
 0.000015140261
 0.000024903195
 0.000050855376
 0.000028168882
 0.000013277280
 0.000013422533
 0.000018889230
 0.000034953491
 0.000025905632
 0.000018774523
 0.000017098714
 0.000015745992
 0.000023726067
 0.000010940734
 0.000017248796
 0.000034953033
 0.000020958805
 0.000042033467
 0.000021837105
 0.000054142151
 0.000016208109
 0.000023590972
 0.000014563346
 0.000088388433
 0.000050472149
 0.000032479681
 0.000019455908
 0.000039798370
 0.000021791698
 0.000017025488
 0.000019829224
 0.000051326902
 0.000016468985
 0.000021067500
 0.000040403028
 0.000013971582
 0.000033601282
 0.000035852865
 0.000029803929
 0.000024303923
 0.000028603353
 0.000032925459
 0.000038012665
 0.000013384844
 0.000016603875
 0.000029101557
 0.000014510937
 0.000018168895
 0.000028489178
 0.000017629857
 0.000027935510
 0.000009897836
 0.000013106585
 0.000048557524
 0.000018510663
 0.000087475705
 0.000039155751
 0.000064327861
 0.000042998284
 0.000026382647
 0.000037433650
 0.000041477483
 0.000036948645
 0.000031273694
 0.000015268723
 0.000036188486
 0.000032119336
 0.000021760087
 0.000009328912
 0.000025680146
 0.000048457899
 0.000028290514
 0.000037976545
 0.000012726619
 0.000119174815
 0.000020622114
 0.000019354026
 0.000044926737
 0.000019580422
 0.000009328913
 0.000038278715
 0.000008859743
 0.000016984467
 0.000015168091
 0.000044480100
 0.000007918202
 0.000009498943
 0.000023907786
 0.000023488447
 0.000022326326
 0.000009987899
 0.000004361456
 0.000001953122
 0.000004192597
 0.000018304063
 0.000004114815
 0.000005822143
 0.000008469953
 0.000005404049
 0.000022766779
 0.000009201061
 0.000011809382
 0.000010984995
 0.000011486193
 0.000016015303
 0.000014446578
 0.000005957409
 0.000017215603
 0.000028502581
 0.000021385080
 0.000006403743
 0.000019485362
 0.000023020905
 0.000034706200
 0.000059501494
 0.000033307344
 0.000011778873
 0.000006822724
 0.000018382625
 0.000020033976
 0.000022229482
 0.000027161886
 0.000015720557
 0.000022401226
 0.000016772843
 0.000010463876
 0.000008311858
 0.000003249080
 0.000006578607
 0.000006861129
 0.000009694174
 0.000005347257
 0.000002510469
 0.000008952088
 0.000015868796
 0.000028169419
 0.000004890918
 0.000012856671
 0.000008938416
 0.000009570746
 0.000020383803
 0.000011894202
 0.000017521326
 0.000007816406
 0.000016004694
 0.000009400128
 0.000036387828
 0.000006224602
 0.000003333398
 0.000018504269
 0.000016198187
 0.000007349022
 0.000016352515
 0.000016781468
 0.000014117936
 0.000036046849
 0.000009962041
 0.000021683112
 0.000011233247
 0.000044373956
 0.000033512522
 0.000062227752
 0.000037412447
 0.000008054783
 0.000016439562
 0.000017383764
 0.000007353049
 0.000022077977
 0.000025444194
 0.000022449443
 0.000008455969
 0.000008819313
 0.000037305169
 0.000037269440
 0.000021483145
 0.000016950785
 0.000024322483
 0.000019759737
 0.000030094016
 0.000031770336
 0.000051740602
 0.000009362808
 0.000016996687
 0.000014304687
 0.000007417045
 0.000012746734
 0.000006120892
 0.000004181055
 0.000005082281
 0.000022480727
 0.000020403204
 0.000053107134
 0.000013758730
 0.000028370821
 0.000018102851
 0.000074078421
 0.000037639207
 0.000031396910
 0.000013315851
 0.000018035996
 0.000026101920
 0.000014631951
 0.000003908410
 0.000028352892
 0.000031905828
 0.000038299275
 0.000014916979
 0.000017252461
 0.000026070918
 0.000017431827
 0.000079463788
 0.000021802895
 0.000008812142
 0.000035863789
 0.000011584397
 0.000027687493
 0.000012569918
 0.000025206239
 0.000012682666
 0.000027603781
 0.000019697279
 0.000007051032
 0.000018455737
 0.000012687996
 0.000007607781
 0.000005300668
 0.000010631252
 0.000027859313
 0.000022703689
 0.000033200822
 0.000023840243
 0.000011561788
 0.000005895431
 0.000059487588
 0.000016581672
 0.000028664623
 0.000010548436
 0.000012035667
 0.000017836107
 0.000040081120
 0.000008422471
 0.000025640132
 0.000012664797
 0.000021370349
 0.000009621109
 0.000013476998
 0.000016969942
 0.000013918577
 0.000011937026
 0.000013508432
 0.000010289947
 0.000015849186
 0.000032375051
 0.000014269260
 0.000007038621
 0.000025121319
 0.000028669299
 0.000021247077
 0.000043988489
 0.000023573986
 0.000007944235
 0.000021853768
 0.000023921403
 0.000007345931
 0.000009456294
 0.000015045359
 0.000031180157
 0.000008592879
 0.000009165231
 0.000035790698
 0.000008005444
 0.000029376940
 0.000039873682
 0.000068040205
 0.000046101223
 0.000012601279
 0.000028119773
 0.000030711344
 0.000023734159
 0.000019057279
 0.000010529379
 0.000030010718
 0.000024989449
 0.000016389417
 0.000032178840
 0.000030907650
 0.000055100426
 0.000057167695
 0.000076779109
 0.000030853307
 0.000060323482
 0.000026211869
 0.000100150211
 0.000045927128
 0.000076828143
 0.000140642410
 0.000039096036
 0.000079563590
 0.000032683766
 0.000016109527
 0.000007511751
 0.000035532071
 0.000033711950
 0.000039937837
 0.000034122658
 0.000036068048
 0.000036058261
 0.000046605264
 0.000034010674
 0.000061018280
 0.000119898648
 0.000039137717
 0.000033386321
 0.000040972979
 0.000060853965
 0.000031918418
 0.000016046934
 0.000016840146
 0.000024997328
 0.000005389339
 0.000101116711
 0.000041405995
 0.000023094381
 0.000016056667
 0.000030615703
 0.000039489793
 0.000031858461
 0.000035800694
 0.000015157189
 0.000017037719
 0.000028140426
 0.000023442579
 0.000038676944
 0.000011197838
 0.000023058280
 0.000021466761
 0.000011188934
 0.000015190192
 0.000017493167
 0.000025096542
 0.000020021328
 0.000015366086
 0.000032736027
 0.000017554478
 0.000010032059
 0.000025071744
 0.000047017743
 0.000041989097
 0.000019357580
 0.000030708525
 0.000034088066
 0.000038055068
 0.000045690786
 0.000017363429
 0.000009992522
 0.000023037758
 0.000036532402
 0.000026037702
 0.000022559380
 0.000050609750
 0.000018696719
 0.000019622673
 0.000007313981
 0.000044075832
 0.000028060737
 0.000021088886
 0.000016853310
 0.000028200737
 0.000026385723
 0.000022630722
 0.000019044799
 0.000035988921
 0.000039456824
 0.000010078712
 0.000015600529
 0.000032803925
 0.000012841947
 0.000012362773
 0.000017364845
 0.000010999927
 0.000022944229
 0.000013409344
 0.000006483850
 0.000033117961
 0.000014034926
 0.000012478507
 0.000039921171
 0.000014573558
 0.000005432922
 0.000026498018
 0.000026521918
 0.000020306789
 0.000012966471
 0.000023388797
 0.000013023100
 0.000004896917
 0.000010710556
 0.000007114694
 0.000021732579
 0.000018403317
 0.000004795378
 0.000004378000
 0.000006455383
 0.000030906497
 0.000010587005
 0.000015175472
 0.000020485236
 0.000012771822
 0.000013630741
 0.000013970505
 0.000012098179
 0.000027274425
 0.000037383980
 0.000006229115
 0.000023613312
 0.000039891790
 0.000055841141
 0.000008858308
 0.000052980317
 0.000035982986
 0.000039650966
 0.000069159168
 0.000085539088
 0.000051639601
 0.000008487091
 0.000015589808
 0.000021008311
 0.000005599310
 0.000020018210
 0.000034966523
 0.000005250383
 0.000007146334
 0.000015199265
 0.000006113886
 0.000008998221
 0.000014914844
 0.000017240242
 0.000013923538
 0.000020210530
 0.000059347032
 0.000010089344
 0.000010716420
 0.000006777860
 0.000016559874
 0.000013011221
 0.000022363467
 0.000030637367
 0.000023744264
 0.000012372210
 0.000017643794
 0.000006045219
 0.000028821830
 0.000004606527
 0.000007096225
 0.000026549773
 0.000015605976
 0.000022023279
 0.000013774492
 0.000035865557
 0.000013868481
 0.000020022160
 0.000008712495
 0.000019194582
 0.000016448118
 0.000018738115
 0.000013774688
 0.000015856227
 0.000009295330
 0.000015756004
 0.000027549955
 0.000014694478
 0.000025473786
 0.000010375709
 0.000009685905
 0.000025315912
 0.000024745614
 0.000008519048
 0.000030491648
 0.000005576068
 0.000046359533
 0.000014511330
 0.000017180444
 0.000026283978
 0.000002753877
 0.000042974818
 0.000030462259
 0.000011584225
 0.000018993392
 0.000023468380
 0.000016646898
 0.000021020852
 0.000007938301
 0.000010742918
 0.000010331293
 0.000010742566
 0.000013165204
 0.000031352062
 0.000046344080
 0.000014258565
 0.000030949416
 0.000018191880
 0.000008707486
 0.000019032410
 0.000034948469
 0.000020486959
 0.000017623534
 0.000068700974
 0.000049501738
 0.000033240733
 0.000015370996
 0.000014078694
 0.000034049354
 0.000033908259
 0.000016181611
 0.000015610792
 0.000022877035
 0.000025573518
 0.000053367233
 0.000034026894
 0.000017451065
 0.000060786396
 0.000049424811
 0.000019824899
 0.000038337659
 0.000045482427
 0.000050762631
 0.000033825963
 0.000028107619
 0.000028352187
 0.000029191541
 0.000048799576
 0.000014589466
 0.000009520577
 0.000016231688
 0.000012116411
 0.000038085077
 0.000055410136
 0.000017870283
 0.000016477627
 0.000017674387
 0.000027452359
 0.000011575194
 0.000006657371
 0.000017118709
 0.000007592864
 0.000008747848
 0.000024726123
 0.000011795848
 0.000019788088
 0.000018014755
 0.000010280859
 0.000025033426
 0.000009718169
 0.000013645695
 0.000010891333
 0.000006826021
 0.000005082353
 0.000006065684
 0.000006977674
 0.000010410771
 0.000001976906
 0.000008458478
 0.000032995950
 0.000037918655
 0.000008055278
 0.000010902072
 0.000010113020
 0.000014534989
 0.000014548291
 0.000002480605
 0.000004242925
 0.000011916914
 0.000019942005
 0.000017761660
 0.000022615449
 0.000020159726
 0.000024519756
 0.000022899873
 0.000006121895
 0.000005572023
 0.000003268782
 0.000011114291
 0.000004745755
 0.000001225688
 0.000003622627
 0.000015725530
 0.000011821543
 0.000019540828
 0.000018896640
 0.000013384539
 0.000008453394
 0.000004419722
 0.000011090486
 0.000003728197
 0.000015812086
 0.000033180858
 0.000006559599
 0.000021859294
 0.000021058383
 0.000012248660
 0.000029790562
 0.000018173329
 0.000040146454
 0.000061938629
 0.000029805695
 0.000039862644
 0.000021984174
 0.000012217714
 0.000024439496
 0.000017974852
 0.000010947925
 0.000016282919
 0.000009215054
 0.000022401905
 0.000056255304
 0.000026054722
 0.000017434114
 0.000018192278
 0.000005916642
 0.000007183960
 0.000007689088
 0.000008945400
 0.000022216237
 0.000017743240
 0.000006554932
 0.000008816194
 0.000004816910
 0.000004302685
 0.000007455869
 0.000010372551
 0.000031643498
 0.000015132154
 0.000008299394
 0.000010107347
 0.000018978914
 0.000011186061
 0.000003926035
 0.000025821710
 0.000011310022
 0.000013804246
 0.000011711764
 0.000009778096
 0.000020479261
 0.000007923781
 0.000008749514
 0.000009577308
 0.000004992466
 0.000017071822
 0.000011196896
 0.000020737021
 0.000006889585
 0.000047863723
 0.000021524046
 0.000028053624
 0.000016397156
 0.000028023439
 0.000023778847
 0.000022360502
 0.000032657585
 0.000017163930
 0.000012842377
 0.000010871801
 0.000004578855
 0.000011870798
 0.000009617059
 0.000018829970
 0.000067272684
 0.000019723750
 0.000013168554
 0.000043774611
 0.000025642540
 0.000015816787
 0.000014196778
 0.000018244940
 0.000013554874
 0.000028244399
 0.000019649263
 0.000006066722
 0.000008044363
 0.000033583820
 0.000009516159
 0.000043668754
 0.000021951401
 0.000013941002
 0.000024255901
 0.000014858546
 0.000040961150
 0.000022823733
 0.000033886604
 0.000011448470
 0.000016728130
 0.000005946016
 0.000005125069
 0.000009759377
 0.000011863580
 0.000009497636
 0.000005879752
 0.000010069385
 0.000009339418
 0.000011224937
 0.000006542708
 0.000008258596
 0.000007981481
 0.000010969139
 0.000005546962
 0.000001901503
 0.000007562036
 0.000004738005
 0.000007448897
 0.000007504498
 0.000013446152
 0.000009520343
 0.000007187078
 0.000015346774
 0.000009493722
 0.000009008449
 0.000014411504
 0.000008352829
 0.000025165458
 0.000017053280
 0.000029210848
 0.000013076351
 0.000015222897
 0.000003197852
 0.000003903982
 0.000018514982
 0.000007529579
 0.000006285070
 0.000006405749
 0.000005580142
 0.000013667904
 0.000010715662
 0.000006211555
 0.000003092438
 0.000008055377
 0.000017985494
 0.000004356111
 0.000010102992
 0.000006088957
 0.000015035742
 0.000008689874
 0.000024756131
 0.000026866707
 0.000007594304
 0.000008359884
 0.000004738894
 0.000010353553
 0.000011156808
 0.000006720606
 0.000004734506
 0.000005814195
 0.000007864692
 0.000010898470
 0.000012644758
 0.000015765204
 0.000005857761
 0.000005873733
 0.000005695936
 0.000022705320
 0.000017731260
 0.000039422678
 0.000008814820
 0.000012913456
 0.000043391738
 0.000011399211
 0.000032036257
 0.000006282612
 0.000008814967
 0.000015571233
 0.000006782952
 0.000013594841
 0.000023777084
 0.000015639355
 0.000019306740
 0.000018437629
 0.000007072913
 0.000022503652
 0.000021465041
 0.000016355901
 0.000013804530
 0.000027535564
 0.000012400649
 0.000006269938
 0.000021712021
 0.000046735135
 0.000027969929
 0.000014144389
 0.000049746437
 0.000013346632
 0.000015077747
 0.000012373508
 0.000004678291
 0.000008559147
 0.000011693088
 0.000007080042
 0.000046986831
 0.000012241181
 0.000013946391
 0.000007433685
 0.000012096637
 0.000005280217
 0.000004938173
 0.000005057486
 0.000010847578
 0.000018811787
 0.000017910279
 0.000015262646
 0.000014693070
 0.000016073846
 0.000018384686
 0.000022809246
 0.000025791049
 0.000023610372
 0.000017958651
 0.000012824702
 0.000009320115
 0.000011761932
 0.000012557807
 0.000011735030
 0.000011135360
 0.000009301088
 0.000010300134
 0.000005816142
 0.000008520919
 0.000009694654
 0.000007604591
 0.000007671110
 0.000009396430
 0.000005139311
 0.000005469011
 0.000015371022
 0.000006524272
 0.000014526314
 0.000009209757
 0.000008387091
 0.000047791196
 0.000031946908
 0.000005146750
 0.000008391476
 0.000002869462
 0.000011327596
 0.000015573155
 0.000013347901
 0.000033405317
 0.000011347881
 0.000021323220
 0.000004851514
 0.000009911607
 0.000020851473
 0.000003395850
 0.000017699737
 0.000018807397
 0.000012232472
 0.000006543063
 0.000007180707
 0.000013354548
 0.000015089436
 0.000004105660
 0.000006206596
 0.000017011205
 0.000008791568
 0.000006068721
 0.000004954682
 0.000025590124
 0.000013630621
 0.000008430598
 0.000005034493
 0.000005343304
 0.000005626718
 0.000013522062
 0.000011386129
 0.000005629214
 0.000006064725
 0.000017002894
 0.000010294417
 0.000008039044
 0.000016578652
 0.000003877137
 0.000008081084
 0.000018996409
 0.000011630205
 0.000026323470
 0.000017298704
 0.000004977831
 0.000005616401
 0.000009299205
 0.000014165743
 0.000004259219
 0.000005408169
 0.000019385630
 0.000014845636
 0.000006535952
 0.000002626798
 0.000018370430
 0.000011213760
 0.000005924305
 0.000006608638
 0.000010261988
 0.000011005105
 0.000013121406
 0.000005945927
 0.000016628005
 0.000007960402
 0.000025923254
 0.000011586522
 0.000011612362
 0.000014403005
 0.000015543532
 0.000037703820
 0.000042468833
 0.000009276114
 0.000006637652
 0.000008468156
 0.000007358816
 0.000008460834
 0.000007230367
 0.000008689295
 0.000015461474
 0.000011218512
 0.000005845288
 0.000006713368
 0.000020264756
 0.000018362308
 0.000004567586
 0.000007302338
 0.000008632704
 0.000006072378
 0.000026012183
 0.000004332014
 0.000005540720
 0.000010609856
 0.000003277210
 0.000009026983
 0.000011672294
 0.000037206729
 0.000015319885
 0.000033343680
 0.000016509295
 0.000014834097
 0.000007171061
 0.000026801131
 0.000026384510
 0.000032893047
 0.000017814113
 0.000041821821
 0.000005995559
 0.000038976400
 0.000010870258
 0.000005208757
 0.000007246871
 0.000007518086
 0.000005432973
 0.000014249916
 0.000006091042
 0.000004276042
 0.000019155794
 0.000007015026
 0.000017573345
 0.000016930322
 0.000008225711
 0.000008158635
 0.000004422624
 0.000006550037
 0.000015107032
 0.000010920812
 0.000008701774
 0.000008505685
 0.000008028023
 0.000008689129
 0.000002935562
 0.000011794757
 0.000015002166
 0.000026263354
 0.000016948529
 0.000015470839
 0.000051033176
 0.000016997882
 0.000025027497
 0.000011518215
 0.000023811133
 0.000004289379
 0.000011489392
 0.000009655621
 0.000025149212
 0.000018471936
 0.000016227577
 0.000041192810
 0.000017067418
 0.000039176027
 0.000023400852
 0.000030961839
 0.000024902443
 0.000016558753
 0.000024801280
 0.000025769333
 0.000012117821
 0.000019691005
 0.000031795721
 0.000035020808
 0.000055017677
 0.000017226606
 0.000038394528
 0.000011437502
 0.000062412427
 0.000020327030
 0.000017783250
 0.000076775781
 0.000009478410
 0.000006884012
 0.000009335896
 0.000013653878
 0.000012554596
 0.000023462881
 0.000006400006
 0.000008303346
 0.000015393446
 0.000005930101
 0.000027108890
 0.000005391023
 0.000003852444
 0.000007030251
 0.000008570441
 0.000010106366
 0.000040787171
 0.000017044129
 0.000017757652
 0.000007860698
 0.000006395646
 0.000011441113
 0.000007522625
 0.000031368905
 0.000009620430
 0.000044705327
 0.000009440993
 0.000010783358
 0.000006311652
 0.000008777754
 0.000013655233
 0.000012292579
 0.000016750624
 0.000003013999
 0.000011915703
 0.000024503103
 0.000016028624
 0.000019948250
 0.000022525958
 0.000025005296
 0.000020594659
 0.000018814785
 0.000018236405
 0.000012662733
 0.000013953198
 0.000017324429
 0.000018367870
 0.000025542235
 0.000019226524
 0.000022659257
 0.000041276227
 0.000022844751
 0.000023851444
 0.000014089789
 0.000010189756
 0.000019483269
 0.000012206466
 0.000006349109
 0.000006929731
 0.000007689582
 0.000012553851
 0.000012710186
 0.000008284603
 0.000017783573
 0.000031410985
 0.000013991917
 0.000007198598
 0.000010510985
 0.000008850732
 0.000005805794
 0.000016285293
 0.000014961296
 0.000014446417
 0.000022357395
 0.000017184268
 0.000027963432
 0.000006629974
 0.000014893574
 0.000030218818
 0.000011448923
 0.000018252874
 0.000019696180
 0.000014713988
 0.000006191841
 0.000016466055
 0.000024084448
 0.000018930220
 0.000028558195
 0.000016805805
 0.000017054582
 0.000013708869
 0.000015274020
 0.000013496944
 0.000023314741
 0.000019149887
 0.000020142445
 0.000009755746
 0.000015278581
 0.000017392426
 0.000026279706
 0.000015245726
 0.000014095567
 0.000021045635
 0.000009029235
 0.000006041195
 0.000017295230
 0.000017388989
 0.000008979535
 0.000014159000
 0.000007017740
 0.000010758758
 0.000015472869
 0.000005438066
 0.000009218419
 0.000032034962
 0.000031874173
 0.000019030744
 0.000025076434
 0.000021815737
 0.000007717687
 0.000011994648
 0.000024408790
 0.000008153448
 0.000013180582
 0.000008967482
 0.000009561479
 0.000021171760
 0.000025869274
 0.000033634513
 0.000012083969
 0.000006306222
 0.000011631525
 0.000011862414
 0.000030467605
 0.000008014590
 0.000044311583
 0.000031745649
 0.000047287050
 0.000042890087
 0.000044603152
 0.000016837416
 0.000011583770
 0.000026950055
 0.000014756429
 0.000014866928
 0.000016857768
 0.000007184442
 0.000013633637
 0.000014494677
 0.000010037316
 0.000026780627
 0.000009035458
 0.000011233827
 0.000013828992
 0.000044137020
 0.000016735670
 0.000025021408
 0.000013847477
 0.000008551531
 0.000013330273
 0.000013981570
 0.000030263144
 0.000013920417
 0.000039811886
 0.000011436884
 0.000007721844
 0.000014482364
 0.000057212299
 0.000019805261
 0.000017669803
 0.000022338218
 0.000023645349
 0.000010848527
 0.000010920603
 0.000019010649
 0.000026242971
 0.000030458142
 0.000018662487
 0.000017560367
 0.000032545362
 0.000013895644
 0.000012731840
 0.000040840591
 0.000019483168
 0.000008598589
 0.000015802181
 0.000006615428
 0.000015509227
 0.000017433175
 0.000012549980
 0.000013485039
 0.000016432159
 0.000038347577
 0.000012563460
 0.000016310831
 0.000029286088
 0.000022847266
 0.000006826438
 0.000018171989
 0.000022949024
 0.000013876516
 0.000011368011
 0.000025057480
 0.000014061973
 0.000025526908
 0.000008362881
 0.000018835146
 0.000008633646
 0.000034166470
 0.000014860519
 0.000007360096
 0.000010551869
 0.000020208203
 0.000040165267
 0.000011435078
 0.000005438035
 0.000011062624
 0.000033848727
 0.000014296023
 0.000009791431
 0.000011731888
 0.000037560984
 0.000007898698
 0.000011839843
 0.000025631047
 0.000034915809
 0.000027613570
 0.000016427855
 0.000041835337
 0.000010282340
 0.000016533595
 0.000010385683
 0.000012140328
 0.000008855447
 0.000018807681
 0.000036634163
 0.000027353310
 0.000018548190
 0.000020720289
 0.000020624847
 0.000050997481
 0.000031902585
 0.000017917869
 0.000009314059
 0.000024316010
 0.000006017719
 0.000014387167
 0.000020050658
 0.000015136551
 0.000013892891
 0.000017962055
 0.000020694098
 0.000012545278
 0.000014026851
 0.000012551289
 0.000010985199
 0.000011522213
 0.000009302917
 0.000020697790
 0.000024952863
 0.000030082486
 0.000025107024
 0.000037162948
 0.000019408853
 0.000014638303
 0.000021930263
 0.000029169141
 0.000019595499
 0.000021122258
 0.000015574282
 0.000023412404
 0.000018498061
 0.000020649747
 0.000034226161
 0.000046004015
 0.000020057969
 0.000024826238
 0.000023302842
 0.000050699423
 0.000038089972
 0.000027791780
 0.000032710923
 0.000033862823
 0.000010002450
 0.000019453633
 0.000009017617
 0.000036769756
 0.000020550423
 0.000034954269
 0.000019311815
 0.000035494128
 0.000019640428
 0.000019312661
 0.000020452036
 0.000038978245
 0.000054883266
 0.000012268830
 0.000049611922
 0.000020343653
 0.000017561628
 0.000028722917
 0.000086489236
 0.000107316096
 0.000011831827
 0.000011423475
 0.000033725842
 0.000055129081
 0.000014850251
 0.000023872349
 0.000016223420
 0.000021856208
 0.000023988886
 0.000020958508
 0.000013050090
 0.000016426454
 0.000011999521
 0.000013050972
 0.000005960047
 0.000025276608
 0.000004594521
 0.000011709036
 0.000028095355
 0.000011375734
 0.000004670131
 0.000009043685
 0.000008092622
 0.000006354161
 0.000012618505
 0.000015375681
 0.000010326717
 0.000008926859
 0.000011664879
 0.000007069026
 0.000007358505
 0.000014017181
 0.000022434606
 0.000010697531
 0.000081721348
 0.000023998102
 0.000005926281
 0.000007010093
 0.000006777872
 0.000014833339
 0.000006617561
 0.000007113028
 0.000005484414
 0.000011934873
 0.000008248566
 0.000007266080
 0.000010274917
 0.000007745881
 0.000009825330
 0.000014571365
 0.000008054664
 0.000013647826
 0.000010143186
 0.000010766922
 0.000005668520
 0.000005546370
 0.000016566978
 0.000007452127
 0.000014932478
 0.000018684755
 0.000011554219
 0.000009745059
 0.000012757759
 0.000014601914
 0.000054338653
 0.000010834648
 0.000027872632
 0.000011235959
 0.000008347062
 0.000006463645
 0.000011343778
 0.000042065736
 0.000018418874
 0.000014325820
 0.000021965439
 0.000028493561
 0.000015967148
 0.000031243699
 0.000022461062
 0.000021091195
 0.000018048416
 0.000009357186
 0.000055424991
 0.000022330597
 0.000017449761
 0.000026882336
 0.000016245390
 0.000016644837
 0.000008986661
 0.000051133268
 0.000013206016
 0.000012252258
 0.000065104537
 0.000033742379
 0.000026459778
 0.000017238444
 0.000023280901
 0.000032451999
 0.000015205843
 0.000040708701
 0.000014669901
 0.000030290258
 0.000008544612
 0.000018493679
 0.000020655773
 0.000006264293
 0.000006311579
 0.000026056310
 0.000014666527
 0.000025416420
 0.000025687660
 0.000018062209
 0.000020931274
 0.000014403859
 0.000008967989
 0.000015859801
 0.000017318479
 0.000006718749
 0.000035067826
 0.000013488049
 0.000009573001
 0.000010617983
 0.000015924550
 0.000014468082
 0.000029488574
 0.000028750696
 0.000014207395
 0.000017971555
 0.000014369772
 0.000012352022
 0.000035266642
 0.000009766002
 0.000009373153
 0.000019211275
 0.000014773464
 0.000006453545
 0.000008236801
 0.000006543995
 0.000018727697
 0.000010897847
 0.000013373243
 0.000012442497
 0.000006621592
 0.000006212191
 0.000031138563
 0.000026388597
 0.000017463521
 0.000029134873
 0.000016380939
 0.000027802588
 0.000016359773
 0.000058355665
 0.000026867489
 0.000025384010
 0.000019993144
 0.000014033829
 0.000025281149
 0.000029777006
 0.000011101548
 0.000024895977
 0.000012319713
 0.000024993480
 0.000018571878
 0.000010201374
 0.000009599638
 0.000022344130
 0.000022122241
 0.000006415770
 0.000015649017
 0.000015475620
 0.000013825270
 0.000021282165
 0.000006873286
 0.000028178266
 0.000027503281
 0.000011442644
 0.000031944861
 0.000005145195
 0.000007801228
 0.000013478459
 0.000009868908
 0.000026453214
 0.000010543319
 0.000012411842
 0.000007978583
 0.000008972503
 0.000018357182
 0.000020316752
 0.000031628513
 0.000067989611
 0.000026187771
 0.000013498211
 0.000017205430
 0.000012540230
 0.000025992350
 0.000015056915
 0.000009239898
 0.000022623211
 0.000019368050
 0.000022304930
 0.000017947641
 0.000021406560
 0.000013131531
 0.000019463863
 0.000019988920
 0.000016979152
 0.000025917487
 0.000026207292
 0.000025233956
 0.000015336903
 0.000019030627
 0.000028323830
 0.000013389605
 0.000016107409
 0.000011172676
 0.000022293852
 0.000011180691
 0.000007067862
 0.000006603690
 0.000019095140
 0.000015408060
 0.000026506980
 0.000019167590
 0.000014606791
 0.000014364652
 0.000017416911
 0.000030623635
 0.000013080425
 0.000031802269
 0.000013928799
 0.000015209524
 0.000020642610
 0.000019360145
 0.000010358409
 0.000012016960
 0.000018927062
 0.000015358139
 0.000006791457
 0.000012999530
 0.000016866482
 0.000007342587
 0.000020371145
 0.000008457926
 0.000013189687
 0.000033597319
 0.000009287640
 0.000003833975
 0.000010304642
 0.000006813967
 0.000017799000
 0.000026797718
 0.000055711827
 0.000011963746
 0.000023488858
 0.000015090697
 0.000013472611
 0.000009983822
 0.000015222892
 0.000009860535
 0.000015848960
 0.000020171403
 0.000011109906
 0.000006128571
 0.000011159696
 0.000013249749
 0.000012553969
 0.000015125776
 0.000012489832
 0.000017277749
 0.000021613871
 0.000021260617
 0.000022034082
 0.000024284940
 0.000034518995
 0.000011292504
 0.000029953587
 0.000029761957
 0.000013603690
 0.000010351576
 0.000006913777
 0.000010725049
 0.000013801965
 0.000009284263
 0.000020071375
 0.000010548762
 0.000005226950
 0.000007379000
 0.000006583088
 0.000004589788
 0.000006008197
 0.000006764914
 0.000005684900
 0.000010709489
 0.000007530291
 0.000008396167
 0.000018630809
 0.000020913369
 0.000020129938
 0.000011049931
 0.000012771309
 0.000017528076
 0.000008471440
 0.000007676859
 0.000002549533
 0.000011201515
 0.000008907061
 0.000012404830
 0.000014597015
 0.000012355020
 0.000015952758
 0.000007979300
 0.000004205751
 0.000005198647
 0.000007406277
 0.000010252032
 0.000007288815
 0.000008654549
 0.000006107115
 0.000010251966
 0.000009415117
 0.000011310878
 0.000011036255
 0.000024260718
 0.000006581785
 0.000008278496
 0.000016473318
 0.000011772698
 0.000033308625
 0.000006510698
 0.000009416113
 0.000036582144
 0.000008852441
 0.000023769422
 0.000017248720
 0.000006670297
 0.000020948429
 0.000018727223
 0.000012405537
 0.000014592917
 0.000026695085
 0.000042395066
 0.000052206908
 0.000019211149
 0.000014719267
 0.000041011501
 0.000015917052
 0.000037657637
 0.000030843027
 0.000015126495
 0.000021076189
 0.000047959077
 0.000041402752
 0.000011102229
 0.000011825999
 0.000012193011
 0.000011799571
 0.000035831198
 0.000013541831
 0.000004757391
 0.000019939061
 0.000023095120
 0.000012556519
 0.000015631444
 0.000024095744
 0.000036252667
 0.000018422255
 0.000014393507
 0.000027331406
 0.000020689398
 0.000015928921
 0.000015858636
 0.000016060580
 0.000026318093
 0.000035864303
 0.000016625874
 0.000006153232
 0.000009583803
 0.000009482672
 0.000013792685
 0.000008950656
 0.000007223100
 0.000003866265
 0.000011249968
 0.000012499451
 0.000012893345
 0.000012441514
 0.000019632256
 0.000011513914
 0.000020640766
 0.000024155261
 0.000010083524
 0.000022185856
 0.000010862682
 0.000007132819
 0.000009182615
 0.000009031705
 0.000025061221
 0.000023040915
 0.000012809111
 0.000026529286
 0.000026624772
 0.000060162864
 0.000002732641
 0.000014498355
 0.000007073591
 0.000009246238
 0.000015173789
 0.000004172564
 0.000009382667
 0.000007154420
 0.000008857033
 0.000008602589
 0.000006518798
 0.000015482815
 0.000007499163
 0.000025733031
 0.000006521565
 0.000012646253
 0.000008621625
 0.000016066413
 0.000011386205
 0.000015662366
 0.000014866729
 0.000018449132
 0.000022709107
 0.000028804794
 0.000005380740
 0.000007920479
 0.000033962069
 0.000008185971
 0.000006828140
 0.000019406725
 0.000029641378
 0.000009788073
 0.000022292906
 0.000032556839
 0.000015177433
 0.000013780283
 0.000023177347
 0.000028720905
 0.000043397271
 0.000014268331
 0.000013254079
 0.000011622968
 0.000020002424
 0.000050968249
 0.000015862306
 0.000014390708
 0.000012432852
 0.000010302911
 0.000010319944
 0.000015688162
 0.000007605984
 0.000007415667
 0.000010056394
 0.000013557068
 0.000015345948
 0.000011158408
 0.000005402551
 0.000019734168
 0.000031311136
 0.000010183226
 0.000017988880
 0.000014456238
 0.000010771092
 0.000010978560
 0.000005397601
 0.000015876432
 0.000016198802
 0.000006395853
 0.000004561203
 0.000007656330
 0.000008513673
 0.000029397606
 0.000015458277
 0.000009932953
 0.000009531079
 0.000021095342
 0.000007486796
 0.000015269675
 0.000010133343
 0.000011061817
 0.000013857753
 0.000030652066
 0.000033361287
 0.000010994350
 0.000013250893
 0.000020764277
 0.000027958864
 0.000030353722
 0.000021084812
 0.000012977882
 0.000021714979
 0.000015060656
 0.000009879795
 0.000011223508
 0.000010708563
 0.000009360719
 0.000013598464
 0.000011755495
 0.000010704740
 0.000016370503
 0.000020140095
 0.000025072133
 0.000004014491
 0.000003021613
 0.000007191023
 0.000021083369
 0.000006730495
 0.000012340905
 0.000019870661
 0.000009448128
 0.000023396138
 0.000009145487
 0.000006711367
 0.000004273404
 0.000007433424
 0.000006095176
 0.000019611381
 0.000020386089
 0.000004857376
 0.000007855609
 0.000018943045
 0.000008295101
 0.000014398785
 0.000005177648
 0.000012258878
 0.000003889168
 0.000005343900
 0.000012739408
 0.000015668158
 0.000008496523
 0.000014832704
 0.000011559078
 0.000006893748
 0.000025055357
 0.000011274344
 0.000016611436
 0.000021535846
 0.000013465042
 0.000023486026
 0.000013794801
 0.000031526606
 0.000044017995
 0.000036540670
 0.000020980816
 0.000065646965
 0.000023307369
 0.000018584964
 0.000014362538
 0.000004578221
 0.000010655799
 0.000004830293
 0.000014397580
 0.000029109293
 0.000013034606
 0.000011593274
 0.000011373690
 0.000008602220
 0.000010460391
 0.000007911946
 0.000006813924
 0.000006896740
 0.000014634046
 0.000011204264
 0.000019397600
 0.000012146103
 0.000006974946
 0.000026276866
 0.000007323555
 0.000039592992
 0.000023464962
 0.000033546662
 0.000020282966
 0.000026452556
 0.000018204493
 0.000018432294
 0.000007536995
 0.000019538624
 0.000005131800
 0.000009098931
 0.000022981550
 0.000008783822
 0.000022508460
 0.000014509977
 0.000021926823
 0.000013713507
 0.000038470755
 0.000014390906
 0.000023204611
 0.000023449109
 0.000011972250
 0.000150823030
 0.000020642958
 0.000032417763
 0.000007069581
 0.000093420068
 0.000005028155
 0.000004914750
 0.000014049396
 0.000019002018
 0.000008040047
 0.000007580225
 0.000008270968
 0.000008054008
 0.000004125077
 0.000016039039
 0.000024002106
 0.000026904532
 0.000004540595
 0.000039402515
 0.000008944743
 0.000006198606
 0.000005359248
 0.000013512201
 0.000034375661
 0.000018776989
 0.000002508343
 0.000006568697
 0.000004148737
 0.000010686665
 0.000007230521
 0.000011409855
 0.000005641657
 0.000008830625
 0.000005309127
 0.000013544834
 0.000020856289
 0.000017417101
 0.000004402163
 0.000006507610
 0.000007952566
 0.000009783849
 0.000017510413
 0.000018160061
 0.000007924432
 0.000005806081
 0.000008003566
 0.000005516386
 0.000012214520
 0.000005677984
 0.000007628937
 0.000012698733
 0.000012148130
 0.000012291747
 0.000024065805
 0.000012780387
 0.000004889489
 0.000009133837
 0.000005127497
 0.000006132544
 0.000011986649
 0.000003880109
 0.000008542494
 0.000011171273
 0.000011719797
 0.000009748718
 0.000017283320
 0.000009888631
 0.000010495563
 0.000015421996
 0.000018672483
 0.000018286595
 0.000009631929
 0.000009919328
 0.000007213221
 0.000011339555
 0.000011695467
 0.000024353510
 0.000015077006
 0.000014632624
 0.000034988373
 0.000010781570
 0.000019494797
 0.000008285532
 0.000003851484
 0.000026566123
 0.000010560013
 0.000007326284
 0.000012333886
 0.000015313031
 0.000013958145
 0.000013627260
 0.000014245058
 0.000019951724
 0.000017301283
 0.000024956968
 0.000009217044
 0.000006181416
 0.000008249593
 0.000024588176
 0.000009284944
 0.000014408713
 0.000036616440
 0.000019739795
 0.000009741181
 0.000015118156
 0.000008558539
 0.000013724568
 0.000008265287
 0.000025599268
 0.000026853905
 0.000007386328
 0.000018608205
 0.000011436672
 0.000005027634
 0.000006980254
 0.000010269420
 0.000012770758
 0.000019290413
 0.000010218637
 0.000008558112
 0.000009738456
 0.000019888161
 0.000009769833
 0.000016401446
 0.000008037115
 0.000008458044
 0.000011670014
 0.000021292064
 0.000019018428
 0.000006941577
 0.000008470239
 0.000003444863
 0.000007606596
 0.000004962055
 0.000010538502
 0.000010603332
 0.000012017688
 0.000014234324
 0.000014184161
 0.000005745087
 0.000007325942
 0.000038111450
 0.000016261112
 0.000019490078
 0.000010464191
 0.000008335340
 0.000013560021
 0.000015873723
 0.000010398320
 0.000010976146
 0.000015165680
 0.000012651580
 0.000034323785
 0.000016793481
 0.000018309720
 0.000013929826
 0.000017599908
 0.000014127397
 0.000021831148
 0.000009653226
 0.000008968063
 0.000014360495
 0.000011053742
 0.000011913959
 0.000014897669
 0.000048261935
 0.000013184314
 0.000005009857
 0.000021223096
 0.000015606113
 0.000026476461
 0.000007920493
 0.000012755677
 0.000003710141
 0.000005452201
 0.000014738749
 0.000009890648
 0.000009905273
 0.000021148877
 0.000005480553
 0.000027212728
 0.000005920020
 0.000010146347
 0.000005184639
 0.000007873919
 0.000004292555
 0.000006755654
 0.000010357258
 0.000013609000
 0.000007356344
 0.000012267029
 0.000013240600
 0.000018741038
 0.000003796882
 0.000008623565
 0.000003740798
 0.000010409485
 0.000004936311
 0.000011458684
 0.000008163654
 0.000011076921
 0.000026243143
 0.000007146736
 0.000032344458
 0.000030401046
 0.000010216770
 0.000004997838
 0.000010144432
 0.000005919711
 0.000004653187
 0.000012499042
 0.000006438363
 0.000005878645
 0.000005618559
 0.000009291106
 0.000016031772
 0.000014733841
 0.000017105524
 0.000017075063
 0.000020074573
 0.000015619681
 0.000020247753
 0.000007968950
 0.000026799235
 0.000020698771
 0.000019805709
 0.000011716171
 0.000026171088
 0.000019022175
 0.000020324082
 0.000026877430
 0.000008837229
 0.000012901108
 0.000060504697
 0.000008318364
 0.000024102955
 0.000036374994
 0.000017468027
 0.000024987184
 0.000015633113
 0.000025682234
 0.000009057719
 0.000008334762
 0.000019338409
 0.000015014112
 0.000011236215
 0.000011751736
 0.000041076616
 0.000032467574
 0.000019553852
 0.000018092208
 0.000006707528
 0.000018102666
 0.000011737553
 0.000045138556
 0.000012300108
 0.000011171735
 0.000007249233
 0.000006788703
 0.000011017980
 0.000009143574
 0.000011808130
 0.000011542283
 0.000005208172
 0.000041898726
 0.000016518811
 0.000011076821
 0.000011031951
 0.000008971618
 0.000012767046
 0.000016869279
 0.000008825597
 0.000006352279
 0.000019274535
 0.000009215103
 0.000035478137
 0.000009512010
 0.000021461315
 0.000016462629
 0.000011086985
 0.000029799337
 0.000009925454
 0.000014995311
 0.000011758237
 0.000007103963
 0.000008262435
 0.000018312569
 0.000017095014
 0.000013982687
 0.000014055719
 0.000006729553
 0.000011919166
 0.000021447598
 0.000015796657
 0.000013775797
 0.000016834987
 0.000039401272
 0.000018433174
 0.000029052506
 0.000009432008
 0.000019729330
 0.000013589679
 0.000036123600
 0.000018467161
 0.000005423069
 0.000011136238
 0.000024754790
 0.000044525706
 0.000016204447
 0.000022248584
 0.000029177069
 0.000017471122
 0.000025857733
 0.000040419156
 0.000009226752
 0.000029705314
 0.000030459117
 0.000018287888
 0.000017244306
 0.000024564887
 0.000028142497
 0.000028418856
 0.000026116788
 0.000021054621
 0.000009310823
 0.000015158826
 0.000024523540
 0.000030951174
 0.000034548806
 0.000051437900
 0.000042441168
 0.000034902072
 0.000040637384
 0.000025943633
 0.000020478346
 0.000020671683
 0.000015434859
 0.000022810848
 0.000015275458
 0.000030424318
 0.000066707255
 0.000030671547
 0.000056187301
 0.000028491149
 0.000015605121
 0.000010329376
 0.000030724232
 0.000027992734
 0.000050497895
 0.000055836206
 0.000025791987
 0.000012882828
 0.000013961342
 0.000015208172
 0.000018407374
 0.000019348984
 0.000010019460
 0.000010085860
 0.000025080513
 0.000014338024
 0.000017700367
 0.000010692490
 0.000014681619
 0.000037928462
 0.000020039853
 0.000016579115
 0.000004765303
 0.000007483247
 0.000005529949
 0.000005161459
 0.000009535890
 0.000016346349
 0.000003758534
 0.000009186957
 0.000009523650
 0.000015994719
 0.000012517119
 0.000009608297
 0.000014364550
 0.000006073229
 0.000005382890
 0.000016991252
 0.000016696130
 0.000011770734
 0.000016892501
 0.000022904771
 0.000012072315
 0.000009254785
 0.000016075615
 0.000005622867
 0.000005331940
 0.000008140885
 0.000007464014
 0.000021886964
 0.000007503847
 0.000008085162
 0.000004690600
 0.000022219451
 0.000017371144
 0.000006681616
 0.000021885642
 0.000006205435
 0.000009004725
 0.000002983332
 0.000002615059
 0.000010749193
 0.000004336596
 0.000005379308
 0.000003332597
 0.000023836140
 0.000022462877
 0.000012445447
 0.000008758841
 0.000006951817
 0.000014864015
 0.000018410732
 0.000018286590
 0.000013155061
 0.000016013779
 0.000004672003
 0.000020322517
 0.000016232367
 0.000012550417
 0.000012064542
 0.000007396503
 0.000016718196
 0.000010865377
 0.000008854133
 0.000010047247
 0.000012884845
 0.000012669064
 0.000014965743
 0.000003954842
 0.000010099139
 0.000006827366
 0.000003833467
 0.000005657366
 0.000010537019
 0.000021467500
 0.000004122809
 0.000010769406
 0.000006670954
 0.000006768650
 0.000007701433
 0.000019806940
 0.000013482303
 0.000008415595
 0.000010048662
 0.000008835077
 0.000005362825
 0.000005661447
 0.000012652310
 0.000009339550
 0.000008540008
 0.000018059557
 0.000003054784
 0.000004966216
 0.000006728597
 0.000016736092
 0.000006890921
 0.000031236368
 0.000013812495
 0.000012750291
 0.000010875351
 0.000017056894
 0.000004687375
 0.000017895493
 0.000011709315
 0.000015153992
 0.000016728393
 0.000014232727
 0.000030818612
 0.000014034369
 0.000008059188
 0.000016873011
 0.000009099052
 0.000013718407
 0.000009483200
 0.000009340330
 0.000013123939
 0.000007671578
 0.000017683491
 0.000009020398
 0.000014562590
 0.000005814659
 0.000030716995
 0.000003984563
 0.000013820106
 0.000015739211
 0.000025488729
 0.000044708846
 0.000105898374
 0.000012164143
 0.000021083233
 0.000025319896
 0.000009689045
 0.000009837677
 0.000051884480
 0.000042520850
 0.000027306036
 0.000020818401
 0.000034976779
 0.000040490623
 0.000012883034
 0.000009758857
 0.000015943690
 0.000016514060
 0.000006361376
 0.000016259454
 0.000010439062
 0.000009831305
 0.000027235908
 0.000013737847
 0.000003503895
 0.000013754098
 0.000004712698
 0.000006285893
 0.000017447647
 0.000018900236
 0.000016878546
 0.000016631154
 0.000036294870
 0.000011935482
 0.000011774263
 0.000023768971
 0.000009300831
 0.000016639268
 0.000017372585
 0.000013513551
 0.000010115875
 0.000007278984
 0.000026235789
 0.000012873726
 0.000027037623
 0.000012012460
 0.000012315454
 0.000021917980
 0.000011129103
 0.000020956877
 0.000005909812
 0.000009848229
 0.000026730924
 0.000037258135
 0.000020832199
 0.000014507784
 0.000089156612
 0.000026375681
 0.000010190646
 0.000013022428
 0.000015248195
 0.000020442184
 0.000048821643
 0.000007275997
 0.000015935686
 0.000022333023
 0.000011351095
 0.000003382574
 0.000008050000
 0.000024746101
 0.000017064447
 0.000011033564
 0.000006304657
 0.000008735611
 0.000019525727
 0.000018420946
 0.000014384656
 0.000013809525
 0.000010633591
 0.000008417874
 0.000017256185
 0.000059476551
 0.000023717814
 0.000035958490
 0.000012746937
 0.000026414579
 0.000014519856
 0.000047527095
 0.000021125898
 0.000020172924
 0.000017180653
 0.000002354338
 0.000025002638
 0.000024465590
 0.000012140156
 0.000048779849
 0.000015322205
 0.000017188581
 0.000024712375
 0.000033069619
 0.000009533381
 0.000014828803
 0.000018117368
 0.000045659429
 0.000022461519
 0.000019616007
 0.000017192204
 0.000025652598
 0.000013771936
 0.000013789778
 0.000041498295
 0.000019644435
 0.000040606135
 0.000014867166
 0.000013705137
 0.000015349969
 0.000006593893
 0.000004421236
 0.000008658737
 0.000016470988
 0.000004771154
 0.000029677359
 0.000013840802
 0.000013520284
 0.000007597680
 0.000021358494
 0.000009649780
 0.000028156323
 0.000013250077
 0.000009257159
 0.000022687416
 0.000012792590
 0.000007682029
 0.000004094209
 0.000017179045
 0.000013206732
 0.000008282975
 0.000019653309
 0.000042989992
 0.000064364266
 0.000017726752
 0.000023769661
 0.000025702930
 0.000084407224
 0.000046516643
 0.000032152905
 0.000031609463
 0.000008485401
 0.000012934954
 0.000009300390
 0.000019746919
 0.000020581910
 0.000019348137
 0.000017623980
 0.000019847554
 0.000018982427
 0.000042149438
 0.000020347638
 0.000023715671
 0.000035791700
 0.000014964990
 0.000017680000
 0.000030343009
 0.000010639369
 0.000041671759
 0.000038292393
 0.000018738596
 0.000028719413
 0.000020793339
 0.000033332152
 0.000041304915
 0.000036684843
 0.000013938125
 0.000052110189
 0.000032304590
 0.000048201157
 0.000013381319
 0.000017663370
 0.000009489016
 0.000007623433
 0.000012341365
 0.000004666245
 0.000010583338
 0.000019540062
 0.000003080656
 0.000005738320
 0.000009526516
 0.000001758265
 0.000003089941
 0.000005810357
 0.000009658019
 0.000019177204
 0.000013812795
 0.000012238259
 0.000006202668
 0.000008625040
 0.000012304664
 0.000053445813
 0.000031089665
 0.000047841219
 0.000025000036
 0.000020617187
 0.000023641689
 0.000024202325
 0.000008224512
 0.000017060994
 0.000003242394
 0.000009609332
 0.000011844051
 0.000005401409
 0.000009212130
 0.000010322981
 0.000014487161
 0.000021593967
 0.000006499974
 0.000008519265
 0.000011554647
 0.000020558453
 0.000009987289
 0.000008572884
 0.000019301560
 0.000029022495
 0.000014586346
 0.000013261076
 0.000012164298
 0.000043448652
 0.000015266328
 0.000010964982
 0.000025453111
 0.000017462424
 0.000023373159
 0.000006360450
 0.000009657910
 0.000006332085
 0.000008841010
 0.000008106116
 0.000009933389
 0.000010620996
 0.000006856627
 0.000011074834
 0.000009842439
 0.000017974711
 0.000005418158
 0.000017312073
 0.000012034757
 0.000022381983
 0.000018636926
 0.000014846211
 0.000017254641
 0.000009515838
 0.000006957799
 0.000010364648
 0.000009202555
 0.000008483090
 0.000023483854
 0.000026700324
 0.000005025562
 0.000027708939
 0.000014487641
 0.000006203840
 0.000021867287
 0.000011435100
 0.000021684866
 0.000014778214
 0.000007555418
 0.000007104383
 0.000005217153
 0.000006812678
 0.000014987556
 0.000012154388
 0.000010372530
 0.000005989729
 0.000006068070
 0.000012181412
 0.000010863028
 0.000005795855
 0.000011103342
 0.000008699613
 0.000006983182
 0.000007891824
 0.000009679912
 0.000005402852
 0.000010567417
 0.000007899298
 0.000014793864
 0.000014882854
 0.000011419594
 0.000019792407
 0.000005556289
 0.000016633989
 0.000018701967
 0.000018578123
 0.000008445898
 0.000024914738
 0.000012901522
 0.000029148919
 0.000011262378
 0.000004966046
 0.000004914216
 0.000009889199
 0.000009000841
 0.000007642777
 0.000009636069
 0.000004535141
 0.000014583236
 0.000012839392
 0.000009471398
 0.000010691762
 0.000019897898
 0.000011217607
 0.000014872651
 0.000007404933
 0.000010447906
 0.000010119840
 0.000005180493
 0.000007492044
 0.000008346211
 0.000012354755
 0.000005668207
 0.000011918307
 0.000004127642
 0.000007076345
 0.000006335496
 0.000006317006
 0.000017505536
 0.000008433500
 0.000008244718
 0.000009301104
 0.000020393716
 0.000006812060
 0.000015599981
 0.000011821708
 0.000007797058
 0.000009666535
 0.000024172973
 0.000015133100
 0.000014888365
 0.000020463086
 0.000005284225
 0.000028616459
 0.000011541599
 0.000017956876
 0.000016034607
 0.000033949584
 0.000016851125
 0.000008371723
 0.000021362847
 0.000019940199
 0.000007756687
 0.000018701618
 0.000029038482
 0.000010578023
 0.000018558580
 0.000007234304
 0.000020308619
 0.000026498517
 0.000008019627
 0.000006533523
 0.000005644206
 0.000005428915
 0.000005764157
 0.000007426904
 0.000012567940
 0.000020043426
 0.000004139032
 0.000005565767
 0.000016775049
 0.000009225308
 0.000011142504
 0.000004932506
 0.000005803242
 0.000004574845
 0.000005593564
 0.000009694288
 0.000017521388
 0.000015688766
 0.000004893373
 0.000015161863
 0.000007238742
 0.000005621005
 0.000010464756
 0.000008233666
 0.000015658050
 0.000007603576
 0.000011960448
 0.000016616586
 0.000010286069
 0.000021793575
 0.000026399405
 0.000009418507
 0.000028825464
 0.000008718743
 0.000013965826
 0.000020217631
 0.000023022388
 0.000008110138
 0.000018941916
 0.000019661202
 0.000008639800
 0.000008289506
 0.000007819522
 0.000014818473
 0.000012086281
 0.000009348912
 0.000009076108
 0.000006805427
 0.000011702640
 0.000003347208
 0.000011767955
 0.000011172887
 0.000004112834
 0.000011363204
 0.000014089554
 0.000015817057
 0.000010445450
 0.000006743259
 0.000013940189
 0.000012219048
 0.000017506815
 0.000014622951
 0.000015624115
 0.000008019442
 0.000024515733
 0.000042879068
 0.000012648332
 0.000015797315
 0.000038394913
 0.000011680013
 0.000024700473
 0.000029668931
 0.000031463633
 0.000019522046
 0.000012253743
 0.000013192682
 0.000021845529
 0.000016212496
 0.000047337722
 0.000062072522
 0.000022187653
 0.000020644062
 0.000012543557
 0.000033762732
 0.000025580163
 0.000064579791
 0.000011063836
 0.000014959998
 0.000029028627
 0.000018547925
 0.000023278864
 0.000016110611
 0.000044335650
 0.000017973561
 0.000028326452
 0.000013222171
 0.000010363736
 0.000010125818
 0.000014189086
 0.000011709473
 0.000022725864
 0.000029520970
 0.000011475527
 0.000015488990
 0.000016963192
 0.000018596934
 0.000009059608
 0.000011128897
 0.000035643492
 0.000031228076
 0.000050426608
 0.000035286780
 0.000018940735
 0.000014817638
 0.000035697789
 0.000022787593
 0.000050795794
 0.000018784077
 0.000057354649
 0.000018029735
 0.000011993696
 0.000006260538
 0.000014180818
 0.000018953815
 0.000013433120
 0.000022278555
 0.000016570537
 0.000013949814
 0.000018801398
 0.000037357371
 0.000031421096
 0.000023208703
 0.000011286043
 0.000024078585
 0.000009249934
 0.000005423110
 0.000008037475
 0.000027858051
 0.000036333739
 0.000024719970
 0.000064747612
 0.000048948408
 0.000027145911
 0.000028906547
 0.000022737470
 0.000022896249
 0.000017031350
 0.000032276857
 0.000041808508
 0.000046766702
 0.000034489395
 0.000022934397
 0.000041563043
 0.000015514970
 0.000025066877
 0.000015987202
 0.000021799319
 0.000024396011
 0.000021559601
 0.000031908254
 0.000042070440
 0.000061782554
 0.000019787385
 0.000012766484
 0.000013329937
 0.000011673209
 0.000025401361
 0.000014991978
 0.000023383808
 0.000014555967
 0.000006539392
 0.000015574711
 0.000014285610
 0.000023829291
 0.000015053245
 0.000005677971
 0.000036647154
 0.000012683815
 0.000010894473
 0.000011513894
 0.000012153113
 0.000028959271
 0.000035668929
 0.000022140019
 0.000008701210
 0.000019752076
 0.000010978071
 0.000012183377
 0.000022844691
 0.000036831606
 0.000106911434
 0.000019138757
 0.000016716814
 0.000022442597
 0.000017861844
 0.000031434240
 0.000049801518
 0.000035486878
 0.000036290889
 0.000013212332
 0.000022196327
 0.000025802256
 0.000044477494
 0.000091447422
 0.000052154956
 0.000015871050
 0.000011593289
 0.000019232612
 0.000035150535
 0.000021167936
 0.000010957732
 0.000024002434
 0.000015861244
 0.000017518270
 0.000010040882
 0.000024156190
 0.000019773327
 0.000059156621
 0.000016520921
 0.000012397116
 0.000020717837
 0.000024179271
 0.000033037115
 0.000093298121
 0.000081124958
 0.000043034031
 0.000023968322
 0.000071466333
 0.000067038292
 0.000045478945
 0.000016191781
 0.000043216878
 0.000027174886
 0.000030186499
 0.000022096314
 0.000021297196
 0.000030686125
 0.000033617152
 0.000026554154
 0.000014489765
 0.000025705153
 0.000014792129
 0.000059823856
 0.000027725858
 0.000043522673
 0.000053182555
 0.000020283078
 0.000019564043
 0.000017366809
 0.000055671802
 0.000049375208
 0.000118961180
 0.000032829177
 0.000042336720
 0.000036248499
 0.000026765468
 0.000055747077
 0.000032558515
 0.000012863431
 0.000013106320
 0.000026137576
 0.000015427677
 0.000005301916
 0.000006358676
 0.000009158526
 0.000022447897
 0.000029087391
 0.000047399742
 0.000039597780
 0.000067173548
 0.000056710690
 0.000017717848
 0.000046715094
 0.000032209836
 0.000032225847
 0.000028626592
 0.000065610465
 0.000041487362
 0.000025794382
 0.000030310289
 0.000022206288
 0.000032875667
 0.000015500378
 0.000049872504
 0.000016549669
 0.000017452044
 0.000025487005
 0.000007437697
 0.000013192255
 0.000007879142
 0.000015049266
 0.000019343204
 0.000007370654
 0.000018892217
 0.000031649304
 0.000035397000
 0.000024780510
 0.000012713348
 0.000028196560
 0.000024423060
 0.000008845300
 0.000020971887
 0.000018863971
 0.000007454068
 0.000016828423
 0.000021381520
 0.000020066054
 0.000010618022
 0.000010612560
 0.000028327048
 0.000023498075
 0.000025649507
 0.000030484704
 0.000044747951
 0.000016404629
 0.000012103180
 0.000015891439
 0.000019157584
 0.000015683883
 0.000013364572
 0.000063778799
 0.000037654669
 0.000031144479
 0.000011543869
 0.000020126745
 0.000032947492
 0.000025146282
 0.000026116864
 0.000012432329
 0.000016115911
 0.000015995149
 0.000080328999
 0.000051002144
 0.000021672850
 0.000021585935
 0.000038701356
 0.000086905113
 0.000025249073
 0.000009864334
 0.000025005046
 0.000020085239
 0.000014775167
 0.000033793556
 0.000026291590
 0.000019987935
 0.000024777680
 0.000034756467
 0.000024954128
 0.000043164268
 0.000054156740
 0.000031660102
 0.000016470769
 0.000027953444
 0.000012442676
 0.000025278752
 0.000020917578
 0.000009164130
 0.000033341035
 0.000021560065
 0.000015998740
 0.000018383376
 0.000015875074
 0.000045389647
 0.000022219739
 0.000056408729
 0.000011269842
 0.000033097400
 0.000029419714
 0.000019857052
 0.000011081828
 0.000014039249
 0.000009975898
 0.000012140225
 0.000016634668
 0.000022239344
 0.000020328989
 0.000011731955
 0.000009584870
 0.000013607391
 0.000006554879
 0.000006742978
 0.000010802508
 0.000011832843
 0.000017984336
 0.000017135858
 0.000018113267
 0.000008221720
 0.000019758094
 0.000009744451
 0.000012013715
 0.000059979092
 0.000014280900
 0.000014359747
 0.000009996126
 0.000009885770
 0.000016812494
 0.000012794681
 0.000014472727
 0.000032131907
 0.000021914350
 0.000012640152
 0.000013656278
 0.000013658264
 0.000011829320
 0.000017680682
 0.000014052156
 0.000021606005
 0.000028169717
 0.000014379146
 0.000019056712
 0.000017600390
 0.000011440843
 0.000010943000
 0.000015151884
 0.000024352581
 0.000021847165
 0.000049500031
 0.000019187601
 0.000022663472
 0.000027130873
 0.000016542266
 0.000010419670
 0.000018772225
 0.000018155570
 0.000015858817
 0.000009307591
 0.000019333027
 0.000005723443
 0.000011664802
 0.000006336185
 0.000012776005
 0.000010666522
 0.000015467126
 0.000008824592
 0.000011291969
 0.000015335652
 0.000007131441
 0.000012632646
 0.000007432231
 0.000013417002
 0.000006001169
 0.000001972624
 0.000004514817
 0.000004359955
 0.000008389320
 0.000005987749
 0.000027344200
 0.000010926140
 0.000008355487
 0.000012340460
 0.000011733115
 0.000026103980
 0.000008266175
 0.000011805309
 0.000014583311
 0.000011125502
 0.000013959367
 0.000008848050
 0.000008768410
 0.000011726208
 0.000011701858
 0.000010115616
 0.000004905825
 0.000006527740
 0.000009046708
 0.000007436557
 0.000013936349
 0.000005686101
 0.000009180165
 0.000013544796
 0.000005293036
 0.000011941827
 0.000008918696
 0.000014425566
 0.000022461411
 0.000019527644
 0.000005453330
 0.000009748220
 0.000005432038
 0.000003133742
 0.000002217419
 0.000017118663
 0.000004708749
 0.000004498022
 0.000027222429
 0.000008404923
 0.000007617387
 0.000006386144
 0.000003787934
 0.000005707970
 0.000011314455
 0.000007893648
 0.000008206826
 0.000005076754
 0.000004353960
 0.000006252178
 0.000006886841
 0.000006697784
 0.000012821889
 0.000004745698
 0.000014006769
 0.000006751532
 0.000007558544
 0.000006449460
 0.000011636349
 0.000004972328
 0.000008596058
 0.000009628581
 0.000019420551
 0.000021047865
 0.000009020535
 0.000016651488
 0.000010738803
 0.000014724493
 0.000010791519
 0.000008175849
 0.000031117503
 0.000032427365
 0.000022638302
 0.000010498602
 0.000007292805
 0.000056409168
 0.000013024075
 0.000012877116
 0.000010890024
 0.000013158726
 0.000010182986
 0.000015294541
 0.000011234504
 0.000014537195
 0.000024387151
 0.000016915889
 0.000008956366
 0.000011017796
 0.000019584900
 0.000016900381
 0.000009759386
 0.000020985798
 0.000036442088
 0.000013142715
 0.000028173926
 0.000024450547
 0.000015859179
 0.000014657147
 0.000013243029
 0.000018994681
 0.000008604577
 0.000005787617
 0.000005064095
 0.000006032007
 0.000024403798
 0.000015530966
 0.000007734195
 0.000011019684
 0.000006264730
 0.000022342023
 0.000011897263
 0.000020729638
 0.000005728387
 0.000004952111
 0.000005766469
 0.000007589191
 0.000008525680
 0.000003356207
 0.000005744209
 0.000009576210
 0.000013325311
 0.000005773427
 0.000005015373
 0.000003858535
 0.000017636598
 0.000009534773
 0.000012170974
 0.000013000292
 0.000012623849
 0.000006065677
 0.000012718032
 0.000006882416
 0.000023220462
 0.000024601678
 0.000008532704
 0.000009291492
 0.000008519436
 0.000012616239
 0.000005565736
 0.000009708251
 0.000005706038
 0.000004738083
 0.000004777248
 0.000014686234
 0.000014514979
 0.000005227190
 0.000005006044
 0.000048318552
 0.000017340826
 0.000016595846
 0.000016196730
 0.000010998816
 0.000008143372
 0.000009719875
 0.000003255322
 0.000006434883
 0.000017462978
 0.000019676105
 0.000017007087
 0.000028115566
 0.000093895420
 0.000059868267
 0.000026591000
 0.000021541961
 0.000025801079
 0.000010016849
 0.000020717932
 0.000019842686
 0.000011668370
 0.000023512944
 0.000014258580
 0.000021832555
 0.000014865173
 0.000006161526
 0.000013527425
 0.000012311016
 0.000016357042
 0.000012211663
 0.000005208652
 0.000005496695
 0.000003720255
 0.000027034615
 0.000029362138
 0.000008211405
 0.000020731988
 0.000010270044
 0.000009042928
 0.000008949416
 0.000014187291
 0.000019022832
 0.000010326133
 0.000026925355
 0.000018539732
 0.000009807736
 0.000007522909
 0.000009396722
 0.000009539029
 0.000002796876
 0.000014003989
 0.000022243870
 0.000016557326
 0.000021303029
 0.000022641328
 0.000014787755
 0.000013497597
 0.000008443029
 0.000009274846
 0.000015129115
 0.000028947248
 0.000020651222
 0.000016930345
 0.000019640685
 0.000011287522
 0.000032202784
 0.000008231083
 0.000012896573
 0.000019140605
 0.000019480357
 0.000015422237
 0.000014466052
 0.000031452483
 0.000016398928
 0.000012002024
 0.000022770712
 0.000027722713
 0.000039827818
 0.000029554530
 0.000035357157
 0.000027024972
 0.000025019954
 0.000020132691
 0.000009805330
 0.000019567390
 0.000020959934
 0.000004191565
 0.000008727780
 0.000012027292
 0.000010714911
 0.000023969584
 0.000005922623
 0.000022024502
 0.000011617546
 0.000042313009
 0.000015870867
 0.000048946942
 0.000006569200
 0.000010908808
 0.000019737444
 0.000030236581
 0.000021702743
 0.000013761643
 0.000014950831
 0.000013250173
 0.000016852478
 0.000021438475
 0.000018116957
 0.000027612368
 0.000015608641
 0.000073099481
 0.000018015187
 0.000016813323
 0.000003931437
 0.000011917897
 0.000028598823
 0.000036506787
 0.000017254799
 0.000060930164
 0.000076481586
 0.000032174380
 0.000019889748
 0.000017551620
 0.000029080989
 0.000010441231
 0.000033766702
 0.000072277454
 0.000057305586
 0.000034200880
 0.000060104115
 0.000012637670
 0.000112596139
 0.000029910695
 0.000025758777
 0.000024704112
 0.000040981987
 0.000024765224
 0.000024528274
 0.000021717589
 0.000028936616
 0.000010512533
 0.000031369343
 0.000048249727
 0.000015190332
 0.000012577040
 0.000010064033
 0.000017302572
 0.000009689871
 0.000030468141
 0.000027106518
 0.000016759098
 0.000013013040
 0.000015034435
 0.000006550080
 0.000040304475
 0.000018541401
 0.000032327632
 0.000054522220
 0.000017547114
 0.000025050849
 0.000020818064
 0.000016725546
 0.000018508291
 0.000011038066
 0.000028064472
 0.000030112053
 0.000023620744
 0.000032601021
 0.000044420043
 0.000063811641
 0.000033358250
 0.000017498604
 0.000012718855
 0.000011882441
 0.000014502151
 0.000010439615
 0.000006060829
 0.000018902938
 0.000010927740
 0.000018548743
 0.000016827928
 0.000023406065
 0.000032101518
 0.000027553330
 0.000013823688
 0.000021075505
 0.000012763862
 0.000024008216
 0.000021274611
 0.000017271767
 0.000016585768
 0.000022823424
 0.000012825226
 0.000005137842
 0.000013534839
 0.000008898581
 0.000005825353
 0.000016588322
 0.000021766662
 0.000025566039
 0.000037926523
 0.000010837537
 0.000008489568
 0.000016999349
 0.000039852693
 0.000007133955
 0.000007282148
 0.000013999414
 0.000018949896
 0.000017266899
 0.000024459586
 0.000028003846
 0.000016345574
 0.000027805316
 0.000020873308
 0.000014756804
 0.000021157923
 0.000051728619
 0.000017674912
 0.000044071944
 0.000006617950
 0.000017490804
 0.000068355901
 0.000020347132
 0.000030113189
 0.000032578157
 0.000008171710
 0.000021286902
 0.000005990000
 0.000006162462
 0.000015752526
 0.000006894200
 0.000010570326
 0.000011760317
 0.000022111903
 0.000042856191
 0.000013871939
 0.000009476358
 0.000025225616
 0.000008087218
 0.000015569502
 0.000029652471
 0.000007850495
 0.000013205882
 0.000013273150
 0.000046454836
 0.000016165004
 0.000010800015
 0.000021719181
 0.000010859844
 0.000015829479
 0.000021260093
 0.000008879800
 0.000004672293
 0.000018235736
 0.000024675165
 0.000012201003
 0.000017259341
 0.000009457017
 0.000027772938
 0.000010445583
 0.000026464397
 0.000019264738
 0.000007874467
 0.000015116970
 0.000007111694
 0.000014303768
 0.000012576370
 0.000007110563
 0.000039764666
 0.000011882177
 0.000072071085
 0.000016499719
 0.000082164967
 0.000020725826
 0.000019298466
 0.000006607867
 0.000015632226
 0.000006283976
 0.000005422366
 0.000005244548
 0.000002788623
 0.000004847374
 0.000002111924
 0.000004958979
 0.000004373643
 0.000005513216
 0.000009767260
 0.000007844204
 0.000003604963
 0.000004400929
 0.000008674389
 0.000007008942
 0.000006152598
 0.000023995672
 0.000017654552
 0.000006714952
 0.000008877249
 0.000016071016
 0.000018159213
 0.000013674899
 0.000008594147
 0.000014780842
 0.000010355186
 0.000011539510
 0.000013341501
 0.000006181424
 0.000010153422
 0.000013820862
 0.000009405631
 0.000013801741
 0.000036894720
 0.000020178494
 0.000006396564
 0.000008263393
 0.000024937403
 0.000018904906
 0.000015039162
 0.000020324993
 0.000010289033
 0.000027038034
 0.000012010292
 0.000004963599
 0.000020905453
 0.000019266199
 0.000010971008
 0.000010068304
 0.000006109720
 0.000019420935
 0.000013757337
 0.000023282884
 0.000046956394
 0.000011368828
 0.000013547707
 0.000007473943
 0.000041351000
 0.000033142053
 0.000024757335
 0.000049573469
 0.000019552189
 0.000031774498
 0.000021586480
 0.000023908858
 0.000033193262
 0.000020050862
 0.000036497469
 0.000026780277
 0.000023122031
 0.000015034755
 0.000007667196
 0.000013086974
 0.000029981823
 0.000007688306
 0.000009969452
 0.000014928657
 0.000017862401
 0.000027994143
 0.000011778499
 0.000014242839
 0.000023759834
 0.000032918856
 0.000017423720
 0.000014077707
 0.000034376116
 0.000021270091
 0.000018202468
 0.000018880284
 0.000013467811
 0.000007774126
 0.000005071789
 0.000004720414
 0.000009765858
 0.000015519819
 0.000021876413
 0.000010131066
 0.000011142238
 0.000019032303
 0.000013946017
 0.000005518110
 0.000004548426
 0.000006488897
 0.000010258649
 0.000023829056
 0.000008273914
 0.000022235513
 0.000014226325
 0.000012355904
 0.000026587119
 0.000006260168
 0.000008184686
 0.000027868178
 0.000011078455
 0.000014755474
 0.000007485344
 0.000009024066
 0.000034003796
 0.000012967496
 0.000014248750
 0.000009972316
 0.000017064786
 0.000020034786
 0.000015920773
 0.000013959160
 0.000015355562
 0.000019260306
 0.000018282434
 0.000007500053
 0.000013936028
 0.000011105205
 0.000012632583
 0.000017425971
 0.000010602400
 0.000011951328
 0.000019075979
 0.000013234702
 0.000009892598
 0.000018915314
 0.000011945514
 0.000013248889
 0.000010000410
 0.000019076539
 0.000024387307
 0.000014227064
 0.000012740003
 0.000009463505
 0.000004614378
 0.000004827778
 0.000006794132
 0.000012069003
 0.000015607953
 0.000006782368
 0.000016766646
 0.000020639804
 0.000012050214
 0.000014576840
 0.000014507429
 0.000007278931
 0.000006495825
 0.000007666876
 0.000004612624
 0.000008781733
 0.000010401397
 0.000008738375
 0.000007971996
 0.000013823099
 0.000021372246
 0.000005559632
 0.000007039905
 0.000009416370
 0.000003717506
 0.000008749074
 0.000013779891
 0.000009297937
 0.000013036503
 0.000003423949
 0.000012574474
 0.000016794708
 0.000004607044
 0.000006156357
 0.000004906930
 0.000009560190
 0.000004220441
 0.000013824202
 0.000003888562
 0.000007151352
 0.000006878839
 0.000003991530
 0.000021857272
 0.000017102822
 0.000014505178
 0.000005831840
 0.000007047535
 0.000011888540
 0.000031373346
 0.000015819159
 0.000002783680
 0.000007819195
 0.000015511839
 0.000012578579
 0.000007955101
 0.000007973226
 0.000008367949
 0.000010499338
 0.000007065579
 0.000002687210
 0.000003750554
 0.000004746917
 0.000003295493
 0.000009196806
 0.000006933672
 0.000003738328
 0.000008741484
 0.000009143159
 0.000003969186
 0.000006181230
 0.000008304101
 0.000007756973
 0.000008111292
 0.000006349507
 0.000013113601
 0.000009755811
 0.000010553323
 0.000005346817
 0.000008172443
 0.000004224069
 0.000006054084
 0.000001986329
 0.000008066933
 0.000011751200
 0.000009296339
 0.000016777591
 0.000025768796
 0.000013405804
 0.000007453073
 0.000007458458
 0.000009764727
 0.000023698357
 0.000009082257
 0.000007352453
 0.000010200084
 0.000008965669
 0.000009015326
 0.000008798124
 0.000008511503
 0.000003703582
 0.000013141312
 0.000018402306
 0.000005640696
 0.000020305806
 0.000007671938
 0.000004073052
 0.000004270272
 0.000004653192
 0.000007602897
 0.000007492609
 0.000008819569
 0.000004106651
 0.000006421298
 0.000014123337
 0.000011706397
 0.000005653196
 0.000007862877
 0.000003588291
 0.000007136132
 0.000002207705
 0.000002847837
 0.000004080078
 0.000005701232
 0.000005681842
 0.000003426564
 0.000015968496
 0.000020225027
 0.000006141056
 0.000014737424
 0.000006751827
 0.000010953015
 0.000005314146
 0.000012147953
 0.000011828864
 0.000007588925
 0.000005193110
 0.000004595171
 0.000004661444
 0.000004760927
 0.000007091286
 0.000002845978
 0.000004440059
 0.000024580526
 0.000017468171
 0.000015913205
 0.000022777298
 0.000014373645
 0.000009306083
 0.000018082121
 0.000011934885
 0.000008784029
 0.000007497768
 0.000018813540
 0.000049246930
 0.000008777302
 0.000014971211
 0.000018028233
 0.000010756148
 0.000017182099
 0.000083938250
 0.000024893275
 0.000021548887
 0.000007650649
 0.000018934538
 0.000015114056
 0.000008981524
 0.000010632206
 0.000014102740
 0.000013525324
 0.000017904595
 0.000016776963
 0.000057666834
 0.000021498789
 0.000025446563
 0.000026061261
 0.000031770791
 0.000017349127
 0.000029574678
 0.000046207033
 0.000022234321
 0.000051010966
 0.000039917557
 0.000048969864
 0.000131565439
 0.000134411727
 0.000133303600
 0.000021767719
 0.000161486776
 0.000037785638
 0.000042205790
 0.000025972474
 0.000029039824
 0.000031675222
 0.000037429330
 0.000040194874
 0.000045308992
 0.000091388737
 0.000077428473
 0.000054258700
 0.000118761862
 0.000057965620
 0.000065900656
 0.000017123752
 0.000040373143
 0.000046605601
 0.000035988996
 0.000042080074
 0.000017811022
 0.000016348134
 0.000016276626
 0.000030439965
 0.000017867579
 0.000035509008
 0.000031746156
 0.000011552969
 0.000021941284
 0.000017395270
 0.000019691357
 0.000023841817
 0.000061487993
 0.000034369572
 0.000031242991
 0.000014039488
 0.000035881895
 0.000022970590
 0.000011481502
 0.000016815351
 0.000028253794
 0.000029993721
 0.000068585405
 0.000023691573
 0.000030662732
 0.000014510455
 0.000020787522
 0.000024304976
 0.000043277054
 0.000022581715
 0.000019154567
 0.000017271522
 0.000016975260
 0.000018319354
 0.000010610253
 0.000006766751
 0.000023476386
 0.000028037747
 0.000032532668
 0.000025788109
 0.000009437246
 0.000007648319
 0.000015883832
 0.000016418769
 0.000023516298
 0.000010063505
 0.000022026899
 0.000016337816
 0.000016884388
 0.000019932151
 0.000013193731
 0.000015089051
 0.000012258989
 0.000016404437
 0.000018079853
 0.000008482801
 0.000059818026
 0.000015975009
 0.000011593179
 0.000017132772
 0.000013312542
 0.000027550610
 0.000029113150
 0.000031674083
 0.000022978511
 0.000022495615
 0.000015567581
 0.000053861639
 0.000014743878
 0.000020123853
 0.000019782770
 0.000043136580
 0.000017186995
 0.000025532869
 0.000094699919
 0.000043774857
 0.000037692091
 0.000023687787
 0.000049690994
 0.000063642049
 0.000048397763
 0.000022941051
 0.000018353100
 0.000022922405
 0.000053085351
 0.000073667442
 0.000043444674
 0.000064958147
 0.000024870270
 0.000042653966
 0.000044645196
 0.000033934856
 0.000014473359
 0.000046338031
 0.000022234929
 0.000027322076
 0.000033108574
 0.000031140618
 0.000054383620
 0.000034331974
 0.000057262795
 0.000011292670
 0.000023920907
 0.000037285142
 0.000050688340
 0.000027281137
 0.000038226575
 0.000041081956
 0.000036996776
 0.000019133562
 0.000034095344
 0.000055362086
 0.000023943132
 0.000011999611
 0.000080671148
 0.000058579950
 0.000053358298
 0.000064067395
 0.000074900076
 0.000026840625
 0.000022375520
 0.000039667277
 0.000025740938
 0.000013247912
 0.000009512917
 0.000013095817
 0.000012142695
 0.000010512580
 0.000006286648
 0.000005223375
 0.000007413452
 0.000007991880
 0.000011231888
 0.000005735126
 0.000008929318
 0.000009283107
 0.000008145909
 0.000008573169
 0.000004663099
 0.000004796630
 0.000005873320
 0.000009186069
 0.000011760562
 0.000021059797
 0.000012262083
 0.000022699567
 0.000011678353
 0.000011470068
 0.000011531640
 0.000009716126
 0.000009419609
 0.000018851897
 0.000029001282
 0.000014702710
 0.000024616000
 0.000025150497
 0.000015793433
 0.000020199687
 0.000028493425
 0.000018199580
 0.000032484397
 0.000015050639
 0.000019553030
 0.000007985053
 0.000005833065
 0.000028758026
 0.000026049426
 0.000014364652
 0.000017704739
 0.000022626362
 0.000027108774
 0.000028962173
 0.000024915829
 0.000012431634
 0.000020198264
 0.000019253610
 0.000024159633
 0.000013427657
 0.000015815170
 0.000015948660
 0.000015262510
 0.000016981786
 0.000017645059
 0.000026907419
 0.000005795366
 0.000021763915
 0.000009801849
 0.000019974901
 0.000016201991
 0.000015328851
 0.000016868511
 0.000015981544
 0.000019971081
 0.000016338732
 0.000014471781
 0.000007641547
 0.000011253760
 0.000019111181
 0.000020999399
 0.000025924823
 0.000007880848
 0.000025576706
 0.000018407111
 0.000012632116
 0.000022880827
 0.000011947440
 0.000008868479
 0.000017437140
 0.000014557343
 0.000017753124
 0.000029772525
 0.000014927521
 0.000019201469
 0.000017248375
 0.000016960161
 0.000009565336
 0.000013167492
 0.000007682829
 0.000013410705
 0.000007263640
 0.000028619953
 0.000055853500
 0.000053720733
 0.000021817142
 0.000036401092
 0.000024222763
 0.000027423785
 0.000056983129
 0.000062304962
 0.000030341216
 0.000025550082
 0.000043982401
 0.000078024065
 0.000075597867
 0.000050552560
 0.000020139344
 0.000023853900
 0.000015114828
 0.000020170652
 0.000032315893
 0.000019745267
 0.000015970309
 0.000024006622
 0.000030185094
 0.000044628343
 0.000035814076
 0.000025886676
 0.000044103841
 0.000045939298
 0.000083484902
 0.000053127602
 0.000035791146
 0.000041806278
 0.000042662779
 0.000039390759
 0.000060170872
 0.000025300174
 0.000034113437
 0.000038956942
 0.000023300914
 0.000065661381
 0.000035951429
 0.000069597889
 0.000060229697
 0.000027744063
 0.000041730134
 0.000012585665
 0.000023776195
 0.000016766868
 0.000019445279
 0.000006490547
 0.000023534405
 0.000014724823
 0.000026676603
 0.000027256228
 0.000028448156
 0.000017924291
 0.000030408493
 0.000020668028
 0.000027847857
 0.000028974953
 0.000017863037
 0.000013708144
 0.000025070268
 0.000008318620
 0.000015816532
 0.000011356692
 0.000007597712
 0.000015381396
 0.000015356543
 0.000018769980
 0.000009470535
 0.000009883503
 0.000007775645
 0.000008791083
 0.000007288562
 0.000012854574
 0.000026673432
 0.000017010591
 0.000012834166
 0.000005746894
 0.000014347988
 0.000008110781
 0.000008411971
 0.000005430560
 0.000008534808
 0.000008653044
 0.000010143224
 0.000007699480
 0.000014339629
 0.000034577126
 0.000014006368
 0.000009615575
 0.000004321741
 0.000007465675
 0.000005976112
 0.000010869900
 0.000005328696
 0.000014435760
 0.000006891532
 0.000011857159
 0.000027312996
 0.000024448708
 0.000012245234
 0.000027134192
 0.000025778810
 0.000019863201
 0.000058920921
 0.000027902210
 0.000032566875
 0.000010674991
 0.000034465814
 0.000038154337
 0.000024875166
 0.000015143852
 0.000024223080
 0.000011903498
 0.000026720766
 0.000019793746
 0.000019202315
 0.000015787683
 0.000015064809
 0.000016594283
 0.000019881151
 0.000011264616
 0.000005084811
 0.000006940910
 0.000011533512
