 0.003368637522
 0.001609930126
 0.001183589791
 0.000608370438
 0.000663999280
 0.000435209007
 0.000888677273
 0.000500504880
 0.000431016742
 0.000880768662
 0.000605523131
 0.000680415053
 0.000604444047
 0.000219834242
 0.000300801779
 0.000615358618
 0.000380660922
 0.000118916246
 0.000375474689
 0.000688372687
 0.001010162197
 0.000212123134
 0.000376134854
 0.000354369448
 0.000167263866
 0.000102176440
 0.000160869730
 0.000214784024
 0.000051647682
 0.000226123992
 0.000225584164
 0.000284351575
 0.000257721402
 0.000401750972
 0.001478310758
 0.000488670969
 0.000473265986
 0.000688927489
 0.000170082447
 0.000517457353
 0.001007093540
 0.000709712045
 0.000239951805
 0.001677862012
 0.001225558735
 0.000635738838
 0.001078818190
 0.002101582189
 0.000547817446
 0.001164263924
 0.000576828725
 0.000192141093
 0.000326773517
 0.001645418903
 0.000191090053
 0.001292013775
 0.000327223077
 0.001805714980
 0.000248270693
 0.000311477778
 0.000630180317
 0.001108216607
 0.000499360381
 0.000638917259
 0.000447799320
 0.000647884345
 0.000609120608
 0.000310054604
 0.001139230972
 0.000555551461
 0.000676673717
 0.000487072818
 0.000825376761
 0.001773208388
 0.000570893440
 0.000804458680
 0.001120233720
 0.000600964992
 0.002431687482
 0.001160685366
 0.000548981981
 0.001924219504
 0.000706779402
 0.000560148934
 0.001090926459
 0.000279409139
 0.000424568405
 0.000277723356
 0.000459541856
 0.000778691781
 0.000293802502
 0.000869974828
 0.000620922679
 0.001171509057
 0.000501514849
 0.000387859393
 0.000459466929
 0.000265408816
 0.000497782042
 0.000394738483
 0.000208146714
 0.000545412872
 0.000378863661
 0.000528085665
 0.000302703902
 0.000427251818
 0.000478800793
 0.000317844074
 0.000397944504
 0.000307608386
 0.000116000733
 0.000700466500
 0.000310593901
 0.000368492765
 0.000246875303
 0.000222420204
 0.000259352958
 0.000515964790
 0.000423779830
 0.000955616603
 0.000495729887
 0.000567525951
 0.000286067994
 0.000425369065
 0.000246771756
 0.000253864584
 0.000360260061
 0.000273909325
 0.000248614240
 0.000490538336
 0.000741300902
 0.000414583101
 0.000330148259
 0.000448224720
 0.000398528450
 0.000090138789
 0.000140728884
 0.000427673965
 0.000191083475
 0.000376843967
 0.000230126512
 0.000747103716
 0.000425051299
 0.000339118347
 0.000656048325
 0.000431477067
 0.000506925736
 0.000329662957
 0.000211095640
 0.000438992909
 0.000286456429
 0.000565981833
 0.000126326662
 0.000310203531
 0.000178384066
 0.000268393482
 0.000782302859
 0.000382746855
 0.000308672410
 0.000256127204
 0.000237008190
 0.000122172879
 0.000350907150
 0.000362787310
 0.000919580843
 0.000728735815
 0.000358150735
 0.000221815929
 0.000314937370
 0.000338017861
 0.000662762920
 0.000557715938
 0.000710996399
 0.000220957577
 0.000172912406
 0.000412408551
 0.000392988036
 0.001340438861
 0.000254128489
 0.001674092467
 0.000441180491
 0.000146924792
 0.000169468727
 0.000452793838
 0.000333460957
 0.000238351145
 0.000171375976
 0.000517249399
 0.000677133281
 0.000291487377
 0.000163595175
 0.000395574185
 0.000385441537
 0.000366819250
 0.000229409299
 0.000402898098
 0.000371445626
 0.000170799086
 0.000197542416
 0.000089685906
 0.000125063887
 0.000107414941
 0.000142185832
 0.000120650727
 0.000473871886
 0.000142822023
 0.000210745002
 0.000285949301
 0.000347103840
 0.000474468433
 0.000699257509
 0.000322948175
 0.000201282109
 0.000414048857
 0.000225084290
 0.000176495771
 0.000452375098
 0.000191853958
 0.000251557324
 0.000150693170
 0.000425197027
 0.000120651632
 0.000402504967
 0.000438183590
 0.000252910259
 0.000147489088
 0.000374774745
 0.000398267768
 0.000497973004
 0.000334178009
 0.000314907981
 0.000420680230
 0.000322846788
 0.000438790403
 0.000343202213
 0.000188053167
 0.000243582418
 0.000229824749
 0.000213832321
 0.000535295087
 0.000394804249
 0.000329151646
 0.000687936597
 0.000721455734
 0.000482399390
 0.000240269385
 0.000202229754
 0.000676793591
 0.001115750624
 0.000510854321
 0.000458623358
 0.000387300793
 0.001465931953
 0.000406622592
 0.000478962252
 0.000441986855
 0.000526483813
 0.000958994212
 0.000386675111
 0.000232706057
 0.000205845013
 0.000277409610
 0.000247768335
 0.000138348063
 0.000395268742
 0.000172480385
 0.000140269027
 0.000288242020
 0.000360595512
 0.000429943478
 0.000299106415
 0.000516892913
 0.000525685811
 0.000330748799
 0.000081709501
 0.000393281343
 0.000301315482
 0.000269234227
 0.000241028196
 0.000134930698
 0.000528979535
 0.000441626497
 0.000195093823
 0.000231939322
 0.000333191454
 0.000235014544
 0.000324196594
 0.000139549279
 0.001015265041
 0.000718745777
 0.000202017137
 0.000300531901
 0.000530395395
 0.000232238430
 0.000230687411
 0.000451065404
 0.000315647069
 0.000297339789
 0.000480211500
 0.000172844194
 0.000193698071
 0.000142279133
 0.000456812941
 0.000326482738
 0.000388206508
 0.000154522612
 0.000215937648
 0.000223928089
 0.000313585599
 0.000161110756
 0.000358475804
 0.000226876520
 0.000342217277
 0.000200120714
 0.000323390628
 0.000501362690
 0.001143040700
 0.000370934091
 0.000268095618
 0.000966688314
 0.000399093851
 0.000346525271
 0.000470312179
 0.000370348046
 0.000329190276
 0.000797882992
 0.000493235318
 0.000333630229
 0.000359984067
 0.000643722635
 0.000267333759
 0.000668119572
 0.000692756034
 0.000349832766
 0.000606616581
 0.000274380360
 0.000184386681
 0.000405227991
 0.000856759186
 0.000244047507
 0.000238460118
 0.000113018367
 0.000159078020
 0.000266214383
 0.000162352624
 0.000442025759
 0.000310576639
 0.000380697545
 0.000283603637
 0.000261883478
 0.000778547439
 0.000260990967
 0.000259861049
 0.000356191891
 0.000341134005
 0.000193282417
 0.000555653170
 0.000496891404
 0.000541367298
 0.000198459831
 0.000071359910
 0.000339859751
 0.000295670127
 0.000228600047
 0.000208170000
 0.000196846369
 0.000182509971
 0.000227675829
 0.000211053813
 0.000190635534
 0.000312768078
 0.000235555378
 0.000120997665
 0.000216035421
 0.000249035932
 0.000332064427
 0.000134904793
 0.000203342991
 0.000137485718
 0.000304329963
 0.000168385511
 0.000186500528
 0.000314742320
 0.000217427039
 0.000058504091
 0.000256432803
 0.000478112931
 0.000293376955
 0.000369810923
 0.000114017206
 0.000577956590
 0.000202767021
 0.000316846324
 0.000124353652
 0.000345142552
 0.000207228778
 0.000187448649
 0.000316795546
 0.000233401403
 0.000213655688
 0.000484744656
 0.000298423920
 0.000307439103
 0.000315776852
 0.000430234123
 0.000252904888
 0.000231062215
 0.000392209916
 0.000254656041
 0.000512020486
 0.000180235066
 0.000477803939
 0.000324669782
 0.000196549951
 0.000249251997
 0.000417884827
 0.000154453834
 0.000227098537
 0.000426592316
 0.000289022037
 0.000414990959
 0.000501975744
 0.000358024448
 0.000384043348
 0.000183850587
 0.000142649847
 0.000346167158
 0.000292022749
 0.000535881291
 0.000726622940
 0.000298822529
 0.000424549611
 0.000306996978
 0.000327889850
 0.000231358474
 0.000425053467
 0.000413119787
 0.000183716281
 0.000250769906
 0.000445967428
 0.000148219855
 0.000322771760
 0.000292495509
 0.000692142844
 0.000298051833
 0.000250972068
 0.000390447862
 0.000211670977
 0.000496492516
 0.000163113847
 0.000293722804
 0.000481783164
 0.000135735059
 0.000207421789
 0.000292842732
 0.000291913177
 0.000185907113
 0.000322849062
 0.000363810334
 0.000480630346
 0.000395173286
 0.000700879561
 0.000651431449
 0.000367010631
 0.000260911244
 0.000450672688
 0.000307762170
 0.000245084169
 0.000118560021
 0.000100313255
 0.000132557843
 0.000131659054
 0.000121085812
 0.000105084832
 0.000084081800
 0.000209865834
 0.000054000557
 0.000080901449
 0.000106132170
 0.000265200192
 0.000176834774
 0.000083281928
 0.000097742418
 0.000086339538
 0.000135868811
 0.000123537756
 0.000209806043
 0.000209519180
 0.000410998680
 0.000109270285
 0.000045239275
 0.000150458939
 0.000229608075
 0.000054523146
 0.000053691192
 0.000032025852
 0.000041148789
 0.000024028890
 0.000035783233
 0.000033901921
 0.000016950996
 0.000043060729
 0.000028540166
 0.000061799979
 0.000022584069
 0.000027665492
 0.000058425166
 0.000105471855
 0.000094091628
 0.000075963263
 0.000136173977
 0.000102191712
 0.000070836269
 0.000140266122
 0.000086896991
 0.000138726062
 0.000035621116
 0.000039893738
 0.000060004804
 0.000051286749
 0.000028238351
 0.000040412844
 0.000097976210
 0.000091565108
 0.000082281344
 0.000044990488
 0.000044757669
 0.000052784606
 0.000089674755
 0.000085108811
 0.000041191533
 0.000105293696
 0.000055459410
 0.000106472584
 0.000103361461
 0.000090208576
 0.000061044844
 0.000118257685
 0.000150224736
 0.000094083848
 0.000243712652
 0.000197467494
 0.000133549029
 0.000078661172
 0.000052556858
 0.000079810981
 0.000077944722
 0.000067935883
 0.000046136525
 0.000034176151
 0.000041358154
 0.000050107345
 0.000045805969
 0.000075221768
 0.000050089947
 0.000146411383
 0.000051800053
 0.000087762333
 0.000090262282
 0.000039309351
 0.000039681065
 0.000036699373
 0.000075323409
 0.000114225107
 0.000097026248
 0.000040390326
 0.000057111411
 0.000043228844
 0.000061159510
 0.000057136760
 0.000055374444
 0.000046329633
 0.000042894256
 0.000039186852
 0.000047072855
 0.000047209522
 0.000032033951
 0.000027380350
 0.000074948340
 0.000044462481
 0.000043695407
 0.000055608841
 0.000067130628
 0.000030126058
 0.000035599589
 0.000017150372
 0.000013390422
 0.000067674266
 0.000081637901
 0.000090910171
 0.000024771274
 0.000027481760
 0.000037461493
 0.000041368371
 0.000033573338
 0.000026492345
 0.000039620366
 0.000024310257
 0.000047418575
 0.000042363825
 0.000028291569
 0.000044478331
 0.000029207178
 0.000053599139
 0.000046077193
 0.000025490501
 0.000033931472
 0.000031383094
 0.000043865772
 0.000036378115
 0.000029438912
 0.000061432952
 0.000026259275
 0.000059504397
 0.000068364962
 0.000074069255
 0.000018755372
 0.000077572309
 0.000048309659
 0.000034643471
 0.000047728803
 0.000104555259
 0.000044447733
 0.000081795262
 0.000043711284
 0.000069337546
 0.000044371849
 0.000030092846
 0.000020941303
 0.000038307338
 0.000026295123
 0.000024402286
 0.000045432155
 0.000035635144
 0.000037964451
 0.000040802546
 0.000037817757
 0.000053808474
 0.000051411552
 0.000066045978
 0.000050919122
 0.000089101976
 0.000065756683
 0.000072138623
 0.000046303421
 0.000056477291
 0.000067042626
 0.000056222099
 0.000039932259
 0.000026161860
 0.000093267522
 0.000040070980
 0.000052500578
 0.000031182879
 0.000089874303
 0.000029317320
 0.000066854437
 0.000087473329
 0.000053734600
 0.000040803414
 0.000065073427
 0.000018211198
 0.000035718854
 0.000047837313
 0.000049709790
 0.000124195647
 0.000044084142
 0.000025816926
 0.000046438419
 0.000051622881
 0.000045320588
 0.000096632946
 0.000132008366
 0.000084439715
 0.000042831206
 0.000072206571
 0.000038735734
 0.000062177174
 0.000022502959
 0.000039058219
 0.000043474590
 0.000049568478
 0.000028066960
 0.000068114980
 0.000029940726
 0.000017838519
 0.000046932845
 0.000062570207
 0.000057881280
 0.000054867588
 0.000088738618
 0.000096758280
 0.000140823681
 0.000074455176
 0.000025249233
 0.000034831759
 0.000034701949
 0.000031229719
 0.000033682312
 0.000056713475
 0.000088940523
 0.000054432266
 0.000061270944
 0.000048196982
 0.000070743656
 0.000127377661
 0.000044140811
 0.000075800035
 0.000101770365
 0.000090006540
 0.000044389045
 0.000074565180
 0.000050252432
 0.000209273340
 0.000111814651
 0.000116198851
 0.000182752318
 0.000150457425
 0.000112888401
 0.000042586932
 0.000064261116
 0.000045388923
 0.000074637054
 0.000056348875
 0.000043791515
 0.000070706777
 0.000047390570
 0.000082461894
 0.000075779682
 0.000066152362
 0.000134624138
 0.000041415551
 0.000084415120
 0.000072487453
 0.000046424350
 0.000042166408
 0.000062239518
 0.000132703487
 0.000065556596
 0.000187963338
 0.000083686686
 0.000150279550
 0.000063857992
 0.000090071272
 0.000103668069
 0.000072304641
 0.000167439319
 0.000140477481
 0.000081339005
 0.000073359610
 0.000050748814
 0.000078672903
 0.000167974540
 0.000165935274
 0.000098185933
 0.000107387677
 0.000150152757
 0.000284043410
 0.000156153690
 0.000282895445
 0.000298728166
 0.000260757440
 0.000106036881
 0.000052929752
 0.000120150867
 0.000121017880
 0.000094356469
 0.000150526652
 0.000275328684
 0.000235090939
 0.000270166865
 0.000238817235
 0.000270832950
 0.000156319723
 0.000196109932
 0.000400525623
 0.000326177363
 0.000127886789
 0.000103608830
 0.000103159624
 0.000075016381
 0.000078647901
 0.000073995210
 0.000093018041
 0.000295712151
 0.000124108836
 0.000196696840
 0.000247314922
 0.000199215296
 0.000182569130
 0.000141713925
 0.000245686573
 0.000072716197
 0.000169955897
 0.000119548291
 0.000307081756
 0.000184019200
 0.000171221598
 0.000195925962
 0.000300822485
 0.000277667803
 0.000186987938
 0.000203364528
 0.000162789472
 0.000254433566
 0.000143873262
 0.000188428147
 0.000189640309
 0.000338751691
 0.000075692364
 0.000206386156
 0.000383083169
 0.000285264701
 0.000116833634
 0.000292120213
 0.000252260570
 0.000118403688
 0.000107507150
 0.000094771665
 0.000312502960
 0.000171251650
 0.000244867845
 0.000238263429
 0.000161247195
 0.000222265764
 0.000131352665
 0.000141485667
 0.000091738905
 0.000288131531
 0.000304215528
 0.000230231237
 0.000141517182
 0.000321015258
 0.000249300913
 0.000206926665
 0.000155540078
 0.000305713692
 0.000210803856
 0.000094316933
 0.000210320652
 0.000321953388
 0.000267605928
 0.000133620373
 0.000124546181
 0.000120425507
 0.000129672868
 0.000249951368
 0.000126418674
 0.000186334447
 0.000145363157
 0.000102072396
 0.000143335523
 0.000386237092
 0.000270302887
 0.000131666805
 0.000204946182
 0.000233137383
 0.000106818293
 0.000254510618
 0.000095258498
 0.000073159284
 0.000099190280
 0.000204924838
 0.000199454601
 0.000153838556
 0.000084172244
 0.000181155510
 0.000125790715
 0.000211997300
 0.000154360289
 0.000115740951
 0.000107266381
 0.000310624450
 0.000412330566
 0.000088303524
 0.000077272812
 0.000150563415
 0.000153766626
 0.000145828018
 0.000134715820
 0.000112531028
 0.000274239174
 0.000110826789
 0.000105019508
 0.000224393383
 0.000116095890
 0.000210937303
 0.000247276697
 0.000190473134
 0.000224578963
 0.000254564343
 0.000152349870
 0.000131220701
 0.000060359626
 0.000092369994
 0.000068585174
 0.000067452495
 0.000161068815
 0.000184791611
 0.000181831257
 0.000158845205
 0.000113808744
 0.000173366118
 0.000096344057
 0.000273009128
 0.000080560317
 0.000233042504
 0.000240895105
 0.000562183132
 0.000197836384
 0.000241965048
 0.000335966414
 0.000284325408
 0.000221464476
 0.000670319329
 0.000453907171
 0.000298431789
 0.000258359397
 0.000417178036
 0.000700815249
 0.000646279558
 0.000702135633
 0.000169072026
 0.000444189619
 0.000664307781
 0.000386626509
 0.000229967008
 0.000252688773
 0.000285455608
 0.000253123846
 0.000243532531
 0.000139482627
 0.000263253947
 0.000316690037
 0.000457057137
 0.000223528590
 0.000145106971
 0.000125508587
 0.000152409720
 0.000371316331
 0.000513654135
 0.000414982049
 0.000210240674
 0.000221080124
 0.000129993978
 0.000186138479
 0.000144844920
 0.000182290726
 0.000199270688
 0.000295749867
 0.000328855458
 0.000180223355
 0.000366721442
 0.000414880529
 0.000270278818
 0.000160104817
 0.000121051337
 0.000470423998
 0.000246662541
 0.000195383012
 0.000317517011
 0.000338068565
 0.000405598002
 0.000106245493
 0.000104822274
 0.000106582341
 0.000186183054
 0.000083550465
 0.000085666124
 0.000137122587
 0.000042147989
 0.000051432354
 0.000031296547
 0.000024697652
 0.000071071284
 0.000086616978
 0.000094413317
 0.000069846312
 0.000144793555
 0.000100862166
 0.000079895372
 0.000157677688
 0.000034171438
 0.000046567709
 0.000104493779
 0.000057373269
 0.000102707693
 0.000061491834
 0.000105250124
 0.000164957591
 0.000082874973
 0.000111226552
 0.000181760574
 0.000068899182
 0.000116611775
 0.000060240732
 0.000080141299
 0.000016014131
 0.000107421642
 0.000038666246
 0.000081919313
 0.000084085360
 0.000056505640
 0.000023727965
 0.000077758388
 0.000106667632
 0.000060540861
 0.000031025312
 0.000137488484
 0.000062579407
 0.000127784876
 0.000048761924
 0.000149247643
 0.000145446010
 0.000367357782
 0.000310008610
 0.000207336288
 0.000097991106
 0.000332011712
 0.000094377610
 0.000092972593
 0.000084596794
 0.000068184539
 0.000418782616
 0.000174961326
 0.000238682507
 0.000177568020
 0.000159536521
 0.000191356299
 0.000577011696
 0.000153296862
 0.000166317283
 0.000202046407
 0.000252355726
 0.000099816398
 0.000553398871
 0.000578705072
 0.000241882919
 0.000133078769
 0.000258318819
 0.000123434772
 0.000033509670
 0.000091714868
 0.000077429955
 0.000151827635
 0.000112418854
 0.000091907340
 0.000075381777
 0.000121110842
 0.000109989640
 0.000167514137
 0.000084306295
 0.000068738491
 0.000170383032
 0.000113317660
 0.000163542382
 0.000208811215
 0.000192684308
 0.000099573935
 0.000199576255
 0.000372051308
 0.000074745008
 0.000159207934
 0.000087809472
 0.000124119832
 0.000158012657
 0.000200515221
 0.000126149468
 0.000133849382
 0.000068883379
 0.000222071299
 0.000148648368
 0.000211026497
 0.000071002837
 0.000038508696
 0.000107031667
 0.000122301947
 0.000123738804
 0.000191831108
 0.000130226534
 0.000197278391
 0.000123092347
 0.000062146454
 0.000102649252
 0.000039879559
 0.000067535063
 0.000046981445
 0.000091198638
 0.000075343883
 0.000102893747
 0.000111491612
 0.000128935414
 0.000051570588
 0.000035471291
 0.000065290503
 0.000089898588
 0.000060299648
 0.000087034934
 0.000118327157
 0.000082782000
 0.000065061674
 0.000094174380
 0.000035134716
 0.000058619740
 0.000049440635
 0.000050510955
 0.000190962429
 0.000058521849
 0.000089395370
 0.000043534106
 0.000089364330
 0.000085865209
 0.000126486368
 0.000105539534
 0.000076480780
 0.000079076235
 0.000033456267
 0.000070624959
 0.000048605249
 0.000048142655
 0.000076959742
 0.000049193044
 0.000151496594
 0.000055519204
 0.000064232420
 0.000094192258
 0.000047592248
 0.000071342256
 0.000037672234
 0.000052131952
 0.000064373300
 0.000040036324
 0.000128256018
 0.000104327337
 0.000078672260
 0.000125076547
 0.000044952868
 0.000060948757
 0.000055386737
 0.000090744043
 0.000079568328
 0.000041290859
 0.000074450633
 0.000124472972
 0.000062539217
 0.000067316391
 0.000090229877
 0.000071926560
 0.000035633367
 0.000030901364
 0.000072726523
 0.000061639541
 0.000118764640
 0.000051579533
 0.000114902026
 0.000076656548
 0.000086999941
 0.000098378103
 0.000076789521
 0.000112836375
 0.000151132662
 0.000059076676
 0.000083245794
 0.000030099578
 0.000104176779
 0.000096369631
 0.000054243914
 0.000149693646
 0.000137943394
 0.000129988595
 0.000090535705
 0.000048186461
 0.000035945938
 0.000044833778
 0.000108072367
 0.000018684917
 0.000061844488
 0.000067514167
 0.000084175119
 0.000121871600
 0.000113606339
 0.000210068666
 0.000091954871
 0.000196922895
 0.000084422974
 0.000072632900
 0.000095661387
 0.000112065679
 0.000099880892
 0.000086524300
 0.000125053304
 0.000036257790
 0.000208025008
 0.000125195835
 0.000109895903
 0.000113744626
 0.000120042508
 0.000139087112
 0.000124041189
 0.000078066822
 0.000099981830
 0.000165766277
 0.000102021338
 0.000289472092
 0.000230681074
 0.000096348375
 0.000045902325
 0.000106631728
 0.000055144309
 0.000030309535
 0.000074862096
 0.000221296983
 0.000178640145
 0.000052169124
 0.000046961032
 0.000056830337
 0.000101490875
 0.000091058183
 0.000042792298
 0.000052459454
 0.000230734686
 0.000199837027
 0.000210500100
 0.000143325763
 0.000141820382
 0.000079245166
 0.000067712001
 0.000123031944
 0.000078061000
 0.000132280551
 0.000089835066
 0.000108694605
 0.000116868586
 0.000081662533
 0.000142420101
 0.000075891948
 0.000135164307
 0.000064522059
 0.000051176484
 0.000098139052
 0.000077734467
 0.000071749197
 0.000099694312
 0.000081206194
 0.000065621683
 0.000028561877
 0.000082300513
 0.000100565365
 0.000132043523
 0.000061626639
 0.000128444780
 0.000131244921
 0.000075297035
 0.000100589544
 0.000107615682
 0.000101883082
 0.000058444528
 0.000061809508
 0.000032361632
 0.000052751115
 0.000080790734
 0.000090782304
 0.000098495552
 0.000040050467
 0.000057866282
 0.000056186286
 0.000109984896
 0.000145033138
 0.000131221562
 0.000086613671
 0.000085352178
 0.000091054402
 0.000145369633
 0.000057940843
 0.000063136839
 0.000160968421
 0.000095510721
 0.000095719243
 0.000065933809
 0.000132222332
 0.000259887267
 0.000355121443
 0.000121744821
 0.000334603327
 0.000162698360
 0.000089748480
 0.000081067821
 0.000055605872
 0.000146497747
 0.000084198161
 0.000119850925
 0.000116290523
 0.000092350386
 0.000087668492
 0.000077138803
 0.000069136391
 0.000112536049
 0.000112179406
 0.000095198971
 0.000064397708
 0.000178589535
 0.000035270845
 0.000067946006
 0.000080682091
 0.000193838109
 0.000061921391
 0.000134970122
 0.000104303328
 0.000077711460
 0.000155928861
 0.000060744538
 0.000034655800
 0.000057396684
 0.000107101335
 0.000042529711
 0.000072037589
 0.000086945071
 0.000111696418
 0.000134058176
 0.000091507231
 0.000080714673
 0.000174862873
 0.000162497446
 0.000248124209
 0.000110424277
 0.000096463615
 0.000112260503
 0.000183930117
 0.000233788487
 0.000201494835
 0.000141043106
 0.000060171785
 0.000057875633
 0.000105573272
 0.000123225203
 0.000067203388
 0.000060170365
 0.000032897892
 0.000035567077
 0.000087990735
 0.000079133719
 0.000031454443
 0.000029663289
 0.000033779542
 0.000029697749
 0.000083645390
 0.000062436889
 0.000058440040
 0.000034712038
 0.000028418073
 0.000022580609
 0.000039228525
 0.000031912715
 0.000036872326
 0.000071202735
 0.000064385424
 0.000076304750
 0.000031860665
 0.000063922931
 0.000062167607
 0.000093616209
 0.000043478765
 0.000055237384
 0.000051164769
 0.000056379482
 0.000046777022
 0.000159851119
 0.000062078031
 0.000065277260
 0.000065377285
 0.000066620530
 0.000097924278
 0.000074389936
 0.000108380489
 0.000095378239
 0.000065535092
 0.000156456357
 0.000093055665
 0.000124198683
 0.000095958265
 0.000046382710
 0.000107103303
 0.000023656337
 0.000044329519
 0.000051700486
 0.000030796068
 0.000100182259
 0.000151890287
 0.000073673738
 0.000096937104
 0.000061004086
 0.000127030827
 0.000128073576
 0.000133250456
 0.000084275102
 0.000069580676
 0.000074464049
 0.000134362207
 0.000059998734
 0.000068289185
 0.000117307002
 0.000029627240
 0.000076429249
 0.000075537109
 0.000094384147
 0.000081938694
 0.000070340459
 0.000184133772
 0.000107170239
 0.000102135160
 0.000038661984
 0.000070073118
 0.000173254177
 0.000081592468
 0.000045516814
 0.000110660373
 0.000058337854
 0.000127446035
 0.000149970702
 0.000111212498
 0.000114886955
 0.000112358394
 0.000120971470
 0.000125336721
 0.000089485123
 0.000079214129
 0.000062717356
 0.000038334962
 0.000045852845
 0.000070721653
 0.000038793586
 0.000036806533
 0.000072125393
 0.000058718192
 0.000048494062
 0.000042552982
 0.000041055381
 0.000039061126
 0.000039701111
 0.000034731008
 0.000082657768
 0.000060265326
 0.000045343032
 0.000104673883
 0.000090425937
 0.000029416348
 0.000190851865
 0.000081000747
 0.000123227009
 0.000091442224
 0.000068387066
 0.000252745161
 0.000220006834
 0.000125106781
 0.000147117753
 0.000455077819
 0.000144351984
 0.000334352149
 0.000104714903
 0.000094315041
 0.000126594205
 0.000103006423
 0.000245755409
 0.000096451601
 0.000085927462
 0.000271611278
 0.000081571707
 0.000200834374
 0.000174720695
 0.000204164976
 0.000133940196
 0.000110526392
 0.000100372030
 0.000171722914
 0.000270791666
 0.000314152219
 0.000142157103
 0.000187830842
 0.000286351288
 0.000451094459
 0.000319341772
 0.000127786549
 0.000476228372
 0.000128261560
 0.000171399930
 0.000097214252
 0.000080540767
 0.000101780893
 0.000097869268
 0.000133715066
 0.000079064462
 0.000230933357
 0.000048434370
 0.000113595166
 0.000059574910
 0.000046265044
 0.000090478009
 0.000084472008
 0.000060538809
 0.000105573971
 0.000087608902
 0.000065453032
 0.000179002187
 0.000057739843
 0.000169693370
 0.000064847104
 0.000047372285
 0.000178235511
 0.000110417930
 0.000134373042
 0.000152707506
 0.000091235733
 0.000024180532
 0.000090775135
 0.000087728368
 0.000059497487
 0.000100394545
 0.000055873782
 0.000051765777
 0.000042997323
 0.000019736845
 0.000019113669
 0.000041720091
 0.000012206297
 0.000080654583
 0.000128737056
 0.000045384035
 0.000035772498
 0.000054890127
 0.000048547885
 0.000074779911
 0.000069983336
 0.000084534044
 0.000080330908
 0.000038254338
 0.000149956760
 0.000193505959
 0.000413713330
 0.000316637860
 0.000099162061
 0.000091948255
 0.000156512946
 0.000111077622
 0.000078386724
 0.000107472578
 0.000047767020
 0.000048318678
 0.000037326076
 0.000070687898
 0.000057856565
 0.000076689055
 0.000065627202
 0.000043463668
 0.000029060965
 0.000022080381
 0.000016895155
 0.000044904817
 0.000030261497
 0.000017676617
 0.000063530449
 0.000017885324
 0.000026032476
 0.000015789545
 0.000004853377
 0.000035592416
 0.000034420343
 0.000023407374
 0.000085777084
 0.000018315988
 0.000042243517
 0.000062662576
 0.000018572924
 0.000097610294
 0.000061610284
 0.000053003012
 0.000147142780
 0.000040814480
 0.000056149219
 0.000078800292
 0.000041365972
 0.000043293973
 0.000038512984
 0.000098221247
 0.000062526552
 0.000138010912
 0.000049545773
 0.000082354362
 0.000147404963
 0.000060741069
 0.000093943154
 0.000156637593
 0.000147776481
 0.000092804878
 0.000070205796
 0.000083935201
 0.000046848042
 0.000070272366
 0.000092012171
 0.000126880531
 0.000133934048
 0.000141185055
 0.000164196065
 0.000048297260
 0.000068464535
 0.000073915068
 0.000044246254
 0.000084985273
 0.000085396822
 0.000037219449
 0.000090521920
 0.000054901958
 0.000040407615
 0.000077289225
 0.000035736916
 0.000072991720
 0.000078896257
 0.000114770457
 0.000026388192
 0.000036456516
 0.000032203175
 0.000026193593
 0.000091706147
 0.000033674380
 0.000048630424
 0.000036733528
 0.000069254580
 0.000080948256
 0.000066706292
 0.000041253996
 0.000088367072
 0.000058201108
 0.000030810544
 0.000055205433
 0.000027094104
 0.000058939127
 0.000032351231
 0.000026548864
 0.000026950018
 0.000042756574
 0.000038753118
 0.000065589974
 0.000044592819
 0.000076957989
 0.000032481566
 0.000023637238
 0.000037407646
 0.000019141556
 0.000024542650
 0.000027871581
 0.000053865952
 0.000032453174
 0.000031942017
 0.000030099312
 0.000062725694
 0.000027013286
 0.000016705747
 0.000047416650
 0.000018903955
 0.000018006935
 0.000015641723
 0.000021323744
 0.000037987287
 0.000019233828
 0.000036565312
 0.000035311622
 0.000078158667
 0.000041687457
 0.000048839546
 0.000044904755
 0.000024299980
 0.000026250676
 0.000013387566
 0.000045928562
 0.000023673533
 0.000046894803
 0.000048007983
 0.000043009921
 0.000035130971
 0.000052267378
 0.000061897795
 0.000079460855
 0.000053424815
 0.000061707493
 0.000069432671
 0.000054271257
 0.000047279318
 0.000037321478
 0.000048994969
 0.000027192339
 0.000051391104
 0.000034295596
 0.000034242185
 0.000030930053
 0.000032299005
 0.000062413042
 0.000050652953
 0.000056744848
 0.000059555953
 0.000080410435
 0.000054974776
 0.000037462808
 0.000030017836
 0.000026569858
 0.000058940956
 0.000056862794
 0.000047858152
 0.000024001550
 0.000037273315
 0.000042158894
 0.000049712549
 0.000020312211
 0.000017381967
 0.000084887162
 0.000033330118
 0.000030084942
 0.000018029832
 0.000025139855
 0.000022539418
 0.000044733091
 0.000014793817
 0.000029431863
 0.000019213541
 0.000055334346
 0.000077371732
 0.000062118165
 0.000116054265
 0.000046087572
 0.000025137190
 0.000033708863
 0.000044634903
 0.000051339299
 0.000096002549
 0.000051473662
 0.000044646450
 0.000031386312
 0.000028673549
 0.000070455665
 0.000039680999
 0.000155969141
 0.000064021620
 0.000072911320
 0.000053891974
 0.000026232589
 0.000037663358
 0.000020951926
 0.000033000723
 0.000041479790
 0.000027215115
 0.000038894303
 0.000074449013
 0.000072752216
 0.000052656147
 0.000039259850
 0.000040900940
 0.000057142865
 0.000051612946
 0.000020625472
 0.000029921341
 0.000031840123
 0.000010811632
 0.000057085959
 0.000019890566
 0.000026000507
 0.000065120402
 0.000059424225
 0.000087643705
 0.000024010205
 0.000034518870
 0.000032321198
 0.000044318122
 0.000047801352
 0.000021693908
 0.000039608834
 0.000032126368
 0.000018679576
 0.000081597823
 0.000026982799
 0.000025357834
 0.000014340071
 0.000033813868
 0.000030528923
 0.000097412321
 0.000036121118
 0.000059977043
 0.000042020200
 0.000080631251
 0.000034755180
 0.000055586236
 0.000045333156
 0.000046101622
 0.000057110223
 0.000094761878
 0.000059176934
 0.000034539000
 0.000061686011
 0.000062989429
 0.000024611890
 0.000084396331
 0.000126844870
 0.000077032906
 0.000020362360
 0.000033029252
 0.000038016017
 0.000009555393
 0.000029563681
 0.000008880426
 0.000050733397
 0.000060795893
 0.000040185249
 0.000043025378
 0.000129759250
 0.000072237784
 0.000090023826
 0.000072822025
 0.000192827484
 0.000091806707
 0.000187132911
 0.000070940200
 0.000100808413
 0.000047484938
 0.000116971756
 0.000035279077
 0.000053804383
 0.000071941137
 0.000305749117
 0.000080696936
 0.000037939009
 0.000161089469
 0.000043740449
 0.000034355712
 0.000041097130
 0.000024304854
 0.000048186427
 0.000039037638
 0.000141141648
 0.000132155729
 0.000058653042
 0.000040407338
 0.000180719380
 0.000231330120
 0.000164393807
 0.000072686548
 0.000070048860
 0.000065612055
 0.000029160768
 0.000065543732
 0.000038375570
 0.000050595145
 0.000035300194
 0.000025615603
 0.000080234950
 0.000041701074
 0.000089290088
 0.000073315025
 0.000057028259
 0.000029746490
 0.000076209606
 0.000074476136
 0.000032657560
 0.000048162389
 0.000029700921
 0.000053688053
 0.000071257627
 0.000053431992
 0.000043336697
 0.000057599182
 0.000064041002
 0.000117014527
 0.000053503051
 0.000024971403
 0.000047041245
 0.000045563550
 0.000043640429
 0.000026965150
 0.000023918541
 0.000046018057
 0.000049127339
 0.000062233984
 0.000021023881
 0.000069909180
 0.000065306726
 0.000038778884
 0.000080856493
 0.000041899159
 0.000018650748
 0.000037992406
 0.000040056987
 0.000031720101
 0.000107145444
 0.000059386965
 0.000184462879
 0.000026281225
 0.000084761835
 0.000027683734
 0.000040679770
 0.000090226501
 0.000032404432
 0.000053464304
 0.000073665693
 0.000037977819
 0.000047861297
 0.000035664767
 0.000052514556
 0.000067261546
 0.000100964059
 0.000052457100
 0.000043923549
 0.000089874818
 0.000061190145
 0.000054769143
 0.000032763866
 0.000029275857
 0.000043833063
 0.000059332658
 0.000042199510
 0.000074435097
 0.000041542733
 0.000117460271
 0.000045609754
 0.000057291811
 0.000026508257
 0.000083149721
 0.000044699770
 0.000040632219
 0.000049470009
 0.000052995739
 0.000020972914
 0.000063075092
 0.000029715460
 0.000053188210
 0.000040191858
 0.000056910916
 0.000068145347
 0.000077689726
 0.000023851286
 0.000062255213
 0.000062978032
 0.000082084811
 0.000067549849
 0.000054265050
 0.000045889194
 0.000044686371
 0.000049655751
 0.000046279134
 0.000030541804
 0.000051882837
 0.000055772089
 0.000063305646
 0.000096215893
 0.000074107746
 0.000046594237
 0.000116215428
 0.000142320555
 0.000055084246
 0.000018022083
 0.000106954256
 0.000034549623
 0.000055612936
 0.000083859649
 0.000066981020
 0.000031912458
 0.000031776527
 0.000062068494
 0.000035806408
 0.000050916286
 0.000050253313
 0.000066086350
 0.000025905283
 0.000020592727
 0.000032066733
 0.000150384564
 0.000030663149
 0.000033290119
 0.000016097908
 0.000025231696
 0.000035947624
 0.000023122661
 0.000025739844
 0.000029348774
 0.000020193710
 0.000043308674
 0.000027883382
 0.000052916698
 0.000023290156
 0.000023764970
 0.000041486299
 0.000023297291
 0.000024459293
 0.000018723803
 0.000041690636
 0.000027619378
 0.000026825408
 0.000025353140
 0.000020185787
 0.000028425648
 0.000030812049
 0.000047607779
 0.000053410968
 0.000031917763
 0.000075240612
 0.000027362720
 0.000145206940
 0.000035096163
 0.000054826598
 0.000041444773
 0.000042158793
 0.000061977610
 0.000088923277
 0.000076234868
 0.000056890348
 0.000045447614
 0.000039879601
 0.000052765001
 0.000029197110
 0.000125756734
 0.000018325538
 0.000047363085
 0.000049346384
 0.000049495391
 0.000048837731
 0.000049023750
 0.000050660510
 0.000043606890
 0.000092763595
 0.000032216944
 0.000054637247
 0.000046009161
 0.000091708409
 0.000038876879
 0.000149743276
 0.000109865717
 0.000143816306
 0.000114512697
 0.000061362807
 0.000083870078
 0.000082939257
 0.000089712035
 0.000020875792
 0.000164887453
 0.000139485189
 0.000148102958
 0.000101635755
 0.000130239382
 0.000067706609
 0.000055823278
 0.000036121740
 0.000049679566
 0.000073521326
 0.000048627750
 0.000044024960
 0.000021828512
 0.000028592579
 0.000072586641
 0.000019499460
 0.000014982185
 0.000028370505
 0.000085741826
 0.000058022540
 0.000072115438
 0.000051970958
 0.000029137869
 0.000035047671
 0.000035544608
 0.000026490806
 0.000043119170
 0.000118069064
 0.000034321610
 0.000059195623
 0.000047222909
 0.000029008561
 0.000050404109
 0.000031606105
 0.000062083556
 0.000052303260
 0.000039278347
 0.000035056866
 0.000064761596
 0.000030370310
 0.000078123622
 0.000077481738
 0.000041212295
 0.000036584055
 0.000063010088
 0.000087041064
 0.000076110299
 0.000068732714
 0.000073595982
 0.000102862738
 0.000047745179
 0.000043627924
 0.000028816171
 0.000022549633
 0.000031132376
 0.000023189571
 0.000020367931
 0.000029330691
 0.000044604351
 0.000036138959
 0.000020010722
 0.000022454830
 0.000045569014
 0.000012027874
 0.000030716859
 0.000021636920
 0.000029600925
 0.000034188840
 0.000035078196
 0.000072337642
 0.000043750664
 0.000022583782
 0.000025507666
 0.000051018323
 0.000031302219
 0.000020759445
 0.000028291050
 0.000045685518
 0.000034629827
 0.000012867512
 0.000034752105
 0.000022878899
 0.000011655835
 0.000016489742
 0.000030231442
 0.000033982108
 0.000018901543
 0.000041185729
 0.000048546866
 0.000025484629
 0.000023624596
 0.000015885626
 0.000037324249
 0.000032027667
 0.000027393533
 0.000061281956
 0.000106706304
 0.000038025305
 0.000040758769
 0.000039298668
 0.000006234399
 0.000009022415
 0.000005446516
 0.000018322419
 0.000019811741
 0.000011730429
 0.000026840495
 0.000014589803
 0.000007056021
 0.000010857187
 0.000009707981
 0.000011650652
 0.000004243780
 0.000007869409
 0.000015448239
 0.000006069987
 0.000007434898
 0.000014278001
 0.000008094446
 0.000004825988
 0.000005255481
 0.000011138396
 0.000006086261
 0.000007835117
 0.000004527307
 0.000003542057
 0.000024745070
 0.000010093523
 0.000015500019
 0.000061690576
 0.000160440531
 0.000013124999
 0.000071455957
 0.000022518689
 0.000034815264
 0.000033308400
 0.000101823516
 0.000028873122
 0.000104955333
 0.000053014244
 0.000228267088
 0.000083267514
 0.000034233642
 0.000059394549
 0.000042374018
 0.000032942882
 0.000045757868
 0.000047742240
 0.000016529543
 0.000038579025
 0.000055711790
 0.000050586042
 0.000093429220
 0.000039756249
 0.000023221799
 0.000041559433
 0.000025273430
 0.000025105756
 0.000048190984
 0.000047486507
 0.000023007863
 0.000036153625
 0.000035474891
 0.000035493268
 0.000033258894
 0.000020911215
 0.000042637400
 0.000058751192
 0.000042522499
 0.000025897059
 0.000054128341
 0.000088692257
 0.000056015862
 0.000130123603
 0.000102259422
 0.000110454351
 0.000048996463
 0.000087485552
 0.000119938130
 0.000073925752
 0.000109040677
 0.000089255095
 0.000137242668
 0.000075041278
 0.000066429395
 0.000054419128
 0.000086795817
 0.000038566936
 0.000163474793
 0.000053242166
 0.000042307496
 0.000047218873
 0.000055992334
 0.000068908905
 0.000049447468
 0.000065840538
 0.000049904685
 0.000076180066
 0.000046681903
 0.000038163836
 0.000067598543
 0.000035761773
 0.000026289544
 0.000077194386
 0.000197426355
 0.000039647117
 0.000046911091
 0.000056608478
 0.000112118648
 0.000040996603
 0.000072534815
 0.000067384224
 0.000064057605
 0.000051125918
 0.000102803881
 0.000051796284
 0.000038745707
 0.000064058778
 0.000135175100
 0.000081011177
 0.000056550931
 0.000029024783
 0.000078073599
 0.000049240635
 0.000122545733
 0.000057450695
 0.000085297201
 0.000036257135
 0.000034185091
 0.000039040917
 0.000046617393
 0.000066253342
 0.000058631663
 0.000118271702
 0.000144576654
 0.000063372185
 0.000158604871
 0.000091681263
 0.000095196132
 0.000028079686
 0.000086418189
 0.000056347843
 0.000040115517
 0.000045288440
 0.000038789249
 0.000030966835
 0.000013463273
 0.000068867725
 0.000028622980
 0.000045397759
 0.000089732659
 0.000048879540
 0.000063612415
 0.000103709432
 0.000057438189
 0.000011376864
 0.000026071164
 0.000042431684
 0.000039272681
 0.000031910471
 0.000021269275
 0.000045424772
 0.000026114284
 0.000114214734
 0.000073947471
 0.000087631151
 0.000035241419
 0.000057025606
 0.000107208124
 0.000133975819
 0.000092404128
 0.000159809211
 0.000071469773
 0.000065765146
 0.000035283041
 0.000101567341
 0.000045992317
 0.000146009145
 0.000109623614
 0.000085682168
 0.000085182630
 0.000069831945
 0.000082566386
 0.000146201750
 0.000096007958
 0.000060356692
 0.000062584560
 0.000076085361
 0.000064780538
 0.000077180132
 0.000043056466
 0.000159621295
 0.000053316470
 0.000038075908
 0.000108788227
 0.000074094967
 0.000082186658
 0.000030136870
 0.000045026438
 0.000100729222
 0.000040060995
 0.000040571626
 0.000056032801
 0.000055504889
 0.000055570981
 0.000078819455
 0.000058443318
 0.000066642332
 0.000123679019
 0.000031277731
 0.000039152917
 0.000022432606
 0.000038252029
 0.000027226107
 0.000027572909
 0.000122552444
 0.000037413840
 0.000010729717
 0.000028851313
 0.000021225826
 0.000009698051
 0.000052488250
 0.000017459182
 0.000037538576
 0.000017463528
 0.000023484258
 0.000015561693
 0.000063632857
 0.000038081984
 0.000023843622
 0.000028189511
 0.000017644180
 0.000039635148
 0.000069238615
 0.000152445277
 0.000031052057
 0.000033718902
 0.000021335247
 0.000153672901
 0.000028832788
 0.000056286324
 0.000135285929
 0.000047476898
 0.000035332005
 0.000032766483
 0.000039177207
 0.000026155150
 0.000031626332
 0.000052108063
 0.000079615039
 0.000029018360
 0.000045780144
 0.000068567387
 0.000066374366
 0.000068297940
 0.000089796738
 0.000090714515
 0.000047015389
 0.000043710489
 0.000072928818
 0.000037283981
 0.000096838716
 0.000028743314
 0.000115239403
 0.000062203845
 0.000047322705
 0.000106860117
 0.000071815817
 0.000056378048
 0.000175430118
 0.000053231592
 0.000107718574
 0.000076545413
 0.000046798065
 0.000070185501
 0.000094936927
 0.000046882039
 0.000034428576
 0.000025890469
 0.000075145279
 0.000068575764
 0.000074421959
 0.000057566185
 0.000048060809
 0.000061929321
 0.000169828190
 0.000064511205
 0.000054345271
 0.000053812767
 0.000065185742
 0.000047312380
 0.000075511591
 0.000063451303
 0.000152047217
 0.000071806966
 0.000123608402
 0.000064515424
 0.000048744358
 0.000035519870
 0.000070508950
 0.000085661958
 0.000086878375
 0.000035959714
 0.000087942492
 0.000075576739
 0.000054811960
 0.000066006934
 0.000146012965
 0.000025643953
 0.000032851076
 0.000063897358
 0.000039368712
 0.000038763980
 0.000074958359
 0.000038319505
 0.000083187919
 0.000076234442
 0.000161547385
 0.000075542986
 0.000042702008
 0.000066991714
 0.000058780419
 0.000054457948
 0.000068344053
 0.000022016864
 0.000026661152
 0.000059502589
 0.000052348634
 0.000082016559
 0.000181357425
 0.000096628462
 0.000069778658
 0.000046470127
 0.000069165435
 0.000054007461
 0.000055004470
 0.000041405540
 0.000058576236
 0.000113589593
 0.000071707460
 0.000058126857
 0.000139941879
 0.000106393505
 0.000059896378
 0.000060018896
 0.000125583885
 0.000035498772
 0.000042189081
 0.000147785232
 0.000056902374
 0.000051279803
 0.000061510621
 0.000067659973
 0.000067640693
 0.000088529657
 0.000065364369
 0.000048476815
 0.000088687231
 0.000049975996
 0.000106578801
 0.000046930909
 0.000038702578
 0.000071801059
 0.000145414593
 0.000056163447
 0.000026900216
 0.000299877624
 0.000041864182
 0.000054856520
 0.000088707488
 0.000170632736
 0.000089662038
 0.000070146439
 0.000115503929
 0.000036877986
 0.000050208831
 0.000056157658
 0.000052628777
 0.000075157199
 0.000139800868
 0.000205960761
 0.000060203545
 0.000099062701
 0.000054660475
 0.000055789123
 0.000105989569
 0.000109029256
 0.000063273181
 0.000101318324
 0.000085382587
 0.000048292709
 0.000044589774
 0.000119343022
 0.000039861247
 0.000182488815
 0.000168602471
 0.000259910239
 0.000121360392
 0.000080250695
 0.000033737427
 0.000054217682
 0.000078931668
 0.000039745759
 0.000068512551
 0.000053851410
 0.000098973514
 0.000087191963
 0.000033986710
 0.000042388804
 0.000073329572
 0.000117738483
 0.000059553222
 0.000042087870
 0.000078198302
 0.000130176013
 0.000025998523
 0.000110600058
 0.000065242274
 0.000143741447
 0.000121899804
 0.000061854561
 0.000081388170
 0.000050108776
 0.000071777886
 0.000088291208
 0.000153826078
 0.000026077528
 0.000022248586
 0.000115955201
 0.000034808750
 0.000123504421
 0.000064805837
 0.000115928703
 0.000083899996
 0.000116458735
 0.000078502996
 0.000092586610
 0.000097760386
 0.000062669451
 0.000254183792
 0.000048484718
 0.000199114497
 0.000108888084
 0.000052621892
 0.000060027906
 0.000067657316
 0.000137137141
 0.000066154853
 0.000113324806
 0.000111649008
 0.000150553546
 0.000172404700
 0.000090828168
 0.000124696862
 0.000060379411
 0.000073517492
 0.000192183889
 0.000163440370
 0.000287744899
 0.000172621450
 0.000093025538
 0.000059301551
 0.000159706112
 0.000103526050
 0.000099119300
 0.000236031144
 0.000092982856
 0.000164960069
 0.000110906775
 0.000117473061
 0.000133777689
 0.000177258247
 0.000098918436
 0.000089289365
 0.000035602714
 0.000120301829
 0.000054747310
 0.000050151464
 0.000133252475
 0.000124676699
 0.000061334603
 0.000092927797
 0.000052172547
 0.000028751799
 0.000041819698
 0.000111483501
 0.000035753822
 0.000093501547
 0.000187179887
 0.000032444175
 0.000069634021
 0.000051301998
 0.000093768687
 0.000060133165
 0.000065796376
 0.000039617543
 0.000067315204
 0.000060821711
 0.000016407140
 0.000091906937
 0.000033351135
 0.000098448705
 0.000075741141
 0.000076693921
 0.000135019604
 0.000149876396
 0.000196144458
 0.000042395032
 0.000035175338
 0.000039198140
 0.000115002425
 0.000055004966
 0.000058016878
 0.000087127382
 0.000062837000
 0.000077271031
 0.000085750615
 0.000040875792
 0.000065931466
 0.000147816635
 0.000030844106
 0.000195694494
 0.000099633268
 0.000078583016
 0.000128507096
 0.000087417169
 0.000069958342
 0.000089231223
 0.000133225695
 0.000031125574
 0.000055386278
 0.000074869794
 0.000035404655
 0.000032736292
 0.000044548777
 0.000056466570
 0.000054732352
 0.000031686127
 0.000135592965
 0.000262020635
 0.000322720413
 0.000065340836
 0.000125676760
 0.000254858575
 0.000184358105
 0.000116828008
 0.000300050448
 0.000202138266
 0.000162344766
 0.000073592176
 0.000059125815
 0.000092173246
 0.000045736267
 0.000088553753
 0.000059102882
 0.000089726193
 0.000084546373
 0.000058815775
 0.000057297913
 0.000117317704
 0.000041200675
 0.000050907157
 0.000107624224
 0.000021772408
 0.000030339657
 0.000036134242
 0.000074745889
 0.000052055765
 0.000041910875
 0.000041608662
 0.000043905516
 0.000054528537
 0.000049390665
 0.000088333145
 0.000060528952
 0.000057846358
 0.000044528219
 0.000055667289
 0.000081044623
 0.000042916860
 0.000013163886
 0.000061998725
 0.000034441371
 0.000025457261
 0.000057599233
 0.000054428855
 0.000051456320
 0.000019714529
 0.000030758077
 0.000035457771
 0.000022092053
 0.000112770910
 0.000136118518
 0.000101310507
 0.000050991345
 0.000088506226
 0.000114638501
 0.000090288691
 0.000056348081
 0.000081232569
 0.000036571006
 0.000047789053
 0.000107762369
 0.000058724964
 0.000045561107
 0.000102230433
 0.000220668823
 0.000021575313
 0.000031120332
 0.000040478878
 0.000021896270
 0.000019536863
 0.000014893311
 0.000012788134
 0.000049336401
 0.000012958446
 0.000017525058
 0.000012011897
 0.000017040304
 0.000023893751
 0.000025964519
 0.000024047321
 0.000026648080
 0.000021124350
 0.000019344211
 0.000023984707
 0.000010841047
 0.000029036784
 0.000019430630
 0.000016120291
 0.000048445793
 0.000051695836
 0.000017683959
 0.000103031380
 0.000025042662
 0.000021555205
 0.000044517737
 0.000020323474
 0.000026391194
 0.000013549274
 0.000026090085
 0.000048184133
 0.000023541024
 0.000030302960
 0.000037877132
 0.000032402285
 0.000038760135
 0.000094395737
 0.000101539397
 0.000024903015
 0.000042625270
 0.000103168691
 0.000092334528
 0.000025783247
 0.000033385422
 0.000123920604
 0.000115906719
 0.000063123591
 0.000099444389
 0.000150928402
 0.000023598787
 0.000073799832
 0.000290316445
 0.000081435874
 0.000043542283
 0.000092425815
 0.000077523125
 0.000030600988
 0.000125670547
 0.000103368503
 0.000084417940
 0.000244601335
 0.000073965130
 0.000090423074
 0.000039825076
 0.000043751437
 0.000085482459
 0.000069551226
 0.000079908977
 0.000060131050
 0.000102574986
 0.000128001851
 0.000135134406
 0.000101730860
 0.000072256538
 0.000144864887
 0.000163262121
 0.000143930117
 0.000066525320
 0.000088854181
 0.000092742968
 0.000113100517
 0.000181429852
 0.000032200719
 0.000098406508
 0.000074669204
 0.000094524742
 0.000096829724
 0.000207706155
 0.000216671719
 0.000103316959
 0.000109930176
 0.000126039524
 0.000186738686
 0.000088988697
 0.000266894226
 0.000255289181
 0.000090489039
 0.000117939893
 0.000264761214
 0.000492111725
 0.000202501404
 0.000229102891
 0.000128173598
 0.000156466451
 0.000277585240
 0.000105092412
 0.000229965094
 0.000189897441
 0.000175174829
 0.000146751314
 0.000170130258
 0.000142906135
 0.000172322191
 0.000092998987
 0.000080607614
 0.000067044412
 0.000191616228
 0.000148961377
 0.000166920612
 0.000209400533
 0.000306989180
 0.000155974702
 0.000091911747
 0.000164048803
 0.000353549952
 0.000118363048
 0.000278160307
 0.000094615986
 0.000221793076
 0.000230630523
 0.000183606029
 0.000073719222
 0.000090246641
 0.000130852321
 0.000085772995
 0.000101770975
 0.000099241329
 0.000136998440
 0.000182377969
 0.000071581140
 0.000184861867
 0.000139730810
 0.000124248680
 0.000100483930
 0.000219475104
 0.000202714179
 0.000137608780
 0.000131936981
 0.000150149254
 0.000083329702
 0.000050293662
 0.000028379364
 0.000145745063
 0.000118245534
 0.000056426412
 0.000193699561
 0.000106340522
 0.000189588543
 0.000144924855
 0.000239696547
 0.000036665492
 0.000049337675
 0.000070798103
 0.000077350519
 0.000273415170
 0.000048862727
 0.000050705980
 0.000036960730
 0.000046614829
 0.000102057902
 0.000085679532
 0.000065927072
 0.000080368502
 0.000051924560
 0.000075205489
 0.000064148080
 0.000048231768
 0.000052077651
 0.000128800912
 0.000036240332
 0.000038677132
 0.000070303182
 0.000076970177
 0.000040278925
 0.000153380506
 0.000084815928
 0.000073669972
 0.000132257004
 0.000107678739
 0.000079866658
 0.000161022534
 0.000076450845
 0.000178115766
 0.000069876480
 0.000126323331
 0.000168808248
 0.000133654551
 0.000143240927
 0.000133483176
 0.000341688329
 0.000180713490
 0.000501309567
 0.000063178348
 0.000123192201
 0.000135749537
 0.000098740351
 0.000163822350
 0.000139539134
 0.000084823386
 0.000156356309
 0.000054515802
 0.000163061150
 0.000048274407
 0.000098848641
 0.000144659455
 0.000106238328
 0.000112701975
 0.000070093628
 0.000147988190
 0.000169593638
 0.000297651211
 0.000178758548
 0.000148286849
 0.000070126995
 0.000095738251
 0.000301075904
 0.000168081213
 0.000175529426
 0.000039528457
 0.000107518193
 0.000074316817
 0.000071413360
 0.000075741758
 0.000034837522
 0.000069904586
 0.000077663903
 0.000105512888
 0.000045416868
 0.000031116816
 0.000076160793
 0.000059755955
 0.000062726901
 0.000064377571
 0.000138183014
 0.000155731907
 0.000110079373
 0.000214308937
 0.000050302718
 0.000182385048
 0.000149447685
 0.000120932885
 0.000126714156
 0.000110305439
 0.000104390465
 0.000141583095
 0.000239710087
 0.000218685912
 0.000125028205
 0.000388002535
 0.000076257135
 0.000266682164
 0.000057272338
 0.000208264727
 0.000349797652
 0.000217722329
 0.000323699591
 0.000211534548
 0.000279691230
 0.000437529135
 0.000172024880
 0.000121134830
 0.000173828595
 0.000185637264
 0.000238372643
 0.000411953703
 0.000269363239
 0.000261195354
 0.000329971564
 0.000302204593
 0.000213687914
 0.000150087450
 0.000265902014
 0.000493758292
 0.000421244700
 0.000395654129
 0.000265084081
 0.000239967443
 0.000278579085
 0.000223323946
 0.000556951698
 0.000300209669
 0.000209305341
 0.000254371259
 0.000339873236
 0.000141151672
 0.000235757558
 0.000267172038
 0.000251565509
 0.000230021792
 0.000311719965
 0.000404816332
 0.000227670819
 0.000128483303
 0.000330552754
 0.000162626068
 0.000169459007
 0.000145651656
 0.000198303650
 0.000192816915
 0.000383798137
 0.000092308547
 0.000289935683
 0.000241609578
 0.000241501317
 0.000150457445
 0.000298444388
 0.000307539690
 0.000168156983
 0.000426341723
 0.000438984439
 0.000176906503
 0.000149216918
 0.000150763698
 0.000221564483
 0.000367661841
 0.000427827193
 0.000189238633
 0.000158385790
 0.000060058082
 0.000098274886
 0.000128389535
 0.000238015463
 0.000155501130
 0.000074185904
 0.000139554025
 0.000081376418
 0.000188939083
 0.000083479283
 0.000382016635
 0.000175290581
 0.000112855307
 0.000131266755
 0.000216404270
 0.000076401583
 0.000151724228
 0.000176623149
 0.000034308241
 0.000127785887
 0.000217820548
 0.000076618494
 0.000099735986
 0.000134875396
 0.000173622383
 0.000220023523
 0.000102791886
 0.000193744681
 0.000117185561
 0.000133512071
 0.000161352926
 0.000145502374
 0.000093607652
 0.000094870203
 0.000126501344
 0.000116666806
 0.000409680878
 0.000207607587
 0.000162975203
 0.000303365484
 0.000219567168
 0.000124641377
 0.000100182147
 0.000068616845
 0.000167777736
 0.000179137322
 0.000133881972
 0.000194130793
 0.000088134408
 0.000263598949
 0.000121384782
 0.000145982614
 0.000098836628
 0.000174059739
 0.000195869879
 0.000309758075
 0.000120273930
 0.000153732731
 0.000108924737
 0.000135882987
 0.000107665308
 0.000113776761
 0.000262399132
 0.000190425858
 0.000067591124
 0.000068113424
 0.000174121173
 0.000099119352
 0.000119734274
 0.000107849512
 0.000225543496
 0.000043687871
 0.000099587550
 0.000130172503
 0.000144980193
 0.000113024162
 0.000258257239
 0.000230205221
 0.000087026142
 0.000118350826
 0.000042316376
 0.000063054035
 0.000117458466
 0.000171619538
 0.000125784127
 0.000184098941
 0.000058286696
 0.000150953125
 0.000163924099
 0.000141521289
 0.000162743383
 0.000172026314
 0.000220052484
 0.000146822538
 0.000087890779
 0.000110315342
 0.000149971973
 0.000066291115
 0.000075150578
 0.000098978687
 0.000050785452
 0.000054115626
 0.000318167098
 0.000185133788
 0.000075155619
 0.000171644565
 0.000103244868
 0.000078136130
 0.000087884050
 0.000046154250
 0.000130048381
 0.000067101847
 0.000092211449
 0.000073482582
 0.000066223554
 0.000044813628
 0.000087217955
 0.000091301726
 0.000055594903
 0.000117208790
 0.000054380065
 0.000040712319
 0.000231893441
 0.000125335617
 0.000087109822
 0.000162438249
 0.000100652977
 0.000121730336
 0.000093235978
 0.000138947366
 0.000069667444
 0.000083005065
 0.000194424182
 0.000099630425
 0.000112722742
 0.000053360831
 0.000133808872
 0.000113424661
 0.000230339973
 0.000156307376
 0.000161710479
 0.000203490177
 0.000146120503
 0.000164918060
 0.000092456584
 0.000102370283
 0.000099824064
 0.000071877190
 0.000110518637
 0.000987146711
 0.000132289546
 0.000164588687
 0.000128680681
 0.000404643863
 0.000049651256
 0.000133670219
 0.000129349593
 0.000215671225
 0.000158202629
 0.000046429508
 0.000049848254
 0.000043672934
 0.000090729085
 0.000125930914
 0.000151468424
 0.000249618092
 0.000090725777
 0.000109780405
 0.000148636725
 0.000124389996
 0.000080363728
 0.000048346265
 0.000055810180
 0.000064099541
 0.000077665230
 0.000167756735
 0.000064210879
 0.000061657588
 0.000214333550
 0.000206909348
 0.000110610717
 0.000102675131
 0.000141682739
 0.000268841168
 0.000064536807
 0.000067199431
 0.000151338378
 0.000093869758
 0.000229076438
 0.000306037702
 0.000205408460
 0.000126226017
 0.000307602725
 0.000112694088
 0.000318826289
 0.000291688241
 0.000152684808
 0.000067315892
 0.000140745534
 0.000139440779
 0.000072399396
 0.000040161486
 0.000026354392
 0.000096426896
 0.000089352871
 0.000160371306
 0.000173526466
 0.000071100674
 0.000088323768
 0.000105225934
 0.000076358287
 0.000189029105
 0.000101312686
 0.000067038034
 0.000088388549
 0.000071617862
 0.000235359289
 0.000110941268
 0.000154372327
 0.000101396049
 0.000233439407
 0.000139417412
 0.000098722519
 0.000144233602
 0.000110994584
 0.000064418923
 0.000073937742
 0.000275604619
 0.000166927429
 0.000133412983
 0.000123939248
 0.000156919594
 0.000108149781
 0.000120726624
 0.000049434655
 0.000126136570
 0.000098722732
 0.000089710426
 0.000110202889
 0.000090979747
 0.000172524460
 0.000055906065
 0.000057821098
 0.000068874905
 0.000085140873
 0.000192383441
 0.000094296213
 0.000094756699
 0.000088944412
 0.000094293604
 0.000072135345
 0.000139799858
 0.000056413624
 0.000047092181
 0.000046641720
 0.000086816757
 0.000092010276
 0.000065543807
 0.000065535864
 0.000093759260
 0.000087963407
 0.000079248691
 0.000083105925
 0.000049573779
 0.000042565280
 0.000068077160
 0.000064726414
 0.000071200371
 0.000038237901
 0.000016912171
 0.000075697712
 0.000040725815
 0.000039543870
 0.000039245102
 0.000051655278
 0.000086712951
 0.000082695917
 0.000116112122
 0.000099414675
 0.000144518056
 0.000068957383
 0.000086707443
 0.000059392639
 0.000072181607
 0.000078991874
 0.000079785522
 0.000049220359
 0.000043747724
 0.000057232990
 0.000062824986
 0.000112695305
 0.000115585354
 0.000074315168
 0.000048131647
 0.000071327343
 0.000059209675
 0.000030336225
 0.000049336826
 0.000086132474
 0.000055086183
 0.000119908731
 0.000032341328
 0.000084227342
 0.000015729394
 0.000033979274
 0.000035200952
 0.000072107461
 0.000120985663
 0.000037482553
 0.000096076737
 0.000057119954
 0.000073968664
 0.000097208926
 0.000048261240
 0.000064179557
 0.000053650878
 0.000081239934
 0.000066840454
 0.000092949183
 0.000071823661
 0.000066651584
 0.000080703113
 0.000047412000
 0.000062295201
 0.000085039580
 0.000116273853
 0.000075950156
 0.000122885560
 0.000037735105
 0.000094245448
 0.000084904315
 0.000067604971
 0.000087497838
 0.000123484646
 0.000063060751
 0.000155061529
 0.000177601643
 0.000110667814
 0.000020702174
 0.000036167467
 0.000046255159
 0.000037744423
 0.000088619334
 0.000049510539
 0.000077279669
 0.000025181932
 0.000024171718
 0.000031173032
 0.000048603006
 0.000094830297
 0.000053375870
 0.000073284351
 0.000103225060
 0.000058359192
 0.000148484903
 0.000066927485
 0.000091397398
 0.000105446554
 0.000050888892
 0.000059254530
 0.000076578559
 0.000042954367
 0.000054770232
 0.000075678173
 0.000052706401
 0.000071663843
 0.000070124497
 0.000076043125
 0.000061668818
 0.000063023675
 0.000165085097
 0.000081173348
 0.000057600302
 0.000067527637
 0.000081635019
 0.000078019065
 0.000060663547
 0.000039295575
 0.000105281512
 0.000077627005
 0.000058667617
 0.000149248228
 0.000083817247
 0.000107349604
 0.000034994264
 0.000071964467
 0.000062597157
 0.000125687133
 0.000065013274
 0.000066678939
 0.000101863958
 0.000068597926
 0.000041281202
 0.000061677733
 0.000083740762
 0.000118678414
 0.000071710862
 0.000049181473
 0.000084638693
 0.000087628253
 0.000035382474
 0.000146537475
 0.000117807568
 0.000097661775
 0.000072029026
 0.000055422683
 0.000035474729
 0.000065664237
 0.000065210155
 0.000084580006
 0.000090457850
 0.000036185120
 0.000034093273
 0.000031276385
 0.000071756831
 0.000089247510
 0.000075297887
 0.000055968139
 0.000056195174
 0.000092343146
 0.000073719980
 0.000047106331
 0.000067363256
 0.000110244354
 0.000046318052
 0.000127512184
 0.000046718990
 0.000065875108
 0.000044935987
 0.000092159776
 0.000057781683
 0.000067836837
 0.000103412278
 0.000051292819
 0.000037007576
 0.000055384567
 0.000085022100
 0.000087692040
 0.000080617838
 0.000051181376
 0.000074972546
 0.000085024717
 0.000055534736
 0.000062385045
 0.000033052736
 0.000044430325
 0.000121639292
 0.000161965149
 0.000091132169
 0.000167584507
 0.000088759162
 0.000093325661
 0.000061859899
 0.000105035088
 0.000139389238
 0.000141781527
 0.000056124451
 0.000023804744
 0.000120447930
 0.000059707116
 0.000095434237
 0.000115954600
 0.000123828579
 0.000063036838
 0.000026647823
 0.000070988621
 0.000070493502
 0.000054604131
 0.000056312900
 0.000068781721
 0.000137413019
 0.000042311429
 0.000117742902
 0.000142018802
 0.000108363593
 0.000075165307
 0.000068787871
 0.000062211573
 0.000055359908
 0.000066573651
 0.000090355934
 0.000145482128
 0.000130171343
 0.000114909883
 0.000177534532
 0.000112763104
 0.000030607205
 0.000118060620
 0.000061329235
 0.000075465329
 0.000086891505
 0.000060070783
 0.000102432437
 0.000046413894
 0.000121156559
 0.000033176020
 0.000080056253
 0.000026974724
 0.000073519706
 0.000076344315
 0.000086868050
 0.000052324910
 0.000056553229
 0.000076473107
 0.000055584614
 0.000034411244
 0.000037851669
 0.000040130979
 0.000098332882
 0.000180084172
 0.000099951641
 0.000111978475
 0.000042286249
 0.000054910431
 0.000112596152
 0.000166902480
 0.000049751964
 0.000177032692
 0.000213065401
 0.000164579587
 0.000158323561
 0.000090176684
 0.000100545185
 0.000114764549
 0.000175907977
 0.000139598715
 0.000210384805
 0.000122216837
 0.000087312953
 0.000138020555
 0.000185256583
 0.000057364022
 0.000026288758
 0.000060745670
 0.000021842791
 0.000126451288
 0.000063748559
 0.000081177598
 0.000051056601
 0.000133108583
 0.000166697931
 0.000146343031
 0.000134359675
 0.000181352633
 0.000140905999
 0.000074667953
 0.000077110548
 0.000117471296
 0.000105330490
 0.000102639416
 0.000114924020
 0.000118048198
 0.000055879976
 0.000143541424
 0.000153347755
 0.000125267472
 0.000103136892
 0.000099757163
 0.000071369790
 0.000382634194
 0.000163881347
 0.000099844328
 0.000238521191
 0.000081571268
 0.000189179703
 0.000068437259
 0.000090181786
 0.000118762857
 0.000084618471
 0.000150827981
 0.000222003600
 0.000062568837
 0.000063461924
 0.000145494696
 0.000081873166
 0.000135459784
 0.000133298156
 0.000090836511
 0.000048861611
 0.000186344481
 0.000049016516
 0.000228468119
 0.000084684735
 0.000096069244
 0.000170620982
 0.000124620047
 0.000387998741
 0.000129187497
 0.000292218642
 0.000193672725
 0.000077250749
 0.000237369913
 0.000195031016
 0.000331965209
 0.000225563229
 0.000289789215
 0.000048678805
 0.000108135928
 0.000120047474
 0.000148458063
 0.000045129213
 0.000041902642
 0.000069680763
 0.000098911128
 0.000088136773
 0.000095899951
 0.000113812141
 0.000062895345
 0.000138718441
 0.000045836893
 0.000033037172
 0.000085862187
 0.000130199623
 0.000119352803
 0.000157739241
 0.000065416336
 0.000106693700
 0.000067996358
 0.000212608028
 0.000135839768
 0.000166436549
 0.000066826893
 0.000338509771
 0.000245674357
 0.000369969916
 0.000183664258
 0.000184125633
 0.000200379335
 0.000247560170
 0.000143877080
 0.000228847472
 0.000090539868
 0.000062130196
 0.000033549008
 0.000173638285
 0.000097609088
 0.000158842813
 0.000078583403
 0.000192556836
 0.000136020489
 0.000096369195
 0.000129006922
 0.000150993682
 0.000191015383
 0.000127158559
 0.000082791854
 0.000127755353
 0.000166242748
 0.000073150770
 0.000178893493
 0.000162155107
 0.000215625438
 0.000149780837
 0.000105668223
 0.000266912715
 0.000220005136
 0.000505799022
 0.000632344630
 0.000483442746
 0.000457757401
 0.000135458320
 0.000157435636
 0.000710122088
 0.000250970275
 0.000229168804
 0.000669601882
 0.000158110173
 0.000135949470
 0.000341268855
 0.000243668477
 0.000285156685
 0.000101496273
 0.000101782006
 0.000058796812
 0.000048246462
 0.000108614428
 0.000140393663
 0.000098651510
 0.000065054059
 0.000098243109
 0.000120241011
 0.000098020113
 0.000171718335
 0.000141139630
 0.000051439405
 0.000063100191
 0.000133136690
 0.000067060578
 0.000067411967
 0.000188145998
 0.000222625926
 0.000079564322
 0.000178150685
 0.000104051474
 0.000110625351
 0.000055771124
 0.000073523722
 0.000116910428
 0.000100189045
 0.000196831847
 0.000129557547
 0.000069828579
 0.000046734885
 0.000065253978
 0.000063715507
 0.000121111146
 0.000285244133
 0.000043443198
 0.000119091714
 0.000079198333
 0.000078078727
 0.000076678833
 0.000046561686
 0.000070471709
 0.000140320153
 0.000027380761
 0.000051652503
 0.000069342324
 0.000025177527
 0.000027501283
 0.000032898625
 0.000014472324
 0.000027162517
 0.000028897706
 0.000043242656
 0.000045549501
 0.000124840227
 0.000029716492
 0.000022197713
 0.000035382003
 0.000040503407
 0.000062072789
 0.000036318938
 0.000018077128
 0.000051466364
 0.000011766979
 0.000032318171
 0.000026526479
 0.000030147738
 0.000026674138
 0.000068176892
 0.000064482702
 0.000042785126
 0.000055515915
 0.000036260035
 0.000044357179
 0.000033482467
 0.000046912955
 0.000145486130
 0.000053762480
 0.000101223004
 0.000072863862
 0.000164061538
 0.000092445008
 0.000096866833
 0.000302334029
 0.000135898616
 0.000086583808
 0.000112915852
 0.000059256293
 0.000122782604
 0.000037107433
 0.000094998360
 0.000084859247
 0.000095010536
 0.000056119323
 0.000078575554
 0.000089784741
 0.000165976790
 0.000111913729
 0.000044806138
 0.000054940551
 0.000113524674
 0.000048599677
 0.000049602448
 0.000043916752
 0.000024452692
 0.000021977373
 0.000089428257
 0.000219674945
 0.000078770435
 0.000084210829
 0.000089392741
 0.000050301908
 0.000075785864
 0.000066641154
 0.000044311416
 0.000054861610
 0.000042627057
 0.000059371230
 0.000070517965
 0.000123554304
 0.000084483167
 0.000087472142
 0.000040667228
 0.000045886366
 0.000082709322
 0.000085663015
 0.000066063455
 0.000027005601
 0.000028280319
 0.000051605900
 0.000041473521
 0.000089503738
 0.000036669826
 0.000118476833
 0.000044996944
 0.000078117313
 0.000019952659
 0.000077895324
 0.000067579683
 0.000170443853
 0.000144756166
 0.000174694246
 0.000250225812
 0.000158384456
 0.000128648496
 0.000170085540
 0.000113396145
 0.000128644965
 0.000138177849
 0.000052743510
 0.000072129876
 0.000147316316
 0.000126105424
 0.000109784927
 0.000152261502
 0.000139464882
 0.000101311923
 0.000079882030
 0.000898205078
 0.000243843115
 0.000375314010
 0.000115580651
 0.000353136508
 0.000177229631
 0.001165777265
 0.000213280457
 0.000110032266
 0.000091075966
 0.000102159846
 0.000166966432
 0.000091738185
 0.000175196122
 0.000045306507
 0.000023761842
 0.000036200375
 0.000086579395
 0.000024662900
 0.000050044356
 0.000128786331
 0.000074454195
 0.000164611017
 0.000237821676
 0.000146688945
 0.000209090923
 0.000366908158
 0.000368030710
 0.000185713958
 0.000142955399
 0.000755169695
 0.000529666775
 0.000550882043
 0.000186656405
 0.000166543180
 0.000104465387
 0.000205120808
 0.000081074563
 0.000363849833
 0.000523515765
 0.000272230490
 0.000091787969
 0.000106353421
 0.000081075975
 0.000158510823
 0.000126825242
 0.000139984798
 0.000262509887
 0.000270390302
 0.000116663185
 0.000193189185
 0.000088002416
 0.000240428265
 0.000290507677
 0.000184841598
 0.000140587719
 0.000216728854
 0.000203596287
 0.000125672833
 0.000099077519
 0.000094783035
 0.000216195852
 0.000228753875
 0.000095068956
 0.000135923080
 0.000055342921
 0.000245657390
 0.000250189984
 0.000262841940
 0.000325702325
 0.000074232301
 0.000146041087
 0.000096706992
 0.000110889304
 0.000151496722
 0.000179136507
 0.000140318965
 0.000128884661
 0.000059322818
 0.000130204195
 0.000094721678
 0.000122988622
 0.000092674664
 0.000086279512
 0.000059587735
 0.000095197100
 0.000198993796
 0.000033115015
 0.000052885206
 0.000051394727
 0.000050999335
 0.000088376425
 0.000031024441
 0.000054380857
 0.000032553394
 0.000083920741
 0.000036816254
 0.000109413548
 0.000042286287
 0.000036576030
 0.000011791640
 0.000077717114
 0.000046203858
 0.000072883815
 0.000018218483
 0.000110813746
 0.000021702815
 0.000017509884
 0.000040562113
 0.000067189386
 0.000023183968
 0.000122327152
 0.000008879432
 0.000010604444
 0.000039015029
 0.000039253486
 0.000020847439
 0.000032310309
 0.000011674526
 0.000041515382
 0.000038634016
 0.000025185156
 0.000086769937
 0.000058273396
 0.000027150270
 0.000069679926
 0.000024411652
 0.000057410590
 0.000040040689
 0.000011001013
 0.000009382411
 0.000063722643
 0.000037605429
 0.000055866535
 0.000019223223
 0.000018232253
 0.000012024353
 0.000010607301
 0.000012392450
 0.000021075907
 0.000031479245
 0.000012061799
 0.000045013583
 0.000023604470
 0.000017182281
 0.000012813757
 0.000022757796
 0.000032468480
 0.000056093692
 0.000054575065
 0.000058554679
 0.000057202036
 0.000038330776
 0.000027251262
 0.000032920698
 0.000024698136
 0.000025323175
 0.000015627265
 0.000086618969
 0.000028823006
 0.000021114400
 0.000028443137
 0.000035499390
 0.000015850567
 0.000030223903
 0.000025250988
 0.000047648869
 0.000039956837
 0.000052686582
 0.000027112184
 0.000027951037
 0.000078563175
 0.000028793030
 0.000014330745
 0.000011787115
 0.000031987333
 0.000019411589
 0.000028860986
 0.000028531168
 0.000027987537
 0.000015532075
 0.000011093743
 0.000006106090
 0.000007372230
 0.000008931289
 0.000012103379
 0.000011404430
 0.000020948896
 0.000015035687
 0.000005756333
 0.000012611032
 0.000019099604
 0.000016323608
 0.000023319380
 0.000017285450
 0.000036176303
 0.000012210607
 0.000015858684
 0.000017314172
 0.000033157169
 0.000025135143
 0.000030156978
 0.000018787728
 0.000015839416
 0.000013149057
 0.000011028225
 0.000025252403
 0.000018575957
 0.000037662617
 0.000034480462
 0.000010725011
 0.000017473840
 0.000025316878
 0.000016749268
 0.000015340110
 0.000038885667
 0.000012347320
 0.000034639547
 0.000018617381
 0.000027698161
 0.000026266071
 0.000022010523
 0.000011424871
 0.000037532011
 0.000051215230
 0.000013985096
 0.000014953714
 0.000024922270
 0.000028008660
 0.000007690525
 0.000011000762
 0.000042625393
 0.000013117997
 0.000043089779
 0.000089440204
 0.000032736241
 0.000035614836
 0.000005192015
 0.000014625713
 0.000013314004
 0.000009278759
 0.000008482887
 0.000006594468
 0.000007157444
 0.000018863075
 0.000064967678
 0.000081782543
 0.000044642902
 0.000039044388
 0.000026380346
 0.000092913537
 0.000083376853
 0.000147825220
 0.000087124302
 0.000104636432
 0.000073734428
 0.000068108350
 0.000028763952
 0.000057154120
 0.000009046995
 0.000027148057
 0.000017914801
 0.000024896813
 0.000043125033
 0.000014021749
 0.000024231115
 0.000060487740
 0.000065951480
 0.000037956264
 0.000044392072
 0.000094265050
 0.000075962638
 0.000013458413
 0.000012143830
 0.000007944496
 0.000031512645
 0.000025165942
 0.000006732855
 0.000016696243
 0.000014623586
 0.000019611554
 0.000004897421
 0.000004154115
 0.000009186480
 0.000003449948
 0.000006127008
 0.000022715830
 0.000007907876
 0.000019255899
 0.000017273858
 0.000014710497
 0.000009430704
 0.000011105323
 0.000033673282
 0.000020582778
 0.000023094620
 0.000010334080
 0.000006184724
 0.000009964791
 0.000012963467
 0.000010394347
 0.000003509305
 0.000005877445
 0.000007797612
 0.000013370675
 0.000009072209
 0.000004634940
 0.000010461683
 0.000006068516
 0.000008151598
 0.000011964684
 0.000005466802
 0.000033041212
 0.000017430649
 0.000021348875
 0.000020598939
 0.000020589131
 0.000012554806
 0.000017094675
 0.000017629167
 0.000010897373
 0.000010821703
 0.000010433006
 0.000017448258
 0.000007101223
 0.000014952088
 0.000021900553
 0.000028710348
 0.000016244523
 0.000014294309
 0.000037963586
 0.000009373564
 0.000013589791
 0.000010516405
 0.000006872671
 0.000008320852
 0.000010254711
 0.000003974599
 0.000019537089
 0.000011231262
 0.000015636626
 0.000017075890
 0.000032826901
 0.000021450634
 0.000041065540
 0.000044670561
 0.000057797766
 0.000143472090
 0.000022482077
 0.000012814693
 0.000029221788
 0.000016007028
 0.000017208261
 0.000036491921
 0.000048637960
 0.000030586728
 0.000020870616
 0.000012133285
 0.000048574030
 0.000021720250
 0.000060202879
 0.000008861514
 0.000028392076
 0.000034014619
 0.000060276699
 0.000061722119
 0.000026788157
 0.000036761351
 0.000058247618
 0.000062632885
 0.000043550963
 0.000052660430
 0.000043949051
 0.000051756602
 0.000119763133
 0.000081390424
 0.000075158664
 0.000060953421
 0.000055114545
 0.000044713113
 0.000035095998
 0.000074838758
 0.000052537904
 0.000079809257
 0.000056526915
 0.000057443799
 0.000046187917
 0.000029682495
 0.000024824000
 0.000020442112
 0.000020015387
 0.000031634361
 0.000012778148
 0.000031368030
 0.000028368360
 0.000010916302
 0.000024617708
 0.000014035298
 0.000009403006
 0.000019246258
 0.000013526462
 0.000029628584
 0.000033164295
 0.000022514513
 0.000051437400
 0.000015831140
 0.000028192976
 0.000014766754
 0.000032977750
 0.000019564861
 0.000029411469
 0.000017600358
 0.000028953650
 0.000038312962
 0.000015677825
 0.000009229415
 0.000003740431
 0.000011215803
 0.000003518303
 0.000010755322
 0.000008102817
 0.000008747548
 0.000011974260
 0.000009749370
 0.000017083300
 0.000029261957
 0.000008515622
 0.000009721953
 0.000012180312
 0.000011321294
 0.000015922884
 0.000006196249
 0.000005897626
 0.000011629179
 0.000006224009
 0.000014255705
 0.000009261903
 0.000007334059
 0.000020938017
 0.000012046473
 0.000014984206
 0.000013227309
 0.000010355922
 0.000008104114
 0.000018884924
 0.000014713105
 0.000017113082
 0.000010996774
 0.000034152720
 0.000039395936
 0.000018957561
 0.000006992101
 0.000009585184
 0.000021102149
 0.000014095153
 0.000021947718
 0.000029818594
 0.000020751598
 0.000022097215
 0.000013692668
 0.000018059203
 0.000022823954
 0.000012586481
 0.000011545840
 0.000013273105
 0.000010767220
 0.000013752258
 0.000014341553
 0.000054420358
 0.000014175313
 0.000056251923
 0.000037211367
 0.000023549950
 0.000030863758
 0.000024118438
 0.000030642013
 0.000022090957
 0.000033531341
 0.000050938247
 0.000080204545
 0.000049894624
 0.000040805940
 0.000016898573
 0.000009982042
 0.000017339898
 0.000026964396
 0.000025464563
 0.000032657163
 0.000014984181
 0.000023763230
 0.000010702717
 0.000018242424
 0.000026900587
 0.000063117446
 0.000028857350
 0.000021123661
 0.000040832030
 0.000028022439
 0.000036883785
 0.000018058321
 0.000029532168
 0.000052876100
 0.000078684355
 0.000116954350
 0.000123338677
 0.000036514607
 0.000139793307
 0.000066272139
 0.000055319872
 0.000101394770
 0.000058062143
 0.000055425453
 0.000033613730
 0.000053995355
 0.000064355233
 0.000028807294
 0.000066055470
 0.000043144735
 0.000067004198
 0.000073470562
 0.000064844284
 0.000047301718
 0.000057660372
 0.000018323709
 0.000042786714
 0.000124911692
 0.000047462074
 0.000073304240
 0.000213062753
 0.000080411949
 0.000075319053
 0.000111130563
 0.000083662484
 0.000054603780
 0.000031998870
 0.000027721804
 0.000042134493
 0.000058479619
 0.000045405427
 0.000043180854
 0.000049571730
 0.000049128802
 0.000035725592
 0.000057427697
 0.000058669765
 0.000051569215
 0.000124668735
 0.000127160931
 0.000027038131
 0.000070783324
 0.000110008220
 0.000138086464
 0.000229822945
 0.000107868719
 0.000064371145
 0.000034563254
 0.000031429706
 0.000134906219
 0.000098578433
 0.000085205258
 0.000086389012
 0.000090299530
 0.000173460586
 0.000185838222
 0.000080152608
 0.000067473388
 0.000067953614
 0.000199491857
 0.000048473883
 0.000049025084
 0.000082489156
 0.000092196630
 0.000079557528
 0.000045078685
 0.000034815959
 0.000057905019
 0.000038471418
 0.000087466570
 0.000144275146
 0.000062553730
 0.000018250904
 0.000178417552
 0.000040953993
 0.000080715465
 0.000041092819
 0.000047867015
 0.000072063813
 0.000097237461
 0.000097304218
 0.000103654319
 0.000196454698
 0.000122143710
 0.000094849915
 0.000038211526
 0.000076459740
 0.000047181853
 0.000025355813
 0.000036351685
 0.000046882715
 0.000028069139
 0.000030334567
 0.000049834920
 0.000041745130
 0.000092173598
 0.000026708070
 0.000083405952
 0.000047220774
 0.000026379263
 0.000032630481
 0.000083802411
 0.000025482744
 0.000043792798
 0.000040632402
 0.000013592230
 0.000075506517
 0.000058450159
 0.000053503430
 0.000039030015
 0.000060822703
 0.000011043189
 0.000025512469
 0.000024306722
 0.000010557844
 0.000021967905
 0.000038530484
 0.000060418199
 0.000026438962
 0.000013905359
 0.000050116641
 0.000061063266
 0.000030371255
 0.000062258418
 0.000043680532
 0.000098598571
 0.000045439548
 0.000061448050
 0.000088490579
 0.000131684958
 0.000078899205
 0.000080312746
 0.000032545746
 0.000044391687
 0.000124387107
 0.000132260259
 0.000192495283
 0.000100356185
 0.000048304929
 0.000082086855
 0.000086888698
 0.000064752679
 0.000058899469
 0.000104861562
 0.000047264604
 0.000032639169
 0.000029344688
 0.000058803650
 0.000052188904
 0.000060740696
 0.000114805281
 0.000133752810
 0.000064563367
 0.000090787671
 0.000083803214
 0.000115767713
 0.000101406955
 0.000030841013
 0.000079244938
 0.000022213826
 0.000097685158
 0.000076338985
 0.000040991903
 0.000088358874
 0.000116733707
 0.000121376872
 0.000061963710
 0.000095322223
 0.000073981082
 0.000051247205
 0.000130356469
 0.000098101283
 0.000057941010
 0.000020611922
 0.000049801254
 0.000089145844
 0.000083326302
 0.000191509405
 0.000065496880
 0.000127387622
 0.000158838534
 0.000056165771
 0.000031824140
 0.000046967333
 0.000136401982
 0.000019969290
 0.000068616729
 0.000129415404
 0.000078717983
 0.000060810761
 0.000079999800
 0.000074785749
 0.000030213172
 0.000054015604
 0.000067425601
 0.000137736974
 0.000110792908
 0.000274533140
 0.000056590787
 0.000033901083
 0.000034329189
 0.000050521507
 0.000033956684
 0.000043001068
 0.000052879169
 0.000089110855
 0.000035073685
 0.000032170907
 0.000034126725
 0.000024119495
 0.000042414138
 0.000088597392
 0.000058219798
 0.000041122283
 0.000056249372
 0.000058249178
 0.000257714010
 0.000143246939
 0.000173649161
 0.000152477650
 0.000123523530
 0.000057593810
 0.000053747097
 0.000051663057
 0.000049709536
 0.000111503476
 0.000138024126
 0.000066657051
 0.000075902657
 0.000100476577
 0.000110705623
 0.000208214049
 0.000094857522
 0.000058595011
 0.000252665198
 0.000270336034
 0.000168853741
 0.000178074165
 0.000222340292
 0.000086633344
 0.000121641371
 0.000153743138
 0.000093196290
 0.000121712620
 0.000222663294
 0.000140524912
 0.000049740891
 0.000346977616
 0.000332803177
 0.000206593623
 0.000139009442
 0.000094390143
 0.000072527504
 0.000137739169
 0.000178702699
 0.000160690071
 0.000107540458
 0.000066340194
 0.000148039903
 0.000077348595
 0.000020070929
 0.000070480975
 0.000041577871
 0.000059677138
 0.000024329954
 0.000044439148
 0.000076595286
 0.000057533283
 0.000045728070
 0.000041638765
 0.000070520789
 0.000055834660
 0.000166346662
 0.000060796234
 0.000107183664
 0.000066651525
 0.000056732262
 0.000043961922
 0.000049792465
 0.000095978695
 0.000143126662
 0.000107250272
 0.000085423309
 0.000091265694
 0.000265076000
 0.000132507625
 0.000367099342
 0.000177544549
 0.000146007994
 0.000046513309
 0.000052015927
 0.000101598355
 0.000093874077
 0.000044528801
 0.000087590885
 0.000033385456
 0.000054465726
 0.000094934538
 0.000038689920
 0.000036538751
 0.000049200927
 0.000018833011
 0.000022264887
 0.000011775131
 0.000013562583
 0.000033375781
 0.000035369364
 0.000031128172
 0.000030253627
 0.000050250831
 0.000100117204
 0.000026810503
 0.000060768399
 0.000143727264
 0.000089235628
 0.000037101895
 0.000069800525
 0.000052472236
 0.000052041698
 0.000041482440
 0.000028964942
 0.000028635135
 0.000036309769
 0.000105434698
 0.000035221630
 0.000042920806
 0.000018012507
 0.000033001319
 0.000010933412
 0.000016014855
 0.000016445040
 0.000010004894
 0.000036584758
 0.000051387022
 0.000017622569
 0.000038600442
 0.000033430818
 0.000024361831
 0.000007357727
 0.000007488132
 0.000021471225
 0.000016856356
 0.000013873667
 0.000012325188
 0.000021218149
 0.000008836640
 0.000016989473
 0.000011240846
 0.000020895129
 0.000011898639
 0.000009640013
 0.000017021476
 0.000011781224
 0.000009430969
 0.000014177034
 0.000014611373
 0.000008644196
 0.000009059492
 0.000006318680
 0.000020909575
 0.000015996029
 0.000011899194
 0.000020040786
 0.000035875304
 0.000018895065
 0.000009326592
 0.000034029343
 0.000024940051
 0.000046819848
 0.000024229550
 0.000019613934
 0.000031250645
 0.000033107919
 0.000012841249
 0.000029343675
 0.000012561359
 0.000020214018
 0.000015901581
 0.000020752745
 0.000027832091
 0.000026550417
 0.000027816105
 0.000042457280
 0.000021183692
 0.000040984336
 0.000017331020
 0.000018381590
 0.000008575724
 0.000065063703
 0.000035534672
 0.000034788838
 0.000021875631
 0.000031909664
 0.000029459025
 0.000009475140
 0.000017629533
 0.000023529329
 0.000020293003
 0.000013968363
 0.000012992928
 0.000030120273
 0.000012833724
 0.000029842880
 0.000015892374
 0.000016192198
 0.000011938547
 0.000021910071
 0.000014342041
 0.000019997786
 0.000021914424
 0.000011872645
 0.000025095000
 0.000011044431
 0.000007846573
 0.000018477987
 0.000015672006
 0.000008883572
 0.000020262448
 0.000012865616
 0.000012298241
 0.000008646709
 0.000023743178
 0.000018709453
 0.000007938310
 0.000013935402
 0.000009727305
 0.000011531535
 0.000011902647
 0.000013963207
 0.000010768830
 0.000010966481
 0.000032254958
 0.000017383739
 0.000009655026
 0.000013950866
 0.000027902326
 0.000013195595
 0.000010277804
 0.000020396359
 0.000013562839
 0.000019144145
 0.000011253043
 0.000029190023
 0.000048665644
 0.000012854681
 0.000013886171
 0.000012328307
 0.000021692243
 0.000007905809
 0.000013725609
 0.000015997749
 0.000016923009
 0.000004032064
 0.000007847092
 0.000004633731
 0.000007622595
 0.000015756915
 0.000010618895
 0.000004819086
 0.000012902300
 0.000008813244
 0.000026706673
 0.000011110111
 0.000011234102
 0.000005957167
 0.000008408194
 0.000006457687
 0.000005748024
 0.000005882878
 0.000011431737
 0.000017186998
 0.000008963031
 0.000007685424
 0.000026843786
 0.000015992554
 0.000008902147
 0.000019841511
 0.000010218920
 0.000014992374
 0.000010184520
 0.000012599287
 0.000022484130
 0.000016435268
 0.000008468726
 0.000019433208
 0.000006147113
 0.000028534875
 0.000012423924
 0.000013514664
 0.000006623133
 0.000012407655
 0.000005923248
 0.000012931312
 0.000021141704
 0.000008892712
 0.000016445052
 0.000012089433
 0.000013266919
 0.000012583734
 0.000009945669
 0.000013848757
 0.000011509550
 0.000021675799
 0.000016638224
 0.000012439294
 0.000008252878
 0.000008182852
 0.000010967457
 0.000006379710
 0.000014503782
 0.000009693781
 0.000015160223
 0.000010190881
 0.000006478441
 0.000020064576
 0.000012736573
 0.000010042771
 0.000011806983
 0.000014784416
 0.000027279115
 0.000023402232
 0.000015480858
 0.000026148545
 0.000027822575
 0.000025458568
 0.000012510060
 0.000013470166
 0.000008553489
 0.000012090145
 0.000015844600
 0.000014587600
 0.000022390356
 0.000024803730
 0.000010902065
 0.000011641549
 0.000007920726
 0.000013488699
 0.000011202009
 0.000009314270
 0.000011833797
 0.000007295430
 0.000014262804
 0.000014509072
 0.000011413781
 0.000014803858
 0.000013958753
 0.000009430515
 0.000009716890
 0.000016656033
 0.000012629791
 0.000011614754
 0.000011412412
 0.000007876846
 0.000011429668
 0.000019228815
 0.000010414111
 0.000024602499
 0.000017603514
 0.000006855175
 0.000010059805
 0.000006111221
 0.000008326487
 0.000007462346
 0.000007393490
 0.000008363844
 0.000025064734
 0.000013408139
 0.000021561173
 0.000026382149
 0.000012360774
 0.000015284363
 0.000010587689
 0.000008126854
 0.000011073638
 0.000034210827
 0.000018587161
 0.000023931639
 0.000024420294
 0.000027036549
 0.000022947487
 0.000025387643
 0.000017221128
 0.000024200461
 0.000011230234
 0.000011330871
 0.000022973958
 0.000015456453
 0.000007430520
 0.000011221994
 0.000009647756
 0.000008395143
 0.000006444311
 0.000020026367
 0.000033444851
 0.000015707828
 0.000022814685
 0.000020432634
 0.000013659928
 0.000054191314
 0.000014342920
 0.000028622912
 0.000024919424
 0.000025540068
 0.000024517566
 0.000014359663
 0.000024226687
 0.000035268031
 0.000010732302
 0.000035240288
 0.000018852977
 0.000019492440
 0.000016863393
 0.000015201522
 0.000034909546
 0.000018344263
 0.000044391243
 0.000024877202
 0.000063128508
 0.000045473822
 0.000026606392
 0.000022862281
 0.000017989315
 0.000027945389
 0.000031018636
 0.000034975004
 0.000038704701
 0.000018666555
 0.000041505908
 0.000038110897
 0.000010948911
 0.000022220504
 0.000022496121
 0.000005926837
 0.000012719394
 0.000017685416
 0.000027303391
 0.000042705834
 0.000017276218
 0.000012888203
 0.000018532018
 0.000012621487
 0.000011186001
 0.000013477663
 0.000040088752
 0.000048391066
 0.000030954767
 0.000020519760
 0.000021463194
 0.000016741646
 0.000025533260
 0.000011535678
 0.000039420170
 0.000047251719
 0.000039912275
 0.000030301761
 0.000018839276
 0.000038566201
 0.000031408137
 0.000023523255
 0.000031410780
 0.000029182184
 0.000031480332
 0.000058129473
 0.000020720966
 0.000042101145
 0.000038066534
 0.000025258291
 0.000029427299
 0.000024799370
 0.000009573386
 0.000015065947
 0.000018617008
 0.000013428381
 0.000043544243
 0.000054330923
 0.000015729085
 0.000018705767
 0.000021766687
 0.000025564111
 0.000010202252
 0.000012422808
 0.000032899289
 0.000007398475
 0.000004104905
 0.000036186206
 0.000008044900
 0.000014694108
 0.000009245800
 0.000009258757
 0.000016649332
 0.000012073826
 0.000015570366
 0.000016326371
 0.000010403610
 0.000010855243
 0.000005634198
 0.000029474816
 0.000015247551
 0.000019453633
 0.000045211198
 0.000010830685
 0.000014876917
 0.000028453612
 0.000024587699
 0.000047198505
 0.000050554645
 0.000023882139
 0.000010286139
 0.000009526046
 0.000009876133
 0.000009723933
 0.000007663709
 0.000010457078
 0.000009602561
 0.000009802157
 0.000008925155
 0.000007082953
 0.000010753596
 0.000015143142
 0.000014787043
 0.000084461100
 0.000019446720
 0.000033362981
 0.000027844124
 0.000024868877
 0.000017929159
 0.000038521319
 0.000052191797
 0.000038087393
 0.000014911864
 0.000010185085
 0.000028131409
 0.000030808479
 0.000010675391
 0.000022081765
 0.000013369469
 0.000010616401
 0.000016126466
 0.000026428447
 0.000012245363
 0.000008239467
 0.000017531985
 0.000007138085
 0.000035630226
 0.000009534546
 0.000016867736
 0.000027639757
 0.000045292116
 0.000043036734
 0.000019771253
 0.000040268804
 0.000007807934
 0.000006967304
 0.000103514050
 0.000024154911
 0.000007703942
 0.000010988989
 0.000009499001
 0.000008502806
 0.000010556974
 0.000020968277
 0.000013858193
 0.000006046018
 0.000018670976
 0.000033034730
 0.000020377783
 0.000015378313
 0.000020758705
 0.000018888724
 0.000015428820
 0.000023401748
 0.000011589315
 0.000016399072
 0.000022558213
 0.000046706780
 0.000015186518
 0.000022675808
 0.000013300772
 0.000028262857
 0.000029070560
 0.000046749556
 0.000015703689
 0.000087968595
 0.000046969686
 0.000039948354
 0.000019108491
 0.000012978693
 0.000012281756
 0.000023299768
 0.000009888003
 0.000048130285
 0.000019313558
 0.000014890603
 0.000019780489
 0.000018831355
 0.000036364139
 0.000015746456
 0.000010274511
 0.000019058306
 0.000011773269
 0.000013640900
 0.000017900245
 0.000014355682
 0.000006085268
 0.000005607516
 0.000024026836
 0.000004453609
 0.000003551082
 0.000012550338
 0.000008750445
 0.000010253953
 0.000004074397
 0.000020122801
 0.000012920413
 0.000012207632
 0.000021269596
 0.000010972773
 0.000011966098
 0.000010289116
 0.000022137859
 0.000018418824
 0.000035796556
 0.000010238775
 0.000011913761
 0.000014583549
 0.000016961492
 0.000030081841
 0.000031122772
 0.000014114064
 0.000010182313
 0.000009294097
 0.000006511345
 0.000015916749
 0.000014308712
 0.000010288291
 0.000015391705
 0.000013495708
 0.000010071213
 0.000018924261
 0.000007856075
 0.000009574585
 0.000049307054
 0.000013661672
 0.000007381589
 0.000015624616
 0.000010287798
 0.000016394814
 0.000009486452
 0.000013849273
 0.000012284480
 0.000007525598
 0.000005511268
 0.000015286029
 0.000010288441
 0.000038324194
 0.000020964924
 0.000028645078
 0.000013791632
 0.000051368441
 0.000109406053
 0.000007767339
 0.000094411496
 0.000015440799
 0.000013226121
 0.000015410318
 0.000022225199
 0.000007964063
 0.000004250335
 0.000018169605
 0.000031715850
 0.000018607710
 0.000027773618
 0.000052190489
 0.000028537749
 0.000025852566
 0.000019134307
 0.000018812168
 0.000026824913
 0.000006263950
 0.000012847478
 0.000004030587
 0.000049508272
 0.000031375767
 0.000004930144
 0.000025150967
 0.000037064059
 0.000012388990
 0.000009712561
 0.000014459237
 0.000006725031
 0.000002010564
 0.000026756465
 0.000029812433
 0.000044102282
 0.000020369126
 0.000005492586
 0.000027295216
 0.000015716276
 0.000007907713
 0.000004542976
 0.000015570252
 0.000015773970
 0.000006734662
 0.000011891167
 0.000011494806
 0.000007952517
 0.000005146500
 0.000008655783
 0.000029503382
 0.000035773042
 0.000044770585
 0.000059729113
 0.000019137558
 0.000021300827
 0.000057580267
 0.000009429189
 0.000009703325
 0.000010840809
 0.000007350070
 0.000044111158
 0.000099073478
 0.000043050284
 0.000043549535
 0.000039375780
 0.000065444176
 0.000014147877
 0.000009650615
 0.000020668861
 0.000020946764
 0.000016805904
 0.000023605916
 0.000020736386
 0.000067770843
 0.000036694294
 0.000050299468
 0.000041207224
 0.000027389657
 0.000023573042
 0.000016053621
 0.000028937522
 0.000017330576
 0.000026259442
 0.000037798567
 0.000010154663
 0.000018471361
 0.000010314095
 0.000015445341
 0.000009362468
 0.000017535984
 0.000076290585
 0.000082961190
 0.000033577716
 0.000029005545
 0.000030915273
 0.000092533779
 0.000053610333
 0.000049204299
 0.000080085344
 0.000081233374
 0.000027792800
 0.000077809411
 0.000092058535
 0.000081593290
 0.000031580192
 0.000054993885
 0.000076969781
 0.000060429693
 0.000048910160
 0.000079896638
 0.000040787788
 0.000045480542
 0.000026922631
 0.000031093190
 0.000041877326
 0.000044709646
 0.000026873521
 0.000022412119
 0.000030459436
 0.000027300845
 0.000016954707
 0.000045372582
 0.000041061326
 0.000027888420
 0.000102084146
 0.000050001376
 0.000104764629
 0.000074163796
 0.000063973176
 0.000022877831
 0.000081910796
 0.000094208034
 0.000092257821
 0.000138993797
 0.000028918651
 0.000032695842
 0.000044436111
 0.000018656072
 0.000022783691
 0.000024249485
 0.000011289182
 0.000032190332
 0.000016145178
 0.000027727078
 0.000041433954
 0.000047212992
 0.000046816584
 0.000026243764
 0.000034234030
 0.000035912692
 0.000032130185
 0.000012510555
 0.000006288497
 0.000049445404
 0.000015159190
 0.000027283631
 0.000007930338
 0.000013075712
 0.000023673765
 0.000007870096
 0.000011659592
 0.000012075595
 0.000012970564
 0.000013180598
 0.000010016426
 0.000015714829
 0.000006867212
 0.000005973336
 0.000007445254
 0.000021580049
 0.000015541589
 0.000007953562
 0.000017949344
 0.000016029915
 0.000016534981
 0.000025709138
 0.000016988558
 0.000015676456
 0.000012856080
 0.000017610524
 0.000043366583
 0.000015647952
 0.000013690906
 0.000007375428
 0.000007867521
 0.000005240345
 0.000004458542
 0.000008079601
 0.000004523599
 0.000008005034
 0.000003813751
 0.000013390128
 0.000008832262
 0.000018272872
 0.000014851154
 0.000009152606
 0.000012090681
 0.000018700101
 0.000009967247
 0.000015703775
 0.000012497867
 0.000009880673
 0.000015789141
 0.000033966501
 0.000024944402
 0.000012872141
 0.000018594300
 0.000024635297
 0.000015609344
 0.000015726364
 0.000025410522
 0.000014404940
 0.000019306502
 0.000010003157
 0.000009243106
 0.000004636186
 0.000012380251
 0.000009973291
 0.000011493628
 0.000010690220
 0.000006411574
 0.000010700274
 0.000025019736
 0.000012503639
 0.000012638465
 0.000013702448
 0.000010639688
 0.000012467854
 0.000007462848
 0.000026018876
 0.000008954483
 0.000023807924
 0.000008311778
 0.000014374353
 0.000016322423
 0.000016751651
 0.000009792471
 0.000013054217
 0.000006043983
 0.000014100289
 0.000048299004
 0.000013937890
 0.000020754874
 0.000026341532
 0.000010685390
 0.000009482017
 0.000020996995
 0.000008083213
 0.000026018473
 0.000023549928
 0.000012319411
 0.000012234763
 0.000008550168
 0.000021897170
 0.000013900631
 0.000011325413
 0.000020333710
 0.000015892385
 0.000009555790
 0.000006828793
 0.000027026746
 0.000018107113
 0.000015031127
 0.000025928323
 0.000015178920
 0.000053192170
 0.000011828142
 0.000010839435
 0.000027549232
 0.000019565203
 0.000013838745
 0.000013019187
 0.000022192733
 0.000013227581
 0.000016475204
 0.000024237534
 0.000023711264
 0.000008922962
 0.000052131728
 0.000027515009
 0.000007162000
 0.000012364616
 0.000067408627
 0.000005935074
 0.000023059319
 0.000030258522
 0.000026709664
 0.000015896356
 0.000018397806
 0.000009615171
 0.000010545135
 0.000009854264
 0.000052406652
 0.000013056044
 0.000024455576
 0.000059054525
 0.000014852651
 0.000023818222
 0.000030714419
 0.000034211392
 0.000012918132
 0.000019152952
 0.000025050317
 0.000023512878
 0.000010046594
 0.000010464596
 0.000031603364
 0.000029069798
 0.000030771510
 0.000044914570
 0.000034944529
 0.000021723253
 0.000023110767
 0.000021228709
 0.000011336436
 0.000026039727
 0.000023706490
 0.000062356145
 0.000024472547
 0.000029687353
 0.000051706576
 0.000071055290
 0.000015917054
 0.000039300030
 0.000027779988
 0.000020331782
 0.000008741107
 0.000012169266
 0.000029388247
 0.000033017843
 0.000024440543
 0.000018397360
 0.000008430602
 0.000011241044
 0.000021850996
 0.000023862137
 0.000023907053
 0.000025207281
 0.000009438595
 0.000016125245
 0.000009118425
 0.000011246467
 0.000010086820
 0.000019925587
 0.000014113950
 0.000009606039
 0.000028548739
 0.000011660646
 0.000009154320
 0.000009481890
 0.000007513710
 0.000015126504
 0.000006768596
 0.000008962444
 0.000018912027
 0.000005836399
 0.000038221860
 0.000010153719
 0.000017698176
 0.000007569765
 0.000009919317
 0.000011814303
 0.000008409607
 0.000011714428
 0.000009439257
 0.000017993814
 0.000012327496
 0.000013827034
 0.000017564709
 0.000013580187
 0.000022793645
 0.000016238563
 0.000015446499
 0.000008014243
 0.000007634198
 0.000017187685
 0.000023932913
 0.000054082370
 0.000016519131
 0.000025535486
 0.000011342143
 0.000018694307
 0.000008889667
 0.000008739911
 0.000009469691
 0.000010944459
 0.000019900637
 0.000016724222
 0.000033093455
 0.000017184909
 0.000009777048
 0.000017034483
 0.000024328174
 0.000029826245
 0.000015747944
 0.000010219586
 0.000007106200
 0.000006529056
 0.000006234319
 0.000012926354
 0.000006879069
 0.000014938842
 0.000015246285
 0.000011570361
 0.000013656375
 0.000004363519
 0.000006408304
 0.000007059694
 0.000008742689
 0.000020714251
 0.000016419407
 0.000013318717
 0.000008685160
 0.000005520494
 0.000004276242
 0.000008648410
 0.000007880570
 0.000018440258
 0.000021352569
 0.000010880001
 0.000010611778
 0.000013874163
 0.000010496592
 0.000016822775
 0.000007119744
 0.000009400372
 0.000014197742
 0.000007289290
 0.000006077013
 0.000006421848
 0.000009684941
 0.000008942927
 0.000006357555
 0.000010046009
 0.000008319560
 0.000005629989
 0.000007237181
 0.000004256948
 0.000014851115
 0.000005325418
 0.000016737334
 0.000004688896
 0.000013116516
 0.000007197280
 0.000006358274
 0.000004978535
 0.000005578585
 0.000014520819
 0.000006060247
 0.000006659923
 0.000012749909
 0.000012221134
 0.000005704991
 0.000008875298
 0.000008674509
 0.000024344900
 0.000014455896
 0.000009296483
 0.000011176235
 0.000008641538
 0.000004693601
 0.000019916366
 0.000006587421
 0.000011021127
 0.000013253908
 0.000005887449
 0.000012606685
 0.000010433675
 0.000005218525
 0.000015499255
 0.000016567913
 0.000007521431
 0.000003690384
 0.000008993080
 0.000012534132
 0.000012075635
 0.000010523436
 0.000008939712
 0.000003929827
 0.000004467065
 0.000020348262
 0.000021345104
 0.000007058519
 0.000009917292
 0.000007020073
 0.000010965881
 0.000015558412
 0.000026963907
 0.000006707236
 0.000024167228
 0.000032912013
 0.000018355726
 0.000028764891
 0.000010146705
 0.000015434242
 0.000016965613
 0.000033212353
 0.000009869948
 0.000011955440
 0.000009218558
 0.000005125590
 0.000004899072
 0.000008696796
 0.000007401771
 0.000034377651
 0.000011602147
 0.000011401949
 0.000007021879
 0.000006801450
 0.000015173226
 0.000004657783
 0.000017475447
 0.000007887994
 0.000014485613
 0.000020902534
 0.000022095738
 0.000010618758
 0.000009820605
 0.000004582609
 0.000021379411
 0.000020696933
 0.000018201794
 0.000024123686
 0.000021647945
 0.000042319339
 0.000054877000
 0.000018057479
 0.000029712088
 0.000013921245
 0.000020447417
 0.000015122511
 0.000013616806
 0.000029603870
 0.000016377090
 0.000037774404
 0.000035419569
 0.000015195937
 0.000039473976
 0.000015165654
 0.000024707229
 0.000027191149
 0.000009884728
 0.000009260033
 0.000007800301
 0.000006589905
 0.000006557687
 0.000012790556
 0.000015774394
 0.000011780418
 0.000007768753
 0.000006883112
 0.000021149338
 0.000011004544
 0.000008148019
 0.000009282310
 0.000010326152
 0.000012814923
 0.000013638281
 0.000013545536
 0.000008948025
 0.000023427077
 0.000049162972
 0.000025832880
 0.000016844830
 0.000015079286
 0.000013718363
 0.000020813559
 0.000017487148
 0.000007824312
 0.000007550253
 0.000007236045
 0.000019255929
 0.000018013158
 0.000014621831
 0.000015841157
 0.000018301040
 0.000011480750
 0.000023107692
 0.000015963186
 0.000007060882
 0.000017474290
 0.000005797567
 0.000012194993
 0.000009894032
 0.000026930900
 0.000015075841
 0.000008989631
 0.000019214572
 0.000016458090
 0.000034707071
 0.000019593892
 0.000009609975
 0.000015993936
 0.000036545235
 0.000018148200
 0.000012663772
 0.000016567969
 0.000022949212
 0.000012968725
 0.000006544007
 0.000007009009
 0.000014812767
 0.000007664226
 0.000011704644
 0.000013715630
 0.000013946521
 0.000017290363
 0.000008724465
 0.000013395117
 0.000036710769
 0.000017806367
 0.000018540935
 0.000013168437
 0.000013781413
 0.000009358337
 0.000009563225
 0.000005186168
 0.000008883197
 0.000010340157
 0.000006627523
 0.000021567804
 0.000005990872
 0.000008618669
 0.000010346592
 0.000012187003
 0.000011971763
 0.000024387476
 0.000011601021
 0.000011814236
 0.000008498421
 0.000007126497
 0.000009712611
 0.000009563783
 0.000002618374
 0.000018706177
 0.000021432755
 0.000008083155
 0.000002990580
 0.000007756772
 0.000016550711
 0.000006842673
 0.000011536287
 0.000010665830
 0.000008428693
 0.000012451778
 0.000003350805
 0.000006625593
 0.000007546779
 0.000014528696
 0.000004755793
 0.000010342773
 0.000013151804
 0.000020336605
 0.000004055300
 0.000007051433
 0.000005655141
 0.000004987810
 0.000004259319
 0.000015343100
 0.000007740096
 0.000006547174
 0.000005871081
 0.000007917638
 0.000004357720
 0.000003613037
 0.000014571448
 0.000013512325
 0.000008459472
 0.000007011370
 0.000010464276
 0.000004580846
 0.000007562037
 0.000017862327
 0.000003842285
 0.000012492375
 0.000003927376
 0.000006961822
 0.000018398766
 0.000019369624
 0.000032499030
 0.000005846160
 0.000030768189
 0.000025952999
 0.000054077627
 0.000013355068
 0.000013528789
 0.000011549929
 0.000012053720
 0.000016807230
 0.000024120179
 0.000015987640
 0.000031480137
 0.000015019790
 0.000015494641
 0.000025414255
 0.000031606694
 0.000034251012
 0.000023159411
 0.000034633381
 0.000013762448
 0.000020467356
 0.000044951105
 0.000015648521
 0.000031673212
 0.000013362494
 0.000010040733
 0.000010164646
 0.000019011559
 0.000027966340
 0.000023572124
 0.000009206014
 0.000008675010
 0.000006162356
 0.000020795726
 0.000009001768
 0.000012722110
 0.000005115890
 0.000003730117
 0.000009371661
 0.000016087161
 0.000004070491
 0.000004545144
 0.000008813678
 0.000012325582
 0.000008081986
 0.000007775538
 0.000007222681
 0.000005235268
 0.000005827402
 0.000007499059
 0.000005461122
 0.000004412438
 0.000004783730
 0.000007604091
 0.000004143039
 0.000005918420
 0.000004471710
 0.000014853156
 0.000008860226
 0.000004687766
 0.000002871937
 0.000010010264
 0.000009302474
 0.000024061634
 0.000020332247
 0.000013748962
 0.000011418120
 0.000005335747
 0.000013709856
 0.000007486138
 0.000019440329
 0.000016535092
 0.000022050158
 0.000005495748
 0.000011493324
 0.000011415567
 0.000006428704
 0.000015672338
 0.000010297524
 0.000008680531
 0.000004164132
 0.000007587736
 0.000003972120
 0.000006349063
 0.000007986427
 0.000009548713
 0.000005738822
 0.000008635184
 0.000012202043
 0.000009586675
 0.000008150534
 0.000010201387
 0.000007029283
 0.000010393567
 0.000013705131
 0.000015449255
 0.000021613627
 0.000023493373
 0.000022294314
 0.000005800563
 0.000015944252
 0.000006651201
 0.000007838328
 0.000006861465
 0.000013152714
 0.000011743456
 0.000012454373
 0.000007519257
 0.000017891978
 0.000009680759
 0.000005514691
 0.000031222546
 0.000019116839
 0.000017228724
 0.000011586911
 0.000006604996
 0.000010343931
 0.000004767229
 0.000008645917
 0.000032088826
 0.000021607517
 0.000018420709
 0.000019345084
 0.000036791462
 0.000016752800
 0.000010014463
 0.000012345002
 0.000012891628
 0.000011902614
 0.000009420834
 0.000013277907
 0.000037890806
 0.000019908890
 0.000012018660
 0.000010959966
 0.000019784181
 0.000011828117
 0.000009778229
 0.000014424875
 0.000026393016
 0.000012682806
 0.000020213187
 0.000009707547
 0.000016409372
 0.000010262330
 0.000023701379
 0.000020855794
 0.000013866589
 0.000010641797
 0.000013417903
 0.000028055965
 0.000012039759
 0.000028459950
 0.000012846549
 0.000018840868
 0.000013658063
 0.000015905171
 0.000016918443
 0.000013170597
 0.000010199245
 0.000029463651
 0.000016740675
 0.000008949070
 0.000010711447
 0.000007707564
 0.000009188702
 0.000011269822
 0.000006030448
 0.000010050054
 0.000014233364
 0.000011538169
 0.000009037367
 0.000020014341
 0.000003198916
 0.000014971996
 0.000019363891
 0.000007695682
 0.000009095978
 0.000027494645
 0.000014687992
 0.000023491225
 0.000008395200
 0.000003349275
 0.000010666882
 0.000013851444
 0.000004450948
 0.000012348052
 0.000006992848
 0.000039820749
 0.000003849081
 0.000004849181
 0.000009981632
 0.000011244456
 0.000007486415
 0.000011985452
 0.000021850201
 0.000017749095
 0.000008790688
 0.000005965738
 0.000008017169
 0.000006862829
 0.000005866252
 0.000007812727
 0.000006396683
 0.000009207420
 0.000009892525
 0.000013744179
 0.000008183103
 0.000009344928
 0.000010680564
 0.000004728911
 0.000008379875
 0.000003391581
 0.000007176664
 0.000008147900
 0.000011172457
 0.000018657304
 0.000004252753
 0.000008962103
 0.000006261734
 0.000011772854
 0.000014462529
 0.000008830681
 0.000009663491
 0.000004673204
 0.000010107940
 0.000002274978
 0.000007509432
 0.000004142501
 0.000008974194
 0.000007392728
 0.000005395069
 0.000006430159
 0.000013380386
 0.000017725162
 0.000016825346
 0.000015560875
 0.000013197947
 0.000009190639
 0.000017117623
 0.000051817686
 0.000023716996
 0.000089275999
 0.000015137498
 0.000047149658
 0.000035087397
 0.000013938018
 0.000048208747
 0.000019446238
 0.000019898616
 0.000046260495
 0.000029560178
 0.000009545385
 0.000024572251
 0.000006737829
 0.000014010742
 0.000032861108
 0.000005130135
 0.000008308999
 0.000017134800
 0.000015915556
 0.000017596851
 0.000015394171
 0.000019573797
 0.000031948067
 0.000025011975
 0.000027300218
 0.000109139850
 0.000025438507
 0.000022803393
 0.000060312715
 0.000025916916
 0.000023568191
 0.000018771784
 0.000021177122
 0.000052558568
 0.000031241820
 0.000023270512
 0.000024737020
 0.000025141762
 0.000029976153
 0.000011515332
 0.000050393986
 0.000025032466
 0.000032515170
 0.000031324461
 0.000032641759
 0.000033729251
 0.000038839620
 0.000018595725
 0.000039199007
 0.000042176791
 0.000046713310
 0.000015471736
 0.000012053464
 0.000018222732
 0.000044617662
 0.000044481620
 0.000028163673
 0.000008332050
 0.000027539084
 0.000059333793
 0.000037195816
 0.000049680851
 0.000014208675
 0.000027652524
 0.000031154229
 0.000094823337
 0.000075013447
 0.000015351932
 0.000015533472
 0.000014619550
 0.000030537944
 0.000030317363
 0.000017948185
 0.000017493145
 0.000029598662
 0.000013307953
 0.000011512364
 0.000014466225
 0.000026006117
 0.000050233939
 0.000021620298
 0.000024493228
 0.000050197196
 0.000033312840
 0.000058978263
 0.000028067002
 0.000037165989
 0.000026623488
 0.000013999401
 0.000057802528
 0.000017178263
 0.000045112414
 0.000058577020
 0.000031670850
 0.000017142250
 0.000018783354
 0.000044505207
 0.000030274429
 0.000029848181
 0.000028905482
 0.000038102299
 0.000015613148
 0.000011932677
 0.000027662047
 0.000014600760
 0.000010110971
 0.000012168189
 0.000008412793
 0.000025395047
 0.000015479388
 0.000037730120
 0.000019290180
 0.000021837735
 0.000016858777
 0.000030134695
 0.000017510846
 0.000015726985
 0.000016564353
 0.000009140846
 0.000010419376
 0.000008708420
 0.000016373893
 0.000014832761
 0.000012474537
 0.000016758871
 0.000016993193
 0.000023408258
 0.000018427240
 0.000008754255
 0.000013014881
 0.000015126475
 0.000015027004
 0.000020284447
 0.000026830813
 0.000006120856
 0.000016903557
 0.000016495289
 0.000007450413
 0.000008503964
 0.000009659139
 0.000025845563
 0.000010631728
 0.000006601977
 0.000027381392
 0.000015915819
 0.000009348025
 0.000016545708
 0.000007566615
 0.000014084850
 0.000012250536
 0.000004753402
 0.000009639859
 0.000009310225
 0.000004739341
 0.000006997749
 0.000005614834
 0.000007305974
 0.000008065080
 0.000017069743
 0.000004869344
 0.000007744657
 0.000010445758
 0.000006048426
 0.000009999543
 0.000017462650
 0.000007751893
 0.000015861912
 0.000011874110
 0.000007219945
 0.000005999294
 0.000011563542
 0.000026554858
 0.000014007879
 0.000006683810
 0.000011355259
 0.000008915311
 0.000021284365
 0.000013212747
 0.000012374076
 0.000011161761
 0.000019145886
 0.000017684884
 0.000018680660
 0.000012204340
 0.000018356279
 0.000012694167
 0.000039098001
 0.000006820155
 0.000010715404
 0.000018228526
 0.000020006358
 0.000006154449
 0.000010017490
 0.000015199222
 0.000010232068
 0.000013404013
 0.000007423961
 0.000009963725
 0.000007254514
 0.000006628760
 0.000005597034
 0.000014735125
 0.000003185326
 0.000006696299
 0.000006282859
 0.000006926544
 0.000002838832
 0.000017611022
 0.000009147382
 0.000013571290
 0.000012687167
 0.000009425773
 0.000002924723
 0.000003873850
 0.000010261019
 0.000005922886
 0.000009359616
 0.000007467259
 0.000009175840
 0.000004062443
 0.000005089578
 0.000004309665
 0.000003184595
 0.000002331709
 0.000003753496
 0.000011874896
 0.000004700426
 0.000004321866
 0.000003045532
 0.000003853524
 0.000004262628
 0.000007648784
 0.000005158090
 0.000002286854
 0.000003351859
 0.000003926979
 0.000003148378
 0.000003418974
 0.000001296791
 0.000003022705
 0.000003620097
 0.000003575637
 0.000007131798
 0.000002891577
 0.000004760432
 0.000002840289
 0.000008970084
 0.000002763655
 0.000002356628
 0.000005591435
 0.000003120336
 0.000007452096
 0.000003420761
 0.000016470961
 0.000004901159
 0.000005666443
 0.000002688837
 0.000017339630
 0.000004286371
 0.000008895600
 0.000030218834
 0.000006008020
 0.000007949041
 0.000010956595
 0.000007542799
 0.000023906924
 0.000011266668
 0.000004955784
 0.000016580759
 0.000005061131
 0.000015210329
 0.000008172405
 0.000008547222
 0.000002886748
 0.000006348149
 0.000003061712
 0.000007173349
 0.000005790165
 0.000008397344
 0.000008859436
 0.000009732983
 0.000008599881
 0.000016056932
 0.000008239529
 0.000010257341
 0.000008642354
 0.000015331178
 0.000014897373
 0.000005596118
 0.000008430383
 0.000007923652
 0.000010765460
 0.000010093009
 0.000015057055
 0.000022845914
 0.000009113188
 0.000007799958
 0.000007809225
 0.000007171516
 0.000008722875
 0.000016043001
 0.000010635068
 0.000006743114
 0.000012201797
 0.000018056786
 0.000020264080
 0.000011494861
 0.000010918224
 0.000019276799
 0.000012238300
 0.000027375739
 0.000012296300
 0.000023364318
 0.000017502431
 0.000022540328
 0.000017598606
 0.000021859962
 0.000022963604
 0.000026438282
 0.000015478574
 0.000006846189
 0.000008087290
 0.000019916461
 0.000014639334
 0.000027875257
 0.000007289146
 0.000019580930
 0.000012970922
 0.000016271304
 0.000009086237
 0.000009933290
 0.000005574063
 0.000007589171
 0.000006213003
 0.000015549267
 0.000005436055
 0.000007160275
 0.000007170881
 0.000009426778
 0.000005673848
 0.000008176957
 0.000012313761
 0.000029702089
 0.000016419675
 0.000014234094
 0.000016516931
 0.000013193709
 0.000014850672
 0.000013412640
 0.000007180221
 0.000015072728
 0.000031779698
 0.000023123950
 0.000015463365
 0.000016079820
 0.000018319937
 0.000021724282
 0.000024696411
 0.000017787993
 0.000016603275
 0.000012049096
 0.000035827332
 0.000018167139
 0.000036664723
 0.000024555690
 0.000021264291
 0.000027241529
 0.000028843228
 0.000015372969
 0.000012813977
 0.000015136722
 0.000022568787
 0.000010750761
 0.000007101830
 0.000040961986
 0.000013761462
 0.000012588012
 0.000014659481
 0.000013985480
 0.000024020097
 0.000008220979
 0.000006812293
 0.000007670477
 0.000009106432
 0.000012581856
 0.000031089621
 0.000024280046
 0.000025357210
 0.000019564573
 0.000021274176
 0.000016226123
 0.000014032474
 0.000013559638
 0.000018562968
 0.000014611460
 0.000030515899
 0.000010095457
 0.000040565428
 0.000023983594
 0.000012505167
 0.000009167511
 0.000002668791
 0.000017289375
 0.000006724977
 0.000015659518
 0.000007863416
 0.000011037632
 0.000009900282
 0.000023435335
 0.000009099557
 0.000015531057
 0.000012388409
 0.000011992941
 0.000010546961
 0.000020167356
 0.000030288332
 0.000008641380
 0.000010471025
 0.000008133485
 0.000011396358
 0.000012041504
 0.000025729748
 0.000008832942
 0.000026685603
 0.000007978265
 0.000013755169
 0.000022807537
 0.000031939688
 0.000008537039
 0.000013273231
 0.000020450969
 0.000016637473
 0.000002335288
 0.000005918662
 0.000007909268
 0.000007871717
 0.000009972512
 0.000009201830
 0.000005435776
 0.000005015581
 0.000003158683
 0.000010858578
 0.000002461359
 0.000006859563
 0.000008310759
 0.000004717648
 0.000005534629
 0.000011890649
 0.000019849973
 0.000007459159
 0.000007084866
 0.000007974770
 0.000008141037
 0.000004043738
 0.000003012906
 0.000004771224
 0.000009241560
 0.000005499116
 0.000005521219
 0.000012078423
 0.000005581892
 0.000005700838
 0.000015353396
 0.000018922171
 0.000006147497
 0.000014782325
 0.000007568872
 0.000007545787
 0.000002946091
 0.000006502093
 0.000006884943
 0.000009307523
 0.000008859271
 0.000005853778
 0.000006591489
 0.000003644969
 0.000011145495
 0.000012674428
 0.000004925175
 0.000005042560
 0.000004904049
 0.000009840548
 0.000008164378
 0.000009905409
 0.000006412159
 0.000007681268
 0.000007275634
 0.000003804278
 0.000006530105
 0.000009713834
 0.000011661437
 0.000041774574
 0.000023986380
 0.000010423955
 0.000017803790
 0.000024399556
 0.000024688165
 0.000007609220
 0.000019421828
 0.000013488476
 0.000042353455
 0.000026431601
 0.000033754817
 0.000031786005
 0.000024219768
 0.000039625411
 0.000010855062
 0.000032726092
 0.000020191214
 0.000015682470
 0.000010975471
 0.000015716089
 0.000038083651
 0.000026085751
 0.000032060084
 0.000015290789
 0.000014092082
 0.000012803215
 0.000016803997
 0.000018492173
 0.000021439616
 0.000008473410
 0.000021835724
 0.000009493595
 0.000018620586
 0.000014804568
 0.000011308921
 0.000011364983
 0.000012042777
 0.000009858619
 0.000010113799
 0.000021588261
 0.000036564463
 0.000028819627
 0.000062504588
 0.000021908116
 0.000009089166
 0.000019090252
 0.000013812010
 0.000020475843
 0.000024787252
 0.000007453762
 0.000018516973
 0.000030888342
 0.000013944928
 0.000006150326
 0.000009103303
 0.000012563259
 0.000013529783
 0.000012287402
 0.000013021077
 0.000010851324
 0.000020583755
 0.000010102681
 0.000006930543
 0.000010675238
 0.000015359623
 0.000007262538
 0.000006801731
 0.000016935692
 0.000017252745
 0.000016235383
 0.000011031876
 0.000032352668
 0.000020271684
 0.000028432608
 0.000027478778
 0.000007171393
 0.000009703391
 0.000014447830
 0.000011783322
 0.000014356814
 0.000012461627
 0.000012329272
 0.000009171024
 0.000019769471
 0.000016598738
 0.000006424619
 0.000007258950
 0.000012247059
 0.000009541133
 0.000013879019
 0.000007053750
 0.000009112521
 0.000008821977
 0.000006993213
 0.000004041173
 0.000006410750
 0.000004121872
 0.000020362798
 0.000012214180
 0.000017601777
 0.000004916727
 0.000011255273
 0.000004722840
 0.000022658151
 0.000006861427
 0.000013838133
 0.000008233515
 0.000012621601
 0.000022418983
 0.000010842793
 0.000014268270
 0.000007305796
 0.000018756788
 0.000026922915
 0.000028819284
 0.000016041164
 0.000009846676
 0.000026819796
 0.000012217583
 0.000006251193
 0.000006473965
 0.000003148050
 0.000004924255
 0.000003413755
 0.000014108331
 0.000014572942
 0.000005662600
 0.000004757032
 0.000017214743
 0.000013397053
 0.000008915005
 0.000008743817
 0.000022095274
 0.000041790234
 0.000009830409
 0.000015542781
 0.000008662027
 0.000006672313
 0.000003933377
 0.000005425429
 0.000006002902
 0.000004986971
 0.000007052753
 0.000013457561
 0.000009572276
 0.000007399658
 0.000004708642
 0.000011459063
 0.000004386411
 0.000019289835
 0.000003886011
 0.000008794322
 0.000009601097
 0.000007034995
 0.000016768281
 0.000007809069
 0.000006781327
 0.000005891348
 0.000012207694
 0.000037272354
 0.000009996903
 0.000010936689
 0.000009144626
 0.000016600410
 0.000002611417
 0.000004673653
 0.000007592854
 0.000003445520
 0.000011704151
 0.000004083931
 0.000006459339
 0.000006564887
 0.000009723392
 0.000005693351
 0.000003749223
 0.000006299685
 0.000005321638
 0.000012486568
 0.000005827261
 0.000015298877
 0.000005753199
 0.000009408434
 0.000012200322
 0.000006721625
 0.000009059327
 0.000005142044
 0.000005805884
 0.000006234005
 0.000002265785
 0.000002772113
 0.000007225104
 0.000004429497
 0.000008149604
 0.000003920592
 0.000008574420
 0.000015057005
 0.000009896247
 0.000004962745
 0.000003480976
 0.000006841500
 0.000010450353
 0.000022919849
 0.000002093727
 0.000004285633
 0.000004679860
 0.000014343782
 0.000005196578
 0.000005108236
 0.000010922687
 0.000005714086
 0.000013667958
 0.000007515436
 0.000012530426
 0.000014606973
 0.000021899857
 0.000012169982
 0.000015241714
 0.000005412266
 0.000007179998
 0.000012208381
 0.000018453422
 0.000015726437
 0.000015697757
 0.000014465592
 0.000014760246
 0.000005762848
 0.000013399570
 0.000010712308
 0.000016064892
 0.000019031049
 0.000014589605
 0.000008984798
 0.000008060912
 0.000008830494
 0.000003989786
 0.000004868591
 0.000006002024
 0.000004550050
 0.000018410613
 0.000006931353
 0.000004948185
 0.000005202199
 0.000004456060
 0.000004070460
 0.000006115147
 0.000007922129
 0.000006281439
 0.000007936729
 0.000002663300
 0.000007904874
 0.000003480355
 0.000003101575
 0.000008107280
 0.000003335272
 0.000002775212
 0.000010387381
 0.000009202707
 0.000004765578
 0.000013386789
 0.000020141520
 0.000002037254
 0.000004357317
 0.000003540733
 0.000003848137
 0.000004351308
 0.000002527210
 0.000006508700
 0.000005274825
 0.000012240092
 0.000008673009
 0.000012177119
 0.000008820245
 0.000023944239
 0.000015335534
 0.000015625253
 0.000017684966
 0.000008481096
 0.000011325301
 0.000005581346
 0.000004192639
 0.000003962076
 0.000005629324
 0.000006133099
 0.000007214261
 0.000002087282
 0.000006701172
 0.000007719378
 0.000015819408
 0.000008301830
 0.000009322248
 0.000010296929
 0.000014770622
 0.000004255010
 0.000005036312
 0.000009221773
 0.000008981401
 0.000006755390
 0.000006046957
 0.000003177562
 0.000010408965
 0.000010465539
 0.000009218178
 0.000006631601
 0.000005538790
 0.000006501158
 0.000002136780
 0.000007922022
 0.000003371064
 0.000009393132
 0.000019559343
 0.000005625685
 0.000002893797
 0.000006122841
 0.000008253431
 0.000005166883
 0.000003182428
 0.000002836280
 0.000003219933
 0.000002980272
 0.000015836461
 0.000005078088
 0.000006250655
 0.000008897350
 0.000008060330
 0.000002486586
 0.000005519828
 0.000010755715
 0.000013788148
 0.000006454620
 0.000003414484
 0.000011633057
 0.000028260458
 0.000010899376
 0.000018368555
 0.000018524877
 0.000006243332
 0.000009082039
 0.000030876931
 0.000008944788
 0.000007281226
 0.000008688977
 0.000005240578
 0.000009283475
 0.000006486218
 0.000008501043
 0.000006226585
 0.000002983345
 0.000005921813
 0.000002342625
 0.000004012245
 0.000004327699
 0.000005492799
 0.000001683041
 0.000011549393
 0.000006074100
 0.000004333257
 0.000003315414
 0.000006197516
 0.000006076967
 0.000010823512
 0.000004822887
 0.000009304466
 0.000011465703
 0.000011232620
 0.000005907324
 0.000010936011
 0.000014868721
 0.000009320262
 0.000007393731
 0.000011267664
 0.000006540247
 0.000006797763
 0.000011260790
 0.000011506320
 0.000014260231
 0.000012144534
 0.000015106180
 0.000010697426
 0.000008286692
 0.000007571681
 0.000008616168
 0.000009070954
 0.000015363218
 0.000014488963
 0.000006161526
 0.000003607126
 0.000004866443
 0.000005087807
 0.000009940908
 0.000010740090
 0.000010330421
 0.000003798759
 0.000003238384
 0.000007331226
 0.000009794229
 0.000015232447
 0.000007590047
 0.000020648529
 0.000011724454
 0.000007459001
 0.000004240826
 0.000009699060
 0.000011898136
 0.000011950922
 0.000009503765
 0.000017412391
 0.000008532439
 0.000012729634
 0.000005033942
 0.000021018465
 0.000011445529
 0.000015416160
 0.000006400573
 0.000035062258
 0.000027001468
 0.000009498751
 0.000006027898
 0.000011193377
 0.000021340157
 0.000019535247
 0.000016197181
 0.000009592546
 0.000022034450
 0.000013405406
 0.000009669909
 0.000008969053
 0.000010171602
 0.000004244575
 0.000012831180
 0.000011207465
 0.000006396390
 0.000009621230
 0.000010212013
 0.000004792916
 0.000013771272
 0.000009834927
 0.000017542186
 0.000010324196
 0.000008535266
 0.000009958175
 0.000012941750
 0.000004897342
 0.000004114069
 0.000002893607
 0.000007517697
 0.000009832514
 0.000009705527
 0.000007221702
 0.000005090169
 0.000006012493
 0.000003927676
 0.000011047327
 0.000003291041
 0.000003568680
 0.000006545930
 0.000007998131
 0.000010984049
 0.000020896012
 0.000003422501
 0.000005200273
 0.000006270981
 0.000006189777
 0.000003750425
 0.000010323176
 0.000006470512
 0.000008201107
 0.000007227355
 0.000008122148
 0.000015802692
 0.000010275558
 0.000009008313
 0.000011656025
 0.000025295197
 0.000013361853
 0.000006816493
 0.000033134976
 0.000004841877
 0.000005515172
 0.000006038158
 0.000009655576
 0.000014372876
 0.000012420178
 0.000004048762
 0.000015397336
 0.000008386108
 0.000007542909
 0.000004610744
 0.000006235499
 0.000007033455
 0.000002799805
 0.000005522676
 0.000009427500
 0.000009491928
 0.000003010950
 0.000006900191
 0.000014549587
 0.000007369819
 0.000007433166
 0.000007961879
 0.000024256439
 0.000007547463
 0.000005548125
 0.000009308262
 0.000008723963
 0.000006712216
 0.000007270482
 0.000009964976
 0.000007913189
 0.000010335517
 0.000010938572
 0.000006893283
 0.000007863503
 0.000015245276
 0.000006191967
 0.000004100319
 0.000007488714
 0.000006189160
 0.000007887916
 0.000007252427
 0.000007782567
 0.000004564727
 0.000004270536
 0.000011990164
 0.000003354360
 0.000008202136
 0.000006132879
 0.000017267919
 0.000007823998
 0.000007475671
 0.000007814844
 0.000004387397
 0.000007272249
 0.000005152691
 0.000005532712
 0.000007129112
 0.000001966251
 0.000005824067
 0.000005652294
 0.000006013907
 0.000007173137
 0.000009274678
 0.000004022272
 0.000008363928
 0.000004018136
 0.000004883567
 0.000006172709
 0.000004612871
 0.000010615142
 0.000007096536
 0.000002653071
 0.000002674533
 0.000014589844
 0.000011861411
 0.000005975978
 0.000005497686
 0.000006250819
 0.000003589270
 0.000003763911
 0.000004793139
 0.000009110016
 0.000005274894
 0.000005741336
 0.000004763818
 0.000008113647
 0.000007011552
 0.000018084934
 0.000004893066
 0.000006778422
 0.000005763408
 0.000006532507
 0.000006686159
 0.000004928320
 0.000010343522
 0.000005394621
 0.000007747635
 0.000007898143
 0.000009146685
 0.000009253579
 0.000007760916
 0.000005945088
 0.000012513115
 0.000004189534
 0.000005329316
 0.000005864520
 0.000002998885
 0.000003714911
 0.000004527016
 0.000004254650
 0.000006410063
 0.000003952311
 0.000013370554
 0.000006561241
 0.000008719577
 0.000007309154
 0.000008739362
 0.000009070865
 0.000013085060
 0.000014802706
 0.000009761891
 0.000011629255
 0.000010675195
 0.000004131201
 0.000007567469
 0.000006904708
 0.000003257245
 0.000003936204
 0.000004478437
 0.000003046296
 0.000004759559
 0.000003485256
 0.000006908377
 0.000013688064
 0.000003188099
 0.000007286909
 0.000004075762
 0.000008805250
 0.000006532647
 0.000010588940
 0.000004578609
 0.000007681170
 0.000007429089
 0.000009958917
 0.000009506132
 0.000011044238
 0.000004660948
 0.000010483755
 0.000028595178
 0.000004590613
 0.000009906547
 0.000011286837
 0.000007607376
 0.000010917262
 0.000011685664
 0.000031229317
 0.000005814948
 0.000004928967
 0.000007956869
 0.000013062577
 0.000006721461
 0.000013663818
 0.000006715454
 0.000008282680
 0.000008687981
 0.000009793552
 0.000007525353
 0.000004631304
 0.000006131414
 0.000006092335
 0.000006135290
 0.000010788325
 0.000006643407
 0.000003500928
 0.000015227228
 0.000005907190
 0.000007697953
 0.000009737814
 0.000013426114
 0.000003334713
 0.000004351402
 0.000005115760
 0.000004059881
 0.000011942623
 0.000004172174
 0.000015338276
 0.000014846093
 0.000002685974
 0.000003937767
 0.000006742380
 0.000004647328
 0.000006452445
 0.000009640013
 0.000003943579
 0.000012418161
 0.000004746884
 0.000008968242
 0.000007276877
 0.000004743815
 0.000003595517
 0.000008899207
 0.000008782473
 0.000009359099
 0.000008660722
 0.000010686537
 0.000010072758
 0.000005955311
 0.000010002935
 0.000010201759
 0.000011153657
 0.000007686386
 0.000014745542
 0.000006738729
 0.000002768358
 0.000009381562
 0.000004155297
 0.000010917316
 0.000007283668
 0.000003306490
 0.000005172714
 0.000003465355
 0.000007530745
 0.000003987451
 0.000004934019
 0.000002506362
 0.000012277619
 0.000013516647
 0.000010086059
 0.000016938277
 0.000009035795
 0.000013896815
 0.000015113140
 0.000017752809
 0.000007477456
 0.000007083939
 0.000005311054
 0.000013691616
 0.000007850634
 0.000007544418
 0.000006754328
 0.000003064609
 0.000003916353
 0.000003823949
 0.000005673282
 0.000008179941
 0.000004916069
 0.000004586465
 0.000001808088
 0.000007645236
 0.000012190541
 0.000003762477
 0.000002691186
 0.000004151458
 0.000005923454
 0.000015320385
 0.000012006386
 0.000005687061
 0.000006320975
 0.000012977946
 0.000007190676
 0.000005466906
 0.000005612216
 0.000011928708
 0.000008850672
 0.000011969743
 0.000006688848
 0.000008855812
 0.000004660053
 0.000005648025
 0.000006235780
 0.000007606811
 0.000009964216
 0.000006904086
 0.000012215491
 0.000006860977
 0.000004704825
 0.000006924446
 0.000005919142
 0.000004215099
 0.000005300246
 0.000004787935
 0.000008892767
 0.000004756813
 0.000009966684
 0.000010760861
 0.000010167706
 0.000004321733
 0.000002850796
 0.000003228086
 0.000002864804
 0.000002213534
 0.000005206648
 0.000011847553
 0.000005740545
 0.000005463764
 0.000005417169
 0.000004003772
 0.000007658200
 0.000004124764
 0.000004404614
 0.000007275414
 0.000009984255
 0.000008031560
 0.000010217472
 0.000003608631
 0.000002597964
 0.000007640925
 0.000006839873
 0.000006328417
 0.000007338594
 0.000012558787
 0.000006967794
 0.000005035254
 0.000003088558
 0.000006209353
 0.000006931740
 0.000002685679
 0.000009462757
 0.000004545240
 0.000004508241
 0.000005576073
 0.000006066132
 0.000003247246
 0.000003546058
 0.000007438015
 0.000005812677
 0.000004336176
 0.000001780272
 0.000002732919
 0.000007620796
 0.000010044155
 0.000012545165
 0.000006324212
 0.000004549143
 0.000005403995
 0.000004591316
 0.000003112013
 0.000005996968
 0.000003916749
 0.000001479328
 0.000008511824
 0.000009776226
 0.000002650196
 0.000007300970
 0.000006259675
 0.000004458449
 0.000003397456
 0.000005231286
 0.000003292252
 0.000004513999
 0.000005206287
 0.000006828171
 0.000012996012
 0.000005216756
 0.000003326353
 0.000003168442
 0.000007463363
 0.000004438182
 0.000008497743
 0.000010790735
 0.000003841295
 0.000009014727
 0.000009413194
 0.000002754531
 0.000007598490
 0.000006541764
 0.000007703719
 0.000004108001
 0.000007381888
 0.000003507162
 0.000004448115
 0.000014654017
 0.000011602463
 0.000008097362
 0.000005268039
 0.000006054972
 0.000007706428
 0.000015443402
 0.000008526601
 0.000008664356
 0.000008376900
 0.000005687151
 0.000005329853
 0.000009255573
 0.000004812130
 0.000023003436
 0.000007368185
 0.000007929551
 0.000008647142
 0.000006251675
 0.000007978495
 0.000005050890
 0.000006957108
 0.000011539535
 0.000004917613
 0.000005513888
 0.000004727848
 0.000007728363
 0.000009377658
 0.000011302759
 0.000006481900
 0.000005530224
 0.000004821052
 0.000004692051
 0.000004776456
 0.000004751861
 0.000003736915
 0.000003171944
 0.000003661203
 0.000004861964
 0.000009361205
 0.000005519887
 0.000008692273
 0.000007831963
 0.000007418270
 0.000004487241
 0.000006025813
 0.000004063740
 0.000010733300
 0.000012753675
 0.000005703399
 0.000004923428
 0.000017818513
 0.000008085310
 0.000014925151
 0.000008603367
 0.000005035576
 0.000011884183
 0.000008423902
 0.000007491770
 0.000021783402
 0.000004965006
 0.000007361918
 0.000008986645
 0.000002655585
 0.000008093348
 0.000005418812
 0.000006468353
 0.000006396343
 0.000007422301
 0.000013592608
 0.000012585884
 0.000006366994
 0.000008017188
 0.000007441425
 0.000007122155
 0.000007849872
 0.000007029332
 0.000004928095
 0.000002128711
 0.000003634375
 0.000003364561
 0.000004230520
 0.000003373419
 0.000005085629
 0.000003270426
 0.000009851844
 0.000003226380
 0.000016034937
 0.000011533325
 0.000004823903
 0.000005714295
 0.000003453830
 0.000005487147
 0.000006811763
 0.000012355641
 0.000010117811
 0.000010171255
 0.000009015780
 0.000006362351
 0.000004342095
 0.000005136303
 0.000015909613
 0.000005446180
 0.000007206166
 0.000004581938
 0.000003766790
 0.000001821646
 0.000006685405
 0.000006163798
 0.000002825925
 0.000003866585
 0.000005470385
 0.000010244883
 0.000002218147
 0.000004014892
 0.000001460911
 0.000005369405
 0.000006379740
 0.000002821152
 0.000007666055
 0.000001414507
 0.000001939628
 0.000001869548
 0.000003849699
 0.000002447623
 0.000003212322
 0.000002460531
 0.000003405129
 0.000005055096
 0.000002857763
 0.000004421842
 0.000003275971
 0.000006661151
 0.000013626887
 0.000007319421
 0.000003938297
 0.000003191055
 0.000001951036
 0.000005495868
 0.000002399496
 0.000002852716
 0.000006380209
 0.000004442297
 0.000002359831
 0.000003002548
 0.000005924983
 0.000002943302
 0.000003484909
 0.000006349514
 0.000005631584
 0.000003212647
 0.000001567776
 0.000003738387
 0.000002929465
 0.000002134437
 0.000004203514
 0.000001791522
 0.000004515411
 0.000002507953
 0.000003460296
 0.000009652243
 0.000008155559
 0.000015017957
 0.000008466195
 0.000011595507
 0.000004692394
 0.000003948811
 0.000003199865
 0.000003048591
 0.000004987597
 0.000002031784
 0.000004096816
 0.000004456456
 0.000004636089
 0.000006426248
 0.000007669305
 0.000005811961
 0.000006641122
 0.000012557509
 0.000007529333
 0.000007298706
 0.000004564025
 0.000008540955
 0.000006839083
 0.000007199002
 0.000003176079
 0.000003820950
 0.000005435920
 0.000007753309
 0.000011456773
 0.000002012327
 0.000002830574
 0.000006375529
 0.000001626451
 0.000005891024
 0.000002113745
 0.000005211083
 0.000003843679
 0.000004075927
 0.000003013764
 0.000002905579
 0.000002210449
 0.000004101497
 0.000004039805
 0.000002102039
 0.000003123296
 0.000003488605
 0.000001360837
 0.000005120892
 0.000007609045
 0.000002030068
 0.000008573838
 0.000003021423
 0.000002792590
 0.000003428382
 0.000002409903
 0.000003179762
 0.000003988471
 0.000005952104
 0.000003636351
 0.000003062745
 0.000006489933
 0.000007249384
 0.000007934144
 0.000004881134
 0.000011057668
 0.000003242865
 0.000004906059
 0.000005627872
 0.000002293987
 0.000001697785
 0.000003818836
 0.000002994573
 0.000006601453
 0.000001986256
 0.000004367541
 0.000004711093
 0.000004409978
 0.000003981526
 0.000003178571
 0.000003709847
 0.000010035604
 0.000006095914
 0.000005231120
 0.000003993952
 0.000006100389
 0.000003224810
 0.000002747481
 0.000005537817
 0.000005651556
 0.000001623959
 0.000006655152
 0.000002376279
 0.000007074711
 0.000001678415
 0.000003680342
 0.000003185677
 0.000002593524
 0.000007417914
 0.000002180973
 0.000002506802
 0.000001798968
 0.000004477185
 0.000004957924
 0.000004004386
 0.000001371976
 0.000003835451
 0.000004575751
 0.000002669396
 0.000008586391
 0.000003937785
 0.000002381796
 0.000005272344
 0.000003965478
 0.000005791362
 0.000003803597
 0.000004564572
 0.000002511530
 0.000008308636
 0.000007315987
 0.000009130580
 0.000009684939
 0.000003798297
 0.000004742735
 0.000006699264
 0.000003539691
 0.000002328698
 0.000004300322
 0.000013014109
 0.000004337831
 0.000006656817
 0.000004660980
 0.000005010431
 0.000011485794
 0.000003565528
 0.000006212558
 0.000008167752
 0.000002533529
 0.000002311138
 0.000003444837
 0.000002949121
 0.000001221542
 0.000004091008
 0.000001472671
 0.000007393869
 0.000003865798
 0.000002541213
 0.000003975371
 0.000002484080
 0.000004998692
 0.000008725672
 0.000008410611
 0.000001463481
 0.000003336097
 0.000003275951
 0.000003879310
 0.000004673640
 0.000007438065
 0.000002584204
 0.000004155404
 0.000002625476
 0.000003760891
 0.000009011317
 0.000005723573
 0.000004996743
 0.000003940263
 0.000008779812
 0.000003334374
 0.000010206200
 0.000004333804
 0.000007314265
 0.000007369826
 0.000004406706
 0.000007037996
 0.000003717641
 0.000004997576
 0.000005656247
 0.000003327962
 0.000003339373
 0.000004101178
 0.000007641457
 0.000004110677
 0.000003115323
 0.000007276284
 0.000008756429
 0.000003612172
 0.000003540199
 0.000002752462
 0.000001629254
 0.000004495847
 0.000007855487
 0.000006598594
 0.000004132437
 0.000006375915
 0.000009120347
 0.000005152582
 0.000002428409
 0.000003537297
 0.000006166318
 0.000012065076
 0.000004263266
 0.000004717420
 0.000002120944
 0.000003143381
 0.000004006346
 0.000002548531
 0.000007141640
 0.000002776925
 0.000003467335
 0.000003459022
 0.000007641393
 0.000003789858
 0.000009015463
 0.000002591862
 0.000003547756
 0.000004738916
 0.000009472739
 0.000005573093
 0.000004829458
 0.000005387236
 0.000007176873
 0.000002149358
 0.000003806677
 0.000008163101
 0.000007130936
 0.000003509270
 0.000004453300
 0.000004387463
 0.000002379184
 0.000005133271
 0.000002457945
 0.000003236353
 0.000000975324
 0.000002993010
 0.000002885643
 0.000002700063
 0.000004810151
 0.000002306949
 0.000002194687
 0.000004798180
 0.000001463307
 0.000007669108
 0.000003050418
 0.000002939647
 0.000006590846
 0.000006929814
 0.000001569179
 0.000004385073
 0.000007950911
 0.000005148178
 0.000011056355
 0.000002771651
 0.000001883866
 0.000001565692
 0.000003036017
 0.000004279144
 0.000002991891
 0.000003030518
 0.000003252986
 0.000001885577
 0.000006817798
 0.000004520757
 0.000007399544
 0.000002452440
 0.000003595446
 0.000009211863
 0.000009622858
 0.000003347021
 0.000004478159
 0.000005383254
 0.000005392083
 0.000011297036
 0.000003406008
 0.000004173827
 0.000003838545
 0.000004712435
 0.000009129316
 0.000003068243
 0.000005524934
 0.000011333464
 0.000003897858
 0.000004711676
 0.000006590756
 0.000006594810
 0.000006491362
 0.000002574766
 0.000004287220
 0.000003645764
 0.000002156982
 0.000002428008
 0.000005352072
 0.000004083798
 0.000002173158
 0.000003393646
 0.000006000931
 0.000003219796
 0.000001835271
 0.000003904183
 0.000000835763
 0.000005035581
 0.000006499320
 0.000009089169
 0.000003330401
 0.000006194822
 0.000004632880
 0.000003350166
 0.000004881280
 0.000002132264
 0.000004793317
 0.000002426165
 0.000006763012
 0.000004623477
 0.000004149537
 0.000004121609
 0.000002280243
 0.000007149490
 0.000004430550
 0.000007203751
 0.000008645663
 0.000006813608
 0.000009892371
 0.000006540313
 0.000002712395
 0.000003777205
 0.000006095096
 0.000004182605
 0.000008440873
 0.000004638821
 0.000013489136
 0.000005988517
 0.000006510001
 0.000008751330
 0.000006207454
 0.000006170540
 0.000008386091
 0.000007435848
 0.000004291388
 0.000004163662
 0.000003838936
 0.000003095027
 0.000005503807
 0.000003688122
 0.000001958559
 0.000004641737
 0.000010285067
 0.000003699597
 0.000001666207
 0.000007972247
 0.000007214916
 0.000004819085
 0.000004148039
 0.000003822713
 0.000004317758
 0.000004850473
 0.000002093231
 0.000002086639
 0.000007462951
 0.000003009616
 0.000004379563
 0.000002852376
 0.000006620161
 0.000006366732
 0.000004041602
 0.000007291374
 0.000005445874
 0.000003458661
 0.000001994802
 0.000004237032
 0.000004451567
 0.000007193685
 0.000003122933
 0.000002796421
 0.000003347859
 0.000002525419
 0.000008259923
 0.000005177542
 0.000004026276
 0.000003609475
 0.000003528522
 0.000003376360
 0.000006212228
 0.000003420338
 0.000006997563
 0.000002778805
 0.000001743476
 0.000004212128
 0.000004449343
 0.000001895652
 0.000002874014
 0.000002458405
 0.000006072214
 0.000005313197
 0.000002568549
 0.000003649816
 0.000004304071
 0.000003794348
 0.000005500193
 0.000002631608
 0.000001685751
 0.000003998460
 0.000003099451
 0.000003835189
 0.000005354850
 0.000003904595
 0.000006388142
 0.000002596528
 0.000002380207
 0.000004849521
 0.000003483366
 0.000008314109
 0.000003363717
 0.000007917161
 0.000003925816
 0.000005178472
 0.000007422686
 0.000006181600
 0.000005136158
 0.000003627536
 0.000007862902
 0.000003293773
 0.000003475620
 0.000001716638
 0.000003392453
 0.000002408789
 0.000003938467
 0.000006290709
 0.000003632310
 0.000004418489
 0.000008238676
 0.000003601308
 0.000010128465
 0.000005899962
 0.000004931267
 0.000002977270
 0.000007469900
 0.000005049827
 0.000002241132
 0.000002996736
 0.000005021468
 0.000003337275
 0.000002896570
 0.000003355881
 0.000002485989
 0.000005982780
 0.000003311499
 0.000002054642
 0.000004260052
 0.000002021630
 0.000003487014
 0.000002486561
 0.000006210619
 0.000002556140
 0.000002365318
 0.000002320954
 0.000003899862
 0.000006870522
 0.000002714299
 0.000001494594
 0.000003800340
 0.000004527196
 0.000002635898
 0.000005585675
 0.000001847525
 0.000001889719
 0.000006197432
 0.000005541168
 0.000005018655
 0.000010864790
 0.000001681693
 0.000004819643
 0.000003789339
 0.000006279918
 0.000007009276
 0.000002410209
 0.000008028694
 0.000003514826
 0.000003500626
 0.000003211715
 0.000007748435
 0.000002680019
 0.000001070757
 0.000004785728
 0.000004017047
 0.000002155497
 0.000003741691
 0.000004967417
 0.000006430767
 0.000004793163
 0.000009723616
 0.000001744223
 0.000005237579
 0.000005371167
 0.000002913454
 0.000001269744
 0.000004803757
 0.000002150531
 0.000003255330
 0.000002802526
 0.000004328494
 0.000004216550
 0.000002734870
 0.000004790272
 0.000005325975
 0.000003566486
 0.000003603375
 0.000006293512
 0.000002419202
 0.000003282498
 0.000006656642
 0.000005439920
 0.000002165313
 0.000008390660
 0.000005929983
 0.000005280286
 0.000011023646
 0.000004150535
 0.000002790361
 0.000001837943
 0.000002544156
 0.000006354551
 0.000005316273
 0.000002868386
 0.000004470550
 0.000003307543
 0.000002341289
 0.000003932049
 0.000004973067
 0.000002719618
 0.000004723685
 0.000003445743
 0.000004225286
 0.000002620067
 0.000009092698
 0.000007875025
 0.000005969685
 0.000004126912
 0.000002841918
 0.000003279099
 0.000004024730
 0.000003374433
 0.000002856706
 0.000005158574
 0.000009638885
 0.000002278856
 0.000012150325
 0.000017184297
 0.000001725053
 0.000001069861
 0.000004385724
 0.000002771840
 0.000001569042
 0.000000915997
 0.000000835005
 0.000002517694
 0.000001785790
 0.000002820615
 0.000003738706
 0.000002577757
 0.000003849408
 0.000003355444
 0.000005560725
 0.000006573545
 0.000005680997
 0.000004948079
 0.000007623892
 0.000006194030
 0.000005864353
 0.000007310763
 0.000007459479
 0.000003489109
 0.000005790146
 0.000003220429
 0.000002064495
 0.000006483255
 0.000006621006
 0.000003196778
 0.000003764434
 0.000003573750
 0.000004576100
 0.000009403992
 0.000003935125
 0.000002855770
 0.000005542130
 0.000005255669
 0.000009068102
 0.000006671520
 0.000006107087
 0.000008114647
 0.000007605494
 0.000003148892
 0.000004742147
 0.000005841760
 0.000003253239
 0.000004673639
 0.000004552671
 0.000005058566
 0.000002856762
 0.000004186205
 0.000007330014
 0.000011767825
 0.000004669605
 0.000007614539
 0.000001900453
 0.000003967857
 0.000002139199
 0.000001858062
 0.000005118139
 0.000007055827
 0.000003947534
 0.000006220842
 0.000004122191
 0.000003646084
 0.000005229766
 0.000010368628
 0.000009503149
 0.000012018953
 0.000003298897
 0.000002659976
 0.000006676399
 0.000012633488
 0.000014913937
 0.000007660962
 0.000010219108
 0.000004394372
 0.000003821434
 0.000006410428
 0.000006249858
 0.000007057270
 0.000002161475
 0.000006115763
 0.000003564236
 0.000003707291
 0.000004262239
 0.000008130861
 0.000007065265
 0.000007778450
 0.000004967645
 0.000013602872
 0.000007540934
 0.000003325874
 0.000002280686
 0.000007545712
 0.000007871101
 0.000007246705
 0.000008584056
 0.000006821654
 0.000004086630
 0.000005565758
 0.000003446315
 0.000006209183
 0.000004259246
 0.000007183034
 0.000003191853
 0.000006399674
 0.000004427030
 0.000002477673
 0.000004839039
 0.000005483760
 0.000004633748
 0.000003764175
 0.000003202026
 0.000009453847
 0.000005960227
 0.000007458856
 0.000005497416
 0.000003524939
 0.000012346286
 0.000006550353
 0.000012577666
 0.000004405721
 0.000011565740
 0.000002271016
 0.000007772498
 0.000007276765
 0.000005188652
 0.000005797119
 0.000006279508
 0.000009855793
 0.000017657390
 0.000010680487
 0.000003804559
 0.000010549053
 0.000003714650
 0.000003939149
 0.000003358001
 0.000005005863
 0.000007616132
 0.000007481234
 0.000005099691
 0.000006683652
 0.000005961067
 0.000004675831
 0.000008892805
 0.000007659704
 0.000013169513
 0.000005088401
 0.000017351421
 0.000005673192
 0.000004533798
 0.000005066544
 0.000009865471
 0.000005296090
 0.000004956144
 0.000004833254
 0.000002577020
 0.000004175048
 0.000004471182
 0.000005073563
 0.000002741267
 0.000004431901
 0.000004640704
 0.000012870744
 0.000011876903
 0.000005921377
 0.000006109706
 0.000004441532
 0.000009391681
 0.000005331466
 0.000007441056
 0.000003444516
 0.000008263121
 0.000006646026
 0.000002451591
 0.000004710505
 0.000004890559
 0.000007710472
 0.000006515143
 0.000010193635
 0.000006740593
 0.000004827615
 0.000012311618
 0.000004161864
 0.000009034542
 0.000007604979
 0.000007425734
 0.000005719955
 0.000009419083
 0.000005936284
 0.000005872239
 0.000007384676
 0.000007769545
 0.000007100273
 0.000011266893
 0.000004871059
 0.000008474544
 0.000005249091
 0.000004678771
 0.000003360711
 0.000003776398
 0.000005327845
 0.000007947283
 0.000006304607
 0.000006509170
 0.000005001758
 0.000005899973
 0.000009514820
 0.000006558613
 0.000004091484
 0.000008854377
 0.000005790003
 0.000008300090
 0.000014576331
 0.000007269112
 0.000011897523
 0.000010328750
 0.000007444078
 0.000008605893
 0.000006582843
 0.000012494514
 0.000004865074
 0.000003906411
 0.000015960263
 0.000007173903
 0.000006084026
 0.000006520421
 0.000009365456
 0.000006783914
 0.000013791644
 0.000003624071
 0.000008979789
 0.000003762093
 0.000007206807
 0.000009818892
 0.000003608755
 0.000004494383
 0.000005703787
 0.000010210587
 0.000009046197
 0.000002757855
 0.000012473887
 0.000007274726
 0.000005189615
 0.000013383646
 0.000005944090
 0.000006424530
 0.000003108649
 0.000005484459
 0.000007407840
 0.000009819441
 0.000005070244
 0.000003709441
 0.000005068101
 0.000008440573
 0.000005148916
 0.000002069470
 0.000007457450
 0.000006042207
 0.000010072441
 0.000012969616
 0.000017958098
 0.000010208248
 0.000005050770
 0.000011494083
 0.000002878171
 0.000008543496
 0.000004597540
 0.000004520031
 0.000005536795
 0.000004641948
 0.000006727496
 0.000003756348
 0.000002328735
 0.000005287903
 0.000003777322
 0.000003674124
 0.000003510016
 0.000003465869
 0.000004685517
 0.000004721751
 0.000004289316
 0.000003918970
 0.000003377632
 0.000002632349
 0.000003227524
 0.000003794409
 0.000001429271
 0.000002561842
 0.000002314812
 0.000002038739
 0.000002022899
 0.000003167129
 0.000003832613
 0.000002443332
 0.000001825168
 0.000002829424
 0.000007649004
 0.000002115369
 0.000002794002
 0.000003240919
 0.000004150632
 0.000002308672
 0.000003400630
 0.000002163119
 0.000003795123
 0.000003081894
 0.000002419913
 0.000002217247
 0.000002871039
 0.000004088396
 0.000003927833
 0.000003279632
 0.000003543319
 0.000005397666
 0.000002475367
 0.000002314037
 0.000004157069
 0.000005784493
 0.000002979168
 0.000002411154
 0.000002897010
 0.000003732013
 0.000002270717
 0.000001369347
 0.000002235500
 0.000002654567
 0.000003074128
 0.000001896332
 0.000000832224
 0.000001355211
 0.000004718079
 0.000002627949
 0.000002555203
 0.000003579976
 0.000004513473
 0.000003476460
 0.000004585355
 0.000003693585
 0.000003425852
 0.000002025261
 0.000002142643
 0.000001500092
 0.000002663225
 0.000008210586
 0.000003526811
 0.000001903407
 0.000001383584
 0.000001370648
 0.000001704253
 0.000003331414
 0.000001255507
 0.000003474974
 0.000002237586
 0.000001503545
 0.000001665347
 0.000002284487
 0.000001787305
 0.000000961701
 0.000002589195
 0.000002632774
 0.000001758041
 0.000002090568
 0.000002637138
 0.000001689981
 0.000001512168
 0.000001287468
 0.000001873003
 0.000000771440
 0.000004034403
 0.000003912903
 0.000001844279
 0.000001491638
 0.000004104697
 0.000002154077
 0.000001541675
 0.000001070588
 0.000001216235
 0.000003841154
 0.000002314199
 0.000001743387
 0.000003688723
 0.000001685099
 0.000000733532
 0.000003371213
 0.000001461692
 0.000003201069
 0.000003631024
 0.000004009373
 0.000003417963
 0.000004728058
 0.000002261226
 0.000003705669
 0.000004852457
 0.000003126929
 0.000004280338
 0.000005367650
 0.000002955485
 0.000006725788
 0.000002192127
 0.000004591955
 0.000005148895
 0.000011439668
 0.000003788740
 0.000010661352
 0.000007429873
 0.000009341925
 0.000011196879
 0.000003313429
 0.000011273995
 0.000011845101
 0.000007602789
 0.000007692889
 0.000006013734
 0.000003324589
 0.000004979577
 0.000003803486
 0.000002783182
 0.000002684330
 0.000007802415
 0.000006991518
 0.000008534780
 0.000006922764
 0.000008104392
 0.000013867732
 0.000011965239
 0.000029217208
 0.000005027893
 0.000007298908
 0.000009887073
 0.000006410911
 0.000002877636
 0.000003091883
 0.000003008720
 0.000008899835
 0.000006624314
 0.000004834722
 0.000005123127
 0.000007976522
 0.000005655422
 0.000002819243
 0.000004693618
 0.000005251717
 0.000002591812
 0.000003588153
 0.000003980765
 0.000002809989
 0.000002432001
 0.000010010640
 0.000004948149
 0.000010633402
 0.000004916633
 0.000006045376
 0.000004595445
 0.000002681178
 0.000004494396
 0.000003738732
 0.000009943722
 0.000003213596
 0.000008802779
 0.000003466908
 0.000005816462
 0.000002759019
 0.000007891253
 0.000008737525
 0.000011587056
 0.000003124015
 0.000011650404
 0.000004419034
 0.000004951288
 0.000008995989
 0.000003645888
 0.000009416109
 0.000004056128
 0.000006515476
 0.000002350973
 0.000006762074
 0.000005833196
 0.000001923702
 0.000003753441
 0.000003035117
 0.000003122344
 0.000002652058
 0.000004488330
 0.000010540929
 0.000003892089
 0.000004358253
 0.000004604661
 0.000004650920
 0.000008677817
 0.000004422046
 0.000010657722
 0.000007218723
 0.000005866405
 0.000004179466
 0.000001405956
 0.000004443602
 0.000005757024
 0.000004402977
 0.000005500914
 0.000004629938
 0.000007331969
 0.000010841600
 0.000002441951
 0.000006846253
 0.000006822399
 0.000008595793
 0.000005782574
 0.000003261097
 0.000002880711
 0.000006841838
 0.000004765910
 0.000004574450
 0.000008265531
 0.000007293847
 0.000006094527
 0.000004168007
 0.000007153323
 0.000012070385
 0.000004257569
 0.000003760516
 0.000011857196
 0.000005186850
 0.000005211476
 0.000003402000
 0.000005655945
 0.000003633468
 0.000005976865
 0.000003489751
 0.000007145661
 0.000004752822
 0.000003575003
 0.000006586858
 0.000003896281
 0.000004345691
 0.000002304444
 0.000007725865
 0.000002069151
 0.000004319416
 0.000004967723
 0.000003939795
 0.000007114227
 0.000003183528
 0.000008189092
 0.000005904593
 0.000002711850
 0.000005715438
 0.000005706925
 0.000002770000
 0.000002870996
 0.000003946487
 0.000001888346
 0.000005019338
 0.000002754150
 0.000010488512
 0.000004147147
 0.000004086181
 0.000002606143
 0.000010987256
 0.000004937387
 0.000005594898
 0.000003826224
 0.000004932867
 0.000003592580
 0.000007518706
 0.000006582106
 0.000007398328
 0.000001718372
 0.000010803681
 0.000003735390
 0.000004660577
 0.000009194166
 0.000007521088
 0.000007644095
 0.000007105462
 0.000003006442
 0.000003674826
 0.000007533305
 0.000004945024
 0.000006756383
 0.000004170939
 0.000003251012
 0.000003480300
 0.000004243619
 0.000005573128
 0.000012874456
 0.000007847633
 0.000004009295
 0.000010173060
 0.000005458709
 0.000005561088
 0.000007678506
 0.000004807336
 0.000005456894
 0.000006327201
 0.000007625437
 0.000002084713
 0.000008805020
 0.000001726026
 0.000009351920
 0.000006113903
 0.000010341341
 0.000004761965
 0.000004162289
 0.000004842528
 0.000003802780
 0.000005406094
 0.000003653193
 0.000005450391
 0.000005397930
 0.000006873453
 0.000006689782
 0.000006716443
 0.000019844464
 0.000004277516
 0.000009096596
 0.000002629675
 0.000002594463
 0.000016391344
 0.000002225406
 0.000006896926
 0.000004070212
 0.000009467234
 0.000004995127
 0.000004917581
 0.000007162530
 0.000004074107
 0.000003341963
 0.000009638373
 0.000011790793
 0.000007774938
 0.000007903969
 0.000009284038
 0.000016248304
 0.000009444901
 0.000009581792
 0.000009174752
 0.000009752752
 0.000006372444
 0.000007591301
 0.000003943290
 0.000003917762
 0.000003558074
 0.000009308920
 0.000010070963
 0.000012184990
 0.000007205004
 0.000004414016
 0.000003459042
 0.000005204857
 0.000009101076
 0.000008751818
 0.000015633318
 0.000006157468
 0.000015211206
 0.000012481944
 0.000014019096
 0.000009621473
 0.000011038418
 0.000011486171
 0.000029769977
 0.000016757955
 0.000014758749
 0.000007674708
 0.000008452439
 0.000005959877
 0.000006557789
 0.000010979600
 0.000004948489
 0.000010226180
 0.000009919841
 0.000006342642
 0.000004833633
 0.000014398527
 0.000014288500
 0.000009642386
 0.000012306428
 0.000008603129
 0.000010216768
 0.000019215815
 0.000006950068
 0.000006726613
 0.000015872160
 0.000051572362
 0.000010083710
 0.000007090110
 0.000017308115
 0.000018193866
 0.000019264711
 0.000008032613
 0.000009746010
 0.000012426030
 0.000017090667
 0.000019993247
 0.000006548051
 0.000008988470
 0.000017191402
 0.000013528623
 0.000008205521
 0.000012583509
 0.000011160348
 0.000014920570
 0.000013857654
 0.000009684116
 0.000008481976
 0.000007309678
 0.000008842594
 0.000016276568
 0.000018926849
 0.000019174320
 0.000017088523
 0.000008918496
 0.000010182452
 0.000022546788
 0.000013191761
 0.000014104321
 0.000016114812
 0.000014355389
 0.000015845705
 0.000015432215
 0.000009493786
 0.000026998400
 0.000013854483
 0.000017980221
 0.000004771519
 0.000009445217
 0.000017004699
 0.000010735875
 0.000011095135
 0.000011237122
 0.000012691301
 0.000012812726
 0.000019950903
 0.000045339444
 0.000022053459
 0.000052230917
 0.000031137930
 0.000012978881
 0.000007946808
 0.000019261942
 0.000038632048
 0.000015244051
 0.000012783318
 0.000024231244
 0.000043440283
 0.000005209266
 0.000038178292
 0.000020941517
 0.000017584303
 0.000014850535
 0.000012290523
 0.000007593484
 0.000034288492
 0.000035001374
 0.000026210588
 0.000015628993
 0.000030851451
 0.000044803695
 0.000034220285
 0.000018184306
 0.000017082880
 0.000020620857
 0.000011191833
 0.000022964092
 0.000005825839
 0.000007570086
 0.000024266067
 0.000021428610
 0.000032699417
 0.000026045201
 0.000033769836
 0.000028240603
 0.000016865225
 0.000007347486
 0.000015330141
 0.000047648067
 0.000013510046
 0.000025363608
 0.000032144500
 0.000019288117
 0.000070063940
 0.000022266242
 0.000049474214
 0.000016869011
 0.000025666649
 0.000010643671
 0.000025492608
 0.000014229482
 0.000052586578
 0.000033484706
 0.000017250939
 0.000018535634
 0.000035625029
 0.000044630376
 0.000037127882
 0.000043449558
 0.000037243361
 0.000034950433
 0.000037000930
 0.000017431142
 0.000030696410
 0.000020504849
 0.000048352994
 0.000041321904
 0.000022689637
 0.000030679339
 0.000084292792
 0.000031420126
 0.000061566161
 0.000021914450
 0.000012826752
 0.000011989443
 0.000029327368
 0.000022793046
 0.000014859412
 0.000024408681
 0.000013360134
 0.000050610403
 0.000027980165
 0.000014779005
 0.000009740225
 0.000015697441
 0.000018692685
 0.000014312389
 0.000028785124
 0.000012618762
 0.000007627173
 0.000025391651
 0.000040380805
 0.000028877486
 0.000038042443
 0.000013951530
 0.000031075089
 0.000046659923
 0.000010589016
 0.000015110019
 0.000010627602
 0.000007309309
 0.000013060967
 0.000016055770
 0.000013759313
 0.000012568354
 0.000010824813
 0.000018833596
 0.000014041937
 0.000006546228
 0.000009216083
 0.000011227377
 0.000019802448
 0.000014549664
 0.000029354794
 0.000010027635
 0.000006717162
 0.000011221470
 0.000014175179
 0.000015605687
 0.000009004571
 0.000004536915
 0.000010578506
 0.000004141656
 0.000009538840
 0.000009852626
 0.000013407704
 0.000011394226
 0.000007007976
 0.000011532756
 0.000008858439
 0.000006823815
 0.000007387492
 0.000006190102
 0.000005520125
 0.000013186084
 0.000009456120
 0.000007188875
 0.000007984781
 0.000004858328
 0.000009454019
 0.000015853982
 0.000005799953
 0.000011083669
 0.000012385435
 0.000009335365
 0.000002413338
 0.000007745853
 0.000004040618
 0.000005408462
 0.000006440431
 0.000017441636
 0.000024848620
 0.000008457013
 0.000016845573
 0.000006947004
 0.000006109804
 0.000007935116
 0.000009587422
 0.000009929694
 0.000003411572
 0.000023226632
 0.000003124974
 0.000008084327
 0.000007509272
 0.000005594938
 0.000006088077
 0.000010993373
 0.000007290942
 0.000007600269
 0.000004746493
 0.000009902161
 0.000011545143
 0.000013912835
 0.000013662728
 0.000008968871
 0.000006676607
 0.000009057488
 0.000007968964
 0.000006779581
 0.000007332149
 0.000005789072
 0.000011311605
 0.000011711385
 0.000006050449
 0.000007072730
 0.000003888427
 0.000009249781
 0.000019714172
 0.000033857788
 0.000021822931
 0.000019790682
 0.000013208651
 0.000012233156
 0.000008894734
 0.000013496463
 0.000018298264
 0.000007533924
 0.000005428962
 0.000009461891
 0.000008186034
 0.000010513455
 0.000010859322
 0.000011273341
 0.000029344257
 0.000016085524
 0.000044094105
 0.000017528438
 0.000016382612
 0.000016189813
 0.000012488884
 0.000017234474
 0.000009456080
 0.000014268286
 0.000014034355
 0.000009661048
 0.000008374024
 0.000012094258
 0.000015855964
 0.000007514589
 0.000004545120
 0.000008098379
 0.000016677682
 0.000008165187
 0.000007744481
 0.000006701035
 0.000011775727
 0.000020326443
 0.000008578096
 0.000017727678
 0.000011427988
 0.000004394871
 0.000011007421
 0.000008005911
 0.000008129514
 0.000019605507
 0.000013482191
 0.000008661167
 0.000010197297
 0.000010154254
 0.000006438574
 0.000009965381
 0.000010498366
 0.000016537935
 0.000010284198
 0.000010129433
 0.000020579448
 0.000018898163
 0.000010962171
 0.000011761211
 0.000012351889
 0.000024590638
 0.000023967346
 0.000019203516
 0.000024388850
 0.000022699764
 0.000032688110
 0.000071372009
 0.000030902184
 0.000028971429
 0.000037226310
 0.000069512150
 0.000012252324
 0.000023277737
 0.000071181436
 0.000034953016
 0.000045137238
 0.000026432925
 0.000022483051
 0.000062481552
 0.000038359788
 0.000025467833
 0.000020297243
 0.000023240572
 0.000078931260
 0.000029032444
 0.000062502805
 0.000028648813
 0.000020189781
 0.000037876541
 0.000018483043
 0.000040501579
 0.000058232814
 0.000023248360
 0.000053690540
 0.000034011689
 0.000023679039
 0.000054376734
 0.000014964911
 0.000020159982
 0.000025540929
 0.000023659704
 0.000016356180
 0.000023645410
 0.000011605279
 0.000028321806
 0.000017187001
 0.000026274675
 0.000019698081
 0.000032708480
 0.000021265864
 0.000009793799
 0.000036096129
 0.000017176045
 0.000010927215
 0.000034856302
 0.000034668642
 0.000018329704
 0.000036789438
 0.000031879258
 0.000038745977
 0.000023477458
 0.000015432706
 0.000025131392
 0.000039621338
 0.000056839702
 0.000023747167
 0.000036813032
 0.000040121969
 0.000026624126
 0.000027244991
 0.000046833093
 0.000030268068
 0.000014746639
 0.000033921626
 0.000062716529
 0.000008319616
 0.000068522217
 0.000049979870
 0.000122298927
 0.000090522027
 0.000046171093
 0.000036087440
 0.000033017727
 0.000065545493
 0.000057183363
 0.000056803454
 0.000052213200
 0.000044279472
 0.000099980524
 0.000046424207
 0.000020056081
 0.000025716145
 0.000023927885
 0.000013430616
 0.000039473917
 0.000017821531
 0.000024060772
 0.000022922787
 0.000036036303
 0.000035653800
 0.000018884941
 0.000009354204
 0.000012160770
 0.000006737589
 0.000020106439
 0.000009578573
 0.000012706895
 0.000017053378
 0.000010106896
 0.000010582963
 0.000021286322
 0.000018277382
 0.000017607450
 0.000007618449
 0.000020634717
 0.000023373720
 0.000026887303
 0.000017281361
 0.000044549275
 0.000011144151
 0.000036859920
 0.000012926513
 0.000007113138
 0.000010721860
 0.000016507988
 0.000005672711
 0.000028123284
 0.000007990679
 0.000027569424
 0.000015120207
 0.000013333042
 0.000015574242
 0.000021419478
 0.000039403385
 0.000007473647
 0.000013467358
 0.000013344573
 0.000059998621
 0.000013143596
 0.000014169986
 0.000018049212
 0.000044075811
 0.000076424501
 0.000058930938
 0.000029873252
 0.000061715549
 0.000018326839
 0.000026397514
 0.000020767469
 0.000020767790
 0.000021000832
 0.000017742833
 0.000029539537
 0.000028324371
 0.000034124714
 0.000040224359
 0.000023561329
 0.000024191875
 0.000022003560
 0.000018133078
 0.000012682914
 0.000015887827
 0.000013727086
 0.000019084992
 0.000032373182
 0.000025116137
 0.000018083386
 0.000018912551
 0.000014182783
 0.000015094092
 0.000032061422
 0.000018723995
 0.000010174745
 0.000028059692
 0.000010267673
 0.000008689169
 0.000016159701
 0.000015937316
 0.000023544350
 0.000041814788
 0.000050292991
 0.000018539789
 0.000015183612
 0.000008464247
 0.000013150340
 0.000007760626
 0.000012748200
 0.000011513478
 0.000009626528
 0.000011602253
 0.000010028453
 0.000006764840
 0.000004636636
 0.000004084411
 0.000008321623
 0.000009949351
 0.000010697987
 0.000023670489
 0.000004614427
 0.000006601037
 0.000005650752
 0.000016327425
 0.000027145073
 0.000015665812
 0.000020283221
 0.000007261741
 0.000022101249
 0.000024944454
 0.000032982656
 0.000018240283
 0.000030975452
 0.000031009544
 0.000029546430
 0.000051364092
 0.000024772400
 0.000030240286
 0.000013539562
 0.000018805251
 0.000020238657
 0.000038134117
 0.000099543407
 0.000039355481
 0.000013476346
 0.000027283532
 0.000013763640
 0.000009210676
 0.000006921819
 0.000018989548
 0.000018976627
 0.000028641098
 0.000054567217
 0.000033465238
 0.000022608755
 0.000037962416
 0.000034943355
 0.000058462467
 0.000039725993
 0.000053464472
 0.000081961769
 0.000013967049
 0.000027834368
 0.000022301140
 0.000022509214
 0.000049448735
 0.000052186774
 0.000050603365
 0.000035056693
 0.000016417309
 0.000020817548
 0.000015857181
 0.000009801203
 0.000017802360
 0.000014529950
 0.000022547603
 0.000013521459
 0.000057427649
 0.000022616018
 0.000016522461
 0.000016057207
 0.000018142195
 0.000010811180
 0.000019445233
 0.000017774320
 0.000013081856
 0.000031410807
 0.000017831845
 0.000058567163
 0.000064684429
 0.000053639343
 0.000036846001
 0.000018226789
 0.000049113286
 0.000006584531
 0.000004345202
 0.000012184956
 0.000010519600
 0.000012477055
 0.000021096037
 0.000017532069
 0.000006898668
 0.000010654328
 0.000020683437
 0.000011356756
 0.000041622413
 0.000013849524
 0.000021417693
 0.000009582692
 0.000014948539
 0.000016817809
 0.000022909644
 0.000013651504
 0.000016491043
 0.000022577229
 0.000027365907
 0.000049398423
 0.000014950057
 0.000008473547
 0.000044428289
 0.000028567326
 0.000031341688
 0.000017406402
 0.000010742011
 0.000032675378
 0.000012046418
 0.000017058624
 0.000015466422
 0.000008921364
 0.000007610311
 0.000019726456
 0.000015754006
 0.000023396123
 0.000017936745
 0.000042672915
 0.000026297151
 0.000043228700
 0.000040687512
 0.000008463994
 0.000010505365
 0.000027312515
 0.000021078995
 0.000008117641
 0.000005340883
 0.000008228454
 0.000008765508
 0.000010820915
 0.000020320970
 0.000025481305
 0.000019648426
 0.000022542186
 0.000018439791
 0.000017517036
 0.000007554571
 0.000023981299
 0.000016516717
 0.000012794933
 0.000014268238
 0.000009427958
 0.000006641479
 0.000005597131
 0.000016071238
 0.000009334474
 0.000016406804
 0.000006099516
 0.000038723435
 0.000057090611
 0.000035551355
 0.000032231298
 0.000019586017
 0.000011181500
 0.000012010020
 0.000010539585
 0.000020786821
 0.000028391293
 0.000022767882
 0.000046807595
 0.000013438773
 0.000033648558
 0.000024299194
 0.000044540065
 0.000012376026
 0.000022539626
 0.000012832507
 0.000031917579
 0.000025109063
 0.000016030170
 0.000010767608
 0.000048885752
 0.000039090683
 0.000019100670
 0.000035334985
 0.000027824584
 0.000028818891
 0.000017227133
 0.000023749208
 0.000013977001
 0.000013107671
 0.000030559593
 0.000046583021
 0.000068416920
 0.000028034200
 0.000072858647
 0.000046913379
 0.000023975513
 0.000025809239
 0.000052520615
 0.000029699749
 0.000034554978
 0.000033581907
 0.000037711690
 0.000080265062
 0.000069897478
 0.000051307400
 0.000021980376
 0.000020483546
 0.000076668647
 0.000050213892
 0.000039064153
 0.000033545127
 0.000015037803
 0.000034017549
 0.000036699568
 0.000006786410
 0.000011526750
 0.000017720495
 0.000038621858
 0.000016618487
 0.000044950442
 0.000022321940
 0.000019244216
 0.000038341983
 0.000051648003
 0.000019768499
 0.000014091917
 0.000012202461
 0.000016464181
 0.000027902856
 0.000036997455
 0.000038619683
 0.000006951743
 0.000025155587
 0.000016604979
 0.000015171773
 0.000035423111
 0.000029135169
 0.000011933277
 0.000007642703
 0.000009965558
 0.000018141051
 0.000013855340
 0.000015485287
 0.000027281605
 0.000010736073
 0.000012140727
 0.000006675045
 0.000009361142
 0.000027826830
 0.000014658834
 0.000028806253
 0.000024384864
 0.000016209293
 0.000020272677
 0.000017229562
 0.000008401452
 0.000017002095
 0.000022613438
 0.000007153845
 0.000009560415
 0.000012260234
 0.000004705992
 0.000016867679
 0.000023866085
 0.000009107656
 0.000015721033
 0.000012313008
 0.000013414956
 0.000006992028
 0.000019483271
 0.000008803939
 0.000007930209
 0.000013367154
 0.000035179765
 0.000039491366
 0.000117180246
 0.000046917905
 0.000025652428
 0.000022696688
 0.000035202569
 0.000039190015
 0.000034957409
 0.000036222820
 0.000098312451
 0.000034475338
 0.000029726569
 0.000011271489
 0.000021964181
 0.000020548506
 0.000016228913
 0.000033629999
 0.000016712646
 0.000043842624
 0.000014642014
 0.000017613353
 0.000028343744
 0.000030213748
 0.000032090639
 0.000019445790
 0.000027379519
 0.000062812177
 0.000058770819
 0.000051944400
 0.000016331663
 0.000026046228
 0.000014788438
 0.000032561365
 0.000082292717
 0.000060590297
 0.000017445195
 0.000052009191
 0.000028501150
 0.000033738361
 0.000018716950
 0.000021498390
 0.000014155849
 0.000009526593
 0.000009316927
 0.000012294329
 0.000006007313
 0.000007041112
 0.000019035557
 0.000022271966
 0.000048745876
 0.000025005444
 0.000010209764
 0.000009542576
 0.000013628628
 0.000012677258
 0.000007635334
 0.000011323451
 0.000010049194
 0.000010849038
 0.000009222371
 0.000023258545
 0.000010203933
 0.000021492007
 0.000027372973
 0.000015807277
 0.000021918030
 0.000035463833
 0.000050554583
 0.000079960488
 0.000046623304
 0.000044974087
 0.000020867028
 0.000026382070
 0.000015824965
 0.000005784377
 0.000008343468
 0.000060455584
 0.000047471285
 0.000032287143
 0.000019837751
 0.000033879725
 0.000048005454
 0.000042791456
 0.000023031972
 0.000032332401
 0.000029339668
 0.000028926117
 0.000049419993
 0.000043328334
 0.000019557578
 0.000016525922
 0.000042229650
 0.000010660192
 0.000018146483
 0.000007759968
 0.000010939531
 0.000016008170
 0.000015673877
 0.000020717167
 0.000020055066
 0.000010275248
 0.000010526315
 0.000018297446
 0.000027386919
 0.000017495812
 0.000018125626
 0.000013956964
 0.000017796902
 0.000026559096
 0.000014682847
 0.000023298487
 0.000013797682
 0.000010683479
 0.000022319761
 0.000014299380
 0.000012362763
 0.000021477920
 0.000009357251
 0.000014540564
 0.000027695040
 0.000020665955
 0.000011872591
 0.000030184548
 0.000019637255
 0.000024703103
 0.000013075092
 0.000017668932
 0.000021957120
 0.000015522986
 0.000020792430
 0.000048685101
 0.000044638950
 0.000062824454
 0.000043065729
 0.000098648845
 0.000067700761
 0.000023522892
 0.000036277407
 0.000007998824
 0.000017338621
 0.000018205141
 0.000026826804
 0.000025523222
 0.000027384210
 0.000044594340
 0.000071069209
 0.000055508581
 0.000031443037
 0.000046928199
 0.000038534005
 0.000008456633
 0.000012946238
 0.000024627872
 0.000010556570
 0.000021131072
 0.000010548497
 0.000017727421
 0.000013066946
 0.000015903688
 0.000020855395
 0.000010724204
 0.000011321301
 0.000015553363
 0.000011416387
 0.000014008044
 0.000035697090
 0.000034972213
 0.000011330217
 0.000023221444
 0.000011942447
 0.000022980520
 0.000010929100
 0.000034000799
 0.000014625782
 0.000026204591
 0.000028259803
 0.000008828399
 0.000018534045
 0.000008484772
 0.000017522102
 0.000009184869
 0.000011333008
 0.000019728432
 0.000013899988
 0.000058772083
 0.000007238943
 0.000007347666
 0.000022056272
 0.000010350133
 0.000009242431
 0.000007850976
 0.000012105626
 0.000008757065
 0.000013856720
 0.000023764254
 0.000020883345
 0.000014541188
 0.000014536035
 0.000030703801
 0.000011726297
 0.000018156834
 0.000055288566
 0.000009898265
 0.000015076360
 0.000029529719
 0.000004669036
 0.000007305814
 0.000009165973
 0.000014128854
 0.000011793055
 0.000013307927
 0.000005221004
 0.000010855078
 0.000012043473
 0.000008649300
 0.000019375462
 0.000034884695
 0.000019569732
 0.000006541085
 0.000004936931
 0.000013495308
 0.000008902546
 0.000005006713
 0.000003879939
 0.000016488291
 0.000014533428
 0.000029271510
 0.000023059689
 0.000015552995
 0.000017092932
 0.000009992691
 0.000018305856
 0.000005437603
 0.000035199588
 0.000016182821
 0.000033134341
 0.000031943650
 0.000030460546
 0.000016509168
 0.000019286486
 0.000012234176
 0.000007920893
 0.000029082844
 0.000014976083
 0.000014306666
 0.000015472125
 0.000017631760
 0.000018151472
 0.000008142128
 0.000028013364
 0.000028556869
 0.000015787289
 0.000011050506
 0.000012775192
 0.000008925607
 0.000011687717
 0.000014009990
 0.000030459610
 0.000013951858
 0.000009588152
 0.000014416058
 0.000008840186
 0.000021916615
 0.000007762427
 0.000024092633
 0.000013523423
 0.000011506600
 0.000027417478
 0.000005713345
 0.000015419409
 0.000010795236
 0.000010601599
 0.000003281016
 0.000008085464
 0.000005969305
 0.000010611136
 0.000014874217
 0.000021199025
 0.000007313645
 0.000007967582
 0.000016801612
 0.000010959788
 0.000032596766
 0.000012801110
 0.000018426901
 0.000011525409
 0.000006502153
 0.000007314902
 0.000003909770
 0.000004308769
 0.000007847797
 0.000005539982
 0.000011277033
 0.000009559396
 0.000007500204
 0.000009814586
 0.000020445372
 0.000013983581
 0.000008593206
 0.000005388411
 0.000012556381
 0.000005387477
 0.000010861577
 0.000012068270
 0.000005435963
 0.000011358757
 0.000007048392
 0.000006519166
 0.000008146835
 0.000003985067
 0.000003853947
 0.000006879739
 0.000006457397
 0.000013478462
 0.000005789793
 0.000027029858
 0.000010924774
 0.000010699917
 0.000011127416
 0.000007855549
 0.000007234312
 0.000012394465
 0.000020355812
 0.000011707321
 0.000012664752
 0.000005264839
 0.000005683092
 0.000005487844
 0.000022568338
 0.000016392289
 0.000006531394
 0.000007145906
 0.000033372286
 0.000004568052
 0.000011745142
 0.000002739977
 0.000009724132
 0.000003632996
 0.000008144728
 0.000008171221
 0.000015842891
 0.000004807696
 0.000019396769
 0.000010884516
 0.000014464717
 0.000006102069
 0.000020333733
 0.000037336438
 0.000016987675
 0.000031177496
 0.000006659331
 0.000023872918
 0.000008171068
 0.000008726092
 0.000015286924
 0.000039897959
 0.000020575885
 0.000009191605
 0.000009233729
 0.000006744888
 0.000020263509
 0.000011268124
 0.000007356603
 0.000009336345
 0.000009827573
 0.000010011519
 0.000010104346
 0.000004137816
 0.000003427216
 0.000003499158
 0.000007061813
 0.000007292287
 0.000004920113
 0.000003658608
 0.000009736201
 0.000008058671
 0.000013169992
 0.000009159327
 0.000018639912
 0.000008249930
 0.000020090819
 0.000007411884
 0.000037747748
 0.000053187149
 0.000005950348
 0.000004681009
 0.000002023914
 0.000005384612
 0.000007736728
 0.000009879864
 0.000011623770
 0.000011281742
 0.000007152046
 0.000009377128
 0.000012305852
 0.000005588540
 0.000012314315
 0.000015374206
 0.000010882711
 0.000015599633
 0.000005690751
 0.000039936116
 0.000016792229
 0.000018119713
 0.000018115294
 0.000028258440
 0.000024177750
 0.000057952178
 0.000032470293
 0.000043615523
 0.000030292326
 0.000027003206
 0.000017084050
 0.000013534026
 0.000016139223
 0.000036965566
 0.000010392894
 0.000020859247
 0.000020775441
 0.000018132557
 0.000021665721
 0.000042469833
 0.000024541882
 0.000021940085
 0.000046844660
 0.000023215413
 0.000018913277
 0.000063790461
 0.000023870746
 0.000049690692
 0.000016139661
 0.000084361122
 0.000055082744
 0.000015809378
 0.000011794099
 0.000041052560
 0.000060429963
 0.000026526660
 0.000044494518
 0.000043441281
 0.000017349374
 0.000042635988
 0.000093336208
 0.000029735767
 0.000015983109
 0.000076240930
 0.000050468461
 0.000044890261
 0.000037544006
 0.000011879028
 0.000013282653
 0.000027200752
 0.000025287548
 0.000028784623
 0.000025257009
 0.000023224230
 0.000023408210
 0.000015799202
 0.000033943270
 0.000015402988
 0.000011983347
 0.000043029156
 0.000031134621
 0.000025684147
 0.000016138804
 0.000028796913
 0.000019840639
 0.000052375586
 0.000018835052
 0.000026639738
 0.000008497452
 0.000024013570
 0.000018906267
 0.000039238429
 0.000027278306
 0.000019822869
 0.000027065989
 0.000020012357
 0.000037069290
 0.000022917650
 0.000016335843
 0.000019233796
 0.000021555197
 0.000035636545
 0.000059569646
 0.000015694926
 0.000052056880
 0.000040488631
 0.000020896833
 0.000022212109
 0.000034815476
 0.000021532866
 0.000039528000
 0.000083612976
 0.000021348130
 0.000022719541
 0.000078705395
 0.000040287824
 0.000084002366
 0.000026566542
 0.000033445502
 0.000078375040
 0.000035948189
 0.000093508934
 0.000042658538
 0.000021399248
 0.000051363276
 0.000022787691
 0.000037501750
 0.000081850151
 0.000056424895
 0.000056788037
 0.000022734537
 0.000028255744
 0.000019671100
 0.000040466474
 0.000071815187
 0.000023086554
 0.000031446145
 0.000025559841
 0.000026697075
 0.000038397441
 0.000045790346
 0.000034211142
 0.000030956151
 0.000040545658
 0.000028631978
 0.000019373979
 0.000024967677
 0.000025295012
 0.000024551925
 0.000033819241
 0.000030451769
 0.000071218387
 0.000013739209
 0.000019588613
 0.000016797734
 0.000024898333
 0.000025183520
 0.000039039439
 0.000048103548
 0.000025282463
 0.000034931510
 0.000044689496
 0.000112614792
 0.000021897054
 0.000036505479
 0.000031679321
 0.000016389377
 0.000051776490
 0.000020796248
 0.000022545746
 0.000021454984
 0.000013771327
 0.000024993546
 0.000013458921
 0.000015839939
 0.000019471037
 0.000020150525
 0.000011981807
 0.000013990950
 0.000014624644
 0.000010430333
 0.000015767798
 0.000019375632
 0.000015892814
 0.000009788085
 0.000012005390
 0.000010896892
 0.000013451577
 0.000015579476
 0.000020252719
 0.000018644246
 0.000024898776
 0.000019494956
 0.000036285288
 0.000032468572
 0.000017161672
 0.000044660997
 0.000016081838
 0.000027907792
 0.000018432880
 0.000014258106
 0.000019664716
 0.000013170393
 0.000020885900
 0.000026979208
 0.000030052083
 0.000019428481
 0.000017207085
 0.000013099548
 0.000046239397
 0.000019893527
 0.000019365566
 0.000031730874
 0.000020753353
 0.000043815513
 0.000031875818
 0.000040602925
 0.000024149552
 0.000029160161
 0.000075300371
 0.000027184596
 0.000022061215
 0.000028737036
 0.000041989551
 0.000060570702
 0.000047305082
 0.000034641071
 0.000038017813
 0.000023101923
 0.000024718246
 0.000017565119
 0.000032693370
 0.000040972507
 0.000022611453
 0.000027774919
 0.000044044292
 0.000037349135
 0.000014910070
 0.000007247160
 0.000020006773
 0.000021794800
 0.000018608105
 0.000015504804
 0.000040743111
 0.000022339309
 0.000023640380
 0.000013350209
 0.000030181967
 0.000023794425
 0.000031959495
 0.000019229988
 0.000036751169
 0.000031188208
 0.000015338827
 0.000015410476
 0.000056088182
 0.000041642044
 0.000014354097
 0.000006482902
 0.000014638242
 0.000011994320
 0.000009164057
 0.000037357096
 0.000028255473
 0.000010457802
 0.000008221065
 0.000026586344
 0.000014411848
 0.000012223044
 0.000003629706
 0.000006183197
 0.000019115140
 0.000011270133
 0.000005592026
 0.000005284982
 0.000006648434
 0.000011974467
 0.000014626028
 0.000004771816
 0.000003520921
 0.000003510346
 0.000004582520
 0.000002480993
 0.000002395746
 0.000004973056
 0.000005260500
 0.000008854479
 0.000014714997
 0.000007651557
 0.000015183202
 0.000016478244
 0.000010760342
 0.000008361661
 0.000024623702
 0.000016849592
 0.000010943789
 0.000021745763
 0.000015736269
 0.000016323463
 0.000030576333
 0.000007772000
 0.000011245565
 0.000010373226
 0.000029194823
 0.000007532825
 0.000016586262
 0.000015876667
 0.000003782342
 0.000014830304
 0.000018138774
 0.000029822586
 0.000025709935
 0.000030461895
 0.000008960349
 0.000013116667
 0.000007941248
 0.000012707161
 0.000009383650
 0.000005362724
 0.000009013096
 0.000008413774
 0.000028520097
 0.000019098771
 0.000020566849
 0.000026159327
 0.000009408466
 0.000015270366
 0.000011028104
 0.000015219758
 0.000025787207
 0.000031405564
 0.000011314242
 0.000017528507
 0.000032438243
 0.000030085164
 0.000030184921
 0.000014995363
 0.000023358968
 0.000010088534
 0.000018780969
 0.000013417262
 0.000005803846
 0.000015622097
 0.000015034865
 0.000007451049
 0.000012134086
 0.000004845080
 0.000004183690
 0.000005851458
 0.000008630937
 0.000017287298
 0.000006640055
 0.000019916615
 0.000009712738
 0.000012403023
 0.000006463168
 0.000004104686
 0.000009778982
 0.000005487937
 0.000009455439
 0.000007308405
 0.000033076516
 0.000025699924
 0.000014596290
 0.000008204826
 0.000007821479
 0.000017082677
 0.000013696169
 0.000011768965
 0.000006410108
 0.000009235418
 0.000010868951
 0.000006775449
 0.000008263977
 0.000005540117
 0.000007452801
 0.000004958562
 0.000008463875
 0.000011460400
 0.000009007197
 0.000003874568
 0.000011207613
 0.000005367394
 0.000021453179
 0.000022974034
 0.000010741686
 0.000004469691
 0.000008814031
 0.000002746449
 0.000004106495
 0.000008308565
 0.000006209829
 0.000004621933
 0.000007122565
 0.000008755755
 0.000004072670
 0.000004569415
 0.000007779919
 0.000018470274
 0.000011234086
 0.000007549026
 0.000008040091
 0.000005428935
 0.000009068965
 0.000011943361
 0.000008905832
 0.000011628274
 0.000007953753
 0.000004329325
 0.000004802215
 0.000007512320
 0.000011004185
 0.000027507212
 0.000008845449
 0.000006332413
 0.000007999634
 0.000012827245
 0.000018910265
 0.000019404291
 0.000006909936
 0.000014622564
 0.000016371420
 0.000023045584
 0.000040145811
 0.000024509983
 0.000023615669
 0.000020789673
 0.000030846401
 0.000008079636
 0.000025426482
 0.000010217005
 0.000008911084
 0.000017655371
 0.000005566034
 0.000005274367
 0.000006934207
 0.000023723660
 0.000005047999
 0.000021897715
 0.000011626135
 0.000010055986
 0.000007979446
 0.000011294692
 0.000009550043
 0.000005368261
 0.000013552276
 0.000009091633
 0.000012014756
 0.000021083778
 0.000027137803
 0.000010257788
 0.000016643760
 0.000013046469
 0.000002063275
 0.000010457048
 0.000005785190
 0.000033443610
 0.000013352178
 0.000033322032
 0.000013358311
 0.000017622064
 0.000011453993
 0.000007164300
 0.000006022651
 0.000012920551
 0.000013163212
 0.000007248625
 0.000020245996
 0.000010263512
 0.000012687912
 0.000014027927
 0.000010647296
 0.000012299070
 0.000008406690
 0.000002500686
 0.000008522972
 0.000005826686
 0.000010168400
 0.000008137594
 0.000006303413
 0.000007664261
 0.000007993405
 0.000004482512
 0.000008203872
 0.000006649478
 0.000004298847
 0.000004274356
 0.000004789769
 0.000002781181
 0.000019762202
 0.000006626543
 0.000006005809
 0.000007030963
 0.000009412069
 0.000005103576
 0.000009682829
 0.000003104208
 0.000005422230
 0.000009283865
 0.000014957148
 0.000021801356
 0.000042730206
 0.000012289179
 0.000016155369
 0.000013105769
 0.000022134216
 0.000008140306
 0.000011842401
 0.000023325465
 0.000011642185
 0.000011178727
 0.000009942302
 0.000011781098
 0.000015571176
 0.000054553743
 0.000050565987
 0.000020483871
 0.000003403638
 0.000013982977
 0.000004496270
 0.000005725938
 0.000016391314
 0.000007729647
 0.000008437787
 0.000005683753
 0.000011502772
 0.000011219790
 0.000011468165
 0.000014140076
 0.000014822290
 0.000012474611
 0.000012080718
 0.000027941115
 0.000022083002
 0.000033425613
 0.000017236848
 0.000021280437
 0.000020795908
 0.000008685602
 0.000010988156
 0.000026400442
 0.000010080134
 0.000013591793
 0.000013090894
 0.000012955614
 0.000009474201
 0.000009101316
 0.000015268192
 0.000009111185
 0.000029700631
 0.000014471505
 0.000014189692
 0.000005005463
 0.000006713161
 0.000007060286
 0.000014385859
 0.000005478233
 0.000008265911
 0.000017169363
 0.000014955902
 0.000006421725
 0.000007684060
 0.000007607004
 0.000009733105
 0.000018235312
 0.000004825372
 0.000003529510
 0.000022330945
 0.000013002207
 0.000008789298
 0.000020833656
 0.000013139499
 0.000005154860
 0.000006375701
 0.000009581330
 0.000011032350
 0.000006314899
 0.000007209548
 0.000004812790
 0.000011760124
 0.000018638154
 0.000008989041
 0.000012689332
 0.000008668958
 0.000004575582
 0.000011711038
 0.000014957131
 0.000013870549
 0.000010588715
 0.000006541137
 0.000004421328
 0.000011806387
 0.000005624110
 0.000003253869
 0.000006867948
 0.000008368417
 0.000004658203
 0.000006455562
 0.000010167096
 0.000008738695
 0.000006194220
 0.000008560534
 0.000011065306
 0.000006572237
 0.000003880857
 0.000009151944
 0.000005600185
 0.000003519472
 0.000011526658
 0.000003998085
 0.000006857125
 0.000007652039
 0.000005074398
 0.000007081674
 0.000008825685
 0.000007230615
 0.000006520017
 0.000011612704
 0.000007707702
 0.000008104873
 0.000005187932
 0.000010443506
 0.000003757557
 0.000016149075
 0.000014589131
 0.000008998733
 0.000007722222
 0.000006245404
 0.000008331120
 0.000007387179
 0.000005095881
 0.000005958346
 0.000007496864
 0.000007559431
 0.000017449649
 0.000009783037
 0.000012487646
 0.000008357753
 0.000013943994
 0.000004491893
 0.000007561735
 0.000004037506
 0.000006151733
 0.000010625623
 0.000006236467
 0.000015517364
 0.000006811858
 0.000007475039
 0.000008264528
 0.000005921661
 0.000002826770
 0.000017912430
 0.000013313251
 0.000017956526
 0.000025382431
 0.000013301429
 0.000016245637
 0.000006758775
 0.000003080942
 0.000007748086
 0.000003779719
 0.000004764979
 0.000004707329
 0.000021655442
 0.000016125315
 0.000003545946
 0.000006742462
 0.000004322164
 0.000006901323
 0.000008003743
 0.000001346009
 0.000005237347
 0.000003392838
 0.000002149822
 0.000002125237
 0.000005582908
 0.000005432676
 0.000004895985
 0.000005467495
 0.000009178965
 0.000005924192
 0.000004754566
 0.000006697964
 0.000006491209
 0.000008263633
 0.000013201441
 0.000015430481
 0.000004094559
 0.000003411534
 0.000004863897
 0.000002801424
 0.000007778261
 0.000004964972
 0.000008557391
 0.000011853266
 0.000004052927
 0.000007860204
 0.000009625359
 0.000007535379
 0.000026243348
 0.000004026855
 0.000007047922
 0.000007176161
 0.000031814168
 0.000009144794
 0.000011971900
 0.000009013586
 0.000017258997
 0.000006259680
 0.000005456092
 0.000005987198
 0.000006278561
 0.000004445271
 0.000008655731
 0.000013492877
 0.000011330574
 0.000028745976
 0.000016116827
 0.000011796653
 0.000015359131
 0.000024879221
 0.000015646381
 0.000012308152
 0.000006064364
 0.000014858225
 0.000014178651
 0.000012040615
 0.000007137612
 0.000003774840
 0.000012058653
 0.000006587473
 0.000007305210
 0.000006617529
 0.000004673540
 0.000006826217
 0.000008821008
 0.000013320316
 0.000008262171
 0.000019157978
 0.000008466504
 0.000012920685
 0.000009982423
 0.000019934035
 0.000008791765
 0.000009494696
 0.000004587522
 0.000010814806
 0.000003640798
 0.000002483559
 0.000007142626
 0.000009381218
 0.000010791570
 0.000005490887
 0.000017275563
 0.000021373717
 0.000018482274
 0.000012246247
 0.000018333372
 0.000008277159
 0.000006112720
 0.000010363181
 0.000012738862
 0.000013100447
 0.000017717084
 0.000017551870
 0.000015588910
 0.000016546972
 0.000006356857
 0.000010292133
 0.000010548700
 0.000014709674
 0.000009332341
 0.000033882678
 0.000011545037
 0.000017108836
 0.000010501722
 0.000009945381
 0.000011622676
 0.000007362756
 0.000013603789
 0.000012091493
 0.000004288436
 0.000014503500
 0.000013589545
 0.000013931857
 0.000015315794
 0.000008858288
 0.000021337168
 0.000010906108
 0.000015973553
 0.000006377325
 0.000021591992
 0.000011954672
 0.000020262524
 0.000014565506
 0.000005981531
 0.000004877994
 0.000005876616
 0.000010519615
 0.000005496977
 0.000015625906
 0.000016370686
 0.000019308334
 0.000019923782
 0.000047481910
 0.000016840779
 0.000013973871
 0.000006300996
 0.000019984904
 0.000022003796
 0.000013851799
 0.000017193377
 0.000006959635
 0.000015686176
 0.000016383941
 0.000012288517
 0.000011224150
 0.000012938209
 0.000012181431
 0.000007609526
 0.000011077240
 0.000032078425
 0.000009412670
 0.000007145347
 0.000014688019
 0.000006401872
 0.000007530840
 0.000006379290
 0.000006864893
 0.000007858900
 0.000005760307
 0.000010225381
 0.000009594884
 0.000006144632
 0.000011006695
 0.000004748114
 0.000008644704
 0.000012352107
 0.000011520938
 0.000018222548
 0.000014904824
 0.000007905468
 0.000011296831
 0.000014824099
 0.000005653926
 0.000005634058
 0.000007082421
 0.000009090581
 0.000005638344
 0.000004953272
 0.000009491416
 0.000017224635
 0.000003571929
 0.000020545041
 0.000008825561
 0.000004859321
 0.000004792393
 0.000009003634
 0.000007576117
 0.000012337339
 0.000008890658
 0.000003543599
 0.000015981013
 0.000008522595
 0.000002799316
 0.000002939548
 0.000019483094
 0.000005904206
 0.000001790905
 0.000002875205
 0.000002437025
 0.000008654155
 0.000005546486
 0.000003042381
 0.000002212797
 0.000004323984
 0.000002055622
 0.000001694040
 0.000003549225
 0.000005493726
 0.000004823993
 0.000008055277
 0.000005953463
 0.000005929841
 0.000003415909
 0.000005301241
 0.000003631795
 0.000005007851
 0.000006924483
 0.000002637691
 0.000003412782
 0.000004205710
 0.000004431191
 0.000005707068
 0.000013562205
 0.000011247248
 0.000012947595
 0.000015116727
 0.000004264441
 0.000011287111
 0.000005397252
 0.000007437860
 0.000002496857
 0.000005691827
 0.000007712194
 0.000002639500
 0.000012308015
 0.000002571606
 0.000002734866
 0.000002696235
 0.000003117812
 0.000004260496
 0.000006197247
 0.000007534630
 0.000005249194
 0.000005590225
 0.000003794898
 0.000004672614
 0.000007192892
 0.000003037166
 0.000003569478
 0.000006542933
 0.000008251226
 0.000003168805
 0.000003160527
 0.000004219400
 0.000001777128
 0.000004149940
 0.000003134115
 0.000004970374
 0.000007248963
 0.000006633795
 0.000014297894
 0.000007048168
 0.000004900649
 0.000005774502
 0.000007947209
 0.000004997124
 0.000013490877
 0.000004258790
 0.000006513863
 0.000004827617
 0.000004712546
 0.000007524598
 0.000009330574
 0.000010434578
 0.000006494407
 0.000007956896
 0.000012233851
 0.000003402243
 0.000005133433
 0.000010716551
 0.000005465121
 0.000002606677
 0.000002821570
 0.000002326748
 0.000003414643
 0.000002944784
 0.000003970297
 0.000003908684
 0.000001816386
 0.000003069439
 0.000004153020
 0.000011262533
 0.000005586228
 0.000004425693
 0.000005803404
 0.000002348136
 0.000001740525
 0.000003458662
 0.000005710978
 0.000002882653
 0.000004934178
 0.000004624509
 0.000003905189
 0.000003683493
 0.000002461865
 0.000004658042
 0.000002680406
 0.000007624183
 0.000002517312
 0.000006734733
 0.000003377758
 0.000005344966
 0.000009142842
 0.000006398830
 0.000006982592
 0.000004044772
 0.000007452271
 0.000007368173
 0.000007108244
 0.000005448039
 0.000007371840
 0.000007258217
 0.000005624012
 0.000013826871
 0.000008868017
 0.000003803105
 0.000004351487
 0.000005916821
 0.000011119003
 0.000006544427
 0.000012906777
 0.000008826614
 0.000008487917
 0.000024308086
 0.000042648910
 0.000018885252
 0.000010839899
 0.000028876542
 0.000026368710
 0.000009843358
 0.000015750274
 0.000004176622
 0.000016454211
 0.000031789705
 0.000015472632
 0.000022138064
 0.000009593828
 0.000003998094
 0.000001528891
 0.000003743804
 0.000004455388
 0.000002854118
 0.000003689709
 0.000001947736
 0.000010576987
 0.000007656489
 0.000004939020
 0.000009125873
 0.000010948074
 0.000008054140
 0.000002338512
 0.000005919492
 0.000004507520
 0.000006651874
 0.000007619685
 0.000005149606
 0.000008986672
 0.000004436005
 0.000003018096
 0.000004921349
 0.000006320796
 0.000010813100
 0.000007212333
 0.000008900705
 0.000003151448
 0.000003668872
 0.000016232884
 0.000008250955
 0.000011285363
 0.000004141549
 0.000003662978
 0.000005520155
 0.000005047617
 0.000003471686
 0.000006100114
 0.000005345882
 0.000004945630
 0.000004053409
 0.000001961488
 0.000003054385
 0.000002672680
 0.000005158593
 0.000007020378
 0.000003359922
 0.000003106709
 0.000005234789
 0.000004440839
 0.000008607146
 0.000007221937
 0.000003424249
 0.000003924623
 0.000006705401
 0.000010195360
 0.000010916242
 0.000008948173
 0.000008475600
 0.000018988132
 0.000009680994
 0.000005821221
 0.000013821367
 0.000003016379
 0.000006340299
 0.000009721728
 0.000006629844
 0.000011649849
 0.000003157859
 0.000005833250
 0.000005389601
 0.000028757781
 0.000012193073
 0.000011927899
 0.000012637732
 0.000016649982
 0.000011239333
 0.000007450584
 0.000022292766
 0.000017148036
 0.000006416307
 0.000002900467
 0.000015361416
 0.000005698973
 0.000018961757
 0.000004002174
 0.000002871138
 0.000002704007
 0.000006444061
 0.000001483231
 0.000005055187
 0.000004252853
 0.000008724011
 0.000004465122
 0.000006076205
 0.000005759134
 0.000005098977
 0.000009632554
 0.000020025478
 0.000003711092
 0.000016764248
 0.000006496660
 0.000005741430
 0.000008657758
 0.000008144394
 0.000006496502
 0.000009643430
 0.000019570981
 0.000007950401
 0.000019163026
 0.000010736326
 0.000003744518
 0.000004911504
 0.000007643699
 0.000004830583
 0.000007956727
 0.000001904854
 0.000006382239
 0.000006790313
 0.000008690458
 0.000009075452
 0.000009779016
 0.000002988869
 0.000004457644
 0.000012551677
 0.000006964071
 0.000007100164
 0.000006747237
 0.000006230632
 0.000016809864
 0.000005202225
 0.000009049596
 0.000002095238
 0.000006102631
 0.000006986893
 0.000004500356
 0.000009839439
 0.000012058117
 0.000007923639
 0.000006758656
 0.000015752676
 0.000011137500
 0.000010107385
 0.000007286945
 0.000010749745
 0.000010985061
 0.000007479606
 0.000005081247
 0.000002104824
 0.000003388878
 0.000005375495
 0.000004069537
 0.000009617177
 0.000021197586
 0.000004084658
 0.000007269429
 0.000007620593
 0.000006492492
 0.000004102684
 0.000004922624
 0.000004544060
 0.000005930819
 0.000007418345
 0.000003057869
 0.000003660034
 0.000005598490
 0.000006856023
 0.000004485083
 0.000005053534
 0.000003119247
 0.000004898290
 0.000005018004
 0.000003401446
 0.000012466109
 0.000012513916
 0.000010792462
 0.000002990809
 0.000011051210
 0.000003317457
 0.000003100982
 0.000006525728
 0.000004931091
 0.000010989777
 0.000016638453
 0.000005580508
 0.000002190334
 0.000002780950
 0.000006177737
 0.000008669392
 0.000006658843
 0.000004998413
 0.000001888812
 0.000001253648
 0.000004454610
 0.000003938994
 0.000003630374
 0.000013860654
 0.000005004210
 0.000015170796
 0.000005192028
 0.000007064699
 0.000004514885
 0.000007891660
 0.000003537099
 0.000005201134
 0.000002611676
 0.000004938640
 0.000004240507
 0.000008797994
 0.000003421814
 0.000009276585
 0.000002980405
 0.000007934089
 0.000006814430
 0.000001283775
 0.000003899332
 0.000005035333
 0.000005953381
 0.000009016184
 0.000005467256
 0.000005993829
 0.000003332642
 0.000007692500
 0.000003331276
 0.000005904403
 0.000011661555
 0.000002729232
 0.000005877147
 0.000003893781
 0.000005705973
 0.000012068913
 0.000004637785
 0.000015927531
 0.000011786789
 0.000013505480
 0.000015551272
 0.000017244853
 0.000021388473
 0.000015652135
 0.000005616584
 0.000013860742
 0.000018457382
 0.000024059151
 0.000007664662
 0.000014010076
 0.000013670754
 0.000011229415
 0.000015860615
 0.000012035732
 0.000030067292
 0.000006094681
 0.000008215776
 0.000015119328
 0.000005713881
 0.000006604919
 0.000007188755
 0.000005003416
 0.000010627656
 0.000008310089
 0.000007358093
 0.000030403927
 0.000006272218
 0.000007830922
 0.000014386259
 0.000003845608
 0.000004608939
 0.000004904141
 0.000007948728
 0.000007653668
 0.000012143473
 0.000011356983
 0.000040820496
 0.000004774202
 0.000004699785
 0.000009204004
 0.000007113777
 0.000028628020
 0.000004948498
 0.000012028948
 0.000003107893
 0.000004928755
 0.000001499108
 0.000008112504
 0.000006178558
 0.000002857470
 0.000006871229
 0.000006230407
 0.000002785703
 0.000002940194
 0.000005725708
 0.000004471459
 0.000007432601
 0.000010375830
 0.000015518046
 0.000004121944
 0.000007046533
 0.000005613314
 0.000003317473
 0.000002541503
 0.000007812150
 0.000003413794
 0.000004856329
 0.000007972123
 0.000011142748
 0.000009297440
 0.000003284067
 0.000007480843
 0.000010370954
 0.000009639311
 0.000002743607
 0.000003190850
 0.000003112133
 0.000008144657
 0.000001494603
 0.000004746569
 0.000002995675
 0.000002353620
 0.000030867733
 0.000010426302
 0.000005495187
 0.000004899285
 0.000003705927
 0.000004980864
 0.000003099083
 0.000002826574
 0.000003530958
 0.000006542919
 0.000003611708
 0.000002738761
 0.000007861902
 0.000004174433
 0.000006431458
 0.000006728864
 0.000007189600
 0.000005931534
 0.000002032783
 0.000007700617
 0.000006074591
 0.000013864785
 0.000003557678
 0.000003488258
 0.000009787234
 0.000002469689
 0.000008170424
 0.000005042732
 0.000003339087
 0.000005674685
 0.000002940534
 0.000002742351
 0.000003143412
 0.000003969112
 0.000003628733
 0.000008838542
 0.000004577782
 0.000003892237
 0.000003891950
 0.000006551214
 0.000004537539
 0.000008124276
 0.000003948765
 0.000001041425
 0.000003252802
 0.000013609942
 0.000005343151
 0.000004432187
 0.000001619029
 0.000003283569
 0.000002918982
 0.000001233128
 0.000002210096
 0.000006043566
 0.000003593256
 0.000006650505
 0.000006366683
 0.000003974869
 0.000005065936
 0.000009302717
 0.000011845394
 0.000004727209
 0.000005228501
 0.000005691785
 0.000028062407
 0.000013177045
 0.000010554406
 0.000012238490
 0.000009721885
 0.000008687571
 0.000005374171
 0.000004709432
 0.000002316392
 0.000009872773
 0.000010527203
 0.000007360350
 0.000003204712
 0.000003539900
 0.000004124982
 0.000002368595
 0.000006240976
 0.000002105751
 0.000004125953
 0.000003281739
 0.000004636323
 0.000004556831
 0.000007177152
 0.000003835610
 0.000007856967
 0.000004344063
 0.000002482988
 0.000010534825
 0.000005615244
 0.000002679017
 0.000002722716
 0.000005746007
 0.000013149211
 0.000004046233
 0.000006895198
 0.000004647613
 0.000001904650
 0.000010384092
 0.000002516726
 0.000003514675
 0.000005631338
 0.000005889674
 0.000004388971
 0.000007839303
 0.000006170699
 0.000007049615
 0.000003861129
 0.000002967010
 0.000016848439
 0.000002877988
 0.000006690191
 0.000004875219
 0.000004674616
 0.000008080451
 0.000018354548
 0.000028924644
 0.000028893661
 0.000025075048
 0.000018596444
 0.000020370339
 0.000022100059
 0.000021913690
 0.000016608222
 0.000028690117
 0.000024112133
 0.000009148979
 0.000011871504
 0.000004601077
 0.000006082162
 0.000010153129
 0.000019288803
 0.000012220729
 0.000009963449
 0.000011419095
 0.000018791058
 0.000015302096
 0.000013964347
 0.000009502687
 0.000016371119
 0.000009500650
 0.000002730837
 0.000002034835
 0.000008204461
 0.000010020607
 0.000014409111
 0.000005744736
 0.000007680304
 0.000005051321
 0.000003464081
 0.000017649258
 0.000008020665
 0.000007474602
 0.000009236562
 0.000004651863
 0.000013401311
 0.000028889334
 0.000006517344
 0.000009262148
 0.000009263255
 0.000008726804
 0.000019658315
 0.000005543806
 0.000005272495
 0.000005446027
 0.000011615052
 0.000005685169
 0.000006150558
 0.000004579857
 0.000002192962
 0.000004022852
 0.000005809207
 0.000003803702
 0.000005041725
 0.000005161576
 0.000004789720
 0.000008215036
 0.000010740533
 0.000008577460
 0.000008019998
 0.000008427601
 0.000001977775
 0.000001584976
 0.000003988053
 0.000004255636
 0.000004109299
 0.000003893479
 0.000016303523
 0.000006755460
 0.000003600652
 0.000012342873
 0.000006534490
 0.000004715980
 0.000014140447
 0.000005848374
 0.000002355450
 0.000003267254
 0.000006596302
 0.000015380614
 0.000003332798
 0.000010359854
 0.000032200618
 0.000011048692
 0.000004825060
 0.000006221839
 0.000005181238
 0.000005028755
 0.000007050571
 0.000005562615
 0.000006061221
 0.000004244502
 0.000006206429
 0.000009476929
 0.000010969030
 0.000009793854
 0.000012862294
 0.000005962516
 0.000009529650
 0.000003895910
 0.000003691224
 0.000005123819
 0.000015343083
 0.000004155466
 0.000012581451
 0.000013136718
 0.000005449248
 0.000004117227
 0.000004785014
 0.000004030628
 0.000008716941
 0.000006959785
 0.000005614754
 0.000008320631
 0.000005827849
 0.000009771879
 0.000003660456
 0.000005853134
 0.000008650536
 0.000015339240
 0.000008363190
 0.000012827634
 0.000008608859
 0.000017429284
 0.000004021975
 0.000010001628
 0.000009728194
 0.000005291460
 0.000001580612
 0.000005295341
 0.000002509063
 0.000002990877
 0.000003710505
 0.000011633009
 0.000005136996
 0.000006889618
 0.000005003798
 0.000001759122
 0.000008215035
 0.000005219855
 0.000002487319
 0.000003336233
 0.000003186971
 0.000013769751
 0.000004207201
 0.000009960747
 0.000005262938
 0.000011046237
 0.000006748255
 0.000004563216
 0.000010398708
 0.000004640455
 0.000002577903
 0.000006313421
 0.000007408397
 0.000004645868
 0.000006592410
 0.000004788049
 0.000006514142
 0.000011761043
 0.000004014772
 0.000003484913
 0.000003167860
 0.000001865162
 0.000001733527
 0.000009147928
 0.000003732277
 0.000003359551
 0.000001988186
 0.000006901608
 0.000005298153
 0.000007176821
 0.000013295285
 0.000002797840
 0.000007095249
 0.000005568666
 0.000012652303
 0.000005879340
 0.000009588257
 0.000010324415
 0.000006011847
 0.000009126086
 0.000004830255
 0.000005671031
 0.000003694999
 0.000007383874
 0.000004538266
 0.000003709224
 0.000006936359
 0.000009643711
 0.000003587405
 0.000002712948
 0.000005335276
 0.000003201543
 0.000002305563
 0.000002606130
 0.000004593934
 0.000006307982
 0.000005721386
 0.000004432030
 0.000010350891
 0.000009306721
 0.000008471805
 0.000006214245
 0.000002297974
 0.000007538756
 0.000006286143
 0.000005274377
 0.000003009407
 0.000001380338
 0.000002738787
 0.000004947790
 0.000004921313
 0.000007172113
 0.000004453470
 0.000007391301
 0.000001803675
 0.000007946898
 0.000006343582
 0.000006801020
 0.000009706252
 0.000003965216
 0.000004205886
 0.000004357613
 0.000006830080
 0.000008924867
 0.000011934624
 0.000003512669
 0.000005487832
 0.000003745413
 0.000007146168
 0.000001768030
 0.000003550762
 0.000002027006
 0.000002912687
 0.000003110744
 0.000001525445
 0.000006950954
 0.000002441831
 0.000004985730
 0.000007665263
 0.000005969375
 0.000003561036
 0.000003565056
 0.000004656466
 0.000003102415
 0.000003136821
 0.000001464464
 0.000005304790
 0.000003352796
 0.000002066676
 0.000003130028
 0.000007854382
 0.000005980902
 0.000001810434
 0.000001410275
 0.000001553454
 0.000003689027
 0.000003894354
 0.000002833858
 0.000003841321
 0.000002621322
 0.000003359948
 0.000001967216
 0.000003315909
 0.000001273143
 0.000003051474
 0.000006559680
 0.000003455587
 0.000006722790
 0.000009529475
 0.000006141572
 0.000004379695
 0.000004388640
 0.000001419397
 0.000008335405
 0.000002160020
 0.000000976118
 0.000001345735
 0.000003216140
 0.000000841267
 0.000000633146
 0.000003328760
 0.000001274565
 0.000003400943
 0.000005352161
 0.000004824587
 0.000002231322
 0.000005846472
 0.000007071153
 0.000002312446
 0.000003502604
 0.000004451712
 0.000002405625
 0.000004038855
 0.000007975950
 0.000002570985
 0.000004535144
 0.000004546554
 0.000005675818
 0.000004132272
 0.000004719025
 0.000005701661
 0.000001708433
 0.000002166076
 0.000002327395
 0.000003991605
 0.000003367040
 0.000013017622
 0.000003788784
 0.000007449170
 0.000008366982
 0.000002801968
 0.000008793294
 0.000011768022
 0.000002859782
 0.000003215590
 0.000002946418
 0.000004589096
 0.000002665355
 0.000003645221
 0.000011109875
 0.000002563717
 0.000003404183
 0.000004983658
 0.000003915634
 0.000005112477
 0.000002453581
 0.000003872619
 0.000001001637
 0.000001671161
 0.000005770624
 0.000010744161
 0.000002351602
 0.000003791111
 0.000004150452
 0.000004722567
 0.000005126305
 0.000002792103
 0.000003482395
 0.000004603642
 0.000004488884
 0.000004078293
 0.000006666132
 0.000016444020
 0.000005920566
 0.000002996129
 0.000003939700
 0.000006477495
 0.000002783822
 0.000006570843
 0.000002762676
 0.000002328836
 0.000002305163
 0.000005649700
 0.000006295276
 0.000004487780
 0.000004890582
 0.000006869000
 0.000006963541
 0.000004352959
 0.000002678778
 0.000003948504
 0.000005470154
 0.000007435768
 0.000007574048
 0.000003313053
 0.000002185142
 0.000003644674
 0.000002097636
 0.000004626429
 0.000004994039
 0.000004534647
 0.000001296106
 0.000003473858
 0.000008761494
 0.000004367229
 0.000006742283
 0.000004182253
 0.000004829345
 0.000002865744
 0.000007690432
 0.000001695835
 0.000004870215
 0.000014390012
 0.000012497279
 0.000011797875
 0.000010449278
 0.000012281079
 0.000019807762
 0.000010620133
 0.000011467515
 0.000006234939
 0.000013338405
 0.000007469123
 0.000010232115
 0.000002866196
 0.000037391960
 0.000034904848
 0.000017763990
 0.000020650166
 0.000005360289
 0.000018053667
 0.000014671958
 0.000009740527
 0.000008130366
 0.000015493039
 0.000035436739
 0.000011929176
 0.000019258198
 0.000013619394
 0.000006048781
 0.000008747853
 0.000004284309
 0.000005169038
 0.000009026677
 0.000008516863
 0.000009731530
 0.000005948110
 0.000006992954
 0.000003901747
 0.000003834440
 0.000005785586
 0.000007200050
 0.000010779922
 0.000003946249
 0.000004827608
 0.000006333475
 0.000010834862
 0.000010314232
 0.000030949648
 0.000039149661
 0.000012880308
 0.000008589986
 0.000019593703
 0.000019383709
 0.000013374414
 0.000024742015
 0.000008741768
 0.000007980994
 0.000019206797
 0.000008368691
 0.000005258448
 0.000006418615
 0.000009476293
 0.000004778228
 0.000017044784
 0.000013647048
 0.000004441955
 0.000005920170
 0.000006830529
 0.000002921961
 0.000013458426
 0.000009514998
 0.000006402704
 0.000009308644
 0.000005803393
 0.000014879904
 0.000005713687
 0.000014622310
 0.000005389376
 0.000014304868
 0.000004461172
 0.000009289075
 0.000008976913
 0.000009745069
 0.000028979305
 0.000005981553
 0.000003647152
 0.000008414902
 0.000010878042
 0.000006797022
 0.000005826542
 0.000004266908
 0.000006847759
 0.000032102031
 0.000014472923
 0.000015241727
 0.000017068112
 0.000004222374
 0.000006588604
 0.000005312844
 0.000005596237
 0.000009839137
 0.000006494470
 0.000005031326
 0.000019357230
 0.000006999680
 0.000011297712
 0.000006913216
 0.000006975975
 0.000007993561
 0.000006186151
 0.000005329661
 0.000012806253
 0.000007135435
 0.000007637830
 0.000007810471
 0.000004496749
 0.000003866962
 0.000004244773
 0.000007923793
 0.000006629945
 0.000009185249
 0.000014482472
 0.000004776141
 0.000007074586
 0.000005171879
 0.000007842088
 0.000005893098
 0.000007606391
 0.000004410453
 0.000008353829
 0.000009126380
 0.000005219931
 0.000007151206
 0.000008448363
 0.000006982186
 0.000005242341
 0.000007154878
 0.000031529516
 0.000013169661
 0.000014512205
 0.000011881402
 0.000023686978
 0.000017097974
 0.000020940752
 0.000012280001
 0.000026451457
 0.000007548842
 0.000022747563
 0.000016896715
 0.000004904757
 0.000023369541
 0.000015397468
 0.000015701960
 0.000019232147
 0.000014154089
 0.000009657893
 0.000017662351
 0.000009809990
 0.000009081149
 0.000013561072
 0.000006391186
 0.000007362422
 0.000016126088
 0.000005135992
 0.000015131452
 0.000005184936
 0.000003577534
 0.000003776639
 0.000006254681
 0.000004955138
 0.000021660746
 0.000011627944
 0.000004340613
 0.000012629970
 0.000015109395
 0.000008130766
 0.000010498254
 0.000011585278
 0.000011625530
 0.000012844904
 0.000010304525
 0.000013026532
 0.000009411765
 0.000004762881
 0.000013670358
 0.000014433638
 0.000029752074
 0.000018544563
 0.000010841171
 0.000017082542
 0.000017072211
 0.000008626532
 0.000004010156
 0.000003080606
 0.000004747789
 0.000012772639
 0.000003999458
 0.000004969230
 0.000005971366
 0.000005033587
 0.000007449083
 0.000008044838
 0.000004957104
 0.000010984184
 0.000001756499
 0.000006526727
 0.000007951275
 0.000021522742
 0.000009871371
 0.000002498893
 0.000010767727
 0.000010230691
 0.000005145883
 0.000002013160
 0.000004839164
 0.000006236474
 0.000008172097
 0.000003978683
 0.000006579877
 0.000012741762
 0.000004965776
 0.000007301464
 0.000011400274
 0.000011823908
 0.000016150497
 0.000003436425
 0.000007825701
 0.000003242658
 0.000003009452
 0.000002760806
 0.000004271485
 0.000004672920
 0.000017405237
 0.000009208359
 0.000007160195
 0.000008389423
 0.000007814521
 0.000002808766
 0.000002497657
 0.000002437104
 0.000004500910
 0.000002996363
 0.000003634213
 0.000004217827
 0.000003492337
 0.000003449836
 0.000004934825
 0.000003937810
 0.000007753871
 0.000006113467
 0.000004423695
 0.000002736128
 0.000011573879
 0.000002910428
 0.000010076445
 0.000005514112
 0.000006968628
 0.000011514830
 0.000006972218
 0.000003486194
 0.000007500050
 0.000007844245
 0.000006248186
 0.000004006739
 0.000004790065
 0.000013698515
 0.000007033373
 0.000006789974
 0.000016915688
 0.000009822649
 0.000009717209
 0.000008639748
 0.000003796693
 0.000013403464
 0.000004519706
 0.000032020126
 0.000007308143
 0.000004404515
 0.000007289079
 0.000004528103
 0.000007908699
 0.000009359183
 0.000002860432
 0.000014858282
 0.000002456880
 0.000012689050
 0.000002598198
 0.000008993548
 0.000007513519
 0.000016269259
 0.000032704980
 0.000025789256
 0.000012944641
 0.000008244543
 0.000006790179
 0.000006458020
 0.000007814254
 0.000015589083
 0.000011980999
 0.000006310909
 0.000003119875
 0.000013848625
 0.000011627447
 0.000016283495
 0.000009808827
 0.000026966974
 0.000010272175
 0.000014007762
 0.000019956124
 0.000014169154
 0.000005631333
 0.000009733383
 0.000007228931
 0.000007609871
 0.000026115818
 0.000011358104
 0.000046466763
 0.000040176921
 0.000006258211
 0.000017736217
 0.000012542470
 0.000003779174
 0.000012630834
 0.000007931667
 0.000014827623
 0.000004435729
 0.000004704179
 0.000012924390
 0.000016213536
 0.000018970070
 0.000009691665
 0.000004883356
 0.000005812922
 0.000004177407
 0.000006152361
 0.000007423681
 0.000009311791
 0.000017388981
 0.000007828725
 0.000010062072
 0.000024891439
 0.000012966294
 0.000012504486
 0.000008096242
 0.000030128400
 0.000026237597
 0.000011656879
 0.000014833490
 0.000012717681
 0.000016229292
 0.000020245410
 0.000014970468
 0.000018123889
 0.000019269755
 0.000016773015
 0.000036370067
 0.000021505206
 0.000021513123
 0.000008782965
 0.000008386983
 0.000013590957
 0.000012211446
 0.000005341677
 0.000012497834
 0.000012886431
 0.000010260353
 0.000008864699
 0.000008639780
 0.000019463614
 0.000015308069
 0.000020186200
 0.000015386729
 0.000014132225
 0.000015220141
 0.000011721730
 0.000010122399
 0.000015837560
 0.000009673704
 0.000027887943
 0.000011615130
 0.000006807633
 0.000008160297
 0.000037599557
 0.000025544065
 0.000011993689
 0.000020441280
 0.000009228135
 0.000011715791
 0.000012943852
 0.000012336565
 0.000008150119
 0.000022023545
 0.000022851343
 0.000018473619
 0.000004360957
 0.000013575451
 0.000011456495
 0.000016987286
 0.000010761134
 0.000007222995
 0.000010622209
 0.000006743729
 0.000016130931
 0.000006540937
 0.000008207506
 0.000007654639
 0.000010094086
 0.000007481903
 0.000008301916
 0.000005898233
 0.000008040830
 0.000013887523
 0.000016516002
 0.000010310007
 0.000006204852
 0.000008104973
 0.000006935502
 0.000021320106
 0.000013368436
 0.000008158244
 0.000017477649
 0.000016993024
 0.000015575148
 0.000014398948
 0.000017574429
 0.000026485334
 0.000024091095
 0.000014132927
 0.000011634392
 0.000006607697
 0.000023119328
 0.000006875117
 0.000019757814
 0.000013809731
 0.000021348110
 0.000036339293
 0.000008667980
 0.000024698124
 0.000021062133
 0.000008869062
 0.000008664541
 0.000009706024
 0.000009913360
 0.000007946525
 0.000009600908
 0.000012663709
 0.000006572887
 0.000007607029
 0.000012493852
 0.000009263030
 0.000019394964
 0.000013290801
 0.000007051854
 0.000010336630
 0.000006558760
 0.000051706115
 0.000014544436
 0.000007184775
 0.000005194964
 0.000009817853
 0.000016280243
 0.000016001739
 0.000013896929
 0.000004989897
 0.000013682177
 0.000015720260
 0.000018053278
 0.000009587640
 0.000008232944
 0.000010355474
 0.000002204066
 0.000004004509
 0.000004686743
 0.000005371760
 0.000003763337
 0.000003548175
 0.000010286012
 0.000003679751
 0.000008705151
 0.000005670582
 0.000012561200
 0.000014788100
 0.000006347241
 0.000008948744
 0.000006099127
 0.000010772261
 0.000013589982
 0.000007928120
 0.000006703684
 0.000005062995
 0.000004339039
 0.000010107286
 0.000010585545
 0.000006757452
 0.000005160418
 0.000006010824
 0.000009015500
 0.000011185582
 0.000012237449
 0.000005657951
 0.000005936056
 0.000005542778
 0.000006665703
 0.000003713998
 0.000007666994
 0.000003266851
 0.000005583617
 0.000008057571
 0.000005694083
 0.000006174312
 0.000006128112
 0.000003553810
 0.000001706865
 0.000003332839
 0.000004588034
 0.000002490945
 0.000004449825
 0.000002760284
 0.000003505858
 0.000005129390
 0.000002748711
 0.000004049400
 0.000004492304
 0.000003319952
 0.000005195030
 0.000007096571
 0.000002180376
 0.000006561966
 0.000004585776
 0.000002369261
 0.000004814140
 0.000004494911
 0.000003053409
 0.000005593585
 0.000004734790
 0.000002136812
 0.000003209789
 0.000006063415
 0.000006420497
 0.000004185597
 0.000004233689
 0.000004244276
 0.000003958962
 0.000003036735
 0.000005693458
 0.000002528185
 0.000005817548
 0.000005348824
 0.000004513143
 0.000003941341
 0.000006674323
 0.000005287230
 0.000005021533
 0.000007343205
 0.000005291098
 0.000004554291
 0.000004139474
 0.000003826763
 0.000003292116
 0.000003807284
 0.000003318119
 0.000001845588
 0.000002046417
 0.000002397680
 0.000002385163
 0.000004921590
 0.000008615875
 0.000002990805
 0.000003933518
 0.000002952787
 0.000003545152
 0.000004463443
 0.000004910793
 0.000001175851
 0.000001586304
 0.000002254649
 0.000001074862
 0.000001430703
 0.000002602936
 0.000003316104
 0.000004878842
 0.000005151251
 0.000005094345
 0.000006992935
 0.000007539349
 0.000002117089
 0.000008436565
 0.000007205911
 0.000006342767
 0.000007118133
 0.000009396404
 0.000012542082
 0.000006411767
 0.000004991527
 0.000005245930
 0.000010980213
 0.000008846981
 0.000003737545
 0.000007175641
 0.000003683398
 0.000005014601
 0.000011038932
 0.000003719042
 0.000001956623
 0.000004503488
 0.000003732584
 0.000003247756
 0.000007756053
 0.000012284734
 0.000006520209
 0.000007208683
 0.000004374742
 0.000006855790
 0.000010178925
 0.000003800754
 0.000008461212
 0.000004187185
 0.000007912117
 0.000010735020
 0.000003692398
 0.000005667513
 0.000004483062
 0.000003765869
 0.000008852707
 0.000006181964
 0.000006553318
 0.000006692266
 0.000007933055
 0.000003185779
 0.000007036571
 0.000006172249
 0.000011610227
 0.000004610249
 0.000007641093
 0.000004295938
 0.000009326770
 0.000006214111
 0.000006488567
 0.000006273382
 0.000007096233
 0.000008572413
 0.000010590767
 0.000007400376
 0.000015714115
 0.000009488354
 0.000010124133
 0.000005725154
 0.000005543101
 0.000024856220
 0.000010222093
 0.000029976179
 0.000005334256
 0.000006015409
 0.000005686649
 0.000008661416
 0.000007786411
 0.000006231639
 0.000003474462
 0.000004214348
 0.000012377927
 0.000007555165
 0.000009239846
 0.000004928428
 0.000007422637
 0.000015902116
 0.000009720943
 0.000006391289
 0.000010317319
 0.000007218831
 0.000008292356
 0.000010470331
 0.000009601851
 0.000011186136
 0.000011240232
 0.000006708108
 0.000006841611
 0.000010376091
 0.000011137469
 0.000011122588
 0.000012418463
 0.000005502095
 0.000005871936
 0.000008157564
 0.000020093336
 0.000014632341
 0.000040102437
 0.000021036448
 0.000013039904
 0.000019017454
 0.000008618009
 0.000009522510
 0.000028137735
 0.000010079332
 0.000012340919
 0.000010430177
 0.000016322103
 0.000013580561
 0.000007820791
 0.000011875512
 0.000007249452
 0.000015094928
 0.000013796288
 0.000011368155
 0.000027242956
 0.000004929279
 0.000005688338
 0.000010749575
 0.000009208513
 0.000004536423
 0.000003366951
 0.000007994112
 0.000006299450
 0.000004124066
 0.000002486190
 0.000003065678
 0.000004966535
 0.000006996586
 0.000004817511
 0.000008900026
 0.000003909757
 0.000012594241
 0.000004139567
 0.000006508563
 0.000011236709
 0.000002874131
 0.000008308523
 0.000004031419
 0.000002828519
 0.000006844483
 0.000002679213
 0.000001486926
 0.000001907835
 0.000002303972
 0.000003304939
 0.000003441942
 0.000007804642
 0.000002442777
 0.000003894101
 0.000005995909
 0.000002816383
 0.000002190833
 0.000007048180
 0.000007826846
 0.000003049890
 0.000006869735
 0.000007073410
 0.000003016072
 0.000005667623
 0.000005589419
 0.000007465036
 0.000012920663
 0.000009350674
 0.000010938481
 0.000009643031
 0.000013654196
 0.000004439432
 0.000006087676
 0.000003605228
 0.000008999465
 0.000005208504
 0.000004726322
 0.000011433961
 0.000005223858
 0.000003520743
 0.000005145661
 0.000007845050
 0.000004780350
 0.000008613348
 0.000007054165
 0.000007209492
 0.000004084306
 0.000006029444
 0.000005066578
 0.000003202228
 0.000012161728
 0.000005683922
 0.000004961778
 0.000004318413
 0.000003368447
 0.000005075571
 0.000004863557
 0.000005655316
 0.000005067100
 0.000003586790
 0.000003067119
 0.000004654592
 0.000004879037
 0.000006803784
 0.000012816760
 0.000006700848
 0.000007037386
 0.000008297831
 0.000010617426
 0.000003626869
 0.000011907321
 0.000009107215
 0.000005655604
 0.000001623027
 0.000000667983
 0.000001265361
 0.000004528597
 0.000003485981
 0.000010221716
 0.000012164353
 0.000012241444
 0.000006425799
 0.000008794069
 0.000009882780
 0.000007904837
 0.000005752101
 0.000006768772
 0.000013683902
 0.000005603285
 0.000002823492
 0.000006728457
 0.000009155521
 0.000004313557
 0.000003003661
 0.000001981234
 0.000007073564
 0.000003546849
 0.000012446029
 0.000005698066
 0.000005122600
 0.000009072374
 0.000008700273
 0.000016453806
 0.000011421632
 0.000009749450
 0.000010552359
 0.000020748150
 0.000004822940
 0.000006155095
 0.000004979158
 0.000006569712
 0.000013350933
 0.000006385255
 0.000003482342
 0.000003671801
 0.000002865469
 0.000024184033
 0.000010177148
 0.000008958784
 0.000009989151
 0.000004881130
 0.000007177489
 0.000011338511
 0.000010035246
 0.000015031443
 0.000009525174
 0.000004936622
 0.000005958951
 0.000028778026
 0.000018864859
 0.000015698950
 0.000002161111
 0.000009748847
 0.000009004213
 0.000014518446
 0.000007771783
 0.000008770577
 0.000013644304
 0.000027937639
 0.000022860885
 0.000015711659
 0.000011181568
 0.000019901808
 0.000010446799
 0.000008157295
 0.000017238927
 0.000012797963
 0.000009602874
 0.000023835246
 0.000005935848
 0.000018044191
 0.000008636955
 0.000010570983
 0.000023889469
 0.000017100428
 0.000016036022
 0.000015445992
 0.000023799303
 0.000023623595
 0.000020323702
 0.000006823666
 0.000011463884
 0.000010779080
 0.000009639073
 0.000008161424
 0.000005601138
 0.000010747787
 0.000009365863
 0.000004275586
 0.000004376935
 0.000006341619
 0.000007936501
 0.000004673132
 0.000010989904
 0.000011780379
 0.000004139372
 0.000007906964
 0.000007228268
 0.000005762810
 0.000002435587
 0.000010302915
 0.000019633215
 0.000031703048
 0.000004737081
 0.000008450516
 0.000015108125
 0.000008720637
 0.000009035579
 0.000007166597
 0.000020808055
 0.000005772868
 0.000007133709
 0.000012426587
 0.000015179205
 0.000007882361
 0.000012745899
 0.000018338800
 0.000006554861
 0.000011485858
 0.000008584113
 0.000006634985
 0.000009609009
 0.000005071722
 0.000003990346
 0.000006838943
 0.000019101900
 0.000005155596
 0.000012961965
 0.000014885866
 0.000010766627
 0.000006802164
 0.000012514482
 0.000008834286
 0.000011691676
 0.000022132593
 0.000015028746
 0.000007015323
 0.000011219443
 0.000004727992
 0.000018396998
 0.000018834929
 0.000015857601
 0.000010758993
 0.000011665881
 0.000008820470
 0.000004523621
 0.000006096039
 0.000003520417
 0.000005679691
 0.000013084070
 0.000015178500
 0.000007785376
 0.000007949981
 0.000007743433
 0.000023039004
 0.000007269274
 0.000005381617
 0.000004904035
 0.000006605756
 0.000007606833
 0.000001005547
 0.000012724649
 0.000003148275
 0.000006157689
 0.000012349228
 0.000008608115
 0.000003782007
 0.000005912018
 0.000010640222
 0.000014041363
 0.000008071458
 0.000005797290
 0.000006050966
 0.000012214181
 0.000035389748
 0.000012429031
 0.000006042312
 0.000004172522
 0.000008468689
 0.000006304996
 0.000007059437
 0.000008676418
 0.000010389819
 0.000016501670
 0.000018054733
 0.000010395844
 0.000004653640
 0.000007138039
 0.000012023993
 0.000016542678
 0.000006362587
 0.000008579194
 0.000004470053
 0.000011972381
 0.000007259701
 0.000016193443
 0.000014863000
 0.000006451697
 0.000008484961
 0.000002876541
 0.000015735869
 0.000010096602
 0.000014175102
 0.000014181448
 0.000015540125
 0.000008368638
 0.000006266403
 0.000006587322
 0.000022306212
 0.000007826214
 0.000007107851
 0.000008548411
 0.000006909847
 0.000011793888
 0.000010771222
 0.000014419737
 0.000011122616
 0.000007687889
 0.000014794919
 0.000002849100
 0.000010297086
 0.000009418542
 0.000007319642
 0.000027978508
 0.000004232589
 0.000005765976
 0.000005344771
 0.000015468043
 0.000008016307
 0.000004933170
 0.000004719183
 0.000007630691
 0.000005570505
 0.000008620298
 0.000015155484
 0.000006859246
 0.000005558887
 0.000004061125
 0.000011461276
 0.000007333802
 0.000017517669
 0.000015424795
 0.000006394061
 0.000009089053
 0.000007951422
 0.000025654089
 0.000011276766
 0.000009251572
 0.000004950198
 0.000005856437
 0.000005534015
 0.000013042863
 0.000019407540
 0.000008147318
 0.000007521208
 0.000013566637
 0.000004433629
 0.000014775235
 0.000007991588
 0.000007371094
 0.000006226846
 0.000007365772
 0.000003500651
 0.000006394775
 0.000006739442
 0.000008243057
 0.000003302502
 0.000006277849
 0.000005553977
 0.000003785032
 0.000007101621
 0.000010802440
 0.000005040319
 0.000007389992
 0.000011455756
 0.000006441290
 0.000008774293
 0.000007919384
 0.000004850340
 0.000005895563
 0.000002450986
 0.000008242796
 0.000007062414
 0.000003185286
 0.000005659007
 0.000004682340
 0.000004528457
 0.000004615894
 0.000007573251
 0.000002237085
 0.000009164402
 0.000002537797
 0.000002644224
 0.000002476596
 0.000002865110
 0.000008118633
 0.000011241440
 0.000004601811
 0.000004307318
 0.000006405721
 0.000004976619
 0.000006081111
 0.000003320610
 0.000009080204
 0.000003168979
 0.000003104727
 0.000004451650
 0.000011131647
 0.000011027253
 0.000005512023
 0.000005693773
 0.000006187630
 0.000007361891
 0.000007961318
 0.000012642914
 0.000003723778
 0.000002939900
 0.000003727137
 0.000013320684
 0.000003527054
 0.000007410110
 0.000005136858
 0.000006071930
 0.000012500530
 0.000011408010
 0.000005167543
 0.000006633885
 0.000007144420
 0.000004644534
 0.000008680920
 0.000007658375
 0.000005543889
 0.000002536423
 0.000003596556
 0.000007631405
 0.000003407908
 0.000004310967
 0.000012211578
 0.000008589942
 0.000009792545
 0.000012697575
 0.000014565203
 0.000002062101
 0.000004464622
 0.000005103580
 0.000005740494
 0.000004125222
 0.000002367142
 0.000004983050
 0.000003649520
 0.000003417954
 0.000004770904
 0.000016087730
 0.000002400299
 0.000004463063
 0.000004693556
 0.000004591681
 0.000002215019
 0.000007418066
 0.000005173169
 0.000006102787
 0.000009390516
 0.000010094502
 0.000004021991
 0.000002665047
 0.000004615253
 0.000006673383
 0.000007086460
 0.000016069847
 0.000005483205
 0.000030582384
 0.000010565244
 0.000007158402
 0.000006472400
 0.000005726056
 0.000007909888
 0.000012433120
 0.000010274582
 0.000005436791
 0.000006342601
 0.000008064508
 0.000005099518
 0.000008754919
 0.000006679633
 0.000008317052
 0.000007001207
 0.000009402442
 0.000005432797
 0.000006341743
 0.000013700187
 0.000032828323
 0.000016124936
 0.000006688581
 0.000020949619
 0.000017630438
 0.000009081838
 0.000013384850
 0.000016357856
 0.000008251577
 0.000020892810
 0.000006440340
 0.000014860032
 0.000025379530
 0.000013604372
 0.000017893474
 0.000007667565
 0.000010404840
 0.000004045836
 0.000006460919
 0.000007038167
 0.000011553767
 0.000018739749
 0.000008409061
 0.000016876289
 0.000012438192
 0.000008298992
 0.000005509295
 0.000003931722
 0.000016419438
 0.000022088571
 0.000011287793
 0.000006905327
 0.000026826821
 0.000011657288
 0.000015502470
 0.000013363041
 0.000014319451
 0.000015333523
 0.000005664152
 0.000014215575
 0.000011676271
 0.000005542914
 0.000023235884
 0.000019538152
 0.000019707690
 0.000017585588
 0.000032569964
 0.000009632496
 0.000020382952
 0.000059165365
 0.000027723673
 0.000030591055
 0.000028071479
 0.000013761375
 0.000018357571
 0.000017940016
 0.000010555661
 0.000009110965
 0.000014313918
 0.000013768892
 0.000051897678
 0.000008000724
 0.000009634322
 0.000013011828
 0.000008610113
 0.000014973125
 0.000013538462
 0.000011124849
 0.000025582511
 0.000008499092
 0.000008663674
 0.000007606384
 0.000012585097
 0.000013279288
 0.000011599424
 0.000017637640
 0.000005546719
 0.000033803057
 0.000011213976
 0.000030001013
 0.000004072600
 0.000055676100
 0.000021442983
 0.000011402768
 0.000009374772
 0.000014140083
 0.000013486780
 0.000013241133
 0.000012724010
 0.000007635582
 0.000014690770
 0.000045598580
 0.000027982556
 0.000020152237
 0.000021216191
 0.000019731540
 0.000012194641
 0.000009486205
 0.000015317586
 0.000015056253
 0.000012359222
 0.000016046778
 0.000037074799
 0.000031207394
 0.000024011587
 0.000029202686
 0.000033014684
 0.000021016668
 0.000042026750
 0.000036270531
 0.000028072993
 0.000023902679
 0.000044203793
 0.000022984673
 0.000017431012
 0.000028578466
 0.000008132672
 0.000018833211
 0.000022207768
 0.000018528510
 0.000022899762
 0.000020435911
 0.000033988695
 0.000038709804
 0.000037347534
 0.000017609092
 0.000012087678
 0.000013661793
 0.000017669598
 0.000012755386
 0.000022815713
 0.000009522517
 0.000009711276
 0.000021680105
 0.000029495150
 0.000016749562
 0.000045582418
 0.000024962196
 0.000048748793
 0.000027068496
 0.000020349304
 0.000015437661
 0.000009001847
 0.000014947093
 0.000015672906
 0.000013954980
 0.000014182113
 0.000029044368
 0.000024545477
 0.000053533700
 0.000014721662
 0.000045916346
 0.000032850105
 0.000012943101
 0.000012332082
 0.000014386025
 0.000019120581
 0.000030071459
 0.000009891539
 0.000018929111
 0.000026239619
 0.000010741555
 0.000026058157
 0.000017296960
 0.000016479305
 0.000016125029
 0.000035193914
 0.000013765096
 0.000032375444
 0.000026983426
 0.000052302014
 0.000013531489
 0.000024790627
 0.000021961174
 0.000024399343
 0.000039433449
 0.000020856163
 0.000017653628
 0.000037025353
 0.000028275802
 0.000021006281
 0.000018459888
 0.000012941007
 0.000010195542
 0.000020614596
 0.000016364872
 0.000025448196
 0.000008743818
 0.000007187892
 0.000013876392
 0.000005809554
 0.000007302960
 0.000019294716
 0.000007112801
 0.000009897898
 0.000015106970
 0.000022138007
 0.000015425718
 0.000016161652
 0.000013336297
 0.000024944339
 0.000010951565
 0.000031943502
 0.000020656677
 0.000047592164
 0.000025265688
 0.000022214010
 0.000013921738
 0.000012355164
 0.000006300856
 0.000004994412
 0.000006902558
 0.000005869243
 0.000014641518
 0.000014636400
 0.000011016162
 0.000026647019
 0.000018943756
 0.000006840881
 0.000021053916
 0.000017963405
 0.000026214831
 0.000007936102
 0.000021775488
 0.000028305472
 0.000009735278
 0.000027986874
 0.000005410948
 0.000015424770
 0.000021176889
 0.000007304640
 0.000011902944
 0.000002000439
 0.000009224793
 0.000004783228
 0.000033668192
 0.000060695126
 0.000013691489
 0.000031629073
 0.000042330807
 0.000015766353
 0.000022171786
 0.000046110355
 0.000013662747
 0.000011106380
 0.000006798063
 0.000003290034
 0.000008905796
 0.000030981620
 0.000044003853
 0.000014522308
 0.000029918481
 0.000010265421
 0.000017341231
 0.000028160657
 0.000022912182
 0.000006492842
 0.000006879351
 0.000009534859
 0.000007558435
 0.000010676187
 0.000004483194
 0.000016992622
 0.000010000057
 0.000026445440
 0.000015188942
 0.000015485089
 0.000019958441
 0.000011131107
 0.000009753398
 0.000022533619
 0.000013019809
 0.000013657561
 0.000010576434
 0.000007362934
 0.000016306688
 0.000008672297
 0.000016692907
 0.000013140405
 0.000011452190
 0.000021541260
 0.000013219287
 0.000011405905
 0.000009606835
 0.000018642522
 0.000024631707
 0.000013999949
 0.000008231067
 0.000032629220
 0.000008265818
 0.000013067039
 0.000034202459
 0.000019563988
 0.000010422698
 0.000006307150
 0.000030061993
 0.000018784132
 0.000019517078
 0.000010453083
 0.000056343676
 0.000007747822
 0.000007869587
 0.000014415805
 0.000011906135
 0.000010837119
 0.000009111838
 0.000008869003
 0.000017260929
 0.000014550560
 0.000012158927
 0.000008717497
 0.000003570942
 0.000011360726
 0.000011856702
 0.000019016891
 0.000009567397
 0.000015420393
 0.000013305921
 0.000010004040
 0.000022602577
 0.000007217194
 0.000013491337
 0.000012545340
 0.000009176195
 0.000019222765
 0.000023182430
 0.000009477226
 0.000010174804
 0.000003803917
 0.000003915457
 0.000008734730
 0.000008206178
 0.000010100704
 0.000011047221
 0.000008836717
 0.000009380521
 0.000013401432
 0.000011848167
 0.000004555696
 0.000003932512
 0.000003363179
 0.000006987154
 0.000007177501
 0.000009571963
 0.000009489769
 0.000009191838
 0.000004513513
 0.000007006656
 0.000012338132
 0.000010542783
 0.000005549373
 0.000018740972
 0.000007453170
 0.000006160024
 0.000017008707
 0.000004597903
 0.000007970722
 0.000003635442
 0.000006897755
 0.000010442192
 0.000009691845
 0.000014435361
 0.000012094483
 0.000022411677
 0.000020248009
 0.000015622377
 0.000007605833
 0.000026233576
 0.000011305607
 0.000010311887
 0.000011807009
 0.000016307468
 0.000014387816
 0.000018262484
 0.000025323846
 0.000020832581
 0.000007283516
 0.000004989888
 0.000010356404
 0.000016548337
 0.000016030639
 0.000013073247
 0.000033899855
 0.000016192503
 0.000018570631
 0.000013276792
 0.000013501616
 0.000009999591
 0.000013425433
 0.000011427120
 0.000011153200
 0.000015741396
 0.000007419719
 0.000007238087
 0.000009149603
 0.000009566325
 0.000007665391
 0.000007300564
 0.000005988382
 0.000022001434
 0.000014964781
 0.000016461940
 0.000027806773
 0.000008910100
 0.000004774780
 0.000005573791
 0.000029410770
 0.000018694306
 0.000003280973
 0.000011629178
 0.000004548055
 0.000008052138
 0.000010625190
 0.000010515738
 0.000008906234
 0.000015310778
 0.000022392216
 0.000009559043
 0.000014550138
 0.000006486512
 0.000007369019
 0.000005592247
 0.000007028475
 0.000009885954
 0.000012117537
 0.000015303982
 0.000015368844
 0.000012166509
 0.000014531380
 0.000008930081
 0.000006799934
 0.000007636318
 0.000009631359
 0.000015295397
 0.000009259407
 0.000010740406
 0.000016052849
 0.000027314795
 0.000007222934
 0.000006883102
 0.000008009139
 0.000015987812
 0.000006002176
 0.000005091511
 0.000009520397
 0.000014158780
 0.000005068428
 0.000006277061
 0.000009568805
 0.000014241546
 0.000007322272
 0.000010434318
 0.000025122308
 0.000010718448
 0.000009518138
 0.000005521466
 0.000012992411
 0.000008192959
 0.000011741122
 0.000006520562
 0.000015101394
 0.000011756091
 0.000038586598
 0.000024529663
 0.000012902654
 0.000019133626
 0.000011317632
 0.000010391109
 0.000037233355
 0.000007454913
 0.000018746156
 0.000013670116
 0.000004936950
 0.000016243626
 0.000006129569
 0.000012362145
 0.000013955017
 0.000012684937
 0.000007010327
 0.000010923100
 0.000010541182
 0.000014599154
 0.000009230108
 0.000007853499
 0.000012139867
 0.000009349713
 0.000008216123
 0.000009205951
 0.000012583716
 0.000034810747
 0.000010683831
 0.000006233298
 0.000005636108
 0.000008241423
 0.000006565920
 0.000015037794
 0.000005726898
 0.000009179001
 0.000017478940
 0.000016575355
 0.000014480652
 0.000013747135
 0.000024477988
 0.000008511819
 0.000022061079
 0.000009769069
 0.000010371100
 0.000007812539
 0.000016145178
 0.000021107373
 0.000039399558
 0.000015026889
 0.000009935448
 0.000006458252
 0.000010822290
 0.000008019086
 0.000013862124
 0.000013122632
 0.000009920398
 0.000014446692
 0.000044479005
 0.000019525573
 0.000012680808
 0.000013896820
 0.000015744193
 0.000015150271
 0.000004829759
 0.000012811480
 0.000007641045
 0.000006296714
 0.000005880791
 0.000003106616
 0.000007154466
 0.000004267716
 0.000005129174
 0.000008395850
 0.000004475685
 0.000004689578
 0.000004069809
 0.000008873346
 0.000007485719
 0.000007496516
 0.000005027540
 0.000002715013
 0.000008912760
 0.000011422478
 0.000005414752
 0.000004150778
 0.000015573976
 0.000027425801
 0.000034227381
 0.000008827500
 0.000010060831
 0.000040389842
 0.000015978531
 0.000026913589
 0.000018443720
 0.000018860565
 0.000011230327
 0.000020754967
 0.000050146732
 0.000018877480
 0.000038399887
 0.000022605354
 0.000010696796
 0.000022690287
 0.000010882410
 0.000047860637
 0.000024392962
 0.000011913002
 0.000013465652
 0.000011150522
 0.000016455340
 0.000017387048
 0.000008390760
 0.000014134882
 0.000010332466
 0.000008942728
 0.000030098271
 0.000016047558
 0.000029692200
 0.000017573419
 0.000010718551
 0.000012683680
 0.000015214331
 0.000010066071
 0.000014027799
 0.000022705986
 0.000012384158
 0.000014059044
 0.000018472100
 0.000024194943
 0.000043255949
 0.000020686013
 0.000036982131
 0.000025484067
 0.000060213704
 0.000029923047
 0.000011812174
 0.000023012132
 0.000027054305
 0.000019647888
 0.000028959902
 0.000007466734
 0.000021694383
 0.000022083385
 0.000006388368
 0.000004088474
 0.000007103087
 0.000008977158
 0.000006701188
 0.000009303367
 0.000018045983
 0.000022386904
 0.000012060483
 0.000053099649
 0.000012669919
 0.000013069468
 0.000028699820
 0.000008912695
 0.000028352752
 0.000011901774
 0.000013291936
 0.000007756130
 0.000022634067
 0.000018068732
 0.000015408309
 0.000010920561
 0.000009916274
 0.000020760912
 0.000021075182
 0.000012728414
 0.000011241120
 0.000011199346
 0.000018785011
 0.000015236769
 0.000011679851
 0.000016569886
 0.000016610660
 0.000021337319
 0.000019588802
 0.000013100312
 0.000024962392
 0.000009779235
 0.000035679361
 0.000043142341
 0.000021313938
 0.000010092766
 0.000018970461
 0.000018127075
 0.000010001162
 0.000021024649
 0.000026771222
 0.000030485964
 0.000025838560
 0.000026725107
 0.000016569273
 0.000013688272
 0.000015745078
 0.000005973407
 0.000007314600
 0.000014483119
 0.000013565167
 0.000005149840
 0.000010953881
 0.000013989992
 0.000022173719
 0.000022662183
 0.000009800464
 0.000045325263
 0.000011559754
 0.000015107637
 0.000025259205
 0.000036893024
 0.000012374563
 0.000017337925
 0.000016528291
 0.000012570130
 0.000020616686
 0.000008455722
 0.000015797941
 0.000018103922
 0.000020404272
 0.000014544482
 0.000011524465
 0.000019643106
 0.000017048310
 0.000013209967
 0.000002832413
 0.000024984320
 0.000010526832
 0.000020263176
 0.000004208705
 0.000018573702
 0.000011343225
 0.000004583687
 0.000005711979
 0.000006306530
 0.000006837315
 0.000005302601
 0.000004982962
 0.000012767458
 0.000009890392
 0.000013264846
 0.000007730040
 0.000005421096
 0.000015283192
 0.000009536576
 0.000009033307
 0.000006958194
 0.000004688913
 0.000003186036
 0.000005061936
 0.000007095267
 0.000002759971
 0.000005169833
 0.000004541090
 0.000003602138
 0.000005725465
 0.000002474927
 0.000002985825
 0.000005383383
 0.000005111580
 0.000003972506
 0.000002494610
 0.000004051513
 0.000011779485
 0.000005557173
 0.000007254959
 0.000005170078
 0.000005272365
 0.000003340840
 0.000013019490
 0.000002248847
 0.000011470900
 0.000009381913
 0.000005340804
 0.000010016461
 0.000006221167
 0.000009487203
 0.000004064747
 0.000005104050
 0.000008045438
 0.000005942193
 0.000012385534
 0.000004870276
 0.000008325593
 0.000005269718
 0.000010801903
 0.000008856511
 0.000006317085
 0.000010924637
 0.000022427484
 0.000016450111
 0.000016484085
 0.000009059275
 0.000005986441
 0.000013517341
 0.000009435960
 0.000026629483
 0.000024346855
 0.000026009574
 0.000027942252
 0.000018971556
 0.000012315778
 0.000024784337
 0.000015527859
 0.000018232661
 0.000014135000
 0.000015987254
 0.000038957376
 0.000009103643
 0.000019770266
 0.000017313117
 0.000044593119
 0.000021878539
 0.000015679799
 0.000010056679
 0.000008351217
 0.000005428151
 0.000011678260
 0.000015700842
 0.000012011068
 0.000011758144
 0.000007612121
 0.000016458312
 0.000005255534
 0.000009756880
 0.000008708020
 0.000018836381
 0.000013541565
 0.000006799846
 0.000016129003
 0.000012785593
 0.000009383064
 0.000028464104
 0.000015584588
 0.000027909610
 0.000033168250
 0.000034312288
 0.000035671540
 0.000015670945
 0.000020646197
 0.000023029994
 0.000027193778
 0.000017414414
 0.000029439099
 0.000013664956
 0.000009064809
 0.000015908205
 0.000012789091
 0.000012899187
 0.000042998381
 0.000020367642
 0.000028250282
 0.000022327796
 0.000014923817
 0.000018950974
 0.000012888897
 0.000016161917
 0.000014506915
 0.000005961563
 0.000034421914
 0.000012921504
 0.000024045601
 0.000016993443
 0.000012373448
 0.000018913510
 0.000004752941
 0.000009103682
 0.000012169712
 0.000018388229
 0.000016261071
 0.000013590524
 0.000014751367
 0.000027460967
 0.000046689688
 0.000063382833
 0.000038067350
 0.000086068278
 0.000074091201
 0.000039975339
 0.000025483143
 0.000027934996
 0.000080619398
 0.000033763199
 0.000038208016
 0.000027032629
 0.000023079652
 0.000013919140
 0.000025034612
 0.000024628930
 0.000028502573
 0.000040547001
 0.000031464656
 0.000034608131
 0.000019753421
 0.000045278543
 0.000015399161
 0.000017167317
 0.000007952185
 0.000009613552
 0.000023028988
 0.000018183287
 0.000019507704
 0.000032485160
 0.000024187940
 0.000007078370
 0.000023561256
 0.000022185681
 0.000050488368
 0.000044587672
 0.000076644025
 0.000030311031
 0.000033165958
 0.000047988723
 0.000020057512
 0.000021373825
 0.000050142778
 0.000036035511
 0.000031996762
 0.000023331040
 0.000037366857
 0.000021314659
 0.000058725964
 0.000022002504
 0.000025908717
 0.000023391532
 0.000032569442
 0.000011347652
 0.000037356212
 0.000039769179
 0.000012943431
 0.000015194004
 0.000017013558
 0.000022207189
 0.000025221845
 0.000036853268
 0.000022596862
 0.000028150228
 0.000032104108
 0.000037241960
 0.000031169090
 0.000010974897
 0.000034731499
 0.000024321772
 0.000021355659
 0.000017323638
 0.000027974403
 0.000041603005
 0.000012929962
 0.000035509531
 0.000030988598
 0.000039885573
 0.000020967391
 0.000015428518
 0.000015246984
 0.000025691920
 0.000021772328
 0.000020095477
 0.000038189053
 0.000027853198
 0.000031594522
 0.000013891622
 0.000025071644
 0.000009061198
 0.000042845410
 0.000014781765
 0.000030980405
 0.000040074361
 0.000043507083
 0.000012082549
 0.000020798195
 0.000024029427
 0.000023581426
 0.000027065728
 0.000026861311
 0.000014833996
 0.000122958017
 0.000042106857
 0.000015380962
 0.000038845623
 0.000017924730
 0.000022219375
 0.000014773663
 0.000019265944
 0.000013113926
 0.000036936401
 0.000012209874
 0.000030807601
 0.000036734443
 0.000037724692
 0.000025372973
 0.000025687524
 0.000062168149
 0.000032274725
 0.000053310837
 0.000021304372
 0.000014050318
 0.000041008064
 0.000047232356
 0.000032470993
 0.000027614446
 0.000010140141
 0.000034741568
 0.000029902419
 0.000029628558
 0.000014733739
 0.000040197212
 0.000011558206
 0.000032792631
 0.000038283632
 0.000076807178
 0.000052275645
 0.000033007595
 0.000039324856
 0.000025029658
 0.000033295860
 0.000033237731
 0.000036140667
 0.000029912087
 0.000050636931
 0.000029847076
 0.000010681159
 0.000024417276
 0.000036752608
 0.000037568025
 0.000020422939
 0.000045820390
 0.000012470994
 0.000041911923
 0.000010788555
 0.000039242783
 0.000012794461
 0.000024039616
 0.000055859925
 0.000050764936
 0.000038087983
 0.000028324289
 0.000087333288
 0.000071894998
 0.000042814929
 0.000045752027
 0.000030125261
 0.000054192108
 0.000020045686
 0.000035560461
 0.000027878586
 0.000019180680
 0.000022263928
 0.000022998644
 0.000026991045
 0.000027010239
 0.000015692861
 0.000031805492
 0.000039164244
 0.000036904616
 0.000033127200
 0.000024803364
 0.000036817382
 0.000015679532
 0.000046165587
 0.000021205934
 0.000022458551
 0.000052070407
 0.000044112826
 0.000029124006
 0.000022580579
 0.000021633947
 0.000019439444
 0.000018810324
 0.000019032951
 0.000060760288
 0.000015572699
 0.000012968122
 0.000023261202
 0.000043223179
 0.000021769223
 0.000025232588
 0.000029794401
 0.000028814100
 0.000028949321
 0.000032488717
 0.000024978624
 0.000023045995
 0.000029224671
 0.000019656889
 0.000035257117
 0.000018388188
 0.000028604500
 0.000021602303
 0.000029738291
 0.000038792631
 0.000045314884
 0.000038998756
 0.000031586681
 0.000026725189
 0.000039583275
 0.000022745065
 0.000020415994
 0.000019114468
 0.000013739059
 0.000022546561
 0.000013988482
 0.000033721393
 0.000014530965
 0.000033765158
 0.000010668601
 0.000036429604
 0.000014898145
 0.000014402049
 0.000030024334
 0.000035017165
 0.000017180319
 0.000024188898
 0.000055806524
 0.000020691116
 0.000015687131
 0.000040188293
 0.000025581835
 0.000011984158
 0.000032368974
 0.000022244351
 0.000016024113
 0.000010270915
 0.000015312612
 0.000018367589
 0.000032631929
 0.000021003958
 0.000025462404
 0.000029915322
 0.000019293539
 0.000026440448
 0.000037992545
 0.000029232193
 0.000018375125
 0.000022519346
 0.000022705693
 0.000019591697
 0.000024392584
 0.000027592139
 0.000037675614
 0.000027053040
 0.000024861846
 0.000021772052
 0.000040954945
 0.000018451252
 0.000027462717
 0.000038841234
 0.000059740589
 0.000050858129
 0.000144823221
 0.000037485811
 0.000040102530
 0.000062504921
 0.000018648460
 0.000215424873
 0.000071223311
 0.000039788213
 0.000030364610
 0.000017304842
 0.000028957480
 0.000037175247
 0.000114659751
 0.000023736231
 0.000025426929
 0.000032825060
 0.000019443923
 0.000034804758
 0.000028794994
 0.000041370235
 0.000040523349
 0.000015446627
 0.000055625384
 0.000074502588
 0.000017273386
 0.000024316335
 0.000024248211
 0.000018496104
 0.000037386055
 0.000018207104
 0.000033254896
 0.000022961152
 0.000042809101
 0.000028884346
 0.000066277954
 0.000044159194
 0.000020008419
 0.000070561203
 0.000088015193
 0.000033423705
 0.000060441147
 0.000060319430
 0.000045559395
 0.000062237276
 0.000036561936
 0.000050183450
 0.000015741177
 0.000051991227
 0.000039658363
 0.000049032409
 0.000048150307
 0.000045590005
 0.000109390565
 0.000056840661
 0.000038670309
 0.000024337975
 0.000036136910
 0.000033497292
 0.000042516235
 0.000027201869
 0.000024939672
 0.000030812463
 0.000041852916
 0.000043290613
 0.000049460780
 0.000060566297
 0.000039505578
 0.000038845719
 0.000030220859
 0.000072953086
 0.000107683754
 0.000051552220
 0.000100044225
 0.000085893257
 0.000098542148
 0.000083119985
 0.000060340358
 0.000049259663
 0.000059650237
 0.000035305560
 0.000083399473
 0.000046301006
 0.000043764721
 0.000033123961
 0.000097443386
 0.000088534544
 0.000072540815
 0.000064469646
 0.000060114503
 0.000060033575
 0.000069507118
 0.000059300192
 0.000041673220
 0.000033137660
 0.000148538735
 0.000067249421
 0.000144292799
 0.000047885523
 0.000077955404
 0.000122047518
 0.000121975044
 0.000054249929
 0.000132035407
 0.000083020418
 0.000056082290
 0.000039068854
 0.000038314390
 0.000019124706
 0.000046030165
 0.000016030813
 0.000018716746
 0.000025969119
 0.000030784522
 0.000053606105
 0.000044009636
 0.000049796501
 0.000091469028
 0.000052611114
 0.000088955377
 0.000048342178
 0.000009739435
 0.000016868284
 0.000011663274
 0.000057243120
 0.000043314273
 0.000019917597
 0.000034696230
 0.000017235340
 0.000044515034
 0.000023349713
 0.000025027344
 0.000016441048
 0.000020886103
 0.000017634936
 0.000044815495
 0.000038303814
 0.000027717011
 0.000031918931
 0.000013708078
 0.000033599760
 0.000023120154
 0.000027674040
 0.000023757970
 0.000015841090
 0.000026480752
 0.000039074310
 0.000054962617
 0.000048937808
 0.000021900660
 0.000039527347
 0.000033910232
 0.000047526204
 0.000030085341
 0.000016123699
 0.000020568182
 0.000043539517
 0.000070662833
 0.000038315626
 0.000042745148
 0.000050228420
 0.000057475717
 0.000024780861
 0.000024218168
 0.000014735451
 0.000035654634
 0.000019457788
 0.000023224837
 0.000050682071
 0.000051009647
 0.000064691311
 0.000036873494
 0.000043052894
 0.000076748064
 0.000014298054
 0.000020348393
 0.000036809310
 0.000019243325
 0.000020937123
 0.000026028301
 0.000030484717
 0.000029474876
 0.000026255036
 0.000059537609
 0.000031439674
 0.000044654086
 0.000053712808
 0.000040030064
 0.000043526780
 0.000012090500
 0.000024951726
 0.000022400897
 0.000032576710
 0.000028433301
 0.000022121025
 0.000028880395
 0.000024145402
 0.000025511641
 0.000041376950
 0.000020706433
 0.000041796061
 0.000047912380
 0.000038081551
 0.000045153531
 0.000043373722
 0.000017422219
 0.000027278107
 0.000023224766
 0.000035053507
 0.000006666856
 0.000026337074
 0.000034230411
 0.000016082791
 0.000037349081
 0.000032629063
 0.000020425622
 0.000074672097
 0.000094619894
 0.000033320723
 0.000037576753
 0.000017726808
 0.000022832063
 0.000018583649
 0.000008956728
 0.000015855927
 0.000019057283
 0.000012751534
 0.000027431989
 0.000030552354
 0.000032564713
 0.000022299414
 0.000051073683
 0.000075047488
 0.000031132208
 0.000041190111
 0.000075127965
 0.000040362028
 0.000028324585
 0.000040787512
 0.000054896841
 0.000141645483
 0.000056154241
 0.000056364229
 0.000028374841
 0.000023651750
 0.000081182792
 0.000027411773
 0.000041009928
 0.000023332877
 0.000031903981
 0.000026999465
 0.000035772650
 0.000029961193
 0.000053269933
 0.000048841358
 0.000015670702
 0.000040309337
 0.000059210166
 0.000027607182
 0.000066146104
 0.000038751490
 0.000024991162
 0.000024666489
 0.000191923285
 0.000077880284
 0.000029201786
 0.000057479676
 0.000061205436
 0.000015951686
 0.000032861359
 0.000053052017
 0.000032540532
 0.000033889896
 0.000091353877
 0.000071764522
 0.000053901941
 0.000032033330
 0.000046453583
 0.000031371657
 0.000011659156
 0.000037138572
 0.000028124898
 0.000025014859
 0.000022181335
 0.000021198657
 0.000020394733
 0.000025299020
 0.000008996398
 0.000016033953
 0.000009268445
 0.000014758869
 0.000026481354
 0.000018127563
 0.000014825081
 0.000009549273
 0.000021186387
 0.000047676833
 0.000018425974
 0.000020006425
 0.000040684436
 0.000013035949
 0.000025400206
 0.000054916333
 0.000025992955
 0.000038843540
 0.000022122909
 0.000010722606
 0.000065099628
 0.000058137972
 0.000034530859
 0.000023978163
 0.000025634620
 0.000035255493
 0.000008312969
 0.000023652652
 0.000019508107
 0.000024784460
 0.000023651571
 0.000052590060
 0.000047722038
 0.000024183093
 0.000011311113
 0.000012125081
 0.000026007476
 0.000025782742
 0.000006737242
 0.000013237084
 0.000009678119
 0.000011888746
 0.000038565900
 0.000015063597
 0.000021781022
 0.000020886152
 0.000020494860
 0.000007890276
 0.000013568230
 0.000017382833
 0.000014401387
 0.000022304042
 0.000010437156
 0.000025154947
 0.000024561327
 0.000007783774
 0.000012302209
 0.000017649969
 0.000004007947
 0.000009404221
 0.000021715388
 0.000011060476
 0.000010611612
 0.000023592438
 0.000024364525
 0.000029441447
 0.000032770984
 0.000017528968
 0.000015678955
 0.000031505295
 0.000024345751
 0.000014362916
 0.000017206245
 0.000015314733
 0.000013780350
 0.000014386374
 0.000014453807
 0.000010306101
 0.000020688296
 0.000022861248
 0.000021314968
 0.000014588669
 0.000014201315
 0.000020908699
 0.000022201786
 0.000015711933
 0.000012170689
 0.000008519359
 0.000010007162
 0.000008078820
 0.000014399704
 0.000009332009
 0.000016622550
 0.000007954634
 0.000009276561
 0.000005406539
 0.000005265155
 0.000028322299
 0.000017027621
 0.000012813531
 0.000042164421
 0.000028903296
 0.000030670464
 0.000014688671
 0.000024682881
 0.000010276541
 0.000012809587
 0.000013867535
 0.000025887527
 0.000008735948
 0.000008203408
 0.000024976434
 0.000026009142
 0.000028908401
 0.000038903630
 0.000018402625
 0.000020514567
 0.000035440849
 0.000020679233
 0.000038524631
 0.000043973621
 0.000056313128
 0.000039855838
 0.000019440074
 0.000013189781
 0.000010224149
 0.000012052761
 0.000011111912
 0.000013709792
 0.000027424254
 0.000025757308
 0.000016919281
 0.000016664106
 0.000018466737
 0.000019353657
 0.000072083939
 0.000026051840
 0.000074079445
 0.000015400697
 0.000040515651
 0.000018905262
 0.000019163247
 0.000030708625
 0.000021988600
 0.000013033058
 0.000022509446
 0.000017840138
 0.000016676980
 0.000023781301
 0.000012761099
 0.000021746138
 0.000024844841
 0.000015199336
 0.000034084365
 0.000060344351
 0.000023922633
 0.000012895607
 0.000023231754
 0.000017872899
 0.000016370800
 0.000017114985
 0.000014499627
 0.000040982589
 0.000017804247
 0.000018555145
 0.000019592404
 0.000010017157
 0.000021816785
 0.000013453539
 0.000017749098
 0.000038962096
 0.000009369984
 0.000022596652
 0.000029098406
 0.000033178644
 0.000011946713
 0.000037480578
 0.000032814495
 0.000020191413
 0.000089149827
 0.000020708103
 0.000009064414
 0.000040873104
 0.000042546908
 0.000014302841
 0.000019808780
 0.000017347837
 0.000017019953
 0.000018932848
 0.000021825704
 0.000010656303
 0.000011859488
 0.000019987502
 0.000032075618
 0.000025339140
 0.000016328264
 0.000035038413
 0.000018511141
 0.000012399405
 0.000015324478
 0.000033034511
 0.000029419090
 0.000015074960
 0.000019637512
 0.000018735815
 0.000033052848
 0.000029383700
 0.000016083536
 0.000015990004
 0.000010247062
 0.000034578696
 0.000027447586
 0.000014442433
 0.000007948634
 0.000011023970
 0.000022976115
 0.000034971074
 0.000025756536
 0.000018439511
 0.000036246280
 0.000021209255
 0.000032841813
 0.000018017188
 0.000060049150
 0.000033645779
 0.000018886466
 0.000016616631
 0.000016242844
 0.000014479826
 0.000020570606
 0.000011056811
 0.000011077619
 0.000014765259
 0.000016550104
 0.000011358357
 0.000022578915
 0.000017218785
 0.000016229648
 0.000037440899
 0.000017590111
 0.000046635897
 0.000016088373
 0.000038877531
 0.000015052673
 0.000017881226
 0.000022918012
 0.000013211471
 0.000016903728
 0.000017202342
 0.000022405695
 0.000021183829
 0.000049273499
 0.000021740109
 0.000011457283
 0.000010889243
 0.000060924458
 0.000032560578
 0.000012377047
 0.000016043415
 0.000014980503
 0.000023141966
 0.000033600202
 0.000030788145
 0.000010784098
 0.000018367135
 0.000017937225
 0.000029503100
 0.000020005542
 0.000010648495
 0.000007497969
 0.000015819647
 0.000018051179
 0.000012311587
 0.000022261436
 0.000027359740
 0.000013702486
 0.000018380599
 0.000012518249
 0.000016202890
 0.000023729783
 0.000017604707
 0.000016958920
 0.000043460312
 0.000006284328
 0.000019629371
 0.000025206234
 0.000016130815
 0.000012650971
 0.000033648369
 0.000042599100
 0.000057203816
 0.000018708775
 0.000019117151
 0.000027275683
 0.000016726102
 0.000020786615
 0.000009459353
 0.000020409114
 0.000024995669
 0.000011319333
 0.000031061471
 0.000022265931
 0.000016818822
 0.000017493020
 0.000022092504
 0.000034846984
 0.000017040771
 0.000026515944
 0.000010964059
 0.000011708439
 0.000012490305
 0.000010330023
 0.000011945386
 0.000018616958
 0.000017999579
 0.000017148374
 0.000019489670
 0.000044798831
 0.000025471559
 0.000048517648
 0.000027325733
 0.000018513352
 0.000021186329
 0.000111706243
 0.000049191020
 0.000015044960
 0.000026305752
 0.000023915290
 0.000032061781
 0.000045117116
 0.000028129562
 0.000024442604
 0.000023166027
 0.000044368972
 0.000047541305
 0.000050658259
 0.000059923769
 0.000025360512
 0.000073666100
 0.000047020157
 0.000055513111
 0.000029898437
 0.000027631545
 0.000019681869
 0.000074463384
 0.000067706697
 0.000034416770
 0.000014548558
 0.000012409427
 0.000021702990
 0.000043659716
 0.000036143288
 0.000025421641
 0.000022986543
 0.000072496728
 0.000045180705
 0.000019669650
 0.000022676945
 0.000016473944
 0.000019134845
 0.000013123734
 0.000008570026
 0.000052308859
 0.000017085101
 0.000035820397
 0.000027006452
 0.000037060521
 0.000015821109
 0.000017622253
 0.000027052698
 0.000031392118
 0.000083096131
 0.000056879196
 0.000023789035
 0.000031736121
 0.000054492565
 0.000032296601
 0.000014511419
 0.000027822488
 0.000017249182
 0.000039369870
 0.000027838050
 0.000014623342
 0.000007903182
 0.000012483903
 0.000018509121
 0.000017768730
 0.000019476170
 0.000014974143
 0.000012694004
 0.000009625735
 0.000009278211
 0.000006491517
 0.000005631580
 0.000010148758
 0.000014850754
 0.000020496862
 0.000017470819
 0.000012247987
 0.000013432515
 0.000015365317
 0.000018257590
 0.000015618226
 0.000019076189
 0.000016982834
 0.000009489444
 0.000011336585
 0.000018476578
 0.000055978971
 0.000027392953
 0.000018075888
 0.000027048542
 0.000021396510
 0.000032994923
 0.000059059651
 0.000019984771
 0.000041648979
 0.000052957426
 0.000019733041
 0.000022307143
 0.000026095896
 0.000019656556
 0.000054584070
 0.000016343254
 0.000015988079
 0.000008248754
 0.000059402183
 0.000018682767
 0.000043809881
 0.000023327003
 0.000038720868
 0.000021972430
 0.000027254303
 0.000010275898
 0.000019363423
 0.000020773115
 0.000030165515
 0.000040122808
 0.000017940759
 0.000013224474
 0.000023895863
 0.000031293719
 0.000021338666
 0.000077897632
 0.000032006808
 0.000036587824
 0.000024989113
 0.000016407146
 0.000008264859
 0.000016304605
 0.000037015974
 0.000032584051
 0.000047000229
 0.000038120958
 0.000035861285
 0.000036102623
 0.000082640213
 0.000049652989
 0.000037961890
 0.000062842835
 0.000032610325
 0.000045253676
 0.000067561597
 0.000035053841
 0.000021199371
 0.000064676957
 0.000025754990
 0.000029133851
 0.000032496905
 0.000108490192
 0.000033405922
 0.000112064788
 0.000085170492
 0.000096583241
 0.000200334777
 0.000162260121
 0.000080616569
 0.000085350643
 0.000128823688
 0.000132573868
 0.000124306335
 0.000142111364
 0.000072268254
 0.000166200451
 0.000179928905
 0.000062641599
 0.000220053677
 0.000098547226
 0.000069482031
 0.000132626692
 0.000051429236
 0.000092533551
 0.000092029706
 0.000130057185
 0.000105371490
 0.000064859218
 0.000040764489
 0.000060286323
 0.000059264556
 0.000184777268
 0.000069214454
 0.000131613487
 0.000128542419
 0.000094018100
 0.000079569978
 0.000048555781
 0.000058627373
 0.000069615049
 0.000030359310
 0.000024047684
 0.000014729524
 0.000013782107
 0.000023268668
 0.000023944163
 0.000016109071
 0.000019546130
 0.000011689525
 0.000022195918
 0.000025478848
 0.000024269020
 0.000048049525
 0.000027028845
 0.000011406113
 0.000025625899
 0.000007402567
 0.000020113577
 0.000023082992
 0.000039060351
 0.000014450997
 0.000009134004
 0.000028516619
 0.000005576953
 0.000006101324
 0.000021557182
 0.000031682161
 0.000019597864
 0.000014189090
 0.000028971605
 0.000019927885
 0.000016896664
 0.000020199870
 0.000012056721
 0.000020888943
 0.000013964740
 0.000025275105
 0.000014290362
 0.000009560359
 0.000011754658
 0.000018386999
 0.000010039089
 0.000014137244
 0.000027580987
 0.000029167251
 0.000025873248
 0.000012937442
 0.000025314603
 0.000014640005
 0.000041037959
 0.000025001728
 0.000014410941
 0.000018105853
 0.000028606032
 0.000014762890
 0.000010717118
 0.000019477774
 0.000015408091
 0.000030659977
 0.000013755302
 0.000012145354
 0.000008853222
 0.000024153213
 0.000008521531
 0.000016482384
 0.000025059286
 0.000009987948
 0.000019440769
 0.000008443244
 0.000033506705
 0.000025173153
 0.000025021784
 0.000062268343
 0.000011110003
 0.000013636415
 0.000028195285
 0.000033482603
 0.000033004738
 0.000015746778
 0.000013648007
 0.000030220165
 0.000017239847
 0.000024268439
 0.000020040748
 0.000005083965
 0.000039739289
 0.000025843889
 0.000027540295
 0.000028555569
 0.000012942633
 0.000032273573
 0.000015215286
 0.000015770094
 0.000018355416
 0.000035569130
 0.000033565837
 0.000025312917
 0.000034352888
 0.000134987082
 0.000036073740
 0.000042501690
 0.000061313031
 0.000025278579
 0.000060678187
 0.000030820248
 0.000022403747
 0.000080063209
 0.000012683480
 0.000016973608
 0.000011043691
 0.000026112573
 0.000077904710
 0.000064611596
 0.000019003501
 0.000017052660
 0.000014134543
 0.000014605322
 0.000007633715
 0.000011598022
 0.000017473117
 0.000024486891
 0.000012542276
 0.000014553958
 0.000008588612
 0.000053365108
 0.000014276524
 0.000019887757
 0.000012881299
 0.000015049268
 0.000025769480
 0.000071579566
 0.000030231679
 0.000024223235
 0.000007458164
 0.000015548452
 0.000015385397
 0.000020447204
 0.000013326573
 0.000019227727
 0.000011397941
 0.000012244160
 0.000013026033
 0.000013208840
 0.000010253821
 0.000008152347
 0.000014080581
 0.000010795008
 0.000013980919
 0.000009248612
 0.000015532229
 0.000005588516
 0.000013291069
 0.000032140352
 0.000015386167
 0.000015821602
 0.000006479111
 0.000015727188
 0.000026020635
 0.000028600528
 0.000008638238
 0.000005308142
 0.000010841667
 0.000006835909
 0.000010159747
 0.000027986177
 0.000024030390
 0.000002881152
 0.000010455466
 0.000010635961
 0.000011014424
 0.000019436822
 0.000022416390
 0.000018073166
 0.000027484117
 0.000038820764
 0.000064023083
 0.000161956304
 0.000068751385
 0.000066959148
 0.000032722250
 0.000046364772
 0.000032132940
 0.000018010932
 0.000022130731
 0.000022097431
 0.000011057366
 0.000017973639
 0.000015008327
 0.000013164004
 0.000010159382
 0.000030475762
 0.000028281176
 0.000021959386
 0.000021492220
 0.000017085951
 0.000017352025
 0.000031281339
 0.000020337363
 0.000015281786
 0.000007579446
 0.000025453600
 0.000031402156
 0.000038540763
 0.000020963397
 0.000014264170
 0.000024974772
 0.000010587158
 0.000011766667
 0.000031202400
 0.000040302142
 0.000051435570
 0.000030089832
 0.000024946777
 0.000022920224
 0.000056787815
 0.000058255529
 0.000031057898
 0.000076996964
 0.000095231108
 0.000084636742
 0.000023929983
 0.000074900671
 0.000024209859
 0.000060869365
 0.000105927140
 0.000024796093
 0.000016871655
 0.000047259426
 0.000022460635
 0.000049162195
 0.000072219348
 0.000071048552
 0.000046104140
 0.000019716584
 0.000025760429
 0.000095540469
 0.000072609515
 0.000020930868
 0.000046537901
 0.000067707554
 0.000044946634
 0.000049098630
 0.000133701192
 0.000064440402
 0.000034044467
 0.000062790720
 0.000053019623
 0.000059683360
 0.000024407802
 0.000069963150
 0.000026145055
 0.000072546804
 0.000120055482
 0.000029841311
 0.000058625840
 0.000037530071
 0.000019246304
 0.000015002756
 0.000018465421
 0.000007289324
 0.000006161988
 0.000006148106
 0.000006225260
 0.000018399432
 0.000016983211
 0.000005405507
 0.000004751071
 0.000006250003
 0.000008360639
 0.000005571954
 0.000011300788
 0.000014127149
 0.000031266166
 0.000029764433
 0.000032290072
 0.000013501818
 0.000021105066
 0.000025316254
 0.000014205235
 0.000011218746
 0.000019987299
 0.000007052372
 0.000027661143
 0.000004619773
 0.000004258204
 0.000010292402
 0.000007344607
 0.000007736313
 0.000003604217
 0.000010211095
 0.000011784107
 0.000026721459
 0.000007527570
 0.000016126600
 0.000033200743
 0.000019154376
 0.000021438221
 0.000047755159
 0.000042535601
 0.000046526253
 0.000127979615
 0.000024556581
 0.000021882270
 0.000019371387
 0.000022596122
 0.000014232071
 0.000035073097
 0.000032516645
 0.000037360944
 0.000035599163
 0.000035708610
 0.000020210953
 0.000054673337
 0.000017613850
 0.000039846640
 0.000037559485
 0.000021323044
 0.000027214330
 0.000025093068
 0.000053804839
 0.000064860061
 0.000061193681
 0.000076857172
 0.000074877820
 0.000069917105
 0.000038475328
 0.000032645019
 0.000058316295
 0.000035635234
 0.000029842434
 0.000022054475
 0.000027434985
 0.000009646909
 0.000029039079
 0.000038455282
 0.000029750224
 0.000028104753
 0.000013977680
 0.000015542784
 0.000025787494
 0.000013283575
 0.000044657915
 0.000077715480
 0.000022852826
 0.000020345592
 0.000026264797
 0.000052834367
 0.000035789684
 0.000023340136
 0.000022270196
 0.000022990599
 0.000050936147
 0.000035851187
 0.000016557487
 0.000047976873
 0.000035516939
 0.000026088576
 0.000024251345
 0.000026948298
 0.000035438428
 0.000047145547
 0.000027052845
 0.000028741498
 0.000015243082
 0.000024167781
 0.000028392686
 0.000023228873
 0.000009520991
 0.000015744069
 0.000020936458
 0.000015939598
 0.000011252012
 0.000019676427
 0.000023021663
 0.000031679429
 0.000017436810
 0.000016623664
 0.000022409833
 0.000034482819
 0.000037360052
 0.000037965957
 0.000019212078
 0.000023169167
 0.000012968383
 0.000030858122
 0.000018120521
 0.000010564442
 0.000015376015
 0.000024582255
 0.000010437069
 0.000033505038
 0.000008512035
 0.000003623293
 0.000006613530
 0.000006715085
 0.000028419944
 0.000014820901
 0.000009755691
 0.000011569747
 0.000007558600
 0.000011465535
 0.000004389186
 0.000016426371
 0.000010480954
 0.000008635176
 0.000007127531
 0.000010044134
 0.000020814261
 0.000021943297
 0.000014278431
 0.000017233369
 0.000021044048
 0.000019069488
 0.000025964424
 0.000011011735
 0.000010720693
 0.000023937733
 0.000014669403
 0.000022402200
 0.000019047539
 0.000009567356
 0.000014478591
 0.000009305338
 0.000010993118
 0.000006495308
 0.000029302598
 0.000018643762
 0.000069072174
 0.000051819661
 0.000069760157
 0.000028292595
 0.000054890346
 0.000015431312
 0.000068725836
 0.000042087804
 0.000020180052
 0.000046630542
 0.000019389549
 0.000025405178
 0.000039394183
 0.000071334035
 0.000024874357
 0.000048131085
 0.000061641181
 0.000023636197
 0.000065299083
 0.000055975661
 0.000058482490
 0.000044406753
 0.000073068711
 0.000039684113
 0.000066054904
 0.000057419450
 0.000037308064
 0.000034309939
 0.000030539811
 0.000062626830
 0.000066413938
 0.000031215123
 0.000131957280
 0.000054031474
 0.000050366862
 0.000058745188
 0.000048413186
 0.000049930874
 0.000059991282
 0.000103717357
 0.000063945997
 0.000090976951
 0.000081234334
 0.000060274567
 0.000105044651
 0.000049427068
 0.000064991814
 0.000062670528
 0.000057539816
 0.000073262620
 0.000076528097
 0.000105718218
 0.000044217743
 0.000033263706
 0.000024674981
 0.000018701015
 0.000052950325
 0.000041115906
 0.000070904989
 0.000033657153
 0.000010073324
 0.000011163109
 0.000024112896
 0.000049378762
 0.000036231384
 0.000028950333
 0.000100101999
 0.000027202397
 0.000037231131
 0.000088825810
 0.000084069689
 0.000084393115
 0.000084927325
 0.000046054427
 0.000026315723
 0.000039868882
 0.000013667255
 0.000039708419
 0.000024988063
 0.000135465815
 0.000137079206
 0.000047270637
 0.000059889034
 0.000048349800
 0.000025852636
 0.000124093878
 0.000049494714
 0.000019522118
 0.000015963528
 0.000087327935
 0.000034474511
 0.000020461268
 0.000045304972
 0.000020967267
 0.000009550272
 0.000013968411
 0.000027814847
 0.000017112596
 0.000015045815
 0.000020722572
 0.000010549674
 0.000029625177
 0.000022469398
 0.000040153361
 0.000018379653
 0.000011181574
 0.000017038541
 0.000013744635
 0.000044734351
 0.000023917907
 0.000026886409
 0.000042678486
 0.000012893756
 0.000056692020
 0.000023867548
 0.000082174685
 0.000026742248
 0.000036239620
 0.000011498164
 0.000038801486
 0.000053263799
 0.000048066859
 0.000011518349
 0.000024968136
 0.000039724473
 0.000049577583
 0.000031171311
 0.000050831073
 0.000137988953
 0.000092338524
 0.000087340280
 0.000081275250
 0.000041722143
 0.000046475768
 0.000049028273
 0.000044565894
 0.000032593148
 0.000049113919
 0.000048479055
 0.000085205733
 0.000036594676
 0.000067897663
 0.000070275900
 0.000094285002
 0.000083509911
 0.000112337924
 0.000073922519
 0.000055844478
 0.000159245483
 0.000055005670
 0.000082089877
 0.000034005371
 0.000022689274
 0.000047524933
 0.000011218004
 0.000018306357
 0.000013998728
 0.000012045514
 0.000017112343
 0.000036609597
 0.000023252059
 0.000028990642
 0.000024381477
 0.000034152043
 0.000030796433
 0.000039248305
 0.000016803958
 0.000011049131
 0.000054076024
 0.000082526583
 0.000030000717
 0.000063512977
 0.000020817371
 0.000024685282
 0.000036498249
 0.000014070444
 0.000020803924
 0.000016147041
 0.000031876807
 0.000023475708
 0.000087219017
 0.000082897312
 0.000030926192
 0.000024865392
 0.000026911796
 0.000035827248
 0.000053743479
 0.000077075187
 0.000031259858
 0.000081754342
 0.000067498126
 0.000018221186
 0.000035881676
 0.000022495766
 0.000021621327
 0.000038857841
 0.000082823942
 0.000048218266
 0.000064362656
 0.000024213415
 0.000086728523
 0.000023414929
 0.000030087540
 0.000031822268
 0.000080859344
 0.000027611272
 0.000019128267
 0.000024265385
 0.000030975915
 0.000022835250
 0.000016196061
 0.000007576080
 0.000020516279
 0.000035875517
 0.000084473550
 0.000067223507
 0.000058314490
 0.000021054015
 0.000104308722
 0.000070703831
 0.000039714683
 0.000047746063
 0.000021171631
 0.000036288064
 0.000016958882
 0.000018923743
 0.000057871287
 0.000034625666
 0.000024156762
 0.000028276751
 0.000038076581
 0.000024509299
 0.000018082898
 0.000025934562
 0.000045236880
 0.000037931001
 0.000029962833
 0.000013911182
 0.000012075951
 0.000038809178
 0.000106549670
 0.000020270654
 0.000010235521
 0.000019018301
 0.000016380176
 0.000018584798
 0.000011073619
 0.000024962361
 0.000027552011
 0.000017515074
 0.000039591190
 0.000019830677
 0.000034133962
 0.000018201723
 0.000012586998
 0.000009884321
 0.000012630671
 0.000013423772
 0.000014632977
 0.000005879199
 0.000016146380
 0.000010450967
 0.000014223142
 0.000017350984
 0.000008367545
 0.000003683270
 0.000010660679
 0.000004361345
 0.000010215219
 0.000011024695
 0.000014720440
 0.000008241413
 0.000008695104
 0.000018151901
 0.000014726960
 0.000009624674
 0.000009924728
 0.000013499724
 0.000016567734
 0.000004024523
 0.000004784313
 0.000046029328
 0.000013492883
 0.000005107459
 0.000010534868
 0.000009044476
 0.000003294347
 0.000010195668
 0.000005307854
 0.000010376687
 0.000028393589
 0.000012559325
 0.000006358291
 0.000008860750
 0.000007094946
 0.000008473738
 0.000008731565
 0.000003200749
 0.000014599952
 0.000008999446
 0.000004035069
 0.000011426250
 0.000009528685
 0.000004343755
 0.000008901096
 0.000004930529
 0.000005210003
 0.000003039658
 0.000006418443
 0.000015226187
 0.000008642601
 0.000012114400
 0.000005865920
 0.000013452770
 0.000006106788
 0.000014203937
 0.000014584409
 0.000004316174
 0.000009831850
 0.000013989246
 0.000013761391
 0.000008026800
 0.000005385330
 0.000005209549
 0.000007448113
 0.000004722643
 0.000014476443
 0.000022067495
 0.000004857792
 0.000007530076
 0.000004152662
 0.000007395551
 0.000005490508
 0.000011110064
 0.000003315242
 0.000004494954
 0.000003059064
 0.000003404033
 0.000007784461
 0.000007609723
 0.000007779179
 0.000020546786
 0.000009975582
 0.000004248793
 0.000012487639
 0.000018272795
 0.000036951777
 0.000022736092
 0.000025183543
 0.000040556760
 0.000032551359
 0.000021405879
 0.000029898921
 0.000008570483
 0.000010427347
 0.000023810422
 0.000018411808
 0.000008768315
 0.000010825379
 0.000025011385
 0.000005480753
 0.000011359927
 0.000015150205
 0.000008182692
 0.000014210672
 0.000009586562
 0.000009578486
 0.000028140083
 0.000009714978
 0.000007510566
 0.000016902045
 0.000013260766
 0.000021714349
 0.000039372367
 0.000029028831
 0.000055879428
 0.000037780566
 0.000027306617
 0.000022215041
 0.000006542634
 0.000012927237
 0.000015824594
 0.000032308109
 0.000010158582
 0.000022350579
 0.000022970260
 0.000018741854
 0.000082715401
 0.000043975108
 0.000010711017
 0.000029554211
 0.000014395234
 0.000008599459
 0.000006080352
 0.000027335075
 0.000017876157
 0.000039689181
 0.000024796394
 0.000017871226
 0.000024779070
 0.000016916965
 0.000034757267
 0.000045951880
 0.000030764706
 0.000025999473
 0.000024902282
 0.000025367320
 0.000110040946
 0.000017939260
 0.000075693367
 0.000031037465
 0.000014953990
 0.000034814653
 0.000020891940
 0.000045356390
 0.000008029310
 0.000012659973
 0.000031755591
 0.000066325799
 0.000053652556
 0.000026812462
 0.000029017453
 0.000022985057
 0.000033740916
 0.000048066680
 0.000040243480
 0.000031073471
 0.000016744276
 0.000081503796
 0.000057019527
 0.000022879217
 0.000019886577
 0.000050138455
 0.000017090026
 0.000054128876
 0.000025527091
 0.000021351506
 0.000007207049
 0.000080084491
 0.000024903444
 0.000016461146
 0.000027479243
 0.000013387103
 0.000028808286
 0.000043516765
 0.000031108457
 0.000025274442
 0.000014650758
 0.000029582027
 0.000026999760
 0.000015553324
 0.000042175671
 0.000009581835
 0.000019970557
 0.000018566029
 0.000024062728
 0.000006175229
 0.000021707576
 0.000051112608
 0.000045399274
 0.000031151049
 0.000035505904
 0.000018032491
 0.000014630748
 0.000006747881
 0.000008552159
 0.000009899250
 0.000014908428
 0.000024981041
 0.000014330665
 0.000009315871
 0.000012250431
 0.000019245010
 0.000015583685
 0.000009468810
 0.000027930130
 0.000009252267
 0.000022862523
 0.000022816200
 0.000017072512
 0.000017009649
 0.000018093608
 0.000008956269
 0.000043668173
 0.000013432719
 0.000026636316
 0.000062315041
 0.000032195987
 0.000028033527
 0.000048456124
 0.000042351161
 0.000039375949
 0.000021982550
 0.000053021786
 0.000027008494
 0.000018348762
 0.000006226455
 0.000030064747
 0.000034651840
 0.000032469574
 0.000020124014
 0.000011094379
 0.000031488781
 0.000022619564
 0.000004499276
 0.000012480179
 0.000022326485
 0.000031769156
 0.000035451397
 0.000015503379
 0.000049761916
 0.000024521358
 0.000039675385
 0.000065617438
 0.000028914560
 0.000073353640
 0.000043851572
 0.000067422610
 0.000041415469
 0.000088763677
 0.000180850581
 0.000178486370
 0.000054444405
 0.000062578223
 0.000034934847
 0.000099195743
 0.000052253575
 0.000054263398
 0.000074997949
 0.000039487144
 0.000110076133
 0.000072251649
 0.000065703703
 0.000061263279
 0.000090737437
 0.000069728410
 0.000018629499
 0.000035323360
 0.000031100277
 0.000061980515
 0.000159688910
 0.000028000307
 0.000014340840
 0.000013574528
 0.000036471252
 0.000052509522
 0.000036147046
 0.000040153413
 0.000014194645
 0.000023196822
 0.000010616862
 0.000030613761
 0.000022173124
 0.000021826464
 0.000035644427
 0.000027818650
 0.000022322160
 0.000012183019
 0.000011310333
 0.000011153506
 0.000011381588
 0.000016646041
 0.000033076350
 0.000013753712
 0.000038223667
 0.000025189054
 0.000033347828
 0.000014204787
 0.000015148079
 0.000020829544
 0.000011829839
 0.000020094507
 0.000026663551
 0.000017245173
 0.000031368009
 0.000043029040
 0.000044791883
 0.000065473362
 0.000074037017
 0.000046060640
 0.000025754056
 0.000033946306
 0.000023294637
 0.000020957302
 0.000048669744
 0.000035844498
 0.000024658070
 0.000012067068
 0.000023792142
 0.000102444223
 0.000032284095
 0.000034688285
 0.000086614567
 0.000028000952
 0.000028047693
 0.000032477704
 0.000075725779
 0.000047430738
 0.000037165291
 0.000071491069
 0.000035506787
 0.000052280556
 0.000039851249
 0.000065555006
 0.000038775380
 0.000084142277
 0.000050949679
 0.000047685415
 0.000071332443
 0.000042122271
 0.000069215658
 0.000056268148
 0.000032708025
 0.000045198332
 0.000069996108
 0.000053082066
 0.000023423091
 0.000075597391
 0.000017382685
 0.000012894388
 0.000024924891
 0.000014238730
 0.000021447374
 0.000011442245
 0.000014127399
 0.000046789868
 0.000014469010
 0.000051506034
 0.000063943998
 0.000042329682
 0.000050356668
 0.000024694285
 0.000014973636
 0.000029130153
 0.000024731491
 0.000013749261
 0.000010452892
 0.000016218720
 0.000030522825
 0.000015243118
 0.000013832598
 0.000033553600
 0.000075511431
 0.000029801203
 0.000027104331
 0.000031441918
 0.000011588250
 0.000034040668
 0.000015742822
 0.000045070225
 0.000041020942
 0.000041809029
 0.000015886828
 0.000027315636
 0.000018534427
 0.000032728527
 0.000017739571
 0.000072091380
 0.000029722544
 0.000020734111
 0.000036362371
 0.000034803148
 0.000017460487
 0.000037737226
 0.000013239989
 0.000022585471
 0.000017910149
 0.000009928368
 0.000012258061
 0.000020180697
 0.000018221628
 0.000010166123
 0.000052229950
 0.000034831321
 0.000016196458
 0.000041505126
 0.000055906688
 0.000099314397
 0.000088272702
 0.000066187713
 0.000075552837
 0.000037130797
 0.000043891391
 0.000038092955
 0.000052108522
 0.000059162900
 0.000043244207
 0.000018212255
 0.000012941807
 0.000033277723
 0.000018572618
 0.000088683176
 0.000028991157
 0.000035874365
 0.000037784115
 0.000025186797
 0.000153387069
 0.000104782008
 0.000032610514
 0.000107509811
 0.000061505429
 0.000048936825
 0.000025296957
 0.000018906555
 0.000046900978
 0.000058155962
 0.000052567405
 0.000025491103
 0.000058771872
 0.000065314092
 0.000057403651
 0.000025098972
 0.000041073372
 0.000032031207
 0.000029155560
 0.000016936062
 0.000037691568
 0.000081470789
 0.000039531023
 0.000058051442
 0.000042089990
 0.000019652203
 0.000023054470
 0.000059639670
 0.000115289037
 0.000021794994
 0.000070873398
 0.000086005251
 0.000025439972
 0.000037076390
 0.000033681880
 0.000099124630
 0.000029326822
 0.000036732771
 0.000068279174
 0.000039842023
 0.000040502775
 0.000031299840
 0.000093299892
 0.000091098075
 0.000124219347
 0.000074210297
 0.000094753905
 0.000115768589
 0.000083550523
 0.000089248382
 0.000039022277
 0.000019720222
 0.000051162775
 0.000068401689
 0.000052872171
 0.000034831459
 0.000072655359
 0.000056050040
 0.000023701741
 0.000046789110
 0.000020888126
 0.000040243474
 0.000095215624
 0.000059121553
 0.000113268569
 0.000050435954
 0.000097574844
 0.000051448799
 0.000076560779
 0.000051058907
 0.000051926519
 0.000033406864
 0.000044802863
 0.000078203244
 0.000032287362
 0.000053722848
 0.000041916316
 0.000065573901
 0.000061862042
 0.000058998207
 0.000019506791
 0.000028933704
 0.000014339731
 0.000021347195
 0.000079752518
 0.000021599261
 0.000038918154
 0.000035133969
 0.000041455090
 0.000031975621
 0.000072766585
 0.000031232739
 0.000031308262
 0.000020466036
 0.000040083390
 0.000049995583
 0.000063262720
 0.000028799832
 0.000035698989
 0.000051652601
 0.000144957340
 0.000050457816
 0.000080063042
 0.000216114946
 0.000110023625
 0.000093858736
 0.000101541830
 0.000057799241
 0.000035684420
 0.000052924948
 0.000084379487
 0.000069096760
 0.000061331374
 0.000033294106
 0.000184333276
 0.000054705854
 0.000173533486
 0.000035345901
 0.000044415969
 0.000025783951
 0.000052087431
 0.000053582004
 0.000079754153
 0.000055626714
 0.000032582458
 0.000048052270
 0.000032849976
 0.000073785299
 0.000055876283
 0.000027913363
 0.000018077298
 0.000034246999
 0.000052310382
 0.000024953684
 0.000035398484
 0.000064110695
 0.000032289950
 0.000040426660
 0.000034719220
 0.000009233378
 0.000064803297
 0.000055920840
 0.000132518714
 0.000055726978
 0.000031811938
 0.000129779179
 0.000054948310
 0.000044036876
 0.000051899171
 0.000024788384
 0.000030311295
 0.000058129226
 0.000063245403
 0.000124608484
 0.000059189519
 0.000072242602
 0.000087503159
 0.000045015310
 0.000025812009
 0.000033544564
 0.000120073645
 0.000028647970
 0.000011420665
 0.000022468052
 0.000009438139
 0.000018838845
 0.000010037960
 0.000007397729
 0.000006880202
 0.000006861294
 0.000011801627
 0.000014885138
 0.000006590284
 0.000020751997
 0.000021407670
 0.000015321752
 0.000022436014
 0.000009178370
 0.000010087487
 0.000009425541
 0.000011853628
 0.000032590681
 0.000010335383
 0.000011471581
 0.000014251172
 0.000017565049
 0.000016286353
 0.000023453054
 0.000034218382
 0.000008524477
 0.000015627717
 0.000014481482
 0.000018249842
 0.000019281429
 0.000007271510
 0.000009757818
 0.000023034822
 0.000052937391
 0.000008375786
 0.000012724229
 0.000012630891
 0.000009381734
 0.000010702901
 0.000010960359
 0.000015623961
 0.000007579433
 0.000010301405
 0.000016830266
 0.000003640943
 0.000007522118
 0.000004401662
 0.000002243027
 0.000008485702
 0.000005310103
 0.000009850626
 0.000007275589
 0.000004674287
 0.000005374321
 0.000008247578
 0.000015512697
 0.000009662878
 0.000003584634
 0.000004207312
 0.000017268038
 0.000021806040
 0.000014534625
 0.000006861637
 0.000004840400
 0.000011556496
 0.000029399386
 0.000010794163
 0.000019728152
 0.000013006655
 0.000011863643
 0.000010320975
 0.000007730308
 0.000005510979
 0.000008501453
 0.000008536997
 0.000004649702
 0.000002987201
 0.000004667658
 0.000009470217
 0.000004135804
 0.000003520963
 0.000001675675
 0.000012941587
 0.000023534365
 0.000007876570
 0.000006355543
 0.000004206446
 0.000019278469
 0.000022179661
 0.000007867763
 0.000030301596
 0.000025550973
 0.000024233535
 0.000007879968
 0.000010333188
 0.000014499640
 0.000026265463
 0.000001940268
 0.000005677122
 0.000007985513
 0.000006042713
 0.000012842096
 0.000009254833
 0.000011046395
 0.000009574529
 0.000014597353
 0.000008314338
 0.000006608657
 0.000011692914
 0.000023811683
 0.000009811875
 0.000008749737
 0.000015658340
 0.000013549339
 0.000024734891
 0.000012698963
 0.000010906763
 0.000008402002
 0.000010544359
 0.000009121316
 0.000012219074
 0.000009280654
 0.000007469905
 0.000002311391
 0.000003614906
 0.000011244165
 0.000012054117
 0.000012859380
 0.000019834613
 0.000007078784
 0.000008394284
 0.000056862694
 0.000010922721
 0.000010602714
 0.000009431205
 0.000014403687
 0.000019199152
 0.000009505283
 0.000019667026
 0.000017205070
 0.000009780283
 0.000017230177
 0.000025676341
 0.000018898689
 0.000019298916
 0.000009688740
 0.000008739499
 0.000049914067
 0.000016835083
 0.000017155462
 0.000012512905
 0.000010171568
 0.000013356803
 0.000016537025
 0.000010494378
 0.000015915863
 0.000006817698
 0.000009303290
 0.000012204652
 0.000008530210
 0.000016453530
 0.000007679458
 0.000014961866
 0.000008756508
 0.000007724281
 0.000020660442
 0.000017301340
 0.000019473407
 0.000011344072
 0.000008363038
 0.000031598932
 0.000014683553
 0.000018408145
 0.000026358507
 0.000014498887
 0.000014115874
 0.000008129838
 0.000025644153
 0.000011514003
 0.000031610149
 0.000013197451
 0.000018052568
 0.000015544594
 0.000006395521
 0.000011467797
 0.000013114359
 0.000011443454
 0.000006854269
 0.000011462073
 0.000011044657
 0.000015169957
 0.000028660995
 0.000002911462
 0.000008939002
 0.000018878901
 0.000020783476
 0.000009413409
 0.000006144277
 0.000011819519
 0.000007909281
 0.000011401663
 0.000006987204
 0.000024152681
 0.000015621420
 0.000004342321
 0.000008235348
 0.000011307430
 0.000006820229
 0.000021028324
 0.000016425879
 0.000011634721
 0.000012979820
 0.000006640882
 0.000003277479
 0.000007650247
 0.000011694863
 0.000007176503
 0.000013854519
 0.000005635728
 0.000008795861
 0.000004121572
 0.000007967724
 0.000010933220
 0.000007387023
 0.000008129750
 0.000012577564
 0.000006584275
 0.000008630288
 0.000008133162
 0.000005327449
 0.000005444171
 0.000020407566
 0.000012453882
 0.000007327802
 0.000009078574
 0.000007778071
 0.000014109280
 0.000009113688
 0.000005645575
 0.000022111280
 0.000014581050
 0.000031155305
 0.000009643203
 0.000029126848
 0.000015957995
 0.000010334032
 0.000013205857
 0.000015795119
 0.000010482999
 0.000007107247
 0.000011299749
 0.000009122693
 0.000008486149
 0.000012898146
 0.000010000689
 0.000008034871
 0.000006375145
 0.000002326559
 0.000003203499
 0.000010806200
 0.000005613301
 0.000006836132
 0.000002031597
 0.000006195150
 0.000004146945
 0.000006770191
 0.000013415980
 0.000008286106
 0.000011088557
 0.000011270676
 0.000007231643
 0.000004336586
 0.000009524964
 0.000009865722
 0.000009740740
 0.000007654123
 0.000011148775
 0.000006524804
 0.000003032320
 0.000005305721
 0.000012342661
 0.000003981616
 0.000004304341
 0.000007707621
 0.000012100536
 0.000006279999
 0.000004865430
 0.000016084925
 0.000014282270
 0.000015600315
 0.000006910027
 0.000010909406
 0.000005601346
 0.000012071542
 0.000011254205
 0.000010204140
 0.000011782418
 0.000008391313
 0.000009386187
 0.000009603004
 0.000010291454
 0.000005421287
 0.000006656525
 0.000012860832
 0.000009738028
 0.000008779203
 0.000009392977
 0.000008623049
 0.000005865480
 0.000008912498
 0.000021786592
 0.000019303412
 0.000007764129
 0.000005537730
 0.000008098398
 0.000003198284
 0.000004788301
 0.000008628324
 0.000006085214
 0.000004058239
 0.000002595029
 0.000006029291
 0.000006259199
 0.000015570607
 0.000002993020
 0.000006016193
 0.000002568926
 0.000002409452
 0.000005875777
 0.000007279348
 0.000002884131
 0.000007462282
 0.000004041547
 0.000004184428
 0.000003540626
 0.000009150539
 0.000005334809
 0.000005532072
 0.000002716743
 0.000010968990
 0.000007386932
 0.000019898404
 0.000008556080
 0.000008079415
 0.000011589665
 0.000009709477
 0.000007337934
 0.000007245507
 0.000014080572
 0.000010351276
 0.000021114823
 0.000033365225
 0.000010714463
 0.000012076191
 0.000018560853
 0.000025586888
 0.000014427340
 0.000007740855
 0.000018485207
 0.000028419611
 0.000012088227
 0.000010656697
 0.000013178439
 0.000022585140
 0.000016245738
 0.000012635721
 0.000014362882
 0.000011211448
 0.000007047362
 0.000007329929
 0.000007288249
 0.000008767361
 0.000006894467
 0.000008460477
 0.000014613748
 0.000010642032
 0.000019773434
 0.000016700416
 0.000010767028
 0.000009689343
 0.000023558346
 0.000018725059
 0.000012614364
 0.000012953589
 0.000016214675
 0.000008489319
 0.000017201353
 0.000015235737
 0.000011575126
 0.000008482519
 0.000007271634
 0.000018943684
 0.000017095384
 0.000013623898
 0.000021793076
 0.000023752249
 0.000018236755
 0.000031559165
 0.000015844897
 0.000011033789
 0.000013845437
 0.000019254551
 0.000010778254
 0.000018725748
 0.000016995069
 0.000007859856
 0.000010756830
 0.000011744462
 0.000023869861
 0.000015729324
 0.000004306726
 0.000010969849
 0.000013604290
 0.000013269351
 0.000013777271
 0.000009601744
 0.000023572169
 0.000019569122
 0.000004315493
 0.000011610067
 0.000014833473
 0.000017097465
 0.000010817749
 0.000009851045
 0.000008642855
 0.000011013778
 0.000011660865
 0.000014071866
 0.000019029314
 0.000034416894
 0.000017690455
 0.000009023404
 0.000020411106
 0.000014260272
 0.000015292188
 0.000008531493
 0.000015717219
 0.000009580746
 0.000007441612
 0.000006852705
 0.000006080463
 0.000009228326
 0.000004620093
 0.000003053922
 0.000011272648
 0.000021215441
 0.000017785013
 0.000007933296
 0.000008505203
 0.000007796761
 0.000006124454
 0.000008509235
 0.000010654699
 0.000014090249
 0.000012834457
 0.000011595710
 0.000005075490
 0.000015488109
 0.000006121622
 0.000009677920
 0.000018977159
 0.000009283721
 0.000019054559
 0.000013208323
 0.000013748274
 0.000009953285
 0.000006346746
 0.000012465773
 0.000020571044
 0.000008311243
 0.000009983363
 0.000019936366
 0.000014631220
 0.000012978592
 0.000004959523
 0.000008360475
 0.000020153109
 0.000009939865
 0.000007040250
 0.000012567318
 0.000013457773
 0.000008983552
 0.000006948281
 0.000008103481
 0.000006458290
 0.000014996607
 0.000010388992
 0.000009361557
 0.000012574256
 0.000007493122
 0.000006392427
 0.000013029504
 0.000008147993
 0.000017354792
 0.000008095658
 0.000009964092
 0.000009918419
 0.000006504876
 0.000013636472
 0.000006724280
 0.000023114022
 0.000024253067
 0.000006822929
 0.000015373772
 0.000030575783
 0.000012212591
 0.000004480648
 0.000005641347
 0.000017937438
 0.000013595884
 0.000017233476
 0.000007476714
 0.000015810743
 0.000016953482
 0.000021622387
 0.000009763898
 0.000008177511
 0.000014862958
 0.000015335210
 0.000017698443
 0.000018156193
 0.000006023633
 0.000008362323
 0.000008836862
 0.000006810566
 0.000014074453
 0.000004237993
 0.000008327302
 0.000011979929
 0.000020719357
 0.000017073124
 0.000014132473
 0.000008342093
 0.000022353996
 0.000008267410
 0.000022071541
 0.000011380949
 0.000012305066
 0.000030478302
 0.000007435049
 0.000014227933
 0.000010376614
 0.000007252051
 0.000012799867
 0.000009220933
 0.000023840165
 0.000011056232
 0.000014828760
 0.000010972266
 0.000011246151
 0.000018104880
 0.000013241535
 0.000009372598
 0.000010225413
 0.000008534970
 0.000018168597
 0.000009654227
 0.000009632354
 0.000011671527
 0.000010989922
 0.000017324081
 0.000009209826
 0.000009358317
 0.000010022471
 0.000008396716
 0.000006860413
 0.000008285209
 0.000006434179
 0.000007404303
 0.000010468828
 0.000016848668
 0.000018580144
 0.000006341178
 0.000019994975
 0.000015893367
 0.000013895053
 0.000005654976
 0.000005268401
 0.000010471505
 0.000008499843
 0.000005478837
 0.000002619196
 0.000008399905
 0.000002997916
 0.000005097786
 0.000009103002
 0.000012533816
 0.000006354130
 0.000005621571
 0.000009333477
 0.000008474507
 0.000003726039
 0.000005044273
 0.000011781613
 0.000006105626
 0.000008315976
 0.000007069734
 0.000009756082
 0.000007702381
 0.000007694652
 0.000008179259
 0.000006095369
 0.000005236824
 0.000004575811
 0.000003482671
 0.000004011931
 0.000006460073
 0.000009931121
 0.000016634216
 0.000007131491
 0.000006711068
 0.000006757020
 0.000009082015
 0.000004146660
 0.000015814648
 0.000008712440
 0.000003671370
 0.000004633540
 0.000007217588
 0.000007150932
 0.000007948960
 0.000005993566
 0.000016700430
 0.000008844408
 0.000006501702
 0.000009507187
 0.000011997565
 0.000004505095
 0.000004573160
 0.000002875576
 0.000005588692
 0.000008343893
 0.000004966855
 0.000009258231
 0.000014485984
 0.000004722828
 0.000012597223
 0.000014561163
 0.000013978306
 0.000015278017
 0.000010140186
 0.000008010634
 0.000012171427
 0.000006505263
 0.000011749069
 0.000010020014
 0.000007381155
 0.000015022732
 0.000009654167
 0.000014865956
 0.000014445392
 0.000007444604
 0.000011669016
 0.000008153711
 0.000009985488
 0.000008170906
 0.000019302855
 0.000005683640
 0.000006042289
 0.000004486854
 0.000001690559
 0.000006113338
 0.000005411392
 0.000009891148
 0.000005249439
 0.000011348070
 0.000010311619
 0.000004385780
 0.000006235055
 0.000011903765
 0.000007245422
 0.000008010897
 0.000006346371
 0.000007381349
 0.000010707667
 0.000012127372
 0.000011032535
 0.000010132162
 0.000007739542
 0.000007475825
 0.000007965819
 0.000005330507
 0.000006517442
 0.000011435101
 0.000010427347
 0.000012114259
 0.000008691771
 0.000003750354
 0.000008646727
 0.000005981935
 0.000007415204
 0.000004231021
 0.000013505954
 0.000007991604
 0.000003555183
 0.000003847407
 0.000010680308
 0.000019115252
 0.000002373458
 0.000009577787
 0.000010128280
 0.000007946544
 0.000008815951
 0.000005495584
 0.000011252428
 0.000009859422
 0.000014134697
 0.000010693483
 0.000013293551
 0.000006465792
 0.000012081516
 0.000011175339
 0.000011136199
 0.000009351378
 0.000006548036
 0.000011166180
 0.000023352754
 0.000012590913
 0.000019143826
 0.000007689548
 0.000006026901
 0.000011605223
 0.000015435260
 0.000004600066
 0.000010471612
 0.000034291550
 0.000026500029
 0.000015121256
 0.000011876321
 0.000004556536
 0.000014343658
 0.000003946901
 0.000005492957
 0.000007936516
 0.000015372776
 0.000012914862
 0.000018979106
 0.000009629872
 0.000021213201
 0.000023776781
 0.000017481041
 0.000016996234
 0.000018462482
 0.000009563479
 0.000008856098
 0.000015414583
 0.000019413761
 0.000033553272
 0.000007802728
 0.000010842288
 0.000008906491
 0.000010123114
 0.000015825133
 0.000014820849
 0.000010953516
 0.000008246677
 0.000006912675
 0.000018996266
 0.000007561295
 0.000005730191
 0.000006305465
 0.000008056526
 0.000005772673
 0.000006161470
 0.000007945162
 0.000005728057
 0.000011422745
 0.000014411295
 0.000020486712
 0.000007167428
 0.000011128236
 0.000012720456
 0.000008967453
 0.000016421211
 0.000008616638
 0.000012807751
 0.000010936211
 0.000011378507
 0.000006841829
 0.000009093224
 0.000009425455
 0.000010693477
 0.000013978978
 0.000017634779
 0.000011485287
 0.000009768663
 0.000017156676
 0.000013415072
 0.000009287487
 0.000007719091
 0.000004901021
 0.000006871007
 0.000006135620
 0.000011051724
 0.000027099828
 0.000012718355
 0.000010095115
 0.000006602542
 0.000020706745
 0.000016978045
 0.000007467542
 0.000011015368
 0.000009124980
 0.000016922642
 0.000003707993
 0.000003802409
 0.000008480338
 0.000008350384
 0.000007788433
 0.000004476867
 0.000008254421
 0.000012393286
 0.000010952047
 0.000010787546
 0.000010270982
 0.000006558534
 0.000004722615
 0.000005004517
 0.000008706278
 0.000011612900
 0.000011702418
 0.000006502034
 0.000008817034
 0.000020284191
 0.000012356636
 0.000014538482
 0.000006301533
 0.000024594652
 0.000014742909
 0.000011704828
 0.000017189121
 0.000016153514
 0.000009914039
 0.000011675404
 0.000013849844
 0.000013938018
 0.000012317752
 0.000012825237
 0.000010358880
 0.000021408609
 0.000011877208
 0.000006323507
 0.000027173390
 0.000010597121
 0.000010642062
 0.000010648517
 0.000014122103
 0.000006910627
 0.000008046828
 0.000009341137
 0.000011180547
 0.000006607643
 0.000007541997
 0.000006546844
 0.000009917449
 0.000027825630
 0.000010518782
 0.000015790080
 0.000008643821
 0.000021051309
 0.000005630834
 0.000022221248
 0.000011674146
 0.000012853185
 0.000003861986
 0.000011962362
 0.000017620088
 0.000011251501
 0.000008771236
 0.000005696388
 0.000016285358
 0.000006053953
 0.000007937492
 0.000006710796
 0.000003065147
 0.000005456071
 0.000014932299
 0.000008963590
 0.000010418568
 0.000007394362
 0.000007119288
 0.000005823959
 0.000009027108
 0.000009151306
 0.000006600061
 0.000013155372
 0.000007826267
 0.000006525462
 0.000006374620
 0.000010550973
 0.000012303295
 0.000003117821
 0.000006079113
 0.000011325141
 0.000010965369
 0.000010423294
 0.000008582953
 0.000010750126
 0.000009914205
 0.000006834223
 0.000009473687
 0.000011266873
 0.000010222555
 0.000015118634
 0.000028938312
 0.000008929294
 0.000007410051
 0.000015670507
 0.000012771068
 0.000006797064
 0.000015007471
 0.000010071070
 0.000009469712
 0.000021401588
 0.000019047488
 0.000025458407
 0.000017477952
 0.000007662023
 0.000009522346
 0.000008694673
 0.000005535851
 0.000009539864
 0.000006566038
 0.000007586810
 0.000016077309
 0.000014663423
 0.000011393813
 0.000007993388
 0.000009864163
 0.000008311163
 0.000011962665
 0.000007046565
 0.000012340146
 0.000010899829
 0.000012852057
 0.000007186917
 0.000010144917
 0.000005201252
 0.000007487243
 0.000013428165
 0.000008407845
 0.000005518306
 0.000010567418
 0.000006804353
 0.000010386373
 0.000021642543
 0.000014522265
 0.000007564692
 0.000009433273
 0.000009720940
 0.000007890026
 0.000006419362
 0.000023638592
 0.000020362427
 0.000009661878
 0.000005372658
 0.000008318441
 0.000010087825
 0.000021996547
 0.000012073809
 0.000006447659
 0.000012691215
 0.000005940465
 0.000005217880
 0.000006489884
 0.000004215474
 0.000009479174
 0.000004326201
 0.000014884231
 0.000006306399
 0.000007095484
 0.000007105599
 0.000012257670
 0.000011442738
 0.000006641704
 0.000005143440
 0.000004550726
 0.000005134795
 0.000010426113
 0.000027265991
 0.000007485211
 0.000006708382
 0.000013383878
 0.000009492464
 0.000018840975
 0.000006815968
 0.000011781617
 0.000005370742
 0.000004002089
 0.000012161132
 0.000015897016
 0.000016239102
 0.000007467648
 0.000016891755
 0.000011874341
 0.000009623101
 0.000005816356
 0.000012716851
 0.000007781503
 0.000007386368
 0.000012307733
 0.000005557249
 0.000003935700
 0.000009259013
 0.000007055065
 0.000005474213
 0.000015990759
 0.000008943861
 0.000003919189
 0.000003596700
 0.000004081407
 0.000012714126
 0.000007271157
 0.000007451323
 0.000032820205
 0.000005489113
 0.000004266690
 0.000016268650
 0.000033297199
 0.000022740102
 0.000006828830
 0.000018066881
 0.000014800884
 0.000004642598
 0.000002049628
 0.000007081369
 0.000009823367
 0.000005367091
 0.000012386446
 0.000009578928
 0.000007067204
 0.000007394104
 0.000005069424
 0.000008828432
 0.000012726849
 0.000018265352
 0.000020881283
 0.000010773248
 0.000010079335
 0.000011234723
 0.000005356301
 0.000008039931
 0.000017057214
 0.000007172108
 0.000010883728
 0.000025471841
 0.000006472514
 0.000015141424
 0.000015548860
 0.000007525617
 0.000009478381
 0.000008223044
 0.000015378776
 0.000007802764
 0.000011970936
 0.000032078646
 0.000010158138
 0.000010961621
 0.000009551984
 0.000008701823
 0.000004679556
 0.000015634395
 0.000006733753
 0.000006422576
 0.000006403291
 0.000009441095
 0.000005904199
 0.000017441230
 0.000005898370
 0.000008536920
 0.000002498475
 0.000009833939
 0.000008119601
 0.000005235320
 0.000005079077
 0.000019869358
 0.000004805896
 0.000017878172
 0.000005827142
 0.000019647312
 0.000011553800
 0.000007433648
 0.000006131133
 0.000014585828
 0.000014973986
 0.000009373725
 0.000008385674
 0.000007659574
 0.000009863516
 0.000008860700
 0.000004592120
 0.000009961950
 0.000010501079
 0.000006322506
 0.000016348827
 0.000006508436
 0.000003584427
 0.000012847619
 0.000020018424
 0.000021204550
 0.000012593957
 0.000009397353
 0.000008031372
 0.000016233594
 0.000010467884
 0.000019006600
 0.000009749594
 0.000016607993
 0.000007371152
 0.000017046587
 0.000012397304
 0.000024703344
 0.000005721334
 0.000011536770
 0.000011889138
 0.000010422903
 0.000009930980
 0.000008947786
 0.000012027275
 0.000007097549
 0.000011974179
 0.000007618420
 0.000009323041
 0.000004631219
 0.000006308649
 0.000019032083
 0.000019487095
 0.000008236928
 0.000009275387
 0.000008806446
 0.000010292755
 0.000006005776
 0.000019508277
 0.000015308922
 0.000009732269
 0.000010434678
 0.000010816404
 0.000011689877
 0.000009313196
 0.000003356391
 0.000007928653
 0.000006336499
 0.000009453675
 0.000014428980
 0.000009729309
 0.000017204238
 0.000018900156
 0.000012586708
 0.000012455076
 0.000008956368
 0.000009978624
 0.000006113568
 0.000010155233
 0.000012265996
 0.000008837997
 0.000010672615
 0.000007091860
 0.000013741005
 0.000005496216
 0.000013442955
 0.000007188283
 0.000007144848
 0.000007117273
 0.000004363034
 0.000006000357
 0.000018153220
 0.000019882201
 0.000013446403
 0.000027227126
 0.000010982063
 0.000007765523
 0.000008232862
 0.000009329075
 0.000019972916
 0.000013272102
 0.000011976597
 0.000005441767
 0.000011335649
 0.000009199835
 0.000004735480
 0.000006543244
 0.000014712152
 0.000024915228
 0.000007071881
 0.000016880297
 0.000004136694
 0.000009378486
 0.000010187373
 0.000013916175
 0.000012955906
 0.000021010399
 0.000015917986
 0.000010707816
 0.000011364319
 0.000007361367
 0.000011889262
 0.000017895213
 0.000008922843
 0.000011574983
 0.000008489520
 0.000018121067
 0.000008139829
 0.000006910021
 0.000006306110
 0.000004466859
 0.000016387484
 0.000020795851
 0.000008266669
 0.000007966216
 0.000013212070
 0.000019794832
 0.000011687042
 0.000005549156
 0.000009263889
 0.000007234414
 0.000006502423
 0.000007396960
 0.000011616821
 0.000005385944
 0.000013488781
 0.000023451759
 0.000007977948
 0.000010404479
 0.000007672843
 0.000019963507
 0.000019522028
 0.000010938031
 0.000006534865
 0.000004240044
 0.000003751355
 0.000008727805
 0.000004687094
 0.000006337543
 0.000010314699
 0.000005180464
 0.000006975760
 0.000007168005
 0.000006523764
 0.000006761698
 0.000004301957
 0.000006475216
 0.000012663345
 0.000013659716
 0.000011548984
 0.000011201081
 0.000004726096
 0.000009032626
 0.000007803534
 0.000008111630
 0.000006440570
 0.000005602110
 0.000011879518
 0.000012473675
 0.000005055871
 0.000003812554
 0.000004680648
 0.000006849446
 0.000004509775
 0.000002995067
 0.000002273361
 0.000007985507
 0.000003254878
 0.000004625107
 0.000002992944
 0.000002718217
 0.000011224149
 0.000002790203
 0.000004215360
 0.000002895851
 0.000001645539
 0.000002718970
 0.000002907322
 0.000005126741
 0.000001486996
 0.000005540243
 0.000004386807
 0.000003530257
 0.000003734046
 0.000004002841
 0.000012076538
 0.000002786520
 0.000003723961
 0.000002081481
 0.000004362506
 0.000001281684
 0.000001778831
 0.000003524776
 0.000002508570
 0.000001811684
 0.000002911162
 0.000002334021
 0.000003884994
 0.000001295790
 0.000002892512
 0.000004767928
 0.000014284242
 0.000012237530
 0.000004464499
 0.000009781400
 0.000003839714
 0.000003036477
 0.000004209678
 0.000006215965
 0.000008785550
 0.000002625595
 0.000000672309
 0.000001791699
 0.000002601587
 0.000002050221
 0.000005511838
 0.000000987066
 0.000005776802
 0.000001952633
 0.000002611417
 0.000004915358
 0.000012964799
 0.000006161324
 0.000006215239
 0.000004026902
 0.000004528191
 0.000001961546
 0.000003174923
 0.000006762242
 0.000008714498
 0.000012290922
 0.000011333516
 0.000006544053
 0.000002789689
 0.000007780992
 0.000007187739
 0.000002738974
 0.000004967943
 0.000004169252
 0.000005497577
 0.000008345010
 0.000004241155
 0.000005451813
 0.000008882119
 0.000004974017
 0.000005250265
 0.000001667398
 0.000003751114
 0.000006722320
 0.000003896443
 0.000003355286
 0.000005649094
 0.000002675456
 0.000003283265
 0.000002579465
 0.000004888387
 0.000004047084
 0.000003171640
 0.000001871412
 0.000003228300
 0.000002156003
 0.000003512278
 0.000004160448
 0.000003523194
 0.000005745646
 0.000003423198
 0.000008719274
 0.000005580101
 0.000005944781
 0.000001378573
 0.000006074707
 0.000010147170
 0.000003761182
 0.000006283795
 0.000004878664
 0.000002281789
 0.000006858928
 0.000005993124
 0.000003068335
 0.000004050894
 0.000003257821
 0.000003120413
 0.000002471238
 0.000003242350
 0.000003706457
 0.000004492114
 0.000014107185
 0.000013236585
 0.000003256436
 0.000004309209
 0.000011868341
 0.000008004544
 0.000015644949
 0.000008757068
 0.000011025061
 0.000011252897
 0.000013101149
 0.000009025117
 0.000008031837
 0.000007261727
 0.000010577522
 0.000007884842
 0.000008231145
 0.000009163824
 0.000005882498
 0.000010645804
 0.000007104861
 0.000005919781
 0.000006479184
 0.000004234365
 0.000005807942
 0.000005939202
 0.000004244031
 0.000006050340
 0.000008057263
 0.000012629765
 0.000001496576
 0.000003246381
 0.000009071760
 0.000003581337
 0.000004618064
 0.000003872104
 0.000003540865
 0.000007495641
 0.000005971621
 0.000009697464
 0.000009503280
 0.000016038851
 0.000005330199
 0.000007552336
 0.000004670489
 0.000006732782
 0.000003773609
 0.000008081197
 0.000005116883
 0.000012757719
 0.000012862451
 0.000008626811
 0.000006416582
 0.000005113552
 0.000005135146
 0.000009475994
 0.000002846502
 0.000002792140
 0.000012542870
 0.000006670012
 0.000003964178
 0.000003972077
 0.000007348744
 0.000003354166
 0.000007190773
 0.000005909133
 0.000005677030
 0.000007980580
 0.000004104408
 0.000002429460
 0.000010029374
 0.000008421458
 0.000009593248
 0.000004649939
 0.000010588459
 0.000005649963
 0.000007798607
 0.000006246856
 0.000002875353
 0.000007707397
 0.000004801683
 0.000007243288
 0.000004515240
 0.000003339975
 0.000005422733
 0.000007090311
 0.000005540832
 0.000007897977
 0.000003488470
 0.000005408626
 0.000017884162
 0.000004112631
 0.000005942870
 0.000008712153
 0.000006264882
 0.000003870029
 0.000002914525
 0.000006339873
 0.000002419366
 0.000002361035
 0.000007240757
 0.000005344783
 0.000002323905
 0.000003112918
 0.000003340751
 0.000007278257
 0.000004950998
 0.000005154671
 0.000002992178
 0.000002605513
 0.000004544351
 0.000003699301
 0.000005884654
 0.000002456012
 0.000006408991
 0.000004267939
 0.000003316947
 0.000005513911
 0.000004531511
 0.000005358032
 0.000004993895
 0.000005097334
 0.000003490156
 0.000006063223
 0.000002639437
 0.000003351330
 0.000003600366
 0.000004355509
 0.000004064526
 0.000003574317
 0.000009407238
 0.000006505469
 0.000004126916
 0.000004502467
 0.000004397528
 0.000004617857
 0.000002634114
 0.000002430556
 0.000003341273
 0.000005877573
 0.000004308227
 0.000002018864
 0.000001669525
 0.000004326218
 0.000002195014
 0.000005464044
 0.000002286064
 0.000004215509
 0.000002037559
 0.000006756385
 0.000002736545
 0.000004140909
 0.000003452509
 0.000005206320
 0.000004684367
 0.000002489924
 0.000013928873
 0.000008295675
 0.000001896343
 0.000004297574
 0.000001888113
 0.000007098283
 0.000003185390
 0.000007081791
 0.000003847029
 0.000005838606
 0.000002714910
 0.000007936531
 0.000006660212
 0.000007047366
 0.000005741869
 0.000014533418
 0.000012316260
 0.000019382006
 0.000015299985
 0.000017288026
 0.000025243836
 0.000026821218
 0.000015687423
 0.000008978106
 0.000012364471
 0.000010444395
 0.000011517136
 0.000006093888
 0.000007346780
 0.000007584198
 0.000013116531
 0.000013103405
 0.000009047801
 0.000012726859
 0.000012318253
 0.000031911962
 0.000006627593
 0.000013110400
 0.000021146434
 0.000017288662
 0.000027794256
 0.000031451132
 0.000026667230
 0.000011431037
 0.000026024479
 0.000013443708
 0.000016943477
 0.000013978251
 0.000014304291
 0.000029167605
 0.000016631737
 0.000010306384
 0.000011474681
 0.000014568536
 0.000011574116
 0.000008595845
 0.000015178724
 0.000025133635
 0.000060785337
 0.000030003636
 0.000029969411
 0.000035106215
 0.000053133830
 0.000016423234
 0.000014938340
 0.000028890042
 0.000012985529
 0.000014514069
 0.000016261563
 0.000012111167
 0.000017160718
 0.000012220492
 0.000022826586
 0.000013411230
 0.000031217450
 0.000024722124
 0.000013094837
 0.000017098256
 0.000032243043
 0.000015571358
 0.000022067678
 0.000016417503
 0.000016711191
 0.000017147618
 0.000010912109
 0.000020674034
 0.000040244798
 0.000018523410
 0.000050126446
 0.000016008432
 0.000052810215
 0.000025139042
 0.000023086641
 0.000012079667
 0.000016769648
 0.000012620893
 0.000016108248
 0.000017010184
 0.000017934096
 0.000011978758
 0.000010481127
 0.000007711100
 0.000012706395
 0.000010253706
 0.000018137007
 0.000031866268
 0.000042907191
 0.000030970356
 0.000030636245
 0.000021684243
 0.000024685124
 0.000009766682
 0.000005932073
 0.000023718658
 0.000027539192
 0.000014826042
 0.000031186350
 0.000007334323
 0.000011859223
 0.000017467718
 0.000012217549
 0.000028321562
 0.000045291691
 0.000047149029
 0.000036899998
 0.000016034540
 0.000013556068
 0.000019247757
 0.000016506423
 0.000008279329
 0.000022991782
 0.000017504168
 0.000020845267
 0.000014981216
 0.000009228439
 0.000056566046
 0.000011579163
 0.000019932470
 0.000037159334
 0.000018798522
 0.000013366195
 0.000031913119
 0.000021191348
 0.000056431718
 0.000020085059
 0.000052583324
 0.000029469153
 0.000032824480
 0.000023818987
 0.000009370241
 0.000015617108
 0.000023831814
 0.000031460048
 0.000012438989
 0.000031348559
 0.000009884235
 0.000023136259
 0.000014086450
 0.000010420301
 0.000014913350
 0.000032813763
 0.000014510061
 0.000020667320
 0.000023933125
 0.000031078876
 0.000009870303
 0.000011256472
 0.000006478358
 0.000003721618
 0.000013779547
 0.000010583610
 0.000011529529
 0.000010543763
 0.000012309145
 0.000008288496
 0.000012499115
 0.000009864568
 0.000008979648
 0.000008764724
 0.000005651902
 0.000008547040
 0.000005032331
 0.000011347243
 0.000015656391
 0.000005505442
 0.000011314951
 0.000007250724
 0.000012326661
 0.000009808938
 0.000021582511
 0.000020692398
 0.000013240663
 0.000010418749
 0.000014254666
 0.000017758437
 0.000004320492
 0.000005408218
 0.000007071197
 0.000008584785
 0.000007572568
 0.000005984178
 0.000016545611
 0.000012407199
 0.000012728497
 0.000007729039
 0.000005277666
 0.000014276345
 0.000023493849
 0.000009526651
 0.000007964063
 0.000012455922
 0.000004078382
 0.000016891673
 0.000007739907
 0.000010116072
 0.000015062129
 0.000009599541
 0.000006372901
 0.000008134853
 0.000005356062
 0.000014724029
 0.000003480702
 0.000005708179
 0.000011539866
 0.000010868323
 0.000033357649
 0.000013221142
 0.000015265327
 0.000008508063
 0.000044893310
 0.000019438618
 0.000023916108
 0.000050943379
 0.000084511125
 0.000034818356
 0.000023129468
 0.000069129541
 0.000064021640
 0.000078631212
 0.000034863769
 0.000077568596
 0.000038493283
 0.000033399662
 0.000047902066
 0.000064619971
 0.000030024787
 0.000007545763
 0.000019296917
 0.000014824480
 0.000014707012
 0.000016204238
 0.000014263735
 0.000009386150
 0.000009831556
 0.000015450110
 0.000011774136
 0.000011185396
 0.000038989826
 0.000023340459
 0.000027675783
 0.000049454008
 0.000019760336
 0.000019291472
 0.000095646596
 0.000025822628
 0.000029857787
 0.000018626662
 0.000028943697
 0.000055038182
 0.000057395976
 0.000022866755
 0.000047783173
 0.000019227203
 0.000040993579
 0.000026067322
 0.000033261258
 0.000021751470
 0.000017708967
 0.000013557336
 0.000018689368
 0.000012359892
 0.000037214417
 0.000061662547
 0.000028535076
 0.000016938041
 0.000019844125
 0.000019926115
 0.000023997387
 0.000016258462
 0.000038993903
 0.000019320530
 0.000028787393
 0.000013562193
 0.000028803813
 0.000019214890
 0.000013290698
 0.000015798963
 0.000016002537
 0.000011657345
 0.000007187268
 0.000015995538
 0.000020026939
 0.000028290437
 0.000035108335
 0.000032149977
 0.000018351505
 0.000024240086
 0.000036370743
 0.000016600071
 0.000017688931
 0.000013687513
 0.000016875027
 0.000008531063
 0.000009702257
 0.000034330248
 0.000016101714
 0.000018786421
 0.000051242452
 0.000035719714
 0.000022826878
 0.000061572886
 0.000030154271
 0.000035960523
 0.000082315968
 0.000037249437
 0.000013221862
 0.000021218002
 0.000012173612
 0.000026183319
 0.000039643608
 0.000042933824
 0.000022687075
 0.000019396822
 0.000014088210
 0.000017527531
 0.000006812001
 0.000015080401
 0.000010411054
 0.000015892492
 0.000016736346
 0.000014915608
 0.000012707749
 0.000009459022
 0.000015755588
 0.000030300141
 0.000022265288
 0.000009912718
 0.000011387906
 0.000032577313
 0.000018796230
 0.000019304506
 0.000012558624
 0.000008176727
 0.000014692650
 0.000006981601
 0.000011042192
 0.000016206089
 0.000021213829
 0.000023817908
 0.000009843703
 0.000034366342
 0.000012738154
 0.000017685113
 0.000011453254
 0.000015282993
 0.000007017088
 0.000024454192
 0.000012527018
 0.000011771010
 0.000030104065
 0.000009640464
 0.000022700307
 0.000006595202
 0.000008754333
 0.000015398352
 0.000002958592
 0.000014491901
 0.000003567487
 0.000010011075
 0.000015936854
 0.000014045689
 0.000011563909
 0.000016431573
 0.000023875737
 0.000007387849
 0.000006423246
 0.000008315448
 0.000029629858
 0.000007299008
 0.000015402448
 0.000010577385
 0.000007181440
 0.000010537000
 0.000008968481
 0.000003256115
 0.000016761782
 0.000014891495
 0.000025367658
 0.000013321809
 0.000014401435
 0.000042916014
 0.000010685968
 0.000027541038
 0.000009789745
 0.000016997122
 0.000131377076
 0.000005664410
 0.000006835801
 0.000016230599
 0.000013236225
 0.000007494586
 0.000007697496
 0.000007265265
 0.000005520567
 0.000006736216
 0.000014953259
 0.000013078845
 0.000010593561
 0.000013158115
 0.000033247538
 0.000034890462
 0.000046336649
 0.000011256440
 0.000026776394
 0.000019004935
 0.000006165663
 0.000011018241
 0.000006452323
 0.000017061825
 0.000015316347
 0.000032044775
 0.000009482146
 0.000010645654
 0.000005454989
 0.000018673671
 0.000011983124
 0.000016555310
 0.000011938927
 0.000009673113
 0.000002936297
 0.000007039149
 0.000003993864
 0.000012272983
 0.000005887352
 0.000013049630
 0.000007014378
 0.000008373381
 0.000055000181
 0.000006231081
 0.000016930297
 0.000005611208
 0.000015694976
 0.000017113788
 0.000008139151
 0.000008208299
 0.000018745996
 0.000010360610
 0.000009652762
 0.000010965121
 0.000018489792
 0.000010989238
 0.000009188810
 0.000007275046
 0.000008598825
 0.000016674656
 0.000031410432
 0.000014530878
 0.000006623434
 0.000014302171
 0.000008518194
 0.000006848324
 0.000042832345
 0.000019978576
 0.000017567087
 0.000048227723
 0.000029026168
 0.000037342027
 0.000046935686
 0.000033653023
 0.000018520518
 0.000015694383
 0.000011908118
 0.000026096069
 0.000014625138
 0.000012260321
 0.000023306324
 0.000018096214
 0.000013902068
 0.000010010717
 0.000015352931
 0.000010870907
 0.000011981234
 0.000009626082
 0.000009780557
 0.000006054854
 0.000008813476
 0.000014516184
 0.000014661740
 0.000014549215
 0.000015551395
 0.000010585015
 0.000024021829
 0.000012122531
 0.000023208024
 0.000025451708
 0.000015196704
 0.000009750595
 0.000008589848
 0.000013184791
 0.000017006711
 0.000028103926
 0.000022142450
 0.000027021252
 0.000023142182
 0.000051169616
 0.000033188574
 0.000039444571
 0.000043165020
 0.000025707561
 0.000021418048
 0.000048309949
 0.000048218959
 0.000035068849
 0.000062661271
 0.000028120116
 0.000035146958
 0.000047467614
 0.000018418503
 0.000009963284
 0.000027176090
 0.000044927800
 0.000027562702
 0.000081881713
 0.000129919238
 0.000042075176
 0.000039098845
 0.000022047752
 0.000028401970
 0.000042213324
 0.000056134307
 0.000050307315
 0.000071147657
 0.000055635301
 0.000110209051
 0.000106216778
 0.000054854930
 0.000205411840
 0.000020865209
 0.000047526268
 0.000038810872
 0.000017613162
 0.000052863808
 0.000036032056
 0.000035940805
 0.000036783145
 0.000015617397
 0.000027891423
 0.000031609728
 0.000016837879
 0.000040704778
 0.000017839810
 0.000022433668
 0.000030242399
 0.000056259171
 0.000043040323
 0.000039810153
 0.000075135170
 0.000035092646
 0.000110532621
 0.000095928142
 0.000046328287
 0.000048787298
 0.000048846897
 0.000095313495
 0.000078505991
 0.000048678790
 0.000059407136
 0.000070812437
 0.000063619335
 0.000031050047
 0.000043499951
 0.000123112487
 0.000092695071
 0.000033562212
 0.000018806132
 0.000009795979
 0.000065046137
 0.000031422945
 0.000015988267
 0.000010309980
 0.000021588714
 0.000008391076
 0.000029909750
 0.000067076883
 0.000012834762
 0.000039717995
 0.000072091214
 0.000025323836
 0.000021558727
 0.000035129858
 0.000026818214
 0.000076165996
 0.000109381777
 0.000062681504
 0.000051543603
 0.000034482746
 0.000046290296
 0.000008815840
 0.000028067384
 0.000016052902
 0.000021682991
 0.000013229502
 0.000008847942
 0.000020341631
 0.000042763521
 0.000044933745
 0.000020885545
 0.000052742568
 0.000032419690
 0.000027640798
 0.000069018042
 0.000039691165
 0.000075681314
 0.000038931595
 0.000083092871
 0.000034320520
 0.000048384991
 0.000041929777
 0.000094132985
 0.000095141099
 0.000109598382
 0.000144651415
 0.000115343352
 0.000178415274
 0.000151251075
 0.000035167195
 0.000132876010
 0.000068619865
 0.000138266947
 0.000079823372
 0.000035067810
 0.000064150074
 0.000064144794
 0.000072610796
 0.000073163824
 0.000106358798
 0.000040530230
 0.000055443891
 0.000034833488
 0.000053789551
 0.000045633823
 0.000012247114
 0.000023765949
 0.000038334368
 0.000042230469
 0.000055168920
 0.000034343337
 0.000029863711
 0.000087680461
 0.000058867094
 0.000057213414
 0.000029925641
 0.000040404517
 0.000016916779
 0.000039890853
 0.000031344585
 0.000062036337
 0.000046323425
 0.000045874430
 0.000133915236
 0.000035708257
 0.000032661307
 0.000022456335
 0.000040728625
 0.000111922875
 0.000109747550
 0.000062375384
 0.000021617268
 0.000042505641
 0.000052701086
 0.000011235560
 0.000083299859
 0.000088270458
 0.000046024332
 0.000053778955
 0.000023904081
 0.000019982903
 0.000037665219
 0.000026624660
 0.000025669685
 0.000016163006
 0.000024274879
 0.000015964509
 0.000015114759
 0.000032314333
 0.000048639337
 0.000057949677
 0.000011406170
 0.000046581819
 0.000041117502
 0.000053119789
 0.000015304526
 0.000050147722
 0.000059766468
 0.000070599075
 0.000112241208
 0.000035789347
 0.000078033974
 0.000033602832
 0.000021835555
 0.000028379428
 0.000012145313
 0.000059451553
 0.000022681449
 0.000015867629
 0.000030379201
 0.000023171554
 0.000031115468
 0.000022002759
 0.000009243834
 0.000018156682
 0.000020471338
 0.000022602203
 0.000009137527
 0.000030147204
 0.000019537121
 0.000031903648
 0.000020245849
 0.000016853306
 0.000029610221
 0.000059940393
 0.000029206771
 0.000045500034
 0.000029955902
 0.000007268494
 0.000053677896
 0.000016110846
 0.000026620920
 0.000016217945
 0.000013057690
 0.000014423449
 0.000011195802
 0.000019381541
 0.000007906732
 0.000015392865
 0.000017214083
 0.000008752290
 0.000006082855
 0.000012124364
 0.000032630073
 0.000035239529
 0.000073289706
 0.000093980677
 0.000033884327
 0.000038730841
 0.000078565624
 0.000057317306
 0.000040961720
 0.000062802331
 0.000031534346
 0.000020692821
 0.000032999956
 0.000026332238
 0.000088050427
 0.000058989599
 0.000069196472
 0.000041907303
 0.000072113103
 0.000026415522
 0.000021928269
 0.000018865206
 0.000015887179
 0.000063413704
 0.000014721597
 0.000025895969
 0.000015223898
 0.000015868573
 0.000052422272
 0.000138100241
 0.000037946944
 0.000032650546
 0.000023704742
 0.000019096215
 0.000033147855
 0.000030357044
 0.000017542199
 0.000010243116
 0.000058927171
 0.000032316112
 0.000023061444
 0.000022999124
 0.000019756335
 0.000010632250
 0.000019475907
 0.000024804389
 0.000034587257
 0.000024828597
 0.000048003055
 0.000027600812
 0.000013177147
 0.000046180758
 0.000029247561
 0.000019957700
 0.000029555060
 0.000033544807
 0.000027618882
 0.000026423836
 0.000063457514
 0.000128238910
 0.000037730101
 0.000058754615
 0.000042990519
 0.000050089009
 0.000025468871
 0.000058902691
 0.000078197459
 0.000042475805
 0.000031959205
 0.000029883525
 0.000019054755
 0.000025083672
 0.000015370434
 0.000043065648
 0.000031432753
 0.000041451304
 0.000051238829
 0.000039411387
 0.000024063901
 0.000025581187
 0.000029298708
 0.000092266705
 0.000024403405
 0.000069024624
 0.000071215967
 0.000039990344
 0.000045194704
 0.000035523345
 0.000013303140
 0.000096637575
 0.000073807705
 0.000027435803
 0.000054836803
 0.000052443180
 0.000034893208
 0.000031039213
 0.000048867881
 0.000022451163
 0.000038285149
 0.000032963067
 0.000029143565
 0.000019785563
 0.000014821374
 0.000024506159
 0.000022840338
 0.000033674049
 0.000048614522
 0.000029039604
 0.000017373425
 0.000115145462
 0.000057396096
 0.000018456351
 0.000016225251
 0.000031183881
 0.000016177724
 0.000036289158
 0.000029148882
 0.000025413373
 0.000015181871
 0.000030092668
 0.000038774723
 0.000025258231
 0.000031562635
 0.000037499261
 0.000018959799
 0.000011454756
 0.000013096808
 0.000015103539
 0.000023543344
 0.000056419939
 0.000045322315
 0.000036893604
 0.000046484908
 0.000010749769
 0.000077537453
 0.000015452837
 0.000019824615
 0.000013356561
 0.000014968006
 0.000017037815
 0.000016589823
 0.000009087027
 0.000011085267
 0.000036378042
 0.000016763008
 0.000019722012
 0.000017950661
 0.000007152444
 0.000025182651
 0.000011513458
 0.000027585117
 0.000030399177
 0.000025663738
 0.000031591079
 0.000025694358
 0.000021069250
 0.000020857233
 0.000029983409
 0.000025641798
 0.000036179479
 0.000028530683
 0.000035764554
 0.000023574577
 0.000018233303
 0.000035744829
 0.000033996054
 0.000008485563
 0.000011923469
 0.000014562221
 0.000016664454
 0.000021809033
 0.000010647344
 0.000015398385
 0.000007952823
 0.000007612227
 0.000011863684
 0.000018921593
 0.000032064149
 0.000042552272
 0.000014280015
 0.000017158066
 0.000024802382
 0.000025716150
 0.000018502605
 0.000012930297
 0.000035955089
 0.000031299739
 0.000039515914
 0.000035410722
 0.000015501452
 0.000014789291
 0.000014963377
 0.000051167735
 0.000022406807
 0.000023452297
 0.000031135952
 0.000014149436
 0.000017812239
 0.000014747434
 0.000019561393
 0.000013683500
 0.000015754175
 0.000025665735
 0.000031398332
 0.000057919596
 0.000030665377
 0.000028328116
 0.000025045678
 0.000020974775
 0.000017133905
 0.000029417314
 0.000020143749
 0.000025957384
 0.000020311336
 0.000035136508
 0.000029798522
 0.000025410718
 0.000032559015
 0.000046077869
 0.000025704841
 0.000022683919
 0.000008600586
 0.000022570073
 0.000024365926
 0.000017409151
 0.000034117081
 0.000009454670
 0.000012521018
 0.000021944062
 0.000017272652
 0.000022851880
 0.000038010857
 0.000020866747
 0.000012361987
 0.000016112041
 0.000021929250
 0.000026717623
 0.000035596156
 0.000015449689
 0.000010925589
 0.000010344970
 0.000030822377
 0.000016303293
 0.000024808506
 0.000013465382
 0.000010238438
 0.000011408636
 0.000037892284
 0.000008706748
 0.000016735815
 0.000041788081
 0.000042033537
 0.000054223479
 0.000075385841
 0.000029036227
 0.000063075164
 0.000018590557
 0.000018322743
 0.000048934710
 0.000012611166
 0.000029178041
 0.000028168222
 0.000016934277
 0.000010708102
 0.000041766380
 0.000022205681
 0.000011223464
 0.000022449656
 0.000016160818
 0.000013094695
 0.000013925389
 0.000014823962
 0.000045623870
 0.000026496986
 0.000046523052
 0.000028594128
 0.000028462247
 0.000029088302
 0.000028950341
 0.000036995012
 0.000013710818
 0.000016561448
 0.000014471494
 0.000044541847
 0.000014552244
 0.000024369007
 0.000036095913
 0.000006650921
 0.000014440938
 0.000008446357
 0.000010253670
 0.000008003264
 0.000007114495
 0.000012559664
 0.000012248911
 0.000007840889
 0.000026222797
 0.000029073808
 0.000048909742
 0.000042847237
 0.000044812230
 0.000027994184
 0.000048721155
 0.000023502271
 0.000016769475
 0.000031692571
 0.000008126684
 0.000010483147
 0.000010818455
 0.000026143821
 0.000016021334
 0.000021213689
 0.000010788554
 0.000009465152
 0.000006270575
 0.000007730086
 0.000009883231
 0.000017872680
 0.000018614450
 0.000020277186
 0.000031443292
 0.000025381180
 0.000041488690
 0.000044214987
 0.000023172956
 0.000045071328
 0.000028806247
 0.000013937399
 0.000008777659
 0.000027416451
 0.000023022707
 0.000013634615
 0.000023566135
 0.000017426812
 0.000024027597
 0.000026209447
 0.000079300336
 0.000161034508
 0.000176992891
 0.000162848293
 0.000028842772
 0.000060977815
 0.000104579517
 0.000076808164
 0.000036904639
 0.000036871829
 0.000033653767
 0.000128927342
 0.000030777756
 0.000057275151
 0.000056203247
 0.000059771701
 0.000060729266
 0.000131532827
 0.000041299177
 0.000028637715
 0.000038675191
 0.000028442442
 0.000052571782
 0.000042280618
 0.000036582203
 0.000049417433
 0.000076768528
 0.000136395786
 0.000046128722
 0.000037677347
 0.000051732592
 0.000047347549
 0.000034023486
 0.000062492729
 0.000076518658
 0.000039976898
 0.000022664309
 0.000066161165
 0.000038424742
 0.000029264742
 0.000021926665
 0.000060434447
 0.000040624690
 0.000090756136
 0.000017665977
 0.000014760977
 0.000033582651
 0.000016919427
 0.000011474866
 0.000023774441
 0.000018511194
 0.000027977999
 0.000062682381
 0.000051968532
 0.000029283591
 0.000037681212
 0.000064403056
 0.000091726337
 0.000134269065
 0.000069905503
 0.000113947558
 0.000043914748
 0.000032823453
 0.000074846094
 0.000038589876
 0.000040465050
 0.000030117219
 0.000053115664
 0.000047565323
 0.000015628830
 0.000056392613
 0.000053098112
 0.000133797757
 0.000032460608
 0.000034520906
 0.000019244975
 0.000032133814
 0.000111067311
 0.000019671496
 0.000032932591
 0.000019417713
 0.000047224932
 0.000030933107
 0.000023520948
 0.000043398499
 0.000017828617
 0.000057777980
 0.000034240215
 0.000065069205
 0.000063661139
 0.000110725156
 0.000065479007
 0.000086078388
 0.000114918779
 0.000093826169
 0.000167475491
 0.000058355211
 0.000099851087
 0.000101716675
 0.000040779688
 0.000044873766
 0.000061966025
 0.000069243361
 0.000056190803
 0.000063274756
 0.000096886489
 0.000078192022
 0.000103657327
 0.000078778249
 0.000100228652
 0.000051683164
 0.000060355592
 0.000037245379
 0.000095202757
 0.000108495700
 0.000090279728
 0.000055196945
 0.000056864114
 0.000104175270
 0.000083347550
 0.000136828343
 0.000116246817
 0.000167076382
 0.000104890872
 0.000071357903
 0.000056755660
 0.000038473519
 0.000135222089
 0.000080947284
 0.000164963668
 0.000107326700
 0.000047677515
 0.000147376196
 0.000155344784
 0.000045370466
 0.000092717709
 0.000073835133
 0.000068936149
 0.000121279147
 0.000105188308
 0.000094561769
 0.000141605933
 0.000150500181
 0.000076116133
 0.000097712951
 0.000044501226
 0.000114328208
 0.000044024360
 0.000133293061
 0.000094972366
 0.000316571486
 0.000036318154
 0.000098157083
 0.000058429834
 0.000089828446
 0.000029831528
 0.000053797257
 0.000063837151
 0.000074802750
 0.000172457597
 0.000071566934
 0.000069195902
 0.000089186212
 0.000087296906
 0.000068168063
 0.000139414670
 0.000085717234
 0.000151736908
 0.000106541658
 0.000091952289
 0.000133303908
 0.000087065538
 0.000045347885
 0.000068486827
 0.000077683852
 0.000043403675
 0.000062573373
 0.000111311924
 0.000054210308
 0.000096709686
 0.000075905960
 0.000066982532
 0.000037898871
 0.000032244150
 0.000022880617
 0.000043005762
 0.000051921980
 0.000056650044
 0.000089862917
 0.000056333621
 0.000080052703
 0.000091802333
 0.000032273411
 0.000046792233
 0.000029441191
 0.000019874961
 0.000057307220
 0.000023193893
 0.000011119750
 0.000043314453
 0.000037700338
 0.000050345190
 0.000041566926
 0.000031572361
 0.000013105390
 0.000020085259
 0.000036985293
 0.000079872815
 0.000034345618
 0.000020307071
 0.000021248791
 0.000084570776
 0.000034292755
 0.000029039927
 0.000018301232
 0.000086568869
 0.000040316496
 0.000056265387
 0.000084866902
 0.000039927451
 0.000077763986
 0.000038836763
 0.000047057893
 0.000034654831
 0.000031275272
 0.000046019904
 0.000020765902
 0.000035459700
 0.000031002769
 0.000041487567
 0.000015544944
 0.000029045446
 0.000020576740
 0.000020120204
 0.000048510695
 0.000041105192
 0.000020547699
 0.000031465812
 0.000019375027
 0.000023690741
 0.000011172461
 0.000033831175
 0.000032069158
 0.000032912835
 0.000026177042
 0.000017404731
 0.000013352082
 0.000016101222
 0.000017335009
 0.000026393108
 0.000046392158
 0.000025243647
 0.000019494516
 0.000065711778
 0.000027096675
 0.000046521875
 0.000052471243
 0.000027184012
 0.000010666705
 0.000016783113
 0.000034891527
 0.000025846287
 0.000048323801
 0.000058896582
 0.000043684973
 0.000031057384
 0.000028613055
 0.000026996668
 0.000038983937
 0.000023292382
 0.000020421659
 0.000009839028
 0.000016900057
 0.000037524477
 0.000036061958
 0.000042862266
 0.000060413187
 0.000020506967
 0.000035127024
 0.000040517530
 0.000015012505
 0.000027927564
 0.000016965106
 0.000031396682
 0.000036579110
 0.000037861463
 0.000062608503
 0.000066170323
 0.000010590398
 0.000016679150
 0.000021271483
 0.000007188735
 0.000013611054
 0.000016825821
 0.000020966638
 0.000010281376
 0.000036622641
 0.000040045255
 0.000019549332
 0.000031338872
 0.000041553229
 0.000014860253
 0.000021518040
 0.000028298211
 0.000022418219
 0.000024134685
 0.000019153900
 0.000013538697
 0.000025216773
 0.000030755154
 0.000016418290
 0.000020304921
 0.000025722831
 0.000038542604
 0.000020995076
 0.000023264698
 0.000069043512
 0.000044828941
 0.000061438985
 0.000032656120
 0.000043368873
 0.000029884894
 0.000017860364
 0.000019466335
 0.000020248037
 0.000082650732
 0.000023630881
 0.000013335985
 0.000022305373
 0.000028191913
 0.000022220204
 0.000023448013
 0.000069455291
 0.000013018827
 0.000023583643
 0.000068976528
 0.000052818218
 0.000110977535
 0.000069702527
 0.000169952461
 0.000162355169
 0.000076352171
 0.000083220091
 0.000128850770
 0.000123069579
 0.000080742669
 0.000072910035
 0.000089706196
 0.000101350504
 0.000028554417
 0.000085245841
 0.000031466909
 0.000105765259
 0.000071800565
 0.000088713909
 0.000048487984
 0.000064550538
 0.000042921299
 0.000260296527
 0.000060927779
 0.000072845299
 0.000074815790
 0.000043890767
 0.000198987086
 0.000042216936
 0.000058899494
 0.000043087748
 0.000075566497
 0.000028121338
 0.000040304498
 0.000051833114
 0.000053198980
 0.000063134340
 0.000119224493
 0.000065468775
 0.000114803027
 0.000043019931
 0.000075297853
 0.000086100092
 0.000054933879
 0.000033405059
 0.000026041592
 0.000047620423
 0.000051296794
 0.000060414979
 0.000045440672
 0.000035944532
 0.000061838344
 0.000110860380
 0.000091188186
 0.000032184140
 0.000059008929
 0.000044453328
 0.000055626356
 0.000043031402
 0.000051163564
 0.000055796424
 0.000101488332
 0.000043720120
 0.000045902376
 0.000035823757
 0.000043503544
 0.000093638656
 0.000086192123
 0.000153235356
 0.000048543284
 0.000061589340
 0.000097219720
 0.000055951794
 0.000067835644
 0.000060362393
 0.000080452676
 0.000139604181
 0.000124989609
 0.000028285861
 0.000099776696
 0.000036293222
 0.000070528138
 0.000055142018
 0.000026082016
 0.000060213217
 0.000037231172
 0.000020523782
 0.000013735855
 0.000132827341
 0.000031367507
 0.000068951044
 0.000064837797
 0.000023994283
 0.000060339843
 0.000058514067
 0.000052639941
 0.000037030540
 0.000059443303
 0.000050158685
 0.000042597826
 0.000019706081
 0.000022311117
 0.000035516460
 0.000022365396
 0.000017153138
 0.000041619235
 0.000024945224
 0.000018484114
 0.000050713568
 0.000035848550
 0.000046961852
 0.000039309266
 0.000018208084
 0.000029498715
 0.000039163058
 0.000034658995
 0.000049899284
 0.000043527282
 0.000030199020
 0.000034987403
 0.000019145219
 0.000012125101
 0.000026176035
 0.000038633430
 0.000019523460
 0.000047740582
 0.000024695883
 0.000030114676
 0.000024424692
 0.000027016191
 0.000032269919
 0.000026575339
 0.000019925904
 0.000030986626
 0.000011440666
 0.000015665602
 0.000017398563
 0.000018607575
 0.000018265973
 0.000019100323
 0.000017732979
 0.000014149500
 0.000008599456
 0.000010570801
 0.000020030917
 0.000009326451
 0.000006849311
 0.000012260863
 0.000006225457
 0.000024197010
 0.000011122782
 0.000007383347
 0.000016689564
 0.000016015119
 0.000011793992
 0.000012374304
 0.000008666824
 0.000018516491
 0.000012546481
 0.000024861578
 0.000024329996
 0.000011214184
 0.000035311210
 0.000008632340
 0.000025374896
 0.000019302005
 0.000037558252
 0.000010653091
 0.000006740856
 0.000003673780
 0.000011216113
 0.000022683994
 0.000011262379
 0.000007935533
 0.000009068260
 0.000004304058
 0.000012608639
 0.000006007581
 0.000006891866
 0.000014561729
 0.000013343499
 0.000016997185
 0.000021081056
 0.000028488088
 0.000032568027
 0.000019158329
 0.000023108651
 0.000020114703
 0.000015770655
 0.000018805390
 0.000019410101
 0.000011201949
 0.000032007977
 0.000027270300
 0.000011235953
 0.000004698566
 0.000018130583
 0.000012898873
 0.000024162195
 0.000016986850
 0.000008252034
 0.000011162224
 0.000026333632
 0.000016125759
 0.000015112575
 0.000020013116
 0.000026964168
 0.000034906958
 0.000027634365
 0.000027993989
 0.000032228183
 0.000017997444
 0.000040640534
 0.000042860576
 0.000018158743
 0.000018561732
 0.000017797544
 0.000044166755
 0.000028053397
 0.000019390920
 0.000037104162
 0.000025916160
 0.000040139194
 0.000011302042
 0.000032227411
 0.000019204083
 0.000043860041
 0.000015727845
 0.000029614323
 0.000016484762
 0.000019260770
 0.000035994752
 0.000027714700
 0.000029951181
 0.000013587563
 0.000036355865
 0.000045700908
 0.000033580168
 0.000020232253
 0.000038474314
 0.000048464270
 0.000093201998
 0.000043262084
 0.000039909796
 0.000037697134
 0.000030025845
 0.000029092287
 0.000020527158
 0.000041923379
 0.000065783624
 0.000044021096
 0.000043160122
 0.000053608607
 0.000030574001
 0.000025988425
 0.000025480097
 0.000047427864
 0.000033349658
 0.000018782514
 0.000031135106
 0.000021727272
 0.000022108529
 0.000048623039
 0.000068569177
 0.000085290173
 0.000065442728
 0.000070269847
 0.000042316462
 0.000025120117
 0.000027219353
 0.000046079688
 0.000029134138
 0.000045992772
 0.000047685295
 0.000028535250
 0.000067348974
 0.000068497425
 0.000051525637
 0.000057389381
 0.000069521755
 0.000052594788
 0.000067529778
 0.000053143691
 0.000033588918
 0.000091947104
 0.000077541672
 0.000056607940
 0.000135092145
 0.000103795563
 0.000068342051
 0.000036941685
 0.000047950492
 0.000074506207
 0.000063205504
 0.000073312855
 0.000059794669
 0.000089693135
 0.000091519571
 0.000118280739
 0.000100160440
 0.000037739511
 0.000048319570
 0.000119317997
 0.000060997797
 0.000060760866
 0.000087362306
 0.000048719406
 0.000048706502
 0.000038144771
 0.000039897907
 0.000069810331
 0.000019245692
 0.000050526748
 0.000109294034
 0.000093871506
 0.000067087163
 0.000095666455
 0.000053649007
 0.000101657504
 0.000106719438
 0.000063614750
 0.000050830276
 0.000056847507
 0.000043448831
 0.000025179254
 0.000029848515
 0.000042674989
 0.000046764047
 0.000044364731
 0.000080533540
 0.000031306092
 0.000043328345
 0.000012967085
 0.000033037058
 0.000042791084
 0.000043430522
 0.000016377335
 0.000022580635
 0.000019535795
 0.000030301298
 0.000019685202
 0.000043856705
 0.000039665555
 0.000013611172
 0.000018942279
 0.000055305704
 0.000026530338
 0.000029051447
 0.000026532837
 0.000044518735
 0.000025768236
 0.000009861414
 0.000038375265
 0.000015208187
 0.000032869387
 0.000023690725
 0.000009956515
 0.000007596758
 0.000011152233
 0.000018180110
 0.000027988077
 0.000020463531
 0.000020559851
 0.000021561724
 0.000025912913
 0.000017111302
 0.000011599360
 0.000022686726
 0.000028507123
 0.000036162203
 0.000034828416
 0.000013160555
 0.000031735817
 0.000027396285
 0.000034815505
 0.000066433700
 0.000033783876
 0.000032978951
 0.000052883218
 0.000027975729
 0.000026968794
 0.000044391264
 0.000041064413
 0.000068692385
 0.000049475032
 0.000040703922
 0.000024083099
 0.000026933704
 0.000044823710
 0.000030688924
 0.000031380624
 0.000073629801
 0.000045598018
 0.000043924243
 0.000055286682
 0.000045328202
 0.000112391259
 0.000077943525
 0.000100958361
 0.000084035786
 0.000034678964
 0.000061900205
 0.000073379293
 0.000119935803
 0.000094941101
 0.000062262438
 0.000025160438
 0.000046647697
 0.000071498171
 0.000063183958
 0.000073106876
 0.000062828244
 0.000129450752
 0.000093930326
 0.000082997655
 0.000018868334
 0.000054282600
 0.000077989821
 0.000138348552
 0.000154978612
 0.000072803762
 0.000067438557
 0.000041686378
 0.000059414061
 0.000119249080
 0.000065909735
 0.000030365856
 0.000078005246
 0.000056226484
 0.000045123914
 0.000070003587
 0.000088774207
 0.000027391062
 0.000033143256
 0.000036631359
 0.000044009606
 0.000017636289
 0.000045806583
 0.000020341489
 0.000032581838
 0.000043263493
 0.000016757205
 0.000025802626
 0.000049838204
 0.000046032760
 0.000060946643
 0.000034641668
 0.000035628306
 0.000034460328
 0.000041543792
 0.000023153158
 0.000053316914
 0.000028132250
 0.000021575310
 0.000028241863
 0.000070206544
 0.000045184235
 0.000024780148
 0.000025652709
 0.000027191915
 0.000030216812
 0.000056520024
 0.000049694976
 0.000036051242
 0.000032644581
 0.000066826313
 0.000035731611
 0.000035234096
 0.000050210805
 0.000064656329
 0.000060565053
 0.000036119539
 0.000019965670
 0.000048555872
 0.000017439591
 0.000025311058
 0.000043414944
 0.000033085378
 0.000040215710
 0.000014769118
 0.000021799530
 0.000025692830
 0.000037116804
 0.000087964377
 0.000048287401
 0.000039185092
 0.000060393979
 0.000037931564
 0.000025557644
 0.000044985824
 0.000010862364
 0.000009394231
 0.000022828561
 0.000020123368
 0.000029743399
 0.000012290676
 0.000012635085
 0.000040728580
 0.000031168333
 0.000014776589
 0.000015849926
 0.000019233953
 0.000009628105
 0.000014698660
 0.000012758615
 0.000040574784
 0.000015301173
 0.000016200963
 0.000034641728
 0.000018019689
 0.000017295789
 0.000018800867
 0.000015515727
 0.000010712732
 0.000017439795
 0.000013191282
 0.000012567919
 0.000012617740
 0.000028676576
 0.000047860072
 0.000061763459
 0.000018545063
 0.000013024820
 0.000060407196
 0.000022142404
 0.000027953599
 0.000017670346
 0.000035880824
 0.000012003674
 0.000024697797
 0.000013841563
 0.000022375441
 0.000025991297
 0.000013619673
 0.000005800681
 0.000015431977
 0.000012016898
 0.000018814616
 0.000023714032
 0.000012915267
 0.000013728574
 0.000006243508
 0.000017210127
 0.000011274939
 0.000032062369
 0.000017930169
 0.000011965180
 0.000014103195
 0.000011916801
 0.000012453805
 0.000011515350
 0.000012852035
 0.000010155564
 0.000017618183
 0.000011676777
 0.000005629810
 0.000006422705
 0.000006467276
 0.000003720714
 0.000004713899
 0.000019167910
 0.000008596960
 0.000007747093
 0.000013993432
 0.000014056405
 0.000011219273
 0.000014505859
 0.000007308973
 0.000006582390
 0.000017226920
 0.000003881534
 0.000008850359
 0.000012932036
 0.000007686318
 0.000007829851
 0.000011626578
 0.000019404960
 0.000008488857
 0.000006657076
 0.000005331882
 0.000007916728
 0.000017437198
 0.000017179112
 0.000027908691
 0.000021652487
 0.000013674822
 0.000024024942
 0.000016685473
 0.000017220578
 0.000009986294
 0.000020784140
 0.000022173979
 0.000022583710
 0.000044451571
 0.000040951797
 0.000027802512
 0.000029535207
 0.000022054274
 0.000013296673
 0.000017018482
 0.000020804556
 0.000012189899
 0.000018627198
 0.000016696163
 0.000008945167
 0.000011829750
 0.000011847816
 0.000007317309
 0.000022422886
 0.000013264539
 0.000018344034
 0.000031204445
 0.000028113385
 0.000013004824
 0.000010282570
 0.000011242082
 0.000026522742
 0.000026631878
 0.000025192536
 0.000009748184
 0.000013573493
 0.000036778881
 0.000009706882
 0.000006498669
 0.000008416370
 0.000017482386
 0.000007004268
 0.000007151062
 0.000009241446
 0.000010953344
 0.000007671372
 0.000011976338
 0.000019828237
 0.000007421276
 0.000004162145
 0.000014572184
 0.000008214770
 0.000012802264
 0.000014170709
 0.000015643546
 0.000010415102
 0.000023054639
 0.000015437607
 0.000011253246
 0.000023789285
 0.000016322409
 0.000007435811
 0.000013493130
 0.000006703161
 0.000007841919
 0.000010541296
 0.000011841545
 0.000013552920
 0.000010582379
 0.000003491647
 0.000010096522
 0.000007962168
 0.000005527581
 0.000004426749
 0.000007599473
 0.000008161337
 0.000019076351
 0.000008205076
 0.000022851698
 0.000019755313
 0.000022252525
 0.000010708450
 0.000023732575
 0.000017491136
 0.000024594044
 0.000038089198
 0.000026864509
 0.000027534935
 0.000023788580
 0.000039007559
 0.000035093655
 0.000036641297
 0.000027761059
 0.000037228065
 0.000012768813
 0.000015176784
 0.000017324511
 0.000018154533
 0.000031502921
 0.000030032813
 0.000025542741
 0.000018164053
 0.000027651062
 0.000011892146
 0.000034088052
 0.000013507162
 0.000048663038
 0.000023164661
 0.000024981882
 0.000009441496
 0.000016901117
 0.000007342475
 0.000025851713
 0.000016389321
 0.000017668835
 0.000021190814
 0.000011150646
 0.000005941468
 0.000010230224
 0.000005984407
 0.000035714837
 0.000024854374
 0.000016189275
 0.000051420857
 0.000036725790
 0.000013661893
 0.000046560873
 0.000026568483
 0.000010188377
 0.000030479219
 0.000011168170
 0.000006514917
 0.000012925450
 0.000014839650
 0.000011860985
 0.000005661697
 0.000020759372
 0.000021193773
 0.000011154320
 0.000015280116
 0.000008718917
 0.000007036107
 0.000018675204
 0.000008619152
 0.000014479353
 0.000015270411
 0.000013911171
 0.000018746726
 0.000008543479
 0.000017542782
 0.000017192271
 0.000014294850
 0.000010904541
 0.000019023548
 0.000010963031
 0.000016585038
 0.000018503969
 0.000015160224
 0.000017702991
 0.000018465572
 0.000037451699
 0.000014641509
 0.000010060787
 0.000025787115
 0.000010923384
 0.000010564646
 0.000004444999
 0.000005708023
 0.000012746798
 0.000008052990
 0.000008699321
 0.000007935746
 0.000007881601
 0.000007488381
 0.000006852028
 0.000015680422
 0.000009960090
 0.000005731147
 0.000003374730
 0.000008307009
 0.000026406091
 0.000013641996
 0.000013078546
 0.000010522073
 0.000015659320
 0.000011435065
 0.000008497818
 0.000004646028
 0.000005079087
 0.000009921765
 0.000015236672
 0.000012395429
 0.000004254005
 0.000004429752
 0.000002832062
 0.000009757671
 0.000010953731
 0.000005796488
 0.000003991835
 0.000003813721
 0.000005900138
 0.000004491483
 0.000013015370
 0.000005818935
 0.000011731977
 0.000005371356
 0.000005668641
 0.000006950537
 0.000008700112
 0.000014848777
 0.000013838611
 0.000014887095
 0.000009700667
 0.000010955552
 0.000013052898
 0.000011715287
 0.000005846184
 0.000016328721
 0.000006933085
 0.000012271316
 0.000014371639
 0.000005650774
 0.000025423969
 0.000016546138
 0.000013567483
 0.000034385393
 0.000020895183
 0.000018778446
 0.000020699791
 0.000017769886
 0.000013159263
 0.000019379812
 0.000016716014
 0.000020790728
 0.000016441800
 0.000009935250
 0.000011561112
 0.000011956625
 0.000015065042
 0.000032405241
 0.000009864297
 0.000015041935
 0.000009071285
 0.000010816015
 0.000022023599
 0.000024088941
 0.000012181024
 0.000015198776
 0.000006981946
 0.000007775429
 0.000007359864
 0.000018155174
 0.000022283514
 0.000015945747
 0.000026216731
 0.000026152490
 0.000012252314
 0.000010053099
 0.000030169211
 0.000026580713
 0.000014082861
 0.000008070191
 0.000020071774
 0.000020192947
 0.000010493392
 0.000007759148
 0.000010457170
 0.000011125141
 0.000014718713
 0.000016360127
 0.000008838446
 0.000023323778
 0.000015529236
 0.000037012909
 0.000010218158
 0.000002934215
 0.000015689800
 0.000004146839
 0.000015081205
 0.000010401660
 0.000006093192
 0.000008748450
 0.000007331744
 0.000005647135
 0.000007514205
 0.000005984851
 0.000005333116
 0.000005449619
 0.000012035871
 0.000010479960
 0.000024871238
 0.000021357665
 0.000021916587
 0.000017620236
 0.000016335142
 0.000014742765
 0.000015240116
 0.000014577693
 0.000010371746
 0.000017324430
 0.000009744171
 0.000023932680
 0.000011621924
 0.000011766425
 0.000022842028
 0.000009251724
 0.000005017977
 0.000011732160
 0.000007282792
 0.000009440599
 0.000007097639
 0.000009972064
 0.000029924180
 0.000010705464
 0.000012515022
 0.000008816885
 0.000008165572
 0.000013211790
 0.000012333589
 0.000008885770
 0.000009901605
 0.000008196706
 0.000008346645
 0.000007378213
 0.000012237702
 0.000009792381
 0.000008158412
 0.000002472557
 0.000008332658
 0.000006795211
 0.000009865181
 0.000017594283
 0.000012447280
 0.000007630877
 0.000008494304
 0.000011786619
 0.000005944927
 0.000010606337
 0.000032737436
 0.000016579588
 0.000018205471
 0.000006908480
 0.000005162512
 0.000009437093
 0.000019203045
 0.000008585332
 0.000028330970
 0.000014057340
 0.000050662224
 0.000018540740
 0.000008865352
 0.000014763276
 0.000008865641
 0.000016662339
 0.000006671057
 0.000014722847
 0.000006983131
 0.000008936754
 0.000036667095
 0.000020019198
 0.000012337963
 0.000013050187
 0.000012890388
 0.000011091397
 0.000027097376
 0.000042543698
 0.000012283325
 0.000016376334
 0.000020993190
 0.000015381718
 0.000014049047
 0.000007415603
 0.000022167508
 0.000007115560
 0.000019653976
 0.000008680840
 0.000013772307
 0.000014375263
 0.000005955636
 0.000007143759
 0.000017713590
 0.000027590773
 0.000005685147
 0.000016261204
 0.000012949899
 0.000031797144
 0.000006884687
 0.000008897313
 0.000015903987
 0.000011427137
 0.000006076093
 0.000012649016
 0.000009679157
 0.000019508491
 0.000009141226
 0.000005424174
 0.000004346133
 0.000011971892
 0.000006716805
 0.000009400491
 0.000006568807
 0.000022227377
 0.000016152322
 0.000009985931
 0.000016121182
 0.000028781526
 0.000030324525
 0.000023698628
 0.000018107432
 0.000014482619
 0.000016709019
 0.000008935420
 0.000041061728
 0.000018420228
 0.000010536700
 0.000006953420
 0.000032136586
 0.000024389040
 0.000040692997
 0.000009380733
 0.000038260597
 0.000097475089
 0.000042226644
 0.000077754557
 0.000039579034
 0.000054092100
 0.000015407798
 0.000008667239
 0.000041172741
 0.000023276302
 0.000049476273
 0.000029037409
 0.000022171752
 0.000033848815
 0.000027367378
 0.000020761762
 0.000038709660
 0.000012399310
 0.000023743596
 0.000054552348
 0.000023510116
 0.000016175693
 0.000030641646
 0.000028658896
 0.000009217158
 0.000019048689
 0.000040254409
 0.000015893600
 0.000033290804
 0.000013755317
 0.000022649334
 0.000031377420
 0.000037088725
 0.000032905430
 0.000028184974
 0.000022247485
 0.000038312239
 0.000026889941
 0.000026265162
 0.000037895838
 0.000025975781
 0.000018633668
 0.000008582353
 0.000012934617
 0.000011224716
 0.000041066861
 0.000007058671
 0.000020423914
 0.000017394224
 0.000013349463
 0.000024652286
 0.000010194836
 0.000019874158
 0.000021812326
 0.000020789763
 0.000025607978
 0.000008508902
 0.000024664226
 0.000013645953
 0.000016696889
 0.000019192801
 0.000016648577
 0.000021926124
 0.000030571141
 0.000011342678
 0.000013949946
 0.000021759492
 0.000016792293
 0.000011555598
 0.000008068502
 0.000010295483
 0.000006671142
 0.000009323523
 0.000003771964
 0.000011852819
 0.000015572297
 0.000015353467
 0.000022043517
 0.000048056464
 0.000011613651
 0.000014275340
 0.000005391108
 0.000005899257
 0.000009597355
 0.000010919991
 0.000019877225
 0.000035189719
 0.000015145333
 0.000018766988
 0.000018125159
 0.000031008898
 0.000030644588
 0.000023400411
 0.000021229052
 0.000010849371
 0.000025822859
 0.000034992659
 0.000008634885
 0.000024639937
 0.000014614648
 0.000023254756
 0.000013773135
 0.000039815042
 0.000025726724
 0.000028994235
 0.000020259646
 0.000014484432
 0.000006116360
 0.000016693385
 0.000045905778
 0.000017077307
 0.000007160041
 0.000012339835
 0.000020125666
 0.000032381299
 0.000010326238
 0.000015983324
 0.000021381973
 0.000013714520
 0.000037459058
 0.000015570283
 0.000024248079
 0.000005312302
 0.000017355644
 0.000014895111
 0.000011270628
 0.000036910645
 0.000019977352
 0.000061445130
 0.000031210541
 0.000054761309
 0.000012386907
 0.000013119462
 0.000006526654
 0.000015847343
 0.000009945799
 0.000017938236
 0.000015176772
 0.000024069467
 0.000018580894
 0.000013383705
 0.000022301524
 0.000010501422
 0.000011896641
 0.000027264545
 0.000008723993
 0.000022298875
 0.000012817842
 0.000008000138
 0.000004735384
 0.000007115469
 0.000018929458
 0.000005619091
 0.000007008543
 0.000005468670
 0.000009736783
 0.000010935495
 0.000005859308
 0.000007415182
 0.000005966843
 0.000019151572
 0.000009738015
 0.000005870865
 0.000015662683
 0.000016728239
 0.000011160419
 0.000003506705
 0.000014352176
 0.000015783556
 0.000011258473
 0.000011344375
 0.000019881086
 0.000011561167
 0.000009406453
 0.000009147334
 0.000009116716
 0.000006433527
 0.000011880050
 0.000005556044
 0.000006930764
 0.000009307372
 0.000020684151
 0.000017637203
 0.000016373740
 0.000014199191
 0.000004532152
 0.000005385689
 0.000008234083
 0.000006546940
 0.000007234582
 0.000005926495
 0.000011357491
 0.000008566943
 0.000011432228
 0.000008201111
 0.000010502768
 0.000016838268
 0.000018966469
 0.000010769432
 0.000007466501
 0.000006327976
 0.000006396718
 0.000019876654
 0.000004757554
 0.000010591122
 0.000005187596
 0.000011080434
 0.000009954548
 0.000003968360
 0.000007704106
 0.000005215537
 0.000013553827
 0.000006630902
 0.000011950918
 0.000020973120
 0.000010664603
 0.000015717241
 0.000007316011
 0.000014960158
 0.000010481480
 0.000010804232
 0.000006871529
 0.000011059730
 0.000012493091
 0.000009836620
 0.000017660450
 0.000022596598
 0.000012995533
 0.000007846800
 0.000009436027
 0.000009234014
 0.000013930798
 0.000021337807
 0.000006353194
 0.000013226997
 0.000013668587
 0.000007555486
 0.000007648799
 0.000009400439
 0.000008214663
 0.000018494376
 0.000011834816
 0.000007711920
 0.000017135903
 0.000020558889
 0.000005284926
 0.000008424851
 0.000013200576
 0.000013331911
 0.000009771230
 0.000019318017
 0.000020918110
 0.000008788901
 0.000015701334
 0.000011499498
 0.000018332818
 0.000013113370
 0.000006819973
 0.000010522825
 0.000008415068
 0.000009451738
 0.000015267021
 0.000010036857
 0.000014044241
 0.000022928791
 0.000014612945
 0.000023871234
 0.000004426004
 0.000012603810
 0.000007719758
 0.000005172463
 0.000004899291
 0.000005205227
 0.000013024566
 0.000004057853
 0.000004050582
 0.000009894279
 0.000008449821
 0.000002492955
 0.000009332698
 0.000008622603
 0.000006843363
 0.000004644265
 0.000005950905
 0.000007417911
 0.000006632871
 0.000005046905
 0.000004318944
 0.000014041841
 0.000008056492
 0.000010372271
 0.000010193388
 0.000010437596
 0.000005858417
 0.000010207334
 0.000004272188
 0.000008262028
 0.000009545885
 0.000005834243
 0.000007263204
 0.000009749896
 0.000011332991
 0.000005063593
 0.000020105517
 0.000008490134
 0.000007466418
 0.000015392577
 0.000006944805
 0.000011756352
 0.000008863201
 0.000007172975
 0.000005816847
 0.000012237306
 0.000009957938
 0.000012185222
 0.000011972228
 0.000019601732
 0.000017971987
 0.000010591426
 0.000007147347
 0.000009267825
 0.000005162994
 0.000010889809
 0.000005250821
 0.000012078907
 0.000008599945
 0.000018245404
 0.000013544676
 0.000006490345
 0.000013572614
 0.000009118292
 0.000006468860
 0.000010372364
 0.000004131222
 0.000003737738
 0.000005386016
 0.000013389354
 0.000007257083
 0.000003296544
 0.000001147444
 0.000005767855
 0.000004386336
 0.000005993027
 0.000004413775
 0.000007245084
 0.000005674017
 0.000003243402
 0.000004057132
 0.000003072685
 0.000004611677
 0.000010033207
 0.000015558357
 0.000011571591
 0.000008729705
 0.000007399508
 0.000008134367
 0.000010454264
 0.000017559360
 0.000009709032
 0.000012613404
 0.000008368889
 0.000007877777
 0.000004768014
 0.000010646211
 0.000004933435
 0.000006499454
 0.000004471126
 0.000005006414
 0.000011123863
 0.000004738334
 0.000005296287
 0.000005247640
 0.000006380197
 0.000005043843
 0.000018940225
 0.000010725474
 0.000014029713
 0.000016239843
 0.000005452284
 0.000010252709
 0.000019638134
 0.000010315459
 0.000007135367
 0.000004555424
 0.000005773856
 0.000008706077
 0.000012977377
 0.000027742491
 0.000009055036
 0.000010168992
 0.000004909958
 0.000008899902
 0.000013561517
 0.000010438461
 0.000009683780
 0.000012713687
 0.000009531375
 0.000003007975
 0.000007611021
 0.000004514749
 0.000012702230
 0.000011210359
 0.000003327128
 0.000003097823
 0.000006030551
 0.000003228150
 0.000008325176
 0.000006035043
 0.000015571749
 0.000006342037
 0.000007353558
 0.000009211997
 0.000007754728
 0.000005552090
 0.000007283859
 0.000004074091
 0.000004421355
 0.000005781881
 0.000006247149
 0.000007727315
 0.000003924594
 0.000004071520
 0.000003613920
 0.000008064122
 0.000007621287
 0.000011837436
 0.000007873247
 0.000010162711
 0.000007475731
 0.000004904973
 0.000003993883
 0.000010866428
 0.000004188168
 0.000008384003
 0.000003816098
 0.000005292622
 0.000010245692
 0.000003844796
 0.000009716684
 0.000011590365
 0.000005275140
 0.000004270167
 0.000012592412
 0.000009091014
 0.000020916284
 0.000002958018
 0.000005629253
 0.000003292048
 0.000009125330
 0.000007794129
 0.000012659263
 0.000004465318
 0.000005928948
 0.000002734543
 0.000005736000
 0.000003554515
 0.000006384554
 0.000003552629
 0.000007314830
 0.000007732138
 0.000006045809
 0.000003522200
 0.000006871589
 0.000008055154
 0.000006472087
 0.000008136925
 0.000014692460
 0.000014820644
 0.000009963217
 0.000006513224
 0.000016077729
 0.000005811206
 0.000007632587
 0.000004249303
 0.000006513857
 0.000002878309
 0.000004273345
 0.000006910173
 0.000007252319
 0.000012979943
 0.000013143006
 0.000005736455
 0.000010600994
 0.000008076699
 0.000005092096
 0.000008166479
 0.000012266352
 0.000014155898
 0.000023771202
 0.000009867413
 0.000013199490
 0.000012547802
 0.000003510880
 0.000011850736
 0.000002693160
 0.000005517976
 0.000012201919
 0.000012102196
 0.000009907875
 0.000010012086
 0.000021781169
 0.000012199829
 0.000007471664
 0.000007049389
 0.000008175176
 0.000007127393
 0.000005687109
 0.000002017193
 0.000004824717
 0.000005256724
 0.000003228442
 0.000002261582
 0.000003144460
 0.000001855061
 0.000003037224
 0.000004569559
 0.000003233025
 0.000005159799
 0.000008769393
 0.000006277559
 0.000003754355
 0.000010085127
 0.000010416879
 0.000005573638
 0.000004068173
 0.000008428142
 0.000013593813
 0.000010287334
 0.000006047852
 0.000007165917
 0.000005735301
 0.000010236607
 0.000007899477
 0.000016733043
 0.000021509897
 0.000013473218
 0.000017475672
 0.000036153027
 0.000027365497
 0.000017772153
 0.000021359547
 0.000027895498
 0.000018132842
 0.000013923583
 0.000009264160
 0.000006937096
 0.000016579091
 0.000006816350
 0.000015184625
 0.000008643624
 0.000012134926
 0.000015930429
 0.000027253318
 0.000013806213
 0.000009328397
 0.000013794065
 0.000009147720
 0.000007821800
 0.000007183773
 0.000005758476
 0.000006921626
 0.000013244233
 0.000006556169
 0.000013585205
 0.000011741268
 0.000010716120
 0.000008521508
 0.000006757461
 0.000005173949
 0.000004626390
 0.000003059395
 0.000001827925
 0.000004561131
 0.000008566023
 0.000005287448
 0.000006782766
 0.000004036557
 0.000004388950
 0.000004281755
 0.000003220694
 0.000008111964
 0.000003515060
 0.000009292402
 0.000021635002
 0.000022452792
 0.000012206187
 0.000005747927
 0.000004065608
 0.000003950418
 0.000004395970
 0.000009094331
 0.000003853813
 0.000007948770
 0.000013004984
 0.000017145006
 0.000031155637
 0.000006304440
 0.000009729669
 0.000015273495
 0.000004137742
 0.000009346450
 0.000016671220
 0.000010965575
 0.000006703668
 0.000007775805
 0.000014654594
 0.000006931921
 0.000006184479
 0.000010619674
 0.000010311660
 0.000014689223
 0.000010520323
 0.000013743973
 0.000015825340
 0.000014365005
 0.000005175492
 0.000012382252
 0.000008454235
 0.000013227257
 0.000020322763
 0.000010745965
 0.000017846337
 0.000030828302
 0.000013360597
 0.000005373723
 0.000017894842
 0.000013703933
 0.000016926076
 0.000013150278
 0.000010581005
 0.000018419479
 0.000007702405
 0.000011685336
 0.000009875752
 0.000006447152
 0.000007836186
 0.000008572614
 0.000009505130
 0.000027855089
 0.000011713015
 0.000019160305
 0.000013614961
 0.000008941029
 0.000008248553
 0.000025707749
 0.000005258365
 0.000008936545
 0.000005450619
 0.000012436587
 0.000009659167
 0.000015162700
 0.000003117844
 0.000005978158
 0.000007772999
 0.000013724743
 0.000006651697
 0.000020354735
 0.000017905123
 0.000011167163
 0.000007794637
 0.000012921663
 0.000021574709
 0.000008169803
 0.000011832698
 0.000012085681
 0.000006728999
 0.000010594586
 0.000010770891
 0.000008577268
 0.000008214427
 0.000006186585
 0.000004507998
 0.000017766517
 0.000009935604
 0.000029894111
 0.000011409851
 0.000031674708
 0.000011392979
 0.000006309361
 0.000008964028
 0.000009581022
 0.000022475146
 0.000007289412
 0.000021010427
 0.000010071612
 0.000006969591
 0.000011425202
 0.000009508412
 0.000014162182
 0.000012894273
 0.000024096812
 0.000016672219
 0.000029611197
 0.000010948921
 0.000011398720
 0.000012547220
 0.000012598685
 0.000007102608
 0.000019364944
 0.000012036565
 0.000007136429
 0.000023021498
 0.000011085381
 0.000016219791
 0.000021217833
 0.000011332728
 0.000021928069
 0.000017757485
 0.000009617397
 0.000008069694
 0.000012864275
 0.000013852592
 0.000008123668
 0.000009290042
 0.000017821422
 0.000016316255
 0.000018758731
 0.000020130045
 0.000026067287
 0.000013384441
 0.000040362926
 0.000009330580
 0.000016471653
 0.000007137248
 0.000015643571
 0.000022010779
 0.000009159626
 0.000017890842
 0.000015443431
 0.000002623536
 0.000007951838
 0.000013548869
 0.000005879763
 0.000006422090
 0.000010812138
 0.000005781474
 0.000006006178
 0.000010913957
 0.000007939822
 0.000013576799
 0.000006492686
 0.000011350675
 0.000008923108
 0.000009038705
 0.000008638286
 0.000016298634
 0.000022681723
 0.000011357073
 0.000013167408
 0.000009143891
 0.000006676634
 0.000014482013
 0.000007938709
 0.000007439162
 0.000013420788
 0.000020438108
 0.000038653363
 0.000007670757
 0.000008475504
 0.000007250321
 0.000007634882
 0.000012540570
 0.000006436017
 0.000012747322
 0.000003410162
 0.000003592122
 0.000005369955
 0.000006153104
 0.000006684052
 0.000002892013
 0.000004455850
 0.000010831232
 0.000015857577
 0.000008072438
 0.000022112731
 0.000016984218
 0.000016521584
 0.000013410555
 0.000013620986
 0.000017573742
 0.000004837131
 0.000012253702
 0.000014349597
 0.000007386630
 0.000007778182
 0.000015777685
 0.000003185683
 0.000006421697
 0.000017658067
 0.000010587904
 0.000012989210
 0.000021672946
 0.000010444883
 0.000009511100
 0.000022412079
 0.000009810651
 0.000018135053
 0.000015226456
 0.000012537163
 0.000018138940
 0.000013772219
 0.000009963236
 0.000009167708
 0.000007905815
 0.000013081613
 0.000012863203
 0.000010487597
 0.000022680763
 0.000010105212
 0.000011422599
 0.000009854656
 0.000013299409
 0.000011941654
 0.000011755819
 0.000015121456
 0.000012702441
 0.000010314627
 0.000008861646
 0.000011734972
 0.000010819704
 0.000012329911
 0.000007007181
 0.000012798856
 0.000017512619
 0.000015959209
 0.000012503291
 0.000008871132
 0.000006746973
 0.000012756521
 0.000017546936
 0.000015291101
 0.000015939988
 0.000014125812
 0.000020423007
 0.000021327290
 0.000015755856
 0.000019617115
 0.000027822100
 0.000016789056
 0.000014530514
 0.000012634509
 0.000005749496
 0.000004529004
 0.000009868549
 0.000012200760
 0.000030107350
 0.000012125359
 0.000017045981
 0.000006164528
 0.000004063760
 0.000009854828
 0.000018043134
 0.000023016749
 0.000015722204
 0.000005805527
 0.000017015649
 0.000007938199
 0.000012127668
 0.000008788379
 0.000004906323
 0.000045116650
 0.000007284418
 0.000007012638
 0.000005531585
 0.000013452395
 0.000010028666
 0.000005028148
 0.000001287765
 0.000005901788
 0.000007927670
 0.000007406209
 0.000011140759
 0.000006444042
 0.000003888366
 0.000005264656
 0.000004942245
 0.000018779088
 0.000004063693
 0.000004926082
 0.000008283969
 0.000017561476
 0.000006445826
 0.000009040954
 0.000006107035
 0.000006416676
 0.000007993274
 0.000004959403
 0.000004613201
 0.000009278383
 0.000014593029
 0.000009096375
 0.000005012385
 0.000010855794
 0.000010492418
 0.000012873156
 0.000014678830
 0.000005867900
 0.000022241527
 0.000012202718
 0.000007138006
 0.000017415377
 0.000008003333
 0.000007536627
 0.000007051614
 0.000007889684
 0.000011018884
 0.000014416629
 0.000009157822
 0.000006029289
 0.000020501160
 0.000008638743
 0.000012155324
 0.000012239720
 0.000016454126
 0.000008978758
 0.000020116198
 0.000012086975
 0.000007735736
 0.000006090048
 0.000007908256
 0.000008229237
 0.000014726932
 0.000005792657
 0.000006881183
 0.000011736740
 0.000005070369
 0.000004709586
 0.000004164152
 0.000021698152
 0.000006802149
 0.000012909487
 0.000013547744
 0.000009927510
 0.000006716981
 0.000010658190
 0.000005939904
 0.000007844775
 0.000010074859
 0.000009253697
 0.000007143113
 0.000008641946
 0.000007620522
 0.000017038411
 0.000018728487
 0.000006707879
 0.000023116086
 0.000009879908
 0.000013480170
 0.000011696766
 0.000017516593
 0.000011691806
 0.000013049386
 0.000004964878
 0.000011960906
 0.000013417626
 0.000016331519
 0.000007321245
 0.000013974124
 0.000006688061
 0.000005102830
 0.000010522392
 0.000012558029
 0.000007917433
 0.000024556780
 0.000007230686
 0.000019729172
 0.000012403289
 0.000005616523
 0.000011115808
 0.000007940587
 0.000014640334
 0.000009344972
 0.000015606621
 0.000003644624
 0.000012793692
 0.000026759541
 0.000009969255
 0.000008721294
 0.000004330969
 0.000012370529
 0.000012102626
 0.000009804456
 0.000003175786
 0.000004811752
 0.000005389075
 0.000003989141
 0.000004203556
 0.000008848163
 0.000010892018
 0.000003906941
 0.000007901046
 0.000015721152
 0.000013832917
 0.000007785568
 0.000017959091
 0.000017168491
 0.000013171149
 0.000008529249
 0.000009377017
 0.000010051277
 0.000006821897
 0.000014934807
 0.000011523188
 0.000027027369
 0.000006236261
 0.000008853507
 0.000021151407
 0.000009323716
 0.000023095431
 0.000010217670
 0.000016444632
 0.000010708955
 0.000006165459
 0.000019809994
 0.000013477586
 0.000020617844
 0.000006833801
 0.000003983290
 0.000005246494
 0.000014229129
 0.000006603970
 0.000004673846
 0.000008444961
 0.000008307348
 0.000007685081
 0.000004044184
 0.000006877927
 0.000005490056
 0.000007032139
 0.000006061800
 0.000008981507
 0.000002999360
 0.000002967693
 0.000006638215
 0.000009680195
 0.000010400206
 0.000018114282
 0.000008978889
 0.000004210845
 0.000006151381
 0.000006839955
 0.000006301273
 0.000007375610
 0.000009636302
 0.000003400333
 0.000008672845
 0.000003830860
 0.000004492045
 0.000004686967
 0.000010489687
 0.000003086394
 0.000009333009
 0.000003180010
 0.000007854357
 0.000003940178
 0.000009882573
 0.000016423633
 0.000003778201
 0.000005776593
 0.000003759509
 0.000005954041
 0.000004024576
 0.000003081889
 0.000004701338
 0.000007798718
 0.000003923082
 0.000003881926
 0.000004072270
 0.000004710232
 0.000003924639
 0.000005261221
 0.000010059183
 0.000016246396
 0.000006695314
 0.000006515214
 0.000003557742
 0.000011793395
 0.000007252212
 0.000008796627
 0.000008064864
 0.000004056277
 0.000003390277
 0.000006829351
 0.000004850617
 0.000006584754
 0.000011099208
 0.000005209719
 0.000007512014
 0.000005719043
 0.000003110109
 0.000006534995
 0.000006138315
 0.000003244994
 0.000010120683
 0.000004831560
 0.000003674943
 0.000004273274
 0.000006498517
 0.000006227019
 0.000007639469
 0.000040588214
 0.000010815805
 0.000010649660
 0.000012150765
 0.000007253168
 0.000008400893
 0.000004331972
 0.000011914147
 0.000005343151
 0.000008498655
 0.000008072376
 0.000015634261
 0.000015533351
 0.000006202348
 0.000005704897
 0.000009396604
 0.000011041709
 0.000007600960
 0.000007022790
 0.000003710748
 0.000017673324
 0.000009206694
 0.000010380869
 0.000007781406
 0.000019653489
 0.000007294754
 0.000004660839
 0.000003507373
 0.000006616961
 0.000014552958
 0.000002803254
 0.000009729300
 0.000004249947
 0.000007230181
 0.000004080383
 0.000005763508
 0.000004543090
 0.000004364307
 0.000004252892
 0.000002634524
 0.000004706224
 0.000003612862
 0.000003845524
 0.000006758402
 0.000007107957
 0.000009224488
 0.000013314162
 0.000005100095
 0.000006348698
 0.000009768766
 0.000007498713
 0.000006802773
 0.000016277769
 0.000005639482
 0.000010474354
 0.000035605931
 0.000011475104
 0.000009584549
 0.000015295167
 0.000008539162
 0.000028111667
 0.000005940626
 0.000008384489
 0.000007528757
 0.000014612420
 0.000005770560
 0.000014406401
 0.000008943865
 0.000005702954
 0.000005367365
 0.000003896256
 0.000010085050
 0.000010680537
 0.000012601322
 0.000004422270
 0.000005422403
 0.000003853246
 0.000008769426
 0.000008094594
 0.000021827604
 0.000006701497
 0.000010492000
 0.000011061934
 0.000026746814
 0.000008442548
 0.000009465348
 0.000006156293
 0.000016619448
 0.000009037393
 0.000014053843
 0.000018228297
 0.000004431983
 0.000008391906
 0.000025425099
 0.000014814935
 0.000013538470
 0.000011365373
 0.000008080294
 0.000009409240
 0.000012236712
 0.000024740492
 0.000008363436
 0.000021564485
 0.000006579774
 0.000006056480
 0.000003487328
 0.000005273012
 0.000005771321
 0.000003734235
 0.000005097300
 0.000005948816
 0.000007014706
 0.000013401564
 0.000009342694
 0.000003840840
 0.000001763962
 0.000011382645
 0.000015142807
 0.000016265531
 0.000006026570
 0.000008559300
 0.000002982047
 0.000007125824
 0.000008289245
 0.000016394343
 0.000005509397
 0.000009430034
 0.000006705856
 0.000010573447
 0.000017828694
 0.000007956812
 0.000009446199
 0.000012311915
 0.000009637318
 0.000008314380
 0.000003920940
 0.000002816663
 0.000005323629
 0.000005338634
 0.000006246785
 0.000007908704
 0.000010658605
 0.000021978468
 0.000015547313
 0.000025555212
 0.000024114060
 0.000016234349
 0.000015854114
 0.000011993224
 0.000019417480
 0.000008451326
 0.000002866412
 0.000007618073
 0.000009307239
 0.000005989741
 0.000004465165
 0.000009850254
 0.000005365209
 0.000006072418
 0.000006186180
 0.000007992245
 0.000003067572
 0.000005067651
 0.000007117525
 0.000005735036
 0.000010354844
 0.000007112242
 0.000018171300
 0.000009291750
 0.000012181471
 0.000007307022
 0.000010471168
 0.000017717775
 0.000004178953
 0.000013036705
 0.000015873950
 0.000004318358
 0.000007297920
 0.000014321973
 0.000013016206
 0.000004858751
 0.000004413529
 0.000004975328
 0.000016748609
 0.000006498681
 0.000009501753
 0.000007128447
 0.000003816932
 0.000007051135
 0.000008646867
 0.000005894926
 0.000002381501
 0.000006519503
 0.000005344156
 0.000012288433
 0.000004903858
 0.000013691596
 0.000005696044
 0.000004016469
 0.000006049922
 0.000008530815
 0.000003196836
 0.000007970511
 0.000008756706
 0.000003257247
 0.000007178514
 0.000016536725
 0.000012108138
 0.000005757923
 0.000005369720
 0.000009838808
 0.000008842295
 0.000020371106
 0.000021780823
 0.000004512797
 0.000001882262
 0.000006201488
 0.000009404960
 0.000009728477
 0.000006910869
 0.000002410675
 0.000001861666
 0.000006388119
 0.000005811468
 0.000002197218
 0.000003050743
 0.000003356564
 0.000003295494
 0.000007207533
 0.000002295133
 0.000003591964
 0.000007114534
 0.000011406627
 0.000013700354
 0.000011972073
 0.000003104873
 0.000004583151
 0.000016295265
 0.000004205839
 0.000010375168
 0.000003342362
 0.000004674401
 0.000006559490
 0.000007436913
 0.000005920101
 0.000007284411
 0.000005613143
 0.000010219928
 0.000006256598
 0.000004241127
 0.000006520168
 0.000004388633
 0.000005253653
 0.000012555447
 0.000008680167
 0.000014972972
 0.000006897387
 0.000008042089
 0.000017325107
 0.000004238065
 0.000007295129
 0.000011427702
 0.000012881691
 0.000004514122
 0.000012547789
 0.000009846940
 0.000007746539
 0.000002986846
 0.000019370182
 0.000006065028
 0.000008230880
 0.000010959931
 0.000008933904
 0.000004573323
 0.000004834735
 0.000004439593
 0.000009629833
 0.000008995441
 0.000005866658
 0.000007538734
 0.000002423135
 0.000012718375
 0.000007502207
 0.000012203463
 0.000005220739
 0.000010085542
 0.000007117130
 0.000013330434
 0.000011293035
 0.000002167956
 0.000005920448
 0.000009366196
 0.000014863132
 0.000003147287
 0.000005563408
 0.000003640550
 0.000003068624
 0.000003057364
 0.000003002044
 0.000005888257
 0.000005966538
 0.000005405155
 0.000002510206
 0.000004230907
 0.000005337785
 0.000011252364
 0.000004232936
 0.000007980482
 0.000002513708
 0.000007867524
 0.000008069270
 0.000008196503
 0.000008770200
 0.000006423716
 0.000007255456
 0.000009943596
 0.000009523139
 0.000005506517
 0.000004671662
 0.000004988759
 0.000010455737
 0.000004964636
 0.000003868903
 0.000008913739
 0.000014721607
 0.000005555405
 0.000010719880
 0.000006422871
 0.000007710700
 0.000006185566
 0.000010539301
 0.000006781755
 0.000013406600
 0.000008565246
 0.000010164041
 0.000003502471
 0.000003737722
 0.000003301760
 0.000003155952
 0.000003544404
 0.000008185183
 0.000007342932
 0.000007045836
 0.000006161598
 0.000002463797
 0.000007352465
 0.000002000284
 0.000009619453
 0.000003180667
 0.000011152569
 0.000003609126
 0.000003874189
 0.000002328983
 0.000002421731
 0.000007733534
 0.000006462846
 0.000007436866
 0.000006321850
 0.000011968484
 0.000002414238
 0.000013502533
 0.000004983334
 0.000021693591
 0.000015495262
 0.000010823996
 0.000014230494
 0.000014365842
 0.000012088855
 0.000016050777
 0.000016184802
 0.000014233396
 0.000021805059
 0.000014819131
 0.000006461831
 0.000020802852
 0.000005150636
 0.000006688569
 0.000026304719
 0.000006750382
 0.000008984401
 0.000009825666
 0.000009278632
 0.000010329563
 0.000008155233
 0.000006131553
 0.000009573151
 0.000012601030
 0.000003933690
 0.000008645530
 0.000006438422
 0.000002187014
 0.000004060451
 0.000003199007
 0.000015192547
 0.000007027706
 0.000014832026
 0.000006044602
 0.000006048222
 0.000004018170
 0.000014635880
 0.000013604671
 0.000003789197
 0.000004839134
 0.000006985180
 0.000010697965
 0.000006734832
 0.000009600381
 0.000010827450
 0.000004899661
 0.000007305130
 0.000010092818
 0.000008880799
 0.000002963987
 0.000002759549
 0.000004816088
 0.000003541635
 0.000007876662
 0.000012905094
 0.000004951907
 0.000013499959
 0.000017318168
 0.000008921221
 0.000008100279
 0.000007764995
 0.000005690145
 0.000006219200
 0.000009573833
 0.000007568218
 0.000012437187
 0.000005979699
 0.000016017528
 0.000005984213
 0.000006283479
 0.000001879702
 0.000012201220
 0.000008436315
 0.000010302507
 0.000008238022
 0.000007878799
 0.000005786569
 0.000006450669
 0.000002236551
 0.000004162994
 0.000002612206
 0.000005094957
 0.000003176275
 0.000002254811
 0.000003930278
 0.000005775770
 0.000003951676
 0.000006414138
 0.000002871831
 0.000006001996
 0.000003685326
 0.000006895946
 0.000003902497
 0.000003561120
 0.000003870702
 0.000002155455
 0.000008422327
 0.000002323300
 0.000003870206
 0.000003666407
 0.000005647006
 0.000001900195
 0.000002293436
 0.000011815391
 0.000003600665
 0.000010800419
 0.000004049072
 0.000005177498
 0.000002405806
 0.000002378922
 0.000006767630
 0.000004303544
 0.000005492860
 0.000006211603
 0.000004822112
 0.000005381330
 0.000005032020
 0.000006087497
 0.000004310876
 0.000004734548
 0.000003269503
 0.000005755454
 0.000010810577
 0.000004155159
 0.000013136719
 0.000004123919
 0.000004101560
 0.000006533525
 0.000001972548
 0.000002625024
 0.000003840005
 0.000002031461
 0.000008645210
 0.000003480265
 0.000009175455
 0.000005810512
 0.000003784356
 0.000003556207
 0.000000931019
 0.000004616015
 0.000005536080
 0.000003703377
 0.000004732885
 0.000003080152
 0.000002858396
 0.000001881774
 0.000006252127
 0.000005975796
 0.000004605517
 0.000002928556
 0.000004335470
 0.000003706005
 0.000005120724
 0.000012483811
 0.000003362343
 0.000003894961
 0.000012054287
 0.000005919210
 0.000004543660
 0.000004324655
 0.000006579103
 0.000006836579
 0.000003503289
 0.000002128648
 0.000006902271
 0.000002364726
 0.000006003152
 0.000005984164
 0.000005516532
 0.000005393792
 0.000004816300
 0.000008594983
 0.000002010737
 0.000004681757
 0.000002427619
 0.000002041438
 0.000009724802
 0.000003841331
 0.000005471639
 0.000009634781
 0.000004906050
 0.000012596443
 0.000008191823
 0.000003389530
 0.000005920875
 0.000004675821
 0.000004802042
 0.000006994298
 0.000009867198
 0.000004175666
 0.000007034418
 0.000006025343
 0.000005817794
 0.000006094340
 0.000005148734
 0.000002478486
 0.000006982570
 0.000006990349
 0.000003604865
 0.000006343092
 0.000016834166
 0.000008361289
 0.000004779467
 0.000006439830
 0.000002146282
 0.000004722623
 0.000007472276
 0.000004526071
 0.000007904070
 0.000007473568
 0.000004281090
 0.000004185600
 0.000003310614
 0.000003423672
 0.000009165291
 0.000009219165
 0.000010099661
 0.000008184386
 0.000016141236
 0.000004126925
 0.000009380864
 0.000016322101
 0.000007157365
 0.000005298332
 0.000003654843
 0.000004769525
 0.000003330879
 0.000004426847
 0.000004695566
 0.000003646969
 0.000007647668
 0.000008188763
 0.000005026185
 0.000004637587
 0.000001778611
 0.000006943947
 0.000007629771
 0.000004008547
 0.000005353766
 0.000010458722
 0.000008677522
 0.000003864175
 0.000011649762
 0.000006297438
 0.000006700262
 0.000004132490
 0.000006616857
 0.000008981516
 0.000005868235
 0.000011421365
 0.000005279427
 0.000002080115
 0.000004734215
 0.000006696161
 0.000009189466
 0.000005271246
 0.000004322052
 0.000004953510
 0.000009737004
 0.000004988162
 0.000008439494
 0.000008185315
 0.000004423972
 0.000003033995
 0.000012462264
 0.000007999736
 0.000009043640
 0.000004005736
 0.000005393707
 0.000008060728
 0.000012248884
 0.000004725703
 0.000014727289
 0.000010327390
 0.000010105932
 0.000007425797
 0.000007865319
 0.000004921001
 0.000003538843
 0.000005712069
 0.000016691275
 0.000005607326
 0.000009394528
 0.000006633013
 0.000004551122
 0.000004160606
 0.000004166732
 0.000003763853
 0.000005070083
 0.000006245927
 0.000005202674
 0.000003441930
 0.000001384342
 0.000003093800
 0.000006222814
 0.000007982629
 0.000006131001
 0.000005201332
 0.000006131839
 0.000006337813
 0.000005691851
 0.000006434255
 0.000009153212
 0.000006609435
 0.000002230339
 0.000008580055
 0.000018012335
 0.000024317638
 0.000015146099
 0.000009542540
 0.000012078104
 0.000006816751
 0.000014850698
 0.000005577857
 0.000006372697
 0.000003485807
 0.000004256208
 0.000010818083
 0.000005627706
 0.000004138340
 0.000006347679
 0.000011337341
 0.000006748099
 0.000007708219
 0.000009009102
 0.000006042450
 0.000005256793
 0.000026779646
 0.000009458312
 0.000005591016
 0.000009071065
 0.000016972057
 0.000015170361
 0.000005021636
 0.000004523415
 0.000009942601
 0.000006193231
 0.000005559682
 0.000009228609
 0.000005900219
 0.000009304527
 0.000006558879
 0.000007287549
 0.000009694629
 0.000006853595
 0.000003728994
 0.000009104940
 0.000010359777
 0.000002429918
 0.000010266134
 0.000002859481
 0.000007932809
 0.000005031584
 0.000005017689
 0.000007226152
 0.000011756698
 0.000006679773
 0.000004711089
 0.000013003179
 0.000008942589
 0.000012432965
 0.000011410915
 0.000015663186
 0.000012948534
 0.000014630873
 0.000013400011
 0.000012845729
 0.000014045829
 0.000008263539
 0.000027528491
 0.000023926613
 0.000020427508
 0.000006867084
 0.000011914402
 0.000016915147
 0.000016444850
 0.000013281147
 0.000009115267
 0.000019028909
 0.000005436773
 0.000010135013
 0.000012087164
 0.000020694057
 0.000004514639
 0.000003780004
 0.000005985736
 0.000003617793
 0.000008565533
 0.000007273770
 0.000003432590
 0.000003230979
 0.000003996592
 0.000002352915
 0.000005789750
 0.000002342966
 0.000001815865
 0.000004954872
 0.000002686596
 0.000002827183
 0.000006243635
 0.000003740653
 0.000001791599
 0.000002862246
 0.000002909184
 0.000002578084
 0.000003830438
 0.000003755993
 0.000003976163
 0.000001592150
 0.000005033092
 0.000002446463
 0.000003445639
 0.000002866867
 0.000006940223
 0.000002691766
 0.000001506874
 0.000003025509
 0.000001801217
 0.000001027121
 0.000001185012
 0.000002139247
 0.000007688604
 0.000003923061
 0.000008388362
 0.000004649031
 0.000003149783
 0.000003312045
 0.000003146348
 0.000003809494
 0.000007480377
 0.000001793680
 0.000006208498
 0.000004624594
 0.000001581277
 0.000002837447
 0.000002245746
 0.000002793650
 0.000006452318
 0.000005054969
 0.000004050592
 0.000003064378
 0.000003235288
 0.000004066624
 0.000006716083
 0.000006329979
 0.000003615564
 0.000005861551
 0.000001909876
 0.000003486664
 0.000003584774
 0.000005929842
 0.000002596084
 0.000003995542
 0.000004698204
 0.000011754367
 0.000004942064
 0.000005763356
 0.000004940670
 0.000017476537
 0.000002491480
 0.000011566853
 0.000004256422
 0.000010585253
 0.000004774063
 0.000014658553
 0.000006444526
 0.000004518693
 0.000007019601
 0.000004038919
 0.000003292843
 0.000003882553
 0.000002819990
 0.000005256064
 0.000002467473
 0.000002361002
 0.000006185822
 0.000003447260
 0.000002448095
 0.000005110973
 0.000002445795
 0.000002620377
 0.000001847647
 0.000001301833
 0.000000907961
 0.000001746864
 0.000001342727
 0.000001976352
 0.000001370129
 0.000003426184
 0.000001660998
 0.000002052749
 0.000001067224
 0.000001335447
 0.000001385821
 0.000003281834
 0.000001667727
 0.000001742706
 0.000001996700
 0.000001032861
 0.000004195838
 0.000004385145
 0.000005169050
 0.000002512391
 0.000003109566
 0.000002623071
 0.000004753760
 0.000003446094
 0.000004832042
 0.000003082525
 0.000001642979
 0.000002877859
 0.000001683259
 0.000002866475
 0.000002469130
 0.000002814575
 0.000003300207
 0.000003105449
 0.000003716206
 0.000005889192
 0.000002363348
 0.000003574168
 0.000005409399
 0.000004515240
 0.000001298394
 0.000002108786
 0.000001436509
 0.000001930234
 0.000001769714
 0.000003475569
 0.000004135103
 0.000003277371
 0.000003850651
 0.000004549936
 0.000001303577
 0.000002604402
 0.000001397264
 0.000001553467
 0.000002255173
 0.000006454697
 0.000002013887
 0.000001364647
 0.000000708901
 0.000001600456
 0.000002305752
 0.000001222456
 0.000004659465
 0.000004368606
 0.000003347671
 0.000003052006
 0.000005402051
 0.000005321845
 0.000001070821
 0.000001076754
 0.000002540610
 0.000002226836
 0.000001791179
 0.000005151148
 0.000001237419
 0.000001413637
 0.000003699590
 0.000002932313
 0.000002519203
 0.000001894511
 0.000005552272
 0.000001585362
 0.000001576684
 0.000001700023
 0.000000937956
 0.000001463811
 0.000001405807
 0.000001013520
 0.000001440815
 0.000001170153
 0.000000588727
 0.000001440982
 0.000001449048
 0.000001821983
 0.000001004683
 0.000001418203
 0.000002411570
 0.000000691801
 0.000000938718
 0.000001581154
 0.000001171642
 0.000000767399
 0.000001105605
 0.000000964745
 0.000001879692
 0.000001177223
 0.000001501132
 0.000000966374
 0.000003001994
 0.000001787321
 0.000004845152
 0.000002097341
 0.000000949585
 0.000002958699
 0.000001272001
 0.000003025263
 0.000001241605
 0.000002136130
 0.000001380763
 0.000001493088
 0.000001727517
 0.000002713310
 0.000001298884
 0.000003129186
 0.000000850871
 0.000002074379
 0.000001850902
 0.000002061189
 0.000001253201
 0.000001278996
 0.000004260802
 0.000002210453
 0.000001223712
 0.000003368732
 0.000002345548
 0.000002900419
 0.000003571179
 0.000001289048
 0.000001563039
 0.000000886629
 0.000001634331
 0.000001978915
 0.000001276616
 0.000003031166
 0.000005156015
 0.000003864390
 0.000003964211
 0.000003330740
 0.000007216880
 0.000005039795
 0.000012670481
 0.000002555433
 0.000005653261
 0.000001893686
 0.000001220414
 0.000001285354
 0.000002756959
 0.000002619717
 0.000002505657
 0.000002738750
 0.000004462457
 0.000001156076
 0.000002388392
 0.000002370466
 0.000000983575
 0.000006900267
 0.000002399733
 0.000001806028
 0.000001998455
 0.000004549441
 0.000002591737
 0.000001323042
 0.000001212660
 0.000001916448
 0.000001162279
 0.000001590398
 0.000001694337
 0.000000649896
 0.000002482312
 0.000000748601
 0.000001581134
 0.000001884353
 0.000001521452
 0.000000776919
 0.000001339970
 0.000001834032
 0.000000696046
 0.000002255857
 0.000003239474
 0.000001025808
 0.000002312799
 0.000001535330
 0.000002309202
 0.000002404778
 0.000001024264
 0.000000964025
 0.000000592542
 0.000002400680
 0.000003234325
 0.000001692517
 0.000001246672
 0.000001638591
 0.000002195154
 0.000001571925
 0.000000913252
 0.000001281425
 0.000000778627
 0.000001379943
 0.000002074706
 0.000002003401
 0.000001241224
 0.000003412559
 0.000002307919
 0.000001374442
 0.000002950981
 0.000002206019
 0.000002219363
 0.000001140203
 0.000003878813
 0.000004035764
 0.000007475287
 0.000001636499
 0.000000883909
 0.000000993846
 0.000000861909
 0.000001567730
 0.000001244812
 0.000000534280
 0.000002094450
 0.000003864289
 0.000001487974
 0.000001437153
 0.000000919259
 0.000001636953
 0.000001243375
 0.000000815164
 0.000001360753
 0.000003333800
 0.000001783091
 0.000001216072
 0.000001592754
 0.000000503375
 0.000001157416
 0.000002031026
 0.000001450545
 0.000000706687
 0.000000985936
 0.000001529367
 0.000001247542
 0.000002111679
 0.000002196285
 0.000002905677
 0.000001504146
 0.000002908554
 0.000001325936
 0.000002524215
 0.000001703268
 0.000002619191
 0.000001136699
 0.000002333525
 0.000002260787
 0.000001762694
 0.000002126968
 0.000003641740
 0.000003023660
 0.000001656804
 0.000003778185
 0.000001605855
 0.000001831575
 0.000001925968
 0.000006586933
 0.000004048279
 0.000009611794
 0.000002638494
 0.000003595753
 0.000004841811
 0.000003335262
 0.000007089556
 0.000003676994
 0.000007445003
 0.000002657314
 0.000002250958
 0.000005002197
 0.000004018670
 0.000004247435
 0.000002648417
 0.000004222576
 0.000010856120
 0.000003467216
 0.000012548888
 0.000010521015
 0.000004694452
 0.000003472635
 0.000003413310
 0.000007722485
 0.000022667578
 0.000010295653
 0.000020473116
 0.000016645656
 0.000012703096
 0.000010729987
 0.000010016227
 0.000016815212
 0.000004602371
 0.000003347903
 0.000005802196
 0.000019171506
 0.000009815395
 0.000003280818
 0.000002258739
 0.000004882353
 0.000003627272
 0.000006878253
 0.000007412622
 0.000003822890
 0.000004292214
 0.000006444208
 0.000005927166
 0.000008883050
 0.000001568524
 0.000004682717
 0.000009366637
 0.000015650069
 0.000009077224
 0.000013391341
 0.000008470591
 0.000011258214
 0.000007773522
 0.000004516555
 0.000007119397
 0.000008217279
 0.000007176616
 0.000006575328
 0.000007838948
 0.000006440355
 0.000003505170
 0.000005744398
 0.000004283277
 0.000008314411
 0.000002750302
 0.000003340594
 0.000006094363
 0.000001308238
 0.000001951621
 0.000002845998
 0.000002323980
 0.000004601966
 0.000005506237
 0.000002394247
 0.000004364145
 0.000003722195
 0.000002431463
 0.000004312502
 0.000003703559
 0.000003666945
 0.000001257847
 0.000002528722
 0.000002137280
 0.000003346391
 0.000009750731
 0.000005027553
 0.000002366107
 0.000003313267
 0.000004995587
 0.000002645441
 0.000002861284
 0.000001811154
 0.000002552533
 0.000003817944
 0.000001978576
 0.000004220161
 0.000004391372
 0.000003136951
 0.000002648681
 0.000003978485
 0.000002652638
 0.000005043982
 0.000001811088
 0.000005041111
 0.000002336690
 0.000001511367
 0.000002514164
 0.000005169961
 0.000006829116
 0.000003733686
 0.000008439205
 0.000003858022
 0.000003029266
 0.000005678576
 0.000001461743
 0.000003507807
 0.000001773358
 0.000004302505
 0.000001900668
 0.000002281662
 0.000003077616
 0.000002693482
 0.000002017709
 0.000002048037
 0.000001788897
 0.000001710469
 0.000001428911
 0.000001692955
 0.000000995098
 0.000001379571
 0.000001413592
 0.000000862542
 0.000002096918
 0.000002995530
 0.000002173640
 0.000001705573
 0.000001232915
 0.000001229702
 0.000000765752
 0.000001003257
 0.000001427352
 0.000001102306
 0.000001100984
 0.000000780496
 0.000002054157
 0.000001570472
 0.000001634604
 0.000001164773
 0.000001156805
 0.000000809198
 0.000001059409
 0.000001881699
 0.000001264844
 0.000001364429
 0.000002124634
 0.000002942357
 0.000001630001
 0.000002691514
 0.000002965630
 0.000001449231
 0.000002539598
 0.000002548062
 0.000001583353
 0.000002545102
 0.000000905585
 0.000003899735
 0.000003408424
 0.000002376849
 0.000002045720
 0.000002520420
 0.000002723749
 0.000002436399
 0.000005948171
 0.000001415732
 0.000004195013
 0.000005518347
 0.000007502228
 0.000004999276
 0.000002547231
 0.000001004391
 0.000002671282
 0.000002403631
 0.000003110051
 0.000004188790
 0.000003067749
 0.000003518721
 0.000003437295
 0.000001907438
 0.000003869339
 0.000004161620
 0.000002155005
 0.000002148761
 0.000001310991
 0.000001699541
 0.000002131757
 0.000001081809
 0.000002227207
 0.000001720266
 0.000002051510
 0.000007128626
 0.000001396877
 0.000001777708
 0.000005040728
 0.000002332480
 0.000004118994
 0.000002634658
 0.000001697145
 0.000001745619
 0.000003002652
 0.000003991212
 0.000001448337
 0.000001474650
 0.000000849657
 0.000004987256
 0.000003455335
 0.000002408852
 0.000003079817
 0.000009083661
 0.000015015948
 0.000005296724
 0.000003726016
 0.000004218059
 0.000002594190
 0.000001563810
 0.000006966995
 0.000007908300
 0.000002539725
 0.000019320108
 0.000002869294
 0.000002653357
 0.000004038512
 0.000004879079
 0.000001085998
 0.000001838499
 0.000002080442
 0.000001720724
 0.000001930319
 0.000002131713
 0.000001783036
 0.000002290449
 0.000001110551
 0.000000861099
 0.000005639717
 0.000002057370
 0.000004534716
 0.000003532517
 0.000002070515
 0.000001609852
 0.000002655178
 0.000005332672
 0.000003474510
 0.000002466158
 0.000006457646
 0.000004760023
 0.000003862070
 0.000002424184
 0.000001172992
 0.000002624153
 0.000001534130
 0.000002770600
 0.000004110393
 0.000001765562
 0.000002613078
 0.000001385672
 0.000001866737
 0.000001644241
 0.000003851556
 0.000003646078
 0.000003683187
 0.000001400609
 0.000001837434
 0.000001366197
 0.000001102577
 0.000001508169
 0.000001530330
 0.000004229283
 0.000012997145
 0.000003456390
 0.000004693805
 0.000003375755
 0.000005504073
 0.000005765902
 0.000003337263
 0.000014308219
 0.000004757643
 0.000002491597
 0.000008134252
 0.000002013944
 0.000004581796
 0.000004381372
 0.000005082632
 0.000007983222
 0.000001838269
 0.000002446178
 0.000002221395
 0.000003712730
 0.000006156765
 0.000001984185
 0.000002750691
 0.000001465494
 0.000003503519
 0.000004215361
 0.000003914651
 0.000005404779
 0.000003349703
 0.000008130688
 0.000002668572
 0.000001792284
 0.000001269292
 0.000001563585
 0.000001094055
 0.000001843274
 0.000000915895
 0.000001636449
 0.000000986371
 0.000001891228
 0.000001230523
 0.000001963677
 0.000002257939
 0.000001184183
 0.000001299552
 0.000002237451
 0.000001124252
 0.000001439443
 0.000002072743
 0.000003478545
 0.000002094465
 0.000003268796
 0.000002241310
 0.000001201536
 0.000002286866
 0.000002508087
 0.000000856880
 0.000001756601
 0.000002060499
 0.000004146342
 0.000001793365
 0.000002737674
 0.000002427046
 0.000001139460
 0.000002082694
 0.000000682084
 0.000001131842
 0.000001047662
 0.000000734035
 0.000001730072
 0.000002077490
 0.000001645011
 0.000001504190
 0.000002811129
 0.000001631408
 0.000000982219
 0.000000941897
 0.000001727454
 0.000003606962
 0.000003494868
 0.000002265985
 0.000001077847
 0.000003246194
 0.000002326749
 0.000004712914
 0.000003291042
 0.000004100936
 0.000002160598
 0.000003925951
 0.000001615450
 0.000001882994
 0.000001741219
 0.000001617135
 0.000001071250
 0.000004992225
 0.000002005922
 0.000002332380
 0.000002690378
 0.000002349920
 0.000000836590
 0.000002250167
 0.000001521517
 0.000001694470
 0.000001233065
 0.000004199356
 0.000002459670
 0.000004392517
 0.000004056904
 0.000003242409
 0.000003834114
 0.000002202281
 0.000002904593
 0.000003642004
 0.000002719732
 0.000002799214
 0.000006047918
 0.000001694865
 0.000001452223
 0.000002931143
 0.000001092553
 0.000001583810
 0.000003979178
 0.000001489683
 0.000003403524
 0.000003601628
 0.000002729690
 0.000005906078
 0.000004095733
 0.000004163394
 0.000003307743
 0.000011245611
 0.000005515182
 0.000003662268
 0.000006882468
 0.000003676860
 0.000001996835
 0.000001584634
 0.000001074369
 0.000001683680
 0.000002041325
 0.000001938578
 0.000002358924
 0.000002215405
 0.000002205650
 0.000000946794
 0.000001669595
 0.000002878492
 0.000002438093
 0.000001366012
 0.000001308541
 0.000001277297
 0.000003217534
 0.000001864261
 0.000001583744
 0.000000901036
 0.000001571733
 0.000003614252
 0.000001146136
 0.000002428810
 0.000000769349
 0.000001465132
 0.000002585434
 0.000001397194
 0.000001945757
 0.000003965682
 0.000001929395
 0.000001473499
 0.000001921043
 0.000002930590
 0.000001150216
 0.000001876868
 0.000003065503
 0.000001513172
 0.000003116197
 0.000001787994
 0.000003267354
 0.000003712661
 0.000002743777
 0.000005942225
 0.000001605366
 0.000003809389
 0.000002105867
 0.000001912339
 0.000001923855
 0.000003337956
 0.000002303281
 0.000002964456
 0.000002755976
 0.000001338002
 0.000002244925
 0.000004433405
 0.000003516659
 0.000003739532
 0.000002100155
 0.000005123820
 0.000003142968
 0.000005735005
 0.000002811796
 0.000002891233
 0.000006780598
 0.000001888279
 0.000003543982
 0.000003110162
 0.000002750565
 0.000005352406
 0.000004362581
 0.000002507600
 0.000004229719
 0.000004003481
 0.000006300689
 0.000003301026
 0.000002120890
 0.000006526240
 0.000003648269
 0.000002367872
 0.000001928034
 0.000002604843
 0.000002013268
 0.000001830829
 0.000002039880
 0.000005269570
 0.000001547317
 0.000004080125
 0.000004788827
 0.000009168524
 0.000007087761
 0.000006969702
 0.000006369005
 0.000002913645
 0.000002011947
 0.000003063656
 0.000002780904
 0.000001546710
 0.000002306324
 0.000002151671
 0.000003334197
 0.000001541816
 0.000001651073
 0.000002501482
 0.000001621740
 0.000002775565
 0.000001916973
 0.000002264112
 0.000001428590
 0.000003384735
 0.000001437776
 0.000004528038
 0.000001543161
 0.000002172363
 0.000005267879
 0.000003294423
 0.000001604408
 0.000000993903
 0.000002904050
 0.000007879305
 0.000005231593
 0.000003394553
 0.000008936858
 0.000003854179
 0.000003477636
 0.000006448615
 0.000003941576
 0.000004704763
 0.000006710317
 0.000004829280
 0.000002684478
 0.000008103044
 0.000001224447
 0.000006558273
 0.000001808066
 0.000000962168
 0.000002957556
 0.000004191503
 0.000001493652
 0.000001935211
 0.000003985692
 0.000004194148
 0.000002230707
 0.000004088497
 0.000002849417
 0.000005969560
 0.000012861309
 0.000002751421
 0.000004285220
 0.000003136235
 0.000001725938
 0.000004461705
 0.000004127383
 0.000003696347
 0.000005167258
 0.000008019597
 0.000004460913
 0.000004634119
 0.000002140315
 0.000001750387
 0.000002279247
 0.000005273994
 0.000001987338
 0.000003006175
 0.000003087425
 0.000002747995
 0.000003684487
 0.000004357416
 0.000001738597
 0.000002026637
 0.000005502045
 0.000004250137
 0.000001548169
 0.000001999317
 0.000001677281
 0.000001490612
 0.000001605589
 0.000001754614
 0.000003162050
 0.000001137241
 0.000003006801
 0.000005997235
 0.000003511604
 0.000002174113
 0.000001170493
 0.000006014383
 0.000002061214
 0.000001658241
 0.000006073045
 0.000003098624
 0.000004772092
 0.000002425665
 0.000002039267
 0.000003770267
 0.000002408755
 0.000001888201
 0.000004226955
 0.000004468070
 0.000001892925
 0.000004657210
 0.000003202722
 0.000005339137
 0.000002592355
 0.000001247220
 0.000002392764
 0.000001265611
 0.000002231833
 0.000002692186
 0.000001949360
 0.000004682296
 0.000003873981
 0.000005434244
 0.000004885600
 0.000002890647
 0.000003118361
 0.000002811008
 0.000005293042
 0.000004135223
 0.000006898415
 0.000005826663
 0.000005676605
 0.000004145734
 0.000001838339
 0.000002884987
 0.000002773267
 0.000001598034
 0.000003447529
 0.000003561707
 0.000002585563
 0.000001302075
 0.000003786635
 0.000010529556
 0.000004699324
 0.000006235855
 0.000006885523
 0.000008532660
 0.000011981560
 0.000002851818
 0.000003139618
 0.000006841646
 0.000007758504
 0.000008064684
 0.000002909029
 0.000006607350
 0.000004692565
 0.000005661711
 0.000011677702
 0.000014401636
 0.000014967518
 0.000003779655
 0.000003595137
 0.000001771036
 0.000002813000
 0.000006536055
 0.000008689704
 0.000010594263
 0.000009797586
 0.000011261282
 0.000010684016
 0.000010724002
 0.000015220887
 0.000013487971
 0.000006075263
 0.000006088988
 0.000017178777
 0.000009610813
 0.000011149061
 0.000017915781
 0.000011191689
 0.000017280854
 0.000015076400
 0.000009972516
 0.000003603950
 0.000032890190
 0.000006549140
 0.000010554226
 0.000010275414
 0.000016049060
 0.000014622357
 0.000012088326
 0.000014824493
 0.000017770241
 0.000008001935
 0.000019938525
 0.000033294709
 0.000033790253
 0.000014274035
 0.000014783277
 0.000034577797
 0.000012289880
 0.000012065219
 0.000015161159
 0.000010202478
 0.000016703745
 0.000015226719
 0.000005078874
 0.000020349128
 0.000015463160
 0.000018343350
 0.000023259729
 0.000012091891
 0.000032757614
 0.000028818158
 0.000049504886
 0.000034227350
 0.000032238561
 0.000011853839
 0.000040941039
 0.000045240090
 0.000015335531
 0.000016767794
 0.000014809772
 0.000008671324
 0.000018068656
 0.000012373121
 0.000007733736
 0.000005138464
 0.000011757718
 0.000005249427
 0.000003795503
 0.000004203925
 0.000011298711
 0.000006946666
 0.000003902600
 0.000007119686
 0.000008472986
 0.000009944042
 0.000034134092
 0.000009853589
 0.000013388491
 0.000016860222
 0.000020813615
 0.000027388441
 0.000027258888
 0.000012696846
 0.000007394827
 0.000006507819
 0.000022420798
 0.000012320084
 0.000017367126
 0.000017079187
 0.000007033795
 0.000001316741
 0.000009217510
 0.000016901185
 0.000011038966
 0.000011488370
 0.000005506697
 0.000018137115
 0.000016808322
 0.000010332235
 0.000013162594
 0.000006324812
 0.000011079007
 0.000006472793
 0.000006432147
 0.000006863972
 0.000015008626
 0.000005327001
 0.000013430320
 0.000029426992
 0.000019825665
 0.000020253127
 0.000029327941
 0.000011034834
 0.000023453489
 0.000006734229
 0.000015864337
 0.000004705139
 0.000012731764
 0.000008552583
 0.000009560473
 0.000005498955
 0.000008667568
 0.000015878825
 0.000012317749
 0.000013514818
 0.000007079592
 0.000006679514
 0.000007039196
 0.000007076065
 0.000008981152
 0.000010226386
 0.000009556779
 0.000005544829
 0.000018378358
 0.000011886967
 0.000014885553
 0.000031605488
 0.000005968787
 0.000011289045
 0.000008705384
 0.000012023016
 0.000009955017
 0.000005551877
 0.000024328323
 0.000004637476
 0.000013149844
 0.000010495543
 0.000015164203
 0.000039978698
 0.000008091340
 0.000005468958
 0.000003501402
 0.000031499973
 0.000019307257
 0.000008388841
 0.000005826161
 0.000016219494
 0.000015744781
 0.000011445176
 0.000006748712
 0.000016065483
 0.000004268629
 0.000002664392
 0.000002746876
 0.000003717424
 0.000004181076
 0.000002773693
 0.000003056551
 0.000005426557
 0.000003175566
 0.000002675544
 0.000001106318
 0.000002261668
 0.000001462452
 0.000001765094
 0.000002027320
 0.000006557139
 0.000002589293
 0.000005055007
 0.000002895987
 0.000009407530
 0.000003044270
 0.000003552768
 0.000006252625
 0.000003221327
 0.000003921987
 0.000014995552
 0.000006982526
 0.000005470778
 0.000002773231
 0.000003770188
 0.000002557508
 0.000005361445
 0.000009050435
 0.000006217764
 0.000001924672
 0.000004029355
 0.000006016017
 0.000002058834
 0.000001899410
 0.000003998846
 0.000004876001
 0.000003774357
 0.000004433873
 0.000001910338
 0.000004899959
 0.000005195146
 0.000002952606
 0.000001145557
 0.000005265695
 0.000003195002
 0.000007619094
 0.000005338627
 0.000009108092
 0.000003326414
 0.000006511059
 0.000009257354
 0.000014797018
 0.000014090707
 0.000008977398
 0.000013997637
 0.000009514824
 0.000008565010
 0.000012350703
 0.000011442096
 0.000010272116
 0.000016081462
 0.000005030609
 0.000011255114
 0.000013988822
 0.000006558846
 0.000009940727
 0.000007863539
 0.000002268567
 0.000006770548
 0.000006224720
 0.000001960259
 0.000004052654
 0.000006191950
 0.000008622831
 0.000007111737
 0.000018932016
 0.000011893932
 0.000007062715
 0.000005089664
 0.000029197606
 0.000005599044
 0.000007109303
 0.000012890707
 0.000012206409
 0.000025910564
 0.000019688614
 0.000024959381
 0.000012086079
 0.000027854119
 0.000026386498
 0.000013776556
 0.000012873486
 0.000021887635
 0.000013282504
 0.000033612167
 0.000051526258
 0.000011318182
 0.000019986691
 0.000015481156
 0.000036337016
 0.000027976425
 0.000008187095
 0.000034958052
 0.000022816244
 0.000016503283
 0.000025409138
 0.000004519407
 0.000013510150
 0.000012632262
 0.000003982461
 0.000016578633
 0.000007025809
 0.000027085379
 0.000030555054
 0.000029699702
 0.000017813715
 0.000028062784
 0.000013638731
 0.000014912059
 0.000008212334
 0.000011508241
 0.000017648711
 0.000015819292
 0.000011974317
 0.000008859598
 0.000022756542
 0.000008041723
 0.000005867741
 0.000001441310
 0.000010719320
 0.000007287158
 0.000010674153
 0.000012936694
 0.000006056033
 0.000007332665
 0.000019221687
 0.000004512178
 0.000005720688
 0.000003958629
 0.000001081195
 0.000002874218
 0.000002625330
 0.000001724639
 0.000007941706
 0.000002418380
 0.000004191211
 0.000002077294
 0.000001785463
 0.000001195132
 0.000001036029
 0.000003931943
 0.000003326826
 0.000004813699
 0.000001533156
 0.000004940921
 0.000002742660
 0.000002133877
 0.000002324819
 0.000002806056
 0.000009172224
 0.000001181421
 0.000005617758
 0.000004743273
 0.000004038443
 0.000002471682
 0.000003751765
 0.000003497128
 0.000004344570
 0.000002451084
 0.000002230704
 0.000001409008
 0.000005852422
 0.000003572790
 0.000001813012
 0.000006372738
 0.000002275773
 0.000000884028
 0.000002691702
 0.000001105268
 0.000001677358
 0.000001553065
 0.000004749672
 0.000001893474
 0.000002857724
 0.000001973841
 0.000002679365
 0.000001158900
 0.000001941242
 0.000003958358
 0.000001556583
 0.000001518020
 0.000002197534
 0.000002999123
 0.000004750810
 0.000003395823
 0.000004231548
 0.000005987890
 0.000002392253
 0.000003033131
 0.000008461169
 0.000004769112
 0.000001058830
 0.000003843210
 0.000002681728
 0.000003474332
 0.000004819663
 0.000005132284
 0.000005261120
 0.000006257325
 0.000010596442
 0.000007738664
 0.000009580667
 0.000006906559
 0.000002290208
 0.000004568977
 0.000002660625
 0.000003825873
 0.000004331438
 0.000009618072
 0.000005085245
 0.000020237920
 0.000002370929
 0.000003348916
 0.000005322060
 0.000009804649
 0.000002501706
 0.000011102487
 0.000006130332
 0.000007417564
 0.000002877812
 0.000002945152
 0.000007272897
 0.000009368489
 0.000001821265
 0.000001588737
 0.000002091948
 0.000001613791
 0.000001413397
 0.000001849689
 0.000002635554
 0.000007173396
 0.000006181794
 0.000006762638
 0.000005627058
 0.000005987358
 0.000005416678
 0.000003876188
 0.000003314998
 0.000002238859
 0.000002344772
 0.000001772089
 0.000003354883
 0.000003755862
 0.000002564181
 0.000003655781
 0.000006020248
 0.000011857610
 0.000003847983
 0.000003401389
 0.000008342285
 0.000004764466
 0.000019406586
 0.000012514105
 0.000015022556
 0.000006582352
 0.000005344671
 0.000009970723
 0.000006852308
 0.000003415343
 0.000003542800
 0.000007578412
 0.000010328138
 0.000008756634
 0.000012346792
 0.000002558175
 0.000011148620
 0.000012190123
 0.000005135542
 0.000006175831
 0.000021703439
 0.000023270238
 0.000007346928
 0.000004684274
 0.000007752940
 0.000005788534
 0.000004232696
 0.000015611373
 0.000004980708
 0.000002401881
 0.000003434827
 0.000002071046
 0.000004023858
 0.000012130319
 0.000008647836
 0.000008089183
 0.000007545876
 0.000006438483
 0.000007834899
 0.000008802820
 0.000010338973
 0.000005428261
 0.000004495616
 0.000006645711
 0.000004286389
 0.000010003105
 0.000005244443
 0.000007770789
 0.000023997173
 0.000007860058
 0.000001655725
 0.000005614339
 0.000004644030
 0.000005836557
 0.000007342284
 0.000003236538
 0.000004372310
 0.000005072891
 0.000001694124
 0.000004484553
 0.000002694719
 0.000011376666
 0.000003870434
 0.000007604616
 0.000008304682
 0.000005391646
 0.000013119563
 0.000028430960
 0.000032473817
 0.000016112641
 0.000007542406
 0.000007004841
 0.000005391786
 0.000004208730
 0.000005083072
 0.000014962764
 0.000007240800
 0.000002405566
 0.000002449622
 0.000003452648
 0.000005348918
 0.000009256258
 0.000008801942
 0.000003602800
 0.000005049801
 0.000005007861
 0.000004404033
 0.000015439401
 0.000012163002
 0.000008233599
 0.000004157733
 0.000002930224
 0.000006942188
 0.000030350641
 0.000022657123
 0.000007682740
 0.000005165349
 0.000005554493
 0.000017941532
 0.000005740453
 0.000009939922
 0.000007829350
 0.000002569257
 0.000008496637
 0.000004234708
 0.000005801775
 0.000008219961
 0.000005499646
 0.000003497094
 0.000003212251
 0.000008277720
 0.000013063600
 0.000004785753
 0.000037827873
 0.000014577463
 0.000009850611
 0.000009253825
 0.000009471880
 0.000005422400
 0.000015177231
 0.000022279351
 0.000004357037
 0.000006800625
 0.000002870606
 0.000007228408
 0.000002022491
 0.000004714369
 0.000003164883
 0.000012766316
 0.000015073235
 0.000012467731
 0.000008619620
 0.000010079622
 0.000012059601
 0.000003725530
 0.000004818605
 0.000004122068
 0.000005742332
 0.000008414953
 0.000011128505
 0.000009221920
 0.000003524860
 0.000007480420
 0.000008365489
 0.000004878467
 0.000011828997
 0.000009191524
 0.000009300402
 0.000013354726
 0.000013274394
 0.000004916892
 0.000005649239
 0.000013407229
 0.000012492076
 0.000012854138
 0.000013856037
 0.000015353377
 0.000027739569
 0.000007774009
 0.000017538997
 0.000007388528
 0.000012529071
 0.000020541056
 0.000015132114
 0.000009831627
 0.000004611925
 0.000010357596
 0.000010977035
 0.000006515489
 0.000005651723
 0.000028257240
 0.000031248404
 0.000024707865
 0.000011511624
 0.000046645561
 0.000013443400
 0.000006599408
 0.000006629086
 0.000008043855
 0.000023150811
 0.000017792287
 0.000017616236
 0.000019006989
 0.000015549116
 0.000012164191
 0.000014965615
 0.000018531445
 0.000021145041
 0.000014672231
 0.000009876973
 0.000013627586
 0.000011050346
 0.000007255470
 0.000010713530
 0.000014487564
 0.000005566159
 0.000009466114
 0.000007909672
 0.000010587978
 0.000016369141
 0.000011239825
 0.000026168331
 0.000019488891
 0.000015203293
 0.000020123730
 0.000015492846
 0.000004809197
 0.000006939833
 0.000013479415
 0.000006741912
 0.000012597609
 0.000007569856
 0.000006620255
 0.000021772646
 0.000011189352
 0.000016928654
 0.000014660208
 0.000004608019
 0.000005579934
 0.000008061393
 0.000009736579
 0.000018744537
 0.000010339349
 0.000004436461
 0.000010066922
 0.000018402729
 0.000012887556
 0.000003261183
 0.000009860131
 0.000005605025
 0.000003418538
 0.000005922550
 0.000025018493
 0.000015261262
 0.000013345532
 0.000017247158
 0.000004585685
 0.000006143751
 0.000026920596
 0.000018435889
 0.000007563785
 0.000022836119
 0.000008639450
 0.000028449356
 0.000013402824
 0.000030164656
 0.000037240017
 0.000012421732
 0.000016917697
 0.000008665421
 0.000026398953
 0.000033565198
 0.000012167520
 0.000003862327
 0.000007942719
 0.000007205927
 0.000015884683
 0.000023522800
 0.000007990956
 0.000023434226
 0.000024411438
 0.000012674653
 0.000022720262
 0.000011183355
 0.000027263340
 0.000029943809
 0.000030886732
 0.000037618540
 0.000037307926
 0.000014541850
 0.000027556152
 0.000019603717
 0.000048003231
 0.000012187539
 0.000012560990
 0.000009581314
 0.000013376154
 0.000013810056
 0.000026423656
 0.000020023095
 0.000015576894
 0.000011143350
 0.000021724636
 0.000015787947
 0.000029550955
 0.000032488336
 0.000015505752
 0.000018888682
 0.000018049775
 0.000021775448
 0.000013093844
 0.000034007186
 0.000014349397
 0.000012624010
 0.000018630677
 0.000009685200
 0.000009097890
 0.000005614891
 0.000038689214
 0.000014094142
 0.000018663703
 0.000026762551
 0.000020355841
 0.000022639090
 0.000015782157
 0.000015647398
 0.000019457453
 0.000010681001
 0.000009317852
 0.000016820035
 0.000011711831
 0.000015641982
 0.000027258123
 0.000032135582
 0.000013697599
 0.000038022681
 0.000018411124
 0.000024098100
 0.000041459217
 0.000019539883
 0.000026406731
 0.000032890430
 0.000031111427
 0.000017749389
 0.000029274813
 0.000027872130
 0.000029032951
 0.000021762558
 0.000018630728
 0.000036228525
 0.000012630410
 0.000012878691
 0.000013087798
 0.000035437984
 0.000030962405
 0.000003970606
 0.000018493506
 0.000009905280
 0.000018118108
 0.000026507620
 0.000024317159
 0.000018036979
 0.000026523311
 0.000022939573
 0.000016722026
 0.000012933281
 0.000018163379
 0.000008939622
 0.000035394140
 0.000032735584
 0.000036574647
 0.000019920990
 0.000010050344
 0.000020768086
 0.000005671945
 0.000015149654
 0.000027530499
 0.000037337489
 0.000005534739
 0.000006088489
 0.000013647523
 0.000008147291
 0.000003845396
 0.000004962474
 0.000011781042
 0.000005499822
 0.000012779288
 0.000012657361
 0.000005317678
 0.000021930613
 0.000033948054
 0.000008976042
 0.000003428563
 0.000007287507
 0.000003515456
 0.000009364492
 0.000004644828
 0.000007470836
 0.000007051183
 0.000006221618
 0.000006844271
 0.000008781258
 0.000006713628
 0.000005312653
 0.000015863274
 0.000004478501
 0.000010780761
 0.000012222629
 0.000009676461
 0.000005026031
 0.000006295403
 0.000005940492
 0.000003737150
 0.000004417592
 0.000014097845
 0.000004884628
 0.000003134372
 0.000006676381
 0.000008659898
 0.000007886712
 0.000004925385
 0.000020143936
 0.000029771829
 0.000004591812
 0.000017276505
 0.000008317482
 0.000008245975
 0.000006083627
 0.000004461626
 0.000008182274
 0.000003083855
 0.000002235808
 0.000004591638
 0.000005181714
 0.000011411731
 0.000007233252
 0.000008559010
 0.000004443245
 0.000006262926
 0.000003131325
 0.000006158795
 0.000007381047
 0.000017539100
 0.000011713187
 0.000009645904
 0.000008542451
 0.000009414449
 0.000013474560
 0.000010588770
 0.000009492113
 0.000006109372
 0.000005440071
 0.000005733775
 0.000006125803
 0.000009638871
 0.000007928019
 0.000007161350
 0.000007601541
 0.000020329108
 0.000016444022
 0.000034683198
 0.000021156702
 0.000021549134
 0.000020477961
 0.000016012167
 0.000033083841
 0.000033987001
 0.000058265299
 0.000053891630
 0.000025300499
 0.000009151654
 0.000020244078
 0.000014733826
 0.000007364259
 0.000006551909
 0.000003181171
 0.000007418879
 0.000006530176
 0.000003710295
 0.000004777201
 0.000005681960
 0.000002408970
 0.000002123960
 0.000006990373
 0.000002876534
 0.000004389777
 0.000005078294
 0.000002393041
 0.000001646721
 0.000001864356
 0.000005959941
 0.000003137608
 0.000000813473
 0.000004686840
 0.000010441575
 0.000003733037
 0.000005785736
 0.000001713995
 0.000002952922
 0.000002766720
 0.000008794576
 0.000002737578
 0.000003595899
 0.000001341324
 0.000004057385
 0.000001097762
 0.000002357761
 0.000001112450
 0.000002128468
 0.000000888520
 0.000002229237
 0.000003989902
 0.000002237947
 0.000001772480
 0.000002511317
 0.000004709208
 0.000001178181
 0.000004049843
 0.000003509638
 0.000002687339
 0.000001852946
 0.000001439270
 0.000003769568
 0.000001795710
 0.000002581713
 0.000004208290
 0.000003232477
 0.000003804220
 0.000009364516
 0.000007065469
 0.000002743425
 0.000004086906
 0.000001196708
 0.000004610604
 0.000003519063
 0.000001182253
 0.000003381511
 0.000002123457
 0.000001927025
 0.000002560697
 0.000003092780
 0.000001910441
 0.000003125527
 0.000001489937
 0.000000815034
 0.000001022610
 0.000001413752
 0.000003029677
 0.000002832677
 0.000002604019
 0.000001293868
 0.000004764728
 0.000001767374
 0.000002080327
 0.000002686651
 0.000001624698
 0.000002758673
 0.000006954244
 0.000012403267
 0.000002671619
 0.000003684444
 0.000003530976
 0.000002718946
 0.000004117120
 0.000003788768
 0.000002272475
 0.000004459136
 0.000001575208
 0.000006829440
 0.000002913679
 0.000003502976
 0.000002543763
 0.000008766723
 0.000005015801
 0.000005146161
 0.000005605243
 0.000009371845
 0.000002208430
 0.000005049618
 0.000002465883
 0.000003531236
 0.000004517600
 0.000002292812
 0.000006317945
 0.000004500563
 0.000002691760
 0.000003808581
 0.000002398659
 0.000005349168
 0.000002960088
 0.000006175629
 0.000001744493
 0.000004243203
 0.000002025945
 0.000001954671
 0.000002228812
 0.000003476632
 0.000002431111
 0.000001831269
 0.000001745348
 0.000002627221
 0.000002557725
 0.000004275739
 0.000001987332
 0.000002576718
 0.000004280821
 0.000003828504
 0.000005980285
 0.000003034261
 0.000004151226
 0.000002852103
 0.000002925709
 0.000001817944
 0.000004049174
 0.000002900023
 0.000000798513
 0.000003908031
 0.000004978673
 0.000002944347
 0.000005215910
 0.000003739892
 0.000002818386
 0.000002784860
 0.000003880524
 0.000007262084
 0.000004594399
 0.000005082672
 0.000004830796
 0.000003728625
 0.000007064567
 0.000008607691
 0.000003463398
 0.000003049996
 0.000004566392
 0.000005594759
 0.000007640416
 0.000002349878
 0.000002805367
 0.000005601388
 0.000001652162
 0.000003056201
 0.000002260698
 0.000002175846
 0.000005808064
 0.000005382170
 0.000001861127
 0.000002467296
 0.000004268556
 0.000000915522
 0.000005142215
 0.000002771586
 0.000006248335
 0.000002168098
 0.000002514009
 0.000005742848
 0.000002124348
 0.000006332053
 0.000011831769
 0.000002502347
 0.000004751883
 0.000006845255
 0.000008757365
 0.000011574451
 0.000005645294
 0.000004472366
 0.000003710537
 0.000004944565
 0.000005887168
 0.000005741290
 0.000010960258
 0.000006589688
 0.000006462593
 0.000005448606
 0.000003493608
 0.000004642722
 0.000012033510
 0.000003211507
 0.000004624090
 0.000025119419
 0.000014114805
 0.000027172350
 0.000012099899
 0.000012315279
 0.000002624118
 0.000009754637
 0.000010427377
 0.000026404517
 0.000006260458
 0.000011011231
 0.000010580841
 0.000011179293
 0.000006575337
 0.000005824737
 0.000009727058
 0.000004495516
 0.000032496661
 0.000006965092
 0.000007424939
 0.000012140311
 0.000001744975
 0.000006911265
 0.000005589948
 0.000002124493
 0.000005710665
 0.000004510279
 0.000007455010
 0.000014980877
 0.000007797666
 0.000006040980
 0.000008007321
 0.000011341591
 0.000004528785
 0.000007737375
 0.000008553541
 0.000002764332
 0.000022932597
 0.000005537974
 0.000004212390
 0.000002901949
 0.000008234160
 0.000013075378
 0.000011624744
 0.000003949780
 0.000008286450
 0.000012000537
 0.000002607695
 0.000009022528
 0.000009573356
 0.000007623163
 0.000013211421
 0.000011654944
 0.000008500003
 0.000026681106
 0.000003897156
 0.000005320289
 0.000010227097
 0.000015278647
 0.000004927456
 0.000002686389
 0.000004937590
 0.000007347070
 0.000006745971
 0.000002919208
 0.000009077161
 0.000004360810
 0.000005630634
 0.000005202936
 0.000008969979
 0.000006853314
 0.000006210863
 0.000014745451
 0.000008321689
 0.000017615504
 0.000006669618
 0.000008707418
 0.000006254468
 0.000015501876
 0.000007007585
 0.000009979874
 0.000009389268
 0.000006033452
 0.000010973154
 0.000009918597
 0.000006385282
 0.000015301631
 0.000018645889
 0.000014339119
 0.000014797091
 0.000012717345
 0.000013115919
 0.000007358319
 0.000014762917
 0.000020278554
 0.000007535833
 0.000026221250
 0.000007811343
 0.000020379909
 0.000011659839
 0.000005575576
 0.000007717333
 0.000001747904
 0.000005964517
 0.000005951679
 0.000005420420
 0.000012860453
 0.000004147147
 0.000010613026
 0.000014441877
 0.000013064299
 0.000011850816
 0.000012965914
 0.000004269296
 0.000007389734
 0.000018704394
 0.000055406415
 0.000037923528
 0.000006417294
 0.000012323297
 0.000009563550
 0.000016592386
 0.000004080164
 0.000011469683
 0.000013026859
 0.000006409171
 0.000008046776
 0.000013873813
 0.000003065647
 0.000005203945
 0.000008113156
 0.000004113729
 0.000004868030
 0.000010196475
 0.000014955177
 0.000006624123
 0.000008712964
 0.000005785225
 0.000003371443
 0.000006888561
 0.000004262467
 0.000004673076
 0.000001227607
 0.000011620233
 0.000002857837
 0.000009903143
 0.000006502833
 0.000010319326
 0.000008439699
 0.000005793812
 0.000031287975
 0.000003294046
 0.000002089827
 0.000008186740
 0.000016173474
 0.000014253401
 0.000011988406
 0.000003391466
 0.000016649467
 0.000011798377
 0.000016995446
 0.000004711374
 0.000008056029
 0.000028379340
 0.000028255800
 0.000009705132
 0.000013333222
 0.000011387938
 0.000008912719
 0.000022112122
 0.000022742272
 0.000007303063
 0.000002224069
 0.000012156464
 0.000005318454
 0.000009379374
 0.000027706524
 0.000018818541
 0.000015494332
 0.000014934611
 0.000008056477
 0.000018208729
 0.000019884381
 0.000011610333
 0.000006850692
 0.000016739668
 0.000010029348
 0.000014538649
 0.000006788538
 0.000012581607
 0.000045547463
 0.000015378956
 0.000013500161
 0.000007797698
 0.000006747508
 0.000008979391
 0.000006386119
 0.000018917438
 0.000007919709
 0.000008292603
 0.000003396777
 0.000016750232
 0.000004684317
 0.000008440764
 0.000006340704
 0.000004418705
 0.000026041578
 0.000005613303
 0.000005158697
 0.000003383613
 0.000014642597
 0.000007536755
 0.000003824944
 0.000003831117
 0.000006258154
 0.000007092537
 0.000015975706
 0.000011688887
 0.000018237504
 0.000018188676
 0.000024354893
 0.000036774085
 0.000014886317
 0.000021367215
 0.000031841692
 0.000014626764
 0.000017639016
 0.000014694284
 0.000013420785
 0.000011653261
 0.000036767232
 0.000028793276
 0.000009175943
 0.000018811814
 0.000015667011
 0.000005841552
 0.000034914920
 0.000012740911
 0.000014378447
 0.000038883942
 0.000018645495
 0.000014527474
 0.000066973327
 0.000108875586
 0.000017949671
 0.000021270869
 0.000025336769
 0.000030371642
 0.000037680303
 0.000020290160
 0.000029944106
 0.000014641336
 0.000015238500
 0.000030548984
 0.000014573206
 0.000004320214
 0.000026314107
 0.000016638946
 0.000023388731
 0.000014590787
 0.000009844896
 0.000007547151
 0.000006547631
 0.000007849950
 0.000010562562
 0.000010661195
 0.000010245598
 0.000009123922
 0.000008082343
 0.000011933806
 0.000005171979
 0.000002585800
 0.000008037814
 0.000004361535
 0.000016222040
 0.000016312460
 0.000009650152
 0.000003201874
 0.000015766444
 0.000008122882
 0.000008682263
 0.000010435710
 0.000021302595
 0.000016361351
 0.000016611739
 0.000006793487
 0.000007928666
 0.000009945059
 0.000015123821
 0.000011966232
 0.000009245860
 0.000011765972
 0.000008640617
 0.000019961996
 0.000016945955
 0.000022510860
 0.000009735945
 0.000020129074
 0.000009375102
 0.000007655066
 0.000003571998
 0.000003345699
 0.000006454442
 0.000010089708
 0.000021469674
 0.000009582260
 0.000007053277
 0.000009626390
 0.000015976885
 0.000005291631
 0.000006454461
 0.000005403989
 0.000012034656
 0.000014628327
 0.000037506261
 0.000025747489
 0.000013121120
 0.000014294203
 0.000011313609
 0.000021356310
 0.000009463653
 0.000012249141
 0.000017642130
 0.000008083018
 0.000017860804
 0.000007538727
 0.000023853126
 0.000007794016
 0.000032882929
 0.000009606337
 0.000021313476
 0.000017129237
 0.000009857524
 0.000007992060
 0.000008842824
 0.000011640908
 0.000046322476
 0.000012659385
 0.000012412835
 0.000006360449
 0.000010483817
 0.000011596549
 0.000011541025
 0.000006434873
 0.000003226344
 0.000016661113
 0.000007226733
 0.000024061376
 0.000011548848
 0.000008885738
 0.000018222072
 0.000013207967
 0.000008516336
 0.000015338469
 0.000037134414
 0.000019610109
 0.000025609791
 0.000017740493
 0.000021526295
 0.000022901798
 0.000019046682
 0.000025645178
 0.000013158163
 0.000012301011
 0.000013247464
 0.000013304343
 0.000016787771
 0.000014461140
 0.000017298340
 0.000017863847
 0.000010220827
 0.000017500717
 0.000008391324
 0.000015393052
 0.000004071370
 0.000022369550
 0.000008672163
 0.000032464632
 0.000006674372
 0.000013815149
 0.000010857852
 0.000008766426
 0.000012603917
 0.000019145631
 0.000017942048
 0.000020065229
 0.000004207657
 0.000013914333
 0.000024738555
 0.000010556327
 0.000024599511
 0.000012449609
 0.000003409542
 0.000002919271
 0.000005063599
 0.000003494196
 0.000004185356
 0.000006378316
 0.000017017629
 0.000005382398
 0.000011716164
 0.000020458102
 0.000012586835
 0.000012348153
 0.000008866108
 0.000007743649
 0.000009700474
 0.000005536935
 0.000009812816
 0.000011200474
 0.000008045971
 0.000011770482
 0.000007781024
 0.000023263379
 0.000012016600
 0.000013150694
 0.000010458339
 0.000030086766
 0.000017354361
 0.000002431893
 0.000006920559
 0.000006012192
 0.000017165935
 0.000004213021
 0.000008468586
 0.000009571368
 0.000003977395
 0.000006694988
 0.000003866966
 0.000006161905
 0.000012085025
 0.000009030700
 0.000009929908
 0.000004550354
 0.000017885275
 0.000014621630
 0.000034185631
 0.000011908216
 0.000003147659
 0.000008790746
 0.000002688279
 0.000002146257
 0.000002505556
 0.000008783841
 0.000014198407
 0.000006966591
 0.000010446101
 0.000010879902
 0.000010848092
 0.000012164996
 0.000009186409
 0.000014951122
 0.000035239547
 0.000010392684
 0.000037322153
 0.000031762340
 0.000051633525
 0.000078990606
 0.000068281884
 0.000025699921
 0.000015029719
 0.000055682808
 0.000019682712
 0.000043924837
 0.000015364568
 0.000031459524
 0.000018473547
 0.000015075968
 0.000083621062
 0.000014523362
 0.000027894414
 0.000021701009
 0.000007496729
 0.000011491838
 0.000006881495
 0.000026643752
 0.000022017378
 0.000040825148
 0.000015120299
 0.000018694355
 0.000045553399
 0.000027308390
 0.000025147464
 0.000016253904
 0.000012584291
 0.000020260780
 0.000020924432
 0.000022336577
 0.000023155507
 0.000007826397
 0.000026712741
 0.000030509706
 0.000012812748
 0.000012834419
 0.000028388411
 0.000008256346
 0.000019021564
 0.000009780892
 0.000033478055
 0.000010463682
 0.000021915204
 0.000016427683
 0.000033930536
 0.000036647082
 0.000028599596
 0.000019597748
 0.000008628640
 0.000009837453
 0.000009211405
 0.000013155678
 0.000011534222
 0.000033569284
 0.000013851534
 0.000010630511
 0.000011213356
 0.000003829021
 0.000006264404
 0.000019649735
 0.000021368061
 0.000006153224
 0.000017451918
 0.000019116176
 0.000009263497
 0.000018642349
 0.000014660762
 0.000012091228
 0.000020760671
 0.000031636658
 0.000010481930
 0.000016579871
 0.000016980712
 0.000027663770
 0.000009637077
 0.000008321024
 0.000009638391
 0.000012086002
 0.000013924531
 0.000010641898
 0.000015187009
 0.000005732280
 0.000017719707
 0.000016925827
 0.000015677198
 0.000020139629
 0.000007074670
 0.000019997091
 0.000008757661
 0.000012765251
 0.000008373260
 0.000003119074
 0.000024763353
 0.000004458013
 0.000010093150
 0.000006308387
 0.000015828948
 0.000006564432
 0.000026333833
 0.000094617626
 0.000014719501
 0.000014507470
 0.000015705813
 0.000006434866
 0.000026513590
 0.000041002720
 0.000033444336
 0.000030088132
 0.000012270388
 0.000013749511
 0.000026439450
 0.000021489112
 0.000011381941
 0.000028739861
 0.000018583816
 0.000016733682
 0.000039986800
 0.000047331794
 0.000025446897
 0.000049212437
 0.000012496806
 0.000051527660
 0.000045277053
 0.000015682227
 0.000016159962
 0.000016678068
 0.000010900582
 0.000010087258
 0.000019540977
 0.000018606738
 0.000038422209
 0.000022741262
 0.000017122588
 0.000031580221
 0.000015748707
 0.000016696500
 0.000012141647
 0.000022373542
 0.000009872009
 0.000018991781
 0.000014052968
 0.000018407388
 0.000012969431
 0.000010947197
 0.000029103452
 0.000021050826
 0.000018799356
 0.000038422361
 0.000016355114
 0.000054696241
 0.000040768860
 0.000060396180
 0.000075007904
 0.000026343985
 0.000047098394
 0.000022952582
 0.000030310115
 0.000023942937
 0.000023999874
 0.000032335931
 0.000018720545
 0.000030351111
 0.000019159672
 0.000009211998
 0.000029062923
 0.000016256988
 0.000012125339
 0.000025949275
 0.000044428729
 0.000025114306
 0.000016634973
 0.000057060072
 0.000036580884
 0.000019139613
 0.000032401512
 0.000016907947
 0.000050970238
 0.000119216115
 0.000049552964
 0.000022286257
 0.000105955828
 0.000027451959
 0.000033073838
 0.000052127644
 0.000022605694
 0.000080072639
 0.000027151162
 0.000029534657
 0.000033782050
 0.000036962391
 0.000021034001
 0.000033238048
 0.000035624502
 0.000062022776
 0.000063663575
 0.000038520596
 0.000015038213
 0.000018251992
 0.000045118428
 0.000017490185
 0.000045413129
 0.000023525837
 0.000075509501
 0.000031319213
 0.000024862408
 0.000028325127
 0.000034447817
 0.000052291986
 0.000069487613
 0.000088203885
 0.000087653495
 0.000041953385
 0.000035370620
 0.000019353788
 0.000022456970
 0.000024086781
 0.000029722759
 0.000039500176
 0.000054585716
 0.000041527158
 0.000033040464
 0.000057651311
 0.000040531897
 0.000072562235
 0.000044520679
 0.000051524780
 0.000039925164
 0.000021761044
 0.000021546046
 0.000065718586
 0.000016959362
 0.000026340199
 0.000033509245
 0.000026898324
 0.000025070035
 0.000024143627
 0.000033308230
 0.000016813597
 0.000043011948
 0.000021408770
 0.000047353307
 0.000023899279
 0.000016236908
 0.000044680032
 0.000008690339
 0.000012517147
 0.000017874731
 0.000015789188
 0.000010932864
 0.000011039632
 0.000013950842
 0.000017429683
 0.000012086202
 0.000017572915
 0.000042890000
 0.000025792021
 0.000012495062
 0.000012086309
 0.000014692845
 0.000012686108
 0.000012826115
 0.000015357283
 0.000024245705
 0.000008923742
 0.000008006583
 0.000009580332
 0.000028518535
 0.000028437649
 0.000054704146
 0.000026172711
 0.000015353035
 0.000018509328
 0.000014911599
 0.000014376726
 0.000025776040
 0.000025924779
 0.000020841554
 0.000033429396
 0.000022773100
 0.000012379750
 0.000016224414
 0.000003768918
 0.000019544439
 0.000009799004
 0.000033529427
 0.000009794745
 0.000014053196
 0.000007287664
 0.000031877196
 0.000011655163
 0.000013672969
 0.000026423701
 0.000010676082
 0.000011355135
 0.000012221026
 0.000024851066
 0.000014844203
 0.000003878368
 0.000005650509
 0.000006823341
 0.000016694640
 0.000021005857
 0.000018538661
 0.000016018830
 0.000013679282
 0.000012211376
 0.000010555486
 0.000011602489
 0.000010891512
 0.000002685999
 0.000006613075
 0.000019435478
 0.000006778412
 0.000006778579
 0.000019979768
 0.000023070453
 0.000009215421
 0.000013290442
 0.000013540449
 0.000009641468
 0.000009886295
 0.000010638457
 0.000004989288
 0.000006358462
 0.000012906317
 0.000020042092
 0.000021606849
 0.000037687061
 0.000013898859
 0.000011140047
 0.000009041507
 0.000011179694
 0.000005310299
 0.000004936165
 0.000013888728
 0.000007615731
 0.000010488525
 0.000019188833
 0.000019376712
 0.000023407776
 0.000014788008
 0.000006335134
 0.000008740438
 0.000011453717
 0.000021389494
 0.000027596055
 0.000020794088
 0.000017169356
 0.000022999424
 0.000030795584
 0.000017246575
 0.000092047771
 0.000011991881
 0.000014105881
 0.000008468849
 0.000017930338
 0.000012428628
 0.000009521906
 0.000012796076
 0.000011318323
 0.000025854322
 0.000019812817
 0.000009680727
 0.000021589665
 0.000006802695
 0.000014564984
 0.000008316870
 0.000008915618
 0.000007207289
 0.000008665308
 0.000015208354
 0.000017128022
 0.000043971074
 0.000009683255
 0.000008272835
 0.000014302502
 0.000013976483
 0.000013682008
 0.000013560889
 0.000038227548
 0.000012563131
 0.000010781000
 0.000018135138
 0.000006500824
 0.000006750594
 0.000007326093
 0.000005313375
 0.000004936434
 0.000004780885
 0.000014579243
 0.000016476444
 0.000012765462
 0.000012016813
 0.000026901667
 0.000009619319
 0.000011894082
 0.000014772880
 0.000004309002
 0.000010336214
 0.000020305788
 0.000006453639
 0.000009079064
 0.000005747513
 0.000007360134
 0.000007213610
 0.000006936434
 0.000008960447
 0.000003940152
 0.000008621470
 0.000012398821
 0.000010096940
 0.000012208509
 0.000014641931
 0.000013909261
 0.000009566180
 0.000005805540
 0.000024054039
 0.000014239192
 0.000006930207
 0.000003959539
 0.000010903206
 0.000009884187
 0.000013243714
 0.000010277340
 0.000038435612
 0.000027471152
 0.000015122048
 0.000014621561
 0.000006149897
 0.000008165360
 0.000005930443
 0.000008362042
 0.000008742426
 0.000007123170
 0.000007457642
 0.000009575873
 0.000008811387
 0.000011709546
 0.000027455824
 0.000017442266
 0.000009987586
 0.000009797332
 0.000018820767
 0.000044647662
 0.000014539297
 0.000010033844
 0.000032479679
 0.000035052321
 0.000015166706
 0.000014418576
 0.000010453175
 0.000016662026
 0.000019116119
 0.000010468940
 0.000006190634
 0.000006344470
 0.000007970598
 0.000021778522
 0.000014788009
 0.000007818147
 0.000008514785
 0.000021446284
 0.000008303410
 0.000025774323
 0.000013866536
 0.000011628979
 0.000013713316
 0.000014300932
 0.000018878858
 0.000036278077
 0.000015050711
 0.000005143409
 0.000015617476
 0.000013992586
 0.000017949081
 0.000022456199
 0.000016221140
 0.000030538693
 0.000041818944
 0.000015765343
 0.000048600267
 0.000044854327
 0.000042081162
 0.000030922233
 0.000051594471
 0.000024565509
 0.000024155005
 0.000051519129
 0.000020659270
 0.000032511139
 0.000018372225
 0.000048762365
 0.000030616089
 0.000022817893
 0.000020555488
 0.000006046973
 0.000016208361
 0.000011302426
 0.000012043981
 0.000013147719
 0.000034219691
 0.000014833700
 0.000033522449
 0.000023700165
 0.000037176118
 0.000010830637
 0.000019359821
 0.000033095398
 0.000030554207
 0.000024682427
 0.000030216532
 0.000020720031
 0.000051315926
 0.000083606341
 0.000055453558
 0.000042161552
 0.000053245655
 0.000033582480
 0.000047511322
 0.000144807926
 0.000045943995
 0.000048589955
 0.000016135444
 0.000037691571
 0.000038627488
 0.000093272800
 0.000017000683
 0.000011548861
 0.000031577528
 0.000024118194
 0.000032177385
 0.000016340047
 0.000030461076
 0.000072894254
 0.000050868457
 0.000033095238
 0.000035368124
 0.000041479175
 0.000031813078
 0.000049873079
 0.000087084791
 0.000043014503
 0.000033055093
 0.000097727745
 0.000071442418
 0.000023496971
 0.000053152122
 0.000081576490
 0.000054183532
 0.000084354946
 0.000022385571
 0.000041304155
 0.000064738400
 0.000032905686
 0.000032145724
 0.000031077491
 0.000020551002
 0.000046775521
 0.000044256395
 0.000022251673
 0.000007267651
 0.000010607821
 0.000009685297
 0.000015454728
 0.000043776517
 0.000018101636
 0.000012218144
 0.000023374403
 0.000013874733
 0.000030388738
 0.000023503090
 0.000017180140
 0.000027783430
 0.000015654914
 0.000017247048
 0.000044548833
 0.000009770270
 0.000026203067
 0.000020101107
 0.000065611843
 0.000046798603
 0.000055980434
 0.000034171974
 0.000040256639
 0.000014173373
 0.000041149734
 0.000059189279
 0.000028811493
 0.000008873948
 0.000044136820
 0.000049707835
 0.000022566436
 0.000018985771
 0.000010758525
 0.000022242667
 0.000013002059
 0.000036611472
 0.000027829883
 0.000038975474
 0.000024581143
 0.000012901639
 0.000023014610
 0.000010343967
 0.000012260443
 0.000013606367
 0.000025553697
 0.000021222325
 0.000014158827
 0.000029626467
 0.000035167126
 0.000013408650
 0.000019671757
 0.000034032487
 0.000023455804
 0.000050069366
 0.000035711058
 0.000019384514
 0.000028908792
 0.000020110980
 0.000019746920
 0.000020514978
 0.000016540176
 0.000022758996
 0.000010303678
 0.000031332509
 0.000013903678
 0.000013819322
 0.000010128931
 0.000025407995
 0.000022504454
 0.000009253007
 0.000009454944
 0.000018471803
 0.000010988650
 0.000018453223
 0.000018587399
 0.000025218518
 0.000008239309
 0.000010265279
 0.000017825768
 0.000025528213
 0.000021467004
 0.000032054974
 0.000015597864
 0.000010449196
 0.000015086501
 0.000028744453
 0.000014254186
 0.000011700789
 0.000013114577
 0.000007192017
 0.000011194881
 0.000002705217
 0.000009224076
 0.000006301177
 0.000005226029
 0.000019875887
 0.000011240917
 0.000021234887
 0.000010929595
 0.000018030193
 0.000046335344
 0.000006161571
 0.000015834226
 0.000013755258
 0.000019472464
 0.000046335947
 0.000035354091
 0.000042664213
 0.000012661049
 0.000011904045
 0.000094614828
 0.000033570938
 0.000027864036
 0.000014425023
 0.000012596904
 0.000025700344
 0.000022060457
 0.000041696932
 0.000028172087
 0.000036924941
 0.000036173252
 0.000025195452
 0.000105302165
 0.000034452929
 0.000079824941
 0.000016796930
 0.000037196759
 0.000028266762
 0.000034313962
 0.000024752427
 0.000015135603
 0.000027830670
 0.000034726133
 0.000024064578
 0.000029773381
 0.000021117570
 0.000038263467
 0.000028548865
 0.000011212983
 0.000044350650
 0.000063785159
 0.000023810488
 0.000015923565
 0.000036169662
 0.000064404837
 0.000078953801
 0.000030430714
 0.000046508190
 0.000009112353
 0.000020813357
 0.000024742459
 0.000030717337
 0.000036702444
 0.000043539405
 0.000033627242
 0.000014099868
 0.000100989929
 0.000025385342
 0.000091366145
 0.000017139131
 0.000015473100
 0.000043109206
 0.000023499896
 0.000022996615
 0.000041133789
 0.000050652724
 0.000009537843
 0.000044864715
 0.000050030246
 0.000022955737
 0.000105786182
 0.000052237558
 0.000056605451
 0.000020032044
 0.000025855545
 0.000050449399
 0.000055281519
 0.000018151429
 0.000017769349
 0.000023447004
 0.000019015657
 0.000014147246
 0.000023445897
 0.000038927614
 0.000043807513
 0.000028439652
 0.000029733444
 0.000006896347
 0.000011373922
 0.000012881522
 0.000008981345
 0.000004948552
 0.000010109124
 0.000033046763
 0.000014478754
 0.000014415058
 0.000050054345
 0.000035318077
 0.000048008574
 0.000052716742
 0.000024324634
 0.000017699855
 0.000011383295
 0.000008757401
 0.000014337878
 0.000023866247
 0.000059745243
 0.000010997910
 0.000036649879
 0.000026930713
 0.000021308635
 0.000019847616
 0.000013538876
 0.000024721985
 0.000020450388
 0.000035551961
 0.000012687307
 0.000019789959
 0.000021162432
 0.000020011239
 0.000010868096
 0.000009026083
 0.000011859522
 0.000006366190
 0.000026272748
 0.000014695890
 0.000026281755
 0.000024463211
 0.000026194773
 0.000022047596
 0.000022707885
 0.000066080852
 0.000035655320
 0.000016708958
 0.000010331770
 0.000027298833
 0.000102267701
 0.000072308264
 0.000009242091
 0.000019976283
 0.000018371429
 0.000021317782
 0.000036334501
 0.000026073293
 0.000008832821
 0.000037719327
 0.000023091609
 0.000025505907
 0.000031291975
 0.000021094123
 0.000034201904
 0.000015094271
 0.000014867885
 0.000030468575
 0.000017133912
 0.000009591852
 0.000040097437
 0.000008918691
 0.000025975849
 0.000013286965
 0.000009809042
 0.000008260360
 0.000064225187
 0.000014220459
 0.000066071729
 0.000013458914
 0.000013292965
 0.000012740023
 0.000014065802
 0.000013722132
 0.000005805880
 0.000012200693
 0.000015083372
 0.000017736707
 0.000032989950
 0.000026449385
 0.000014524486
 0.000018322556
 0.000008432598
 0.000008287578
 0.000010615942
 0.000009992569
 0.000013514149
 0.000012892304
 0.000013131717
 0.000004693333
 0.000010597622
 0.000011429375
 0.000022852973
 0.000012164333
 0.000028571095
 0.000029928155
 0.000025010173
 0.000032989814
 0.000010685001
 0.000022767733
 0.000041644557
 0.000012813250
 0.000011628450
 0.000012387172
 0.000002369438
 0.000024861452
 0.000015078172
 0.000004015374
 0.000008088223
 0.000005119019
 0.000006282884
 0.000005761148
 0.000007249227
 0.000002004801
 0.000011143805
 0.000008073283
 0.000004500851
 0.000017262500
 0.000005124330
 0.000008445763
 0.000006233408
 0.000002256353
 0.000001731089
 0.000008800308
 0.000003319958
 0.000007050744
 0.000010249626
 0.000009854935
 0.000006865309
 0.000006593462
 0.000012006758
 0.000015634306
 0.000007988929
 0.000008850462
 0.000010610645
 0.000008036807
 0.000007467096
 0.000013917559
 0.000009084777
 0.000007674305
 0.000010704832
 0.000006259561
 0.000023937781
 0.000026456458
 0.000013055459
 0.000005496688
 0.000020745413
 0.000012099371
 0.000010401008
 0.000019124278
 0.000029828195
 0.000011650576
 0.000011539832
 0.000030159949
 0.000044167901
 0.000020545732
 0.000038218139
 0.000009125086
 0.000015117705
 0.000008115191
 0.000006017583
 0.000011496915
 0.000016700232
 0.000032740443
 0.000025519048
 0.000023671665
 0.000007782645
 0.000017102500
 0.000007322202
 0.000004408361
 0.000007530523
 0.000004492960
 0.000008163264
 0.000009772179
 0.000003450955
 0.000004885211
 0.000009342169
 0.000006149338
 0.000013465079
 0.000003087737
 0.000011628902
 0.000007006816
 0.000007217491
 0.000018818351
 0.000015730088
 0.000013273997
 0.000007186497
 0.000007341284
 0.000004726856
 0.000015733768
 0.000009300938
 0.000005964335
 0.000004628109
 0.000008021044
 0.000006777108
 0.000003871911
 0.000009018741
 0.000006938599
 0.000005009446
 0.000011713151
 0.000006682936
 0.000009229649
 0.000014035908
 0.000006953135
 0.000001672002
 0.000005591897
 0.000005707154
 0.000010577364
 0.000012392828
 0.000008304416
 0.000008585553
 0.000015673001
 0.000012057542
 0.000016758415
 0.000015772151
 0.000024187980
 0.000009315974
 0.000003691459
 0.000012986674
 0.000015576360
 0.000012695323
 0.000003446347
 0.000009971410
 0.000005321004
 0.000012557601
 0.000005150952
 0.000019739338
 0.000006315362
 0.000004241899
 0.000004569852
 0.000002138685
 0.000007324320
 0.000007672749
 0.000012035988
 0.000003472875
 0.000005469387
 0.000002733926
 0.000003751090
 0.000002359415
 0.000005238363
 0.000010533474
 0.000004497625
 0.000003987490
 0.000003580014
 0.000001845926
 0.000003365982
 0.000007992369
 0.000003626931
 0.000002119046
 0.000002031661
 0.000004408848
 0.000004097058
 0.000003416359
 0.000004184109
 0.000001713330
 0.000005642381
 0.000006380937
 0.000002116778
 0.000005436081
 0.000005820908
 0.000006111378
 0.000019324189
 0.000008359205
 0.000002275405
 0.000002172744
 0.000003625052
 0.000001079749
 0.000001816298
 0.000001531875
 0.000002018529
 0.000003009169
 0.000002042465
 0.000004667557
 0.000003123517
 0.000005017230
 0.000006065657
 0.000013309700
 0.000001964480
 0.000003420454
 0.000006562277
 0.000004011672
 0.000008843480
 0.000006493563
 0.000005689917
 0.000004065601
 0.000019537137
 0.000011355166
 0.000006121333
 0.000005293137
 0.000012622567
 0.000011547438
 0.000015013235
 0.000016854330
 0.000008585819
 0.000011018252
 0.000003832638
 0.000005124336
 0.000005042427
 0.000003292446
 0.000007753279
 0.000007510167
 0.000006149006
 0.000006239865
 0.000019001772
 0.000013168372
 0.000006643320
 0.000007990021
 0.000010150826
 0.000015186959
 0.000014829907
 0.000014291358
 0.000016764596
 0.000008366503
 0.000016547560
 0.000013384772
 0.000015975813
 0.000013658751
 0.000010374852
 0.000012041320
 0.000015176775
 0.000008148888
 0.000014633842
 0.000017074803
 0.000028964612
 0.000014388457
 0.000019068056
 0.000051113916
 0.000050426456
 0.000036930387
 0.000028214854
 0.000021917064
 0.000016948472
 0.000018479871
 0.000017495732
 0.000033278901
 0.000028507827
 0.000010385582
 0.000007764859
 0.000022037611
 0.000005792026
 0.000010932241
 0.000012304153
 0.000005896126
 0.000002746255
 0.000005712003
 0.000008141400
 0.000004580893
 0.000009280820
 0.000003439284
 0.000014117080
 0.000002503570
 0.000003271950
 0.000002528296
 0.000002093826
 0.000002070696
 0.000006082375
 0.000002137499
 0.000001712144
 0.000001736954
 0.000003161982
 0.000002510474
 0.000004376479
 0.000001659212
 0.000008715113
 0.000002212141
 0.000002404193
 0.000005253665
 0.000002405730
 0.000002232668
 0.000005298207
 0.000004181765
 0.000003702513
 0.000003550177
 0.000002656636
 0.000005116597
 0.000004349877
 0.000005439369
 0.000002786412
 0.000001574937
 0.000001791889
 0.000002105312
 0.000001417723
 0.000001763794
 0.000001839235
 0.000001303833
 0.000001227666
 0.000002766000
 0.000003794709
 0.000004888428
 0.000007850930
 0.000006801157
 0.000006229708
 0.000020190467
 0.000010759248
 0.000007109056
 0.000008533728
 0.000018178219
 0.000003561224
 0.000003621862
 0.000002859228
 0.000002385685
 0.000002235929
 0.000002100485
 0.000002905599
 0.000005658770
 0.000008654384
 0.000005976341
 0.000008648129
 0.000009235549
 0.000006792516
 0.000003830708
 0.000005036953
 0.000003216616
 0.000007524264
 0.000006197606
 0.000005002895
 0.000010462514
 0.000008910481
 0.000005462945
 0.000004000922
 0.000004147735
 0.000010747158
 0.000016364716
 0.000010447764
 0.000016919098
 0.000006151068
 0.000006856389
 0.000009386600
 0.000014121224
 0.000010582727
 0.000010525015
 0.000012773299
 0.000010958733
 0.000007444975
 0.000013237624
 0.000003231282
 0.000004966481
 0.000011759687
 0.000013471479
 0.000007009815
 0.000007242933
 0.000006877804
 0.000003283089
 0.000004667981
 0.000007608200
 0.000019340028
 0.000019107293
 0.000007037055
 0.000007886166
 0.000015298871
 0.000006472373
 0.000008099968
 0.000009779828
 0.000008542846
 0.000006646428
 0.000019512018
 0.000020501069
 0.000006967301
 0.000008152720
 0.000016364092
 0.000004400088
 0.000005517514
 0.000007237460
 0.000003268030
 0.000002957508
 0.000003613375
 0.000012470164
 0.000016088411
 0.000004262123
 0.000008084764
 0.000031293497
 0.000003096968
 0.000004593245
 0.000002566758
 0.000008770328
 0.000001945716
 0.000004656163
 0.000004164003
 0.000009404525
 0.000002036282
 0.000004329942
 0.000010142008
 0.000008588332
 0.000007745094
 0.000005589198
 0.000005414834
 0.000004617736
 0.000004289116
 0.000004099278
 0.000006666769
 0.000004199393
 0.000005529194
 0.000009238339
 0.000004553756
 0.000003753810
 0.000008623407
 0.000009011113
 0.000046308037
 0.000012425615
 0.000035737245
 0.000021817223
 0.000025101498
 0.000012896429
 0.000003768247
 0.000006265638
 0.000006958771
 0.000017341564
 0.000007381458
 0.000020592093
 0.000010342389
 0.000009874450
 0.000008763129
 0.000003942271
 0.000008269313
 0.000011600684
 0.000011336788
 0.000019005860
 0.000004818934
 0.000003891068
 0.000008644778
 0.000010291273
 0.000014153364
 0.000015215649
 0.000010199943
 0.000030057319
 0.000008537843
 0.000020577779
 0.000011722478
 0.000008106073
 0.000018596859
 0.000028433382
 0.000038264106
 0.000043649183
 0.000034144574
 0.000025165670
 0.000032073284
 0.000014300066
 0.000029050029
 0.000013582455
 0.000034392347
 0.000023856647
 0.000013814650
 0.000014405702
 0.000030131500
 0.000013915228
 0.000014611080
 0.000021117344
 0.000050948779
 0.000033155743
 0.000014157354
 0.000012239390
 0.000021055889
 0.000005240203
 0.000010155315
 0.000004063519
 0.000007174095
 0.000004018364
 0.000009234422
 0.000005946152
 0.000012089179
 0.000006742750
 0.000034143558
 0.000007230882
 0.000020551635
 0.000018746229
 0.000028871733
 0.000013434083
 0.000017719551
 0.000012514613
 0.000014143584
 0.000018104514
 0.000015333398
 0.000006217633
 0.000011571060
 0.000015507453
 0.000017044860
 0.000014674203
 0.000011906746
 0.000008464163
 0.000010317184
 0.000011670543
 0.000009679816
 0.000009860753
 0.000014316647
 0.000008343717
 0.000009156053
 0.000040787316
 0.000013103927
 0.000010695891
 0.000006809097
 0.000009754486
 0.000011362220
 0.000012268359
 0.000006769726
 0.000010363195
 0.000004894603
 0.000011120992
 0.000008895353
 0.000010516855
 0.000008470565
 0.000020975090
 0.000013825234
 0.000038352552
 0.000027669341
 0.000011945653
 0.000027945641
 0.000014027683
 0.000016594488
 0.000043502884
 0.000018992066
 0.000034839824
 0.000020758098
 0.000023055045
 0.000034955837
 0.000009687393
 0.000010619577
 0.000014301413
 0.000012222461
 0.000016381426
 0.000011859162
 0.000037212883
 0.000021986059
 0.000009280573
 0.000019115563
 0.000028498871
 0.000014390896
 0.000022704487
 0.000012433734
 0.000021011995
 0.000017263243
 0.000015361918
 0.000020319145
 0.000013038659
 0.000025478773
 0.000016759295
 0.000015404756
 0.000007235374
 0.000014883022
 0.000031065443
 0.000028578171
 0.000021581729
 0.000044319826
 0.000022178175
 0.000051092931
 0.000018859613
 0.000039494301
 0.000007572955
 0.000028980727
 0.000014713380
 0.000017164675
 0.000025432205
 0.000025923281
 0.000008331326
 0.000012481248
 0.000017800206
 0.000023863350
 0.000009743476
 0.000012523348
 0.000030206654
 0.000035698195
 0.000014814467
 0.000004214030
 0.000003846145
 0.000011123713
 0.000012003171
 0.000006352087
 0.000005549229
 0.000005728012
 0.000007865361
 0.000003154657
 0.000004254548
 0.000007219113
 0.000014369558
 0.000004035158
 0.000005059967
 0.000006982000
 0.000004297080
 0.000018548241
 0.000003282392
 0.000012138463
 0.000008135118
 0.000006032336
 0.000016628779
 0.000023375024
 0.000013281412
 0.000037524549
 0.000015394317
 0.000013303346
 0.000018580141
 0.000007827677
 0.000010579016
 0.000028906436
 0.000005220922
 0.000010464696
 0.000004487680
 0.000005872868
 0.000002736334
 0.000005900845
 0.000007311187
 0.000007515359
 0.000004859079
 0.000003950621
 0.000006272545
 0.000003384839
 0.000003596689
 0.000004295866
 0.000005108329
 0.000003173687
 0.000003266774
 0.000005512337
 0.000006890552
 0.000003466362
 0.000009790777
 0.000005500626
 0.000005126276
 0.000003832502
 0.000006141387
 0.000003296788
 0.000003463078
 0.000007258877
 0.000006903986
 0.000009494535
 0.000005822355
 0.000006868117
 0.000006410430
 0.000003251374
 0.000005492663
 0.000008584438
 0.000009270301
 0.000007481857
 0.000016568180
 0.000008847908
 0.000007231389
 0.000009627089
 0.000002221297
 0.000007680656
 0.000004208030
 0.000002403285
 0.000006864327
 0.000005561283
 0.000006610231
 0.000015146800
 0.000012888734
 0.000021436335
 0.000006551737
 0.000010032166
 0.000023005195
 0.000017072934
 0.000028211841
 0.000015989057
 0.000006787409
 0.000008646224
 0.000021510217
 0.000021472886
 0.000005550034
 0.000006904572
 0.000005163563
 0.000011304439
 0.000001692268
 0.000005052956
 0.000007858584
 0.000018113168
 0.000003615155
 0.000009338556
 0.000007735058
 0.000003370963
 0.000018458393
 0.000012484098
 0.000009008583
 0.000007420600
 0.000009577805
 0.000003321648
 0.000005781050
 0.000007477582
 0.000003890729
 0.000006367595
 0.000010650901
 0.000013498686
 0.000007500397
 0.000007772709
 0.000014061184
 0.000002466218
 0.000008646671
 0.000006378257
 0.000011983260
 0.000014638946
 0.000005362550
 0.000013354663
 0.000007487178
 0.000008295171
 0.000006162303
 0.000007320546
 0.000011729155
 0.000011811414
 0.000016835063
 0.000018971009
 0.000013409326
 0.000010529701
 0.000010887872
 0.000017728278
 0.000006636371
 0.000010102167
 0.000004966428
 0.000005155568
 0.000003105494
 0.000008369622
 0.000003294149
 0.000005193701
 0.000003961601
 0.000012525422
 0.000015193588
 0.000003546603
 0.000008143914
 0.000010254697
 0.000002801538
 0.000003697438
 0.000007148369
 0.000004211213
 0.000008307493
 0.000002389274
 0.000005836962
 0.000015837603
 0.000010147970
 0.000007201793
 0.000009939333
 0.000006906213
 0.000004514959
 0.000003801533
 0.000003866358
 0.000011952356
 0.000003388977
 0.000010781946
 0.000006262857
 0.000004835450
 0.000008442092
 0.000006555576
 0.000004356420
 0.000005507457
 0.000003511251
 0.000002493500
 0.000007008692
 0.000004339142
 0.000003127368
 0.000004857741
 0.000003073154
 0.000005772699
 0.000005179606
 0.000007412741
 0.000002131907
 0.000002635577
 0.000002325276
 0.000001335734
 0.000003554780
 0.000001089604
 0.000003438408
 0.000006756782
 0.000005433369
 0.000004109457
 0.000004929336
 0.000003380903
 0.000001047117
 0.000000962627
 0.000002234582
 0.000000407071
 0.000001422135
 0.000001570945
 0.000002228261
 0.000000633436
 0.000001722774
 0.000001142922
 0.000001696935
 0.000002853724
 0.000005002945
 0.000001215134
 0.000002550927
 0.000001890782
 0.000001923502
 0.000002900004
 0.000000872709
 0.000001701921
 0.000001109890
 0.000001794427
 0.000001882876
 0.000002808085
 0.000005408814
 0.000003042865
 0.000002845050
 0.000002993357
 0.000001640411
 0.000005116399
 0.000005160401
 0.000009012357
 0.000010718366
 0.000009317258
 0.000004628647
 0.000004752909
 0.000003052431
 0.000007845782
 0.000007974350
 0.000005006976
 0.000003306125
 0.000003036865
 0.000001323659
 0.000005941767
 0.000002039259
 0.000003398683
 0.000002158473
 0.000011950280
 0.000002820640
 0.000003844108
 0.000003652516
 0.000003584423
 0.000007946538
 0.000007682836
 0.000006771699
 0.000005429426
 0.000003349337
 0.000007570437
 0.000008462804
 0.000007159109
 0.000002845253
 0.000003452990
 0.000004825312
 0.000007199563
 0.000003748605
 0.000004536412
 0.000002880837
 0.000005226877
 0.000006636033
 0.000002422585
 0.000002679514
 0.000003204637
 0.000003554827
 0.000006581410
 0.000002812652
 0.000001723113
 0.000002969540
 0.000002600252
 0.000006737626
 0.000017369381
 0.000006470249
 0.000004382592
 0.000004142056
 0.000002540325
 0.000002635490
 0.000003153253
 0.000006169961
 0.000005929168
 0.000003804663
 0.000003424504
 0.000005216587
 0.000008812981
 0.000004261857
 0.000004843204
 0.000003442438
 0.000005626309
 0.000003282483
 0.000004796097
 0.000002773629
 0.000007956033
 0.000008529136
 0.000008124827
 0.000001672049
 0.000004665790
 0.000005469754
 0.000004868865
 0.000002679661
 0.000001774017
 0.000005782789
 0.000005550321
 0.000003552040
 0.000002663627
 0.000002322646
 0.000006766550
 0.000006527268
 0.000003336314
 0.000001602223
 0.000002118948
 0.000003858498
 0.000002854774
 0.000004198649
 0.000004661901
 0.000001746185
 0.000003529874
 0.000001413003
 0.000002666311
 0.000004583753
 0.000003343529
 0.000007061072
 0.000003125909
 0.000004122567
 0.000007543483
 0.000003421407
 0.000002527153
 0.000003973565
 0.000000786768
 0.000003132054
 0.000002389879
 0.000003097983
 0.000001563628
 0.000005005104
 0.000001892988
 0.000002725995
 0.000001682399
 0.000004467235
 0.000005107903
 0.000004141696
 0.000002213177
 0.000004510149
 0.000006622534
 0.000009842139
 0.000006453846
 0.000005424318
 0.000005351163
 0.000001732035
 0.000004021099
 0.000004569916
 0.000003875878
 0.000002257148
 0.000002925500
 0.000005468035
 0.000003792014
 0.000000759451
 0.000003702717
 0.000004702953
 0.000003791281
 0.000003179000
 0.000002308049
 0.000002968824
 0.000002975113
 0.000001727540
 0.000002361803
 0.000002843773
 0.000004329909
 0.000004128271
 0.000007655380
 0.000004418102
 0.000003436975
 0.000003557320
 0.000003196559
 0.000004529271
 0.000002569854
 0.000003068772
 0.000001456950
 0.000001491289
 0.000002830538
 0.000006785760
 0.000003957927
 0.000010969169
 0.000008284395
 0.000005303857
 0.000003895751
 0.000004150775
 0.000004029070
 0.000003609573
 0.000003539579
 0.000005222446
 0.000001936609
 0.000002270531
 0.000001181236
 0.000000970500
 0.000001469207
 0.000002403870
 0.000004744407
 0.000004346180
 0.000002894246
 0.000002086963
 0.000002018659
 0.000001325960
 0.000011109136
 0.000002571059
 0.000003544254
 0.000002491460
 0.000001498760
 0.000001231649
 0.000001777738
 0.000002257556
 0.000001630827
 0.000007315076
 0.000005198711
 0.000005125929
 0.000003593658
 0.000006471933
 0.000009278900
 0.000003936292
 0.000003232192
 0.000000981157
 0.000001268143
 0.000001840203
 0.000002197064
 0.000001097309
 0.000001594548
 0.000003991610
 0.000002521596
 0.000002387151
 0.000001914878
 0.000003615069
 0.000003120947
 0.000000769823
 0.000001667524
 0.000001590875
 0.000001307758
 0.000000914305
 0.000001405870
 0.000001262531
 0.000002092218
 0.000000960709
 0.000001187952
 0.000001296925
 0.000001740973
 0.000001475517
 0.000001710463
 0.000000913906
 0.000001387872
 0.000002111902
 0.000000927278
 0.000000765548
 0.000002137402
 0.000000748905
 0.000001405847
 0.000001454728
 0.000001939693
 0.000002069257
 0.000000776345
 0.000001041622
 0.000002207223
 0.000002563632
 0.000001927750
 0.000001635391
 0.000002081227
 0.000001865194
 0.000003289068
 0.000001956148
 0.000002516339
 0.000001020233
 0.000001365350
 0.000001703331
 0.000002185000
 0.000002346038
 0.000002121949
 0.000001874305
 0.000001115836
 0.000002484278
 0.000002619511
 0.000004324498
 0.000006245967
 0.000002341719
 0.000001831912
 0.000004722795
 0.000002805501
 0.000009351761
 0.000004380473
 0.000012945737
 0.000003540473
 0.000006453069
 0.000004117738
 0.000006665795
 0.000003819376
 0.000000970723
 0.000003496197
 0.000008021312
 0.000004985547
 0.000003012943
 0.000002208686
 0.000003907457
 0.000001876488
 0.000005078813
 0.000002956862
 0.000003302656
 0.000001650244
 0.000001373303
 0.000010450167
 0.000005279317
 0.000006324419
 0.000005825170
 0.000003211711
 0.000005215352
 0.000006669646
 0.000003649483
 0.000005160150
 0.000002252448
 0.000004411816
 0.000005881464
 0.000004171878
 0.000001704773
 0.000007153361
 0.000003256747
 0.000004253473
 0.000006383071
 0.000001737510
 0.000003912649
 0.000006080168
 0.000005032929
 0.000005439265
 0.000007669270
 0.000002392889
 0.000005077521
 0.000007935362
 0.000001667256
 0.000003742765
 0.000012781789
 0.000006961096
 0.000003963253
 0.000005236903
 0.000005633488
 0.000004180564
 0.000006097411
 0.000002463971
 0.000005875475
 0.000002191294
 0.000002624313
 0.000005511649
 0.000004547430
 0.000003073966
 0.000001798657
 0.000002029056
 0.000003550055
 0.000002378359
 0.000001695114
 0.000004096398
 0.000001799247
 0.000005684554
 0.000001618022
 0.000004209777
 0.000005121007
 0.000004409546
 0.000004077791
 0.000002566157
 0.000004145332
 0.000003153740
 0.000003678737
 0.000004717757
 0.000003473895
 0.000002903047
 0.000006632644
 0.000004823363
 0.000018222772
 0.000010309774
 0.000011912936
 0.000004289986
 0.000005070023
 0.000004907283
 0.000003770540
 0.000008227036
 0.000008440343
 0.000006556392
 0.000010294777
 0.000002452877
 0.000004136155
 0.000007600016
 0.000004539024
 0.000008489771
 0.000008089172
 0.000006882765
 0.000014686701
 0.000009658098
 0.000012259237
 0.000010036836
 0.000011098880
 0.000004846545
 0.000006083166
 0.000007839906
 0.000024076233
 0.000006816277
 0.000011271841
 0.000004348199
 0.000006647475
 0.000006895391
 0.000006742536
 0.000004977991
 0.000014022376
 0.000010391785
 0.000001896183
 0.000010010097
 0.000018065196
 0.000016408103
 0.000017578473
 0.000021212605
 0.000011179693
 0.000008398636
 0.000015597983
 0.000005886802
 0.000008554085
 0.000003921260
 0.000009407114
 0.000003706922
 0.000012661074
 0.000005107894
 0.000004058085
 0.000001089830
 0.000007294579
 0.000010317213
 0.000013032101
 0.000010884275
 0.000006249388
 0.000006382562
 0.000005952650
 0.000008570128
 0.000006240638
 0.000003269939
 0.000005788795
 0.000009696134
 0.000008268731
 0.000008218579
 0.000005776937
 0.000004304794
 0.000006559821
 0.000002715533
 0.000004382245
 0.000005874922
 0.000008435381
 0.000013001480
 0.000008639637
 0.000004988672
 0.000013482887
 0.000003574424
 0.000004620758
 0.000003409115
 0.000004139435
 0.000005083576
 0.000006984419
 0.000005062665
 0.000013519045
 0.000016129202
 0.000005977774
 0.000005174928
 0.000004512546
 0.000008480495
 0.000003095220
 0.000006300618
 0.000004499963
 0.000004143077
 0.000006573042
 0.000010389318
 0.000027914533
 0.000009313794
 0.000003747619
 0.000008552321
 0.000005704266
 0.000004461120
 0.000020204997
 0.000014517258
 0.000006477588
 0.000010191297
 0.000008364890
 0.000011279591
 0.000009681438
 0.000010684979
 0.000013547312
 0.000009982462
 0.000017017354
 0.000011216704
 0.000004463515
 0.000007913278
 0.000006076772
 0.000004352565
 0.000010760042
 0.000008001336
 0.000003922419
 0.000006007720
 0.000008346331
 0.000012687432
 0.000004041924
 0.000005230018
 0.000006538718
 0.000011036783
 0.000005456592
 0.000007307420
 0.000004784974
 0.000009348462
 0.000003394386
 0.000005536342
 0.000004870281
 0.000007623481
 0.000001233260
 0.000001393934
 0.000002817500
 0.000003109223
 0.000003096939
 0.000004113936
 0.000005406351
 0.000003213586
 0.000007287111
 0.000005697129
 0.000002691318
 0.000004649243
 0.000002285430
 0.000006401362
 0.000005674800
 0.000003482149
 0.000003509586
 0.000004230084
 0.000003943235
 0.000005442154
 0.000002392146
 0.000005631116
 0.000002831049
 0.000007441813
 0.000005229528
 0.000006272499
 0.000004667612
 0.000002477807
 0.000004944699
 0.000005526958
 0.000005142844
 0.000004114420
 0.000005236239
 0.000005798779
 0.000012021332
 0.000008534668
 0.000008538051
 0.000002302757
 0.000006312997
 0.000003455043
 0.000005564466
 0.000004909262
 0.000003006671
 0.000004333872
 0.000009347048
 0.000002397201
 0.000005364189
 0.000005839446
 0.000004906161
 0.000007540057
 0.000008678912
 0.000004720637
 0.000006995109
 0.000008291788
 0.000008622253
 0.000003086843
 0.000008145990
 0.000006402360
 0.000013490871
 0.000003207924
 0.000004766449
 0.000003282367
 0.000001341734
 0.000002896294
 0.000002662698
 0.000002307451
 0.000008134781
 0.000009596225
 0.000004163615
 0.000003971099
 0.000005614244
 0.000004961625
 0.000006491101
 0.000006383583
 0.000011914946
 0.000008947968
 0.000009953726
 0.000006066471
 0.000013199662
 0.000010055553
 0.000014162009
 0.000009834538
 0.000019207030
 0.000010096475
 0.000015411719
 0.000009462635
 0.000003269138
 0.000002935102
 0.000009903141
 0.000007406881
 0.000008654303
 0.000003506056
 0.000006881573
 0.000011846453
 0.000002925534
 0.000005974425
 0.000009952013
 0.000013264634
 0.000018613356
 0.000011445499
 0.000010465222
 0.000003918911
 0.000006033969
 0.000002636845
 0.000004734830
 0.000005409744
 0.000009060579
 0.000004158673
 0.000005792359
 0.000008630990
 0.000003560602
 0.000004261936
 0.000004307752
 0.000010970462
 0.000004222516
 0.000005291847
 0.000009228683
 0.000002722035
 0.000003465415
 0.000002472409
 0.000003587290
 0.000004106776
 0.000003550215
 0.000012603751
 0.000005759586
 0.000005234969
 0.000006425523
 0.000002695246
 0.000004185455
 0.000004257999
 0.000009390074
 0.000003462717
 0.000004138716
 0.000004012659
 0.000002945321
 0.000004491132
 0.000008451773
 0.000004567525
 0.000001817323
 0.000002537057
 0.000003284963
 0.000001505807
 0.000004595898
 0.000004385970
 0.000004065514
 0.000002561348
 0.000004842065
 0.000004490619
 0.000008299581
 0.000007224673
 0.000009760078
 0.000010418402
 0.000004618629
 0.000004099709
 0.000006803835
 0.000001970312
 0.000005552897
 0.000002624262
 0.000008719225
 0.000005218516
 0.000010625615
 0.000005328355
 0.000004499243
 0.000009525739
 0.000007704730
 0.000003104375
 0.000008812751
 0.000005454965
 0.000005888017
 0.000008039514
 0.000007411669
 0.000014813063
 0.000006568808
 0.000005690078
 0.000006654563
 0.000010960564
 0.000004541894
 0.000005983215
 0.000008396064
 0.000006088408
 0.000005041643
 0.000002456428
 0.000007237683
 0.000003182498
 0.000007871536
 0.000002654991
 0.000006499419
 0.000004511146
 0.000008725303
 0.000006058059
 0.000003935869
 0.000003697233
 0.000003781204
 0.000004417664
 0.000002397510
 0.000005823689
 0.000005767108
 0.000003070100
 0.000007465197
 0.000004779158
 0.000004459802
 0.000001362593
 0.000005343839
 0.000007130091
 0.000005888266
 0.000013690438
 0.000007578390
 0.000003787236
 0.000012103439
 0.000007959565
 0.000004609815
 0.000009842154
 0.000005602690
 0.000009344036
 0.000007011819
 0.000008402267
 0.000009373451
 0.000006802721
 0.000009280794
 0.000004985858
 0.000007818579
 0.000005308407
 0.000007086204
 0.000005862314
 0.000004241079
 0.000003646666
 0.000005036565
 0.000007122496
 0.000008037186
 0.000003608995
 0.000005762111
 0.000004736847
 0.000007361930
 0.000012288337
 0.000007488365
 0.000002588871
 0.000010757346
 0.000007381090
 0.000002955821
 0.000005574528
 0.000007204875
 0.000027567032
 0.000010939785
 0.000007640891
 0.000003278673
 0.000005550485
 0.000004861453
 0.000003932785
 0.000004954577
 0.000008545030
 0.000003801502
 0.000005201402
 0.000008956111
 0.000008775621
 0.000009618399
 0.000006927346
 0.000004612618
 0.000009573920
 0.000004955329
 0.000004259200
 0.000006750975
 0.000016501859
 0.000011385001
 0.000004132809
 0.000008846911
 0.000018238269
 0.000010346731
 0.000006277737
 0.000004198356
 0.000011552677
 0.000005111397
 0.000009037378
 0.000002568875
 0.000005692180
 0.000002294074
 0.000007522563
 0.000004542764
 0.000003990049
 0.000006421670
 0.000004165938
 0.000010849998
 0.000003606257
 0.000005182771
 0.000005927028
 0.000005152753
 0.000003396665
 0.000004362406
 0.000006735388
 0.000006826499
 0.000003144442
 0.000008320029
 0.000006909942
 0.000003066865
 0.000007919499
 0.000003456858
 0.000005795073
 0.000004643550
 0.000019541459
 0.000011088158
 0.000004897929
 0.000004923822
 0.000002836790
 0.000005481791
 0.000009081018
 0.000004742347
 0.000004465680
 0.000003237143
 0.000006881119
 0.000011498776
 0.000004509487
 0.000008586929
 0.000004513615
 0.000002963029
 0.000007033753
 0.000009734262
 0.000007101787
 0.000008369733
 0.000005775635
 0.000014829644
 0.000004399166
 0.000016267062
 0.000003154208
 0.000005070725
 0.000005387800
 0.000003324057
 0.000005311971
 0.000008437068
 0.000004613698
 0.000006245672
 0.000011178009
 0.000009772134
 0.000002902402
 0.000006856172
 0.000002464902
 0.000005833827
 0.000001158119
 0.000004864163
 0.000002485685
 0.000006135202
 0.000005391942
 0.000006808950
 0.000006093058
 0.000008492200
 0.000003657671
 0.000004076279
 0.000012532798
 0.000005712393
 0.000001281409
 0.000002817782
 0.000008541285
 0.000002405058
 0.000004780569
 0.000003031804
 0.000002443361
 0.000011355925
 0.000002861605
 0.000004425524
 0.000008471170
 0.000003585450
 0.000004322655
 0.000010825706
 0.000004882380
 0.000003842466
 0.000009163540
 0.000008005319
 0.000004226797
 0.000010341313
 0.000006629690
 0.000013210075
 0.000004226440
 0.000010291182
 0.000009250802
 0.000007752382
 0.000006047408
 0.000005889701
 0.000002838784
 0.000002164017
 0.000003987898
 0.000002792211
 0.000004912527
 0.000002497579
 0.000003742572
 0.000018605634
 0.000007370083
 0.000006622313
 0.000003127992
 0.000004495769
 0.000008635577
 0.000004475071
 0.000006200662
 0.000004335824
 0.000006215278
 0.000003933679
 0.000006899520
 0.000003512745
 0.000003804189
 0.000005884278
 0.000004354037
 0.000005307432
 0.000005218116
 0.000004175281
 0.000007179701
 0.000004427137
 0.000008760638
 0.000005022308
 0.000004555511
 0.000005094992
 0.000007732775
 0.000001763502
 0.000001943285
 0.000007174648
 0.000008122237
 0.000003172117
 0.000005661328
 0.000006260283
 0.000003099294
 0.000007688279
 0.000006180048
 0.000020407782
 0.000006697797
 0.000010393670
 0.000004825638
 0.000006878425
 0.000006924759
 0.000003474359
 0.000011980176
 0.000005164224
 0.000010429755
 0.000008424678
 0.000005765525
 0.000012240280
 0.000018967620
 0.000012502163
 0.000008691746
 0.000009247423
 0.000008290171
 0.000006067860
 0.000020502005
 0.000014536295
 0.000027770019
 0.000009749341
 0.000009813692
 0.000004944775
 0.000008859384
 0.000013613529
 0.000005853730
 0.000021584994
 0.000017156933
 0.000007884043
 0.000018393206
 0.000005915318
 0.000017848795
 0.000014863153
 0.000017937974
 0.000011179330
 0.000018446799
 0.000009793486
 0.000008521636
 0.000009512710
 0.000006928978
 0.000008241982
 0.000020761867
 0.000010904775
 0.000011143734
 0.000004015699
 0.000012212682
 0.000004788931
 0.000011101042
 0.000013039325
 0.000006456476
 0.000011400119
 0.000014552969
 0.000007467184
 0.000013406721
 0.000012433274
 0.000005376949
 0.000010048036
 0.000011158484
 0.000005042780
 0.000012251715
 0.000023303934
 0.000005639472
 0.000014096105
 0.000022220145
 0.000006788245
 0.000007662073
 0.000006806516
 0.000008001690
 0.000017860850
 0.000003954079
 0.000032305317
 0.000023967555
 0.000026009693
 0.000011396652
 0.000015697633
 0.000005304673
 0.000025529019
 0.000012083857
 0.000007010414
 0.000018730688
 0.000025437245
 0.000004754601
 0.000009754892
 0.000004920185
 0.000005706565
 0.000006085532
 0.000004851787
 0.000008819849
 0.000013982506
 0.000004911153
 0.000007458710
 0.000022158262
 0.000006850918
 0.000021776486
 0.000010591679
 0.000016239832
 0.000019136897
 0.000008162385
 0.000015866802
 0.000018611783
 0.000005977811
 0.000021597837
 0.000018409781
 0.000013997123
 0.000008693573
 0.000008663877
 0.000006619621
 0.000007907824
 0.000009791723
 0.000012675157
 0.000007843364
 0.000007756113
 0.000011848654
 0.000015229029
 0.000012906798
 0.000024212233
 0.000027684822
 0.000014303229
 0.000013049690
 0.000016158299
 0.000019345162
 0.000022274117
 0.000006512993
 0.000005484206
 0.000007904084
 0.000014886152
 0.000011637105
 0.000008368311
 0.000019233189
 0.000010466683
 0.000006036185
 0.000002333138
 0.000002737397
 0.000004559658
 0.000008271341
 0.000011542272
 0.000010179761
 0.000004412250
 0.000012386520
 0.000019345610
 0.000014861619
 0.000010366259
 0.000014799333
 0.000015856992
 0.000013174087
 0.000007835955
 0.000022759647
 0.000006947653
 0.000024778164
 0.000008064970
 0.000008753151
 0.000010864823
 0.000008835175
 0.000010438450
 0.000009042095
 0.000007708509
 0.000009502701
 0.000006699847
 0.000005265881
 0.000004187633
 0.000002708983
 0.000009597052
 0.000014002823
 0.000010322269
 0.000043123232
 0.000009991906
 0.000010426105
 0.000011457559
 0.000018031515
 0.000004605683
 0.000005868027
 0.000005818321
 0.000003911602
 0.000013489529
 0.000004946222
 0.000009528203
 0.000033927181
 0.000008926918
 0.000010018110
 0.000008876990
 0.000004162182
 0.000003558195
 0.000010926765
 0.000013730455
 0.000005509844
 0.000006134648
 0.000007933860
 0.000011274194
 0.000011331126
 0.000006134526
 0.000005627789
 0.000013471042
 0.000010199463
 0.000010595785
 0.000003132634
 0.000010920423
 0.000016767751
 0.000008627523
 0.000018080984
 0.000012808961
 0.000005099103
 0.000005466877
 0.000009860448
 0.000005255588
 0.000009645346
 0.000017524078
 0.000013760327
 0.000007210161
 0.000011373626
 0.000011369416
 0.000008327704
 0.000004536614
 0.000003113990
 0.000004389749
 0.000017957533
 0.000002358106
 0.000003189304
 0.000002482968
 0.000005390535
 0.000006756852
 0.000004830618
 0.000012142620
 0.000010235676
 0.000009904948
 0.000010088615
 0.000005089156
 0.000005374637
 0.000004617616
 0.000003683669
 0.000002896049
 0.000002230770
 0.000006295090
 0.000008157442
 0.000004005143
 0.000005315785
 0.000003912049
 0.000009114666
 0.000008251619
 0.000003113695
 0.000005280701
 0.000003462822
 0.000007185013
 0.000002836939
 0.000016181018
 0.000007126798
 0.000002832860
 0.000004764753
 0.000004356191
 0.000006134835
 0.000007227867
 0.000006807447
 0.000006686056
 0.000003665744
 0.000014288977
 0.000008624044
 0.000007904550
 0.000008296288
 0.000005075905
 0.000006037545
 0.000002455498
 0.000007866888
 0.000009482888
 0.000002704187
 0.000002878277
 0.000008905323
 0.000013382049
 0.000003238175
 0.000005881469
 0.000005051209
 0.000004100215
 0.000009024690
 0.000010122289
 0.000011361618
 0.000004770786
 0.000003224321
 0.000006121827
 0.000008089747
 0.000004618629
 0.000008493816
 0.000009212143
 0.000008073630
 0.000006420511
 0.000005679317
 0.000006355243
 0.000003067416
 0.000003199560
 0.000007277786
 0.000003507667
 0.000004454395
 0.000016502493
 0.000003180196
 0.000008346561
 0.000020031303
 0.000008435637
 0.000020633361
 0.000022805527
 0.000018462438
 0.000010284847
 0.000010268778
 0.000006173191
 0.000003045416
 0.000002251767
 0.000005353041
 0.000005064068
 0.000003138092
 0.000011632309
 0.000010890700
 0.000005290398
 0.000004147619
 0.000002877986
 0.000004277414
 0.000011066231
 0.000007578824
 0.000003456071
 0.000013932246
 0.000006888466
 0.000003343414
 0.000006968038
 0.000013995612
 0.000006017187
 0.000004124216
 0.000005404381
 0.000002585811
 0.000007836218
 0.000002259753
 0.000002401118
 0.000005526117
 0.000007997294
 0.000002201958
 0.000004923631
 0.000002001743
 0.000004652598
 0.000004465717
 0.000006572948
 0.000005433494
 0.000014837176
 0.000007575742
 0.000004634036
 0.000014270277
 0.000003688052
 0.000017240549
 0.000005477606
 0.000011865344
 0.000004554427
 0.000002578434
 0.000002800517
 0.000007143798
 0.000008788428
 0.000008688870
 0.000002585710
 0.000007935269
 0.000010696894
 0.000018841479
 0.000015296504
 0.000004336307
 0.000046508449
 0.000006415581
 0.000005835240
 0.000013161398
 0.000010939929
 0.000017184231
 0.000006252050
 0.000017190951
 0.000008278063
 0.000004970662
 0.000008496051
 0.000018484560
 0.000020022611
 0.000025351003
 0.000008822045
 0.000037597659
 0.000046935403
 0.000026816138
 0.000033659074
 0.000029055415
 0.000010145326
 0.000031716277
 0.000022620146
 0.000012866849
 0.000009956127
 0.000013132197
 0.000023343214
 0.000018225968
 0.000005359956
 0.000013995695
 0.000008340763
 0.000015524675
 0.000013880494
 0.000007619868
 0.000019964148
 0.000007757517
 0.000014150975
 0.000005375037
 0.000013462861
 0.000012145546
 0.000013542802
 0.000006848137
 0.000006890540
 0.000040070454
 0.000019001503
 0.000015494515
 0.000014803946
 0.000010216861
 0.000023881443
 0.000014744581
 0.000004731546
 0.000007861454
 0.000028437625
 0.000008762060
 0.000011167067
 0.000016008080
 0.000008556305
 0.000018068206
 0.000012308950
 0.000005646368
 0.000011053588
 0.000007184946
 0.000004538560
 0.000015063828
 0.000008452493
 0.000015821327
 0.000007601290
 0.000011103954
 0.000038030191
 0.000007172850
 0.000012720705
 0.000031838327
 0.000016596117
 0.000023817285
 0.000020045669
 0.000006207658
 0.000024509113
 0.000011304729
 0.000019577536
 0.000014778748
 0.000009691641
 0.000013224507
 0.000011162552
 0.000017629599
 0.000011464097
 0.000014888130
 0.000011329080
 0.000011435034
 0.000010066149
 0.000012459659
 0.000029628993
 0.000005901601
 0.000003953546
 0.000005599456
 0.000020329105
 0.000028352571
 0.000022465855
 0.000011087749
 0.000029059873
 0.000026109497
 0.000050516976
 0.000017334883
 0.000005854701
 0.000006774193
 0.000011198132
 0.000016234101
 0.000017814804
 0.000009925050
 0.000026964754
 0.000019880058
 0.000015510752
 0.000009385703
 0.000015341628
 0.000020834807
 0.000008711222
 0.000006938832
 0.000017147327
 0.000005213320
 0.000014722151
 0.000016341686
 0.000008547462
 0.000016189346
 0.000017911128
 0.000027128896
 0.000037766335
 0.000025642680
 0.000011177753
 0.000015742496
 0.000017680742
 0.000013288890
 0.000017353040
 0.000011222658
 0.000022907342
 0.000013952790
 0.000036355079
 0.000008513791
 0.000011473821
 0.000016037937
 0.000004415930
 0.000040239556
 0.000052193058
 0.000013579697
 0.000031118132
 0.000040273445
 0.000014776324
 0.000026361382
 0.000013687093
 0.000031017579
 0.000038860283
 0.000022377512
 0.000008466011
 0.000017199695
 0.000040439362
 0.000015636918
 0.000042152031
 0.000026105306
 0.000038519603
 0.000087377991
 0.000032507852
 0.000026668148
 0.000020188431
 0.000038531316
 0.000034668857
 0.000022375142
 0.000013714169
 0.000043851988
 0.000043530736
 0.000014504860
 0.000038840253
 0.000041142873
 0.000047372415
 0.000070386788
 0.000011145571
 0.000023248803
 0.000016560360
 0.000019477020
 0.000041035726
 0.000014564331
 0.000020440289
 0.000046826563
 0.000020693624
 0.000030112557
 0.000037004703
 0.000062498609
 0.000012732127
 0.000011524896
 0.000010560513
 0.000020281313
 0.000007019454
 0.000011943257
 0.000005101747
 0.000002873051
 0.000010033479
 0.000013605626
 0.000006535759
 0.000017698954
 0.000034820715
 0.000032363225
 0.000025749438
 0.000029196327
 0.000044541762
 0.000016264750
 0.000019908624
 0.000008048093
 0.000009253202
 0.000019152092
 0.000032206722
 0.000036066072
 0.000024371969
 0.000035519447
 0.000014097205
 0.000015448824
 0.000020259461
 0.000009222584
 0.000022504663
 0.000008049156
 0.000026484644
 0.000018642842
 0.000008660570
 0.000020242584
 0.000019294923
 0.000043328914
 0.000026030980
 0.000021663633
 0.000028621130
 0.000039840478
 0.000024232380
 0.000025538098
 0.000028426804
 0.000023611924
 0.000034096565
 0.000045463571
 0.000041917807
 0.000040434380
 0.000026530538
 0.000054246152
 0.000040819396
 0.000027387937
 0.000026278712
 0.000029319803
 0.000038594747
 0.000056508971
 0.000038117525
 0.000032612809
 0.000062533301
 0.000094056781
 0.000019226981
 0.000118062617
 0.000033629452
 0.000057109028
 0.000037110571
 0.000033099359
 0.000021477822
 0.000016468221
 0.000027152482
 0.000038492696
 0.000074788796
 0.000014511837
 0.000026743429
 0.000032697885
 0.000013696578
 0.000020299162
 0.000029165185
 0.000040393476
 0.000021790783
 0.000009589944
 0.000004886693
 0.000007820225
 0.000024795044
 0.000012268287
 0.000023117148
 0.000046410586
 0.000016773940
 0.000034875191
 0.000050173838
 0.000049899170
 0.000018208622
 0.000135713823
 0.000009515697
 0.000032773725
 0.000025460521
 0.000023874425
 0.000039130528
 0.000023696979
 0.000004490747
 0.000008322054
 0.000007886976
 0.000004835262
 0.000016868212
 0.000014503890
 0.000011547641
 0.000017618951
 0.000020259386
 0.000011867320
 0.000022850351
 0.000008062628
 0.000012041225
 0.000007461407
 0.000019918271
 0.000019222499
 0.000009177673
 0.000018619522
 0.000011313113
 0.000006497598
 0.000029275240
 0.000004822875
 0.000008098024
 0.000007707845
 0.000010797862
 0.000005956394
 0.000010053849
 0.000015439700
 0.000003976063
 0.000011082670
 0.000014964770
 0.000021937255
 0.000005195481
 0.000010639643
 0.000007118681
 0.000021420549
 0.000012477001
 0.000015220526
 0.000006699408
 0.000007449432
 0.000007633482
 0.000017399193
 0.000010245082
 0.000008858743
 0.000011406930
 0.000015160130
 0.000009815400
 0.000031647716
 0.000030698206
 0.000015000420
 0.000029613919
 0.000010721869
 0.000027520420
 0.000014112635
 0.000003010617
 0.000005731822
 0.000006854681
 0.000004190189
 0.000006679512
 0.000005030794
 0.000010158221
 0.000009281116
 0.000006826250
 0.000010623355
 0.000015571196
 0.000015001402
 0.000007430600
 0.000012656109
 0.000004611921
 0.000010388713
 0.000024455030
 0.000008958208
 0.000013766869
 0.000011707223
 0.000008876282
 0.000013837233
 0.000007983848
 0.000009344960
 0.000006649459
 0.000014870083
 0.000010824179
 0.000010896067
 0.000003448326
 0.000007812108
 0.000008076978
 0.000007481285
 0.000026620944
 0.000026699293
 0.000009320786
 0.000027643575
 0.000006070901
 0.000008246312
 0.000020040594
 0.000036247988
 0.000016171343
 0.000020015436
 0.000006807173
 0.000046487126
 0.000013818111
 0.000011750018
 0.000009029756
 0.000005274009
 0.000016069611
 0.000014452548
 0.000036984859
 0.000017057202
 0.000009518934
 0.000015725416
 0.000020107351
 0.000015948512
 0.000022037440
 0.000012384719
 0.000005307408
 0.000018108187
 0.000008542622
 0.000005416555
 0.000020124538
 0.000010629132
 0.000023701808
 0.000007514700
 0.000023172587
 0.000007794866
 0.000005792666
 0.000038181267
 0.000013019921
 0.000012166109
 0.000004910889
 0.000010263706
 0.000012552761
 0.000002381038
 0.000005010559
 0.000009276893
 0.000012271991
 0.000024662911
 0.000019544096
 0.000037321578
 0.000008458181
 0.000035659684
 0.000023582554
 0.000009274787
 0.000020447391
 0.000023340432
 0.000006376837
 0.000011420697
 0.000012602571
 0.000008960777
 0.000008106083
 0.000003631521
 0.000013731605
 0.000023097106
 0.000018124922
 0.000004993584
 0.000017468320
 0.000037311009
 0.000009732372
 0.000015675999
 0.000017793988
 0.000021814956
 0.000026502027
 0.000012864156
 0.000005119153
 0.000002639659
 0.000007714608
 0.000011381515
 0.000009389713
 0.000003120068
 0.000010907741
 0.000003690496
 0.000013737309
 0.000005762454
 0.000006072759
 0.000003625093
 0.000007297111
 0.000014320961
 0.000004647618
 0.000001990629
 0.000002153853
 0.000004904032
 0.000005691199
 0.000007646920
 0.000007384979
 0.000003347025
 0.000003389124
 0.000002548292
 0.000006041601
 0.000001904146
 0.000002226588
 0.000018391354
 0.000002097013
 0.000004226432
 0.000005375135
 0.000007006319
 0.000002800795
 0.000006026303
 0.000012716884
 0.000006426816
 0.000008294529
 0.000020505008
 0.000010634698
 0.000037299320
 0.000004365071
 0.000006656386
 0.000012280159
 0.000007191836
 0.000010619513
 0.000015598420
 0.000017039468
 0.000019685117
 0.000019923320
 0.000016049072
 0.000001989595
 0.000010319449
 0.000004023866
 0.000002928867
 0.000025168683
 0.000010723605
 0.000002494238
 0.000005609370
 0.000011822790
 0.000002946094
 0.000006386395
 0.000004324234
 0.000001171245
 0.000007068916
 0.000030928466
 0.000009904275
 0.000007196978
 0.000007220233
 0.000006807712
 0.000002190350
 0.000009220210
 0.000031300643
 0.000010864654
 0.000023581462
 0.000064386321
 0.000048875004
 0.000039662368
 0.000057805394
 0.000033699980
 0.000017660547
 0.000040914225
 0.000060957162
 0.000006567993
 0.000016153349
 0.000015657485
 0.000034645425
 0.000023698096
 0.000005685811
 0.000014912712
 0.000012267085
 0.000009807600
 0.000008689123
 0.000003051122
 0.000003349357
 0.000015715815
 0.000009409934
 0.000013519356
 0.000002005538
 0.000007050127
 0.000010126621
 0.000022486417
 0.000009630920
 0.000002280156
 0.000013206433
 0.000014122764
 0.000019891322
 0.000022794611
 0.000012475067
 0.000007336463
 0.000013580963
 0.000019780167
 0.000008544865
 0.000011922047
 0.000004942119
 0.000023890739
 0.000008942945
 0.000042766835
 0.000018131580
 0.000024886337
 0.000006294564
 0.000012284955
 0.000005265710
 0.000008601596
 0.000007141862
 0.000015030266
 0.000013028717
 0.000022615694
 0.000008485188
 0.000026424970
 0.000012512056
 0.000010385511
 0.000029796067
 0.000022841058
 0.000019234025
 0.000011626601
 0.000016783681
 0.000024530274
 0.000007416270
 0.000005620261
 0.000022496081
 0.000007357023
 0.000011191987
 0.000012434039
 0.000008388748
 0.000005849216
 0.000009016146
 0.000017359058
 0.000017671453
 0.000011438216
 0.000015566402
 0.000012511905
 0.000018903575
 0.000013432879
 0.000027062623
 0.000004425329
 0.000014806289
 0.000016397918
 0.000021252507
 0.000003179037
 0.000054245507
 0.000020882981
 0.000017815539
 0.000008978772
 0.000020745270
 0.000025788244
 0.000012548967
 0.000031226957
 0.000029526006
 0.000013118519
 0.000029717420
 0.000015790238
 0.000018916009
 0.000011144877
 0.000007697337
 0.000024850393
 0.000016145390
 0.000011857173
 0.000010391825
 0.000031665888
 0.000019195903
 0.000025905757
 0.000018090340
 0.000028561559
 0.000017211061
 0.000034305345
 0.000049851969
 0.000025578257
 0.000006855426
 0.000033074264
 0.000031655828
 0.000013188332
 0.000021886492
 0.000019340159
 0.000016861996
 0.000022798671
 0.000029486207
 0.000003900929
 0.000025662236
 0.000007493786
 0.000030109978
 0.000019392869
 0.000007150811
 0.000006963711
 0.000002843792
 0.000010357825
 0.000013804299
 0.000011996698
 0.000005241165
 0.000005461330
 0.000006784175
 0.000009173970
 0.000005153685
 0.000003076665
 0.000010804070
 0.000003117757
 0.000006772329
 0.000002705694
 0.000007229146
 0.000014795616
 0.000014867396
 0.000018846836
 0.000006593019
 0.000011516524
 0.000032732907
 0.000017587873
 0.000009972883
 0.000010424519
 0.000013955031
 0.000005652764
 0.000006927015
 0.000024995922
 0.000031400683
 0.000039029814
 0.000061076716
 0.000055378657
 0.000011185873
 0.000028468971
 0.000002293166
 0.000005363461
 0.000013840141
 0.000011443320
 0.000019366513
 0.000004571160
 0.000025788932
 0.000021011537
 0.000009359297
 0.000008550076
 0.000016757757
 0.000014012788
 0.000016689622
 0.000030463849
 0.000013398035
 0.000008080773
 0.000010735770
 0.000003560556
 0.000013594862
 0.000011728773
 0.000007613986
 0.000012561190
 0.000005888131
 0.000007699693
 0.000006319951
 0.000008212205
 0.000004184336
 0.000009416831
 0.000005599437
 0.000006250708
 0.000005712045
 0.000010058638
 0.000004298016
 0.000004992484
 0.000002704127
 0.000006661807
 0.000008423306
 0.000007701122
 0.000004414030
 0.000001893198
 0.000006676637
 0.000008353351
 0.000006462833
 0.000008550874
 0.000003683796
 0.000002469578
 0.000009275692
 0.000013974274
 0.000008059750
 0.000015059899
 0.000019601306
 0.000015794856
 0.000005811693
 0.000004681507
 0.000009327545
 0.000004855568
 0.000008254291
 0.000003706183
 0.000013508169
 0.000008650794
 0.000008741497
 0.000004898056
 0.000007412224
 0.000009382754
 0.000007970203
 0.000004013330
 0.000004277914
 0.000009476224
 0.000005847934
 0.000009451581
 0.000008968853
 0.000005136584
 0.000003454052
 0.000007126262
 0.000004390501
 0.000006747392
 0.000009519468
 0.000010383613
 0.000007736400
 0.000009090428
 0.000006450985
 0.000004667735
 0.000008465180
 0.000004387310
 0.000004192645
 0.000015077466
 0.000009055783
 0.000005407393
 0.000012194173
 0.000004158979
 0.000005824604
 0.000022079707
 0.000012117622
 0.000006317486
 0.000005502131
 0.000014363387
 0.000006373838
 0.000002223962
 0.000005164928
 0.000006078656
 0.000007082188
 0.000004190526
 0.000007330723
 0.000005327108
 0.000004863229
 0.000005516061
 0.000005010148
 0.000005217633
 0.000005876284
 0.000005975640
 0.000010503600
 0.000009255665
 0.000004380931
 0.000006164706
 0.000011910679
 0.000005620075
 0.000014547009
 0.000009878231
 0.000008922683
 0.000007966494
 0.000011375465
 0.000014789517
 0.000013239541
 0.000010653444
 0.000017308825
 0.000014323145
 0.000018045931
 0.000007991173
 0.000004953149
 0.000019690419
 0.000007895868
 0.000005852990
 0.000007365816
 0.000005673887
 0.000003219253
 0.000006251300
 0.000006331511
 0.000012927526
 0.000005173505
 0.000007337382
 0.000007715895
 0.000011659432
 0.000007592554
 0.000009953634
 0.000004332456
 0.000004396352
 0.000003447661
 0.000007505097
 0.000007610435
 0.000003420967
 0.000009104990
 0.000013503846
 0.000006494879
 0.000005568741
 0.000001683034
 0.000005136691
 0.000003981104
 0.000009567237
 0.000011299201
 0.000010028417
 0.000006969838
 0.000006281772
 0.000006168692
 0.000005074229
 0.000003600928
 0.000004410630
 0.000013817604
 0.000012124198
 0.000009569847
 0.000010476127
 0.000007226855
 0.000002942188
 0.000005394779
 0.000004220381
 0.000002484216
 0.000011346611
 0.000008202674
 0.000004159883
 0.000013037014
 0.000007188105
 0.000006352476
 0.000003424228
 0.000006733480
 0.000011664603
 0.000005074789
 0.000007923822
 0.000002452447
 0.000003329440
 0.000002177255
 0.000005135125
 0.000002803540
 0.000006881031
 0.000006311888
 0.000005202676
 0.000006923996
 0.000005239514
 0.000021134068
 0.000009734162
 0.000008070691
 0.000006602029
 0.000007282758
 0.000003891656
 0.000007378977
 0.000003006016
 0.000013438073
 0.000008319139
 0.000006731495
 0.000003301113
 0.000008266143
 0.000006298865
 0.000004079951
 0.000001664365
 0.000007910172
 0.000009076715
 0.000003127878
 0.000005871172
 0.000004980742
 0.000003258578
 0.000005088242
 0.000009369003
 0.000005615627
 0.000009191563
 0.000013880371
 0.000006611008
 0.000006908279
 0.000007634392
 0.000003080590
 0.000008026279
 0.000006729167
 0.000007192428
 0.000003525449
 0.000004019132
 0.000005690751
 0.000007565527
 0.000004911852
 0.000013367331
 0.000003028735
 0.000008850835
 0.000008474637
 0.000010450823
 0.000008042584
 0.000007967099
 0.000006558636
 0.000010778185
 0.000005875740
 0.000012445864
 0.000008461645
 0.000030778823
 0.000010415344
 0.000010978701
 0.000006764634
 0.000010044718
 0.000006577046
 0.000005081824
 0.000006216010
 0.000007812892
 0.000007998533
 0.000003203110
 0.000010495648
 0.000008088834
 0.000007735023
 0.000005137076
 0.000006612133
 0.000007878857
 0.000015683409
 0.000006880994
 0.000007934776
 0.000015391828
 0.000008234631
 0.000012764340
 0.000009057016
 0.000015730431
 0.000006003799
 0.000006205879
 0.000008397208
 0.000007808784
 0.000008107425
 0.000007393884
 0.000004892402
 0.000004181915
 0.000005114954
 0.000003892224
 0.000009456632
 0.000006792766
 0.000011498531
 0.000019787639
 0.000007747042
 0.000007062178
 0.000009250201
 0.000005424805
 0.000011602665
 0.000023538739
 0.000012985028
 0.000008871810
 0.000005522548
 0.000004067503
 0.000003089418
 0.000008232337
 0.000005756928
 0.000005212715
 0.000006834901
 0.000014801141
 0.000007710249
 0.000003252080
 0.000004174181
 0.000005098019
 0.000004072185
 0.000004644778
 0.000002818378
 0.000004995390
 0.000010664532
 0.000008290052
 0.000005024567
 0.000003435104
 0.000009541140
 0.000007405939
 0.000007724090
 0.000006241489
 0.000003084006
 0.000008385388
 0.000005089612
 0.000004417130
 0.000004014082
 0.000011230231
 0.000007029171
 0.000002399479
 0.000003788420
 0.000003247928
 0.000005667464
 0.000009345391
 0.000005938226
 0.000009562651
 0.000016774061
 0.000016737484
 0.000008981593
 0.000018568403
 0.000007962978
 0.000014099759
 0.000006769908
 0.000006679194
 0.000008522143
 0.000009523206
 0.000010360090
 0.000008187378
 0.000009886518
 0.000022572540
 0.000010539962
 0.000008961329
 0.000009875904
 0.000016967038
 0.000007351900
 0.000008938592
 0.000018174041
 0.000004655986
 0.000005985143
 0.000004258091
 0.000002706249
 0.000003732157
 0.000002690400
 0.000004845168
 0.000002580576
 0.000003273045
 0.000002666464
 0.000002864079
 0.000003492504
 0.000006416136
 0.000005651711
 0.000002676886
 0.000002125798
 0.000002455991
 0.000001495188
 0.000001706759
 0.000003276500
 0.000003134864
 0.000006194506
 0.000004133852
 0.000001924195
 0.000005675640
 0.000006780100
 0.000001664768
 0.000002718089
 0.000002795382
 0.000002862808
 0.000002754485
 0.000002257533
 0.000003046699
 0.000002079813
 0.000002577254
 0.000001598314
 0.000006719858
 0.000001953724
 0.000002442170
 0.000004084873
 0.000002328962
 0.000004616284
 0.000007727025
 0.000002259636
 0.000003951008
 0.000001488057
 0.000015189394
 0.000003155049
 0.000002233239
 0.000003769503
 0.000002298937
 0.000003634211
 0.000006675333
 0.000007981518
 0.000002553531
 0.000004698731
 0.000008679933
 0.000003978061
 0.000003423452
 0.000003727100
 0.000009422163
 0.000004094604
 0.000005424837
 0.000003457420
 0.000002069528
 0.000001248058
 0.000002103497
 0.000004825398
 0.000001091890
 0.000004169793
 0.000001327546
 0.000002116015
 0.000006806766
 0.000007395424
 0.000002654718
 0.000001663687
 0.000002041952
 0.000006154670
 0.000005506777
 0.000003745990
 0.000002977675
 0.000002680672
 0.000001783974
 0.000004687663
 0.000002711874
 0.000002540500
 0.000002284037
 0.000002656445
 0.000002704591
 0.000003115892
 0.000004834205
 0.000004312978
 0.000007026268
 0.000005562111
 0.000004790965
 0.000004105177
 0.000003509409
 0.000002874887
 0.000002891151
 0.000005181348
 0.000010465880
 0.000003923339
 0.000003267556
 0.000004173759
 0.000004249035
 0.000006638815
 0.000004985105
 0.000003516286
 0.000003392296
 0.000004043950
 0.000005382883
 0.000003822806
 0.000004392984
 0.000007259280
 0.000005060859
 0.000005705738
 0.000009557380
 0.000008867988
 0.000004148216
 0.000006254587
 0.000002881764
 0.000005588878
 0.000002825439
 0.000001292150
 0.000001907820
 0.000004074503
 0.000002398543
 0.000003528613
 0.000004719045
 0.000010313361
 0.000008016659
 0.000001755005
 0.000003358737
 0.000003142327
 0.000003059234
 0.000003757199
 0.000001450061
 0.000002227378
 0.000006634558
 0.000002356520
 0.000004075980
 0.000003553659
 0.000001673440
 0.000005169979
 0.000004389313
 0.000004468892
 0.000002519544
 0.000004010527
 0.000001781287
 0.000002930880
 0.000001305508
 0.000007086822
 0.000003001092
 0.000003290201
 0.000005632567
 0.000014372161
 0.000004648730
 0.000003020188
 0.000004586055
 0.000004663247
 0.000002499394
 0.000006076694
 0.000002407773
 0.000002755487
 0.000004339599
 0.000002759789
 0.000003885862
 0.000003782030
 0.000001424086
 0.000002656193
 0.000000905560
 0.000003186124
 0.000003821551
 0.000007152268
 0.000008928277
 0.000002418922
 0.000010852882
 0.000002535680
 0.000004332199
 0.000003143839
 0.000001456379
 0.000002824283
 0.000002062296
 0.000005938652
 0.000006375172
 0.000004747188
 0.000002698174
 0.000009573263
 0.000005577779
 0.000006934664
 0.000009439348
 0.000004609096
 0.000011693671
 0.000006582787
 0.000010999365
 0.000004308142
 0.000003564420
 0.000005126095
 0.000007427244
 0.000014051931
 0.000009673293
 0.000003945788
 0.000002647216
 0.000006852416
 0.000007476858
 0.000006361450
 0.000005474682
 0.000003977193
 0.000008603763
 0.000011245082
 0.000004058881
 0.000004774531
 0.000004036673
 0.000003970526
 0.000002512936
 0.000002379013
 0.000001073709
 0.000001498528
 0.000002138366
 0.000003305983
 0.000009401393
 0.000001413857
 0.000001978426
 0.000001602070
 0.000001893508
 0.000011832648
 0.000004661615
 0.000026015126
 0.000004363947
 0.000010222387
 0.000009043777
 0.000005620381
 0.000005787705
 0.000005040661
 0.000026408345
 0.000010111307
 0.000007022584
 0.000011549703
 0.000010940579
 0.000011536973
 0.000017705066
 0.000024560579
 0.000018352248
 0.000010981822
 0.000018254262
 0.000021068628
 0.000012122322
 0.000007848586
 0.000010972361
 0.000003110820
 0.000003206739
 0.000023982634
 0.000006494186
 0.000005265516
 0.000005797359
 0.000005752539
 0.000004855882
 0.000001995988
 0.000004002560
 0.000004914291
 0.000006661492
 0.000014116131
 0.000005741558
 0.000005254637
 0.000003205653
 0.000001089746
 0.000005224188
 0.000008673172
 0.000006919065
 0.000008182022
 0.000002149598
 0.000006983228
 0.000002779517
 0.000004688274
 0.000009310854
 0.000004335144
 0.000008240247
 0.000004835092
 0.000003717511
 0.000012829477
 0.000025029219
 0.000011388415
 0.000006058350
 0.000005976639
 0.000009229602
 0.000007406318
 0.000003024530
 0.000003437964
 0.000011010745
 0.000003873939
 0.000010116392
 0.000001902944
 0.000016342902
 0.000004858539
 0.000002034291
 0.000003141421
 0.000003840964
 0.000003322340
 0.000004855756
 0.000008218013
 0.000007441347
 0.000007621846
 0.000004978273
 0.000004080983
 0.000004729648
 0.000003808106
 0.000001890688
 0.000001156773
 0.000002315338
 0.000002651465
 0.000004966891
 0.000002418388
 0.000001713581
 0.000004423075
 0.000001320565
 0.000001453631
 0.000003697549
 0.000004921398
 0.000004848445
 0.000001417212
 0.000009532715
 0.000006090631
 0.000006701271
 0.000001983925
 0.000003516356
 0.000005030205
 0.000007250688
 0.000003721063
 0.000002613581
 0.000001022539
 0.000003182485
 0.000003771498
 0.000003090488
 0.000002964193
 0.000004412409
 0.000003289361
 0.000002098170
 0.000005925206
 0.000006247726
 0.000012801755
 0.000009261975
 0.000010017964
 0.000005229978
 0.000002722299
 0.000009881370
 0.000010020360
 0.000008839996
 0.000006241875
 0.000005771261
 0.000006391358
 0.000006070471
 0.000005457085
 0.000006288908
 0.000004991160
 0.000002193806
 0.000001650531
 0.000001596387
 0.000001318630
 0.000001757903
 0.000002767662
 0.000004929218
 0.000003796575
 0.000005771114
 0.000011152940
 0.000006479635
 0.000007673671
 0.000005900687
 0.000004502124
 0.000007708331
 0.000009087152
 0.000005484473
 0.000003285802
 0.000004719667
 0.000007092901
 0.000007098983
 0.000005526486
 0.000003358350
 0.000005644663
 0.000010582392
 0.000010357546
 0.000009758498
 0.000003124045
 0.000007967087
 0.000005162082
 0.000006258090
 0.000003954817
 0.000003191930
 0.000005843346
 0.000005299321
 0.000007368633
 0.000005505380
 0.000004006996
 0.000005540463
 0.000004791317
 0.000006662850
 0.000005618235
 0.000003001065
 0.000004693287
 0.000004292668
 0.000003804293
 0.000002352268
 0.000005308867
 0.000007485665
 0.000013577501
 0.000004363588
 0.000002953708
 0.000005280335
 0.000001059927
 0.000002716928
 0.000000787422
 0.000002748444
 0.000002021901
 0.000003833223
 0.000005757609
 0.000002850902
 0.000006335438
 0.000006280697
 0.000002543221
 0.000004162028
 0.000003121722
 0.000001940732
 0.000001386032
 0.000002840829
 0.000003466551
 0.000003437394
 0.000006330830
 0.000006689496
 0.000001826904
 0.000010279472
 0.000002889355
 0.000003923104
 0.000004166460
 0.000003309787
 0.000002877323
 0.000004063736
 0.000004530168
 0.000004881654
 0.000003916928
 0.000002924113
 0.000004268041
 0.000006065908
 0.000008033268
 0.000005728276
 0.000002453318
 0.000004759010
 0.000003624403
 0.000003947415
 0.000003431038
 0.000003675806
 0.000005800690
 0.000006777468
 0.000003482042
 0.000003359403
 0.000004453750
 0.000002068498
 0.000006399353
 0.000002534325
 0.000002528946
 0.000003826386
 0.000008192023
 0.000002260735
 0.000006867124
 0.000003269517
 0.000006172450
 0.000010174702
 0.000007682195
 0.000007098268
 0.000007967969
 0.000003437750
 0.000003185069
 0.000005248523
 0.000004872973
 0.000006461904
 0.000003694229
 0.000005991711
 0.000001176032
 0.000004713893
 0.000004090843
 0.000011329765
 0.000005970369
 0.000008076547
 0.000008124673
 0.000004184864
 0.000002312578
 0.000005276067
 0.000005536911
 0.000008921109
 0.000004846422
 0.000003415653
 0.000008029231
 0.000004255691
 0.000025462353
 0.000004774951
 0.000005593194
 0.000011260047
 0.000006544997
 0.000006116968
 0.000008147536
 0.000007520573
 0.000004796532
 0.000003248575
 0.000005977397
 0.000013551112
 0.000004830447
 0.000005291353
 0.000006969699
 0.000003430348
 0.000007421724
 0.000006682561
 0.000005152794
 0.000005340471
 0.000006299565
 0.000013604185
 0.000006791005
 0.000010370022
 0.000004768850
 0.000005312592
 0.000011510693
 0.000006162597
 0.000007127754
 0.000004829663
 0.000004115066
 0.000004222684
 0.000005205098
 0.000007166844
 0.000004147206
 0.000005095685
 0.000008967940
 0.000010289256
 0.000007595587
 0.000008504880
 0.000001899113
 0.000005854345
 0.000006073958
 0.000005013011
 0.000002055630
 0.000010534167
 0.000011268520
 0.000005786194
 0.000007530207
 0.000024694322
 0.000009553651
 0.000005345793
 0.000006540823
 0.000006703725
 0.000011935724
 0.000014934217
 0.000012927935
 0.000001617308
 0.000004894119
 0.000003265601
 0.000006431279
 0.000008814548
 0.000002577604
 0.000005043362
 0.000032261882
 0.000024020710
 0.000004421540
 0.000003399673
 0.000005339027
 0.000007047942
 0.000003870106
 0.000004854790
 0.000003393114
 0.000013319411
 0.000005692619
 0.000005482968
 0.000002745764
 0.000007298728
 0.000007791493
 0.000005145566
 0.000004945845
 0.000002406173
 0.000003181475
 0.000003914153
 0.000013782726
 0.000005497506
 0.000002008282
 0.000002295260
 0.000003377243
 0.000004559704
 0.000003864025
 0.000007622406
 0.000025954690
 0.000007727522
 0.000006010397
 0.000005309173
 0.000007394665
 0.000004314417
 0.000004226859
 0.000011137675
 0.000008473931
 0.000002722640
 0.000008355087
 0.000006657908
 0.000018834292
 0.000007000147
 0.000008965308
 0.000007378742
 0.000007396965
 0.000001883157
 0.000003046917
 0.000005508429
 0.000007542479
 0.000004371105
 0.000008807872
 0.000011094749
 0.000009412228
 0.000004165903
 0.000009360671
 0.000008428032
 0.000003726344
 0.000007333961
 0.000011001951
 0.000003765350
 0.000003281667
 0.000013440887
 0.000011251886
 0.000010492109
 0.000011938527
 0.000009599964
 0.000001990759
 0.000004023611
 0.000002650301
 0.000005372851
 0.000009381697
 0.000009292499
 0.000007097797
 0.000017836047
 0.000034780266
 0.000005409420
 0.000005745158
 0.000004689060
 0.000006235091
 0.000007750145
 0.000015016574
 0.000005879432
 0.000009039937
 0.000006572668
 0.000018353288
 0.000008613069
 0.000007571683
 0.000009593874
 0.000003709878
 0.000007158065
 0.000012150538
 0.000006221749
 0.000005907314
 0.000009379723
 0.000005435315
 0.000005185976
 0.000003670857
 0.000006497425
 0.000006755154
 0.000006871902
 0.000004927522
 0.000020775636
 0.000006189501
 0.000008038984
 0.000014342134
 0.000009474113
 0.000010116096
 0.000010737435
 0.000004962559
 0.000007341122
 0.000006658210
 0.000006090285
 0.000009931917
 0.000003435197
 0.000006335665
 0.000003025933
 0.000002479682
 0.000002479812
 0.000004897452
 0.000008531434
 0.000003254513
 0.000003904705
 0.000006874938
 0.000003910570
 0.000005915850
 0.000006250387
 0.000010113110
 0.000007709995
 0.000008684996
 0.000008981703
 0.000007835837
 0.000005751004
 0.000006022059
 0.000016095621
 0.000006314752
 0.000006438843
 0.000006952928
 0.000010192099
 0.000003518074
 0.000005310494
 0.000004537827
 0.000010880182
 0.000003639095
 0.000011476663
 0.000007037108
 0.000005166142
 0.000005011814
 0.000015792285
 0.000006586308
 0.000001726405
 0.000005931297
 0.000004091339
 0.000004604002
 0.000006658411
 0.000004454982
 0.000007268937
 0.000007354037
 0.000006423803
 0.000006217168
 0.000007671749
 0.000002710453
 0.000010367293
 0.000003684021
 0.000005590112
 0.000005359174
 0.000003451363
 0.000004167370
 0.000004426030
 0.000006936271
 0.000007364166
 0.000014187055
 0.000007723239
 0.000007574621
 0.000003685534
 0.000004090073
 0.000008312370
 0.000006133437
 0.000003829489
 0.000006250692
 0.000002359495
 0.000003456206
 0.000006815214
 0.000004266610
 0.000006734711
 0.000007024436
 0.000005671259
 0.000004018981
 0.000003427884
 0.000010053059
 0.000002302663
 0.000005471510
 0.000005549648
 0.000008547233
 0.000011148203
 0.000005792856
 0.000004355893
 0.000004942778
 0.000004342920
 0.000002669817
 0.000003037387
 0.000004066081
 0.000003796577
 0.000006420804
 0.000005382048
 0.000013595703
 0.000004950047
 0.000007966381
 0.000007710378
 0.000003865422
 0.000011418445
 0.000006641986
 0.000004797704
 0.000012239031
 0.000003927050
 0.000005579939
 0.000003926487
 0.000003153410
 0.000003996971
 0.000003209519
 0.000008930685
 0.000006001957
 0.000001456944
 0.000002948476
 0.000002573004
 0.000005947098
 0.000004130100
 0.000004545654
 0.000003998026
 0.000004334141
 0.000007322164
 0.000007432696
 0.000007677083
 0.000005549105
 0.000004135079
 0.000006439011
 0.000014687282
 0.000003580734
 0.000006138207
 0.000006892644
 0.000004162628
 0.000004596040
 0.000006455976
 0.000005674222
 0.000007080501
 0.000009743552
 0.000005623383
 0.000004194437
 0.000005819671
 0.000009198596
 0.000006189074
 0.000002312591
 0.000003081444
 0.000005157530
 0.000005970006
 0.000006087719
 0.000012792296
 0.000003966796
 0.000004793609
 0.000006836751
 0.000011515762
 0.000009027363
 0.000006571249
 0.000005930631
 0.000005146207
 0.000004528146
 0.000006131204
 0.000004667744
 0.000005059688
 0.000005460766
 0.000008217047
 0.000002785297
 0.000006295142
 0.000007590006
 0.000006281638
 0.000008061145
 0.000012471866
 0.000010167422
 0.000005668412
 0.000001836259
 0.000007528334
 0.000005722802
 0.000005142766
 0.000004499861
 0.000004390417
 0.000003676710
 0.000003006809
 0.000005032169
 0.000005937841
 0.000002315355
 0.000005357984
 0.000011889748
 0.000007401826
 0.000013150322
 0.000006136640
 0.000005281539
 0.000011740941
 0.000005766587
 0.000002486931
 0.000003318714
 0.000002061946
 0.000002948856
 0.000005092029
 0.000008597636
 0.000004874955
 0.000003982173
 0.000003698677
 0.000003726167
 0.000007108784
 0.000004325055
 0.000002744516
 0.000006333358
 0.000004774477
 0.000006785104
 0.000001831907
 0.000006287095
 0.000003518489
 0.000002633947
 0.000006647204
 0.000006095687
 0.000011278858
 0.000007344928
 0.000013860845
 0.000012134463
 0.000002639278
 0.000004759378
 0.000007599760
 0.000004717225
 0.000010439999
 0.000003033107
 0.000001541235
 0.000007352395
 0.000004904041
 0.000005145305
 0.000007099440
 0.000004847998
 0.000008855410
 0.000005437646
 0.000002283947
 0.000005715206
 0.000005117620
 0.000007196990
 0.000006615095
 0.000008628017
 0.000005041385
 0.000005673449
 0.000005682665
 0.000003654667
 0.000004428226
 0.000006890092
 0.000004612065
 0.000009829722
 0.000010440007
 0.000003978901
 0.000008960096
 0.000004225835
 0.000003832523
 0.000002898189
 0.000007438837
 0.000004580288
 0.000004322996
 0.000008991612
 0.000006525452
 0.000008795196
 0.000008804205
 0.000007296848
 0.000005017674
 0.000008386324
 0.000014113914
 0.000005609412
 0.000004220239
 0.000007115144
 0.000008924312
 0.000005259022
 0.000007492976
 0.000006377258
 0.000007009752
 0.000015589615
 0.000014902795
 0.000015504740
 0.000004494352
 0.000009198753
 0.000005079075
 0.000007187926
 0.000005803469
 0.000006720530
 0.000006023194
 0.000013747414
 0.000003786585
 0.000009473384
 0.000018643347
 0.000007766303
 0.000010102310
 0.000015885598
 0.000009204392
 0.000018269397
 0.000009016569
 0.000002740313
 0.000013543784
 0.000003532794
 0.000011882704
 0.000003189652
 0.000005137015
 0.000007750279
 0.000004081042
 0.000004059680
 0.000005323208
 0.000013261652
 0.000006975811
 0.000003188184
 0.000009777388
 0.000010659915
 0.000007718056
 0.000007964764
 0.000018731962
 0.000009041348
 0.000006528678
 0.000003429541
 0.000006993174
 0.000002849254
 0.000005619137
 0.000014381147
 0.000006084653
 0.000005226233
 0.000013902455
 0.000005268842
 0.000006247273
 0.000003184188
 0.000003738903
 0.000004507913
 0.000004792342
 0.000004083606
 0.000003422737
 0.000002426990
 0.000012969704
 0.000007458793
 0.000011743621
 0.000010059993
 0.000015936126
 0.000005337232
 0.000006671742
 0.000006467257
 0.000006423330
 0.000007834215
 0.000008714595
 0.000021124202
 0.000007425028
 0.000008757120
 0.000008197512
 0.000016421324
 0.000006991490
 0.000005731029
 0.000006648933
 0.000005309158
 0.000004996906
 0.000005717495
 0.000002891619
 0.000001873056
 0.000007420553
 0.000007183693
 0.000004983121
 0.000004572718
 0.000012457365
 0.000006161526
 0.000003030649
 0.000003447460
 0.000002768896
 0.000003201931
 0.000006033864
 0.000001390206
 0.000002314133
 0.000010177020
 0.000012932291
 0.000004437365
 0.000008898498
 0.000011180771
 0.000011581927
 0.000011517874
 0.000006128718
 0.000004267151
 0.000003976122
 0.000007256605
 0.000007143568
 0.000006174087
 0.000004396911
 0.000016217245
 0.000008331268
 0.000010381961
 0.000021166803
 0.000006267217
 0.000014201660
 0.000011784699
 0.000011545215
 0.000005299174
 0.000016321966
 0.000041772279
 0.000005777974
 0.000004930161
 0.000004620500
 0.000009188486
 0.000005263606
 0.000011948065
 0.000014642252
 0.000010563489
 0.000011790751
 0.000007383988
 0.000012238198
 0.000006073848
 0.000005253224
 0.000004127581
 0.000003188957
 0.000010065604
 0.000007306857
 0.000012587621
 0.000005046264
 0.000008141991
 0.000004316133
 0.000009594561
 0.000013221269
 0.000006298500
 0.000003061887
 0.000026556624
 0.000019464121
 0.000005993679
 0.000004256987
 0.000005206258
 0.000002505509
 0.000003851841
 0.000009388794
 0.000004577587
 0.000002754059
 0.000005774594
 0.000004916052
 0.000004658956
 0.000010369017
 0.000009885585
 0.000008316131
 0.000005487078
 0.000003814959
 0.000002640846
 0.000007481007
 0.000007805931
 0.000004754207
 0.000008020217
 0.000003854785
 0.000015718633
 0.000004535364
 0.000005166917
 0.000002453595
 0.000003818421
 0.000007753609
 0.000012531456
 0.000007245406
 0.000008315333
 0.000005223889
 0.000005420914
 0.000003812111
 0.000010084331
 0.000011515279
 0.000006713543
 0.000006274182
 0.000011611798
 0.000006100095
 0.000003645779
 0.000012489779
 0.000005233768
 0.000004737275
 0.000002395320
 0.000007533020
 0.000005131170
 0.000003282076
 0.000006287920
 0.000007535870
 0.000007713370
 0.000010634973
 0.000009684934
 0.000009099956
 0.000007025576
 0.000003836427
 0.000003784006
 0.000002559255
 0.000003433853
 0.000005312395
 0.000006269854
 0.000005055641
 0.000001837690
 0.000017632841
 0.000004146470
 0.000019552321
 0.000004137098
 0.000006729604
 0.000008341533
 0.000008415009
 0.000005514462
 0.000004586918
 0.000002895439
 0.000001813346
 0.000002815870
 0.000005332302
 0.000002815104
 0.000011623950
 0.000003425676
 0.000005109448
 0.000004851184
 0.000005417126
 0.000002064386
 0.000007736603
 0.000006824213
 0.000004937470
 0.000008847363
 0.000007194494
 0.000002374069
 0.000003777972
 0.000003829612
 0.000003714517
 0.000003225312
 0.000005142761
 0.000008182899
 0.000005238747
 0.000015135983
 0.000008781052
 0.000012281136
 0.000006144053
 0.000011586217
 0.000005926898
 0.000003751259
 0.000008279194
 0.000001419872
 0.000009415084
 0.000010560303
 0.000006575432
 0.000009110105
 0.000005667827
 0.000002757997
 0.000006984120
 0.000004358040
 0.000011010923
 0.000004799315
 0.000004142521
 0.000003427590
 0.000009031002
 0.000005258958
 0.000003950406
 0.000005033070
 0.000006644772
 0.000007239330
 0.000002614930
 0.000003988831
 0.000004423740
 0.000005724578
 0.000005958863
 0.000003664255
 0.000003125363
 0.000004420536
 0.000003129585
 0.000002197601
 0.000003772260
 0.000005526845
 0.000001743148
 0.000013753016
 0.000003018475
 0.000004994149
 0.000004368468
 0.000001510353
 0.000002005882
 0.000005384243
 0.000009831010
 0.000003263141
 0.000004827115
 0.000002124953
 0.000003199518
 0.000002338536
 0.000005490620
 0.000003927058
 0.000002098243
 0.000005303857
 0.000001378856
 0.000003734530
 0.000003518900
 0.000002338502
 0.000003473090
 0.000003995253
 0.000003793137
 0.000002230465
 0.000002627879
 0.000007139322
 0.000008621542
 0.000008666738
 0.000008627497
 0.000007239300
 0.000004961573
 0.000003870476
 0.000007490368
 0.000010804745
 0.000009247982
 0.000007450374
 0.000003842109
 0.000005459129
 0.000003833217
 0.000002296433
 0.000005183762
 0.000004834465
 0.000001306728
 0.000004920443
 0.000003006732
 0.000003559518
 0.000001858169
 0.000005822681
 0.000007040070
 0.000005314467
 0.000004290740
 0.000002922242
 0.000004263051
 0.000006120372
 0.000011369809
 0.000009967931
 0.000006783043
 0.000005854813
 0.000005493575
 0.000008952402
 0.000006539250
 0.000003221248
 0.000004961560
 0.000005101896
 0.000010178264
 0.000008708771
 0.000015207436
 0.000006555960
 0.000003694968
 0.000006669427
 0.000006191913
 0.000002608656
 0.000004610391
 0.000009892075
 0.000021954296
 0.000005267698
 0.000003828533
 0.000006095676
 0.000005354954
 0.000004976787
 0.000003227418
 0.000003527086
 0.000005954708
 0.000005618430
 0.000003544437
 0.000001679143
 0.000008145639
 0.000004505044
 0.000020074116
 0.000002908903
 0.000002278427
 0.000003270189
 0.000002531921
 0.000004517918
 0.000004008894
 0.000004537157
 0.000003238454
 0.000005811516
 0.000017193304
 0.000007673099
 0.000004280936
 0.000006927220
 0.000005076048
 0.000013727245
 0.000004327062
 0.000002934165
 0.000009461208
 0.000004756666
 0.000008666610
 0.000002859488
 0.000004037862
 0.000004938351
 0.000008898847
 0.000009317661
 0.000008916876
 0.000003712159
 0.000004311749
 0.000012845278
 0.000004834663
 0.000007276101
 0.000002682574
 0.000009269817
 0.000004663244
 0.000003552320
 0.000006285342
 0.000006023340
 0.000006467165
 0.000008236716
 0.000005029902
 0.000002034587
 0.000004720817
 0.000002623841
 0.000005573846
