 0.000244722334
 0.000291828289
 0.000207897087
 0.001332138739
 0.000926740969
 0.001908031263
 0.001006178916
 0.004235673533
 0.001110937455
 0.000354491193
 0.000734288446
 0.000416064219
 0.000372646305
 0.001140153938
 0.000608969769
 0.001230085000
 0.001149370092
 0.001407692496
 0.001212646588
 0.000768099305
 0.000754712407
 0.001219153704
 0.000434341773
 0.000577209414
 0.000349120171
 0.000579733757
 0.000313415224
 0.000305402347
 0.000413466477
 0.000441961121
 0.000358803297
 0.000323883478
 0.000260648170
 0.000347442958
 0.000265784660
 0.000150410582
 0.000160594024
 0.000313554094
 0.000388516375
 0.000563762075
 0.000548638434
 0.001656934318
 0.000629677732
 0.002406320055
 0.001564652762
 0.000379607189
 0.000857193454
 0.001419550298
 0.000755047381
 0.001239788099
 0.001571265975
 0.001796743712
 0.000680595327
 0.003052615785
 0.001644659225
 0.001520886514
 0.002996424297
 0.005905931526
 0.002335101542
 0.002249145440
 0.002943335118
 0.001369032304
 0.001535472301
 0.002195232696
 0.001742082205
 0.000597392269
 0.000368804221
 0.000826207382
 0.000519842066
 0.001369764506
 0.000809820209
 0.001231380741
 0.000446322744
 0.000398358852
 0.000520581523
 0.000497407812
 0.000401060813
 0.000925443491
 0.000225288107
 0.000184608062
 0.000492027192
 0.000304080776
 0.000205620181
 0.000302553525
 0.000246949974
 0.000588324652
 0.000344853514
 0.000150310401
 0.000075127033
 0.000672049797
 0.000386316818
 0.000256363697
 0.000463432745
 0.000170670875
 0.000361221906
 0.000415015629
 0.000206855978
 0.000603180700
 0.000145565797
 0.000093726035
 0.000039230711
 0.000119008713
 0.000126283789
 0.000106236622
 0.000169681379
 0.000117340298
 0.000051256099
 0.000052947067
 0.000098181106
 0.000194063555
 0.000081732516
 0.000121993518
 0.000110294151
 0.000127560917
 0.000088421952
 0.000089728280
 0.000040442493
 0.000055190064
 0.000114616658
 0.000067484222
 0.000172730340
 0.000221496489
 0.000257954332
 0.000203394772
 0.000109942568
 0.000108454698
 0.000087533763
 0.000266250212
 0.000116253099
 0.000249544285
 0.000203541660
 0.000156459525
 0.000097177009
 0.000139298568
 0.000047658753
 0.000132759530
 0.000130515340
 0.000105733731
 0.000107698010
 0.000068071303
 0.000129226710
 0.000062835650
 0.000063350197
 0.000110589356
 0.000136574660
 0.000223070570
 0.000241061076
 0.000263442379
 0.000255101148
 0.000161891420
 0.000194051792
 0.000150895054
 0.000058701811
 0.000128762147
 0.000346602666
 0.000118988824
 0.000072128693
 0.000239970496
 0.000113342841
 0.000080931309
 0.000207278715
 0.000205776347
 0.000165085322
 0.000150631327
 0.000194104375
 0.000170512425
 0.000516255685
 0.000139588464
 0.000070160155
 0.000079239241
 0.000096813820
 0.000109925698
 0.000063718154
 0.000095119443
 0.000069928007
 0.000101006938
 0.000110469753
 0.000089572758
 0.000049286310
 0.000070100868
 0.000067532465
 0.000138495417
 0.000102320551
 0.000123842096
 0.000093393058
 0.000090822805
 0.000102820362
 0.000167326111
 0.000064763014
 0.000224832980
 0.000223871124
 0.000284395448
 0.000199914522
 0.000098650542
 0.000154683177
 0.000094003925
 0.000061936278
 0.000067817256
 0.000067296497
 0.000203111665
 0.000300240142
 0.000158782631
 0.000106298104
 0.000072845334
 0.000069176492
 0.000090244901
 0.000075290008
 0.000091900320
 0.000143396008
 0.000256189679
 0.000264976004
 0.000210007574
 0.000669471088
 0.000385559007
 0.000449730264
 0.000138534660
 0.000300764297
 0.000387440088
 0.000422377734
 0.000205794153
 0.000201308945
 0.000162131271
 0.000192326163
 0.000137866462
 0.000141001867
 0.000085291773
 0.000097236683
 0.000114941258
 0.000069714826
 0.000077187122
 0.000180409658
 0.000143009946
 0.000123619650
 0.000133816156
 0.000136534406
 0.000117722158
 0.000083866933
 0.000172878051
 0.000169653527
 0.000178991151
 0.000310464502
 0.000182350196
 0.000224175698
 0.000196363049
 0.000180910752
 0.000176767995
 0.000180883490
 0.000167393412
 0.000189186760
 0.000264237528
 0.000212993760
 0.000142742124
 0.000080368773
 0.000162511930
 0.000271725109
 0.000281364542
 0.000445706278
 0.000634034335
 0.001023432873
 0.000582488230
 0.000834354382
 0.001336034504
 0.000785693604
 0.001015704983
 0.000401655183
 0.000491213322
 0.000469586407
 0.000194875337
 0.000187483461
 0.000190663795
 0.000214530802
 0.000160133585
 0.000152105390
 0.000098646457
 0.000272531797
 0.000222163764
 0.000242226390
 0.000138552514
 0.000175495559
 0.000166449015
 0.000320659157
 0.000197983266
 0.000144397402
 0.000078235979
 0.000080326884
 0.000050348740
 0.000036039579
 0.000042023571
 0.000036378419
 0.000031639940
 0.000042090802
 0.000049921647
 0.000034382397
 0.000064347987
 0.000062727340
 0.000072967763
 0.000055263277
 0.000081709693
 0.000088619407
 0.000073814419
 0.000073926534
 0.000075161433
 0.000093431221
 0.000047626829
 0.000052863916
 0.000102153480
 0.000094227346
 0.000207924232
 0.000135474555
 0.000072078723
 0.000081184202
 0.000182869425
 0.000143676446
 0.000144736209
 0.000047493977
 0.000046012470
 0.000166718977
 0.000116230320
 0.000415663890
 0.000501796516
 0.000326287599
 0.000349592619
 0.000483614863
 0.000428977835
 0.000098770194
 0.000147146448
 0.000308504688
 0.000237470851
 0.000394050482
 0.000063364441
 0.000080757160
 0.000067761079
 0.000148806504
 0.000077896619
 0.000205487764
 0.000087693418
 0.000141805647
 0.000283637011
 0.000250135344
 0.000123434000
 0.000217543953
 0.000025112331
 0.000036917830
 0.000037480045
 0.000045176599
 0.000064557381
 0.000040611736
 0.000064438576
 0.000115019814
 0.000122579783
 0.000177211183
 0.000187086205
 0.000084874188
 0.000070663281
 0.000029596793
 0.000009432369
 0.000021343433
 0.000132633359
 0.000168012085
 0.000054105460
 0.000028783097
 0.000097530530
 0.000044072019
 0.000048526157
 0.000012188785
 0.000019515797
 0.000014856896
 0.000013110818
 0.000026861345
 0.000011221288
 0.000044527907
 0.000016451873
 0.000027085301
 0.000017261117
 0.000025185218
 0.000027183968
 0.000040943338
 0.000049077384
 0.000043004973
 0.000015538161
 0.000026102112
 0.000010061369
 0.000026570743
 0.000010579728
 0.000016373221
 0.000013026801
 0.000015775680
 0.000026227206
 0.000022606487
 0.000014006764
 0.000005679956
 0.000005066178
 0.000008411208
 0.000012076259
 0.000012804222
 0.000025613129
 0.000013930143
 0.000021785228
 0.000025369775
 0.000023774940
 0.000041745876
 0.000039113018
 0.000047205516
 0.000075969616
 0.000140021566
 0.000105006433
 0.000123643724
 0.000079500775
 0.000269974166
 0.000181926737
 0.000097092937
 0.000138976431
 0.000110967196
 0.000046048142
 0.000155555213
 0.000119137987
 0.000084538603
 0.000153357200
 0.000165269856
 0.000142889004
 0.000070136507
 0.000077783134
 0.000167715907
 0.000114860479
 0.000055106098
 0.000079021355
 0.000077695345
 0.000109702340
 0.000184580409
 0.000100145444
 0.000075801247
 0.000056448433
 0.000149581275
 0.000066427361
 0.000062824713
 0.000050720452
 0.000057916861
 0.000052136185
 0.000032476365
 0.000099240516
 0.000093579780
 0.000064451682
 0.000115933678
 0.000153955163
 0.000137427320
 0.000210596097
 0.000165196764
 0.000144842635
 0.000230436225
 0.000215655538
 0.000166250475
 0.000240095117
 0.000144483839
 0.000104767270
 0.000069390921
 0.000046859501
 0.000060692446
 0.000094415405
 0.000107486904
 0.000046595730
 0.000035297666
 0.000022326114
 0.000036007948
 0.000040096171
 0.000032173705
 0.000020394297
 0.000044969434
 0.000037924274
 0.000036212028
 0.000058057757
 0.000145353330
 0.000055109379
 0.000031566246
 0.000102942756
 0.000106397709
 0.000057060744
 0.000168035971
 0.000153189608
 0.000172953041
 0.000041795103
 0.000015796133
 0.000005903091
 0.000005367786
 0.000013983944
 0.000013579589
 0.000028794009
 0.000044575433
 0.000017306863
 0.000020343160
 0.000153196929
 0.000106877450
 0.000166445942
 0.000037559333
 0.000066267183
 0.000054707163
 0.000053446585
 0.000023910238
 0.000071178433
 0.000072130792
 0.000082618004
 0.000181503771
 0.000093428794
 0.000091230139
 0.000134473471
 0.000065683339
 0.000130083538
 0.000059329039
 0.000041045322
 0.000076762811
 0.000081891126
 0.000073871908
 0.000054792228
 0.000050839486
 0.000035413708
 0.000051095000
 0.000077051066
 0.000093641272
 0.000027202503
 0.000039815794
 0.000019649662
 0.000063047895
 0.000042390386
 0.000050078022
 0.000062594471
 0.000029499444
 0.000027323689
 0.000049378050
 0.000051204405
 0.000043931812
 0.000135341742
 0.000052757674
 0.000054182357
 0.000024949496
 0.000027989297
 0.000048103509
 0.000066209554
 0.000033993874
 0.000025735853
 0.000020869849
 0.000029205310
 0.000068572358
 0.000077884431
 0.000024325179
 0.000028929932
 0.000024899388
 0.000029739163
 0.000081260046
 0.000035987376
 0.000031874214
 0.000023884355
 0.000015578827
 0.000027469251
 0.000014884687
 0.000023426546
 0.000017099050
 0.000035157217
 0.000024156687
 0.000014105874
 0.000045948147
 0.000023974328
 0.000024242559
 0.000032404698
 0.000014224417
 0.000017093362
 0.000078062124
 0.000044898065
 0.000030665100
 0.000030342196
 0.000022400755
 0.000027556693
 0.000045368681
 0.000028016353
 0.000015608716
 0.000021025609
 0.000017434115
 0.000028260071
 0.000022466281
 0.000015979463
 0.000010397984
 0.000010386317
 0.000015613822
 0.000010253437
 0.000005727231
 0.000004806454
 0.000008718387
 0.000010982140
 0.000018627894
 0.000009754888
 0.000011676068
 0.000009251788
 0.000004432305
 0.000004587983
 0.000007397363
 0.000006096048
 0.000007532989
 0.000028751794
 0.000021956413
 0.000027694870
 0.000029147100
 0.000016170884
 0.000042258671
 0.000029059635
 0.000028468727
 0.000078670441
 0.000054436809
 0.000052672653
 0.000029470515
 0.000106170944
 0.000064384677
 0.000031836377
 0.000068935078
 0.000021914454
 0.000043890826
 0.000046069549
 0.000044714470
 0.000061319358
 0.000058329426
 0.000027546627
 0.000018978292
 0.000016933356
 0.000021996570
 0.000027011872
 0.000096736989
 0.000038353467
 0.000034495512
 0.000015483181
 0.000013495322
 0.000018921424
 0.000020923618
 0.000008988251
 0.000019560489
 0.000025992318
 0.000030078258
 0.000008491990
 0.000016429636
 0.000034901227
 0.000020230899
 0.000034219628
 0.000006741412
 0.000016897532
 0.000022874745
 0.000021834669
 0.000013184085
 0.000046566231
 0.000109682459
 0.000051948633
 0.000073321182
 0.000014646846
 0.000023962306
 0.000027247724
 0.000019096560
 0.000038114606
 0.000032362982
 0.000028751253
 0.000033007908
 0.000022607084
 0.000027941925
 0.000017156449
 0.000032890421
 0.000024637787
 0.000124290162
 0.000053371702
 0.000021736855
 0.000019891037
 0.000015915194
 0.000023880466
 0.000039751343
 0.000024403750
 0.000031612485
 0.000062399207
 0.000038031322
 0.000024002344
 0.000101791224
 0.000027428749
 0.000041233959
 0.000036876291
 0.000037205154
 0.000076074423
 0.000031492349
 0.000074942295
 0.000017840943
 0.000023720977
 0.000038223934
 0.000023543717
 0.000040120661
 0.000045770797
 0.000094432077
 0.000094877375
 0.000048459206
 0.000053802853
 0.000073077297
 0.000034790571
 0.000054251632
 0.000053089395
 0.000027559129
 0.000029013195
 0.000025803600
 0.000032725491
 0.000025340436
 0.000022694413
 0.000026728339
 0.000013144233
 0.000021125274
 0.000014445982
 0.000015096992
 0.000026214877
 0.000041687652
 0.000018914593
 0.000035569032
 0.000079026158
 0.000024899146
 0.000022525027
 0.000027523958
 0.000009543575
 0.000015509896
 0.000011249405
 0.000004117130
 0.000014433618
 0.000008314265
 0.000013459714
 0.000008371139
 0.000004527642
 0.000004560937
 0.000009420381
 0.000018662040
 0.000014550273
 0.000022049210
 0.000013783613
 0.000025979330
 0.000017026630
 0.000019287889
 0.000013055863
 0.000025746770
 0.000026772738
 0.000017454945
 0.000009841314
 0.000019319469
 0.000016808221
 0.000012326258
 0.000012246659
 0.000025418182
 0.000015706187
 0.000018908341
 0.000012884202
 0.000030866530
 0.000019798318
 0.000012192266
 0.000022239248
 0.000009568810
 0.000031280106
 0.000028520757
 0.000045583064
 0.000034411648
 0.000049285298
 0.000085702351
 0.000078972717
 0.000064830202
 0.000044892925
 0.000014453138
 0.000022352402
 0.000030868013
 0.000031446503
 0.000069385344
 0.000081419712
 0.000023154499
 0.000009959265
 0.000004833237
 0.000008281202
 0.000009659230
 0.000006355673
 0.000042248955
 0.000034229651
 0.000066551607
 0.000046315391
 0.000047660904
 0.000102375174
 0.000079943330
 0.000066746770
 0.000029642965
 0.000092726796
 0.000058106082
 0.000046761728
 0.000014444972
 0.000050024413
 0.000034209665
 0.000143434663
 0.000060005589
 0.000060162681
 0.000069075762
 0.000055105445
 0.000056710493
 0.000037656632
 0.000029473915
 0.000067313773
 0.000056801873
 0.000020574507
 0.000015675313
 0.000025792366
 0.000014131981
 0.000026840366
 0.000045671893
 0.000015723776
 0.000047536492
 0.000042941686
 0.000103718085
 0.000085486324
 0.000089125904
 0.000040805082
 0.000074426015
 0.000022100450
 0.000033830721
 0.000023106697
 0.000100911374
 0.000041467299
 0.000048566733
 0.000049039767
 0.000053729003
 0.000044752642
 0.000025879688
 0.000027871722
 0.000065531066
 0.000035100315
 0.000029162921
 0.000053721262
 0.000043664416
 0.000044710246
 0.000059016437
 0.000032932480
 0.000059001804
 0.000029049555
 0.000039978583
 0.000032528028
 0.000114042746
 0.000082150881
 0.000048365959
 0.000044543350
 0.000018248312
 0.000026222580
 0.000023630946
 0.000035688897
 0.000029558115
 0.000067715557
 0.000050323678
 0.000034253520
 0.000027698075
 0.000033595847
 0.000028533266
 0.000038084347
 0.000026922037
 0.000044896848
 0.000033820558
 0.000029794681
 0.000017152745
 0.000066476889
 0.000096483318
 0.000105229162
 0.000216455859
 0.000051884158
 0.000075661539
 0.000106234751
 0.000258082923
 0.000069725215
 0.000076646690
 0.000033194988
 0.000040419360
 0.000100811981
 0.000054018569
 0.000051214948
 0.000103403198
 0.000080211670
 0.000161920935
 0.000141053899
 0.000129831517
 0.000083280466
 0.000060846684
 0.000068080397
 0.000072127254
 0.000102894366
 0.000018127441
 0.000036915612
 0.000036345955
 0.000019933797
 0.000032790345
 0.000048529082
 0.000029075423
 0.000027427049
 0.000025705273
 0.000017307629
 0.000009216420
 0.000015519714
 0.000018757294
 0.000060577014
 0.000021976280
 0.000013166992
 0.000050858226
 0.000015042931
 0.000024210476
 0.000016868941
 0.000014422907
 0.000009959547
 0.000009752854
 0.000008055734
 0.000012907051
 0.000021182375
 0.000019850766
 0.000012653572
 0.000013669566
 0.000023266610
 0.000018907383
 0.000037219361
 0.000047327407
 0.000023661597
 0.000039320246
 0.000045039091
 0.000025925854
 0.000027891961
 0.000055639149
 0.000037246000
 0.000022898452
 0.000020886002
 0.000034266250
 0.000020017940
 0.000040924252
 0.000045616685
 0.000027976002
 0.000018048375
 0.000027871352
 0.000017956875
 0.000026924096
 0.000010260229
 0.000027232665
 0.000018512276
 0.000006705955
 0.000028464811
 0.000014215333
 0.000007135587
 0.000003939278
 0.000003674564
 0.000004675138
 0.000004824367
 0.000001875719
 0.000006372773
 0.000006145114
 0.000006347311
 0.000003290039
 0.000007989690
 0.000006234729
 0.000017021923
 0.000009155235
 0.000013870077
 0.000018221767
 0.000010562898
 0.000013593586
 0.000017285571
 0.000020903260
 0.000023800689
 0.000018776014
 0.000008025806
 0.000010457716
 0.000009465561
 0.000006640390
 0.000008341343
 0.000007172262
 0.000008589704
 0.000038465513
 0.000034439795
 0.000033617405
 0.000024618644
 0.000024486347
 0.000026020217
 0.000019283274
 0.000030968419
 0.000025689107
 0.000019785830
 0.000023800635
 0.000022602649
 0.000015165386
 0.000018975872
 0.000031978246
 0.000025546165
 0.000030734784
 0.000032325155
 0.000033049845
 0.000014570749
 0.000021123562
 0.000013305337
 0.000018316372
 0.000018140759
 0.000020731792
 0.000032269810
 0.000032546322
 0.000031711508
 0.000038960711
 0.000036295377
 0.000054841690
 0.000095771698
 0.000058185913
 0.000044950205
 0.000012915997
 0.000023942452
 0.000009452920
 0.000034237461
 0.000013991949
 0.000027291624
 0.000013225563
 0.000020929912
 0.000036280888
 0.000037961648
 0.000033994797
 0.000021498149
 0.000022644637
 0.000016610423
 0.000017454008
 0.000016933259
 0.000028459421
 0.000023093453
 0.000015130913
 0.000014696538
 0.000011399449
 0.000009475594
 0.000010071672
 0.000016313147
 0.000008733509
 0.000026684686
 0.000015642378
 0.000013668264
 0.000016310416
 0.000022093726
 0.000031553892
 0.000023915594
 0.000020767238
 0.000013637583
 0.000019067003
 0.000022794959
 0.000026943638
 0.000048348505
 0.000018611941
 0.000019833543
 0.000027781377
 0.000023017860
 0.000018435705
 0.000011394712
 0.000027231503
 0.000010972791
 0.000022346591
 0.000014103058
 0.000027373184
 0.000017656910
 0.000030466980
 0.000046380806
 0.000031100546
 0.000038566807
 0.000037739706
 0.000016644974
 0.000017656346
 0.000022570179
 0.000011490303
 0.000031029161
 0.000020438707
 0.000005559891
 0.000010958261
 0.000007936844
 0.000012288898
 0.000008387136
 0.000021539896
 0.000034955476
 0.000012942811
 0.000027810936
 0.000027157202
 0.000028001519
 0.000026974720
 0.000033493725
 0.000022292526
 0.000022957953
 0.000040475589
 0.000031014715
 0.000022694250
 0.000033703810
 0.000027718485
 0.000027485728
 0.000049243958
 0.000042939631
 0.000030278195
 0.000050546322
 0.000037182541
 0.000033213010
 0.000036257313
 0.000031756710
 0.000035060895
 0.000047408203
 0.000025778342
 0.000050330122
 0.000080940574
 0.000044272233
 0.000031325403
 0.000033512602
 0.000078086612
 0.000028089236
 0.000050512548
 0.000033347266
 0.000053198218
 0.000039303793
 0.000045874028
 0.000058558465
 0.000053974905
 0.000025133773
 0.000030412711
 0.000023266047
 0.000024339159
 0.000019561659
 0.000024854310
 0.000016627070
 0.000036666229
 0.000027129984
 0.000081617026
 0.000025827654
 0.000098129790
 0.000054944893
 0.000034704414
 0.000035319084
 0.000026352112
 0.000045391324
 0.000033594423
 0.000024661315
 0.000055688624
 0.000080060341
 0.000054295549
 0.000052274019
 0.000123856706
 0.000048006244
 0.000052538361
 0.000018056808
 0.000009451799
 0.000021554384
 0.000017934178
 0.000009912730
 0.000007862391
 0.000011260975
 0.000012798154
 0.000023540335
 0.000012655796
 0.000014566155
 0.000037226008
 0.000016697903
 0.000033191649
 0.000013658208
 0.000015498462
 0.000015257440
 0.000015333610
 0.000010567805
 0.000013755894
 0.000009808070
 0.000004329785
 0.000013658556
 0.000013838190
 0.000013888790
 0.000014949948
 0.000014471970
 0.000035089285
 0.000025018107
 0.000049286294
 0.000030894678
 0.000025890463
 0.000022668369
 0.000035746066
 0.000028402937
 0.000032069999
 0.000044589783
 0.000030634365
 0.000100189587
 0.000058302886
 0.000068098317
 0.000053139614
 0.000069069819
 0.000064302678
 0.000107097502
 0.000026935886
 0.000184728424
 0.000070946178
 0.000046110889
 0.000135097442
 0.000061744295
 0.000110395680
 0.000103178421
 0.000158518067
 0.000096775222
 0.000053903101
 0.000061224180
 0.000038913930
 0.000013978466
 0.000019394984
 0.000019678186
 0.000087260502
 0.000054842962
 0.000164582361
 0.000063231622
 0.000212081010
 0.000105063260
 0.000221204561
 0.000097750875
 0.000150758560
 0.000264959027
 0.000146512639
 0.000316541177
 0.000227803651
 0.000315325917
 0.000101580951
 0.000060153961
 0.000032370532
 0.000039284613
 0.000108831183
 0.000028123450
 0.000042887193
 0.000092013046
 0.000081804673
 0.000022269951
 0.000039809529
 0.000070608455
 0.000024850954
 0.000069482631
 0.000061623741
 0.000024120764
 0.000031117214
 0.000023982443
 0.000043859993
 0.000037941878
 0.000060836207
 0.000018860619
 0.000019253383
 0.000061569146
 0.000026624509
 0.000013797510
 0.000062399227
 0.000098169370
 0.000021254783
 0.000013819330
 0.000030414937
 0.000059592290
 0.000056889132
 0.000062555775
 0.000089910348
 0.000050145423
 0.000057632608
 0.000042260735
 0.000055753923
 0.000071543856
 0.000056417438
 0.000060555910
 0.000069170853
 0.000034984334
 0.000025737798
 0.000088897119
 0.000091242970
 0.000082205146
 0.000021605109
 0.000021811914
 0.000008917277
 0.000017134224
 0.000021247634
 0.000027064880
 0.000075189820
 0.000021599443
 0.000020222126
 0.000016876532
 0.000021110583
 0.000010168407
 0.000022473948
 0.000055600205
 0.000020690298
 0.000040574315
 0.000019247577
 0.000020842479
 0.000028904454
 0.000056007268
 0.000071506397
 0.000067127727
 0.000061351787
 0.000104590759
 0.000135864127
 0.000090457460
 0.000095435329
 0.000119751030
 0.000144686930
 0.000145108337
 0.000041688328
 0.000017716673
 0.000055809891
 0.000060259957
 0.000074562433
 0.000048372007
 0.000054252166
 0.000057455376
 0.000093820070
 0.000052401833
 0.000049866678
 0.000049260523
 0.000037788919
 0.000126954825
 0.000101158515
 0.000120320738
 0.000040899168
 0.000045601454
 0.000012877509
 0.000042220300
 0.000056009988
 0.000034695698
 0.000045608705
 0.000021084165
 0.000019025223
 0.000023367744
 0.000021800534
 0.000031059928
 0.000017264537
 0.000031352823
 0.000028124982
 0.000048876778
 0.000159382940
 0.000060534394
 0.000051975145
 0.000069247040
 0.000167694511
 0.000113257999
 0.000175007818
 0.000181585048
 0.000094345324
 0.000083554866
 0.000078872933
 0.000038569181
 0.000078967097
 0.000078357703
 0.000060646564
 0.000049721296
 0.000100781243
 0.000057765800
 0.000076960989
 0.000046510887
 0.000049951279
 0.000060690264
 0.000114741606
 0.000166049319
 0.000276311865
 0.000072365829
 0.000301962144
 0.000450931243
 0.000331595398
 0.000144480878
 0.000186486148
 0.000215039735
 0.000143488429
 0.000160151938
 0.000167025124
 0.000214021184
 0.000070278240
 0.000047381090
 0.000084280662
 0.000019753755
 0.000049699813
 0.000116942834
 0.000051616357
 0.000059518456
 0.000057866968
 0.000168707270
 0.000190586478
 0.000189835899
 0.000081597960
 0.000032845010
 0.000086139866
 0.000047793264
 0.000138604119
 0.000128004658
 0.000098581677
 0.000220316894
 0.000047940759
 0.000067871589
 0.000081503019
 0.000070092060
 0.000086670543
 0.000197882970
 0.000176371258
 0.000151429333
 0.000073475325
 0.000266510104
 0.000214159813
 0.000288502753
 0.000171196295
 0.000446479116
 0.000136696648
 0.000103815671
 0.000071148265
 0.000164608801
 0.000079920167
 0.000133226541
 0.000150284778
 0.000086994790
 0.000119203588
 0.000071215838
 0.000040506861
 0.000052162933
 0.000076209278
 0.000075457347
 0.000166109463
 0.000120622899
 0.000037890064
 0.000121351033
 0.000083542455
 0.000056696800
 0.000042413560
 0.000051576449
 0.000049552726
 0.000041564193
 0.000034227485
 0.000162104084
 0.000097506391
 0.000074717221
 0.000048618855
 0.000038095780
 0.000125177639
 0.000050366911
 0.000063648944
 0.000116196008
 0.000151213900
 0.000227595702
 0.000254124432
 0.000229317219
 0.000132090910
 0.000136281152
 0.000074525166
 0.000151979108
 0.000115072539
 0.000122070581
 0.000034339806
 0.000130699643
 0.000053774588
 0.000064218400
 0.000040701013
 0.000054024349
 0.000052925292
 0.000042847130
 0.000068435009
 0.000039453136
 0.000218090928
 0.000032814787
 0.000124309917
 0.000226761968
 0.000195627924
 0.000128858294
 0.000095941387
 0.000223982500
 0.000081501020
 0.000127918785
 0.000091534440
 0.000057094237
 0.000041855470
 0.000099196090
 0.000278216921
 0.000245363499
 0.000338571236
 0.000602009687
 0.000371581925
 0.000601219371
 0.000272600938
 0.000353110360
 0.000144990158
 0.000188535372
 0.000116261682
 0.000519502138
 0.000653727484
 0.000916359221
 0.000657456274
 0.000479633430
 0.000296291860
 0.000291766838
 0.000290177556
 0.000298378165
 0.000327404257
 0.000112313594
 0.000118509183
 0.000303384127
 0.000145993120
 0.000093149741
 0.000051302858
 0.000059455275
 0.000054511075
 0.000039508977
 0.000076999973
 0.000047760306
 0.000076300207
 0.000048464712
 0.000281749037
 0.000105933978
 0.000063550755
 0.000030542547
 0.000134974515
 0.000231949707
 0.000173567481
 0.000259739704
 0.000096790967
 0.000204787388
 0.000096030443
 0.000140891736
 0.000030823872
 0.000053754246
 0.000037548171
 0.000032254506
 0.000051438251
 0.000040330576
 0.000041094745
 0.000042565100
 0.000017803669
 0.000019143690
 0.000015067706
 0.000004417326
 0.000006623232
 0.000015158932
 0.000066099969
 0.000056253226
 0.000026806929
 0.000014208578
 0.000011897393
 0.000065656395
 0.000025306645
 0.000034629647
 0.000101260068
 0.000036967460
 0.000019609067
 0.000014044545
 0.000010638741
 0.000020868710
 0.000020887870
 0.000014773619
 0.000028976134
 0.000048297912
 0.000067559433
 0.000060529317
 0.000031039464
 0.000053224243
 0.000017367535
 0.000093406403
 0.000043431972
 0.000053611800
 0.000112540310
 0.000029129049
 0.000032441567
 0.000015492949
 0.000050043709
 0.000030900138
 0.000042294045
 0.000079528271
 0.000173758125
 0.000068806013
 0.000030693860
 0.000029077452
 0.000051445154
 0.000018335991
 0.000127735771
 0.000140024857
 0.000084258411
 0.000112974831
 0.000056893139
 0.000047811669
 0.000091326769
 0.000194774070
 0.000080541050
 0.000050350811
 0.000054712586
 0.000018459117
 0.000023594944
 0.000086111076
 0.000014259165
 0.000023868491
 0.000013279522
 0.000014778679
 0.000059773788
 0.000118885253
 0.000213835241
 0.000060109382
 0.000123632707
 0.000154764981
 0.000158851546
 0.000135596143
 0.000123632614
 0.000356321386
 0.000235223194
 0.000233288777
 0.000155186899
 0.000155801249
 0.000068273535
 0.000043575383
 0.000038189450
 0.000089622429
 0.000024145556
 0.000081879174
 0.000103112919
 0.000220541467
 0.000326140540
 0.000192424123
 0.000051741886
 0.000069452334
 0.000065840537
 0.000108818324
 0.000087419130
 0.000183742721
 0.000297014560
 0.000245157999
 0.000300109980
 0.000339138597
 0.000522214328
 0.000146645907
 0.000184334467
 0.000163473083
 0.000223451848
 0.000206713882
 0.000113284813
 0.000029316233
 0.000145774444
 0.000098404812
 0.000123470923
 0.000058907790
 0.000172395486
 0.000287381122
 0.000172764651
 0.000220039717
 0.000105476879
 0.000130547343
 0.000133807682
 0.000100988847
 0.000248856521
 0.000171270572
 0.000109055671
 0.000180374987
 0.000122984866
 0.000144839225
 0.000244397625
 0.000521346330
 0.000555768447
 0.000263572679
 0.000958507640
 0.000705313018
 0.000233826141
 0.000388716948
 0.000191367661
 0.000068517547
 0.000081816038
 0.000092873984
 0.000070548906
 0.000055228784
 0.000042372731
 0.000042434452
 0.000039663353
 0.000087371630
 0.000152512437
 0.000110030307
 0.000150827293
 0.000226853727
 0.000166449100
 0.000201982040
 0.000161715469
 0.000222866754
 0.000300237192
 0.000223306767
 0.000698348433
 0.000339124540
 0.000485282320
 0.000207126534
 0.000202474506
 0.000167289338
 0.000094298335
 0.000043553843
 0.000146519600
 0.000116318393
 0.000070314515
 0.000133026975
 0.000161081506
 0.000153036414
 0.000191334679
 0.000317270978
 0.000149852018
 0.000165338136
 0.000099658883
 0.000038595052
 0.000035201784
 0.000054301520
 0.000031085968
 0.000033457248
 0.000048601234
 0.000033123014
 0.000038202013
 0.000041095514
 0.000024124333
 0.000033213162
 0.000031786875
 0.000041833344
 0.000022113871
 0.000034046512
 0.000026103717
 0.000069683495
 0.000055100331
 0.000014572657
 0.000070285569
 0.000039496131
 0.000042720744
 0.000133724207
 0.000069777879
 0.000142515096
 0.000443532642
 0.000172088809
 0.000223111253
 0.000072359391
 0.000104285677
 0.000062100484
 0.000098744794
 0.000088000851
 0.000044880533
 0.000152498297
 0.000260562090
 0.000125108221
 0.000105513079
 0.000189328166
 0.000113706793
 0.000070598085
 0.000062317725
 0.000081389823
 0.000023805765
 0.000069863177
 0.000055004659
 0.000061709138
 0.000067511449
 0.000059903122
 0.000133771925
 0.000045355833
 0.000127168937
 0.000083906065
 0.000147334215
 0.000079296391
 0.000094831044
 0.000114043468
 0.000024919230
 0.000047725023
 0.000106249431
 0.000120853836
 0.000130795742
 0.000076247723
 0.000035631768
 0.000029378239
 0.000034375931
 0.000064227817
 0.000079908457
 0.000128102300
 0.000187244625
 0.000076163486
 0.000349948268
 0.000053192325
 0.000092926479
 0.000200799139
 0.000156940015
 0.000149445861
 0.000078542006
 0.000095664777
 0.000053208576
 0.000033630956
 0.000105168736
 0.000083722493
 0.000073835932
 0.000072387065
 0.000056941707
 0.000080525438
 0.000021745814
 0.000029125616
 0.000032735996
 0.000038090679
 0.000060370786
 0.000100604210
 0.000073724230
 0.000061499638
 0.000125442642
 0.000057250074
 0.000047484062
 0.000082153797
 0.000082481773
 0.000098806448
 0.000056188536
 0.000048822857
 0.000052513219
 0.000076236816
 0.000071922022
 0.000057280975
 0.000051585730
 0.000045194215
 0.000094619171
 0.000061730326
 0.000094009282
 0.000061081689
 0.000071031192
 0.000039668551
 0.000119316204
 0.000050311217
 0.000062990714
 0.000079368960
 0.000049787490
 0.000142660815
 0.000136546753
 0.000071821940
 0.000116455289
 0.000070440700
 0.000088536440
 0.000093168856
 0.000061063166
 0.000067922781
 0.000082949332
 0.000149296167
 0.000180681736
 0.000098506437
 0.000120013909
 0.000167743465
 0.000112090266
 0.000191076309
 0.000077066405
 0.000084007522
 0.000062361786
 0.000024546394
 0.000059069951
 0.000038340446
 0.000012782951
 0.000070586782
 0.000094148277
 0.000085939872
 0.000077904969
 0.000099396338
 0.000120223584
 0.000132212289
 0.000133360063
 0.000043205480
 0.000049693579
 0.000100663861
 0.000059993836
 0.000144620626
 0.000249040421
 0.000067421895
 0.000229969772
 0.000050186467
 0.000106623302
 0.000140789702
 0.000050143081
 0.000111363569
 0.000127751057
 0.000060312152
 0.000141123868
 0.000030502134
 0.000063904800
 0.000089139901
 0.000062363260
 0.000071492165
 0.000067041308
 0.000063564513
 0.000090297276
 0.000093726807
 0.000041213177
 0.000054825915
 0.000096841632
 0.000035956775
 0.000047895021
 0.000056467276
 0.000044313888
 0.000060664055
 0.000029363968
 0.000020000576
 0.000082092194
 0.000026573802
 0.000033840042
 0.000057534134
 0.000042447328
 0.000048960939
 0.000065150489
 0.000068111809
 0.000022192244
 0.000077162812
 0.000051406921
 0.000082821852
 0.000086682493
 0.000087200386
 0.000029310803
 0.000047254231
 0.000024376376
 0.000034187907
 0.000043205379
 0.000051823319
 0.000029700769
 0.000062133803
 0.000064391412
 0.000059971425
 0.000040481602
 0.000015793905
 0.000022344395
 0.000031968935
 0.000022809759
 0.000018502737
 0.000053135854
 0.000026538774
 0.000052488991
 0.000063768389
 0.000086818128
 0.000058321214
 0.000027813305
 0.000038809419
 0.000013061638
 0.000027504311
 0.000015955764
 0.000027173979
 0.000073063484
 0.000035250695
 0.000145142385
 0.000114296998
 0.000120196180
 0.000061216371
 0.000029151698
 0.000034373119
 0.000069911391
 0.000050761144
 0.000164055733
 0.000119993124
 0.000143934205
 0.000251669925
 0.000338223554
 0.000151495425
 0.000127878549
 0.000147107738
 0.000145389485
 0.000173982891
 0.000056070445
 0.000148093196
 0.000081333155
 0.000057357509
 0.000046641979
 0.000129549254
 0.000054381787
 0.000078381672
 0.000139017040
 0.000089674517
 0.000120341019
 0.000145322689
 0.000207073491
 0.000185951436
 0.000191759849
 0.000201366964
 0.000434345987
 0.000255748577
 0.000148036316
 0.000039817027
 0.000067087304
 0.000013564280
 0.000199639401
 0.000110304847
 0.000188045712
 0.000040117791
 0.000113859774
 0.000199414067
 0.000245361874
 0.000224939958
 0.000398532357
 0.000438454162
 0.000323068446
 0.000362764469
 0.000201299759
 0.000057964278
 0.000050512622
 0.000034178819
 0.000034743499
 0.000055524139
 0.000096371188
 0.000065015964
 0.000061827159
 0.000098079198
 0.000056571304
 0.000082262325
 0.000058398610
 0.000037053290
 0.000030299018
 0.000061790805
 0.000041179139
 0.000092914371
 0.000047127754
 0.000036685920
 0.000062022881
 0.000064148797
 0.000014906151
 0.000030424569
 0.000027688721
 0.000046693756
 0.000023453619
 0.000023649887
 0.000016826238
 0.000023565388
 0.000024570000
 0.000023748700
 0.000024493821
 0.000043306661
 0.000165147279
 0.000141354596
 0.000117787962
 0.000076195786
 0.000086056332
 0.000057641324
 0.000034518958
 0.000066221936
 0.000083423699
 0.000114645575
 0.000101187578
 0.000082215581
 0.000130497658
 0.000111589646
 0.000209470621
 0.000356324898
 0.000112200453
 0.000109188525
 0.000036196217
 0.000043868410
 0.000035477943
 0.000063354485
 0.000063704379
 0.000028740487
 0.000027602072
 0.000013853935
 0.000026938374
 0.000021385411
 0.000022426947
 0.000027579981
 0.000019418500
 0.000100324979
 0.000033075450
 0.000025226091
 0.000029121615
 0.000027736694
 0.000090952641
 0.000044053785
 0.000050998785
 0.000072030355
 0.000077916394
 0.000041387211
 0.000094891263
 0.000058348867
 0.000096877408
 0.000053771560
 0.000074045385
 0.000049650886
 0.000096777752
 0.000054395282
 0.000054769989
 0.000056236307
 0.000049945161
 0.000025169772
 0.000027828608
 0.000045008778
 0.000057789348
 0.000047909965
 0.000013313944
 0.000038579760
 0.000012400752
 0.000050373018
 0.000037926400
 0.000028048359
 0.000029979032
 0.000029146610
 0.000032673851
 0.000044359405
 0.000049028240
 0.000023358720
 0.000021755053
 0.000016605622
 0.000022726283
 0.000057056238
 0.000057399213
 0.000038209162
 0.000067305724
 0.000024452938
 0.000096579762
 0.000139084522
 0.000077400557
 0.000065463505
 0.000132248093
 0.000056718434
 0.000123375308
 0.000076597882
 0.000057334116
 0.000075110043
 0.000060493455
 0.000114282763
 0.000071504642
 0.000120494957
 0.000081550403
 0.000257212157
 0.000235593664
 0.000332810422
 0.000192514839
 0.000109455359
 0.000096063830
 0.000097071194
 0.000030356118
 0.000090025575
 0.000039855204
 0.000063372658
 0.000152385237
 0.000102636785
 0.000122012889
 0.000138059720
 0.000064314078
 0.000063249531
 0.000081456660
 0.000044560210
 0.000050273301
 0.000059915076
 0.000075476803
 0.000062961746
 0.000082905474
 0.000096835359
 0.000040513010
 0.000113735999
 0.000096089953
 0.000114839478
 0.000067398805
 0.000027217957
 0.000077605029
 0.000084186130
 0.000130422615
 0.000166832364
 0.000064763312
 0.000047331975
 0.000069169621
 0.000054333120
 0.000038046964
 0.000039622646
 0.000055659537
 0.000037952052
 0.000024039702
 0.000040314172
 0.000028669924
 0.000041084910
 0.000037087278
 0.000042388465
 0.000062949147
 0.000026346457
 0.000025935326
 0.000036401208
 0.000005287611
 0.000028102572
 0.000074749075
 0.000030764858
 0.000023068887
 0.000024701667
 0.000033527860
 0.000028626142
 0.000026624593
 0.000023277667
 0.000057519715
 0.000029526495
 0.000090216935
 0.000058211798
 0.000048918897
 0.000026911624
 0.000021070906
 0.000053348575
 0.000029813350
 0.000045884529
 0.000031930328
 0.000027703329
 0.000057680949
 0.000053711160
 0.000089526480
 0.000015950244
 0.000053726847
 0.000044385418
 0.000021243414
 0.000159276136
 0.000096204730
 0.000130398922
 0.000168344787
 0.000064935852
 0.000080744141
 0.000039674297
 0.000065618875
 0.000074006585
 0.000229188603
 0.000081282490
 0.000154187179
 0.000076636537
 0.000074404294
 0.000138770724
 0.000109595745
 0.000139103437
 0.000181576445
 0.000135979234
 0.000164894565
 0.000253282856
 0.000228274168
 0.000219829052
 0.000162500144
 0.000138783886
 0.000151482514
 0.000205799108
 0.000172132386
 0.000047116580
 0.000082359062
 0.000127566062
 0.000044962195
 0.000087734783
 0.000069512599
 0.000088485312
 0.000064083289
 0.000024979215
 0.000018117602
 0.000018381263
 0.000017823793
 0.000013353357
 0.000013402749
 0.000027021950
 0.000023022831
 0.000030098273
 0.000027525291
 0.000029600086
 0.000008198400
 0.000004556020
 0.000018424521
 0.000015186117
 0.000017548653
 0.000009583833
 0.000009539389
 0.000007885730
 0.000005710357
 0.000018837713
 0.000028181576
 0.000048082084
 0.000042285240
 0.000074834105
 0.000073280770
 0.000021098870
 0.000011075301
 0.000042716434
 0.000063293910
 0.000026930402
 0.000035727640
 0.000037236091
 0.000019193147
 0.000016643181
 0.000018679669
 0.000023026658
 0.000016645344
 0.000027688827
 0.000010406765
 0.000022226052
 0.000030062425
 0.000011384320
 0.000021722214
 0.000023781220
 0.000020019674
 0.000028977763
 0.000011196407
 0.000030767428
 0.000017050991
 0.000025552053
 0.000011486774
 0.000025615890
 0.000037516003
 0.000064647465
 0.000052549197
 0.000065769719
 0.000040033014
 0.000028929670
 0.000207352580
 0.000125868110
 0.000222973570
 0.000103254816
 0.000074940597
 0.000062254060
 0.000080054216
 0.000081650182
 0.000138934032
 0.000064270962
 0.000073697776
 0.000108613077
 0.000153189782
 0.000132750220
 0.000169314952
 0.000078747429
 0.000027268273
 0.000039597006
 0.000064376718
 0.000060692475
 0.000037426764
 0.000069125943
 0.000112939728
 0.000053950720
 0.000029959507
 0.000098203743
 0.000060390918
 0.000261810433
 0.000332583635
 0.000401876774
 0.000046364709
 0.000052871725
 0.000055615423
 0.000202363968
 0.000052573267
 0.000031803970
 0.000030659548
 0.000050682653
 0.000019166086
 0.000034894158
 0.000024640549
 0.000027800046
 0.000043948815
 0.000035728672
 0.000027292695
 0.000015317074
 0.000018113646
 0.000030203209
 0.000030860424
 0.000036022734
 0.000042677606
 0.000013357239
 0.000019438093
 0.000031255053
 0.000023012742
 0.000031823183
 0.000021617075
 0.000019898344
 0.000044270916
 0.000040916959
 0.000042482982
 0.000019923760
 0.000021409093
 0.000025582614
 0.000013518912
 0.000011197685
 0.000012995326
 0.000006131977
 0.000006416763
 0.000006377092
 0.000006097344
 0.000016777556
 0.000007079147
 0.000013342285
 0.000008206578
 0.000008772975
 0.000014925695
 0.000016567898
 0.000023155622
 0.000020951776
 0.000038320819
 0.000021117379
 0.000036551545
 0.000022986690
 0.000018944217
 0.000060045688
 0.000034526749
 0.000030849261
 0.000017478573
 0.000010955066
 0.000021529978
 0.000036456132
 0.000058695562
 0.000012139791
 0.000035300145
 0.000097762907
 0.000037231304
 0.000030472689
 0.000065400747
 0.000045158351
 0.000051858988
 0.000009628349
 0.000014261151
 0.000035634608
 0.000018709340
 0.000008167493
 0.000026752249
 0.000032579198
 0.000032262702
 0.000023207277
 0.000039676668
 0.000028420440
 0.000038190287
 0.000022911179
 0.000005630451
 0.000017265500
 0.000005675325
 0.000005014593
 0.000002704046
 0.000016113190
 0.000007743447
 0.000011264402
 0.000010405348
 0.000016103185
 0.000004741545
 0.000015403032
 0.000074825154
 0.000151348937
 0.000040988025
 0.000012102589
 0.000024453960
 0.000015694524
 0.000007031539
 0.000021214146
 0.000018511281
 0.000005757591
 0.000018449141
 0.000009243654
 0.000006736646
 0.000010432308
 0.000017855553
 0.000007430318
 0.000006228596
 0.000008986187
 0.000009768132
 0.000014799503
 0.000013512349
 0.000016045746
 0.000014056383
 0.000016804826
 0.000006811718
 0.000011384223
 0.000023399028
 0.000220372912
 0.000070658778
 0.000094810918
 0.000043857721
 0.000045129691
 0.000039474484
 0.000028960993
 0.000021727393
 0.000037773343
 0.000054740563
 0.000022570593
 0.000052977192
 0.000042363408
 0.000021326131
 0.000011746771
 0.000016754736
 0.000018489695
 0.000005090281
 0.000012971816
 0.000008262472
 0.000006584965
 0.000005767305
 0.000006296916
 0.000008973055
 0.000013602868
 0.000006020242
 0.000018631854
 0.000004769928
 0.000007035408
 0.000004427309
 0.000007800268
 0.000008185359
 0.000007463833
 0.000023603099
 0.000006600074
 0.000027638561
 0.000032533389
 0.000033773011
 0.000016240803
 0.000018291219
 0.000018942037
 0.000008910812
 0.000020291187
 0.000019255881
 0.000023757411
 0.000024396522
 0.000017933315
 0.000017177060
 0.000006525326
 0.000004762745
 0.000006477098
 0.000016324493
 0.000009137565
 0.000016400720
 0.000011926620
 0.000013900614
 0.000007474489
 0.000006771009
 0.000005995603
 0.000006435611
 0.000020188612
 0.000008954618
 0.000009592831
 0.000013375634
 0.000010482663
 0.000012196159
 0.000008017226
 0.000005531254
 0.000006165141
 0.000023428874
 0.000019858169
 0.000007887197
 0.000007392220
 0.000012297672
 0.000012143212
 0.000010923006
 0.000005581794
 0.000005473829
 0.000006537518
 0.000011668580
 0.000004959305
 0.000004052493
 0.000008648604
 0.000003940394
 0.000004818205
 0.000020173623
 0.000010927809
 0.000012157892
 0.000008488856
 0.000016483485
 0.000020153116
 0.000014956058
 0.000009079026
 0.000006215253
 0.000004140029
 0.000008875895
 0.000011737604
 0.000014047157
 0.000039648820
 0.000019891820
 0.000014436727
 0.000031671033
 0.000009359859
 0.000019384541
 0.000009346843
 0.000022327556
 0.000041408302
 0.000027046174
 0.000011143563
 0.000016093797
 0.000036738308
 0.000011456196
 0.000013239503
 0.000051098903
 0.000014640047
 0.000027038770
 0.000034588839
 0.000028711104
 0.000030131153
 0.000021346809
 0.000020117181
 0.000025007916
 0.000033756877
 0.000027291242
 0.000026522221
 0.000035071432
 0.000022683665
 0.000071561212
 0.000092747762
 0.000102740830
 0.000382627689
 0.000079262013
 0.000106508091
 0.000063062938
 0.000080711057
 0.000017905884
 0.000057312948
 0.000057105618
 0.000039932548
 0.000029877924
 0.000022664363
 0.000072957535
 0.000036141002
 0.000045159246
 0.000058174585
 0.000058050308
 0.000063531345
 0.000179675643
 0.000068818112
 0.000066390979
 0.000072276655
 0.000076258679
 0.000062704623
 0.000113168283
 0.000144327910
 0.000057922376
 0.000062098058
 0.000050802083
 0.000135970337
 0.000073465601
 0.000088927289
 0.000211650812
 0.000113233326
 0.000022144780
 0.000068300185
 0.000030476737
 0.000042993895
 0.000031265027
 0.000040519754
 0.000040538374
 0.000102122862
 0.000016144628
 0.000076884492
 0.000030853680
 0.000070308490
 0.000055164484
 0.000060519155
 0.000026430574
 0.000014922643
 0.000007834548
 0.000022220702
 0.000029910504
 0.000027338435
 0.000017848770
 0.000012618490
 0.000023776352
 0.000029902814
 0.000036891626
 0.000028589221
 0.000023647785
 0.000020069724
 0.000027128749
 0.000027210390
 0.000026350025
 0.000057988458
 0.000032315403
 0.000075109077
 0.000076846890
 0.000051356456
 0.000105279426
 0.000111804594
 0.000098493285
 0.000143807336
 0.000126749393
 0.000033073430
 0.000081411844
 0.000093540229
 0.000066188807
 0.000117403460
 0.000121098835
 0.000069420447
 0.000028690450
 0.000034748185
 0.000034195978
 0.000029238570
 0.000024720434
 0.000064527454
 0.000024807386
 0.000025724954
 0.000020137707
 0.000026986625
 0.000011956656
 0.000022583453
 0.000013644425
 0.000051074872
 0.000047830633
 0.000040262564
 0.000070576403
 0.000019870537
 0.000024495532
 0.000019984565
 0.000020698900
 0.000006966622
 0.000009358572
 0.000009711695
 0.000008099332
 0.000011647636
 0.000010970021
 0.000029149246
 0.000018398890
 0.000012407907
 0.000021572279
 0.000011589967
 0.000009439672
 0.000018458963
 0.000026476856
 0.000029550185
 0.000032925961
 0.000047300387
 0.000035182777
 0.000021718667
 0.000025241741
 0.000059478516
 0.000073393989
 0.000103354210
 0.000030990727
 0.000160709584
 0.000090062619
 0.000185284515
 0.000320937374
 0.000041416876
 0.000039364000
 0.000030449879
 0.000017540286
 0.000015054040
 0.000040496829
 0.000038424207
 0.000075435849
 0.000063660001
 0.000034197272
 0.000022218966
 0.000056554833
 0.000042671883
 0.000039929125
 0.000016289418
 0.000025068190
 0.000018285392
 0.000054839173
 0.000085156561
 0.000042036774
 0.000024073400
 0.000090221558
 0.000044989376
 0.000058543196
 0.000025663623
 0.000034488997
 0.000034931497
 0.000027521735
 0.000046309830
 0.000048017399
 0.000036353205
 0.000023472291
 0.000062937209
 0.000027244016
 0.000033817774
 0.000039549190
 0.000025656979
 0.000018962499
 0.000043530811
 0.000028457418
 0.000039495832
 0.000049831382
 0.000022782843
 0.000048985533
 0.000058560456
 0.000017772686
 0.000021644519
 0.000017521876
 0.000021647654
 0.000010567383
 0.000034332513
 0.000021869029
 0.000023042602
 0.000010237496
 0.000031593151
 0.000039006797
 0.000010325655
 0.000017956922
 0.000009475483
 0.000006319034
 0.000005494161
 0.000003921404
 0.000008950028
 0.000018890138
 0.000011258323
 0.000021954899
 0.000008312428
 0.000009341899
 0.000013878654
 0.000010527623
 0.000007830597
 0.000002773005
 0.000016639732
 0.000011761414
 0.000006385094
 0.000007869464
 0.000008295975
 0.000005921062
 0.000004792423
 0.000007592271
 0.000005110686
 0.000009574567
 0.000011478989
 0.000010676390
 0.000009859981
 0.000003154817
 0.000007711481
 0.000003056853
 0.000004868142
 0.000006724829
 0.000007768668
 0.000006784599
 0.000007404134
 0.000006603760
 0.000005574921
 0.000004531610
 0.000007935414
 0.000005631614
 0.000009385391
 0.000013377901
 0.000022860149
 0.000017108367
 0.000016568563
 0.000017963317
 0.000018092017
 0.000032488245
 0.000049835733
 0.000038364935
 0.000028448082
 0.000035166981
 0.000019480762
 0.000017333399
 0.000024426622
 0.000009345385
 0.000014251550
 0.000017157039
 0.000015372936
 0.000015578992
 0.000026738523
 0.000021265988
 0.000007297341
 0.000004417680
 0.000011137323
 0.000022650402
 0.000031402473
 0.000022391264
 0.000030468966
 0.000023295457
 0.000020528486
 0.000015204770
 0.000016388383
 0.000017585359
 0.000031567416
 0.000022809608
 0.000021314765
 0.000013124018
 0.000029005552
 0.000022796370
 0.000031440808
 0.000022447586
 0.000018961804
 0.000021567822
 0.000023152767
 0.000026060918
 0.000019746605
 0.000012634670
 0.000037190043
 0.000019936796
 0.000026512365
 0.000022565705
 0.000029896778
 0.000013779233
 0.000037564796
 0.000066549404
 0.000021095791
 0.000032667546
 0.000031454082
 0.000049988989
 0.000033158488
 0.000032741790
 0.000057553646
 0.000020682277
 0.000043718676
 0.000025714745
 0.000013693613
 0.000008616320
 0.000010450323
 0.000014182358
 0.000036601289
 0.000023101968
 0.000071624888
 0.000059915123
 0.000096580634
 0.000119294959
 0.000098214449
 0.000197157445
 0.000189200104
 0.000148967564
 0.000086291078
 0.000106357781
 0.000063464610
 0.000027362040
 0.000072525083
 0.000126800929
 0.000037655725
 0.000030253539
 0.000027600458
 0.000029618464
 0.000017064143
 0.000010070742
 0.000010880157
 0.000022312104
 0.000014227964
 0.000010709521
 0.000014248557
 0.000017555610
 0.000016661127
 0.000007220017
 0.000009131979
 0.000012646250
 0.000017524733
 0.000017310775
 0.000028193240
 0.000012965175
 0.000024111080
 0.000018227672
 0.000020437509
 0.000037388569
 0.000052323081
 0.000032312562
 0.000024501732
 0.000033541993
 0.000055412259
 0.000031499039
 0.000041794979
 0.000014645032
 0.000013707625
 0.000034644371
 0.000016770584
 0.000012852383
 0.000009063163
 0.000014219638
 0.000019284772
 0.000015742963
 0.000015573877
 0.000015104523
 0.000023888856
 0.000010389932
 0.000010719857
 0.000022065457
 0.000005598785
 0.000009466379
 0.000007432690
 0.000013025008
 0.000018919996
 0.000004123295
 0.000013453780
 0.000014863022
 0.000015799211
 0.000022471400
 0.000008302798
 0.000023681360
 0.000011932656
 0.000015398006
 0.000015903146
 0.000009817867
 0.000017436441
 0.000008272747
 0.000018519825
 0.000015928080
 0.000035350486
 0.000008801248
 0.000010553223
 0.000010122460
 0.000018953657
 0.000032467538
 0.000029771795
 0.000018660484
 0.000048353693
 0.000033041721
 0.000013950052
 0.000031429147
 0.000029531272
 0.000029634392
 0.000068595175
 0.000047386033
 0.000034829655
 0.000057059448
 0.000182380669
 0.000090694548
 0.000079064876
 0.000091411819
 0.000053793626
 0.000093420803
 0.000074480630
 0.000034563728
 0.000077391536
 0.000109884903
 0.000095813879
 0.000050125894
 0.000047685092
 0.000023577435
 0.000035705470
 0.000038792419
 0.000021489585
 0.000012309163
 0.000019354144
 0.000038109743
 0.000016440172
 0.000030615024
 0.000021299240
 0.000023520729
 0.000033760087
 0.000010925610
 0.000020193068
 0.000014353237
 0.000038732550
 0.000060599343
 0.000020622910
 0.000031753382
 0.000018785520
 0.000022755093
 0.000039901055
 0.000021679553
 0.000056076594
 0.000099837270
 0.000099891684
 0.000023598362
 0.000075380665
 0.000179047009
 0.000129268837
 0.000065295011
 0.000073780546
 0.000072455527
 0.000093371093
 0.000080831371
 0.000044340407
 0.000067147939
 0.000101927817
 0.000043356477
 0.000060171550
 0.000144570584
 0.000113030363
 0.000044974140
 0.000092705143
 0.000069390625
 0.000035848663
 0.000051572298
 0.000040972447
 0.000043896677
 0.000036751653
 0.000081546694
 0.000062806948
 0.000034921917
 0.000031462871
 0.000042418276
 0.000054483446
 0.000075079714
 0.000106406150
 0.000063442842
 0.000101627918
 0.000169358106
 0.000071331164
 0.000120950388
 0.000209527882
 0.000176945411
 0.000113779770
 0.000071936766
 0.000046544172
 0.000148538552
 0.000172691268
 0.000057072049
 0.000046018602
 0.000120886632
 0.000063102118
 0.000072988604
 0.000045220756
 0.000039942132
 0.000064877185
 0.000041481454
 0.000033258632
 0.000045299488
 0.000023439220
 0.000017834306
 0.000018044560
 0.000016135648
 0.000020181305
 0.000035987382
 0.000017234568
 0.000049558383
 0.000032803255
 0.000054517270
 0.000035699345
 0.000014410240
 0.000026393352
 0.000023478506
 0.000040201381
 0.000025803707
 0.000016460049
 0.000015317888
 0.000022133094
 0.000020108573
 0.000035044148
 0.000079961255
 0.000040647663
 0.000032216201
 0.000013906403
 0.000018524674
 0.000033284481
 0.000033773948
 0.000034693755
 0.000041248535
 0.000045323621
 0.000063896497
 0.000049492147
 0.000049629481
 0.000055969708
 0.000032625598
 0.000051386340
 0.000041977178
 0.000027385403
 0.000095075087
 0.000082253990
 0.000074181287
 0.000075906010
 0.000067345079
 0.000057504959
 0.000024567995
 0.000082062664
 0.000076596686
 0.000035043668
 0.000059190688
 0.000034203611
 0.000022584755
 0.000025718794
 0.000012820726
 0.000029714227
 0.000040178018
 0.000019738045
 0.000045449789
 0.000051486786
 0.000067291930
 0.000125215008
 0.000049888036
 0.000043216632
 0.000081089734
 0.000050223669
 0.000034092277
 0.000049964185
 0.000043532747
 0.000045339453
 0.000038889432
 0.000031041319
 0.000054887307
 0.000035847764
 0.000035958981
 0.000090860833
 0.000032509602
 0.000018321943
 0.000019584171
 0.000012808158
 0.000029993835
 0.000020503004
 0.000014390297
 0.000020540048
 0.000020094166
 0.000034800486
 0.000016175966
 0.000029897261
 0.000029562630
 0.000015684247
 0.000023900233
 0.000020102366
 0.000023669180
 0.000020791911
 0.000048810931
 0.000026072702
 0.000020255921
 0.000016681113
 0.000018682046
 0.000010155463
 0.000023760482
 0.000018151257
 0.000017594050
 0.000025210610
 0.000020162415
 0.000027151031
 0.000033222590
 0.000034122870
 0.000032364982
 0.000027476042
 0.000014853272
 0.000012389321
 0.000018715481
 0.000019182319
 0.000030664066
 0.000020106952
 0.000028477394
 0.000023748634
 0.000017440172
 0.000007077903
 0.000012755196
 0.000004460787
 0.000010747370
 0.000011348577
 0.000020269985
 0.000015776287
 0.000007442045
 0.000021819043
 0.000023267746
 0.000009026447
 0.000014570900
 0.000022389894
 0.000041705261
 0.000025666900
 0.000045816814
 0.000029711674
 0.000025365153
 0.000025265591
 0.000033816297
 0.000013715356
 0.000033989191
 0.000027345587
 0.000025449549
 0.000025203465
 0.000015098937
 0.000020385763
 0.000074022181
 0.000020995647
 0.000052915125
 0.000024631343
 0.000054998724
 0.000062942693
 0.000031541877
 0.000036996188
 0.000039900121
 0.000096054591
 0.000044201991
 0.000062214498
 0.000072154763
 0.000056445255
 0.000080560506
 0.000068174382
 0.000090380652
 0.000111242613
 0.000054299504
 0.000067582511
 0.000047357590
 0.000057423367
 0.000080320508
 0.000101167858
 0.000059553941
 0.000030147382
 0.000032259805
 0.000013599215
 0.000032659608
 0.000027033764
 0.000037418274
 0.000022432540
 0.000046569809
 0.000039878244
 0.000059756890
 0.000038236677
 0.000027339470
 0.000015157454
 0.000021659195
 0.000032130730
 0.000027502630
 0.000026832898
 0.000041728026
 0.000050734568
 0.000127264297
 0.000088412715
 0.000143938002
 0.000072827714
 0.000101917931
 0.000049895452
 0.000063685555
 0.000084969155
 0.000084039138
 0.000066669708
 0.000047936835
 0.000122280917
 0.000035478817
 0.000129028738
 0.000034864044
 0.000049963307
 0.000107250562
 0.000071939229
 0.000050915958
 0.000033287985
 0.000036450841
 0.000034754013
 0.000066064511
 0.000088283103
 0.000048372216
 0.000048089683
 0.000110449006
 0.000064184406
 0.000057731022
 0.000125448778
 0.000128824584
 0.000068018580
 0.000079624513
 0.000076242875
 0.000034321621
 0.000044607320
 0.000053310240
 0.000037041354
 0.000062508559
 0.000099662508
 0.000052843962
 0.000096573040
 0.000085858556
 0.000046130870
 0.000093813756
 0.000080674839
 0.000101073505
 0.000081956440
 0.000079007291
 0.000081547463
 0.000133742972
 0.000096172603
 0.000048065592
 0.000221677549
 0.000180081128
 0.000129051023
 0.000067758399
 0.000070178553
 0.000090191037
 0.000066100554
 0.000049927182
 0.000111844242
 0.000048839816
 0.000099356336
 0.000193484758
 0.000128806890
 0.000071248135
 0.000095314632
 0.000175048368
 0.000083697851
 0.000104496685
 0.000144821287
 0.000176223226
 0.000092154839
 0.000104482711
 0.000154154476
 0.000189639901
 0.000203674510
 0.000219539399
 0.000296423442
 0.000194160637
 0.000150508568
 0.000181970608
 0.000186850436
 0.000215517809
 0.000291248921
 0.000256729877
 0.000482233493
 0.000139191922
 0.000243644292
 0.000080112147
 0.000274049645
 0.000097166032
 0.000103086498
 0.000025077314
 0.000068266839
 0.000042042060
 0.000083987593
 0.000066798970
 0.000071665414
 0.000055580588
 0.000077667144
 0.000036417219
 0.000030716385
 0.000062900662
 0.000065664205
 0.000074178118
 0.000086997285
 0.000049228712
 0.000033482413
 0.000045909815
 0.000116676294
 0.000136652286
 0.000132073286
 0.000074599378
 0.000082780976
 0.000085153108
 0.000054287796
 0.000099281485
 0.000097894719
 0.000054269083
 0.000105479194
 0.000098537469
 0.000063723966
 0.000091642096
 0.000103347415
 0.000034759084
 0.000068939129
 0.000140714746
 0.000160874552
 0.000202911623
 0.000101729425
 0.000085241321
 0.000119638974
 0.000121599850
 0.000081692992
 0.000092461311
 0.000133067765
 0.000104727645
 0.000088889561
 0.000093265130
 0.000052020790
 0.000084413734
 0.000124833439
 0.000160994508
 0.000126611001
 0.000112021235
 0.000156495604
 0.000168607748
 0.000110108136
 0.000218845608
 0.000062906743
 0.000154655163
 0.000104893825
 0.000116862792
 0.000162100582
 0.000114617958
 0.000058735913
 0.000092440983
 0.000089405313
 0.000116162131
 0.000102030845
 0.000262631976
 0.000180592195
 0.000181821916
 0.000078965524
 0.000111867439
 0.000042273166
 0.000081905316
 0.000056558157
 0.000108325596
 0.000141194208
 0.000244888322
 0.000238330836
 0.000128795852
 0.000087513802
 0.000079688229
 0.000253135064
 0.000120224738
 0.000040933135
 0.000057284713
 0.000068790126
 0.000072451195
 0.000091436940
 0.000078272384
 0.000063983799
 0.000073645834
 0.000045560006
 0.000065924809
 0.000050477766
 0.000073164390
 0.000066318586
 0.000100609188
 0.000085679591
 0.000149999495
 0.000059198175
 0.000079143829
 0.000044722916
 0.000031617471
 0.000065428193
 0.000041880025
 0.000047738152
 0.000039211275
 0.000057940827
 0.000027977278
 0.000113173106
 0.000029053014
 0.000071672321
 0.000059452053
 0.000158907758
 0.000048961907
 0.000049365215
 0.000092182726
 0.000081619988
 0.000080826005
 0.000078746180
 0.000143766797
 0.000077573672
 0.000042467600
 0.000049262410
 0.000046837100
 0.000102666178
 0.000121788071
 0.000066054010
 0.000159367124
 0.000054815098
 0.000099399121
 0.000140631016
 0.000054915829
 0.000062611226
 0.000088513017
 0.000090693767
 0.000063363241
 0.000076399334
 0.000071348181
 0.000053075795
 0.000107330682
 0.000068994414
 0.000087430516
 0.000057442920
 0.000108469068
 0.000047953482
 0.000041410010
 0.000056852192
 0.000077002496
 0.000060076250
 0.000075416954
 0.000036696537
 0.000036006857
 0.000029780875
 0.000022702291
 0.000049266687
 0.000069076051
 0.000066129695
 0.000048247718
 0.000047599022
 0.000036966567
 0.000015053878
 0.000027951882
 0.000044479261
 0.000026255241
 0.000020944360
 0.000004711135
 0.000004444857
 0.000014593608
 0.000022399618
 0.000085139236
 0.000009735065
 0.000030041964
 0.000058215241
 0.000083393195
 0.000093836258
 0.000037779213
 0.000057245710
 0.000050742223
 0.000028943288
 0.000031015620
 0.000037092078
 0.000044945430
 0.000041952798
 0.000040628202
 0.000017780769
 0.000052922233
 0.000044484051
 0.000025470125
 0.000042380318
 0.000042750647
 0.000033093421
 0.000040631635
 0.000035904425
 0.000032235900
 0.000029399944
 0.000060208208
 0.000028601527
 0.000036346968
 0.000043117891
 0.000026826571
 0.000018248543
 0.000007034168
 0.000024722434
 0.000009179126
 0.000006776563
 0.000010227257
 0.000012920143
 0.000008284852
 0.000009791845
 0.000005110578
 0.000011188604
 0.000002406955
 0.000007759945
 0.000013663968
 0.000024206952
 0.000012667945
 0.000010282886
 0.000028960982
 0.000018493463
 0.000010115985
 0.000023903260
 0.000010057494
 0.000016965607
 0.000024165652
 0.000015552141
 0.000026497734
 0.000043333776
 0.000027016694
 0.000013292410
 0.000013631610
 0.000011361053
 0.000009637063
 0.000007805085
 0.000019075711
 0.000036040443
 0.000045203915
 0.000106659456
 0.000073343127
 0.000074785323
 0.000068602293
 0.000042063898
 0.000032738461
 0.000069208898
 0.000040487417
 0.000038496624
 0.000044927855
 0.000033641249
 0.000027657065
 0.000018217096
 0.000039057951
 0.000016534989
 0.000034722406
 0.000026412301
 0.000026069340
 0.000017738934
 0.000021590750
 0.000009118342
 0.000008740109
 0.000010237738
 0.000012017559
 0.000008732216
 0.000012852919
 0.000009066652
 0.000004840973
 0.000003715924
 0.000003031021
 0.000008608576
 0.000005498558
 0.000002574413
 0.000002989534
 0.000002165976
 0.000007306367
 0.000003496316
 0.000004166426
 0.000004619797
 0.000003513086
 0.000005802219
 0.000007802999
 0.000013729621
 0.000010407372
 0.000012303022
 0.000004946921
 0.000009150235
 0.000016650364
 0.000012671609
 0.000016176296
 0.000028151181
 0.000018831287
 0.000014649321
 0.000015435768
 0.000036784719
 0.000029011431
 0.000015695986
 0.000013246852
 0.000020193468
 0.000018364956
 0.000021156346
 0.000027988282
 0.000010475234
 0.000012573464
 0.000005655572
 0.000007437173
 0.000011512812
 0.000014387317
 0.000015349692
 0.000028917492
 0.000008132662
 0.000008858417
 0.000015122741
 0.000023885988
 0.000014053227
 0.000026599409
 0.000027116124
 0.000035468926
 0.000048254357
 0.000012685369
 0.000038072956
 0.000014953915
 0.000033954927
 0.000040312640
 0.000024641072
 0.000013352063
 0.000015791590
 0.000014188363
 0.000021418619
 0.000026757934
 0.000014253439
 0.000017415420
 0.000019425266
 0.000025273148
 0.000027891908
 0.000020204191
 0.000015787121
 0.000020022255
 0.000040920542
 0.000018168885
 0.000024458311
 0.000014110424
 0.000036630964
 0.000009752947
 0.000023655052
 0.000018465971
 0.000014196740
 0.000005591197
 0.000014728203
 0.000011625886
 0.000016740284
 0.000028789514
 0.000012801816
 0.000028253963
 0.000024983372
 0.000020026092
 0.000034100928
 0.000008065692
 0.000021868521
 0.000021203199
 0.000022029007
 0.000013893250
 0.000030868989
 0.000039673782
 0.000046807332
 0.000037237215
 0.000034211007
 0.000017410448
 0.000038047868
 0.000028332029
 0.000013235521
 0.000006858754
 0.000008793045
 0.000004695427
 0.000007748952
 0.000008031590
 0.000004650224
 0.000007655931
 0.000005086226
 0.000013585682
 0.000016422499
 0.000005723575
 0.000011427735
 0.000009196133
 0.000007273922
 0.000015657427
 0.000008552110
 0.000009818733
 0.000007070498
 0.000005737794
 0.000005830528
 0.000004590531
 0.000006582843
 0.000007998686
 0.000009397311
 0.000013704119
 0.000020713920
 0.000012279323
 0.000028377713
 0.000021584666
 0.000015980817
 0.000028597439
 0.000010645161
 0.000008405913
 0.000019103840
 0.000008504391
 0.000009579598
 0.000021056732
 0.000027379989
 0.000007727312
 0.000011307194
 0.000028962027
 0.000005859185
 0.000018815101
 0.000012130501
 0.000006232535
 0.000005685747
 0.000004930839
 0.000002696225
 0.000004823826
 0.000012756407
 0.000008440290
 0.000007899232
 0.000007106858
 0.000006697667
 0.000008042121
 0.000007413261
 0.000007460534
 0.000013333383
 0.000006842367
 0.000008679989
 0.000011084941
 0.000011322518
 0.000013344116
 0.000009354566
 0.000008139076
 0.000010465305
 0.000006152512
 0.000011618662
 0.000027025327
 0.000013221620
 0.000010335277
 0.000006431274
 0.000009198401
 0.000006829591
 0.000033944059
 0.000011097103
 0.000018668215
 0.000011902876
 0.000009864946
 0.000017069040
 0.000006791238
 0.000006788821
 0.000016161908
 0.000020459436
 0.000006703505
 0.000010480424
 0.000016651450
 0.000008810426
 0.000034977778
 0.000016100126
 0.000030631121
 0.000012340060
 0.000014505041
 0.000011467594
 0.000015952174
 0.000015096435
 0.000010648748
 0.000015032217
 0.000024079250
 0.000012310342
 0.000012990411
 0.000012627561
 0.000015206532
 0.000011187990
 0.000006525496
 0.000003761762
 0.000011082938
 0.000015744018
 0.000008414825
 0.000011666611
 0.000007257938
 0.000005160005
 0.000010155765
 0.000013855313
 0.000017217636
 0.000015441714
 0.000008528049
 0.000011029784
 0.000027068449
 0.000012315602
 0.000017867375
 0.000013414243
 0.000010690941
 0.000018333559
 0.000009027204
 0.000006183019
 0.000014412856
 0.000011339037
 0.000004819936
 0.000011902589
 0.000011104002
 0.000028066960
 0.000021828273
 0.000020851671
 0.000024764089
 0.000016948100
 0.000027381651
 0.000009746501
 0.000007005446
 0.000010141322
 0.000003476854
 0.000009023837
 0.000011106174
 0.000010230835
 0.000003983711
 0.000004720563
 0.000010585041
 0.000006138660
 0.000013510482
 0.000011308264
 0.000010870939
 0.000004780779
 0.000003096290
 0.000005981676
 0.000013941074
 0.000010612939
 0.000002385548
 0.000005397363
 0.000005515405
 0.000005099479
 0.000004150839
 0.000004234387
 0.000010365758
 0.000004819962
 0.000004427733
 0.000008677710
 0.000006255947
 0.000010949720
 0.000012057228
 0.000019827697
 0.000014472501
 0.000024574028
 0.000027338872
 0.000014893076
 0.000020020945
 0.000018043975
 0.000016992654
 0.000023094083
 0.000061417085
 0.000050165174
 0.000031454929
 0.000023819194
 0.000031091273
 0.000028275401
 0.000029651887
 0.000011135053
 0.000018541217
 0.000011309185
 0.000019689184
 0.000026150798
 0.000024082068
 0.000019297309
 0.000029483207
 0.000029164304
 0.000044430850
 0.000024709620
 0.000030415541
 0.000031786780
 0.000040397991
 0.000081126842
 0.000040411931
 0.000060672245
 0.000058917818
 0.000049170924
 0.000055001360
 0.000064347465
 0.000033733305
 0.000028683018
 0.000025307578
 0.000041432362
 0.000011509839
 0.000020539809
 0.000031598948
 0.000013083496
 0.000024890700
 0.000016365718
 0.000018384088
 0.000028313506
 0.000060533978
 0.000085896916
 0.000092473395
 0.000063098671
 0.000067260438
 0.000043814506
 0.000129995512
 0.000063986830
 0.000087767673
 0.000036785186
 0.000050784636
 0.000042797324
 0.000047426339
 0.000069979609
 0.000058936026
 0.000087446028
 0.000049709459
 0.000029373718
 0.000049503710
 0.000059192823
 0.000037198869
 0.000048285400
 0.000025931101
 0.000021098625
 0.000037863160
 0.000047131213
 0.000032527930
 0.000046160670
 0.000041865159
 0.000056203658
 0.000040297579
 0.000029831327
 0.000031707272
 0.000021903794
 0.000034042991
 0.000027607962
 0.000012650568
 0.000054447379
 0.000013492325
 0.000013146787
 0.000019470179
 0.000014909385
 0.000016006563
 0.000010947902
 0.000012926789
 0.000007341471
 0.000008120143
 0.000009331431
 0.000017216873
 0.000009928339
 0.000013752608
 0.000011930369
 0.000005282085
 0.000008990550
 0.000021211015
 0.000015821278
 0.000014490355
 0.000008218256
 0.000006870104
 0.000011731094
 0.000045919165
 0.000021571089
 0.000011885010
 0.000007919003
 0.000009898497
 0.000005428126
 0.000006480017
 0.000005868398
 0.000003045268
 0.000006026975
 0.000004789067
 0.000005609161
 0.000013213356
 0.000029885809
 0.000025564411
 0.000008975151
 0.000011726890
 0.000012036972
 0.000027019880
 0.000009954038
 0.000083518002
 0.000038029459
 0.000023245923
 0.000017324973
 0.000015654579
 0.000014808741
 0.000009866327
 0.000013437408
 0.000010981349
 0.000007547447
 0.000018674546
 0.000014216709
 0.000006624348
 0.000009677901
 0.000017075167
 0.000034538457
 0.000023623356
 0.000063703916
 0.000025720731
 0.000027823897
 0.000034071880
 0.000026906800
 0.000011205374
 0.000013582484
 0.000018122160
 0.000025323378
 0.000017604081
 0.000024628890
 0.000017757889
 0.000032223537
 0.000019816418
 0.000026226929
 0.000022075218
 0.000050949333
 0.000030679056
 0.000017352130
 0.000014019624
 0.000020510937
 0.000045992289
 0.000027112780
 0.000034359393
 0.000076818491
 0.000091976845
 0.000091316623
 0.000075122061
 0.000030258209
 0.000042021847
 0.000110930754
 0.000050970912
 0.000044716771
 0.000043761623
 0.000024044300
 0.000037446629
 0.000049185763
 0.000031734043
 0.000027748370
 0.000032412918
 0.000021776426
 0.000045315583
 0.000019924641
 0.000021855658
 0.000055553792
 0.000065932520
 0.000031108448
 0.000023642982
 0.000014663895
 0.000024952944
 0.000049504065
 0.000010161907
 0.000032093870
 0.000007209028
 0.000007355817
 0.000009042958
 0.000019129952
 0.000009903406
 0.000012010505
 0.000040629538
 0.000018163544
 0.000027876937
 0.000018908228
 0.000017626746
 0.000018267097
 0.000015883528
 0.000016084328
 0.000006862951
 0.000013741356
 0.000019518677
 0.000025582703
 0.000017486340
 0.000039368041
 0.000011117740
 0.000079389159
 0.000048468028
 0.000022537896
 0.000008133831
 0.000014651736
 0.000005308854
 0.000015039407
 0.000015540378
 0.000021813199
 0.000023680474
 0.000011854345
 0.000025587828
 0.000053844140
 0.000130874823
 0.000068219338
 0.000038231797
 0.000039894078
 0.000026970993
 0.000018681905
 0.000044792327
 0.000032069005
 0.000019667524
 0.000022295197
 0.000039787356
 0.000054826476
 0.000029839199
 0.000032991236
 0.000079964283
 0.000031676332
 0.000038089691
 0.000106385533
 0.000046405766
 0.000052254207
 0.000045564444
 0.000028848293
 0.000034663980
 0.000022936847
 0.000012226042
 0.000018320153
 0.000006244295
 0.000023393959
 0.000047459664
 0.000017417515
 0.000021163344
 0.000023445699
 0.000028832287
 0.000033072694
 0.000028838300
 0.000066808066
 0.000068807855
 0.000045270703
 0.000024223282
 0.000045786166
 0.000053763641
 0.000033178792
 0.000042779148
 0.000075941589
 0.000038620793
 0.000025241829
 0.000013773683
 0.000043931244
 0.000036454480
 0.000009857939
 0.000010344501
 0.000014778339
 0.000015476199
 0.000011150137
 0.000017214687
 0.000035579268
 0.000046015285
 0.000040863147
 0.000067083596
 0.000113104787
 0.000102296272
 0.000047534554
 0.000027438933
 0.000036158747
 0.000034486706
 0.000069710752
 0.000045016533
 0.000030534182
 0.000019646894
 0.000037460572
 0.000047097943
 0.000035342978
 0.000055506277
 0.000047710561
 0.000009683532
 0.000045548310
 0.000023124948
 0.000018415162
 0.000039515927
 0.000032081670
 0.000028576967
 0.000015764720
 0.000013983567
 0.000021729493
 0.000031553816
 0.000037388591
 0.000040451314
 0.000012683631
 0.000006259775
 0.000011112665
 0.000031219344
 0.000017241238
 0.000032894867
 0.000033722435
 0.000020587165
 0.000031396319
 0.000015551080
 0.000039684633
 0.000016543821
 0.000016917988
 0.000039156459
 0.000032766545
 0.000023518506
 0.000021288341
 0.000030862086
 0.000011035520
 0.000028630367
 0.000014074690
 0.000022054654
 0.000010080184
 0.000033930933
 0.000016836879
 0.000016996028
 0.000029973262
 0.000013260836
 0.000009942250
 0.000009662476
 0.000004135807
 0.000001405738
 0.000002532587
 0.000002609625
 0.000001212871
 0.000000551339
 0.000001995763
 0.000001523871
 0.000002251317
 0.000002066099
 0.000001596703
 0.000002563246
 0.000002381096
 0.000002267932
 0.000002853956
 0.000001864796
 0.000004103532
 0.000004095762
 0.000002939462
 0.000005955100
 0.000003126329
 0.000002165468
 0.000002306571
 0.000006687514
 0.000003593003
 0.000002348817
 0.000002913883
 0.000000611263
 0.000002230557
 0.000003202897
 0.000001136532
 0.000001915465
 0.000001615358
 0.000004365791
 0.000002481796
 0.000004316263
 0.000003059495
 0.000001842834
 0.000002198878
 0.000001581620
 0.000003693450
 0.000002429698
 0.000003509245
 0.000002796019
 0.000002295270
 0.000002202238
 0.000001869084
 0.000002508234
 0.000001593304
 0.000001384466
 0.000003166694
 0.000001572698
 0.000001507160
 0.000002650901
 0.000001234526
 0.000001364596
 0.000001499493
 0.000001331240
 0.000001790725
 0.000001536905
 0.000004021830
 0.000002908326
 0.000001468817
 0.000002515797
 0.000001435422
 0.000001385419
 0.000001979309
 0.000001992862
 0.000001831230
 0.000002456533
 0.000006099714
 0.000002908870
 0.000003281479
 0.000001461554
 0.000002895267
 0.000003135021
 0.000003592922
 0.000002757703
 0.000006922516
 0.000003750090
 0.000006976047
 0.000004369997
 0.000004611797
 0.000006415651
 0.000007843936
 0.000038281698
 0.000026243614
 0.000054057636
 0.000037950088
 0.000015755776
 0.000045599562
 0.000031813470
 0.000006281770
 0.000013109488
 0.000008870281
 0.000010658534
 0.000012971131
 0.000003752569
 0.000004336297
 0.000008624778
 0.000009553701
 0.000004278183
 0.000013017506
 0.000006343714
 0.000004397138
 0.000005662445
 0.000002757032
 0.000005116294
 0.000004809813
 0.000004620467
 0.000008082028
 0.000007621136
 0.000006862105
 0.000012153071
 0.000005517206
 0.000006116724
 0.000006297788
 0.000005718677
 0.000007582040
 0.000010429029
 0.000009691829
 0.000009290647
 0.000015890817
 0.000018907085
 0.000018822450
 0.000054693178
 0.000056435018
 0.000079268832
 0.000032273279
 0.000028800870
 0.000023931531
 0.000032277830
 0.000035882528
 0.000024387090
 0.000010266897
 0.000027939234
 0.000018456082
 0.000056396338
 0.000025286137
 0.000062090987
 0.000092661346
 0.000171745888
 0.000095901947
 0.000040218886
 0.000052793931
 0.000085292875
 0.000084064695
 0.000060685417
 0.000066992216
 0.000049057391
 0.000042266075
 0.000026165937
 0.000026040408
 0.000036357695
 0.000037494747
 0.000084982604
 0.000009975332
 0.000016352770
 0.000010947213
 0.000027104085
 0.000029827388
 0.000058299216
 0.000027612721
 0.000049439914
 0.000043120051
 0.000011101404
 0.000022676971
 0.000020839324
 0.000023411890
 0.000026611885
 0.000021163329
 0.000013204775
 0.000017056070
 0.000017509253
 0.000011398307
 0.000019863265
 0.000025972408
 0.000025008354
 0.000032020004
 0.000050362801
 0.000070534292
 0.000070003248
 0.000070959237
 0.000098541188
 0.000056956518
 0.000052296735
 0.000059870231
 0.000137293061
 0.000061180626
 0.000107630685
 0.000213851573
 0.000099935633
 0.000091943303
 0.000051136806
 0.000105383583
 0.000110046045
 0.000127740772
 0.000086686652
 0.000159327580
 0.000080036600
 0.000285576261
 0.000201386521
 0.000164513029
 0.000162490517
 0.000164265121
 0.000215845664
 0.000203319630
 0.000161242638
 0.000121289387
 0.000055186568
 0.000105495423
 0.000126802689
 0.000081505433
 0.000030393923
 0.000032044307
 0.000046329563
 0.000027481223
 0.000025440933
 0.000065138081
 0.000095275977
 0.000039251855
 0.000025667273
 0.000029323073
 0.000028654398
 0.000041816267
 0.000041474949
 0.000024475411
 0.000062057132
 0.000055131074
 0.000084892620
 0.000065604439
 0.000117881534
 0.000085150039
 0.000054315784
 0.000087441958
 0.000184417744
 0.000078611072
 0.000062426843
 0.000089934374
 0.000061931321
 0.000066382518
 0.000103080751
 0.000076789665
 0.000069991281
 0.000081790887
 0.000074241708
 0.000127283399
 0.000042142002
 0.000050432288
 0.000079576755
 0.000095773480
 0.000045340563
 0.000058023194
 0.000066687663
 0.000037904917
 0.000027823960
 0.000045252183
 0.000043720716
 0.000031959520
 0.000040762075
 0.000033530741
 0.000018770836
 0.000040882407
 0.000020371395
 0.000029428369
 0.000048612672
 0.000032634328
 0.000080030816
 0.000063392596
 0.000056532291
 0.000028779472
 0.000049297629
 0.000108957655
 0.000076509283
 0.000086617220
 0.000085795709
 0.000055900529
 0.000100214953
 0.000066348485
 0.000040012162
 0.000076328481
 0.000052110260
 0.000075026071
 0.000092532908
 0.000087146313
 0.000054737270
 0.000058355465
 0.000065141284
 0.000035550553
 0.000046241027
 0.000030555412
 0.000021628959
 0.000032653423
 0.000027414456
 0.000015763262
 0.000028928184
 0.000021211171
 0.000040513396
 0.000103033272
 0.000042053391
 0.000035179744
 0.000028600280
 0.000024029904
 0.000051828671
 0.000082774204
 0.000021640523
 0.000039203632
 0.000025409169
 0.000081574335
 0.000101540767
 0.000032065040
 0.000028028452
 0.000054212214
 0.000034268158
 0.000042345646
 0.000025284558
 0.000035053879
 0.000029508680
 0.000017518886
 0.000019487466
 0.000018419261
 0.000027611849
 0.000021870276
 0.000029649447
 0.000058324832
 0.000056917565
 0.000033897630
 0.000049722651
 0.000037412810
 0.000064519785
 0.000056164798
 0.000069093242
 0.000066435498
 0.000057318137
 0.000030904351
 0.000030087143
 0.000053775078
 0.000040103901
 0.000034297333
 0.000050287988
 0.000043648851
 0.000042451286
 0.000063393539
 0.000020560239
 0.000053635531
 0.000058898601
 0.000047820315
 0.000037087612
 0.000024172454
 0.000032431269
 0.000060527589
 0.000041389244
 0.000042264086
 0.000049846159
 0.000043778056
 0.000094052433
 0.000044210688
 0.000048703958
 0.000027034780
 0.000045171833
 0.000025292128
 0.000056552581
 0.000024787542
 0.000018789270
 0.000016883835
 0.000046884461
 0.000057463123
 0.000045356489
 0.000026020244
 0.000066818956
 0.000046555329
 0.000039509284
 0.000036464487
 0.000015157631
 0.000022166317
 0.000015497945
 0.000017182808
 0.000017074033
 0.000015866087
 0.000023732728
 0.000023221430
 0.000036534824
 0.000082258466
 0.000042430059
 0.000023492087
 0.000014523712
 0.000017853824
 0.000031728368
 0.000039911401
 0.000040022232
 0.000026814682
 0.000030935240
 0.000018504481
 0.000025659027
 0.000036784583
 0.000038503450
 0.000027700080
 0.000023095863
 0.000016701433
 0.000005384258
 0.000012337751
 0.000008897476
 0.000012152970
 0.000003545566
 0.000009128706
 0.000011782821
 0.000013936624
 0.000008099863
 0.000002426750
 0.000003080565
 0.000006027442
 0.000013237904
 0.000010854408
 0.000004677399
 0.000004559911
 0.000005695441
 0.000006392659
 0.000001996233
 0.000003268790
 0.000007259369
 0.000003902762
 0.000002753953
 0.000003948968
 0.000003180754
 0.000008416138
 0.000008373766
 0.000003205324
 0.000004862800
 0.000003189101
 0.000002628034
 0.000002450737
 0.000010488116
 0.000005986568
 0.000003246419
 0.000008757848
 0.000017849509
 0.000006579687
 0.000005040681
 0.000009761923
 0.000012551750
 0.000011752514
 0.000007132159
 0.000011390982
 0.000013513796
 0.000014126724
 0.000009128337
 0.000005125527
 0.000008957725
 0.000010972981
 0.000008177496
 0.000013752564
 0.000017577698
 0.000013662124
 0.000019589480
 0.000010612276
 0.000013164227
 0.000010437624
 0.000008373628
 0.000018923007
 0.000015306034
 0.000008401429
 0.000011090315
 0.000011316595
 0.000009946993
 0.000006087032
 0.000009463104
 0.000012258683
 0.000013697686
 0.000008103455
 0.000012109891
 0.000016549887
 0.000018307991
 0.000018673125
 0.000007872167
 0.000020442549
 0.000020941032
 0.000019176549
 0.000013984465
 0.000028237810
 0.000017141205
 0.000012418426
 0.000004711626
 0.000009499647
 0.000006974904
 0.000008923845
 0.000010964631
 0.000010100911
 0.000022400515
 0.000014245048
 0.000007256525
 0.000004209009
 0.000010560113
 0.000013898972
 0.000010347054
 0.000012337609
 0.000014103408
 0.000019230650
 0.000026000725
 0.000072275569
 0.000061240289
 0.000079990716
 0.000034964016
 0.000061978272
 0.000048518356
 0.000026187998
 0.000038605279
 0.000027908536
 0.000016779896
 0.000024422712
 0.000030853732
 0.000032166335
 0.000036287607
 0.000053468160
 0.000023179177
 0.000031304451
 0.000047255100
 0.000022932496
 0.000019366382
 0.000023215819
 0.000030153703
 0.000034361124
 0.000045979965
 0.000059840169
 0.000063149114
 0.000037079753
 0.000063827722
 0.000047750886
 0.000009429248
 0.000025322015
 0.000024125420
 0.000051700726
 0.000043802116
 0.000046287398
 0.000042579200
 0.000021879536
 0.000024860561
 0.000029667053
 0.000026494685
 0.000020977771
 0.000020145698
 0.000022888027
 0.000021160844
 0.000062128942
 0.000027315197
 0.000032421167
 0.000021872045
 0.000020769658
 0.000022612542
 0.000018600950
 0.000025419190
 0.000015255293
 0.000024127363
 0.000033360493
 0.000027087139
 0.000018204185
 0.000023210159
 0.000017904151
 0.000042463266
 0.000045773561
 0.000100679880
 0.000026457854
 0.000048000595
 0.000033399519
 0.000040569503
 0.000037156171
 0.000041208543
 0.000029822210
 0.000019513215
 0.000015668973
 0.000019407420
 0.000012366338
 0.000025297752
 0.000014805923
 0.000012616860
 0.000009262936
 0.000012810409
 0.000006301984
 0.000010996860
 0.000016037459
 0.000011309183
 0.000026039745
 0.000010516329
 0.000016558571
 0.000022494055
 0.000016788682
 0.000015430353
 0.000013711465
 0.000025343091
 0.000013620976
 0.000021354882
 0.000012999524
 0.000007888007
 0.000016747094
 0.000020199395
 0.000020676935
 0.000026046969
 0.000026880193
 0.000023606898
 0.000021730625
 0.000030235690
 0.000048783794
 0.000023674013
 0.000047007311
 0.000070510135
 0.000120900925
 0.000059774550
 0.000087003511
 0.000086528550
 0.000082822090
 0.000097755779
 0.000087804761
 0.000078386984
 0.000083711211
 0.000060200903
 0.000075687087
 0.000071281725
 0.000118135408
 0.000384857229
 0.000096540461
 0.000054065860
 0.000053816587
 0.000030200927
 0.000029429188
 0.000055071327
 0.000046390380
 0.000023370717
 0.000017196957
 0.000011195226
 0.000016457725
 0.000017450004
 0.000034384240
 0.000040910825
 0.000040433068
 0.000083869322
 0.000042847375
 0.000060295017
 0.000087927115
 0.000045222617
 0.000040997126
 0.000029400574
 0.000071135677
 0.000025960011
 0.000028095682
 0.000036904760
 0.000044125549
 0.000069768585
 0.000063491320
 0.000032170054
 0.000030209603
 0.000017637735
 0.000024189680
 0.000034214020
 0.000027835864
 0.000031766955
 0.000063081788
 0.000036173056
 0.000024769914
 0.000032955389
 0.000035656931
 0.000028644260
 0.000033261068
 0.000051757556
 0.000047358210
 0.000161062612
 0.000071013879
 0.000074811343
 0.000106416940
 0.000069430529
 0.000081353132
 0.000049938801
 0.000058460447
 0.000047296150
 0.000039724063
 0.000104997655
 0.000062509521
 0.000071258275
 0.000041358306
 0.000032446830
 0.000043426650
 0.000062669780
 0.000058496917
 0.000022155880
 0.000035783211
 0.000059905768
 0.000056370908
 0.000032565498
 0.000082607201
 0.000029782507
 0.000028453508
 0.000025046137
 0.000074126470
 0.000034758048
 0.000059255388
 0.000015755935
 0.000011928616
 0.000018786039
 0.000041909581
 0.000023973576
 0.000021427314
 0.000019871683
 0.000024761157
 0.000020063702
 0.000026714003
 0.000028219409
 0.000049013943
 0.000049752454
 0.000113880361
 0.000063634190
 0.000047734788
 0.000060039759
 0.000082054427
 0.000046496957
 0.000072304898
 0.000057362890
 0.000059717822
 0.000020926350
 0.000044610682
 0.000067006706
 0.000123148965
 0.000065140555
 0.000103859188
 0.000170125436
 0.000094920150
 0.000050130981
 0.000051323802
 0.000068688360
 0.000062136074
 0.000100877950
 0.000049825344
 0.000120542084
 0.000053695608
 0.000078352556
 0.000116370475
 0.000073559480
 0.000089673051
 0.000144946836
 0.000159100841
 0.000083935975
 0.000083744126
 0.000089004782
 0.000085012196
 0.000073204607
 0.000101281789
 0.000045977638
 0.000087448544
 0.000052376907
 0.000069063685
 0.000047453365
 0.000076621755
 0.000039598122
 0.000027158637
 0.000033386676
 0.000030138300
 0.000023371803
 0.000017769617
 0.000017922136
 0.000017495592
 0.000029464278
 0.000013234767
 0.000029778969
 0.000015076204
 0.000060047622
 0.000030248455
 0.000028606036
 0.000023886648
 0.000044234256
 0.000062597214
 0.000047809477
 0.000034612576
 0.000034183275
 0.000038032855
 0.000074390879
 0.000099298024
 0.000043976270
 0.000031332016
 0.000031412909
 0.000061793890
 0.000063146661
 0.000059347497
 0.000050394355
 0.000026516333
 0.000036561919
 0.000049452329
 0.000031841197
 0.000032650052
 0.000047486581
 0.000031972014
 0.000024074439
 0.000021527529
 0.000007751656
 0.000025618469
 0.000031854307
 0.000018585821
 0.000014101728
 0.000017618963
 0.000020639110
 0.000014206698
 0.000012079517
 0.000041061351
 0.000024834630
 0.000014930691
 0.000020906471
 0.000006473267
 0.000024432875
 0.000012726685
 0.000026108433
 0.000016562135
 0.000020326459
 0.000062697204
 0.000015652657
 0.000012741597
 0.000035932581
 0.000015390579
 0.000025280428
 0.000015234555
 0.000042595425
 0.000015003580
 0.000021017810
 0.000016056755
 0.000020620561
 0.000010927298
 0.000015626569
 0.000033289727
 0.000019179815
 0.000008419196
 0.000008790407
 0.000008505955
 0.000007817414
 0.000018705413
 0.000012965818
 0.000015409174
 0.000014966481
 0.000022635327
 0.000019861027
 0.000046217777
 0.000026229840
 0.000041025796
 0.000036860153
 0.000032523419
 0.000047398758
 0.000071066392
 0.000068989116
 0.000029464591
 0.000012844214
 0.000014970212
 0.000044535745
 0.000037772766
 0.000039835346
 0.000020617191
 0.000079348740
 0.000049033559
 0.000037470586
 0.000021356640
 0.000056660202
 0.000049277294
 0.000042691072
 0.000072229228
 0.000041979814
 0.000032080945
 0.000060158008
 0.000042110345
 0.000028415322
 0.000016427536
 0.000008802877
 0.000013973606
 0.000013335469
 0.000019035653
 0.000019272708
 0.000015383832
 0.000017718401
 0.000024308352
 0.000029796930
 0.000036708583
 0.000021006178
 0.000018754140
 0.000029004455
 0.000037814087
 0.000034889833
 0.000044310715
 0.000012877715
 0.000015340479
 0.000011548537
 0.000013812612
 0.000012331467
 0.000006669357
 0.000017089552
 0.000028661379
 0.000030647135
 0.000014997143
 0.000026837798
 0.000050350858
 0.000018838335
 0.000026218166
 0.000018328189
 0.000018720845
 0.000023662280
 0.000019098821
 0.000020622327
 0.000036226802
 0.000016945113
 0.000029230455
 0.000038887155
 0.000030310550
 0.000039560768
 0.000033018923
 0.000035763734
 0.000013969236
 0.000042578901
 0.000015613361
 0.000027331351
 0.000034899956
 0.000041926336
 0.000043959289
 0.000046302715
 0.000017376485
 0.000034498584
 0.000023086905
 0.000038581311
 0.000044114772
 0.000024478768
 0.000025462150
 0.000017230568
 0.000023729636
 0.000024935711
 0.000023713659
 0.000041989544
 0.000055440249
 0.000046968864
 0.000024084388
 0.000038504847
 0.000062323823
 0.000029985075
 0.000037111932
 0.000046732503
 0.000037483467
 0.000031662316
 0.000040139654
 0.000043287463
 0.000046854084
 0.000071730527
 0.000035553612
 0.000019935604
 0.000036359856
 0.000019678655
 0.000012751244
 0.000015624589
 0.000024627827
 0.000027320486
 0.000019226498
 0.000031760547
 0.000019919845
 0.000025141124
 0.000018989842
 0.000032847793
 0.000055542366
 0.000021253922
 0.000029535438
 0.000034938054
 0.000022136944
 0.000022053973
 0.000017661422
 0.000037475603
 0.000026292700
 0.000023842569
 0.000035177137
 0.000030982819
 0.000042712351
 0.000023010020
 0.000042313943
 0.000017026320
 0.000038000479
 0.000058430171
 0.000021812550
 0.000012460355
 0.000024354453
 0.000024296090
 0.000016115429
 0.000020010414
 0.000020736070
 0.000022243378
 0.000016631902
 0.000012259116
 0.000022702816
 0.000011505301
 0.000036407511
 0.000025291621
 0.000043764497
 0.000037531935
 0.000029241731
 0.000029705629
 0.000044596386
 0.000029863640
 0.000035892708
 0.000028415563
 0.000022699248
 0.000040150744
 0.000024474985
 0.000017427054
 0.000033061199
 0.000022063168
 0.000031104971
 0.000033330549
 0.000019656186
 0.000009533783
 0.000008260811
 0.000015778140
 0.000011726213
 0.000009374513
 0.000009891801
 0.000021572295
 0.000024039081
 0.000017834728
 0.000014291189
 0.000026959981
 0.000034969410
 0.000034641507
 0.000016836810
 0.000030717629
 0.000009051362
 0.000011311687
 0.000013062869
 0.000005161276
 0.000015890850
 0.000014163799
 0.000008198268
 0.000007483946
 0.000005304663
 0.000020777179
 0.000008138649
 0.000038950367
 0.000031947784
 0.000010799882
 0.000012737911
 0.000018145703
 0.000031312887
 0.000009009957
 0.000012660945
 0.000009003746
 0.000008535842
 0.000012388127
 0.000008819150
 0.000020210483
 0.000006879991
 0.000024958426
 0.000016709539
 0.000007561879
 0.000005407159
 0.000011785983
 0.000007566091
 0.000010808540
 0.000008848974
 0.000012380116
 0.000007195638
 0.000013226929
 0.000015290781
 0.000014265932
 0.000006686551
 0.000007865205
 0.000009599090
 0.000007100988
 0.000004711320
 0.000008600190
 0.000007165988
 0.000008910811
 0.000007058624
 0.000008683900
 0.000007267806
 0.000012437449
 0.000039884711
 0.000011151271
 0.000008232042
 0.000006102637
 0.000006943702
 0.000010977679
 0.000007154915
 0.000008460809
 0.000009496548
 0.000007612475
 0.000009166410
 0.000008877837
 0.000012655833
 0.000007386113
 0.000006641630
 0.000013813720
 0.000009393764
 0.000005591493
 0.000009948916
 0.000009763878
 0.000009834871
 0.000005523406
 0.000011946993
 0.000008085033
 0.000007887404
 0.000011187657
 0.000009883632
 0.000004597050
 0.000011770567
 0.000008419952
 0.000009816869
 0.000007759786
 0.000008668674
 0.000008282515
 0.000009194235
 0.000006353779
 0.000010244110
 0.000008445174
 0.000004604754
 0.000008687910
 0.000012056841
 0.000006224929
 0.000005224867
 0.000005680370
 0.000003047818
 0.000012595026
 0.000004239786
 0.000006479871
 0.000005454643
 0.000014116347
 0.000006438837
 0.000008198700
 0.000010977145
 0.000004046729
 0.000006447216
 0.000005432885
 0.000005927920
 0.000010956597
 0.000012152058
 0.000010683033
 0.000006158927
 0.000014552981
 0.000013510121
 0.000004468832
 0.000009264269
 0.000012311494
 0.000006188121
 0.000008255054
 0.000006384014
 0.000007646967
 0.000007570075
 0.000009508284
 0.000018461727
 0.000009319709
 0.000012882527
 0.000018034100
 0.000004967966
 0.000008799296
 0.000009804666
 0.000006880281
 0.000011214437
 0.000005976768
 0.000014089433
 0.000010466716
 0.000010393196
 0.000009031478
 0.000005430051
 0.000008467226
 0.000006605447
 0.000010831790
 0.000010104476
 0.000011410963
 0.000013226129
 0.000011770795
 0.000007237933
 0.000009152810
 0.000005984191
 0.000009491662
 0.000009678881
 0.000008712638
 0.000008617989
 0.000008643303
 0.000010662749
 0.000010209058
 0.000007419914
 0.000002846184
 0.000003966814
 0.000008328846
 0.000007904343
 0.000008829923
 0.000007617370
 0.000011833268
 0.000006378622
 0.000005822609
 0.000004514542
 0.000007859229
 0.000007288329
 0.000007465653
 0.000007093077
 0.000012815659
 0.000007918545
 0.000009661585
 0.000010351528
 0.000005837294
 0.000006162898
 0.000003977499
 0.000005407932
 0.000012457252
 0.000007977752
 0.000012538901
 0.000013646833
 0.000004526946
 0.000008091659
 0.000007624285
 0.000006877479
 0.000007744239
 0.000004012822
 0.000004562435
 0.000003352112
 0.000007824438
 0.000005658624
 0.000023071065
 0.000006162049
 0.000010710717
 0.000010733430
 0.000010178826
 0.000009454623
 0.000009817152
 0.000021128366
 0.000012639403
 0.000008762624
 0.000006250741
 0.000009139455
 0.000010338751
 0.000006581663
 0.000012242695
 0.000006919811
 0.000012356732
 0.000016477822
 0.000012655704
 0.000008470862
 0.000010325452
 0.000020239537
 0.000011135446
 0.000017916899
 0.000014906803
 0.000017276212
 0.000012201633
 0.000014257817
 0.000010231570
 0.000009428403
 0.000006474172
 0.000014457835
 0.000011620635
 0.000016879798
 0.000013684472
 0.000007667932
 0.000023532327
 0.000010931188
 0.000009254821
 0.000017480951
 0.000010375468
 0.000005009817
 0.000008482886
 0.000010576323
 0.000008922256
 0.000013791154
 0.000014212638
 0.000012977865
 0.000008609355
 0.000006459329
 0.000009564365
 0.000006104750
 0.000010583968
 0.000021651523
 0.000020765247
 0.000014994110
 0.000009164850
 0.000021459310
 0.000013780862
 0.000010301968
 0.000005368085
 0.000005548481
 0.000004786552
 0.000007464445
 0.000005717970
 0.000005513202
 0.000004825783
 0.000008225446
 0.000009324059
 0.000011605219
 0.000006261474
 0.000007316492
 0.000005156293
 0.000003945671
 0.000007815240
 0.000009900598
 0.000003916164
 0.000001989844
 0.000005468659
 0.000009484122
 0.000006555926
 0.000005677432
 0.000004013168
 0.000002678389
 0.000004890080
 0.000007014139
 0.000008503248
 0.000002695121
 0.000003207311
 0.000003486835
 0.000003681108
 0.000005090796
 0.000002047151
 0.000006877190
 0.000007222322
 0.000009432189
 0.000009007234
 0.000004892897
 0.000005360223
 0.000008420052
 0.000004256305
 0.000005422255
 0.000004388137
 0.000015857314
 0.000012654483
 0.000023977168
 0.000011098614
 0.000006413902
 0.000016092999
 0.000010038211
 0.000008694981
 0.000012040603
 0.000007973334
 0.000009902104
 0.000011440312
 0.000012167625
 0.000009060088
 0.000012336744
 0.000007323952
 0.000008239480
 0.000005257844
 0.000008337643
 0.000004527165
 0.000004218126
 0.000005858725
 0.000010503547
 0.000010109080
 0.000007831246
 0.000005398928
 0.000017113968
 0.000013307712
 0.000006527904
 0.000004991871
 0.000010680092
 0.000006762301
 0.000007729490
 0.000008100596
 0.000005382012
 0.000006364316
 0.000007228447
 0.000009990756
 0.000008902702
 0.000012086620
 0.000006370675
 0.000007242608
 0.000008837861
 0.000012093870
 0.000012516105
 0.000022010136
 0.000010954213
 0.000013377752
 0.000005605963
 0.000007906231
 0.000007311573
 0.000014635659
 0.000006722759
 0.000010236225
 0.000019416919
 0.000027119586
 0.000012160824
 0.000013530055
 0.000017695532
 0.000017018316
 0.000014158402
 0.000008493490
 0.000010957877
 0.000013016477
 0.000021476405
 0.000014655000
 0.000022206273
 0.000023519685
 0.000020604359
 0.000014830597
 0.000009139029
 0.000007959630
 0.000005442954
 0.000006294489
 0.000006058518
 0.000009253207
 0.000004682882
 0.000007448472
 0.000004910769
 0.000006379451
 0.000006026348
 0.000002701177
 0.000003279488
 0.000007256852
 0.000003359469
 0.000005788458
 0.000003375831
 0.000003669847
 0.000006760992
 0.000003610354
 0.000002306579
 0.000002681897
 0.000005708592
 0.000005110735
 0.000004625414
 0.000010208227
 0.000005364034
 0.000004673698
 0.000003404032
 0.000005197341
 0.000001923269
 0.000001913106
 0.000004981081
 0.000003072618
 0.000004342300
 0.000004618338
 0.000008876582
 0.000004776685
 0.000004985782
 0.000003768591
 0.000005521854
 0.000004955282
 0.000005967032
 0.000005256129
 0.000008395903
 0.000007357373
 0.000003475137
 0.000008829784
 0.000004888707
 0.000004389149
 0.000007888960
 0.000003379941
 0.000004383228
 0.000003572031
 0.000007294205
 0.000003725329
 0.000007189197
 0.000015150129
 0.000016452601
 0.000008206032
 0.000008148942
 0.000005943097
 0.000003862822
 0.000009544925
 0.000017342842
 0.000008573117
 0.000007335583
 0.000006902753
 0.000011763811
 0.000009983272
 0.000010849735
 0.000009551837
 0.000007731078
 0.000007988407
 0.000006267143
 0.000011806718
 0.000005632285
 0.000008636843
 0.000012711377
 0.000013922850
 0.000007527891
 0.000003530503
 0.000005935649
 0.000006147445
 0.000014287059
 0.000008216409
 0.000007342752
 0.000005538863
 0.000014161393
 0.000007360920
 0.000007264427
 0.000014768981
 0.000005638635
 0.000005829215
 0.000006816530
 0.000006634377
 0.000003004493
 0.000003378165
 0.000005030514
 0.000006975115
 0.000005557914
 0.000005928704
 0.000003810495
 0.000004050325
 0.000006608478
 0.000005379548
 0.000012769036
 0.000008947973
 0.000007142024
 0.000007763466
 0.000007429674
 0.000005315099
 0.000004636128
 0.000013134754
 0.000008914176
 0.000008361505
 0.000010153573
 0.000007029481
 0.000006048788
 0.000009044571
 0.000010883300
 0.000006902257
 0.000005890029
 0.000005140715
 0.000004031799
 0.000014286550
 0.000010830752
 0.000011081985
 0.000011353318
 0.000008236666
 0.000008153278
 0.000003365647
 0.000012764902
 0.000008988686
 0.000008827813
 0.000009679732
 0.000009937411
 0.000017431382
 0.000015355812
 0.000011568870
 0.000019370652
 0.000009427556
 0.000012020759
 0.000062348083
 0.000015969974
 0.000009533484
 0.000009944709
 0.000007853211
 0.000008229127
 0.000022939565
 0.000017178356
 0.000009785976
 0.000004954454
 0.000012160448
 0.000010625283
 0.000022067296
 0.000009589569
 0.000012922528
 0.000015507714
 0.000017130763
 0.000012161666
 0.000004795591
 0.000006096466
 0.000008218391
 0.000006449696
 0.000011704664
 0.000002586802
 0.000007136443
 0.000005681702
 0.000007960526
 0.000010781931
 0.000005680484
 0.000010344459
 0.000007600583
 0.000007118675
 0.000006945216
 0.000015556719
 0.000019244726
 0.000018433693
 0.000017441388
 0.000007543816
 0.000009844865
 0.000006944989
 0.000013944336
 0.000008439415
 0.000017377660
 0.000011077802
 0.000019976799
 0.000022148388
 0.000007861545
 0.000015063215
 0.000008251516
 0.000013534223
 0.000011211977
 0.000005861347
 0.000009080215
 0.000010085993
 0.000006858701
 0.000006842803
 0.000006755640
 0.000008216416
 0.000006084661
 0.000009602091
 0.000009525852
 0.000007942517
 0.000009993138
 0.000015814446
 0.000011947076
 0.000012534911
 0.000010915752
 0.000005462393
 0.000017773931
 0.000009076065
 0.000009171696
 0.000014937598
 0.000029867252
 0.000008990576
 0.000016795060
 0.000008277512
 0.000010884510
 0.000014234222
 0.000011973031
 0.000014971486
 0.000015933669
 0.000012449150
 0.000012437563
 0.000019531128
 0.000015844430
 0.000017690284
 0.000024173106
 0.000047743259
 0.000029839014
 0.000028756550
 0.000028854865
 0.000021664120
 0.000014985625
 0.000015731880
 0.000011475927
 0.000008663164
 0.000013739432
 0.000011439259
 0.000005839742
 0.000003658212
 0.000010369204
 0.000009385092
 0.000005643445
 0.000005184722
 0.000006666217
 0.000003131804
 0.000005473609
 0.000005553342
 0.000009931291
 0.000010497893
 0.000011668328
 0.000012401083
 0.000008270277
 0.000009900895
 0.000006623353
 0.000007604647
 0.000008406177
 0.000007060983
 0.000008860926
 0.000013835603
 0.000017621623
 0.000023913640
 0.000022556961
 0.000019835567
 0.000032868048
 0.000030190661
 0.000030668340
 0.000022234823
 0.000017817304
 0.000027838730
 0.000017314585
 0.000008745437
 0.000006355111
 0.000021089329
 0.000004625231
 0.000004828922
 0.000011183140
 0.000007273180
 0.000010037300
 0.000005938192
 0.000008675202
 0.000005612650
 0.000010718414
 0.000005377174
 0.000005384611
 0.000006028103
 0.000014831851
 0.000003698938
 0.000008218841
 0.000001945556
 0.000006669820
 0.000007579722
 0.000007594381
 0.000005316914
 0.000004152057
 0.000004192089
 0.000003219815
 0.000002967931
 0.000001970042
 0.000003740619
 0.000003554726
 0.000001893062
 0.000003358801
 0.000006435311
 0.000005114430
 0.000004146777
 0.000009207759
 0.000006925652
 0.000004152793
 0.000002713117
 0.000004791540
 0.000008051402
 0.000007679643
 0.000005490081
 0.000003680381
 0.000003930564
 0.000011359811
 0.000007336303
 0.000004187181
 0.000004449772
 0.000006019625
 0.000004677396
 0.000005388918
 0.000005776831
 0.000004567799
 0.000005003817
 0.000004885252
 0.000002691725
 0.000003380698
 0.000003513402
 0.000003374502
 0.000010054417
 0.000004445853
 0.000005725473
 0.000003662154
 0.000011683787
 0.000006225344
 0.000010577593
 0.000005331358
 0.000004545312
 0.000009670071
 0.000012634009
 0.000012161628
 0.000007223957
 0.000010166754
 0.000015857752
 0.000009755322
 0.000006134463
 0.000009812751
 0.000005392448
 0.000002575671
 0.000007150816
 0.000008471027
 0.000008601705
 0.000009450892
 0.000011282341
 0.000056654923
 0.000032462350
 0.000043416645
 0.000043023586
 0.000014493769
 0.000019137050
 0.000019814009
 0.000017006191
 0.000026124012
 0.000007740488
 0.000025020485
 0.000061481412
 0.000026990924
 0.000073787832
 0.000032783884
 0.000032008607
 0.000056410724
 0.000053468829
 0.000043632501
 0.000054312685
 0.000040071333
 0.000053861442
 0.000022854764
 0.000041541104
 0.000068729123
 0.000033688954
 0.000022997699
 0.000036697709
 0.000029619620
 0.000025952661
 0.000033848910
 0.000023922192
 0.000030480746
 0.000033838435
 0.000030228831
 0.000011704410
 0.000038900487
 0.000029542264
 0.000019958841
 0.000018910279
 0.000021754711
 0.000033431227
 0.000034773327
 0.000020784343
 0.000023229482
 0.000018223838
 0.000015359870
 0.000017568435
 0.000018511020
 0.000023977332
 0.000014479108
 0.000024610318
 0.000041800676
 0.000033269896
 0.000035264190
 0.000034875672
 0.000018429586
 0.000029951483
 0.000030300037
 0.000033359836
 0.000015689507
 0.000021539721
 0.000020088876
 0.000017431228
 0.000041170718
 0.000030975786
 0.000017046146
 0.000023227385
 0.000027463540
 0.000008971373
 0.000036223305
 0.000021002192
 0.000041681578
 0.000048411777
 0.000041868603
 0.000031684318
 0.000020132227
 0.000015563089
 0.000017612991
 0.000022126154
 0.000024626068
 0.000022939407
 0.000046512289
 0.000039230203
 0.000028951085
 0.000016768241
 0.000021496293
 0.000026288609
 0.000019068478
 0.000023656783
 0.000028968019
 0.000033750604
 0.000032441495
 0.000029809816
 0.000028522084
 0.000020278396
 0.000018641243
 0.000033100005
 0.000029369160
 0.000036975055
 0.000027608146
 0.000027744073
 0.000014757808
 0.000018688599
 0.000029058504
 0.000048768890
 0.000016044034
 0.000027154306
 0.000031931401
 0.000024236281
 0.000027626581
 0.000031566444
 0.000020945916
 0.000034135047
 0.000014669304
 0.000024078786
 0.000025523680
 0.000012654408
 0.000009461663
 0.000068854280
 0.000015197173
 0.000022452545
 0.000029614321
 0.000029638563
 0.000020181750
 0.000015949429
 0.000021629521
 0.000034153368
 0.000017752500
 0.000021921338
 0.000049024606
 0.000034130408
 0.000034746057
 0.000032819608
 0.000057873435
 0.000073958564
 0.000037712953
 0.000019438151
 0.000020168800
 0.000029448012
 0.000019822462
 0.000023321070
 0.000033427431
 0.000029023060
 0.000018173051
 0.000027298715
 0.000019944665
 0.000012117962
 0.000019928863
 0.000025724458
 0.000029173041
 0.000030271043
 0.000024311550
 0.000033851534
 0.000013455776
 0.000016023624
 0.000023728028
 0.000021851380
 0.000039124909
 0.000011336129
 0.000020307952
 0.000027728034
 0.000023471121
 0.000023464941
 0.000027841740
 0.000010093102
 0.000012496349
 0.000014999584
 0.000044181008
 0.000012190749
 0.000010246444
 0.000009785558
 0.000014525077
 0.000007855097
 0.000010874573
 0.000020251332
 0.000029316660
 0.000032179518
 0.000014897744
 0.000008961478
 0.000022015271
 0.000008998892
 0.000012859511
 0.000011830221
 0.000009008659
 0.000009286770
 0.000005196882
 0.000009368157
 0.000016600418
 0.000054663240
 0.000075930704
 0.000062903188
 0.000030328560
 0.000044001378
 0.000021161204
 0.000013440173
 0.000017009402
 0.000013309178
 0.000008096141
 0.000004224150
 0.000005769034
 0.000005834206
 0.000001840515
 0.000003417085
 0.000005241485
 0.000004302301
 0.000006688787
 0.000003585211
 0.000002773419
 0.000006177615
 0.000012824670
 0.000002824208
 0.000002590209
 0.000001296305
 0.000003125335
 0.000003002991
 0.000006973672
 0.000002186631
 0.000005587488
 0.000010533844
 0.000003083109
 0.000005289032
 0.000004098509
 0.000005138804
 0.000006517324
 0.000006621773
 0.000004960903
 0.000004854983
 0.000007858060
 0.000003732848
 0.000005661579
 0.000004610011
 0.000004507943
 0.000003941621
 0.000002835766
 0.000006664602
 0.000006478981
 0.000004632598
 0.000002641147
 0.000002962057
 0.000006188629
 0.000002845043
 0.000004674093
 0.000006062647
 0.000006548031
 0.000005566621
 0.000001691653
 0.000001895657
 0.000002715233
 0.000002805096
 0.000003551948
 0.000003713246
 0.000004990539
 0.000010348223
 0.000005289676
 0.000013218062
 0.000015995962
 0.000013392923
 0.000005452756
 0.000006400887
 0.000005972594
 0.000011202588
 0.000009395040
 0.000005200175
 0.000004443651
 0.000002438974
 0.000002806568
 0.000005734289
 0.000007100165
 0.000002686608
 0.000001643011
 0.000003087523
 0.000009326478
 0.000001967797
 0.000001178007
 0.000004053443
 0.000002443656
 0.000001982689
 0.000003293926
 0.000002784178
 0.000002253400
 0.000003092270
 0.000001640194
 0.000002983461
 0.000002602388
 0.000003183670
 0.000001809580
 0.000001297911
 0.000001663322
 0.000003097774
 0.000004474688
 0.000002252167
 0.000004703567
 0.000002327558
 0.000002111068
 0.000002343132
 0.000001161274
 0.000002274949
 0.000003759236
 0.000002165048
 0.000001274930
 0.000001906054
 0.000002781975
 0.000007864636
 0.000002154500
 0.000006248277
 0.000004904827
 0.000004944851
 0.000004291668
 0.000007884092
 0.000002862639
 0.000007105885
 0.000008712260
 0.000005316752
 0.000010235931
 0.000007795226
 0.000006502702
 0.000015458250
 0.000009334763
 0.000009541302
 0.000005852042
 0.000004872933
 0.000008625425
 0.000007421118
 0.000014414925
 0.000014027234
 0.000040122632
 0.000011351887
 0.000021673000
 0.000018117794
 0.000020949298
 0.000011096396
 0.000006834745
 0.000013528655
 0.000010084019
 0.000009771405
 0.000011448567
 0.000005600913
 0.000007363078
 0.000017483914
 0.000009837030
 0.000012171240
 0.000012186307
 0.000012673022
 0.000013904140
 0.000011748808
 0.000013029003
 0.000019769508
 0.000017159255
 0.000025876939
 0.000016656595
 0.000010610281
 0.000004803141
 0.000012597320
 0.000018892915
 0.000014718690
 0.000008755320
 0.000017749957
 0.000010162052
 0.000014523127
 0.000004164472
 0.000009052839
 0.000006518064
 0.000004641348
 0.000011568510
 0.000013043798
 0.000010555686
 0.000012794837
 0.000012668863
 0.000014407273
 0.000010153136
 0.000011860970
 0.000009547086
 0.000008030336
 0.000008336702
 0.000006716392
 0.000006370559
 0.000008676514
 0.000008508723
 0.000008626525
 0.000006066754
 0.000005574834
 0.000004613167
 0.000010499409
 0.000006755461
 0.000008340238
 0.000007653433
 0.000011534315
 0.000019122511
 0.000010118143
 0.000011671042
 0.000005732917
 0.000009505295
 0.000012568697
 0.000005072756
 0.000009644123
 0.000008788306
 0.000005477453
 0.000008549997
 0.000007299290
 0.000011714533
 0.000004147069
 0.000007905674
 0.000007807175
 0.000010829377
 0.000009904523
 0.000010299307
 0.000005928270
 0.000011090048
 0.000009696963
 0.000007565833
 0.000010301415
 0.000011377026
 0.000010429531
 0.000007864698
 0.000010532185
 0.000009791006
 0.000005338937
 0.000006867778
 0.000005962937
 0.000010696358
 0.000012446294
 0.000009176627
 0.000016833018
 0.000041644320
 0.000017008382
 0.000010027213
 0.000004558160
 0.000003633870
 0.000010799993
 0.000013789495
 0.000011962881
 0.000013789698
 0.000014901122
 0.000012593265
 0.000009319421
 0.000011239311
 0.000010384201
 0.000011328657
 0.000024980430
 0.000007707925
 0.000003426571
 0.000011297701
 0.000006368723
 0.000008135122
 0.000007943239
 0.000012438994
 0.000007531404
 0.000008432617
 0.000009793175
 0.000022361679
 0.000007150952
 0.000015308836
 0.000020926540
 0.000019418907
 0.000005826967
 0.000022792218
 0.000008319160
 0.000032220693
 0.000010292854
 0.000010947357
 0.000016307238
 0.000007526982
 0.000009197349
 0.000005792226
 0.000010497646
 0.000012867470
 0.000005946869
 0.000009025987
 0.000007872445
 0.000022220227
 0.000023782646
 0.000057454944
 0.000010280502
 0.000028606379
 0.000015318929
 0.000010014431
 0.000005129399
 0.000015687698
 0.000013917627
 0.000015327519
 0.000009928374
 0.000008821803
 0.000014780353
 0.000006253699
 0.000008849206
 0.000006828928
 0.000017127044
 0.000007372787
 0.000014801060
 0.000009114608
 0.000007573580
 0.000006631092
 0.000011117084
 0.000012221707
 0.000008629860
 0.000006789752
 0.000004550404
 0.000003443290
 0.000003639237
 0.000004754810
 0.000005088299
 0.000004203007
 0.000012235274
 0.000008867145
 0.000008378354
 0.000005719884
 0.000008983516
 0.000008923294
 0.000017319083
 0.000026110304
 0.000017493718
 0.000012174006
 0.000010800466
 0.000009357704
 0.000021875637
 0.000012470503
 0.000010945977
 0.000021082478
 0.000025693149
 0.000026436946
 0.000023173594
 0.000024911810
 0.000034317151
 0.000011049324
 0.000007409601
 0.000009880896
 0.000007379207
 0.000018107828
 0.000009973500
 0.000018144979
 0.000014166283
 0.000018910336
 0.000011853299
 0.000010188788
 0.000012022366
 0.000011232233
 0.000023116169
 0.000009767700
 0.000012873821
 0.000004468802
 0.000012862667
 0.000010374311
 0.000016139542
 0.000006276760
 0.000008287630
 0.000005701073
 0.000006650796
 0.000004696725
 0.000003317523
 0.000003364377
 0.000005744213
 0.000008142966
 0.000011160127
 0.000008739740
 0.000009268910
 0.000004244781
 0.000004857065
 0.000003604660
 0.000003466386
 0.000005646940
 0.000006979680
 0.000006491832
 0.000004037835
 0.000003913043
 0.000005093096
 0.000004335241
 0.000005707584
 0.000011902875
 0.000006568135
 0.000003651756
 0.000013434012
 0.000007681544
 0.000012539222
 0.000009254232
 0.000013244117
 0.000015910766
 0.000003954296
 0.000003675469
 0.000004753665
 0.000007265330
 0.000002706356
 0.000002419836
 0.000004709830
 0.000006121883
 0.000002915618
 0.000003674963
 0.000002755017
 0.000005570935
 0.000005303617
 0.000002076061
 0.000003922403
 0.000003967859
 0.000005298084
 0.000008858648
 0.000005498444
 0.000006095580
 0.000004534270
 0.000003463834
 0.000004427777
 0.000004243809
 0.000004266866
 0.000004500071
 0.000002424468
 0.000006107380
 0.000005028495
 0.000014860882
 0.000006795494
 0.000003177751
 0.000006897359
 0.000002995778
 0.000009870115
 0.000005996085
 0.000009466264
 0.000005115298
 0.000006087908
 0.000005869360
 0.000005159030
 0.000027182957
 0.000055930616
 0.000021271561
 0.000038987153
 0.000057897787
 0.000050320639
 0.000015304925
 0.000020493721
 0.000007076123
 0.000007819534
 0.000013798029
 0.000015030392
 0.000025251495
 0.000009263446
 0.000004230648
 0.000008255759
 0.000010057259
 0.000009014850
 0.000005856566
 0.000004781324
 0.000014234935
 0.000005609303
 0.000011401949
 0.000008393837
 0.000004208680
 0.000003714539
 0.000003392343
 0.000006870288
 0.000002275010
 0.000003607052
 0.000004177609
 0.000005201008
 0.000005657953
 0.000004850741
 0.000004854758
 0.000004752314
 0.000003221737
 0.000002495276
 0.000001322325
 0.000000702622
 0.000001461615
 0.000001353648
 0.000001317039
 0.000002495104
 0.000002285053
 0.000001675916
 0.000001762447
 0.000000994302
 0.000002182592
 0.000002577500
 0.000001490304
 0.000002561124
 0.000001621011
 0.000002637189
 0.000001351381
 0.000001495920
 0.000001748507
 0.000002959400
 0.000001637755
 0.000001633863
 0.000001532596
 0.000003046063
 0.000000996533
 0.000002220575
 0.000002378276
 0.000001765674
 0.000001142481
 0.000001330428
 0.000001436546
 0.000001623175
 0.000001900295
 0.000002514620
 0.000002517191
 0.000003134281
 0.000002604552
 0.000001567636
 0.000001986756
 0.000000863649
 0.000002602998
 0.000001423124
 0.000002068637
 0.000006613601
 0.000003032775
 0.000001022580
 0.000002285134
 0.000004095488
 0.000002329777
 0.000003381151
 0.000012095285
 0.000006717992
 0.000010078145
 0.000007408029
 0.000003600980
 0.000003672917
 0.000009032857
 0.000003988275
 0.000002613281
 0.000005001835
 0.000002907588
 0.000001860202
 0.000001198122
 0.000001268938
 0.000000970961
 0.000001203495
 0.000001857693
 0.000001616851
 0.000002868147
 0.000005184495
 0.000003776616
 0.000002718564
 0.000005300439
 0.000008314870
 0.000003818249
 0.000003674147
 0.000004571383
 0.000005107170
 0.000002247981
 0.000003382552
 0.000003433996
 0.000002284664
 0.000006761156
 0.000002883406
 0.000005029506
 0.000005596039
 0.000002935865
 0.000002943994
 0.000004478573
 0.000002143122
 0.000004520501
 0.000003832611
 0.000003008319
 0.000005405871
 0.000001697560
 0.000002360682
 0.000002129034
 0.000001566326
 0.000002675586
 0.000002996401
 0.000004643097
 0.000002790666
 0.000003416585
 0.000002185032
 0.000002537603
 0.000003501314
 0.000001629823
 0.000002456474
 0.000000855776
 0.000002011433
 0.000003066665
 0.000002321149
 0.000001972031
 0.000002870876
 0.000005270898
 0.000002384786
 0.000001411499
 0.000002650571
 0.000002392865
 0.000003586743
 0.000006327904
 0.000002733725
 0.000003901356
 0.000003238133
 0.000004741858
 0.000006712375
 0.000003848812
 0.000003523001
 0.000003688077
 0.000003347813
 0.000008211513
 0.000003923083
 0.000004165096
 0.000005288618
 0.000004483313
 0.000006155887
 0.000004391073
 0.000006308829
 0.000009029391
 0.000012623055
 0.000018087826
 0.000012049079
 0.000006620208
 0.000006846760
 0.000004973219
 0.000002738083
 0.000006907182
 0.000002716074
 0.000004853457
 0.000003480825
 0.000003324917
 0.000004003046
 0.000003362309
 0.000003239290
 0.000002180568
 0.000003210054
 0.000007226627
 0.000005537769
 0.000004638539
 0.000006371265
 0.000005940649
 0.000015434378
 0.000010129964
 0.000017985836
 0.000005290646
 0.000004316312
 0.000013289529
 0.000008413387
 0.000010183583
 0.000008646719
 0.000006950074
 0.000005564590
 0.000002951725
 0.000003103920
 0.000004790701
 0.000004150822
 0.000007912120
 0.000004352588
 0.000003009201
 0.000004923279
 0.000004088259
 0.000004656160
 0.000009055923
 0.000009471471
 0.000006059731
 0.000011559315
 0.000003555964
 0.000008253523
 0.000006184790
 0.000004980017
 0.000009887606
 0.000005794804
 0.000015277999
 0.000010138087
 0.000014525728
 0.000004549740
 0.000012448961
 0.000005490420
 0.000008479242
 0.000009204472
 0.000005083429
 0.000005347146
 0.000004351872
 0.000004145325
 0.000003709679
 0.000003975821
 0.000005145524
 0.000009341271
 0.000009917358
 0.000003115731
 0.000005050275
 0.000003456037
 0.000003240702
 0.000003435440
 0.000002502814
 0.000003409575
 0.000009050920
 0.000008656540
 0.000013524324
 0.000034022571
 0.000055196256
 0.000029736000
 0.000027751640
 0.000010689909
 0.000023917575
 0.000014958921
 0.000017973963
 0.000022810420
 0.000006650233
 0.000014575746
 0.000015684158
 0.000018630537
 0.000011093941
 0.000020066618
 0.000021731507
 0.000013538618
 0.000007577000
 0.000013020934
 0.000009618293
 0.000008725599
 0.000019559096
 0.000012245972
 0.000024545066
 0.000010725363
 0.000011895316
 0.000007968393
 0.000006823507
 0.000009723237
 0.000010531406
 0.000033096044
 0.000025672667
 0.000012599559
 0.000015526166
 0.000010888169
 0.000018607550
 0.000019278138
 0.000028247447
 0.000014085033
 0.000015515975
 0.000020496173
 0.000019064813
 0.000012246616
 0.000010099786
 0.000006004227
 0.000008160289
 0.000008010290
 0.000005001702
 0.000014723711
 0.000020671593
 0.000022347595
 0.000008549269
 0.000016454290
 0.000016485100
 0.000011346169
 0.000018332402
 0.000011032681
 0.000007750432
 0.000012127849
 0.000010346934
 0.000015639931
 0.000021385855
 0.000007460017
 0.000009823090
 0.000008280758
 0.000007180510
 0.000005492417
 0.000013332532
 0.000008168712
 0.000014536511
 0.000014066832
 0.000014404602
 0.000009235393
 0.000011387412
 0.000007681363
 0.000004387885
 0.000002036783
 0.000007132515
 0.000002680106
 0.000007682126
 0.000005600309
 0.000004041918
 0.000002634246
 0.000002846129
 0.000001408439
 0.000003296485
 0.000004540529
 0.000009165440
 0.000002786421
 0.000001191872
 0.000003126211
 0.000000919178
 0.000002239725
 0.000001579628
 0.000002610797
 0.000001932733
 0.000000783106
 0.000001353598
 0.000000356076
 0.000001438807
 0.000002254248
 0.000002356727
 0.000002229372
 0.000004309839
 0.000002027991
 0.000001562765
 0.000000370041
 0.000000122130
 0.000000169641
 0.000000068057
 0.000000144812
 0.000000027949
 0.000000035376
 0.000000041198
 0.000000031451
 0.000000031513
 0.000000042279
 0.000000040265
 0.000000051960
 0.000000169106
 0.000000350201
 0.000000311398
 0.000000423131
 0.000000138375
 0.000000079918
 0.000000063097
 0.000000073498
 0.000000237981
 0.000000517784
 0.000000727274
 0.000000983313
 0.000000346174
 0.000000199556
 0.000000386775
 0.000000671196
 0.000000376167
 0.000000305078
 0.000000378891
 0.000000246275
 0.000001062272
 0.000002534362
 0.000000872897
 0.000001239799
 0.000001576374
 0.000000487437
 0.000000901811
 0.000001646062
 0.000001759745
 0.000000888741
 0.000000949983
 0.000000850383
 0.000000725842
 0.000000696441
 0.000000308944
 0.000001140687
 0.000000777489
 0.000001474601
 0.000000247819
 0.000000725091
 0.000000797161
 0.000001667915
 0.000001051097
 0.000000934897
 0.000000955201
 0.000001925012
 0.000000848028
 0.000000388374
 0.000001069212
 0.000001545241
 0.000001797088
 0.000001707463
 0.000001100808
 0.000001249688
 0.000001378367
 0.000001874357
 0.000001247368
 0.000002321608
 0.000001500046
 0.000002029552
 0.000001216559
 0.000001581567
 0.000002892838
 0.000001806203
 0.000000899293
 0.000001453604
 0.000001266930
 0.000001580279
 0.000000855540
 0.000000744713
 0.000001024498
 0.000001516755
 0.000000440048
 0.000000409539
 0.000000653113
 0.000000773931
 0.000000232256
 0.000000454271
 0.000000249696
 0.000000349003
 0.000000318767
 0.000000215478
 0.000000157705
 0.000000130686
 0.000000139685
 0.000000119172
 0.000000160392
 0.000000284295
 0.000000428165
 0.000000309219
 0.000000450397
 0.000000747135
 0.000000740094
 0.000000442973
 0.000000282631
 0.000000523127
 0.000000341438
 0.000000131366
 0.000000520579
 0.000000333065
 0.000000529031
 0.000000440774
 0.000000526219
 0.000000338091
 0.000000307775
 0.000000096038
 0.000000141904
 0.000000112692
 0.000000105551
 0.000000057679
 0.000000177045
 0.000000252558
 0.000000123618
 0.000000887485
 0.000000783260
 0.000000343194
 0.000000518686
 0.000000261650
 0.000000220078
 0.000000503746
 0.000000492821
 0.000000161878
 0.000000187246
 0.000000295840
 0.000000369581
 0.000000319433
 0.000000452422
 0.000000452503
 0.000000230147
 0.000000240003
 0.000000085003
 0.000000222921
 0.000000132917
 0.000000183900
 0.000000125789
 0.000000258821
 0.000000141966
 0.000000369388
 0.000001389884
 0.000000916197
 0.000001586793
 0.000000246116
 0.000000182788
 0.000000573384
 0.000000764899
 0.000001972766
 0.000000594872
 0.000000658247
 0.000000982503
 0.000000982821
 0.000001032170
 0.000000711607
 0.000000425293
 0.000000894802
 0.000000607265
 0.000001120915
 0.000000592457
 0.000000194525
 0.000000329321
 0.000000370835
 0.000000349128
 0.000000210626
 0.000000285212
 0.000000109519
 0.000000431732
 0.000000343264
 0.000000231667
 0.000000294202
 0.000000243531
 0.000000740462
 0.000000431506
 0.000000604697
 0.000000314985
 0.000000281763
 0.000000276502
 0.000000499051
 0.000001031299
 0.000000715200
 0.000000195950
 0.000000669108
 0.000000166652
 0.000000222094
 0.000001009335
 0.000002283361
 0.000000521848
 0.000000390520
 0.000000164869
 0.000000222600
 0.000000211419
 0.000000724143
 0.000001020637
 0.000001187956
 0.000000688740
 0.000000312098
 0.000000369090
 0.000000978128
 0.000000809539
 0.000001253156
 0.000000829224
 0.000000853388
 0.000000842920
 0.000000828197
 0.000001215626
 0.000003600203
 0.000000930578
 0.000000790950
 0.000001699660
 0.000000586973
 0.000001082599
 0.000000820281
 0.000000783143
 0.000002418637
 0.000001037719
 0.000000850255
 0.000000636670
 0.000000687391
 0.000001497357
 0.000001955403
 0.000001731175
 0.000000680013
 0.000000127280
 0.000000309385
 0.000001151058
 0.000001055682
 0.000001709182
 0.000002216071
 0.000001766152
 0.000000909841
 0.000001204158
 0.000000493312
 0.000001664667
 0.000001049921
 0.000001870564
 0.000001435035
 0.000000456918
 0.000000761792
 0.000000440081
 0.000000810487
 0.000000307242
 0.000000206766
 0.000000607020
 0.000000942567
 0.000001188841
 0.000000796307
 0.000000426874
 0.000001403291
 0.000001018994
 0.000000308464
 0.000000197586
 0.000000378638
 0.000000652513
 0.000000623511
 0.000000159278
 0.000000913314
 0.000000615221
 0.000002182964
 0.000001304028
 0.000001786295
 0.000000990724
 0.000001611421
 0.000001106311
 0.000000851775
 0.000000523582
 0.000001106100
 0.000002051128
 0.000000468554
 0.000000641328
 0.000001295900
 0.000000929361
 0.000000796968
 0.000000526964
 0.000002087244
 0.000000792133
 0.000000923518
 0.000001662687
 0.000002500571
 0.000003253324
 0.000002493005
 0.000001577113
 0.000002232284
 0.000001505805
 0.000000881030
 0.000001255872
 0.000000711290
 0.000002059566
 0.000001649337
 0.000001174168
 0.000001107898
 0.000001348289
 0.000000787706
 0.000000713633
 0.000001221208
 0.000001414840
 0.000001289891
 0.000000845512
 0.000000911316
 0.000002561994
 0.000000776512
 0.000001077370
 0.000000629799
 0.000002497898
 0.000000587875
 0.000000927530
 0.000001267917
 0.000000803973
 0.000001147544
 0.000000342764
 0.000000880064
 0.000002328005
 0.000001845913
 0.000001142842
 0.000001342812
 0.000001512825
 0.000000982275
 0.000001356664
 0.000001007783
 0.000000573265
 0.000001194228
 0.000000836335
 0.000000751333
 0.000000604394
 0.000000502965
 0.000001530578
 0.000001709807
 0.000001040322
 0.000000993131
 0.000000661501
 0.000000606147
 0.000000657621
 0.000000524829
 0.000000249238
 0.000000823758
 0.000000740940
 0.000000852812
 0.000000905861
 0.000000852112
 0.000000587098
 0.000001604033
 0.000000571173
 0.000000819528
 0.000000559017
 0.000000884843
 0.000000303857
 0.000000479656
 0.000000715307
 0.000000842603
 0.000000706580
 0.000001034557
 0.000000296510
 0.000000922528
 0.000001469875
 0.000000447713
 0.000001085098
 0.000001145978
 0.000000710302
 0.000000951951
 0.000001496315
 0.000001246736
 0.000001266606
 0.000000808394
 0.000000756230
 0.000001501829
 0.000000355320
 0.000000907924
 0.000001258191
 0.000000822218
 0.000000804332
 0.000000805593
 0.000000888857
 0.000000704653
 0.000001442178
 0.000001020484
 0.000000882743
 0.000000755002
 0.000000297367
 0.000000490462
 0.000001031717
 0.000001576514
 0.000001842118
 0.000002135300
 0.000001340216
 0.000001352737
 0.000001499647
 0.000001185061
 0.000001236330
 0.000001336342
 0.000001624770
 0.000001325636
 0.000000848310
 0.000001162409
 0.000001623928
 0.000001584622
 0.000000812217
 0.000002533326
 0.000001449486
 0.000001904519
 0.000000783889
 0.000001043157
 0.000001280940
 0.000001361682
 0.000000491086
 0.000000984652
 0.000001121161
 0.000000929381
 0.000001969174
 0.000001313388
 0.000002033384
 0.000001042129
 0.000001940003
 0.000002054108
 0.000001454173
 0.000002227874
 0.000000842779
 0.000000154082
 0.000000806861
 0.000000824160
 0.000000979323
 0.000001054689
 0.000001012461
 0.000001088065
 0.000000569187
 0.000000900469
 0.000002733396
 0.000002062343
 0.000001017450
 0.000001092173
 0.000001048072
 0.000001310160
 0.000001272774
 0.000001735365
 0.000003108765
 0.000001096485
 0.000001056667
 0.000002177738
 0.000001709520
 0.000001998837
 0.000000857464
 0.000000910811
 0.000000594422
 0.000000605796
 0.000001170943
 0.000000704806
 0.000000833376
 0.000001212451
 0.000000671477
 0.000000514740
 0.000000847168
 0.000001357948
 0.000000731608
 0.000000783681
 0.000000810126
 0.000001284520
 0.000001429662
 0.000000867107
 0.000002192533
 0.000001147937
 0.000000875551
 0.000000841175
 0.000000446472
 0.000000880035
 0.000001183386
 0.000000652689
 0.000000743866
 0.000002800272
 0.000001018757
 0.000000828677
 0.000001237007
 0.000002942177
 0.000001788748
 0.000002361928
 0.000001496240
 0.000002075301
 0.000002232622
 0.000000822223
 0.000001771451
 0.000000598078
 0.000000575748
 0.000001277784
 0.000001650162
 0.000001229531
 0.000001535842
 0.000003610311
 0.000001683230
 0.000001417846
 0.000000780749
 0.000000481179
 0.000000465282
 0.000000732062
 0.000000628446
 0.000001196862
 0.000000687507
 0.000004164817
 0.000002118732
 0.000003442200
 0.000001226968
 0.000001548631
 0.000001101202
 0.000001353904
 0.000000493333
 0.000002234856
 0.000002609000
 0.000001548844
 0.000000917837
 0.000001882169
 0.000001104538
 0.000001770017
 0.000001856254
 0.000000754926
 0.000001121188
 0.000000989565
 0.000002014762
 0.000002819122
 0.000001138510
 0.000001414052
 0.000000619314
 0.000000785695
 0.000000663627
 0.000000504158
 0.000000836877
 0.000000331128
 0.000000347086
 0.000000580832
 0.000000201485
 0.000000102430
 0.000000061480
 0.000000101031
 0.000000094515
 0.000000104094
 0.000000065817
 0.000000069386
 0.000000080224
 0.000000312175
 0.000000071262
 0.000000115224
 0.000000056184
 0.000000048410
 0.000000061953
 0.000000458063
 0.000000198760
 0.000000222260
 0.000000376713
 0.000000311568
 0.000000182669
 0.000000155124
 0.000000053421
 0.000000040351
 0.000000085365
 0.000000277644
 0.000000275090
 0.000000834966
 0.000000124531
 0.000000151039
 0.000000111061
 0.000000141661
 0.000000111182
 0.000000154098
 0.000000169425
 0.000000112730
 0.000000113050
 0.000000040444
 0.000000094163
 0.000000211975
 0.000000093246
 0.000000278581
 0.000000094851
 0.000000169537
 0.000000082346
 0.000000055130
 0.000000059227
 0.000000093440
 0.000000075487
 0.000000069883
 0.000000155845
 0.000000228597
 0.000000511148
 0.000000493816
 0.000000566340
 0.000000505875
 0.000000237013
 0.000000631658
 0.000000286387
 0.000000477214
 0.000000215502
 0.000000182522
 0.000000248984
 0.000000161544
 0.000000543090
 0.000000298014
 0.000000560802
 0.000000518157
 0.000000999338
 0.000000391566
 0.000000390566
 0.000000303009
 0.000000242928
 0.000000983208
 0.000000550618
 0.000000499029
 0.000001172871
 0.000000711899
 0.000000558534
 0.000000622472
 0.000001512162
 0.000001426576
 0.000000870273
 0.000000726389
 0.000000824551
 0.000000983786
 0.000001252287
 0.000001891205
 0.000001230149
 0.000001357716
 0.000001282613
 0.000000966357
 0.000002137714
 0.000001421962
 0.000001027943
 0.000000825528
 0.000000768184
 0.000001207258
 0.000001886113
 0.000001110571
 0.000000763950
 0.000000617321
 0.000001418276
 0.000000580556
 0.000001782354
 0.000001499369
 0.000001393324
 0.000001065912
 0.000002421350
 0.000004172744
 0.000003939212
 0.000004164761
 0.000004160236
 0.000002726395
 0.000004650624
 0.000004334690
 0.000002514279
 0.000003752389
 0.000001828384
 0.000004560456
 0.000001759896
 0.000003626367
 0.000001207186
 0.000006075896
 0.000002042124
 0.000004267324
 0.000002913242
 0.000005868763
 0.000001590259
 0.000002134236
 0.000002700117
 0.000002862568
 0.000002751169
 0.000003465208
 0.000004006058
 0.000001838971
 0.000001684658
 0.000001889422
 0.000003757863
 0.000001563976
 0.000001804817
 0.000001646088
 0.000001310483
 0.000000950514
 0.000001141625
 0.000001259778
 0.000000818980
 0.000001306444
 0.000000301504
 0.000000769735
 0.000000177495
 0.000000102352
 0.000000631284
 0.000000512122
 0.000000293424
 0.000000292047
 0.000000208368
 0.000000085312
 0.000000093839
 0.000000178428
 0.000000079444
 0.000000472106
 0.000000193197
 0.000000380622
 0.000000434053
 0.000000276772
 0.000000362143
 0.000000760870
 0.000000241765
 0.000000306538
 0.000000200936
 0.000001317277
 0.000000545418
 0.000000544798
 0.000000505838
 0.000000376781
 0.000000237352
 0.000000153001
 0.000000173903
 0.000000324500
 0.000000457666
 0.000000328738
 0.000000138677
 0.000000209816
 0.000000223654
 0.000000334225
 0.000000666306
 0.000000316093
 0.000000343680
 0.000000337529
 0.000000874658
 0.000000279472
 0.000000928216
 0.000000358265
 0.000000336923
 0.000000496129
 0.000000397037
 0.000000336388
 0.000000144601
 0.000000487412
 0.000000258853
 0.000000144410
 0.000000081438
 0.000000106262
 0.000000353139
 0.000000172622
 0.000000865263
 0.000000158369
 0.000000381216
 0.000000396473
 0.000000433546
 0.000000344179
 0.000000072259
 0.000000084065
 0.000000141891
 0.000000139164
 0.000000093223
 0.000000093669
 0.000000071119
 0.000000049522
 0.000000030459
 0.000000094708
 0.000000058618
 0.000000064013
 0.000000054176
 0.000000047240
 0.000000031776
 0.000000032540
 0.000000020273
 0.000000032471
 0.000000024447
 0.000000031259
 0.000000022057
 0.000000023137
 0.000000031649
 0.000000027163
 0.000000019114
 0.000000050231
 0.000000037330
 0.000000051513
 0.000000040162
 0.000000027355
 0.000000027037
 0.000000020703
 0.000000051579
 0.000000022179
 0.000000038331
 0.000000037909
 0.000000031562
 0.000000069714
 0.000000032766
 0.000000059694
 0.000000047389
 0.000000036002
 0.000000027722
 0.000000040204
 0.000000061012
 0.000000037152
 0.000000033496
 0.000000016457
 0.000000020145
 0.000000025113
 0.000000034005
 0.000000053566
 0.000000104549
 0.000000030550
 0.000000024870
 0.000000013492
 0.000000051771
 0.000000032609
 0.000000037320
 0.000000052187
 0.000000041447
 0.000000049917
 0.000000066378
 0.000000079577
 0.000000045493
 0.000000060528
 0.000000033258
 0.000000033439
 0.000000049298
 0.000000039613
 0.000000026319
 0.000000025551
 0.000000033771
 0.000000046772
 0.000000049692
 0.000000046379
 0.000000072359
 0.000000051952
 0.000000041605
 0.000000047707
 0.000000030007
 0.000000050154
 0.000000031207
 0.000000044173
 0.000000021282
 0.000000041326
 0.000000058237
 0.000000066837
 0.000000039391
 0.000000121299
 0.000000056450
 0.000000131827
 0.000000051494
 0.000000138326
 0.000000063917
 0.000000055523
 0.000000071481
 0.000000084178
 0.000000082317
 0.000000038859
 0.000000046951
 0.000000022646
 0.000000052852
 0.000000050307
 0.000000052489
 0.000000056936
 0.000000055702
 0.000000049565
 0.000000068428
 0.000000080024
 0.000000056904
 0.000000058880
 0.000000040469
 0.000000060664
 0.000000156566
 0.000000063559
 0.000000046965
 0.000000066102
 0.000000042966
 0.000000136428
 0.000000085586
 0.000000191362
 0.000000070271
 0.000000071479
 0.000000105836
 0.000000036687
 0.000000083068
 0.000000101450
 0.000000072164
 0.000000062503
 0.000000127491
 0.000000054027
 0.000000073784
 0.000000157998
 0.000000032930
 0.000000077913
 0.000000043396
 0.000000088821
 0.000000020653
 0.000000058213
 0.000000052169
 0.000000049445
 0.000000104829
 0.000000029217
 0.000000033115
 0.000000055789
 0.000000046286
 0.000000078489
 0.000000110400
 0.000000052899
 0.000000058093
 0.000000065972
 0.000000058773
 0.000000111585
 0.000000061300
 0.000000067116
 0.000000062351
 0.000000045293
 0.000000073019
 0.000000044140
 0.000000032466
 0.000000042851
 0.000000084801
 0.000000060043
 0.000000033454
 0.000000043931
 0.000000077105
 0.000000048829
 0.000000094050
 0.000000054775
 0.000000063782
 0.000000061514
 0.000000060570
 0.000000050806
 0.000000040417
 0.000000046241
 0.000000044387
 0.000000038701
 0.000000025739
 0.000000074001
 0.000000043725
 0.000000082524
 0.000000038792
 0.000000034260
 0.000000046633
 0.000000033126
 0.000000031215
 0.000000048025
 0.000000022428
 0.000000078713
 0.000000029629
 0.000000052919
 0.000000037042
 0.000000039399
 0.000000047818
 0.000000032763
 0.000000068938
 0.000000086529
 0.000000074066
 0.000000040763
 0.000000057898
 0.000000050665
 0.000000036072
 0.000000036924
 0.000000062023
 0.000000046947
 0.000000052531
 0.000000050348
 0.000000072975
 0.000000043472
 0.000000026384
 0.000000023490
 0.000000033698
 0.000000054533
 0.000000026537
 0.000000039619
 0.000000029573
 0.000000037499
 0.000000074790
 0.000000048333
 0.000000091032
 0.000000028687
 0.000000066039
 0.000000030419
 0.000000026028
 0.000000056855
 0.000000035444
 0.000000036180
 0.000000024684
 0.000000037842
 0.000000066865
 0.000000031810
 0.000000046148
 0.000000067874
 0.000000031753
 0.000000051083
 0.000000044288
 0.000000064145
 0.000000084783
 0.000000081555
 0.000000043947
 0.000000034034
 0.000000031280
 0.000000030513
 0.000000038188
 0.000000051290
 0.000000037512
 0.000000045939
 0.000000052280
 0.000000041958
 0.000000026844
 0.000000075935
 0.000000023731
 0.000000083179
 0.000000112348
 0.000000096681
 0.000000175787
 0.000000089641
 0.000000088139
 0.000000076603
 0.000000041932
 0.000000034430
 0.000000034984
 0.000000020436
 0.000000030985
 0.000000034912
 0.000000055588
 0.000000040580
 0.000000027634
 0.000000029895
 0.000000069162
 0.000000031790
 0.000000025802
 0.000000057287
 0.000000053272
 0.000000034360
 0.000000019558
 0.000000043737
 0.000000077800
 0.000000043478
 0.000000030727
 0.000000053582
 0.000000031925
 0.000000046880
 0.000000066978
 0.000000086914
 0.000000030893
 0.000000059558
 0.000000040348
 0.000000044049
 0.000000052123
 0.000000051434
 0.000000075076
 0.000000031537
 0.000000049445
 0.000000048243
 0.000000075807
 0.000000100375
 0.000000094620
 0.000000022425
 0.000000041688
 0.000000028809
 0.000000019706
 0.000000036083
 0.000000085220
 0.000000080688
 0.000000059881
 0.000000039192
 0.000000045679
 0.000000031382
 0.000000050293
 0.000000104756
 0.000000023524
 0.000000048355
 0.000000073190
 0.000000087358
 0.000000042549
 0.000000030380
 0.000000083950
 0.000000044352
 0.000000067648
 0.000000073512
 0.000000082203
 0.000000116698
 0.000000037848
 0.000000021928
 0.000000027225
 0.000000032289
 0.000000045357
 0.000000037741
 0.000000059058
 0.000000060789
 0.000000054672
 0.000000057564
 0.000000093210
 0.000000113350
 0.000000042552
 0.000000036108
 0.000000052931
 0.000000031380
 0.000000039341
 0.000000037567
 0.000000046158
 0.000000035048
 0.000000041826
 0.000000043875
 0.000000030410
 0.000000060875
 0.000000050513
 0.000000042565
 0.000000055456
 0.000000059088
 0.000000120257
 0.000000045071
 0.000000090283
 0.000000068017
 0.000000073366
 0.000000044409
 0.000000127366
 0.000000104567
 0.000000049835
 0.000000045722
 0.000000086739
 0.000000280097
 0.000000040748
 0.000000097790
 0.000000108409
 0.000000304182
 0.000000886126
 0.000000279994
 0.000000371640
 0.000000249607
 0.000000101064
 0.000000364643
 0.000000364302
 0.000000191638
 0.000000310113
 0.000000219276
 0.000000352567
 0.000000418734
 0.000000526060
 0.000000624643
 0.000000756021
 0.000000817771
 0.000000384176
 0.000000978077
 0.000000192125
 0.000000138919
 0.000000643988
 0.000000321595
 0.000000520107
 0.000001116024
 0.000000636034
 0.000000505205
 0.000000201643
 0.000000175107
 0.000000129980
 0.000000239163
 0.000000534717
 0.000001251025
 0.000000642627
 0.000000824874
 0.000000289482
 0.000000227103
 0.000000257419
 0.000000328767
 0.000000315780
 0.000000157495
 0.000000121463
 0.000000173369
 0.000000196329
 0.000000426390
 0.000000262313
 0.000000787530
 0.000000993065
 0.000000772920
 0.000000555405
 0.000000490150
 0.000000270740
 0.000000301051
 0.000000195187
 0.000000125172
 0.000000234760
 0.000000199578
 0.000000333317
 0.000000516858
 0.000000252360
 0.000000149206
 0.000000262569
 0.000000325987
 0.000000378090
 0.000000327706
 0.000000220323
 0.000000107959
 0.000000229029
 0.000000214270
 0.000000130658
 0.000000083608
 0.000000076279
 0.000000064849
 0.000000059031
 0.000000253949
 0.000000258118
 0.000000438947
 0.000000662021
 0.000001796814
 0.000000730956
 0.000000343866
 0.000001478491
 0.000000918978
 0.000000427297
 0.000000489614
 0.000000600507
 0.000000504708
 0.000000299848
 0.000000097299
 0.000000042268
 0.000000065646
 0.000000231433
 0.000000304265
 0.000000116551
 0.000000258887
 0.000000574877
 0.000000752118
 0.000000274827
 0.000000388935
 0.000000110389
 0.000000285489
 0.000000353377
 0.000000493119
 0.000000206284
 0.000000134278
 0.000000645597
 0.000000338873
 0.000000741623
 0.000000315094
 0.000000342499
 0.000000222566
 0.000000512789
 0.000000291054
 0.000000242461
 0.000000218165
 0.000000110084
 0.000000276553
 0.000000210616
 0.000000320557
 0.000000433213
 0.000000467737
 0.000000169484
 0.000000174584
 0.000000077024
 0.000000066286
 0.000000057335
 0.000000075954
 0.000000087935
 0.000000025905
 0.000000048379
 0.000000016170
 0.000000026107
 0.000000023512
 0.000000034819
 0.000000057925
 0.000000019951
 0.000000023054
 0.000000014955
 0.000000021470
 0.000000018044
 0.000000020816
 0.000000012686
 0.000000009701
 0.000000011896
 0.000000007174
 0.000000007714
 0.000000012874
 0.000000031302
 0.000000017088
 0.000000018683
 0.000000044141
 0.000000037271
 0.000000018927
 0.000000009473
 0.000000025523
 0.000000009762
 0.000000020277
 0.000000020608
 0.000000028908
 0.000000014532
 0.000000022477
 0.000000029466
 0.000000021439
 0.000000055253
 0.000000044058
 0.000000027631
 0.000000015513
 0.000000012998
 0.000000014001
 0.000000017329
 0.000000027381
 0.000000016319
 0.000000038523
 0.000000026627
 0.000000017301
 0.000000019612
 0.000000039994
 0.000000023987
 0.000000024571
 0.000000036100
 0.000000010065
 0.000000014871
 0.000000037133
 0.000000016742
 0.000000011162
 0.000000019591
 0.000000027880
 0.000000014817
 0.000000021422
 0.000000023832
 0.000000020516
 0.000000016884
 0.000000027890
 0.000000025932
 0.000000026633
 0.000000024077
 0.000000034256
 0.000000027079
 0.000000022750
 0.000000026009
 0.000000022576
 0.000000016855
 0.000000057664
 0.000000135841
 0.000000143084
 0.000000226885
 0.000000165621
 0.000000282570
 0.000000058737
 0.000000110844
 0.000000155915
 0.000000129441
 0.000000084435
 0.000000235007
 0.000000113244
 0.000000233956
 0.000000069399
 0.000000073985
 0.000000134155
 0.000000053185
 0.000000065132
 0.000000047373
 0.000000088613
 0.000000089376
 0.000000043714
 0.000000041229
 0.000000038484
 0.000000040877
 0.000000029829
 0.000000078552
 0.000000066147
 0.000000049389
 0.000000096648
 0.000000094984
 0.000000031877
 0.000000087997
 0.000000086325
 0.000000224523
 0.000000302745
 0.000000663237
 0.000000414745
 0.000001559243
 0.000000904980
 0.000000539632
 0.000001556883
 0.000001988724
 0.000001512316
 0.000005076363
 0.000002901188
 0.000002771060
 0.000001328749
 0.000000569304
 0.000000565248
 0.000000341536
 0.000002123204
 0.000001229940
 0.000001622522
 0.000001773891
 0.000001302918
 0.000001237451
 0.000001508134
 0.000000708350
 0.000000708623
 0.000001143523
 0.000000859299
 0.000000561212
 0.000000704000
 0.000000876427
 0.000000834947
 0.000000694551
 0.000001118841
 0.000000976439
 0.000001234679
 0.000000717637
 0.000000764526
 0.000000559443
 0.000001102049
 0.000000737060
 0.000000864027
 0.000001479961
 0.000001382222
 0.000001420326
 0.000000662642
 0.000000914440
 0.000000783896
 0.000001329266
 0.000001372402
 0.000000725729
 0.000000905013
 0.000000684351
 0.000000750728
 0.000001139516
 0.000001902011
 0.000000962754
 0.000001121237
 0.000000783959
 0.000000460700
 0.000000958047
 0.000001069414
 0.000000600971
 0.000001040380
 0.000000699203
 0.000001033637
 0.000001914542
 0.000001131688
 0.000000883822
 0.000000796285
 0.000001157205
 0.000000887701
 0.000000917479
 0.000001598251
 0.000001378877
 0.000001978047
 0.000000691485
 0.000001354636
 0.000000941088
 0.000000896770
 0.000001176713
 0.000001471671
 0.000000759913
 0.000000740475
 0.000000808726
 0.000001200285
 0.000000601899
 0.000000756897
 0.000001050487
 0.000001185434
 0.000000871476
 0.000001309961
 0.000000819579
 0.000000689580
 0.000000862468
 0.000000898137
 0.000000712191
 0.000001348307
 0.000001191138
 0.000000998569
 0.000000890211
 0.000000678142
 0.000000593220
 0.000001192368
 0.000001024188
 0.000000647081
 0.000001435704
 0.000000498685
 0.000001137965
 0.000001088550
 0.000000757392
 0.000000592242
 0.000000988632
 0.000001559764
 0.000001142788
 0.000000946540
 0.000000436469
 0.000001069842
 0.000000561066
 0.000000734968
 0.000001575897
 0.000000835564
 0.000000754377
 0.000000643908
 0.000001066127
 0.000000849151
 0.000000783869
 0.000000484380
 0.000000748987
 0.000000570864
 0.000000841751
 0.000000508446
 0.000000656930
 0.000000775673
 0.000000916206
 0.000000763896
 0.000001026834
 0.000000639701
 0.000000509473
 0.000000513365
 0.000001107336
 0.000000758420
 0.000000775051
 0.000001417976
 0.000000847833
 0.000000814253
 0.000000814183
 0.000000659193
 0.000000278424
 0.000000473733
 0.000000620238
 0.000000666774
 0.000000473244
 0.000001064864
 0.000000663560
 0.000001347170
 0.000000858077
 0.000000615374
 0.000000634940
 0.000000442866
 0.000000755142
 0.000000608330
 0.000001466705
 0.000001186695
 0.000000831315
 0.000000957239
 0.000000510639
 0.000000667141
 0.000000789594
 0.000000659736
 0.000000822116
 0.000000670217
 0.000000636321
 0.000000728080
 0.000000589742
 0.000001253747
 0.000000945693
 0.000000441585
 0.000000600452
 0.000000697273
 0.000001022232
 0.000000830391
 0.000000401221
 0.000000393581
 0.000000893299
 0.000000693420
 0.000001082242
 0.000001597148
 0.000000886626
 0.000000921760
 0.000001489448
 0.000001250833
 0.000000822416
 0.000002247104
 0.000000745088
 0.000001559687
 0.000000423016
 0.000000414990
 0.000000883104
 0.000000413148
 0.000000778612
 0.000000661413
 0.000000691869
 0.000000466993
 0.000000592047
 0.000000965701
 0.000000449755
 0.000000183092
 0.000000402227
 0.000000331758
 0.000000423110
 0.000000280936
 0.000001130960
 0.000000758129
 0.000000556387
 0.000001024214
 0.000000702280
 0.000000745757
 0.000000931927
 0.000000620730
 0.000001195411
 0.000001443776
 0.000000935158
 0.000001260735
 0.000001390721
 0.000000930070
 0.000000961880
 0.000001084519
 0.000000832599
 0.000001025566
 0.000000872424
 0.000002142656
 0.000001115722
 0.000001281742
 0.000001266478
 0.000000875525
 0.000000738360
 0.000000834099
 0.000001115830
 0.000000613553
 0.000000551349
 0.000000304465
 0.000000671860
 0.000001036511
 0.000001041054
 0.000000844698
 0.000000732290
 0.000000772606
 0.000000510543
 0.000000324315
 0.000000306121
 0.000000583104
 0.000000456504
 0.000001021387
 0.000000787517
 0.000000907462
 0.000001724652
 0.000001581296
 0.000000632413
 0.000001122787
 0.000001094098
 0.000000786639
 0.000000793261
 0.000001182789
 0.000001632830
 0.000003542457
 0.000002103722
 0.000001635857
 0.000000659123
 0.000000856572
 0.000000880197
 0.000001969678
 0.000001221822
 0.000001382875
 0.000000802329
 0.000000872582
 0.000000870354
 0.000001053225
 0.000002303258
 0.000001979455
 0.000001849861
 0.000000353345
 0.000001409639
 0.000001090690
 0.000001068114
 0.000001294789
 0.000001450084
 0.000001600793
 0.000000941717
 0.000003070236
 0.000002284359
 0.000003519287
 0.000004514986
 0.000003104516
 0.000001777100
 0.000001943408
 0.000000844151
 0.000008913275
 0.000004946648
 0.000003581084
 0.000001589373
 0.000002221557
 0.000001976726
 0.000001174758
 0.000001079769
 0.000002661624
 0.000003224944
 0.000004506243
 0.000002364862
 0.000002222604
 0.000002436648
 0.000003454120
 0.000001247429
 0.000002220747
 0.000001581954
 0.000002275662
 0.000002351726
 0.000002557841
 0.000001096944
 0.000001309318
 0.000001951392
 0.000001217612
 0.000001777845
 0.000002209389
 0.000001219017
 0.000001290816
 0.000001296256
 0.000001352521
 0.000000939416
 0.000000505704
 0.000000850569
 0.000001580741
 0.000001773923
 0.000000989184
 0.000000908381
 0.000000932443
 0.000004985819
 0.000001496139
 0.000003264504
 0.000002788159
 0.000001289506
 0.000001040367
 0.000000822368
 0.000000993991
 0.000001946699
 0.000001597432
 0.000001510345
 0.000002441428
 0.000001251986
 0.000000980368
 0.000001750101
 0.000000933534
 0.000000828571
 0.000001100214
 0.000000877079
 0.000000515771
 0.000000966916
 0.000000717261
 0.000001642487
 0.000000732764
 0.000001400298
 0.000001457356
 0.000001277220
 0.000001091060
 0.000001336298
 0.000001076200
 0.000000609726
 0.000001521725
 0.000002036793
 0.000000935206
 0.000000979292
 0.000000956839
 0.000001122329
 0.000001237029
 0.000001573011
 0.000001426450
 0.000000681088
 0.000000442604
 0.000001014847
 0.000000976381
 0.000001495207
 0.000000508536
 0.000001248777
 0.000001801170
 0.000000910173
 0.000000853141
 0.000000591065
 0.000000888628
 0.000001729564
 0.000001616219
 0.000001077016
 0.000001526099
 0.000001877071
 0.000002554333
 0.000000629582
 0.000000296991
 0.000000183172
 0.000000756943
 0.000000867960
 0.000000894802
 0.000000599017
 0.000002319800
 0.000001243428
 0.000000855267
 0.000000563139
 0.000001219661
 0.000001090447
 0.000000708656
 0.000001199992
 0.000001685157
 0.000001391246
 0.000001006436
 0.000002327139
 0.000001194854
 0.000000753022
 0.000000715143
 0.000000384702
 0.000000288613
 0.000000682391
 0.000000434573
 0.000001206728
 0.000000715633
 0.000000725717
 0.000000350045
 0.000000449418
 0.000000416542
 0.000000609687
 0.000000730385
 0.000000652482
 0.000000542483
 0.000000510862
 0.000001485272
 0.000000696244
 0.000000685595
 0.000000434083
 0.000000758392
 0.000000731940
 0.000000530702
 0.000000430077
 0.000000304297
 0.000000285081
 0.000000516460
 0.000000558989
 0.000000430354
 0.000000617468
 0.000000760429
 0.000001439835
 0.000000535604
 0.000000883984
 0.000001042992
 0.000000931682
 0.000001237359
 0.000000922483
 0.000000869595
 0.000000431302
 0.000000354538
 0.000000337116
 0.000000660313
 0.000000590810
 0.000000468488
 0.000000779566
 0.000000414921
 0.000000491816
 0.000000531217
 0.000000491791
 0.000000549636
 0.000000602742
 0.000000510198
 0.000000457899
 0.000000741708
 0.000000360790
 0.000000259675
 0.000000409460
 0.000000500866
 0.000000459046
 0.000000303927
 0.000000827866
 0.000001012425
 0.000000583757
 0.000000566704
 0.000000269286
 0.000001291259
 0.000000648385
 0.000000991286
 0.000000603412
 0.000000519228
 0.000001255598
 0.000000298470
 0.000000551788
 0.000000481800
 0.000000601443
 0.000000886525
 0.000001045535
 0.000000471144
 0.000000514920
 0.000000188613
 0.000000215313
 0.000000488230
 0.000000240862
 0.000000135231
 0.000000101660
 0.000000099801
 0.000000115374
 0.000000127775
 0.000000604296
 0.000000189295
 0.000000310334
 0.000000387885
 0.000000099749
 0.000000114945
 0.000000289680
 0.000000107293
 0.000000201202
 0.000000148792
 0.000000153572
 0.000000132329
 0.000000150705
 0.000000065919
 0.000000105798
 0.000000188706
 0.000000111509
 0.000000101168
 0.000000238469
 0.000000217396
 0.000000149471
 0.000000262010
 0.000000274398
 0.000000172722
 0.000000520467
 0.000000942760
 0.000000255521
 0.000000133204
 0.000000251684
 0.000000177017
 0.000000234044
 0.000000095770
 0.000000344913
 0.000000151129
 0.000000228518
 0.000000176335
 0.000000185442
 0.000000115526
 0.000000482234
 0.000000363357
 0.000000267594
 0.000000147340
 0.000000118725
 0.000000106724
 0.000000080777
 0.000000094003
 0.000000075891
 0.000000191057
 0.000000230662
 0.000000111363
 0.000000104941
 0.000000205933
 0.000001024029
 0.000000224584
 0.000000294852
 0.000000398201
 0.000000243714
 0.000000371608
 0.000000530385
 0.000000633756
 0.000000672387
 0.000000665036
 0.000000134597
 0.000000276630
 0.000000418057
 0.000000155183
 0.000000443659
 0.000000185367
 0.000000094027
 0.000000205011
 0.000000172084
 0.000000188548
 0.000000253525
 0.000000419418
 0.000000337443
 0.000000326845
 0.000000192090
 0.000000467293
 0.000000265196
 0.000000313685
 0.000000194120
 0.000000364695
 0.000000403290
 0.000000274734
 0.000000317272
 0.000000862488
 0.000000145855
 0.000000243718
 0.000000109804
 0.000000088583
 0.000000126590
 0.000000130239
 0.000000376672
 0.000000374830
 0.000000446745
 0.000000341153
 0.000000170290
 0.000000147861
 0.000000270487
 0.000000149269
 0.000000183502
 0.000000216996
 0.000000104911
 0.000000547661
 0.000000200395
 0.000000369491
 0.000000273164
 0.000000663813
 0.000000405298
 0.000000404927
 0.000000233719
 0.000000139310
 0.000000556249
 0.000000342912
 0.000000188625
 0.000000426945
 0.000001158627
 0.000000449253
 0.000000452455
 0.000000421457
 0.000000468638
 0.000001248388
 0.000001154359
 0.000000585161
 0.000001015272
 0.000000329428
 0.000000604267
 0.000000355968
 0.000000418559
 0.000000347066
 0.000000307465
 0.000001423351
 0.000000865087
 0.000000889234
 0.000000487230
 0.000001420997
 0.000001373199
 0.000001086194
 0.000001010524
 0.000000490530
 0.000001285940
 0.000000969998
 0.000000304702
 0.000000872581
 0.000000782875
 0.000000633266
 0.000001125514
 0.000000649793
 0.000000811164
 0.000000961650
 0.000000336444
 0.000000195193
 0.000000518178
 0.000000988570
 0.000001043587
 0.000001125969
 0.000000967962
 0.000001286923
 0.000001411452
 0.000001065446
 0.000001874214
 0.000001152415
 0.000001490500
 0.000000937950
 0.000001058839
 0.000000940262
 0.000000950073
 0.000001617071
 0.000001283581
 0.000001682791
 0.000002212156
 0.000001138051
 0.000001605444
 0.000002259453
 0.000003047209
 0.000002780063
 0.000000855038
 0.000000880177
 0.000000445494
 0.000000324196
 0.000000376869
 0.000000725228
 0.000001049450
 0.000001854475
 0.000005062563
 0.000001875300
 0.000000970327
 0.000001310632
 0.000001421231
 0.000000895766
 0.000002002965
 0.000002178826
 0.000001650311
 0.000001098066
 0.000002182552
 0.000001132178
 0.000001568499
 0.000002754804
 0.000002441684
 0.000001775349
 0.000001034630
 0.000001144872
 0.000001367703
 0.000001299833
 0.000001148698
 0.000001388848
 0.000001981438
 0.000001554093
 0.000001101106
 0.000002022873
 0.000000550546
 0.000000679228
 0.000001507119
 0.000001685238
 0.000000727417
 0.000001668428
 0.000001295551
 0.000002950800
 0.000002373175
 0.000000825586
 0.000001183160
 0.000001261868
 0.000001671814
 0.000001833576
 0.000002231654
 0.000002920348
 0.000001311248
 0.000001109378
 0.000002094966
 0.000000812810
 0.000001869228
 0.000001200471
 0.000000980216
 0.000002395316
 0.000000855667
 0.000000992934
 0.000001123537
 0.000000982665
 0.000002202236
 0.000002225855
 0.000002428639
 0.000001738284
 0.000001732744
 0.000000390740
 0.000000738997
 0.000001114337
 0.000001202432
 0.000000671706
 0.000000812677
 0.000000865282
 0.000001219768
 0.000001379231
 0.000000465801
 0.000000411656
 0.000000241650
 0.000000399508
 0.000000279726
 0.000000393529
 0.000001004649
 0.000000509347
 0.000001052134
 0.000001862840
 0.000001171086
 0.000000840560
 0.000000697718
 0.000001156717
 0.000000627798
 0.000001079776
 0.000001121873
 0.000001205799
 0.000000980022
 0.000001452233
 0.000000902907
 0.000000461555
 0.000001760863
 0.000001015285
 0.000000636512
 0.000000551487
 0.000000366277
 0.000000848739
 0.000000551529
 0.000000339314
 0.000000351504
 0.000001090003
 0.000000286363
 0.000000608399
 0.000001670115
 0.000000473305
 0.000000313799
 0.000000496157
 0.000000503299
 0.000000717605
 0.000000809948
 0.000000519647
 0.000000228715
 0.000000510874
 0.000000270477
 0.000000368552
 0.000000307822
 0.000000718210
 0.000000724946
 0.000001423819
 0.000000644207
 0.000000421274
 0.000000774024
 0.000000518629
 0.000001066153
 0.000002782610
 0.000002021817
 0.000001529760
 0.000002162596
 0.000002674910
 0.000002000142
 0.000001454720
 0.000000983230
 0.000000757734
 0.000000930356
 0.000001078297
 0.000002545529
 0.000000568484
 0.000001081593
 0.000000711795
 0.000000981948
 0.000000286375
 0.000000635730
 0.000002668361
 0.000001729673
 0.000001609514
 0.000001700929
 0.000001447982
 0.000000368856
 0.000000708349
 0.000000670593
 0.000000836793
 0.000000968277
 0.000000367832
 0.000000430235
 0.000000603450
 0.000000377684
 0.000000976243
 0.000001226309
 0.000001238118
 0.000001108628
 0.000000779746
 0.000000330405
 0.000000633795
 0.000000735371
 0.000001548799
 0.000000603773
 0.000001469569
 0.000000439654
 0.000000267520
 0.000001163124
 0.000000792663
 0.000000376675
 0.000001313575
 0.000001469048
 0.000000412790
 0.000000566213
 0.000000497488
 0.000000547409
 0.000000943270
 0.000000620898
 0.000001259314
 0.000001239059
 0.000000922535
 0.000000629497
 0.000001141968
 0.000000755293
 0.000001496149
 0.000001498837
 0.000001207823
 0.000001123261
 0.000001087184
 0.000001404575
 0.000001550345
 0.000002583522
 0.000002523042
 0.000003815763
 0.000002234808
 0.000002133021
 0.000001578515
 0.000001096530
 0.000002980097
 0.000002808177
 0.000002702520
 0.000001418496
 0.000001981848
 0.000001625964
 0.000002420389
 0.000000993335
 0.000001599221
 0.000004497600
 0.000002747401
 0.000002762641
 0.000002074960
 0.000001920939
 0.000001698327
 0.000001358423
 0.000002220823
 0.000002078232
 0.000001576632
 0.000001074991
 0.000001998931
 0.000001734235
 0.000001547496
 0.000002162247
 0.000001464668
 0.000001722632
 0.000001697490
 0.000003191008
 0.000003313335
 0.000003010507
 0.000003797947
 0.000003241135
 0.000003888332
 0.000002570154
 0.000002844377
 0.000001372526
 0.000001710153
 0.000001527605
 0.000002197337
 0.000001689979
 0.000002002683
 0.000002219286
 0.000001222152
 0.000000905174
 0.000002129547
 0.000001481064
 0.000002140621
 0.000001422097
 0.000001798256
 0.000001749146
 0.000001471513
 0.000000757152
 0.000001059077
 0.000002174319
 0.000002357596
 0.000001799758
 0.000001127803
 0.000001525226
 0.000001523308
 0.000001181274
 0.000001333249
 0.000001057705
 0.000001124629
 0.000001602308
 0.000001344654
 0.000001002651
 0.000000864993
 0.000002584448
 0.000001191454
 0.000001413307
 0.000001293914
 0.000002948715
 0.000000999234
 0.000001285698
 0.000001199108
 0.000000970854
 0.000000994922
 0.000001247036
 0.000001232028
 0.000001223999
 0.000001011350
 0.000000688668
 0.000003115640
 0.000001694154
 0.000001510742
 0.000000531252
 0.000000867956
 0.000000625743
 0.000000728232
 0.000001512062
 0.000001392481
 0.000000522595
 0.000002981126
 0.000000939767
 0.000001063001
 0.000000760287
 0.000001250453
 0.000000631127
 0.000000702079
 0.000001131786
 0.000001034187
 0.000000791113
 0.000001642233
 0.000000992920
 0.000000556670
 0.000000905300
 0.000000816581
 0.000000981487
 0.000001574326
 0.000001017600
 0.000001035040
 0.000000658910
 0.000000543322
 0.000000806617
 0.000001638114
 0.000000990866
 0.000001674025
 0.000001834471
 0.000001613946
 0.000001755011
 0.000001770699
 0.000000711202
 0.000000788101
 0.000001345349
 0.000001249334
 0.000001435285
 0.000002561931
 0.000001806241
 0.000001024443
 0.000001862957
 0.000001595335
 0.000000864420
 0.000000497278
 0.000001066214
 0.000000586759
 0.000001599504
 0.000001630040
 0.000000999659
 0.000000655411
 0.000001048591
 0.000001336850
 0.000001744338
 0.000000765720
 0.000000655417
 0.000000749781
 0.000000746777
 0.000001524550
 0.000001847370
 0.000001894703
 0.000002321274
 0.000000952681
 0.000001302786
 0.000001455748
 0.000000883122
 0.000000736489
 0.000001196959
 0.000001011083
 0.000000335042
 0.000000557664
 0.000000723503
 0.000000751978
 0.000000679337
 0.000000620449
 0.000000900500
 0.000000386144
 0.000000824053
 0.000001146603
 0.000001386917
 0.000002006517
 0.000001218622
 0.000001013112
 0.000000941758
 0.000000856081
 0.000001232901
 0.000001282712
 0.000002684368
 0.000001348335
 0.000002732156
 0.000001631281
 0.000001431320
 0.000000751436
 0.000000844000
 0.000000559308
 0.000000501919
 0.000000996756
 0.000002277873
 0.000002322145
 0.000001509256
 0.000002077810
 0.000001047470
 0.000001574439
 0.000000698334
 0.000001217469
 0.000001024803
 0.000001471654
 0.000001183013
 0.000001397955
 0.000000800169
 0.000000763151
 0.000001980078
 0.000001258524
 0.000000400906
 0.000001254870
 0.000001355312
 0.000001493527
 0.000002258802
 0.000000586791
 0.000000855582
 0.000000628930
 0.000000562228
 0.000000286799
 0.000000970310
 0.000000861930
 0.000002442864
 0.000001817564
 0.000002365040
 0.000002168055
 0.000002037926
 0.000001500755
 0.000001378786
 0.000001548769
 0.000001295837
 0.000000372664
 0.000000285100
 0.000000181133
 0.000000453651
 0.000000420506
 0.000000307116
 0.000000521957
 0.000000772533
 0.000000530015
 0.000000551330
 0.000000963022
 0.000000786005
 0.000000618910
 0.000001058180
 0.000000890047
 0.000000327424
 0.000000692581
 0.000000831258
 0.000000570165
 0.000000953052
 0.000001241255
 0.000001435301
 0.000001139068
 0.000001550715
 0.000001137395
 0.000001139032
 0.000000451817
 0.000001222365
 0.000000913818
 0.000000493283
 0.000000591707
 0.000000853138
 0.000000618789
 0.000000910852
 0.000000920544
 0.000000455361
 0.000000587155
 0.000001456897
 0.000000504232
 0.000000315581
 0.000000584999
 0.000000598660
 0.000000527724
 0.000001302857
 0.000001010047
 0.000001038454
 0.000000921901
 0.000000718277
 0.000001015070
 0.000001242668
 0.000001787385
 0.000002024370
 0.000003429994
 0.000002224789
 0.000001767983
 0.000001319800
 0.000001304917
 0.000001449522
 0.000001949433
 0.000002590938
 0.000002010740
 0.000001718434
 0.000000815552
 0.000002221089
 0.000000501433
 0.000001690653
 0.000001367751
 0.000001903793
 0.000000903013
 0.000001378681
 0.000001116972
 0.000001573300
 0.000002280804
 0.000001954063
 0.000002334024
 0.000001353484
 0.000001227289
 0.000001060635
 0.000001708588
 0.000001321548
 0.000001034363
 0.000000928867
 0.000000499639
 0.000001371265
 0.000001011202
 0.000000873566
 0.000000628993
 0.000000662812
 0.000000865271
 0.000001001924
 0.000001145950
 0.000000353599
 0.000000975127
 0.000000854909
 0.000000494505
 0.000000684642
 0.000000912604
 0.000000507805
 0.000000333220
 0.000000325798
 0.000000259052
 0.000000445652
 0.000000419344
 0.000000706685
 0.000000288839
 0.000000356439
 0.000000694574
 0.000000338023
 0.000000424972
 0.000000381607
 0.000000314806
 0.000000750325
 0.000000492894
 0.000000401213
 0.000000172972
 0.000000396824
 0.000000308106
 0.000000128262
 0.000000191612
 0.000000306575
 0.000000180207
 0.000000127722
 0.000000289262
 0.000000377511
 0.000000646212
 0.000000419780
 0.000000477329
 0.000000867698
 0.000000638535
 0.000001069845
 0.000001401002
 0.000000716378
 0.000000254277
 0.000000362135
 0.000000463348
 0.000000575088
 0.000000601013
 0.000000897729
 0.000000780243
 0.000000986874
 0.000001661106
 0.000000858917
 0.000000784671
 0.000001193974
 0.000000746089
 0.000001221120
 0.000000790864
 0.000000641983
 0.000001970524
 0.000000875944
 0.000000724980
 0.000000895968
 0.000001702050
 0.000001860093
 0.000001590396
 0.000001264341
 0.000001476039
 0.000000948293
 0.000000882614
 0.000000759231
 0.000000409853
 0.000001223602
 0.000001250149
 0.000001050820
 0.000001469521
 0.000001112928
 0.000001041541
 0.000000997169
 0.000000598935
 0.000000553880
 0.000000828545
 0.000001050087
 0.000000446126
 0.000000559305
 0.000000570622
 0.000001481458
 0.000000654283
 0.000000624090
 0.000000624711
 0.000000317346
 0.000000825277
 0.000002080419
 0.000001225207
 0.000001139533
 0.000000758283
 0.000001578766
 0.000001583839
 0.000001006312
 0.000001627156
 0.000000869208
 0.000001402152
 0.000000611791
 0.000000712079
 0.000000293193
 0.000001771532
 0.000000848437
 0.000000557945
 0.000000585437
 0.000000721308
 0.000000108508
 0.000000187550
 0.000000258378
 0.000000286018
 0.000000278224
 0.000000471321
 0.000000554554
 0.000001175523
 0.000001327559
 0.000000468526
 0.000001772014
 0.000000779100
 0.000000378453
 0.000000502021
 0.000000944741
 0.000001768520
 0.000001832120
 0.000000995897
 0.000001398014
 0.000001542538
 0.000000808577
 0.000002799716
 0.000000847128
 0.000000760199
 0.000000914401
 0.000000509608
 0.000000431490
 0.000000697219
 0.000001404573
 0.000000975888
 0.000000448726
 0.000001272387
 0.000000623980
 0.000000766884
 0.000000232960
 0.000000869949
 0.000000398862
 0.000000153023
 0.000000349873
 0.000000479234
 0.000000703159
 0.000001381054
 0.000000199505
 0.000000449598
 0.000000477286
 0.000000413786
 0.000000341312
 0.000000306416
 0.000000414889
 0.000000367073
 0.000000448122
 0.000000324217
 0.000000528899
 0.000000447600
 0.000000249258
 0.000000459881
 0.000000173786
 0.000000674920
 0.000000321562
 0.000000163894
 0.000000204315
 0.000000734381
 0.000000689437
 0.000002189643
 0.000000203588
 0.000000334512
 0.000000984666
 0.000002551526
 0.000002279325
 0.000002608700
 0.000001486286
 0.000001182055
 0.000000313100
 0.000000551569
 0.000000182745
 0.000000920495
 0.000000527252
 0.000000389269
 0.000001065425
 0.000000413244
 0.000000419797
 0.000000340701
 0.000000452572
 0.000000753482
 0.000000321590
 0.000000347340
 0.000000372162
 0.000000211698
 0.000000428754
 0.000000304524
 0.000000116212
 0.000000298565
 0.000000129439
 0.000000260357
 0.000000403113
 0.000000347622
 0.000000171582
 0.000000220049
 0.000000906654
 0.000000660271
 0.000000704812
 0.000001065313
 0.000001843281
 0.000001678220
 0.000002305155
 0.000001012201
 0.000000933714
 0.000000376905
 0.000000539850
 0.000000884981
 0.000000594949
 0.000000744869
 0.000000413444
 0.000001253881
 0.000000768420
 0.000000722395
 0.000000711849
 0.000001133295
 0.000000830139
 0.000000791124
 0.000000202326
 0.000000460681
 0.000000151427
 0.000000592417
 0.000000325553
 0.000000382883
 0.000000289680
 0.000000362301
 0.000000531678
 0.000000331728
 0.000000245473
 0.000000292595
 0.000000371682
 0.000001207140
 0.000000446360
 0.000000509998
 0.000000268808
 0.000000397563
 0.000000208087
 0.000000395303
 0.000000383789
 0.000000208664
 0.000000271720
 0.000000222301
 0.000000280256
 0.000000128023
 0.000000190478
 0.000000153661
 0.000000259491
 0.000000097966
 0.000000122617
 0.000000090904
 0.000000154236
 0.000000068550
 0.000000135125
 0.000000152680
 0.000000184520
 0.000000154668
 0.000000199790
 0.000000206036
 0.000000082105
 0.000000093128
 0.000000128444
 0.000000190188
 0.000000219860
 0.000000291698
 0.000000101839
 0.000000230542
 0.000000268958
 0.000000914653
 0.000001065532
 0.000002227569
 0.000001199991
 0.000000580817
 0.000000759573
 0.000000730480
 0.000001593381
 0.000000920947
 0.000000416512
 0.000000885503
 0.000001153850
 0.000000715237
 0.000000609565
 0.000000294194
 0.000000334655
 0.000000572554
 0.000000443818
 0.000000686327
 0.000000363160
 0.000000469170
 0.000000684301
 0.000000786628
 0.000000586947
 0.000000379779
 0.000000430506
 0.000000358167
 0.000000196919
 0.000000178488
 0.000000175864
 0.000000236518
 0.000000147854
 0.000000141413
 0.000000190712
 0.000000435602
 0.000000540092
 0.000000437293
 0.000000335321
 0.000000257998
 0.000000233626
 0.000000147847
 0.000000149136
 0.000000729056
 0.000000533259
 0.000000201129
 0.000000124623
 0.000000162960
 0.000000287356
 0.000000154015
 0.000000255098
 0.000000380032
 0.000000212869
 0.000000417050
 0.000000630243
 0.000000337772
 0.000000554760
 0.000000513017
 0.000000705886
 0.000000642375
 0.000000529753
 0.000000955306
 0.000000177040
 0.000000850252
 0.000000500968
 0.000000445965
 0.000000372740
 0.000001317247
 0.000001081105
 0.000001033651
 0.000001399842
 0.000000504531
 0.000001566802
 0.000000942307
 0.000000572124
 0.000000777206
 0.000000385863
 0.000000496146
 0.000000374686
 0.000001422328
 0.000001508921
 0.000000527207
 0.000000721068
 0.000000461723
 0.000000921740
 0.000000760092
 0.000000419875
 0.000000497152
 0.000001234486
 0.000000985837
 0.000000913899
 0.000001531444
 0.000000854776
 0.000001105366
 0.000000344265
 0.000000294364
 0.000001000391
 0.000001721753
 0.000000832944
 0.000002126284
 0.000001599849
 0.000000461143
 0.000001044666
 0.000001094403
 0.000001058826
 0.000001204905
 0.000000917788
 0.000000570685
 0.000000739621
 0.000000484834
 0.000000520051
 0.000000503015
 0.000000596994
 0.000000293148
 0.000000366059
 0.000000239655
 0.000000474938
 0.000000521150
 0.000000369853
 0.000000359882
 0.000000177225
 0.000000518798
 0.000000566131
 0.000001426335
 0.000000262569
 0.000000262252
 0.000000862492
 0.000000493800
 0.000000691055
 0.000002095314
 0.000000698137
 0.000000799026
 0.000000652169
 0.000001115018
 0.000001345023
 0.000000879963
 0.000000602534
 0.000001172606
 0.000000675449
 0.000001042554
 0.000000934372
 0.000000908609
 0.000000643697
 0.000000574597
 0.000001150722
 0.000000907258
 0.000001519967
 0.000000564259
 0.000001305709
 0.000000254890
 0.000000647860
 0.000000484642
 0.000000827468
 0.000000443725
 0.000000954167
 0.000000273598
 0.000000391067
 0.000000764358
 0.000001361006
 0.000000794500
 0.000000689995
 0.000001661725
 0.000001573992
 0.000000816240
 0.000001226826
 0.000001555849
 0.000001694091
 0.000001034849
 0.000001021976
 0.000000591294
 0.000001546674
 0.000001698593
 0.000001117303
 0.000002018802
 0.000002636285
 0.000001648892
 0.000001033772
 0.000000481387
 0.000000343753
 0.000000531025
 0.000000308640
 0.000000983133
 0.000000844229
 0.000000730035
 0.000003369240
 0.000001240292
 0.000001386024
 0.000000922537
 0.000000916900
 0.000001187398
 0.000001469517
 0.000000812329
 0.000000633364
 0.000000525802
 0.000001050240
 0.000001212447
 0.000001478074
 0.000001119612
 0.000001340014
 0.000000827058
 0.000001267743
 0.000000666801
 0.000001164015
 0.000000686577
 0.000001220751
 0.000000959662
 0.000001097300
 0.000002050298
 0.000000828954
 0.000001118383
 0.000000643507
 0.000000793976
 0.000000654882
 0.000001566585
 0.000001824072
 0.000001234777
 0.000001437449
 0.000001021544
 0.000001298249
 0.000001215049
 0.000000603528
 0.000001169095
 0.000001125846
 0.000001051048
 0.000002178930
 0.000001501399
 0.000001755712
 0.000000467199
 0.000000357748
 0.000000795492
 0.000001474824
 0.000001560955
 0.000002848646
 0.000003542330
 0.000004479214
 0.000002578179
 0.000001900713
 0.000002511865
 0.000001445165
 0.000001686037
 0.000001482221
 0.000001044958
 0.000000774669
 0.000001329648
 0.000003830227
 0.000003849243
 0.000002304517
 0.000002871227
 0.000003171930
 0.000001616531
 0.000002333960
 0.000001939339
 0.000001191628
 0.000003798237
 0.000002531412
 0.000002451255
 0.000001240926
 0.000001342169
 0.000002561642
 0.000002509438
 0.000001712645
 0.000002803399
 0.000003130375
 0.000006780281
 0.000005092754
 0.000002390603
 0.000001745560
 0.000001426196
 0.000001999692
 0.000002536692
 0.000001907185
 0.000001147035
 0.000000572631
 0.000001461959
 0.000002142954
 0.000001974780
 0.000002343863
 0.000001618348
 0.000001722443
 0.000001443180
 0.000001311385
 0.000001073490
 0.000000930864
 0.000000918323
 0.000001198389
 0.000001931625
 0.000004513304
 0.000001137161
 0.000002001862
 0.000001172619
 0.000000872127
 0.000001195327
 0.000001377812
 0.000000759911
 0.000001096774
 0.000000782551
 0.000002509885
 0.000001592080
 0.000001437450
 0.000001679348
 0.000001502379
 0.000001321286
 0.000001387492
 0.000001731315
 0.000001180452
 0.000001026896
 0.000001179222
 0.000000873311
 0.000001584426
 0.000001641289
 0.000001691799
 0.000001139968
 0.000001904478
 0.000001709298
 0.000001958697
 0.000001328440
 0.000002604503
 0.000003374061
 0.000001516718
 0.000001355008
 0.000001510453
 0.000001500652
 0.000000397408
 0.000000960498
 0.000001176700
 0.000001245583
 0.000002179233
 0.000002327269
 0.000001336167
 0.000002502353
 0.000001537268
 0.000003425227
 0.000005250568
 0.000001504877
 0.000001517643
 0.000002336584
 0.000000418254
 0.000000767340
 0.000000923494
 0.000001180063
 0.000003132673
 0.000001331122
 0.000001387773
 0.000000677463
 0.000001523847
 0.000000360337
 0.000001457034
 0.000001136838
 0.000001997746
 0.000002944312
 0.000003404352
 0.000010114489
 0.000003976725
 0.000002372169
 0.000001943021
 0.000003946952
 0.000006179138
 0.000008652318
 0.000009838662
 0.000004032432
 0.000004231590
 0.000004132848
 0.000002361635
 0.000005713900
 0.000002480476
 0.000001641703
 0.000001852556
 0.000003234515
 0.000005622296
 0.000004224006
 0.000002212960
 0.000001875317
 0.000003472993
 0.000003850930
 0.000003540322
 0.000003973374
 0.000002373277
 0.000002056287
 0.000003472630
 0.000001504476
 0.000001513376
 0.000001699422
 0.000001623139
 0.000003445991
 0.000002222611
 0.000001603815
 0.000000589878
 0.000001224037
 0.000000571791
 0.000001737901
 0.000001694980
 0.000000536318
 0.000000417357
 0.000000958660
 0.000000875820
 0.000000687675
 0.000000779851
 0.000000650437
 0.000000750224
 0.000001517606
 0.000001278565
 0.000002225267
 0.000001138296
 0.000001054849
 0.000000661866
 0.000001150119
 0.000000456754
 0.000000403896
 0.000000571758
 0.000000464405
 0.000000826802
 0.000000544950
 0.000000749032
 0.000000485416
 0.000000804946
 0.000000299408
 0.000000837289
 0.000001149447
 0.000000931832
 0.000000789560
 0.000000997286
 0.000002331310
 0.000001419955
 0.000001137657
 0.000001494497
 0.000002087078
 0.000003818542
 0.000003745897
 0.000001369987
 0.000001366653
 0.000000127286
 0.000000247185
 0.000000873123
 0.000000761381
 0.000000307672
 0.000000345513
 0.000000150145
 0.000000204312
 0.000000151816
 0.000000205415
 0.000001023024
 0.000000416448
 0.000000897965
 0.000000586852
 0.000000454357
 0.000001255130
 0.000001247181
 0.000000710094
 0.000000492439
 0.000001093553
 0.000000599015
 0.000000454844
 0.000000780637
 0.000000816681
 0.000001139310
 0.000001199468
 0.000001299401
 0.000001456372
 0.000000686570
 0.000000473404
 0.000000769973
 0.000000645393
 0.000000594207
 0.000001468777
 0.000000721218
 0.000001522345
 0.000000793371
 0.000001814392
 0.000000348129
 0.000000736170
 0.000000747142
 0.000000555438
 0.000000746980
 0.000000576092
 0.000000849163
 0.000000310143
 0.000000252346
 0.000000398783
 0.000000304799
 0.000000554938
 0.000001536876
 0.000000853559
 0.000000465253
 0.000001224724
 0.000000611075
 0.000000789717
 0.000000751793
 0.000000420702
 0.000000609766
 0.000000756003
 0.000002248265
 0.000001394558
 0.000000937583
 0.000000343372
 0.000000925667
 0.000000749804
 0.000000401963
 0.000001425561
 0.000000342203
 0.000000225643
 0.000000283422
 0.000000476923
 0.000000156895
 0.000000471445
 0.000000259559
 0.000000330113
 0.000000280593
 0.000000475912
 0.000000445569
 0.000000426945
 0.000000466805
 0.000000796766
 0.000000945822
 0.000000460157
 0.000000221893
 0.000000615287
 0.000000581248
 0.000000948738
 0.000000876262
 0.000000745877
 0.000000750417
 0.000000759308
 0.000001145993
 0.000001003037
 0.000000614355
 0.000000777974
 0.000001951944
 0.000001694696
 0.000002888162
 0.000001600734
 0.000002138164
 0.000003087511
 0.000000898941
 0.000001098794
 0.000002074770
 0.000002299556
 0.000001238064
 0.000001839601
 0.000001950726
 0.000001761706
 0.000002711610
 0.000001965364
 0.000002050000
 0.000001188104
 0.000002402381
 0.000003316161
 0.000001249067
 0.000002719329
 0.000001993756
 0.000001363438
 0.000000986954
 0.000002253369
 0.000001239168
 0.000003156295
 0.000002308089
 0.000001655787
 0.000001713089
 0.000001973307
 0.000002056939
 0.000002539503
 0.000001826298
 0.000002566635
 0.000002136487
 0.000001912560
 0.000000924915
 0.000000710635
 0.000000963629
 0.000003122247
 0.000000639197
 0.000000767869
 0.000001007084
 0.000003874884
 0.000001795954
 0.000001886433
 0.000003657247
 0.000002513218
 0.000002729536
 0.000003766523
 0.000002684664
 0.000002800327
 0.000005060894
 0.000001998718
 0.000004912642
 0.000004027020
 0.000001890177
 0.000005789320
 0.000003750465
 0.000003433048
 0.000004377754
 0.000006752186
 0.000003577360
 0.000003726856
 0.000005202841
 0.000003431666
 0.000001929214
 0.000002133187
 0.000001272179
 0.000000613066
 0.000001054110
 0.000001078094
 0.000000645280
 0.000000968369
 0.000000399427
 0.000001406582
 0.000000679680
 0.000000849254
 0.000001385927
 0.000002266032
 0.000001976477
 0.000002279574
 0.000000959069
 0.000001390736
 0.000001487024
 0.000002532175
 0.000002558947
 0.000002296989
 0.000001479692
 0.000001493108
 0.000002617990
 0.000001940809
 0.000004660986
 0.000002153066
 0.000002184087
 0.000004525901
 0.000003642281
 0.000004097154
 0.000002848999
 0.000002192729
 0.000005974841
 0.000003711032
 0.000002930716
 0.000003181487
 0.000005158636
 0.000004525590
 0.000005329453
 0.000004550119
 0.000003836221
 0.000004896131
 0.000002808078
 0.000002411245
 0.000003176754
 0.000002881670
 0.000002986532
 0.000002483316
 0.000002356239
 0.000002884859
 0.000003364883
 0.000001870694
 0.000002324518
 0.000001345553
 0.000001943285
 0.000001904413
 0.000001108883
 0.000001225171
 0.000002585975
 0.000006670639
 0.000004409264
 0.000005507635
 0.000003173107
 0.000001832148
 0.000000638427
 0.000001153669
 0.000001111625
 0.000001925795
 0.000001556587
 0.000002539856
 0.000001256711
 0.000002504635
 0.000000503199
 0.000001370879
 0.000001790125
 0.000001327824
 0.000001848672
 0.000004258418
 0.000001418667
 0.000001992736
 0.000001464352
 0.000002148334
 0.000005085287
 0.000002802429
 0.000001804489
 0.000003767724
 0.000001198360
 0.000001339475
 0.000005181665
 0.000005449343
 0.000001809098
 0.000002944405
 0.000001623902
 0.000002221511
 0.000001057195
 0.000000486579
 0.000001291586
 0.000002151019
 0.000010704655
 0.000003529377
 0.000005261540
 0.000002642996
 0.000001975678
 0.000002721448
 0.000004825472
 0.000009103222
 0.000006553768
 0.000003951847
 0.000004370550
 0.000001593782
 0.000002709092
 0.000003234895
 0.000003116153
 0.000001856240
 0.000001200920
 0.000001742699
 0.000001567531
 0.000002000423
 0.000004099885
 0.000004081324
 0.000000797985
 0.000002875059
 0.000003033362
 0.000006596411
 0.000007810669
 0.000005358829
 0.000003686141
 0.000004910845
 0.000006055454
 0.000004628723
 0.000005219673
 0.000007797367
 0.000003903752
 0.000005718152
 0.000006325498
 0.000002540028
 0.000007976808
 0.000007686301
 0.000004880123
 0.000004314486
 0.000005952111
 0.000007855398
 0.000005663337
 0.000003887499
 0.000002500007
 0.000003532154
 0.000003859709
 0.000002884665
 0.000003768404
 0.000002085380
 0.000001297688
 0.000002474928
 0.000002238556
 0.000004530928
 0.000007024384
 0.000003714577
 0.000004244303
 0.000004403981
 0.000005409831
 0.000005229827
 0.000005339676
 0.000004288329
 0.000005359043
 0.000004637462
 0.000003374492
 0.000007345870
 0.000002859896
 0.000002106227
 0.000008147830
 0.000004403540
 0.000004289768
 0.000008468629
 0.000007483983
 0.000004104395
 0.000005034003
 0.000002736908
 0.000002098242
 0.000004133358
 0.000006291556
 0.000005674795
 0.000008222036
 0.000003080095
 0.000004673815
 0.000006328772
 0.000003101439
 0.000004099038
 0.000001533072
 0.000002034125
 0.000001509271
 0.000001622884
 0.000003485937
 0.000002963370
 0.000002565640
 0.000004068933
 0.000004965031
 0.000007331759
 0.000003224717
 0.000005388706
 0.000008153156
 0.000006695304
 0.000002749724
 0.000003771576
 0.000001956673
 0.000002355921
 0.000001251649
 0.000001169585
 0.000001612767
 0.000001242227
 0.000001237387
 0.000000595663
 0.000001064443
 0.000001080165
 0.000001615226
 0.000000983148
 0.000001675090
 0.000000807765
 0.000001587312
 0.000001364554
 0.000000670864
 0.000000920079
 0.000000629507
 0.000001452022
 0.000002933025
 0.000002090122
 0.000000892108
 0.000001827895
 0.000001860529
 0.000001210462
 0.000001508335
 0.000002432685
 0.000001972078
 0.000003214361
 0.000002271207
 0.000002902317
 0.000001909902
 0.000003528721
 0.000003810197
 0.000001854709
 0.000001420495
 0.000002976938
 0.000001892874
 0.000005794761
 0.000002005503
 0.000004467253
 0.000005963520
 0.000003101766
 0.000006980378
 0.000003774027
 0.000002450839
 0.000002619493
 0.000002478988
 0.000007157227
 0.000003088491
 0.000003774398
 0.000003060284
 0.000004358362
 0.000004992609
 0.000002882278
 0.000002329087
 0.000001945635
 0.000002003718
 0.000001251363
 0.000001244074
 0.000003055854
 0.000002821221
 0.000000549325
 0.000000502322
 0.000001077877
 0.000001313532
 0.000002051039
 0.000001482404
 0.000000375130
 0.000000623297
 0.000000620934
 0.000001695714
 0.000002923019
 0.000001305341
 0.000001063616
 0.000002299095
 0.000002010100
 0.000001326411
 0.000002955676
 0.000001283722
 0.000001775514
 0.000001140839
 0.000000932540
 0.000001987772
 0.000002690737
 0.000001945965
 0.000001554353
 0.000002373750
 0.000002740216
 0.000001606512
 0.000001477085
 0.000001012071
 0.000002460678
 0.000001403260
 0.000002098705
 0.000002350800
 0.000002199213
 0.000001978186
 0.000001222261
 0.000005022231
 0.000004201894
 0.000002178081
 0.000002270513
 0.000003223279
 0.000005115095
 0.000003542459
 0.000004471565
 0.000002758534
 0.000004384588
 0.000005383447
 0.000004485753
 0.000004406285
 0.000002447798
 0.000004473251
 0.000005374335
 0.000004945095
 0.000008210917
 0.000009716606
 0.000011666326
 0.000014998132
 0.000014776701
 0.000010556363
 0.000010838613
 0.000006234811
 0.000004488859
 0.000005061062
 0.000006379974
 0.000007902889
 0.000012502790
 0.000010689699
 0.000019054905
 0.000007942079
 0.000018174584
 0.000008841162
 0.000014416329
 0.000013480892
 0.000011007054
 0.000008015792
 0.000011139328
 0.000011845178
 0.000013800766
 0.000010729997
 0.000014029612
 0.000006102236
 0.000017019131
 0.000030222869
 0.000018829835
 0.000022168184
 0.000013512243
 0.000010713067
 0.000023313400
 0.000014733359
 0.000014274715
 0.000029678194
 0.000077325895
 0.000050852033
 0.000030283039
 0.000058147036
 0.000023057808
 0.000051718093
 0.000060432084
 0.000026053987
 0.000022880137
 0.000027859506
 0.000033178263
 0.000024205286
 0.000039916849
 0.000037450569
 0.000018642636
 0.000017458371
 0.000022001748
 0.000057626568
 0.000082554289
 0.000023301157
 0.000010978409
 0.000035429360
 0.000038145607
 0.000045132938
 0.000050422602
 0.000024218575
 0.000096957896
 0.000068716563
 0.000012086370
 0.000016822571
 0.000032213152
 0.000028645009
 0.000030173310
 0.000084179764
 0.000093761237
 0.000040198906
 0.000060624726
 0.000061149128
 0.000063788323
 0.000034925130
 0.000035283067
 0.000020939428
 0.000015717943
 0.000012473970
 0.000015556956
 0.000022791890
 0.000029283914
 0.000012690453
 0.000021923296
 0.000009948061
 0.000045617499
 0.000030982326
 0.000074585924
 0.000014994661
 0.000052706002
 0.000063575981
 0.000085775200
 0.000017515136
 0.000022023524
 0.000026715270
 0.000009606618
 0.000010984374
 0.000004603817
 0.000005935867
 0.000004347269
 0.000001241904
 0.000003456585
 0.000008927776
 0.000017979804
 0.000028053753
 0.000025171569
 0.000028182675
 0.000027729657
 0.000019527897
 0.000029059357
 0.000028531311
 0.000022110743
 0.000034187292
 0.000061009740
 0.000082646743
 0.000068264476
 0.000081702253
 0.000097638255
 0.000175413888
 0.000062374761
 0.000212906534
 0.000451868590
 0.000208250973
 0.000375451274
 0.000360009415
 0.000206823940
 0.000212672402
 0.000218936203
 0.001000134794
 0.000321378582
 0.000422767464
 0.000283765438
 0.000383813508
 0.000640690914
 0.000557878053
 0.001180683698
 0.001132885736
 0.000852729187
 0.000832343687
 0.000876037975
 0.000386174334
 0.000545233236
 0.000557032095
 0.000183454670
 0.000209695110
 0.000155818891
 0.000390040182
 0.000335739279
 0.000136258703
 0.000237468342
 0.000107172457
 0.000403465390
 0.000361705737
 0.000093315622
 0.000160543291
 0.000069156691
 0.000073652020
 0.000131087510
 0.000085257376
 0.000247616881
 0.000025455409
 0.000073213791
 0.000055302243
 0.000065519447
 0.000108945919
 0.000087610430
 0.000103199903
 0.000132612879
 0.000051677790
 0.000051632042
 0.000123278490
 0.000078031363
 0.000092478095
 0.000120926730
 0.000069446207
 0.000148991362
 0.000125095909
 0.000062165488
 0.000050262415
 0.000061001407
 0.000087545175
 0.000253651337
 0.000124183837
 0.000143092380
 0.000160201699
 0.000094243486
 0.000065172470
 0.000179815322
 0.000129187032
 0.000097805104
 0.000118432436
 0.000063042600
 0.000029892853
 0.000056838869
 0.000042173822
 0.000029278699
 0.000042466741
 0.000065440401
 0.000090396484
 0.000103965523
 0.000090137855
 0.000071669376
 0.000102342599
 0.000186627870
 0.000085314334
 0.000051860644
 0.000119648298
 0.000110061548
 0.000133926433
 0.000070187933
 0.000058981216
 0.000029988261
 0.000028923910
 0.000025070565
 0.000049922322
 0.000063301434
 0.000042406534
 0.000028229854
 0.000026538576
 0.000030595655
 0.000027438118
 0.000022878059
 0.000045667176
 0.000026097753
 0.000045223123
 0.000050411552
 0.000026081405
 0.000031264880
 0.000028513521
 0.000013120473
 0.000013448269
 0.000015097047
 0.000020226195
 0.000016172186
 0.000018979150
 0.000019797159
 0.000016196661
 0.000010497272
 0.000018039214
 0.000017957395
 0.000020272983
 0.000018869574
 0.000013585301
 0.000012285003
 0.000007871015
 0.000005278514
 0.000016122438
 0.000014335635
 0.000023165458
 0.000014561041
 0.000012216864
 0.000010447026
 0.000007253319
 0.000006952503
 0.000008016325
 0.000008139806
 0.000008538298
 0.000012939517
 0.000010348127
 0.000011489194
 0.000005471434
 0.000012624633
 0.000010630702
 0.000005901738
 0.000037578337
 0.000018514635
 0.000012499060
 0.000024717149
 0.000033009602
 0.000014757410
 0.000013181453
 0.000009128267
 0.000012182516
 0.000009792778
 0.000017965505
 0.000022435965
 0.000025702894
 0.000012662438
 0.000017272245
 0.000018336859
 0.000016043509
 0.000017095574
 0.000003729276
 0.000010762918
 0.000008683342
 0.000009654817
 0.000007931127
 0.000017959543
 0.000006293212
 0.000017691746
 0.000013411450
 0.000019454274
 0.000021648712
 0.000015972272
 0.000009696889
 0.000011016097
 0.000007255472
 0.000011392041
 0.000007214390
 0.000006061744
 0.000008133413
 0.000008586465
 0.000017109721
 0.000010179903
 0.000006040488
 0.000009200304
 0.000006047169
 0.000013678107
 0.000008240592
 0.000024386259
 0.000016243539
 0.000018223852
 0.000021024871
 0.000021400273
 0.000030799295
 0.000029440313
 0.000025482171
 0.000020395702
 0.000024807108
 0.000036918785
 0.000058757091
 0.000017829934
 0.000025542024
 0.000013064162
 0.000021339198
 0.000037301172
 0.000026420357
 0.000015680436
 0.000052568498
 0.000019125710
 0.000035597744
 0.000024350148
 0.000021125569
 0.000016972991
 0.000009578857
 0.000012264008
 0.000013590723
 0.000022226953
 0.000011823024
 0.000010101162
 0.000005831657
 0.000009584442
 0.000010875855
 0.000007502007
 0.000016154443
 0.000007514820
 0.000008994312
 0.000008352250
 0.000004493341
 0.000011762745
 0.000013697929
 0.000009895559
 0.000011376597
 0.000007592306
 0.000006319467
 0.000003348899
 0.000007288609
 0.000005874494
 0.000006520478
 0.000006259413
 0.000005899099
 0.000006926113
 0.000005167301
 0.000009760770
 0.000007100513
 0.000012464949
 0.000007152391
 0.000007291077
 0.000020069463
 0.000009764554
 0.000012649888
 0.000009787354
 0.000010520437
 0.000016786988
 0.000018114583
 0.000018491732
 0.000013484002
 0.000015214382
 0.000011834244
 0.000010936090
 0.000006570345
 0.000002501366
 0.000007623424
 0.000002930504
 0.000004997197
 0.000006219964
 0.000007963507
 0.000004392433
 0.000018624468
 0.000020937279
 0.000009194706
 0.000015970198
 0.000007385941
 0.000011446378
 0.000027051970
 0.000009625128
 0.000017039081
 0.000034841139
 0.000044739439
 0.000029140012
 0.000030386155
 0.000012789284
 0.000020282099
 0.000018650176
 0.000017251318
 0.000009139987
 0.000010101457
 0.000013755714
 0.000012849602
 0.000023703214
 0.000023843436
 0.000017036151
 0.000014594853
 0.000015393853
 0.000019472095
 0.000018369161
 0.000018257054
 0.000024022626
 0.000016461744
 0.000014846093
 0.000010541685
 0.000008145471
 0.000009457821
 0.000006400127
 0.000009672252
 0.000015403957
 0.000005621576
 0.000008923005
 0.000004517911
 0.000010522302
 0.000021693474
 0.000028646735
 0.000012067631
 0.000017920757
 0.000012376324
 0.000010276970
 0.000015122885
 0.000013709293
 0.000015781686
 0.000022936499
 0.000021892530
 0.000034555525
 0.000028250235
 0.000072211928
 0.000083753218
 0.000125552300
 0.000115511651
 0.000166712855
 0.000104496264
 0.000127808405
 0.000188858439
 0.000169653876
 0.000147016566
 0.000121749123
 0.000056967988
 0.000033415278
 0.000035117674
 0.000031491056
 0.000032985262
 0.000075958269
 0.000053607236
 0.000076375769
 0.000147564024
 0.000101070173
 0.000067159212
 0.000093613505
 0.000043343206
 0.000066105557
 0.000079386474
 0.000050065660
 0.000044402435
 0.000071778315
 0.000034389805
 0.000105095322
 0.000085317888
 0.000129352382
 0.000078120873
 0.000054855855
 0.000144157754
 0.000085918797
 0.000053642406
 0.000053716087
 0.000050952852
 0.000122135956
 0.000146876459
 0.000110664429
 0.000207396758
 0.000398662158
 0.000375412197
 0.000181596353
 0.000102194750
 0.000039780934
 0.000059191932
 0.000069451544
 0.000039301780
 0.000013986169
 0.000024119207
 0.000062956352
 0.000058011265
 0.000091643627
 0.000069819546
 0.000089145215
 0.000114597797
 0.000118357629
 0.000151704818
 0.000450230724
 0.000350978366
 0.000228786125
 0.000507384494
 0.000350437036
 0.000240460814
 0.000184797350
 0.000151515382
 0.000293310312
 0.000146979124
 0.000112606844
 0.000127247738
 0.000063099199
 0.000077089380
 0.000047905512
 0.000066798900
 0.000091671250
 0.000109340475
 0.000091262603
 0.000126591996
 0.000089491928
 0.000122635778
 0.000122770730
 0.000161328953
 0.000078025996
 0.000078983580
 0.000055970601
 0.000062352376
 0.000065465631
 0.000066105779
 0.000050996103
 0.000112528637
 0.000088849526
 0.000072867410
 0.000086248507
 0.000093917382
 0.000110066013
 0.000069081084
 0.000053581157
 0.000071874674
 0.000131135143
 0.000188303294
 0.000238454406
 0.000099170704
 0.000109099537
 0.000043999981
 0.000241499633
 0.000253352141
 0.000120020887
 0.000125514260
 0.000107333063
 0.000101412070
 0.000082980862
 0.000106569582
 0.000120603676
 0.000167121559
 0.000319397757
 0.000174822359
 0.000100631507
 0.000025781380
 0.000045500898
 0.000224991357
 0.000082249404
 0.000049121172
 0.000015147421
 0.000038687558
 0.000115678739
 0.000068000239
 0.000138108247
 0.000190960068
 0.000052302900
 0.000139907589
 0.000062585297
 0.000085734210
 0.000154736845
 0.000144399551
 0.000279117686
 0.000439983629
 0.000364495972
 0.000167934809
 0.000197587937
 0.000266462635
 0.000165319548
 0.000113476452
 0.000075615538
 0.000109574871
 0.000254936254
 0.000214477909
 0.000166547066
 0.000300281161
 0.000244267151
 0.000379187099
 0.000708350568
 0.000195837104
 0.000310449918
 0.000298447434
 0.000292652468
 0.000239158574
 0.000155004755
 0.000140972077
 0.000062908453
 0.000157952917
 0.000291265204
 0.000151121905
 0.000265595241
 0.000184742054
 0.000209096993
 0.000238853649
 0.000161962276
 0.000131454249
 0.000150658557
 0.000091855723
 0.000117240540
 0.000113840818
 0.000085318161
 0.000111481607
 0.000161952786
 0.000168094723
 0.000053993286
 0.000106930496
 0.000057303769
 0.000059057030
 0.000065749875
 0.000037822232
 0.000023739751
 0.000074180192
 0.000041961744
 0.000012444002
 0.000008574717
 0.000035181678
 0.000047912186
 0.000036569686
 0.000018137297
 0.000015262156
 0.000010728985
 0.000007540816
 0.000012934756
 0.000026766623
 0.000038186299
 0.000045903320
 0.000069177064
 0.000108473175
 0.000043808778
 0.000036935842
 0.000032789207
 0.000041913268
 0.000036824601
 0.000025907458
 0.000019904432
 0.000025122386
 0.000015651199
 0.000018875974
 0.000039784873
 0.000015695751
 0.000033143643
 0.000009577955
 0.000009556744
 0.000013604229
 0.000011852288
 0.000005944870
 0.000009164182
 0.000013002747
 0.000015804735
 0.000022932749
 0.000016868238
 0.000024497227
 0.000036346223
 0.000060219349
 0.000093915871
 0.000063203369
 0.000064642375
 0.000020277519
 0.000045369773
 0.000056026872
 0.000043186568
 0.000031713957
 0.000035580007
 0.000043122381
 0.000117455262
 0.000067767688
 0.000037096704
 0.000031747644
 0.000043978394
 0.000018077822
 0.000013939423
 0.000037292330
 0.000039223031
 0.000028991529
 0.000021997551
 0.000021669441
 0.000013009648
 0.000025098235
 0.000011009626
 0.000013570802
 0.000013808359
 0.000012091570
 0.000017989137
 0.000022301962
 0.000007900959
 0.000006620960
 0.000004193198
 0.000005831825
 0.000037839661
 0.000035201305
 0.000022521794
 0.000019538204
 0.000110930429
 0.000080875614
 0.000083545081
 0.000090075823
 0.000060907595
 0.000039796626
 0.000131535144
 0.000132310421
 0.000106810824
 0.000104988614
 0.000139559082
 0.000258301494
 0.000225306118
 0.000079578490
 0.000049662693
 0.000069317167
 0.000067337819
 0.000093865975
 0.000083143392
 0.000053453350
 0.000112280554
 0.000120666492
 0.000162149831
 0.000156573734
 0.000069972763
 0.000064506431
 0.000129129269
 0.000148234593
 0.000115369827
 0.000172290041
 0.000033502168
 0.000037153374
 0.000028687393
 0.000105673167
 0.000057558695
 0.000067690544
 0.000070577776
 0.000117800306
 0.000039702524
 0.000101285745
 0.000128673451
 0.000089969404
 0.000172943525
 0.000082141417
 0.000101840675
 0.000143369823
 0.000105862958
 0.000137790444
 0.000162410210
 0.000217946655
 0.000053713788
 0.000038776476
 0.000113933217
 0.000180253580
 0.000159801681
 0.000160944031
 0.000092813251
 0.000209937589
 0.000249069728
 0.000131664768
 0.000245499577
 0.000137916853
 0.000144487359
 0.000021014188
 0.000090903045
 0.000188034179
 0.000147024213
 0.000305887883
 0.000064639689
 0.000324978567
 0.000257547522
 0.000182617045
 0.000130605134
 0.000114307520
 0.000118156439
 0.000270460766
 0.000093276478
 0.000124702779
 0.000134983031
 0.000055562703
 0.000085623185
 0.000031249958
 0.000026695824
 0.000022020826
 0.000086549275
 0.000028759461
 0.000053217997
 0.000032087372
 0.000107651416
 0.000095931307
 0.000069352914
 0.000025296200
 0.000062089228
 0.000075638649
 0.000039061472
 0.000084885751
 0.000063426165
 0.000031595740
 0.000022337121
 0.000020686852
 0.000029425720
 0.000031757577
 0.000029192286
 0.000072226299
 0.000028837621
 0.000020563839
 0.000032217187
 0.000030046661
 0.000042333256
 0.000043962178
 0.000057539407
 0.000026738799
 0.000028058396
 0.000012391080
 0.000101232988
 0.000038934570
 0.000078572418
 0.000036717812
 0.000033762035
 0.000049992350
 0.000022037271
 0.000096049877
 0.000094651955
 0.000109775552
 0.000049820175
 0.000069436938
 0.000039404586
 0.000039571145
 0.000051860597
 0.000090956232
 0.000044239923
 0.000078408522
 0.000028476694
 0.000063176235
 0.000044436459
 0.000035581123
 0.000055631224
 0.000079227920
 0.000050923649
 0.000069491191
 0.000059531328
 0.000044973532
 0.000047530363
 0.000039022321
 0.000030738980
 0.000030220473
 0.000018910361
 0.000014131902
 0.000023690604
 0.000056544705
 0.000054188595
 0.000062407602
 0.000071329334
 0.000157742288
 0.000044507598
 0.000027515712
 0.000038702027
 0.000013345093
 0.000012259448
 0.000012868035
 0.000047975369
 0.000048450836
 0.000034830931
 0.000017021340
 0.000055404396
 0.000029714619
 0.000034183483
 0.000024593198
 0.000023528192
 0.000011630399
 0.000010575557
 0.000017177600
 0.000028411826
 0.000023768582
 0.000005146326
 0.000005596164
 0.000009118819
 0.000010613964
 0.000024376023
 0.000031281245
 0.000029941759
 0.000037553411
 0.000038474716
 0.000009899112
 0.000008935568
 0.000013540478
 0.000018741993
 0.000019355673
 0.000046729977
 0.000053101711
 0.000070017565
 0.000086323974
 0.000024428111
 0.000009648902
 0.000028188656
 0.000022937196
 0.000030600726
 0.000025823642
 0.000025921683
 0.000046257018
 0.000028626155
 0.000046620000
 0.000045005227
 0.000038307070
 0.000084889150
 0.000017190353
 0.000005314551
 0.000011325642
 0.000016593346
 0.000016280464
 0.000013775548
 0.000007644017
 0.000008335886
 0.000004614695
 0.000002517266
 0.000008278741
 0.000005272088
 0.000006878882
 0.000017492564
 0.000012905892
 0.000026874089
 0.000098010673
 0.000073107484
 0.000066793143
 0.000207111977
 0.000117444573
 0.000050546001
 0.000059483917
 0.000073911809
 0.000048060022
 0.000174936990
 0.000140733470
 0.000070139908
 0.000114518046
 0.000043340036
 0.000075350032
 0.000030773857
 0.000018740238
 0.000020139578
 0.000038168837
 0.000041431603
 0.000056318895
 0.000021728705
 0.000025946440
 0.000021794039
 0.000013860040
 0.000010474729
 0.000008802668
 0.000032294134
 0.000011588502
 0.000016720905
 0.000014763140
 0.000018343067
 0.000013418167
 0.000032081665
 0.000036637117
 0.000039551056
 0.000041125711
 0.000016287333
 0.000028178159
 0.000026923386
 0.000009899307
 0.000008888342
 0.000011866876
 0.000009848954
 0.000011537452
 0.000011254176
 0.000014546810
 0.000014060592
 0.000019414411
 0.000010792955
 0.000006726352
 0.000012095867
 0.000008058416
 0.000028225281
 0.000016220345
 0.000033431169
 0.000026313999
 0.000029012923
 0.000023377428
 0.000031870644
 0.000040396167
 0.000020654753
 0.000034925805
 0.000038017462
 0.000048716284
 0.000077043461
 0.000033275094
 0.000021711896
 0.000059209466
 0.000047027702
 0.000042980638
 0.000018479299
 0.000052987698
 0.000018661159
 0.000076231350
 0.000048186344
 0.000016500770
 0.000027680538
 0.000025012648
 0.000028386304
 0.000022639116
 0.000038452516
 0.000049279556
 0.000034296757
 0.000034254214
 0.000028348883
 0.000020892051
 0.000008614489
 0.000008243315
 0.000021533975
 0.000020926349
 0.000022029987
 0.000040136208
 0.000019569927
 0.000028703289
 0.000027450184
 0.000032891918
 0.000027000427
 0.000035338821
 0.000017433663
 0.000031269488
 0.000018201980
 0.000015412687
 0.000019422753
 0.000017502551
 0.000033787145
 0.000012099532
 0.000025660672
 0.000024709021
 0.000017434213
 0.000037190184
 0.000016970142
 0.000026323734
 0.000036178957
 0.000032699740
 0.000057833373
 0.000063710127
 0.000014611179
 0.000020721993
 0.000020137671
 0.000018391769
 0.000018290523
 0.000018383860
 0.000036188372
 0.000071426487
 0.000049632333
 0.000059268070
 0.000018012944
 0.000039278539
 0.000017037350
 0.000018575043
 0.000023920159
 0.000015860477
 0.000032952604
 0.000020497080
 0.000028279869
 0.000016927996
 0.000015825700
 0.000018012180
 0.000018872836
 0.000017558329
 0.000014863631
 0.000017188240
 0.000017880368
 0.000024941456
 0.000014251361
 0.000014969190
 0.000043342721
 0.000051801231
 0.000019101696
 0.000024636387
 0.000024116214
 0.000019045381
 0.000037404017
 0.000037340136
 0.000027811243
 0.000014997495
 0.000035393125
 0.000014801663
 0.000024516478
 0.000017552158
 0.000011697228
 0.000014317388
 0.000014333793
 0.000011036603
 0.000006854504
 0.000008651259
 0.000013168520
 0.000022212193
 0.000013758423
 0.000016602117
 0.000025721867
 0.000016331418
 0.000011113521
 0.000010309437
 0.000012519478
 0.000015623700
 0.000017349389
 0.000008071127
 0.000014491303
 0.000012721715
 0.000012658288
 0.000009184656
 0.000016093143
 0.000011902490
 0.000006801037
 0.000009369759
 0.000008858701
 0.000007540488
 0.000012751562
 0.000006057413
 0.000007299873
 0.000010711991
 0.000006435898
 0.000008412379
 0.000004714113
 0.000004059535
 0.000006209628
 0.000009906059
 0.000007818789
 0.000014901218
 0.000005308704
 0.000009293565
 0.000007715078
 0.000016177835
 0.000008455659
 0.000006211947
 0.000007959754
 0.000012176532
 0.000013054433
 0.000011149748
 0.000029255798
 0.000025267627
 0.000038603340
 0.000042805448
 0.000020800013
 0.000009714020
 0.000020249806
 0.000020542883
 0.000021460028
 0.000009414114
 0.000014220909
 0.000010925743
 0.000015455057
 0.000019058433
 0.000018955759
 0.000008390646
 0.000037555192
 0.000021509050
 0.000020175874
 0.000034034999
 0.000019916938
 0.000014627869
 0.000006512029
 0.000005479233
 0.000006836262
 0.000006375076
 0.000012630428
 0.000006489025
 0.000008060201
 0.000009307876
 0.000009900820
 0.000020982984
 0.000012653515
 0.000012491513
 0.000020012149
 0.000009060973
 0.000007196517
 0.000010500048
 0.000005424719
 0.000014867001
 0.000009279436
 0.000010327970
 0.000006073195
 0.000015853938
 0.000012829940
 0.000015731983
 0.000022809598
 0.000007716803
 0.000009279077
 0.000007479001
 0.000004284784
 0.000004062764
 0.000004532819
 0.000004298754
 0.000003995675
 0.000016249678
 0.000015618725
 0.000016296800
 0.000009692673
 0.000017667083
 0.000025278149
 0.000023143983
 0.000026094511
 0.000045303692
 0.000034419723
 0.000041808036
 0.000025902019
 0.000007791766
 0.000006179715
 0.000004864427
 0.000010130607
 0.000013460070
 0.000004408886
 0.000006248396
 0.000009342949
 0.000035283379
 0.000013090330
 0.000014573481
 0.000012790650
 0.000010831158
 0.000012398080
 0.000015761704
 0.000010420907
 0.000014031785
 0.000013675608
 0.000021568615
 0.000008442428
 0.000004304420
 0.000003983724
 0.000005697057
 0.000011214339
 0.000005516990
 0.000007647738
 0.000009811256
 0.000012815750
 0.000009675578
 0.000017272648
 0.000013956566
 0.000007393860
 0.000010330871
 0.000007405571
 0.000005632094
 0.000006929240
 0.000008428238
 0.000008941087
 0.000011726634
 0.000018112132
 0.000014182995
 0.000015372372
 0.000019141759
 0.000035606842
 0.000006882523
 0.000009794594
 0.000015451128
 0.000016327921
 0.000029359807
 0.000017438623
 0.000015417507
 0.000006102766
 0.000006618958
 0.000003390485
 0.000008967338
 0.000007148073
 0.000004596792
 0.000008787920
 0.000006237006
 0.000009788489
 0.000019705380
 0.000008540814
 0.000011777781
 0.000005998966
 0.000013258203
 0.000008692969
 0.000009390394
 0.000016774075
 0.000018167072
 0.000008495152
 0.000013016780
 0.000010230636
 0.000008503199
 0.000007138178
 0.000013083010
 0.000022792653
 0.000008200692
 0.000018403825
 0.000031057531
 0.000058179219
 0.000033987421
 0.000026721634
 0.000023859694
 0.000021226808
 0.000025275267
 0.000028326979
 0.000005137607
 0.000020802977
 0.000025959210
 0.000020456599
 0.000017743050
 0.000014311212
 0.000031652744
 0.000021407153
 0.000010483279
 0.000038717872
 0.000010352361
 0.000016484267
 0.000022736548
 0.000040473485
 0.000024159100
 0.000040120152
 0.000047404028
 0.000052906324
 0.000079518389
 0.000044481993
 0.000041983109
 0.000011208806
 0.000011164218
 0.000009479811
 0.000007402039
 0.000001446070
 0.000002349723
 0.000010797047
 0.000010229359
 0.000020149547
 0.000018560885
 0.000013545492
 0.000009040830
 0.000015690659
 0.000022790621
 0.000040197536
 0.000018724447
 0.000008760432
 0.000003933496
 0.000007098766
 0.000005505318
 0.000012194072
 0.000010387985
 0.000017706099
 0.000011209528
 0.000006738886
 0.000006055332
 0.000008492754
 0.000003735683
 0.000004655156
 0.000006156891
 0.000004878266
 0.000005401549
 0.000004775358
 0.000006277004
 0.000011667924
 0.000004060810
 0.000011521687
 0.000006813485
 0.000019561302
 0.000009752256
 0.000017893236
 0.000018579806
 0.000019213092
 0.000005401865
 0.000012707216
 0.000003984879
 0.000005250727
 0.000007616620
 0.000004515962
 0.000002503495
 0.000001991531
 0.000001770719
 0.000001875439
 0.000003830340
 0.000004545687
 0.000003169909
 0.000003139963
 0.000003160153
 0.000003936548
 0.000002759293
 0.000002963450
 0.000002736152
 0.000004411523
 0.000005257906
 0.000004089788
 0.000002376255
 0.000002411102
 0.000004058763
 0.000004849494
 0.000003237040
 0.000003675610
 0.000005426386
 0.000002590981
 0.000003770118
 0.000003174087
 0.000002686492
 0.000006514253
 0.000003923288
 0.000004641483
 0.000007595389
 0.000009199005
 0.000003385233
 0.000006226497
 0.000005073278
 0.000007432438
 0.000007246792
 0.000006022930
 0.000006621002
 0.000006165430
 0.000007431188
 0.000004820314
 0.000004963653
 0.000006117650
 0.000015481544
 0.000009305410
 0.000006500019
 0.000013537119
 0.000018301295
 0.000009409853
 0.000004910341
 0.000016873720
 0.000008910195
 0.000015820252
 0.000018562853
 0.000007832504
 0.000007263430
 0.000008392407
 0.000013617003
 0.000007842381
 0.000017505004
 0.000014109115
 0.000020423196
 0.000026852849
 0.000019914479
 0.000019378488
 0.000013167547
 0.000014587148
 0.000033603563
 0.000022706234
 0.000101094782
 0.000062253706
 0.000156010826
 0.000086973332
 0.000019998534
 0.000015037507
 0.000026934504
 0.000020615764
 0.000028727288
 0.000018775523
 0.000053638624
 0.000034607814
 0.000063594414
 0.000021225938
 0.000069590356
 0.000022673652
 0.000031263879
 0.000046643867
 0.000033244306
 0.000032912867
 0.000023861744
 0.000022547922
 0.000034974106
 0.000038499497
 0.000046728368
 0.000022888021
 0.000045757164
 0.000019889611
 0.000016109219
 0.000035224513
 0.000018106626
 0.000014560871
 0.000012455460
 0.000008755493
 0.000013136272
 0.000010070707
 0.000009321993
 0.000008704144
 0.000010631660
 0.000010247199
 0.000007617699
 0.000005184253
 0.000009895429
 0.000007518891
 0.000007479064
 0.000016964625
 0.000009419609
 0.000006856765
 0.000006893715
 0.000007777711
 0.000009031354
 0.000022491334
 0.000011211572
 0.000021926589
 0.000007114986
 0.000013482325
 0.000009569868
 0.000007010232
 0.000011254867
 0.000006907346
 0.000006942484
 0.000007778454
 0.000005522855
 0.000005581217
 0.000009581549
 0.000008170831
 0.000010697337
 0.000008416822
 0.000006993062
 0.000013654348
 0.000010371859
 0.000009362896
 0.000020931765
 0.000018600058
 0.000029217104
 0.000017724301
 0.000012104564
 0.000009728565
 0.000013891615
 0.000010292915
 0.000012944153
 0.000013741573
 0.000012097163
 0.000024587015
 0.000022876096
 0.000027772911
 0.000019550911
 0.000013287915
 0.000011505691
 0.000014286165
 0.000036183593
 0.000009703066
 0.000014027818
 0.000025491265
 0.000032623529
 0.000003790502
 0.000008847411
 0.000006728239
 0.000025284945
 0.000015078921
 0.000029384948
 0.000019293994
 0.000021954371
 0.000026091714
 0.000029240878
 0.000020168319
 0.000025073303
 0.000045890702
 0.000045739565
 0.000052454902
 0.000029724655
 0.000039696265
 0.000085090356
 0.000024586917
 0.000036946230
 0.000016769652
 0.000020781633
 0.000021598586
 0.000027651324
 0.000061015686
 0.000039571442
 0.000038333507
 0.000024848711
 0.000038865291
 0.000019036025
 0.000022785855
 0.000027464892
 0.000038925027
 0.000027190697
 0.000008041738
 0.000018640467
 0.000042731782
 0.000009165212
 0.000006331107
 0.000014791776
 0.000021055348
 0.000012854746
 0.000017315237
 0.000020730005
 0.000014817758
 0.000034715925
 0.000033300165
 0.000014760301
 0.000042727839
 0.000014459769
 0.000013979285
 0.000017835124
 0.000018144654
 0.000011153306
 0.000007086932
 0.000010087450
 0.000012249096
 0.000008963775
 0.000005910268
 0.000011037229
 0.000014038011
 0.000006753814
 0.000012084345
 0.000016014072
 0.000028461768
 0.000007023938
 0.000007486509
 0.000007624840
 0.000008329052
 0.000006969261
 0.000003939346
 0.000006265456
 0.000005898349
 0.000007605107
 0.000019804481
 0.000011731290
 0.000027282541
 0.000028463959
 0.000056420335
 0.000012140253
 0.000028589367
 0.000020001141
 0.000013907916
 0.000008066751
 0.000004828321
 0.000008093146
 0.000011920498
 0.000021217369
 0.000010765581
 0.000015811072
 0.000034591372
 0.000019446968
 0.000039736505
 0.000007226343
 0.000008185394
 0.000010198019
 0.000008382902
 0.000005107895
 0.000011016813
 0.000012555737
 0.000013760711
 0.000025305142
 0.000020115042
 0.000007573899
 0.000007792062
 0.000022773399
 0.000010864162
 0.000042498398
 0.000029150972
 0.000082229870
 0.000019461706
 0.000009161542
 0.000012860350
 0.000016584801
 0.000011892543
 0.000013645111
 0.000018418443
 0.000045037222
 0.000030696818
 0.000013757890
 0.000018181910
 0.000027826846
 0.000016845161
 0.000018095341
 0.000022009831
 0.000038690912
 0.000017868377
 0.000009638678
 0.000008328891
 0.000007743592
 0.000013329611
 0.000007341552
 0.000009432968
 0.000009525704
 0.000007200777
 0.000043073610
 0.000022282496
 0.000019365058
 0.000069949631
 0.000021225129
 0.000023718456
 0.000011252265
 0.000015201089
 0.000013072423
 0.000012882210
 0.000008636142
 0.000009107352
 0.000006321182
 0.000006114264
 0.000005156442
 0.000010802382
 0.000008211440
 0.000022015197
 0.000008566367
 0.000020055826
 0.000012050588
 0.000011267064
 0.000010707051
 0.000003304689
 0.000004276891
 0.000006340249
 0.000005936065
 0.000006844255
 0.000007950276
 0.000007674356
 0.000011444634
 0.000015408854
 0.000014878712
 0.000020752314
 0.000005954446
 0.000006372015
 0.000006672831
 0.000008533578
 0.000006220205
 0.000011657710
 0.000004536348
 0.000003428261
 0.000003452266
 0.000004959549
 0.000003540259
 0.000002891320
 0.000008101760
 0.000003154025
 0.000002466756
 0.000001843489
 0.000002873650
 0.000004205791
 0.000004298924
 0.000002585531
 0.000004181079
 0.000003738521
 0.000006743699
 0.000007833126
 0.000006380093
 0.000005094113
 0.000013960608
 0.000002685563
 0.000005173740
 0.000003655047
 0.000004952300
 0.000003297608
 0.000002456099
 0.000008774844
 0.000001747390
 0.000001392032
 0.000007646768
 0.000004231721
 0.000002629306
 0.000006583553
 0.000013301034
 0.000003817369
 0.000005146149
 0.000001843836
 0.000003171189
 0.000002031002
 0.000007458966
 0.000004615208
 0.000004833050
 0.000002105331
 0.000003237024
 0.000001285875
 0.000001848920
 0.000002459341
 0.000001823602
 0.000001709930
 0.000004771970
 0.000003913397
 0.000004547824
 0.000006021332
 0.000005854025
 0.000002424964
 0.000004750963
 0.000001277322
 0.000002310643
 0.000004570984
 0.000003068473
 0.000002162658
 0.000005288616
 0.000004182297
 0.000005158098
 0.000005997880
 0.000004346393
 0.000002339466
 0.000004903528
 0.000002422183
 0.000004649634
 0.000009794510
 0.000007402245
 0.000003803504
 0.000006723340
 0.000003066868
 0.000003035089
 0.000003469263
 0.000006517036
 0.000012010219
 0.000011637446
 0.000021581614
 0.000020195666
 0.000004698202
 0.000008481284
 0.000013231421
 0.000007020554
 0.000009092773
 0.000002353456
 0.000003564418
 0.000008600493
 0.000020076980
 0.000005092317
 0.000004775525
 0.000007829172
 0.000006318296
 0.000005730699
 0.000009718586
 0.000004127378
 0.000002785252
 0.000003521786
 0.000010697640
 0.000005437054
 0.000009637640
 0.000006162067
 0.000005756652
 0.000007092687
 0.000005821972
 0.000006300470
 0.000005732317
 0.000012179727
 0.000012532947
 0.000002804223
 0.000004440919
 0.000004448532
 0.000006264374
 0.000004260011
 0.000004789252
 0.000004377678
 0.000003131633
 0.000002382271
 0.000001992882
 0.000002485845
 0.000006223924
 0.000003400652
 0.000003498042
 0.000003928821
 0.000001755708
 0.000003224969
 0.000001395657
 0.000003291781
 0.000002724209
 0.000002413125
 0.000002705422
 0.000001850859
 0.000007277930
 0.000003587160
 0.000003349214
 0.000001759577
 0.000005762049
 0.000005068100
 0.000005859217
 0.000004840705
 0.000002887167
 0.000001924891
 0.000012400622
 0.000002712224
 0.000003310452
 0.000003410913
 0.000007129241
 0.000003126951
 0.000001946333
 0.000002602681
 0.000005827551
 0.000005243759
 0.000008652143
 0.000008345619
 0.000005012996
 0.000012238969
 0.000006640552
 0.000002779746
 0.000002639798
 0.000002877786
 0.000004356818
 0.000004723343
 0.000004140348
 0.000002755386
 0.000003095123
 0.000002470079
 0.000003228084
 0.000008841818
 0.000010396850
 0.000021608661
 0.000028861520
 0.000011668445
 0.000011942661
 0.000013901052
 0.000009441637
 0.000010631380
 0.000005555006
 0.000007853610
 0.000002043697
 0.000001854093
 0.000001455235
 0.000004522717
 0.000006502164
 0.000006506024
 0.000001854918
 0.000003902074
 0.000003798385
 0.000004831037
 0.000006525085
 0.000002925289
 0.000006972717
 0.000001089174
 0.000001565217
 0.000001275589
 0.000000809387
 0.000001511928
 0.000001388299
 0.000003391721
 0.000001574297
 0.000001496175
 0.000003305500
 0.000006198111
 0.000006138387
 0.000003234556
 0.000003015708
 0.000002288329
 0.000002334442
 0.000001982407
 0.000003631150
 0.000004531204
 0.000005321131
 0.000003145530
 0.000002948582
 0.000006052415
 0.000003785470
 0.000004474425
 0.000006147759
 0.000006404055
 0.000003375715
 0.000007186087
 0.000008559488
 0.000003696680
 0.000007808707
 0.000005482066
 0.000008171693
 0.000015636565
 0.000008859889
 0.000021747579
 0.000011144777
 0.000048356129
 0.000004668901
 0.000004303681
 0.000003589472
 0.000006593172
 0.000006961433
 0.000003612345
 0.000008221819
 0.000006596396
 0.000005973144
 0.000002339046
 0.000002471930
 0.000002604131
 0.000002782015
 0.000004042069
 0.000017679699
 0.000011461119
 0.000012213817
 0.000004195653
 0.000004576237
 0.000005698883
 0.000013429797
 0.000003481997
 0.000002585308
 0.000001814837
 0.000002608700
 0.000005759759
 0.000006338958
 0.000007694710
 0.000007079994
 0.000011969094
 0.000011499370
 0.000010587784
 0.000012837798
 0.000004619580
 0.000004368966
 0.000012450970
 0.000002070639
 0.000007192615
 0.000002720564
 0.000002570855
 0.000003787107
 0.000005980104
 0.000003179711
 0.000004667442
 0.000007030147
 0.000003899116
 0.000006441719
 0.000002854554
 0.000002565058
 0.000004166518
 0.000003855927
 0.000004612067
 0.000010386993
 0.000002011536
 0.000006970620
 0.000001405509
 0.000001847122
 0.000003265735
 0.000001848851
 0.000001619824
 0.000001292345
 0.000002003012
 0.000001182829
 0.000001714305
 0.000001567364
 0.000002530494
 0.000002614251
 0.000004825619
 0.000003415869
 0.000004052130
 0.000003301184
 0.000007600001
 0.000019971999
 0.000017874841
 0.000013761973
 0.000019543328
 0.000036638480
 0.000016695058
 0.000051355702
 0.000131580658
 0.000045621473
 0.000047517664
 0.000053406752
 0.000050149493
 0.000070627818
 0.000067722210
 0.000033901948
 0.000037206486
 0.000015280247
 0.000013995756
 0.000022460032
 0.000031726493
 0.000039971096
 0.000031778217
 0.000019216540
 0.000042094929
 0.000028572137
 0.000011432135
 0.000010244601
 0.000014833737
 0.000019178993
 0.000027854103
 0.000003804796
 0.000014158153
 0.000011366774
 0.000008953640
 0.000007774466
 0.000004790241
 0.000004220620
 0.000006408594
 0.000019346478
 0.000026672060
 0.000012776736
 0.000014128988
 0.000015559972
 0.000015390490
 0.000037570299
 0.000007978993
 0.000012536995
 0.000026584242
 0.000010864277
 0.000008299869
 0.000009918788
 0.000007186711
 0.000009946250
 0.000016935572
 0.000019078266
 0.000024135124
 0.000017546662
 0.000012290761
 0.000006815277
 0.000013329790
 0.000016534211
 0.000020711833
 0.000014161244
 0.000015655089
 0.000038102998
 0.000047620683
 0.000012081921
 0.000012460551
 0.000006402144
 0.000015353451
 0.000008806638
 0.000015445422
 0.000008033664
 0.000023752808
 0.000006326890
 0.000006614647
 0.000012443961
 0.000032043547
 0.000017316476
 0.000007908608
 0.000005816662
 0.000007053344
 0.000002680875
 0.000004187631
 0.000003590205
 0.000003468728
 0.000008024757
 0.000009028520
 0.000002715933
 0.000003550318
 0.000003151205
 0.000011037289
 0.000002703686
 0.000004221806
 0.000008161292
 0.000002997414
 0.000004472847
 0.000002488226
 0.000002666000
 0.000004706153
 0.000007542486
 0.000011114555
 0.000010874154
 0.000007861276
 0.000009559848
 0.000008419778
 0.000005893523
 0.000007928152
 0.000027525499
 0.000015746855
 0.000023488823
 0.000019593786
 0.000027890625
 0.000011834620
 0.000009505045
 0.000017378139
 0.000014460707
 0.000016564544
 0.000008026797
 0.000010649350
 0.000005712024
 0.000009336650
 0.000010104050
 0.000007258923
 0.000009353106
 0.000005130658
 0.000010822988
 0.000003549891
 0.000004115151
 0.000002804586
 0.000005567217
 0.000005222782
 0.000009486050
 0.000002708276
 0.000003045324
 0.000001821515
 0.000001315226
 0.000001223121
 0.000004399186
 0.000006643942
 0.000005509962
 0.000005325194
 0.000004348773
 0.000003150723
 0.000003068966
 0.000007902701
 0.000005308743
 0.000003693772
 0.000002087610
 0.000002277680
 0.000003747496
 0.000007049901
 0.000001942764
 0.000002747728
 0.000018199501
 0.000006691633
 0.000004076788
 0.000020506850
 0.000010488840
 0.000012199189
 0.000007405396
 0.000008274856
 0.000006489908
 0.000009301207
 0.000010948092
 0.000008447950
 0.000014714980
 0.000009774250
 0.000008582803
 0.000012935512
 0.000025624172
 0.000018157657
 0.000059951559
 0.000045491445
 0.000076093703
 0.000021638538
 0.000017297576
 0.000015080529
 0.000011579122
 0.000022895848
 0.000013088817
 0.000015472033
 0.000011203662
 0.000007653336
 0.000016815354
 0.000013884761
 0.000007217766
 0.000020784157
 0.000009349337
 0.000013470829
 0.000012844686
 0.000016446919
 0.000010615369
 0.000008354085
 0.000013363595
 0.000015462026
 0.000011877834
 0.000021005370
 0.000012711594
 0.000007722915
 0.000033597448
 0.000012155923
 0.000013212199
 0.000006433111
 0.000005477668
 0.000003993834
 0.000005714283
 0.000010103694
 0.000004262513
 0.000011645607
 0.000008535841
 0.000010103608
 0.000008818537
 0.000004305575
 0.000008888883
 0.000005468128
 0.000011501528
 0.000013488274
 0.000004012706
 0.000008243584
 0.000022400239
 0.000029466660
 0.000028187921
 0.000020812805
 0.000033298616
 0.000015088264
 0.000016964800
 0.000012809226
 0.000010249989
 0.000005635907
 0.000015404510
 0.000003648988
 0.000006255678
 0.000004928198
 0.000007101347
 0.000003753432
 0.000005938711
 0.000009354880
 0.000024360106
 0.000011010469
 0.000010393145
 0.000013946433
 0.000018377141
 0.000012097968
 0.000011093140
 0.000037047544
 0.000025341416
 0.000029266894
 0.000053577809
 0.000043615033
 0.000060939145
 0.000014487140
 0.000008674748
 0.000014970881
 0.000019992653
 0.000004137905
 0.000016488687
 0.000010442257
 0.000013514931
 0.000017737346
 0.000023124871
 0.000017116072
 0.000014784245
 0.000015658993
 0.000022913315
 0.000010258937
 0.000004231727
 0.000012129286
 0.000003727062
 0.000004969542
 0.000008775295
 0.000027592967
 0.000022900837
 0.000014125389
 0.000008698470
 0.000004986222
 0.000004681174
 0.000006662106
 0.000013695872
 0.000018921380
 0.000008411112
 0.000007905959
 0.000011659297
 0.000017645355
 0.000008763337
 0.000003753091
 0.000005588782
 0.000003834716
 0.000005498979
 0.000002346564
 0.000004581022
 0.000003907757
 0.000005455213
 0.000005867718
 0.000003896425
 0.000004561929
 0.000006385581
 0.000003735782
 0.000004989560
 0.000004724792
 0.000004354348
 0.000004000384
 0.000005037490
 0.000008399266
 0.000011051870
 0.000011338409
 0.000006934709
 0.000005223095
 0.000012034347
 0.000008901686
 0.000007127290
 0.000004666451
 0.000002015266
 0.000007134254
 0.000003434051
 0.000006539870
 0.000006525680
 0.000011507557
 0.000012318033
 0.000006332047
 0.000004299207
 0.000008914582
 0.000004600264
 0.000002759862
 0.000005980803
 0.000009595748
 0.000008039130
 0.000003895043
 0.000007453230
 0.000005808527
 0.000009686258
 0.000010869286
 0.000004415450
 0.000008899977
 0.000003955913
 0.000011940613
 0.000016964222
 0.000024057263
 0.000019871077
 0.000015472150
 0.000018194697
 0.000008520480
 0.000031113064
 0.000025020514
 0.000009863144
 0.000006742713
 0.000009720786
 0.000006801051
 0.000007397812
 0.000005259519
 0.000007600142
 0.000004427604
 0.000009172441
 0.000007850294
 0.000006627095
 0.000011598802
 0.000009742373
 0.000009188186
 0.000007895568
 0.000006467576
 0.000005532802
 0.000007743931
 0.000007226346
 0.000010572156
 0.000008311860
 0.000006262251
 0.000006057293
 0.000009857559
 0.000005092003
 0.000008529001
 0.000008158658
 0.000007360121
 0.000006083229
 0.000013276050
 0.000012541831
 0.000006656549
 0.000006807247
 0.000017339728
 0.000022207643
 0.000014055374
 0.000021361281
 0.000032065703
 0.000036440237
 0.000038169799
 0.000024950063
 0.000025278064
 0.000048819505
 0.000026507618
 0.000010685701
 0.000022214535
 0.000023535699
 0.000017001446
 0.000014516965
 0.000031450976
 0.000025719376
 0.000013945563
 0.000012931575
 0.000018000893
 0.000008461386
 0.000006813555
 0.000008290465
 0.000014220759
 0.000047638283
 0.000037692096
 0.000093900592
 0.000017940721
 0.000016594150
 0.000032812495
 0.000010961090
 0.000013644606
 0.000020712852
 0.000008662094
 0.000041159299
 0.000022614195
 0.000037584001
 0.000010537819
 0.000010172433
 0.000008840977
 0.000009789014
 0.000010786608
 0.000010543639
 0.000019272306
 0.000019973689
 0.000009585271
 0.000014480747
 0.000012551707
 0.000010215272
 0.000006008413
 0.000008112442
 0.000027580833
 0.000027364174
 0.000007483786
 0.000004845404
 0.000008184591
 0.000005457027
 0.000005720277
 0.000003369852
 0.000008420610
 0.000004449756
 0.000004517355
 0.000006432137
 0.000005870137
 0.000002179620
 0.000004344132
 0.000003403899
 0.000004161083
 0.000003379275
 0.000004416409
 0.000004312121
 0.000004463043
 0.000004010014
 0.000002190344
 0.000002803224
 0.000004889775
 0.000011922044
 0.000007696747
 0.000006221165
 0.000002992525
 0.000002059595
 0.000004601146
 0.000002608179
 0.000006248245
 0.000004126237
 0.000004324369
 0.000006049174
 0.000004092535
 0.000014074003
 0.000006143493
 0.000009782843
 0.000007438334
 0.000004618881
 0.000003822830
 0.000005882313
 0.000005475053
 0.000007307566
 0.000013306866
 0.000005573942
 0.000005012753
 0.000009988461
 0.000004658223
 0.000004909532
 0.000002948035
 0.000005494924
 0.000006402638
 0.000004421935
 0.000007228493
 0.000005003080
 0.000003565519
 0.000002491383
 0.000001742892
 0.000001898789
 0.000006904048
 0.000002356669
 0.000002365786
 0.000003178737
 0.000001907546
 0.000006403129
 0.000001356687
 0.000001370112
 0.000004799669
 0.000002818086
 0.000001566360
 0.000001255444
 0.000001776776
 0.000001406628
 0.000001161864
 0.000001558725
 0.000003186998
 0.000004420907
 0.000003285032
 0.000002888394
 0.000003120244
 0.000001419410
 0.000002842149
 0.000003981305
 0.000003478725
 0.000003162999
 0.000003985211
 0.000004480516
 0.000002275247
 0.000004239787
 0.000002806297
 0.000003196013
 0.000007479386
 0.000007401654
 0.000002696175
 0.000006638794
 0.000004774272
 0.000003950870
 0.000006407924
 0.000005651280
 0.000006372451
 0.000003244706
 0.000003463200
 0.000004386348
 0.000004471756
 0.000004545816
 0.000002467816
 0.000003079897
 0.000004795043
 0.000006679566
 0.000010760768
 0.000004001629
 0.000002586246
 0.000001903291
 0.000002898442
 0.000005322373
 0.000004340488
 0.000003634471
 0.000003894142
 0.000003188986
 0.000005154163
 0.000008996594
 0.000014867790
 0.000011341436
 0.000005998267
 0.000008264175
 0.000011945980
 0.000023798331
 0.000003468291
 0.000007001811
 0.000002711647
 0.000002791310
 0.000004232013
 0.000004525902
 0.000005080290
 0.000011845964
 0.000005163411
 0.000008140283
 0.000004101626
 0.000009716794
 0.000008918139
 0.000009694455
 0.000004689373
 0.000008433495
 0.000005649420
 0.000006389781
 0.000010116510
 0.000009075362
 0.000006563339
 0.000007093412
 0.000007057781
 0.000010152269
 0.000005162353
 0.000011677282
 0.000011047586
 0.000015128296
 0.000009234059
 0.000017730617
 0.000020709806
 0.000022646576
 0.000014198911
 0.000012831843
 0.000009201988
 0.000012998116
 0.000019897587
 0.000023483863
 0.000020224788
 0.000022418203
 0.000020884562
 0.000010165005
 0.000008158280
 0.000015078315
 0.000018685402
 0.000029406270
 0.000047128483
 0.000048788661
 0.000031017999
 0.000010982100
 0.000017705543
 0.000017586069
 0.000011676908
 0.000024642380
 0.000014370154
 0.000029366048
 0.000034679123
 0.000026166202
 0.000005602039
 0.000007175479
 0.000007387583
 0.000006448659
 0.000005187151
 0.000009373036
 0.000005426967
 0.000002937942
 0.000002467804
 0.000008316084
 0.000006457164
 0.000009052797
 0.000007271960
 0.000006214720
 0.000010413160
 0.000008034269
 0.000007638983
 0.000008746269
 0.000021619641
 0.000004244951
 0.000004536461
 0.000006275565
 0.000008873472
 0.000006123297
 0.000004916883
 0.000004720698
 0.000004423202
 0.000002841180
 0.000004532312
 0.000003900189
 0.000003814507
 0.000004177754
 0.000005658236
 0.000006505567
 0.000007050940
 0.000008011327
 0.000002625565
 0.000004333304
 0.000003530845
 0.000005019457
 0.000003351735
 0.000003716280
 0.000003994719
 0.000003085209
 0.000002514038
 0.000005545572
 0.000004710377
 0.000006777984
 0.000004656024
 0.000002928435
 0.000005273566
 0.000003467027
 0.000003847579
 0.000003757595
 0.000007141845
 0.000005668440
 0.000003985948
 0.000002852760
 0.000003073337
 0.000005747208
 0.000003786054
 0.000002445995
 0.000007356070
 0.000003859806
 0.000005446633
 0.000010275265
 0.000007847234
 0.000006728613
 0.000003190649
 0.000006800159
 0.000003567980
 0.000004194938
 0.000005287876
 0.000005184397
 0.000003050626
 0.000003015349
 0.000005249916
 0.000002679054
 0.000004365617
 0.000001900248
 0.000002575885
 0.000004454043
 0.000003899032
 0.000006199894
 0.000003143279
 0.000001546917
 0.000003728702
 0.000005162901
 0.000004130838
 0.000003244242
 0.000007913611
 0.000008862681
 0.000005496138
 0.000003970107
 0.000005356918
 0.000003337698
 0.000002450031
 0.000003487170
 0.000004511452
 0.000004556167
 0.000005086977
 0.000005307624
 0.000002158178
 0.000002067891
 0.000003066432
 0.000001584725
 0.000004728228
 0.000005776999
 0.000010060135
 0.000005471246
 0.000005984526
 0.000014506221
 0.000010680959
 0.000007515428
 0.000004677903
 0.000003801386
 0.000002471538
 0.000004860358
 0.000005536537
 0.000003781734
 0.000005029463
 0.000006224883
 0.000007390937
 0.000010118362
 0.000003791118
 0.000010008766
 0.000005368490
 0.000008501236
 0.000005274398
 0.000008617404
 0.000004283293
 0.000002842708
 0.000002585265
 0.000002511268
 0.000002957575
 0.000002478944
 0.000005246089
 0.000004363900
 0.000003805643
 0.000007264262
 0.000013911819
 0.000006856829
 0.000008376175
 0.000015786780
 0.000005915538
 0.000005327105
 0.000002755739
 0.000002653296
 0.000002206176
 0.000001784592
 0.000003744579
 0.000002625624
 0.000005911138
 0.000005179942
 0.000017157748
 0.000006772049
 0.000004407430
 0.000004848045
 0.000003359360
 0.000004525726
 0.000003321214
 0.000004058777
 0.000003784449
 0.000004429122
 0.000007052221
 0.000003228270
 0.000004016882
 0.000003306487
 0.000005003311
 0.000003337503
 0.000003329313
 0.000005567692
 0.000002760836
 0.000007114640
 0.000004329369
 0.000004135070
 0.000002257750
 0.000005777314
 0.000004802457
 0.000002354595
 0.000004199153
 0.000003770745
 0.000000921264
 0.000002997702
 0.000002677961
 0.000001203357
 0.000001835687
 0.000005099934
 0.000010073987
 0.000003540710
 0.000007357049
 0.000004643724
 0.000003031598
 0.000005799563
 0.000004770509
 0.000003541296
 0.000004881888
 0.000006713288
 0.000003674250
 0.000002636894
 0.000001092802
 0.000001204133
 0.000000700820
 0.000001148851
 0.000001823630
 0.000002093540
 0.000003538272
 0.000003430553
 0.000003729304
 0.000003253456
 0.000005824249
 0.000002538893
 0.000002856546
 0.000003875851
 0.000005978619
 0.000006816593
 0.000004186582
 0.000004130552
 0.000004665676
 0.000002792557
 0.000003566749
 0.000015712553
 0.000011822020
 0.000011043625
 0.000025079840
 0.000030692222
 0.000009788046
 0.000024160730
 0.000014381897
 0.000019068706
 0.000023125843
 0.000017159972
 0.000007527478
 0.000011751677
 0.000020600751
 0.000036119875
 0.000045568516
 0.000032576562
 0.000024917294
 0.000036836400
 0.000085866297
 0.000102479029
 0.000066944570
 0.000013202542
 0.000013830800
 0.000042806368
 0.000018804750
 0.000032109423
 0.000006747920
 0.000015650738
 0.000011576870
 0.000015801635
 0.000011842488
 0.000084985626
 0.000012117188
 0.000017416172
 0.000008133787
 0.000018704980
 0.000017816171
 0.000010016549
 0.000006886318
 0.000004981069
 0.000002929463
 0.000012896598
 0.000114568091
 0.000069694915
 0.000079152289
 0.000057783503
 0.000029562726
 0.000076123044
 0.000050482252
 0.000026075959
 0.000094405236
 0.000067358021
 0.000050497420
 0.000083235936
 0.000032459464
 0.000043381331
 0.000038926739
 0.000053069580
 0.000038524734
 0.000104717161
 0.000184846490
 0.000058933123
 0.000112054218
 0.000053466912
 0.000134475786
 0.000143796975
 0.000102921083
 0.000107062014
 0.000047607418
 0.000074442951
 0.000294442376
 0.000035673232
 0.000059118524
 0.000037692249
 0.000077664604
 0.000084321614
 0.000159987364
 0.000098704157
 0.000025752691
 0.000063848459
 0.000154917630
 0.000083437633
 0.000178086583
 0.000107407616
 0.000119662571
 0.000152677742
 0.000059320863
 0.000076394744
 0.000057689483
 0.000080191337
 0.000073181761
 0.000108404859
 0.000071760688
 0.000069052600
 0.000081264711
 0.000068193334
 0.000100930900
 0.000089615764
 0.000065625280
 0.000060587714
 0.000150804040
 0.000098348973
 0.000112215534
 0.000058101892
 0.000074140845
 0.000086575390
 0.000140333826
 0.000094839146
 0.000074154139
 0.000027000946
 0.000086272427
 0.000045310005
 0.000026486576
 0.000050375134
 0.000019246111
 0.000022716342
 0.000009785360
 0.000008245696
 0.000004565493
 0.000003902635
 0.000004649614
 0.000003741041
 0.000013900433
 0.000009825262
 0.000020430181
 0.000019600216
 0.000021028730
 0.000022139106
 0.000021490030
 0.000016083544
 0.000085404304
 0.000036794376
 0.000067059777
 0.000012146211
 0.000018201807
 0.000034169311
 0.000014994186
 0.000041237456
 0.000045419638
 0.000037868997
 0.000091366309
 0.000023784942
 0.000041038037
 0.000038021152
 0.000093270834
 0.000041200744
 0.000045557058
 0.000056276869
 0.000025418882
 0.000008831007
 0.000025369168
 0.000015258264
 0.000022563552
 0.000030738303
 0.000021393806
 0.000026030743
 0.000016053089
 0.000015545280
 0.000011841950
 0.000005861802
 0.000016356826
 0.000023038073
 0.000012801607
 0.000007392242
 0.000015412811
 0.000012720458
 0.000010904222
 0.000016295375
 0.000007838536
 0.000020485566
 0.000008579868
 0.000028445122
 0.000016742894
 0.000010200241
 0.000013377213
 0.000010783941
 0.000009732369
 0.000008068056
 0.000012105537
 0.000023214341
 0.000006562527
 0.000014508189
 0.000010277048
 0.000014716997
 0.000008452114
 0.000022152534
 0.000010408087
 0.000039005498
 0.000015700234
 0.000023943256
 0.000033631170
 0.000032512241
 0.000039468012
 0.000048208859
 0.000046569021
 0.000028666491
 0.000023404350
 0.000112138884
 0.000101884467
 0.000051467689
 0.000043891730
 0.000030044290
 0.000037220891
 0.000028098870
 0.000018357753
 0.000018082617
 0.000026140733
 0.000019431586
 0.000010301392
 0.000015721713
 0.000015711796
 0.000006303748
 0.000004566799
 0.000007270629
 0.000006375649
 0.000007273896
 0.000010340906
 0.000013671831
 0.000017893411
 0.000051133177
 0.000041229930
 0.000057160687
 0.000066244420
 0.000101440195
 0.000034370781
 0.000046159308
 0.000052973516
 0.000048672635
 0.000045499399
 0.000062849559
 0.000048311219
 0.000043506447
 0.000070444079
 0.000040762881
 0.000055683320
 0.000051663722
 0.000032604503
 0.000042298711
 0.000033506314
 0.000018467514
 0.000019943684
 0.000024390591
 0.000026150428
 0.000035015793
 0.000040678010
 0.000035605579
 0.000021002664
 0.000032963250
 0.000033647284
 0.000018818331
 0.000015894499
 0.000028458803
 0.000019474674
 0.000021155712
 0.000010426161
 0.000017899922
 0.000021156892
 0.000019250152
 0.000017908005
 0.000008561004
 0.000017906672
 0.000010408118
 0.000034400341
 0.000028501557
 0.000021525969
 0.000045288628
 0.000026140724
 0.000031704799
 0.000031515904
 0.000022111376
 0.000019924067
 0.000007735313
 0.000015101613
 0.000011235609
 0.000012256549
 0.000017890269
 0.000014542636
 0.000031860688
 0.000014035529
 0.000011774150
 0.000009526564
 0.000010348092
 0.000022166782
 0.000028580103
 0.000007507915
 0.000012153578
 0.000014936691
 0.000006966721
 0.000006153672
 0.000004836053
 0.000003477498
 0.000002293177
 0.000003656550
 0.000005377211
 0.000004401613
 0.000003351009
 0.000005682104
 0.000009693405
 0.000010716438
 0.000013569760
 0.000008575496
 0.000011970622
 0.000017109179
 0.000004327403
 0.000011435022
 0.000013086421
 0.000009398319
 0.000011290507
 0.000006412096
 0.000013472070
 0.000010363012
 0.000002930193
 0.000004645615
 0.000003193849
 0.000004918350
 0.000003600710
 0.000005756114
 0.000005624413
 0.000003881156
 0.000003806937
 0.000005499114
 0.000004670786
 0.000005929837
 0.000003446951
 0.000007486612
 0.000002824942
 0.000003191410
 0.000005650349
 0.000007349443
 0.000002710265
 0.000007529750
 0.000004226574
 0.000006512130
 0.000005014939
 0.000007069576
 0.000006508186
 0.000002622978
 0.000003129271
 0.000002408256
 0.000005374573
 0.000004638997
 0.000003857792
 0.000002807272
 0.000003534284
 0.000006268304
 0.000004138478
 0.000004658638
 0.000007474032
 0.000003473656
 0.000003542696
 0.000002902960
 0.000004401254
 0.000001796881
 0.000005575237
 0.000005574626
 0.000009206696
 0.000009977079
 0.000011074201
 0.000015251671
 0.000008344619
 0.000007985832
 0.000009929063
 0.000024665289
 0.000009666635
 0.000011566686
 0.000006795885
 0.000012672823
 0.000008878815
 0.000004500271
 0.000004390466
 0.000006468829
 0.000005698509
 0.000006747386
 0.000005998850
 0.000009067364
 0.000006632272
 0.000009222937
 0.000006873691
 0.000004664142
 0.000010623677
 0.000009049070
 0.000007546296
 0.000010983098
 0.000005051129
 0.000009259890
 0.000006158836
 0.000005445729
 0.000003392715
 0.000002939750
 0.000001362969
 0.000001414509
 0.000001166297
 0.000002055093
 0.000002387217
 0.000004916092
 0.000006413171
 0.000006615885
 0.000009647821
 0.000004192450
 0.000006144428
 0.000004806618
 0.000004887138
 0.000004547030
 0.000003495735
 0.000007859984
 0.000008421113
 0.000008364562
 0.000008720018
 0.000008001439
 0.000006334390
 0.000009854693
 0.000006439694
 0.000007677479
 0.000005373061
 0.000006975765
 0.000003952861
 0.000004817218
 0.000003198026
 0.000009287663
 0.000006938299
 0.000012148248
 0.000007191229
 0.000006721907
 0.000005771315
 0.000011612739
 0.000006494931
 0.000007932452
 0.000016046217
 0.000018381876
 0.000009669582
 0.000008803576
 0.000009325807
 0.000005954752
 0.000007527889
 0.000003427005
 0.000005843836
 0.000005440550
 0.000007570169
 0.000002690440
 0.000003755031
 0.000001935379
 0.000004303603
 0.000005060361
 0.000002578048
 0.000001896239
 0.000005794115
 0.000004377746
 0.000003281265
 0.000009505421
 0.000010623265
 0.000013034166
 0.000008911937
 0.000008965785
 0.000008677649
 0.000006034918
 0.000005544645
 0.000003807523
 0.000003733628
 0.000006872819
 0.000007478723
 0.000003595461
 0.000004437295
 0.000007959785
 0.000005446514
 0.000004272527
 0.000003793839
 0.000009227447
 0.000008467876
 0.000008306184
 0.000007549756
 0.000011083334
 0.000004139034
 0.000006514779
 0.000005148594
 0.000009181646
 0.000005598923
 0.000005448617
 0.000002457077
 0.000007921058
 0.000010465894
 0.000008308230
 0.000010814499
 0.000005188228
 0.000002799916
 0.000008959747
 0.000006450920
 0.000004638723
 0.000004178850
 0.000003758912
 0.000003074034
 0.000005529144
 0.000005169268
 0.000002963803
 0.000002500151
 0.000005773670
 0.000010141231
 0.000003305950
 0.000005608537
 0.000007030753
 0.000005523299
 0.000007755903
 0.000007085342
 0.000004339364
 0.000005186378
 0.000007490869
 0.000005678522
 0.000006701317
 0.000003314426
 0.000002768673
 0.000007008192
 0.000004803311
 0.000008227197
 0.000004880955
 0.000005907249
 0.000003020481
 0.000002947247
 0.000004308002
 0.000006653884
 0.000003129718
 0.000004463750
 0.000008974834
 0.000002239538
 0.000003359640
 0.000008232384
 0.000003918386
 0.000010234007
 0.000005428512
 0.000004928993
 0.000004568951
 0.000012999784
 0.000007835899
 0.000006174674
 0.000004523946
 0.000004188352
 0.000005454347
 0.000006964185
 0.000007718604
 0.000009961149
 0.000007758882
 0.000006309901
 0.000005142952
 0.000003790831
 0.000005438215
 0.000004989643
 0.000004388181
 0.000005993117
 0.000003769837
 0.000007978194
 0.000004551619
 0.000007235397
 0.000019673421
 0.000009530276
 0.000010242112
 0.000008394010
 0.000031983537
 0.000016010356
 0.000023629888
 0.000007160474
 0.000007751835
 0.000009857430
 0.000014039459
 0.000022380163
 0.000031334150
 0.000028416739
 0.000027660004
 0.000013197022
 0.000010568988
 0.000025962924
 0.000006630765
 0.000009085832
 0.000004949695
 0.000003823869
 0.000002317090
 0.000004395626
 0.000013120158
 0.000008272988
 0.000010287025
 0.000006896139
 0.000012663685
 0.000009204072
 0.000014780498
 0.000008436815
 0.000011760528
 0.000007175287
 0.000005049233
 0.000003225544
 0.000004354731
 0.000003201986
 0.000010885280
 0.000010295279
 0.000009902623
 0.000007111545
 0.000004254312
 0.000010088708
 0.000005396150
 0.000005122012
 0.000005472114
 0.000003968762
 0.000003930065
 0.000007204192
 0.000013845025
 0.000007706696
 0.000013737721
 0.000006469875
 0.000008791298
 0.000024202757
 0.000023027640
 0.000014557941
 0.000020728462
 0.000006783824
 0.000014901601
 0.000005725235
 0.000022179384
 0.000024361934
 0.000004256924
 0.000009400840
 0.000007566230
 0.000005583770
 0.000007984076
 0.000006285308
 0.000016783724
 0.000004649883
 0.000004550552
 0.000008216138
 0.000014579489
 0.000001833941
 0.000003785537
 0.000004495066
 0.000011127875
 0.000014883692
 0.000016112302
 0.000009780014
 0.000008653828
 0.000011319172
 0.000004340264
 0.000004933561
 0.000007170018
 0.000002886952
 0.000002638613
 0.000001863988
 0.000002080939
 0.000002074878
 0.000004294614
 0.000004223218
 0.000004359665
 0.000000562812
 0.000001096776
 0.000000927442
 0.000000802447
 0.000001579736
 0.000000693680
 0.000001772336
 0.000001458484
 0.000001236467
 0.000000933374
 0.000001202351
 0.000002270220
 0.000001147585
 0.000001158993
 0.000002669543
 0.000001041822
 0.000001580335
 0.000000807608
 0.000001522542
 0.000003602520
 0.000006578041
 0.000003183617
 0.000005512893
 0.000005269506
 0.000007620934
 0.000014175110
 0.000002951108
 0.000007806555
 0.000008175355
 0.000007436329
 0.000014548692
 0.000011801195
 0.000015950889
 0.000009232785
 0.000021648865
 0.000021021932
 0.000019255487
 0.000010072983
 0.000005887632
 0.000069077406
 0.000043715170
 0.000022041057
 0.000016764943
 0.000018446111
 0.000023257041
 0.000023658146
 0.000009416890
 0.000019089431
 0.000014565462
 0.000012624602
 0.000034956753
 0.000021834544
 0.000028492907
 0.000017330403
 0.000005357962
 0.000003160125
 0.000002530927
 0.000001696032
 0.000003758144
 0.000006516597
 0.000004952017
 0.000006254812
 0.000004853811
 0.000005739137
 0.000007734561
 0.000008398952
 0.000018395679
 0.000012982923
 0.000007350651
 0.000010103101
 0.000012241986
 0.000013605547
 0.000013618873
 0.000012045944
 0.000014052160
 0.000013385220
 0.000012180441
 0.000005911546
 0.000027308013
 0.000018825054
 0.000014667039
 0.000016575581
 0.000021761234
 0.000029511125
 0.000015491832
 0.000018664780
 0.000007952361
 0.000013005065
 0.000011715069
 0.000014972543
 0.000017340569
 0.000007170138
 0.000004345771
 0.000005451237
 0.000002833313
 0.000003100872
 0.000005647623
 0.000021257015
 0.000003822525
 0.000015959424
 0.000006190982
 0.000004085490
 0.000006503671
 0.000042280856
 0.000007362254
 0.000004360854
 0.000008861034
 0.000018524568
 0.000012197688
 0.000025219753
 0.000012051391
 0.000007260017
 0.000020156494
 0.000023431472
 0.000006800046
 0.000006748633
 0.000009572218
 0.000016767627
 0.000033984944
 0.000057431345
 0.000032838746
 0.000017920946
 0.000013080827
 0.000006299666
 0.000019014676
 0.000004097277
 0.000006280460
 0.000002093180
 0.000002720797
 0.000008784104
 0.000011874209
 0.000005175556
 0.000002300336
 0.000003286482
 0.000002752168
 0.000001703663
 0.000003839465
 0.000007808724
 0.000005272354
 0.000006240842
 0.000013216720
 0.000028860509
 0.000007583652
 0.000016424226
 0.000020729005
 0.000011674374
 0.000010437544
 0.000005840763
 0.000004591695
 0.000007308033
 0.000005987994
 0.000006246177
 0.000012572303
 0.000005228285
 0.000007697576
 0.000011080788
 0.000008238270
 0.000006998295
 0.000016314856
 0.000014507108
 0.000010728501
 0.000017875928
 0.000017899487
 0.000020485397
 0.000037949069
 0.000036579304
 0.000070460171
 0.000038355273
 0.000056032069
 0.000020212901
 0.000012173122
 0.000017388929
 0.000017633675
 0.000015321681
 0.000008275933
 0.000018379246
 0.000032054763
 0.000047284663
 0.000096701514
 0.000074993094
 0.000032552311
 0.000016272240
 0.000018203579
 0.000012514725
 0.000030431650
 0.000020754830
 0.000024295258
 0.000020332121
 0.000030310233
 0.000003843921
 0.000005085257
 0.000007882691
 0.000003768108
 0.000003233314
 0.000003145441
 0.000009324612
 0.000003668573
 0.000009041038
 0.000011597536
 0.000010557315
 0.000003937802
 0.000011013900
 0.000011870645
 0.000011192614
 0.000007817779
 0.000007185923
 0.000005620267
 0.000015340986
 0.000036482669
 0.000032088639
 0.000019186054
 0.000018690554
 0.000018614571
 0.000017859774
 0.000013331025
 0.000015921878
 0.000009436180
 0.000008006130
 0.000019099643
 0.000040374381
 0.000012954286
 0.000016911765
 0.000015772279
 0.000014002658
 0.000011730084
 0.000020496146
 0.000009247361
 0.000010591083
 0.000018791472
 0.000034988162
 0.000031682478
 0.000005654859
 0.000013515111
 0.000012247777
 0.000007994553
 0.000002990696
 0.000003095597
 0.000003488639
 0.000002337115
 0.000004558219
 0.000011235168
 0.000016175511
 0.000033438857
 0.000017745958
 0.000077396314
 0.000032394306
 0.000052274882
 0.000030514401
 0.000016285448
 0.000009111729
 0.000027376392
 0.000007760406
 0.000009348908
 0.000007893869
 0.000007464237
 0.000010685789
 0.000005865809
 0.000009481083
 0.000002725768
 0.000004456403
 0.000004899808
 0.000004045985
 0.000009205199
 0.000009644798
 0.000009002915
 0.000004944853
 0.000004418660
 0.000004690423
 0.000005707332
 0.000005498180
 0.000012160648
 0.000005855302
 0.000009152828
 0.000011164556
 0.000004647959
 0.000007021497
 0.000007473341
 0.000007948413
 0.000007833797
 0.000008233393
 0.000005326408
 0.000005539573
 0.000007117185
 0.000004886722
 0.000006137158
 0.000007540573
 0.000005843301
 0.000005517471
 0.000008362691
 0.000020234309
 0.000041665286
 0.000077068738
 0.000007458128
 0.000005579789
 0.000006311087
 0.000009450989
 0.000012176168
 0.000008759395
 0.000038410232
 0.000012573320
 0.000026025952
 0.000004711832
 0.000005865031
 0.000006400616
 0.000008950026
 0.000006264616
 0.000008568867
 0.000010441991
 0.000008689196
 0.000003813691
 0.000006213867
 0.000003814533
 0.000007562525
 0.000007932108
 0.000002588179
 0.000004847277
 0.000009058878
 0.000007035652
 0.000020785334
 0.000004622795
 0.000007574942
 0.000012438440
 0.000036642181
 0.000044033705
 0.000018579886
 0.000009004941
 0.000008548939
 0.000013704424
 0.000024979709
 0.000028585785
 0.000019958382
 0.000022541001
 0.000043079504
 0.000054397983
 0.000060080005
 0.000039375449
 0.000065696325
 0.000072679894
 0.000059562644
 0.000027500998
 0.000020324895
 0.000009485506
 0.000013113366
 0.000011318246
 0.000009068660
 0.000008184307
 0.000008809851
 0.000009738729
 0.000008035006
 0.000005835698
 0.000006398286
 0.000009591208
 0.000011327176
 0.000006443713
 0.000005603787
 0.000011158869
 0.000027111022
 0.000012920161
 0.000050118084
 0.000127944297
 0.000034561093
 0.000015864828
 0.000011320910
 0.000015625889
 0.000011385542
 0.000010455943
 0.000010414156
 0.000011644331
 0.000042735122
 0.000077607947
 0.000020572782
 0.000012572971
 0.000007260755
 0.000004869933
 0.000005138726
 0.000008502985
 0.000014692235
 0.000002687933
 0.000003908736
 0.000007026798
 0.000009047329
 0.000014363682
 0.000003006511
 0.000002393540
 0.000007745949
 0.000003658923
 0.000003167352
 0.000006403873
 0.000005610526
 0.000007950732
 0.000004282533
 0.000003071402
 0.000007039264
 0.000010209591
 0.000012270659
 0.000006193397
 0.000004857190
 0.000005206395
 0.000000936126
 0.000001539691
 0.000005031344
 0.000003575364
 0.000002525793
 0.000002497111
 0.000001661379
 0.000003207695
 0.000004412439
 0.000005455841
 0.000001819083
 0.000003531173
 0.000005629434
 0.000008462282
 0.000003861336
 0.000001780134
 0.000005498259
 0.000003560098
 0.000011218529
 0.000005396407
 0.000024560544
 0.000015138470
 0.000005755903
 0.000004578029
 0.000003515845
 0.000011859767
 0.000008487146
 0.000003246589
 0.000004770706
 0.000006635103
 0.000004809272
 0.000013030576
 0.000008993576
 0.000026406277
 0.000018064823
 0.000016309185
 0.000010362601
 0.000007357369
 0.000005091614
 0.000004340751
 0.000010195067
 0.000007921222
 0.000004639966
 0.000006313733
 0.000022105950
 0.000011900474
 0.000010076645
 0.000005782931
 0.000011689564
 0.000006935662
 0.000006518853
 0.000004597339
 0.000006154869
 0.000009242347
 0.000002859930
 0.000015068063
 0.000004020482
 0.000009086180
 0.000014836710
 0.000018016850
 0.000015412411
 0.000016279397
 0.000052135490
 0.000033636728
 0.000029026997
 0.000010571990
 0.000007070966
 0.000008355627
 0.000004153222
 0.000006178420
 0.000003161128
 0.000012173537
 0.000023115638
 0.000032551057
 0.000025427712
 0.000025661775
 0.000013038472
 0.000037106311
 0.000064316251
 0.000028006381
 0.000019892460
 0.000074399528
 0.000022167515
 0.000024823028
 0.000030066710
 0.000023943672
 0.000030404787
 0.000044635498
 0.000041216014
 0.000018011573
 0.000034396527
 0.000011555535
 0.000006484833
 0.000008712222
 0.000007867796
 0.000004981247
 0.000009449331
 0.000007889665
 0.000015832512
 0.000024186222
 0.000014624463
 0.000016006352
 0.000008344649
 0.000015731829
 0.000014358636
 0.000009055919
 0.000012614532
 0.000008647112
 0.000007569727
 0.000003323457
 0.000008023587
 0.000016434999
 0.000007516582
 0.000014118250
 0.000060908835
 0.000054869648
 0.000021556566
 0.000021513961
 0.000013014311
 0.000020349926
 0.000025748231
 0.000035406820
 0.000031946709
 0.000012293160
 0.000007314817
 0.000007135063
 0.000043785725
 0.000016108319
 0.000018644819
 0.000013985666
 0.000023922397
 0.000019938839
 0.000007924250
 0.000017749398
 0.000014637942
 0.000013319339
 0.000014535690
 0.000032174673
 0.000011796717
 0.000015918197
 0.000005081126
 0.000012557324
 0.000006666109
 0.000002591712
 0.000005891120
 0.000001977929
 0.000001365155
 0.000001432863
 0.000004268596
 0.000007411189
 0.000004544111
 0.000007666514
 0.000007459750
 0.000002630503
 0.000003756005
 0.000003764721
 0.000004116640
 0.000007443072
 0.000013453116
 0.000008995559
 0.000013120962
 0.000011841847
 0.000012708123
 0.000015040483
 0.000013894010
 0.000011505255
 0.000004894619
 0.000006231656
 0.000002938947
 0.000005996287
 0.000006753038
 0.000007746436
 0.000007168313
 0.000007383477
 0.000004597355
 0.000005942088
 0.000004322580
 0.000002127009
 0.000001890436
 0.000002334583
 0.000002103200
 0.000004709312
 0.000005675812
 0.000012109003
 0.000012749336
 0.000006899175
 0.000017349494
 0.000005657682
 0.000003009615
 0.000011106177
 0.000007828735
 0.000008631500
 0.000007587543
 0.000016027734
 0.000011303244
 0.000011089334
 0.000009687395
 0.000006844755
 0.000007205977
 0.000002235220
 0.000010477144
 0.000010723997
 0.000004597145
 0.000005864411
 0.000017214001
 0.000015384193
 0.000007698881
 0.000004518161
 0.000007928572
 0.000004563603
 0.000002571755
 0.000003116417
 0.000003122045
 0.000003279642
 0.000004835414
 0.000001767973
 0.000002330632
 0.000005757310
 0.000004574032
 0.000005146739
 0.000004253235
 0.000002937216
 0.000003048266
 0.000001358547
 0.000005939963
 0.000005919100
 0.000005554194
 0.000013513355
 0.000010373272
 0.000015014165
 0.000013359565
 0.000004218240
 0.000006355491
 0.000003759646
 0.000012585553
 0.000008646036
 0.000007475483
 0.000009090713
 0.000005183598
 0.000011863839
 0.000011550358
 0.000005925502
 0.000005263449
 0.000004503825
 0.000008327385
 0.000006695624
 0.000013820879
 0.000008300728
 0.000012868161
 0.000003336288
 0.000006468198
 0.000009167926
 0.000006283257
 0.000010262658
 0.000005859035
 0.000002712767
 0.000007292453
 0.000008472698
 0.000007870863
 0.000008509148
 0.000010619939
 0.000008987844
 0.000008798113
 0.000010480782
 0.000008217961
 0.000010799467
 0.000034000324
 0.000016549421
 0.000024296021
 0.000041553252
 0.000012374211
 0.000008354049
 0.000009494826
 0.000014118063
 0.000004931968
 0.000020368688
 0.000008622466
 0.000008104247
 0.000007289230
 0.000013886066
 0.000003655194
 0.000006249370
 0.000004060210
 0.000002914599
 0.000002368678
 0.000002932211
 0.000001880753
 0.000004970550
 0.000010090041
 0.000009862095
 0.000001147720
 0.000001109773
 0.000015418261
 0.000010425463
 0.000008374710
 0.000019199969
 0.000013308386
 0.000007821545
 0.000007841851
 0.000004090495
 0.000006460405
 0.000002695859
 0.000016761874
 0.000010346991
 0.000011456112
 0.000008455002
 0.000006501117
 0.000015947437
 0.000013003718
 0.000016517558
 0.000012697113
 0.000014871416
 0.000007815446
 0.000004809028
 0.000011916845
 0.000009958011
 0.000017080852
 0.000007737396
 0.000006733867
 0.000002036721
 0.000003332826
 0.000004319545
 0.000005682766
 0.000005095170
 0.000005327048
 0.000009133503
 0.000011562183
 0.000010028679
 0.000008709589
 0.000006346111
 0.000002989105
 0.000006782541
 0.000009692304
 0.000011649196
 0.000010433862
 0.000032350790
 0.000014953161
 0.000013944461
 0.000013255487
 0.000043245997
 0.000012359194
 0.000007107489
 0.000003764553
 0.000005069466
 0.000004659664
 0.000010176474
 0.000010083789
 0.000011658146
 0.000009385052
 0.000017706417
 0.000014204692
 0.000009187751
 0.000001903176
 0.000004440533
 0.000006536166
 0.000003342130
 0.000002190044
 0.000009492208
 0.000008959995
 0.000016542855
 0.000004942476
 0.000007153051
 0.000009725134
 0.000005009484
 0.000018828492
 0.000032872988
 0.000005342808
 0.000010204386
 0.000009100493
 0.000013431137
 0.000004623928
 0.000016187134
 0.000017088692
 0.000012527386
 0.000017630170
 0.000023478639
 0.000015224379
 0.000016453705
 0.000008813190
 0.000019029326
 0.000013028223
 0.000008774526
 0.000013763399
 0.000009962653
 0.000013100037
 0.000009041836
 0.000007811110
 0.000007436942
 0.000008676527
 0.000008910165
 0.000009350307
 0.000010129002
 0.000014879189
 0.000007848697
 0.000006975207
 0.000007165101
 0.000005290629
 0.000018580355
 0.000025439637
 0.000012013220
 0.000012762723
 0.000011112718
 0.000033356223
 0.000020155688
 0.000013446439
 0.000014076666
 0.000013559585
 0.000018144521
 0.000014449727
 0.000009311943
 0.000005227298
 0.000011553570
 0.000028087671
 0.000016848309
 0.000012101232
 0.000052597165
 0.000021059861
 0.000024891257
 0.000013972983
 0.000010702761
 0.000026734487
 0.000020969352
 0.000021158022
 0.000011115129
 0.000012615422
 0.000019151124
 0.000045253680
 0.000037525504
 0.000021115495
 0.000013693438
 0.000035831696
 0.000012603798
 0.000009124285
 0.000005286081
 0.000004869765
 0.000016236047
 0.000007097679
 0.000004415241
 0.000005440226
 0.000008024304
 0.000006006938
 0.000007028949
 0.000004397463
 0.000006386161
 0.000007329644
 0.000018754170
 0.000008264905
 0.000006216574
 0.000008131490
 0.000007878619
 0.000016117195
 0.000007014640
 0.000006692886
 0.000005286766
 0.000005413447
 0.000007160848
 0.000004520459
 0.000003404149
 0.000005403195
 0.000008947433
 0.000006288294
 0.000009377508
 0.000011732391
 0.000005509923
 0.000010324554
 0.000017241147
 0.000007373586
 0.000002376459
 0.000006521616
 0.000003706754
 0.000010868908
 0.000004956024
 0.000007288216
 0.000004210484
 0.000016606770
 0.000010851902
 0.000016454552
 0.000004862199
 0.000004556179
 0.000005816513
 0.000008978844
 0.000008150000
 0.000009066926
 0.000006969859
 0.000035477925
 0.000017358115
 0.000013600249
 0.000008797630
 0.000007456811
 0.000018530180
 0.000004028431
 0.000005057306
 0.000004874096
 0.000005317829
 0.000008492438
 0.000003995836
 0.000007379295
 0.000014810452
 0.000012833761
 0.000007827957
 0.000010818798
 0.000016468606
 0.000013149525
 0.000007974941
 0.000011185145
 0.000014923489
 0.000010106983
 0.000005259481
 0.000019806667
 0.000013501984
 0.000020923159
 0.000014526892
 0.000009985178
 0.000004495909
 0.000008028441
 0.000010648920
 0.000006544253
 0.000007145104
 0.000011367219
 0.000011901895
 0.000017140811
 0.000022746964
 0.000010344434
 0.000019649154
 0.000007852808
 0.000009887846
 0.000009445771
 0.000008162649
 0.000012216216
 0.000010690227
 0.000007398436
 0.000014498317
 0.000009640744
 0.000019248489
 0.000004814150
 0.000011930255
 0.000009218091
 0.000005012855
 0.000003794885
 0.000006829852
 0.000002955995
 0.000004753478
 0.000004441336
 0.000014322618
 0.000004739713
 0.000005215282
 0.000005613557
 0.000010305654
 0.000006511199
 0.000003867616
 0.000003934411
 0.000012113899
 0.000003156615
 0.000004521696
 0.000008036345
 0.000015144930
 0.000013837665
 0.000021788290
 0.000015997748
 0.000016194897
 0.000028483790
 0.000057744626
 0.000034952181
 0.000015671437
 0.000011824605
 0.000007365880
 0.000007650520
 0.000012492130
 0.000005480342
 0.000006620876
 0.000003878217
 0.000011323259
 0.000016208157
 0.000007536594
 0.000022225207
 0.000005749611
 0.000015653327
 0.000004802183
 0.000015177424
 0.000028928416
 0.000045527472
 0.000022269717
 0.000020160154
 0.000007280255
 0.000017751229
 0.000005201226
 0.000031439512
 0.000015942351
 0.000005941460
 0.000006750947
 0.000021486290
 0.000011629831
 0.000020351698
 0.000008257294
 0.000013837938
 0.000015715302
 0.000005735839
 0.000000571819
 0.000000630424
 0.000001084522
 0.000007036880
 0.000019788661
 0.000022736400
 0.000031760292
 0.000018127724
 0.000010931037
 0.000010189351
 0.000016026937
 0.000006124843
 0.000028095624
 0.000026035502
 0.000010544213
 0.000023108730
 0.000013705627
 0.000014850688
 0.000021005937
 0.000022673014
 0.000016750985
 0.000039827080
 0.000038468114
 0.000021674417
 0.000015870201
 0.000027696048
 0.000021777442
 0.000023016348
 0.000021632771
 0.000025852278
 0.000010742968
 0.000008934489
 0.000009938757
 0.000033731713
 0.000009841619
 0.000006313064
 0.000009874880
 0.000003857557
 0.000008704823
 0.000023801456
 0.000013668522
 0.000027336728
 0.000021170914
 0.000019399326
 0.000042047824
 0.000020567941
 0.000015254086
 0.000020402470
 0.000030229703
 0.000023490542
 0.000017179658
 0.000020636526
 0.000044433190
 0.000015245484
 0.000027291550
 0.000039360241
 0.000020167411
 0.000083925149
 0.000052792149
 0.000078690042
 0.000045848282
 0.000048677551
 0.000043611317
 0.000123633999
 0.000029731872
 0.000014533035
 0.000059471820
 0.000042908416
 0.000055425607
 0.000023871665
 0.000049012061
 0.000043516300
 0.000018958122
 0.000021933048
 0.000045559965
 0.000093275137
 0.000081977730
 0.000029145722
 0.000056878891
 0.000059858582
 0.000049159983
 0.000016557938
 0.000012631671
 0.000010026855
 0.000006172769
 0.000003282536
 0.000016784249
 0.000010361288
 0.000008369496
 0.000013494582
 0.000014571946
 0.000013288963
 0.000008557077
 0.000019469236
 0.000008747763
 0.000007196330
 0.000008185904
 0.000017112217
 0.000009204696
 0.000052139826
 0.000017284583
 0.000008804884
 0.000010902437
 0.000017573170
 0.000018218015
 0.000014168554
 0.000016937249
 0.000024830411
 0.000032219593
 0.000030776656
 0.000022769940
 0.000030563735
 0.000021723689
 0.000020489869
 0.000026330558
 0.000025543734
 0.000033358192
 0.000033206017
 0.000020621120
 0.000021297093
 0.000023782275
 0.000019594556
 0.000120156419
 0.000076494358
 0.000063595251
 0.000056253448
 0.000047445473
 0.000043253635
 0.000032833228
 0.000028278921
 0.000055664600
 0.000013270824
 0.000021129769
 0.000031860851
 0.000026118666
 0.000033512573
 0.000029337941
 0.000029585989
 0.000026212343
 0.000009395658
 0.000016093651
 0.000032958356
 0.000061777225
 0.000072936015
 0.000062612477
 0.000011399759
 0.000037785702
 0.000043337130
 0.000031443366
 0.000032465248
 0.000030538510
 0.000039132956
 0.000019367627
 0.000008083967
 0.000014873198
 0.000014165153
 0.000033298314
 0.000025579009
 0.000013330126
 0.000015466885
 0.000021791982
 0.000010769913
 0.000014832253
 0.000021209739
 0.000017096923
 0.000025373110
 0.000012847467
 0.000011952532
 0.000022019332
 0.000010590700
 0.000005872445
 0.000008143209
 0.000008980684
 0.000010673830
 0.000017288243
 0.000012530797
 0.000017963565
 0.000020382920
 0.000014610116
 0.000005381333
 0.000004388615
 0.000009625694
 0.000034063412
 0.000016843382
 0.000012595290
 0.000011430471
 0.000031862826
 0.000037247130
 0.000019465944
 0.000027672059
 0.000009202745
 0.000032811381
 0.000068094708
 0.000054238482
 0.000042496542
 0.000039169205
 0.000102562128
 0.000072543603
 0.000067489828
 0.000036048603
 0.000018341288
 0.000015799842
 0.000027831756
 0.000013199456
 0.000033710917
 0.000030421236
 0.000077908879
 0.000150248754
 0.000059136458
 0.000038471286
 0.000057546243
 0.000092423311
 0.000044484604
 0.000021989570
 0.000015781404
 0.000009378850
 0.000009880987
 0.000019732852
 0.000022967332
 0.000022288477
 0.000021677054
 0.000016355249
 0.000012126860
 0.000029211385
 0.000036174176
 0.000020952773
 0.000020775065
 0.000041661635
 0.000012099086
 0.000048003589
 0.000095421393
 0.000105985304
 0.000077071540
 0.000074320670
 0.000220219892
 0.000031712898
 0.000016903009
 0.000013106764
 0.000008538366
 0.000033718021
 0.000066504259
 0.000026401738
 0.000021689136
 0.000021411218
 0.000025501470
 0.000010098569
 0.000018308601
 0.000013781085
 0.000022833162
 0.000009538577
 0.000007447682
 0.000007324560
 0.000024617650
 0.000031096951
 0.000039477488
 0.000057417629
 0.000083751023
 0.000039991517
 0.000032232292
 0.000045941381
 0.000025681960
 0.000036504674
 0.000022005496
 0.000020799464
 0.000030010089
 0.000026141584
 0.000025983426
 0.000022650121
 0.000037979257
 0.000012746490
 0.000008208628
 0.000018680263
 0.000024874419
 0.000011401864
 0.000030875258
 0.000028230862
 0.000029355958
 0.000027263043
 0.000019588892
 0.000007337509
 0.000016039238
 0.000006650410
 0.000025133436
 0.000008138958
 0.000009935651
 0.000008038506
 0.000019826127
 0.000014458584
 0.000014503432
 0.000023831511
 0.000017769693
 0.000011279744
 0.000021977818
 0.000016442012
 0.000006617040
 0.000011230615
 0.000021605773
 0.000011105961
 0.000013224948
 0.000006883363
 0.000003725265
 0.000007401174
 0.000011726994
 0.000018218858
 0.000011927958
 0.000013344909
 0.000007572134
 0.000008709852
 0.000008613360
 0.000003779890
 0.000007178127
 0.000003741027
 0.000008189571
 0.000011470820
 0.000015662448
 0.000006770558
 0.000006875202
 0.000008707805
 0.000017484707
 0.000030047369
 0.000009870307
 0.000013235751
 0.000023804203
 0.000013222593
 0.000054304681
 0.000019582918
 0.000014896538
 0.000013480282
 0.000013823362
 0.000015647760
 0.000017418783
 0.000027167923
 0.000026862170
 0.000028045614
 0.000024650273
 0.000010556301
 0.000015044120
 0.000029498331
 0.000014028970
 0.000008843310
 0.000055325504
 0.000016541877
 0.000013740915
 0.000017261467
 0.000008469417
 0.000001839757
 0.000002611011
 0.000000890496
 0.000007132842
 0.000007674244
 0.000010915845
 0.000006220349
 0.000012376537
 0.000016002091
 0.000014712251
 0.000004950044
 0.000004102770
 0.000010319799
 0.000004355878
 0.000019080650
 0.000010223875
 0.000008530882
 0.000023839390
 0.000014035071
 0.000083255877
 0.000013651560
 0.000018893722
 0.000012153378
 0.000024020235
 0.000005192083
 0.000010530718
 0.000007161929
 0.000042662153
 0.000018045516
 0.000011942360
 0.000020248126
 0.000013935315
 0.000061671624
 0.000078647934
 0.000048938322
 0.000110564602
 0.000025024310
 0.000025425389
 0.000041927949
 0.000090576455
 0.000040262402
 0.000045124456
 0.000040052509
 0.000035045964
 0.000025635536
 0.000027012793
 0.000030575582
 0.000034200676
 0.000024305416
 0.000047594595
 0.000046933398
 0.000045504839
 0.000089267554
 0.000044394418
 0.000056662574
 0.000041809752
 0.000116817328
 0.000082086396
 0.000054880013
 0.000043982201
 0.000073465116
 0.000081735978
 0.000066028965
 0.000144733229
 0.000077771189
 0.000067872090
 0.000037794638
 0.000033483556
 0.000021314268
 0.000019766906
 0.000026776683
 0.000016192580
 0.000019136646
 0.000038699178
 0.000016667060
 0.000037917367
 0.000028487709
 0.000028426732
 0.000033459359
 0.000043200190
 0.000016727357
 0.000024665404
 0.000025411909
 0.000052650108
 0.000019705752
 0.000045050955
 0.000016684713
 0.000016077155
 0.000012347267
 0.000015509180
 0.000021215511
 0.000034760336
 0.000033882932
 0.000025391266
 0.000015898019
 0.000016952353
 0.000032755001
 0.000032236183
 0.000044839190
 0.000024770576
 0.000019268210
 0.000015380496
 0.000017151263
 0.000019601506
 0.000051960480
 0.000065374778
 0.000016504593
 0.000035744775
 0.000044847441
 0.000024939523
 0.000030566653
 0.000034484620
 0.000054894506
 0.000050803543
 0.000055592146
 0.000090654326
 0.000095170839
 0.000085241037
 0.000041351470
 0.000027468692
 0.000039659541
 0.000058216671
 0.000252187282
 0.000110727465
 0.000035980105
 0.000116761135
 0.000024803411
 0.000054418851
 0.000015093659
 0.000014346869
 0.000003287473
 0.000006456712
 0.000019540243
 0.000038172957
 0.000015186554
 0.000008865175
 0.000016619445
 0.000015339755
 0.000034027835
 0.000053012468
 0.000119734809
 0.000082069560
 0.000070084587
 0.000031773065
 0.000036970307
 0.000049205937
 0.000032107105
 0.000043425336
 0.000025558808
 0.000035444904
 0.000076014496
 0.000051863920
 0.000035105757
 0.000011327769
 0.000025073745
 0.000020099995
 0.000021963221
 0.000022230904
 0.000019210592
 0.000026860222
 0.000027421154
 0.000017759371
 0.000018459020
 0.000041359260
 0.000054651543
 0.000044090045
 0.000044405053
 0.000158660561
 0.000062901222
 0.000029599802
 0.000023565269
 0.000022672537
 0.000025824372
 0.000034760223
 0.000004763593
 0.000013254268
 0.000031896152
 0.000013214341
 0.000013115990
 0.000013033502
 0.000020001881
 0.000021634290
 0.000030693567
 0.000019025107
 0.000008736894
 0.000006370527
 0.000007021520
 0.000004041084
 0.000006054890
 0.000006450901
 0.000020646786
 0.000025060630
 0.000010359528
 0.000013515133
 0.000023844473
 0.000030882341
 0.000035801364
 0.000070124244
 0.000038218745
 0.000051398237
 0.000098020818
 0.000059321346
 0.000101972882
 0.000070776468
 0.000156627791
 0.000286086175
 0.000053470764
 0.000105429588
 0.000072931653
 0.000137215649
 0.000055859189
 0.000124177052
 0.000049452290
 0.000075533855
 0.000066727501
 0.000072294908
 0.000095885312
 0.000095655527
 0.000198618036
 0.000160847870
 0.000115961260
 0.000059848735
 0.000073438275
 0.000107336909
 0.000199418582
 0.000077166788
 0.000081519395
 0.000047689226
 0.000143789181
 0.000124019028
 0.000208072061
 0.000216054390
 0.000073085717
 0.000095271952
 0.000070068842
 0.000024398784
 0.000016186239
 0.000018849363
 0.000019732512
 0.000028828786
 0.000009623561
 0.000012902543
 0.000015735509
 0.000056424698
 0.000012298965
 0.000012187074
 0.000009726504
 0.000008145695
 0.000009344134
 0.000021191113
 0.000010802959
 0.000010550815
 0.000014601583
 0.000021758884
 0.000010064120
 0.000012513200
 0.000013719351
 0.000012531923
 0.000022502352
 0.000015397114
 0.000016460906
 0.000014074068
 0.000033183804
 0.000017233888
 0.000023728678
 0.000017785673
 0.000013535300
 0.000020332600
 0.000019919693
 0.000037001185
 0.000036692714
 0.000028058599
 0.000016144680
 0.000016513371
 0.000012117960
 0.000070532941
 0.000031859238
 0.000040472980
 0.000033656782
 0.000014070180
 0.000013973620
 0.000007912028
 0.000014030569
 0.000018287780
 0.000011311379
 0.000030055589
 0.000022376431
 0.000029605162
 0.000041802936
 0.000049591562
 0.000031074528
 0.000028590148
 0.000009575197
 0.000008024934
 0.000010653516
 0.000013271080
 0.000020402026
 0.000013921675
 0.000018953099
 0.000017972184
 0.000046829562
 0.000026324289
 0.000035311904
 0.000017884266
 0.000025148415
 0.000035738798
 0.000013721821
 0.000014619159
 0.000027170953
 0.000012006869
 0.000022746888
 0.000020932962
 0.000036566769
 0.000028050841
 0.000038489953
 0.000018358475
 0.000022483452
 0.000013409580
 0.000031851958
 0.000062255491
 0.000026245085
 0.000040867366
 0.000019580170
 0.000035788802
 0.000027798723
 0.000015929937
 0.000023052605
 0.000016697311
 0.000006284455
 0.000011015291
 0.000011297242
 0.000023606794
 0.000013578226
 0.000016136689
 0.000018218194
 0.000033435917
 0.000029764872
 0.000013212005
 0.000018556083
 0.000009775953
 0.000006968960
 0.000006868792
 0.000016914356
 0.000018977131
 0.000014470385
 0.000018200343
 0.000009106627
 0.000007911425
 0.000013429319
 0.000011184530
 0.000008959257
 0.000007418167
 0.000007744039
 0.000006426188
 0.000013630488
 0.000009554492
 0.000008721637
 0.000007570639
 0.000019870609
 0.000011942601
 0.000006155554
 0.000006296637
 0.000005576721
 0.000005227182
 0.000010948270
 0.000005423133
 0.000011822533
 0.000002650526
 0.000005244772
 0.000003120679
 0.000002790731
 0.000007301672
 0.000008293797
 0.000005789212
 0.000004940616
 0.000008203208
 0.000010503741
 0.000007613400
 0.000010946865
 0.000008601179
 0.000005034185
 0.000008212293
 0.000013069450
 0.000013049799
 0.000010820944
 0.000012777382
 0.000017748186
 0.000017711218
 0.000007510170
 0.000009009566
 0.000008896339
 0.000005876288
 0.000033324064
 0.000013999807
 0.000037460235
 0.000018503391
 0.000026106720
 0.000040889965
 0.000027706752
 0.000052813867
 0.000016988186
 0.000064034940
 0.000009695834
 0.000017383597
 0.000010380868
 0.000005680577
 0.000006876172
 0.000004045731
 0.000003084819
 0.000010943330
 0.000014497882
 0.000024487316
 0.000014489806
 0.000007835125
 0.000004071260
 0.000006294974
 0.000005695249
 0.000027850315
 0.000021329280
 0.000021054637
 0.000010495161
 0.000020039475
 0.000016000990
 0.000014589300
 0.000008934329
 0.000011888064
 0.000008180225
 0.000011970668
 0.000006414013
 0.000005436918
 0.000004278037
 0.000002214367
 0.000003046095
 0.000005060259
 0.000004211060
 0.000010015517
 0.000007796403
 0.000002578171
 0.000001699113
 0.000003259905
 0.000004015559
 0.000006655569
 0.000001794544
 0.000003156467
 0.000013871709
 0.000009075133
 0.000013502976
 0.000011606830
 0.000010736675
 0.000008373497
 0.000003699685
 0.000006737094
 0.000007424236
 0.000008217337
 0.000004282900
 0.000001140265
 0.000003974949
 0.000002964780
 0.000004083402
 0.000004765414
 0.000005753110
 0.000004444888
 0.000001577228
 0.000004997721
 0.000004510226
 0.000007660293
 0.000007396173
 0.000008236110
 0.000003528810
 0.000003184324
 0.000006938978
 0.000006992196
 0.000010294330
 0.000003137789
 0.000013707076
 0.000011410270
 0.000006855237
 0.000008090358
 0.000004973320
 0.000010471654
 0.000005277314
 0.000009445694
 0.000011790014
 0.000009419165
 0.000010788324
 0.000013609689
 0.000007010455
 0.000028009894
 0.000051888238
 0.000034034950
 0.000017295944
 0.000007654426
 0.000013382755
 0.000024308066
 0.000016278149
 0.000002190977
 0.000009198647
 0.000003955750
 0.000008973200
 0.000013066439
 0.000016784227
 0.000008848797
 0.000008903134
 0.000007082234
 0.000002421109
 0.000003006358
 0.000005444359
 0.000017269027
 0.000005054391
 0.000007497464
 0.000008852291
 0.000010426417
 0.000018983070
 0.000039199402
 0.000032356206
 0.000061692292
 0.000066347001
 0.000035131329
 0.000033466960
 0.000013445522
 0.000020765480
 0.000020450610
 0.000013544597
 0.000006126120
 0.000013366959
 0.000009269648
 0.000018395336
 0.000011340931
 0.000014051621
 0.000007368005
 0.000008808735
 0.000004927336
 0.000016595392
 0.000024332622
 0.000045982422
 0.000021272373
 0.000008710191
 0.000005906203
 0.000009852096
 0.000023805227
 0.000010995290
 0.000016400619
 0.000007010695
 0.000019524552
 0.000011909027
 0.000013449629
 0.000009456950
 0.000007484044
 0.000004502658
 0.000008045021
 0.000017452225
 0.000010521555
 0.000006028860
 0.000011504385
 0.000011545980
 0.000008074207
 0.000007244620
 0.000006245860
 0.000008817140
 0.000011952615
 0.000009727226
 0.000007439488
 0.000011689221
 0.000011547301
 0.000007578816
 0.000007723248
 0.000025055586
 0.000018164933
 0.000036783839
 0.000026116719
 0.000014987742
 0.000014505750
 0.000018518027
 0.000024636101
 0.000023636957
 0.000020558254
 0.000018391519
 0.000020817010
 0.000013095798
 0.000022431196
 0.000029745283
 0.000019855051
 0.000008637327
 0.000006153976
 0.000009019727
 0.000013293514
 0.000010984369
 0.000004148963
 0.000023492022
 0.000008617339
 0.000007196984
 0.000002682876
 0.000010595192
 0.000009526688
 0.000005254086
 0.000005072257
 0.000003419801
 0.000005612341
 0.000003368798
 0.000002373090
 0.000002348943
 0.000004068392
 0.000001995519
 0.000004375173
 0.000002204367
 0.000003434463
 0.000005258305
 0.000005272513
 0.000003608819
 0.000004509696
 0.000004762506
 0.000005912826
 0.000006232577
 0.000005215220
 0.000013749633
 0.000005956954
 0.000006429137
 0.000006003102
 0.000015781077
 0.000014268083
 0.000015493860
 0.000006852788
 0.000010574957
 0.000004336333
 0.000005761341
 0.000008955310
 0.000003272982
 0.000007591016
 0.000005262935
 0.000006122394
 0.000003887165
 0.000002792492
 0.000003161571
 0.000002731649
 0.000002110387
 0.000001695243
 0.000003697748
 0.000005877788
 0.000006620698
 0.000004197099
 0.000003295554
 0.000004038162
 0.000009869814
 0.000006192039
 0.000008485903
 0.000014211125
 0.000014361240
 0.000013486478
 0.000011505908
 0.000011674142
 0.000015481633
 0.000006069640
 0.000008418385
 0.000004260320
 0.000005671376
 0.000011412358
 0.000003173656
 0.000005146337
 0.000006359723
 0.000006188588
 0.000002743814
 0.000005608161
 0.000007415187
 0.000003767110
 0.000004758893
 0.000003655623
 0.000003387634
 0.000003752034
 0.000009383951
 0.000006625789
 0.000007275042
 0.000011343198
 0.000008012649
 0.000001944297
 0.000004967960
 0.000002909577
 0.000004447447
 0.000003908709
 0.000003126418
 0.000004868113
 0.000006682966
 0.000004869703
 0.000007365402
 0.000003003086
 0.000005378027
 0.000003664254
 0.000004347297
 0.000005545363
 0.000013175386
 0.000010145713
 0.000007232581
 0.000005505347
 0.000014346580
 0.000007706575
 0.000013328112
 0.000018288728
 0.000012251305
 0.000014880344
 0.000005188165
 0.000010855424
 0.000007231201
 0.000018477319
 0.000009048980
 0.000006785880
 0.000005299911
 0.000024423202
 0.000006944536
 0.000007541101
 0.000017634023
 0.000012789701
 0.000010229756
 0.000006546328
 0.000007136216
 0.000006013297
 0.000006220220
 0.000004763037
 0.000005593086
 0.000005277482
 0.000006721069
 0.000003986687
 0.000004357734
 0.000003246045
 0.000004394968
 0.000004692437
 0.000005721448
 0.000006234814
 0.000004485052
 0.000003946330
 0.000005490930
 0.000008492546
 0.000009563302
 0.000020847805
 0.000008871175
 0.000005112064
 0.000010226617
 0.000019872787
 0.000010174666
 0.000008349954
 0.000010742038
 0.000002593821
 0.000009316272
 0.000008298474
 0.000013171283
 0.000015049991
 0.000005575205
 0.000009417849
 0.000016760330
 0.000010849582
 0.000016335155
 0.000005509694
 0.000012767295
 0.000009362601
 0.000003232475
 0.000003718848
 0.000002484667
 0.000004963778
 0.000007233126
 0.000007043748
 0.000005323357
 0.000008899044
 0.000009207581
 0.000008132639
 0.000010752833
 0.000012248977
 0.000013631146
 0.000005391351
 0.000006113971
 0.000003445086
 0.000007778170
 0.000005749547
 0.000009589613
 0.000010561504
 0.000012434443
 0.000017388830
 0.000016658088
 0.000013780813
 0.000009964232
 0.000013078591
 0.000009766891
 0.000009350951
 0.000008504541
 0.000012127541
 0.000003812899
 0.000010399595
 0.000007376425
 0.000003977535
 0.000002663763
 0.000003664760
 0.000003512193
 0.000002396819
 0.000005342070
 0.000008124809
 0.000007145069
 0.000009875215
 0.000006753047
 0.000005787284
 0.000006148579
 0.000008404219
 0.000004821786
 0.000006085633
 0.000009453368
 0.000008906975
 0.000005259325
 0.000004930668
 0.000004306937
 0.000005333606
 0.000004234869
 0.000003803505
 0.000018480895
 0.000012729298
 0.000005856623
 0.000004098151
 0.000010569093
 0.000007204255
 0.000009116295
 0.000004325448
 0.000005562483
 0.000006146419
 0.000004225773
 0.000006214077
 0.000009116357
 0.000015414307
 0.000007367257
 0.000004609725
 0.000011603781
 0.000010163255
 0.000008833536
 0.000008151218
 0.000008296695
 0.000013739024
 0.000004343188
 0.000011704235
 0.000012925248
 0.000010888592
 0.000006542942
 0.000003818253
 0.000006658645
 0.000003583383
 0.000004631494
 0.000004665535
 0.000005057330
 0.000005834052
 0.000004607179
 0.000007457062
 0.000006379325
 0.000006443729
 0.000006513855
 0.000012118441
 0.000010061857
 0.000010961466
 0.000012418506
 0.000008608140
 0.000017886429
 0.000009822606
 0.000011704778
 0.000024836557
 0.000023095537
 0.000019133920
 0.000016347734
 0.000007312618
 0.000010649368
 0.000008887949
 0.000012019563
 0.000013935497
 0.000006186471
 0.000012139728
 0.000016283062
 0.000009990098
 0.000025295713
 0.000023510815
 0.000016446470
 0.000018526902
 0.000011165193
 0.000012724668
 0.000007758392
 0.000009131078
 0.000007196976
 0.000004329096
 0.000003671630
 0.000007132330
 0.000006117060
 0.000007259570
 0.000012208945
 0.000008175974
 0.000012477222
 0.000010709993
 0.000008132981
 0.000005682117
 0.000006481707
 0.000006719488
 0.000007959372
 0.000005514190
 0.000011815930
 0.000009928881
 0.000007537625
 0.000011584051
 0.000011734377
 0.000008377791
 0.000003507946
 0.000007032383
 0.000003971356
 0.000009357178
 0.000006205643
 0.000004107154
 0.000004026542
 0.000005178909
 0.000007258651
 0.000012624810
 0.000008717710
 0.000011816342
 0.000007871679
 0.000009665745
 0.000009550515
 0.000007435855
 0.000005325289
 0.000005311039
 0.000006667187
 0.000003667194
 0.000003995401
 0.000008872030
 0.000008618214
 0.000005613473
 0.000006166102
 0.000005066568
 0.000011015437
 0.000004555498
 0.000003570159
 0.000007505612
 0.000006499243
 0.000012544827
 0.000008748668
 0.000003708246
 0.000006776309
 0.000006343269
 0.000011498888
 0.000010166552
 0.000012118017
 0.000005481264
 0.000005661216
 0.000006793717
 0.000015502718
 0.000004698418
 0.000006539465
 0.000009912309
 0.000011085248
 0.000019503065
 0.000010721155
 0.000007070833
 0.000009820545
 0.000012045586
 0.000009715217
 0.000011016550
 0.000010973035
 0.000008855653
 0.000007053111
 0.000018113069
 0.000034987979
 0.000010339259
 0.000005810548
 0.000018903146
 0.000006124982
 0.000012537429
 0.000011373002
 0.000006175523
 0.000007178501
 0.000005866631
 0.000023752375
 0.000013258805
 0.000007843479
 0.000005941387
 0.000012194393
 0.000008106780
 0.000007946695
 0.000008841254
 0.000013240658
 0.000016532217
 0.000014070595
 0.000005250022
 0.000013622575
 0.000023714232
 0.000007939437
 0.000015601559
 0.000006523236
 0.000007846076
 0.000004960835
 0.000006914394
 0.000004604241
 0.000006548419
 0.000015046115
 0.000007666853
 0.000006540378
 0.000010088024
 0.000019363471
 0.000011906715
 0.000012882145
 0.000008373698
 0.000016554977
 0.000008935487
 0.000014169489
 0.000011531071
 0.000012110577
 0.000007762148
 0.000006971656
 0.000012408163
 0.000011011931
 0.000008056168
 0.000004062108
 0.000006127952
 0.000011308339
 0.000006224185
 0.000004329220
 0.000012369257
 0.000003419326
 0.000009084853
 0.000006837874
 0.000011398190
 0.000005320361
 0.000010437829
 0.000008574562
 0.000003152478
 0.000006941725
 0.000003267635
 0.000009265194
 0.000007225925
 0.000006718265
 0.000006392163
 0.000003195430
 0.000002479285
 0.000007729076
 0.000006654849
 0.000007252497
 0.000003581921
 0.000006449490
 0.000012818088
 0.000008491896
 0.000006950097
 0.000005088537
 0.000003563535
 0.000006989750
 0.000010429584
 0.000005282152
 0.000004379634
 0.000004069560
 0.000005104618
 0.000005805876
 0.000004194509
 0.000003373137
 0.000003414249
 0.000007305283
 0.000004201150
 0.000006050428
 0.000010366908
 0.000008041029
 0.000019785622
 0.000018968119
 0.000028522512
 0.000013601392
 0.000031180748
 0.000019887324
 0.000012021312
 0.000020094175
 0.000024578382
 0.000048418446
 0.000006275323
 0.000015573753
 0.000002592335
 0.000002790427
 0.000004611955
 0.000006256987
 0.000013687622
 0.000007584075
 0.000011214191
 0.000010454694
 0.000014820663
 0.000020711447
 0.000006422449
 0.000012870384
 0.000004872164
 0.000007713173
 0.000006678843
 0.000010790894
 0.000008095587
 0.000005483507
 0.000014591972
 0.000007694482
 0.000006223162
 0.000009581145
 0.000013438480
 0.000009396364
 0.000006001493
 0.000012870829
 0.000010051538
 0.000011424839
 0.000017249645
 0.000003883102
 0.000010263165
 0.000014795191
 0.000007925400
 0.000013096084
 0.000012606186
 0.000008374404
 0.000017237528
 0.000007355744
 0.000007863616
 0.000015747053
 0.000012370576
 0.000009672860
 0.000012363640
 0.000005889337
 0.000018508157
 0.000008330765
 0.000006272634
 0.000004453165
 0.000001154603
 0.000003637557
 0.000003522917
 0.000003293006
 0.000002081782
 0.000001907557
 0.000003311257
 0.000002699463
 0.000002452189
 0.000001444155
 0.000001969399
 0.000002331996
 0.000003245217
 0.000001036422
 0.000002346459
 0.000002775958
 0.000003371138
 0.000002818244
 0.000001946891
 0.000002533806
 0.000001845205
 0.000002527934
 0.000002563594
 0.000001707285
 0.000003016799
 0.000002830441
 0.000002248749
 0.000002428838
 0.000003853431
 0.000002752072
 0.000005763311
 0.000005238688
 0.000003793508
 0.000002791195
 0.000003734199
 0.000007222107
 0.000010127780
 0.000004548804
 0.000010054832
 0.000005383190
 0.000003617855
 0.000003574303
 0.000005281509
 0.000003564869
 0.000005724772
 0.000011905722
 0.000004318889
 0.000007032218
 0.000009078524
 0.000008100022
 0.000010873360
 0.000006152065
 0.000003940636
 0.000007257452
 0.000003294737
 0.000001823541
 0.000002495077
 0.000006911679
 0.000003521055
 0.000004260143
 0.000004954979
 0.000003702710
 0.000002830930
 0.000011694717
 0.000008793458
 0.000009236403
 0.000004602727
 0.000002305487
 0.000005152851
 0.000004306610
 0.000013139241
 0.000016269153
 0.000004307979
 0.000024094767
 0.000010237647
 0.000003343624
 0.000010117720
 0.000003568092
 0.000001574113
 0.000007396773
 0.000010484205
 0.000015368545
 0.000005333353
 0.000008271120
 0.000010714174
 0.000009604230
 0.000004070748
 0.000007035017
 0.000014725156
 0.000007807846
 0.000010742182
 0.000025423934
 0.000013194806
 0.000017554522
 0.000020660335
 0.000012711429
 0.000007890162
 0.000016271967
 0.000024881360
 0.000015473806
 0.000011250839
 0.000017486891
 0.000026201999
 0.000023819798
 0.000020489793
 0.000035608225
 0.000024791714
 0.000012608346
 0.000028624052
 0.000013818748
 0.000015987778
 0.000008985278
 0.000018134096
 0.000005074201
 0.000014218461
 0.000018090996
 0.000018680250
 0.000046210788
 0.000009296832
 0.000008494589
 0.000005059872
 0.000015085775
 0.000005531295
 0.000003069514
 0.000002002910
 0.000002873143
 0.000002343080
 0.000003959894
 0.000001968939
 0.000003329954
 0.000004189589
 0.000004429207
 0.000013569225
 0.000008204741
 0.000003041684
 0.000006703626
 0.000003635101
 0.000004461367
 0.000007671761
 0.000029186606
 0.000042206167
 0.000071120994
 0.000014562579
 0.000022091149
 0.000019603641
 0.000022212600
 0.000031346813
 0.000021763278
 0.000009639038
 0.000009223280
 0.000014239531
 0.000009854552
 0.000014219269
 0.000002512408
 0.000010225911
 0.000006671556
 0.000007054689
 0.000007509353
 0.000004263395
 0.000004783676
 0.000002131676
 0.000008657284
 0.000007325628
 0.000010576326
 0.000016579806
 0.000004759681
 0.000011754028
 0.000005628125
 0.000004137885
 0.000005680812
 0.000013309400
 0.000004295417
 0.000011830961
 0.000012538687
 0.000005914693
 0.000003271999
 0.000003231334
 0.000003941728
 0.000003609770
 0.000003116590
 0.000003449849
 0.000007649246
 0.000001394407
 0.000006729206
 0.000003913274
 0.000004660321
 0.000002610304
 0.000001752701
 0.000002230780
 0.000001990957
 0.000004464872
 0.000003753269
 0.000002673155
 0.000001887179
 0.000002236061
 0.000002932661
 0.000002911763
 0.000007761239
 0.000007295419
 0.000006914437
 0.000006082120
 0.000003119577
 0.000002012235
 0.000002550173
 0.000004337309
 0.000004471353
 0.000004598962
 0.000003353073
 0.000003030390
 0.000002924239
 0.000004220013
 0.000001617026
 0.000002573227
 0.000001863785
 0.000001943103
 0.000002398906
 0.000005354920
 0.000003867710
 0.000003031423
 0.000002225619
 0.000002481627
 0.000003063038
 0.000001442154
 0.000002770617
 0.000009848765
 0.000002919108
 0.000008227041
 0.000007253041
 0.000003413692
 0.000006674408
 0.000006811684
 0.000007941828
 0.000006305689
 0.000009625353
 0.000003469119
 0.000004589530
 0.000002888115
 0.000006288728
 0.000017151458
 0.000014776450
 0.000009804161
 0.000012017059
 0.000005517264
 0.000004361884
 0.000003372771
 0.000001765367
 0.000002714724
 0.000003593228
 0.000003954558
 0.000002035392
 0.000002509241
 0.000004704027
 0.000002496905
 0.000002249102
 0.000003223611
 0.000004052849
 0.000003452064
 0.000001770433
 0.000002103466
 0.000004231774
 0.000005259879
 0.000001588748
 0.000004580842
 0.000001797165
 0.000003943776
 0.000007692632
 0.000005058052
 0.000004050166
 0.000004610482
 0.000002043934
 0.000002672312
 0.000004974721
 0.000010046092
 0.000015333856
 0.000005049547
 0.000005329392
 0.000002523053
 0.000005085766
 0.000004349442
 0.000007775590
 0.000018751633
 0.000009294430
 0.000008309998
 0.000015740008
 0.000007129159
 0.000003694735
 0.000006666379
 0.000002188549
 0.000007703332
 0.000009166819
 0.000009827856
 0.000006327052
 0.000005621508
 0.000003430183
 0.000014139693
 0.000015334853
 0.000011049152
 0.000007465426
 0.000002264897
 0.000004855991
 0.000001077269
 0.000001832570
 0.000002420237
 0.000001658898
 0.000002013135
 0.000001523702
 0.000001559552
 0.000001297504
 0.000001164411
 0.000000909782
 0.000001928238
 0.000001532884
 0.000001479139
 0.000001621409
 0.000003301554
 0.000001765401
 0.000001942088
 0.000002342988
 0.000002723281
 0.000001676647
 0.000001844527
 0.000001496371
 0.000001426763
 0.000001450045
 0.000001602931
 0.000002427243
 0.000001314293
 0.000001612987
 0.000002988850
 0.000000772649
 0.000003331342
 0.000001245498
 0.000002559337
 0.000002429400
 0.000001764545
 0.000001588191
 0.000004299901
 0.000002732250
 0.000002640377
 0.000001823766
 0.000002846596
 0.000004571616
 0.000006844112
 0.000007209584
 0.000006759503
 0.000016177993
 0.000011759168
 0.000009793125
 0.000010392709
 0.000016405061
 0.000022345927
 0.000018288202
 0.000015352031
 0.000028556793
 0.000014801075
 0.000007568341
 0.000012421410
 0.000007416778
 0.000007866105
 0.000004155889
 0.000003195169
 0.000006779242
 0.000010800801
 0.000002486421
 0.000002010805
 0.000002425082
 0.000004510471
 0.000002870140
 0.000004988513
 0.000005131338
 0.000001661593
 0.000002438931
 0.000007251570
 0.000002473914
 0.000003355714
 0.000005065467
 0.000002110198
 0.000003642129
 0.000003005417
 0.000002648785
 0.000002680657
 0.000005171966
 0.000005563705
 0.000001312178
 0.000002814799
 0.000002565993
 0.000007385849
 0.000009665284
 0.000004733620
 0.000009144436
 0.000004614167
 0.000006757490
 0.000007359741
 0.000007178631
 0.000012013602
 0.000008299891
 0.000008607461
 0.000007361682
 0.000013111740
 0.000015651835
 0.000008232953
 0.000010330018
 0.000015399095
 0.000009473420
 0.000007269505
 0.000016161084
 0.000013496410
 0.000008391629
 0.000012596841
 0.000014288341
 0.000011289454
 0.000022595089
 0.000048903299
 0.000020796001
 0.000014670348
 0.000020382938
 0.000012902012
 0.000003587270
 0.000007852280
 0.000012990722
 0.000009901640
 0.000008679111
 0.000004861159
 0.000006791982
 0.000009553918
 0.000017196122
 0.000007888213
 0.000006945106
 0.000008865336
 0.000004339431
 0.000005161626
 0.000003916098
 0.000004685762
 0.000003135288
 0.000003046113
 0.000002520202
 0.000003100098
 0.000005346638
 0.000004663246
 0.000002843718
 0.000003854727
 0.000003010394
 0.000004050400
 0.000001772121
 0.000003371532
 0.000002546090
 0.000004136341
 0.000003959893
 0.000007303256
 0.000004773412
 0.000004864357
 0.000004894206
 0.000003727577
 0.000003531317
 0.000008295565
 0.000007047685
 0.000013686917
 0.000010302087
 0.000004372107
 0.000011553706
 0.000006719897
 0.000010107385
 0.000006020022
 0.000003987735
 0.000006450872
 0.000018009227
 0.000009791603
 0.000010114913
 0.000007455305
 0.000005970073
 0.000012356186
 0.000018570756
 0.000042116733
 0.000015230566
 0.000016210083
 0.000009842977
 0.000030762680
 0.000027200224
 0.000020123406
 0.000011954349
 0.000024876463
 0.000012434733
 0.000034455423
 0.000033283628
 0.000022726909
 0.000019223024
 0.000025907228
 0.000038042630
 0.000014065598
 0.000016623330
 0.000024077397
 0.000025121037
 0.000021568647
 0.000018976255
 0.000019533050
 0.000016205205
 0.000013142449
 0.000013148931
 0.000008067369
 0.000009701827
 0.000015661313
 0.000016631772
 0.000029261016
 0.000008473028
 0.000015202727
 0.000007431884
 0.000007452858
 0.000011378331
 0.000010672000
 0.000024281610
 0.000006211382
 0.000005745189
 0.000005355527
 0.000011556848
 0.000004900513
 0.000003791077
 0.000005997495
 0.000004497978
 0.000005910431
 0.000008584503
 0.000003972774
 0.000007237078
 0.000011498063
 0.000007096737
 0.000006869758
 0.000007256919
 0.000003397055
 0.000011947293
 0.000016553524
 0.000013199838
 0.000006080095
 0.000013039834
 0.000014508314
 0.000006298173
 0.000020855128
 0.000013462335
 0.000011488884
 0.000007230419
 0.000009185423
 0.000008893851
 0.000013711581
 0.000010901973
 0.000006478568
 0.000023540111
 0.000006604312
 0.000009174685
 0.000007564297
 0.000005829951
 0.000007025764
 0.000008446134
 0.000005959914
 0.000009928631
 0.000010701750
 0.000006837156
 0.000017015733
 0.000019479234
 0.000007427503
 0.000013471545
 0.000013048962
 0.000013770111
 0.000008212428
 0.000004206654
 0.000009256656
 0.000006510595
 0.000005706478
 0.000005109559
 0.000006551128
 0.000005771190
 0.000004836402
 0.000006423527
 0.000008969017
 0.000010228163
 0.000009757999
 0.000006034488
 0.000006557242
 0.000004524714
 0.000006787374
 0.000010125875
 0.000010610389
 0.000006755131
 0.000010246618
 0.000015408013
 0.000015844880
 0.000006959844
 0.000005049151
 0.000012403520
 0.000012823387
 0.000011524855
 0.000018260398
 0.000008948417
 0.000016751735
 0.000016962462
 0.000018223745
 0.000005896929
 0.000005606736
 0.000012111033
 0.000030797283
 0.000047636333
 0.000033971573
 0.000022085822
 0.000016491223
 0.000011691063
 0.000018391712
 0.000010757307
 0.000010794364
 0.000016051445
 0.000021185387
 0.000012905708
 0.000009426612
 0.000025552181
 0.000013032369
 0.000045811498
 0.000027280279
 0.000028908420
 0.000023459378
 0.000013140850
 0.000027733042
 0.000016687991
 0.000016229167
 0.000015337424
 0.000014942546
 0.000012584277
 0.000016801302
 0.000023350873
 0.000012224120
 0.000019152732
 0.000012438369
 0.000042042606
 0.000050661596
 0.000026807776
 0.000023098665
 0.000050030486
 0.000020952534
 0.000026092023
 0.000015073653
 0.000016951243
 0.000016360115
 0.000010384752
 0.000014349060
 0.000006384822
 0.000029459340
 0.000003950098
 0.000006560188
 0.000008799441
 0.000006776070
 0.000011882212
 0.000007496946
 0.000005912459
 0.000006959803
 0.000004808248
 0.000005580782
 0.000005728000
 0.000005843265
 0.000005087528
 0.000012141000
 0.000013321252
 0.000009910639
 0.000006607137
 0.000011580610
 0.000011254312
 0.000013245129
 0.000015003143
 0.000022931672
 0.000016841959
 0.000013037748
 0.000012920615
 0.000009939679
 0.000016591628
 0.000028048382
 0.000032066087
 0.000016983992
 0.000018928193
 0.000013054030
 0.000013475538
 0.000008646441
 0.000064337406
 0.000020467765
 0.000022623795
 0.000036074127
 0.000021729234
 0.000056498659
 0.000078875368
 0.000057428553
 0.000031184957
 0.000019289512
 0.000025177505
 0.000022529222
 0.000017522737
 0.000029895559
 0.000011923876
 0.000016526416
 0.000019733539
 0.000017255871
 0.000005894179
 0.000009884283
 0.000032367724
 0.000017926805
 0.000029703476
 0.000012742732
 0.000018104919
 0.000017787784
 0.000015735825
 0.000013992383
 0.000017946133
 0.000014049149
 0.000016789935
 0.000006234096
 0.000013167203
 0.000010371853
 0.000019310643
 0.000009179107
 0.000011391328
 0.000010095904
 0.000014629679
 0.000006468348
 0.000003703977
 0.000004738318
 0.000011968573
 0.000018301090
 0.000014452125
 0.000048554447
 0.000018111793
 0.000009508033
 0.000005076641
 0.000017685706
 0.000011384410
 0.000016569393
 0.000059737014
 0.000010802618
 0.000014764755
 0.000012411102
 0.000023070249
 0.000009136811
 0.000013417883
 0.000012673859
 0.000018810665
 0.000015725969
 0.000027411247
 0.000012342995
 0.000022227507
 0.000007913948
 0.000045026583
 0.000027412251
 0.000037313116
 0.000021723017
 0.000026706762
 0.000021370060
 0.000020563731
 0.000026073365
 0.000017764587
 0.000020175080
 0.000022999006
 0.000019655204
 0.000016625918
 0.000034096042
 0.000020406392
 0.000018419073
 0.000009498170
 0.000014522638
 0.000010749400
 0.000013605332
 0.000014855956
 0.000008370618
 0.000013663726
 0.000012422607
 0.000008171120
 0.000017490954
 0.000011922333
 0.000015471519
 0.000021816758
 0.000009274504
 0.000020735722
 0.000019585563
 0.000012656376
 0.000020536785
 0.000051997120
 0.000024878878
 0.000015155839
 0.000021751617
 0.000035725210
 0.000053619881
 0.000028696327
 0.000046949793
 0.000076757287
 0.000042540680
 0.000097698091
 0.000059143924
 0.000037825818
 0.000039385025
 0.000040093121
 0.000030582824
 0.000058741001
 0.000034247423
 0.000039091030
 0.000040365126
 0.000055124483
 0.000041234429
 0.000025431184
 0.000017113778
 0.000013124346
 0.000029188783
 0.000024035315
 0.000009617864
 0.000022038877
 0.000015371897
 0.000023914990
 0.000026145210
 0.000012836529
 0.000013623526
 0.000028004083
 0.000030063313
 0.000013581186
 0.000010757133
 0.000036090789
 0.000020492966
 0.000019598995
 0.000015569132
 0.000017963491
 0.000009455334
 0.000005143861
 0.000018987301
 0.000012123559
 0.000005838647
 0.000004742628
 0.000006016816
 0.000004093217
 0.000014227088
 0.000014991876
 0.000010655007
 0.000015404422
 0.000006041486
 0.000013855179
 0.000007893387
 0.000009855293
 0.000012234733
 0.000011009362
 0.000008583066
 0.000009912397
 0.000015193674
 0.000009304706
 0.000012948249
 0.000013183541
 0.000017434351
 0.000008862011
 0.000004766562
 0.000003485896
 0.000004483501
 0.000004015163
 0.000001192358
 0.000002013869
 0.000001537083
 0.000010697120
 0.000005521714
 0.000009009039
 0.000010641387
 0.000007397762
 0.000015217003
 0.000033558723
 0.000019346573
 0.000011020771
 0.000025021755
 0.000062012383
 0.000039490522
 0.000064647090
 0.000036875831
 0.000037112207
 0.000077075747
 0.000044787256
 0.000097958567
 0.000065188041
 0.000058071881
 0.000032819564
 0.000021714072
 0.000019397789
 0.000025124583
 0.000032602185
 0.000029302032
 0.000017363594
 0.000011637060
 0.000007529903
 0.000009693800
 0.000013754223
 0.000012852485
 0.000006581590
 0.000019535335
 0.000023044217
 0.000017354417
 0.000033008423
 0.000022123946
 0.000021267445
 0.000022847620
 0.000012180192
 0.000010936000
 0.000008932418
 0.000015089277
 0.000011159681
 0.000007517432
 0.000010531083
 0.000013008171
 0.000010627556
 0.000014778728
 0.000022623550
 0.000008860176
 0.000020567565
 0.000021805029
 0.000015689727
 0.000008568672
 0.000011154749
 0.000025179440
 0.000018409755
 0.000014724729
 0.000016143016
 0.000015049332
 0.000014547677
 0.000018700339
 0.000006303969
 0.000007760517
 0.000008240131
 0.000010018520
 0.000008942342
 0.000012052464
 0.000017913367
 0.000007289828
 0.000013810371
 0.000014390404
 0.000008412744
 0.000010912194
 0.000009164394
 0.000007694296
 0.000010305053
 0.000007487493
 0.000005498949
 0.000010041468
 0.000009225766
 0.000009120544
 0.000008597316
 0.000007705856
 0.000009760560
 0.000016230757
 0.000006341552
 0.000016087705
 0.000023241702
 0.000013836859
 0.000020578060
 0.000008533168
 0.000019292345
 0.000034194546
 0.000016097926
 0.000033614704
 0.000016991981
 0.000015871179
 0.000010612893
 0.000021653394
 0.000010144231
 0.000019720335
 0.000013836371
 0.000016479779
 0.000014520254
 0.000007744565
 0.000009903695
 0.000027730813
 0.000019354101
 0.000022942547
 0.000013763187
 0.000025623805
 0.000052158222
 0.000026444313
 0.000015643333
 0.000017297862
 0.000015484760
 0.000021528186
 0.000022879631
 0.000014365974
 0.000014097572
 0.000018393813
 0.000019484791
 0.000016007906
 0.000014609797
 0.000016419287
 0.000016452780
 0.000022530919
 0.000009095539
 0.000011390783
 0.000009143949
 0.000033603688
 0.000021553732
 0.000013897380
 0.000032569054
 0.000018909168
 0.000031542375
 0.000044822198
 0.000034741966
 0.000052322221
 0.000037428588
 0.000034551193
 0.000033563449
 0.000026263818
 0.000041907967
 0.000049755994
 0.000017374175
 0.000017584020
 0.000010975365
 0.000009021382
 0.000012413161
 0.000013576531
 0.000004694221
 0.000003790466
 0.000006900905
 0.000004771166
 0.000007715360
 0.000009491484
 0.000029332763
 0.000017039404
 0.000015118944
 0.000026841307
 0.000008029224
 0.000018269147
 0.000027050861
 0.000010849883
 0.000012636353
 0.000007298573
 0.000015688370
 0.000018763291
 0.000026703670
 0.000029206976
 0.000022666600
 0.000035747143
 0.000033637381
 0.000025562711
 0.000055294713
 0.000024103253
 0.000051048169
 0.000039534040
 0.000053314415
 0.000027186225
 0.000037725694
 0.000017031557
 0.000026229944
 0.000032478900
 0.000011826414
 0.000014731964
 0.000049932569
 0.000024296557
 0.000059896330
 0.000044494124
 0.000028348353
 0.000019150847
 0.000067741483
 0.000069441121
 0.000046237079
 0.000096036651
 0.000061578305
 0.000029566206
 0.000042116720
 0.000052522312
 0.000019613414
 0.000029275258
 0.000038865019
 0.000034711285
 0.000031338754
 0.000033011681
 0.000032623655
 0.000050662942
 0.000027801512
 0.000026917509
 0.000019792833
 0.000042641968
 0.000012411213
 0.000009146400
 0.000007906374
 0.000010874640
 0.000008377249
 0.000014202374
 0.000003335723
 0.000006995587
 0.000008177068
 0.000013763893
 0.000019249007
 0.000014852216
 0.000028664329
 0.000010621666
 0.000013859648
 0.000014036947
 0.000038465897
 0.000026201499
 0.000018256989
 0.000011398755
 0.000007727262
 0.000014252013
 0.000015955302
 0.000010544980
 0.000033367015
 0.000008990707
 0.000012343785
 0.000017213905
 0.000018549883
 0.000029051305
 0.000009103677
 0.000013927693
 0.000016146752
 0.000010190882
 0.000034643816
 0.000026803555
 0.000019800123
 0.000010490960
 0.000021955614
 0.000021362358
 0.000026551574
 0.000017228944
 0.000018411913
 0.000020850290
 0.000022996100
 0.000020658979
 0.000013559827
 0.000051594006
 0.000013809968
 0.000008500611
 0.000013702408
 0.000011950624
 0.000013057649
 0.000019063165
 0.000020498786
 0.000009156514
 0.000021111534
 0.000019768987
 0.000012522088
 0.000019195575
 0.000016841177
 0.000011848015
 0.000018315340
 0.000006250397
 0.000004937398
 0.000010181017
 0.000036380904
 0.000049697247
 0.000045416364
 0.000036546920
 0.000025922348
 0.000022112717
 0.000022127741
 0.000015172752
 0.000016768963
 0.000033146282
 0.000040527728
 0.000040852314
 0.000019944509
 0.000017400383
 0.000022666422
 0.000058549688
 0.000049588730
 0.000068737694
 0.000012664055
 0.000020592552
 0.000038015927
 0.000025159076
 0.000041654181
 0.000032682350
 0.000015280412
 0.000019963616
 0.000009627896
 0.000015670354
 0.000014816884
 0.000026703354
 0.000024280981
 0.000020288152
 0.000011131134
 0.000019071007
 0.000035981544
 0.000015747986
 0.000012461807
 0.000009285323
 0.000011584063
 0.000012903208
 0.000009672671
 0.000015572079
 0.000014031359
 0.000017459362
 0.000011853443
 0.000011494698
 0.000005124498
 0.000017698448
 0.000009243541
 0.000021118707
 0.000018135171
 0.000021671889
 0.000062717461
 0.000014648866
 0.000019701756
 0.000026188454
 0.000024228548
 0.000018603296
 0.000027127800
 0.000023051728
 0.000025220762
 0.000030136739
 0.000023351882
 0.000012448674
 0.000027301889
 0.000043725098
 0.000030634034
 0.000017832563
 0.000008755980
 0.000013798515
 0.000013180219
 0.000022356406
 0.000009295681
 0.000038749631
 0.000028974234
 0.000023283945
 0.000031708071
 0.000025709795
 0.000012514755
 0.000008756308
 0.000033012605
 0.000022553634
 0.000022560918
 0.000011188559
 0.000045665987
 0.000025612786
 0.000013320436
 0.000009955442
 0.000013832128
 0.000015232833
 0.000012268911
 0.000020753052
 0.000060771002
 0.000084569272
 0.000019836136
 0.000048175537
 0.000012849933
 0.000016422406
 0.000048195663
 0.000009070304
 0.000006051183
 0.000006337017
 0.000015101846
 0.000024225052
 0.000009262102
 0.000007389471
 0.000021631722
 0.000017771004
 0.000017722430
 0.000008000707
 0.000027362073
 0.000009840915
 0.000019024769
 0.000018977044
 0.000046024743
 0.000029584274
 0.000021607323
 0.000019739995
 0.000015515271
 0.000012181652
 0.000011023937
 0.000012392774
 0.000008095272
 0.000010124127
 0.000014117924
 0.000026779844
 0.000031597298
 0.000020960261
 0.000030930635
 0.000036063753
 0.000037483950
 0.000019701438
 0.000022400545
 0.000012318474
 0.000023321714
 0.000026632668
 0.000014844551
 0.000015226251
 0.000016605390
 0.000012042769
 0.000006364850
 0.000011876140
 0.000026120168
 0.000021134225
 0.000012826096
 0.000015136442
 0.000033144154
 0.000023315842
 0.000030228081
 0.000052974363
 0.000039775482
 0.000053748517
 0.000018509287
 0.000019718911
 0.000015057231
 0.000023544211
 0.000033608068
 0.000036536406
 0.000046460235
 0.000022372375
 0.000020497821
 0.000024701554
 0.000022124943
 0.000014108955
 0.000009202217
 0.000017862685
 0.000028141708
 0.000031743308
 0.000060988471
 0.000048843463
 0.000034056021
 0.000015862022
 0.000011173801
 0.000043349190
 0.000011017170
 0.000024369570
 0.000016414698
 0.000014198468
 0.000013532495
 0.000007194080
 0.000016643662
 0.000014666691
 0.000006181585
 0.000011179773
 0.000009026721
 0.000007329785
 0.000015648616
 0.000013357780
 0.000012468814
 0.000009158424
 0.000011567195
 0.000012651471
 0.000008217897
 0.000027517748
 0.000020608397
 0.000021288902
 0.000007981419
 0.000009108902
 0.000013120335
 0.000009443921
 0.000026864409
 0.000024740715
 0.000042679906
 0.000047451719
 0.000039796281
 0.000035750385
 0.000043688552
 0.000016026281
 0.000056074697
 0.000019059043
 0.000040962133
 0.000045922498
 0.000032293316
 0.000021689732
 0.000035374968
 0.000035642221
 0.000024423957
 0.000032228730
 0.000025068861
 0.000019168331
 0.000064125424
 0.000032357230
 0.000033467434
 0.000016392998
 0.000057139650
 0.000014790731
 0.000017399337
 0.000031816691
 0.000034728889
 0.000021781043
 0.000034689230
 0.000024684036
 0.000028082674
 0.000019870713
 0.000007675630
 0.000016935924
 0.000022024301
 0.000046959820
 0.000014567203
 0.000035633940
 0.000046404609
 0.000024123147
 0.000011779030
 0.000010637179
 0.000013343987
 0.000018907309
 0.000026011346
 0.000024023753
 0.000013424332
 0.000025244014
 0.000022341625
 0.000046294703
 0.000036439924
 0.000030693373
 0.000039274462
 0.000035653049
 0.000043552089
 0.000054544828
 0.000027109051
 0.000053485955
 0.000042826838
 0.000048155484
 0.000033862887
 0.000035503877
 0.000042991634
 0.000044689868
 0.000040410559
 0.000012292946
 0.000082173198
 0.000013455326
 0.000032149462
 0.000021057026
 0.000029463903
 0.000161361400
 0.000039565216
 0.000021806531
 0.000060482322
 0.000057026967
 0.000040785473
 0.000074817110
 0.000029059395
 0.000018555022
 0.000037140300
 0.000035729752
 0.000083456343
 0.000084487086
 0.000111386860
 0.000058587807
 0.000054484954
 0.000018365273
 0.000019215896
 0.000071700727
 0.000028983858
 0.000020087152
 0.000028846224
 0.000026161092
 0.000020404401
 0.000029769874
 0.000020423085
 0.000031916937
 0.000033255273
 0.000052483846
 0.000075997961
 0.000028070543
 0.000034729124
 0.000017063489
 0.000037523018
 0.000008881683
 0.000016413819
 0.000019189363
 0.000009507660
 0.000015169346
 0.000016195877
 0.000018402983
 0.000017749407
 0.000011256218
 0.000006908137
 0.000015773399
 0.000005886319
 0.000016908376
 0.000011791843
 0.000023450379
 0.000007863846
 0.000011772131
 0.000018092997
 0.000049258779
 0.000029836839
 0.000023281030
 0.000017073697
 0.000040389988
 0.000031033096
 0.000014315182
 0.000012149606
 0.000017325644
 0.000006708322
 0.000009599745
 0.000009607792
 0.000019023474
 0.000016928004
 0.000019341550
 0.000021745409
 0.000012558431
 0.000029473441
 0.000013761507
 0.000013518195
 0.000023687899
 0.000018390118
 0.000008742172
 0.000007665488
 0.000009526790
 0.000007421515
 0.000012595537
 0.000010477445
 0.000011645073
 0.000007671063
 0.000006823521
 0.000006482064
 0.000013209630
 0.000006923716
 0.000007520682
 0.000009871473
 0.000004446204
 0.000008679917
 0.000009638108
 0.000009035263
 0.000006339473
 0.000005326645
 0.000007397039
 0.000011567575
 0.000009574577
 0.000010961192
 0.000008821086
 0.000015928625
 0.000016528467
 0.000010412176
 0.000006317878
 0.000014068755
 0.000004747213
 0.000007963967
 0.000005451364
 0.000006834444
 0.000024236792
 0.000029471150
 0.000012201112
 0.000014679383
 0.000007652451
 0.000009322281
 0.000006174684
 0.000010548048
 0.000005732447
 0.000005791737
 0.000005854458
 0.000010834370
 0.000005041159
 0.000005521189
 0.000009750542
 0.000012446037
 0.000026202386
 0.000010870218
 0.000020199658
 0.000007155821
 0.000009244875
 0.000010024103
 0.000006428106
 0.000008101716
 0.000014140463
 0.000004251251
 0.000007086027
 0.000010087251
 0.000013277188
 0.000007091937
 0.000010374920
 0.000004503602
 0.000012906966
 0.000011076130
 0.000012170674
 0.000013590345
 0.000028037793
 0.000007264934
 0.000005972674
 0.000005915769
 0.000005847501
 0.000006318327
 0.000024786171
 0.000016329087
 0.000019145916
 0.000022523255
 0.000021407508
 0.000013822743
 0.000016506351
 0.000044126622
 0.000061530665
 0.000058831353
 0.000048894536
 0.000069394754
 0.000033590784
 0.000042930456
 0.000059306772
 0.000046640726
 0.000107418979
 0.000082053803
 0.000043245563
 0.000066519134
 0.000030093548
 0.000025643631
 0.000012859346
 0.000022094069
 0.000013938016
 0.000026848853
 0.000010868161
 0.000007484470
 0.000010892470
 0.000010450116
 0.000027077736
 0.000011688918
 0.000013807197
 0.000011473694
 0.000011840439
 0.000013267851
 0.000038522193
 0.000028493104
 0.000026431597
 0.000042105016
 0.000026887792
 0.000014060135
 0.000021393367
 0.000033802787
 0.000014701862
 0.000036007088
 0.000017195211
 0.000082488364
 0.000104046321
 0.000032563766
 0.000076008575
 0.000035319110
 0.000057777568
 0.000048945829
 0.000020050237
 0.000040174802
 0.000027787628
 0.000020777252
 0.000022891854
 0.000019282975
 0.000009690637
 0.000010839173
 0.000008408715
 0.000017285089
 0.000014502915
 0.000020061912
 0.000010558473
 0.000025039216
 0.000016491199
 0.000027909068
 0.000026283298
 0.000011749262
 0.000046099132
 0.000029852502
 0.000056264992
 0.000041651117
 0.000055366860
 0.000040530162
 0.000050488013
 0.000032854967
 0.000068758601
 0.000046323223
 0.000087732189
 0.000035374648
 0.000075789297
 0.000077106541
 0.000035283095
 0.000054967569
 0.000028217258
 0.000079947462
 0.000077137098
 0.000121147745
 0.000107678762
 0.000100090536
 0.000111865916
 0.000111671414
 0.000119567445
 0.000047238635
 0.000053174661
 0.000074794405
 0.000028661190
 0.000012257085
 0.000023068936
 0.000014722852
 0.000009511993
 0.000013614766
 0.000011339403
 0.000015745680
 0.000020947671
 0.000009250646
 0.000009346538
 0.000012846022
 0.000017010101
 0.000016675219
 0.000019546238
 0.000009994716
 0.000018199369
 0.000013692286
 0.000019322451
 0.000026406821
 0.000012138834
 0.000013869165
 0.000021372581
 0.000010704234
 0.000009114476
 0.000020347653
 0.000010889574
 0.000030173838
 0.000014361473
 0.000006658025
 0.000025821016
 0.000010311990
 0.000007518825
 0.000012794407
 0.000030899725
 0.000041658436
 0.000016115508
 0.000021687152
 0.000011661462
 0.000010208485
 0.000020900677
 0.000007988208
 0.000017557232
 0.000008135705
 0.000006060366
 0.000028793801
 0.000016953035
 0.000013631718
 0.000014248108
 0.000011406261
 0.000036685162
 0.000011290838
 0.000018931608
 0.000014994705
 0.000007391034
 0.000020688015
 0.000024897629
 0.000035974826
 0.000042444709
 0.000023260096
 0.000066715529
 0.000097423500
 0.000033418290
 0.000015107328
 0.000010395237
 0.000010510775
 0.000010230301
 0.000012635277
 0.000024469846
 0.000012449809
 0.000015554340
 0.000011251151
 0.000009445011
 0.000014593553
 0.000022677223
 0.000012689917
 0.000030141538
 0.000043313405
 0.000017605001
 0.000015594033
 0.000029040014
 0.000007846554
 0.000017401439
 0.000010440250
 0.000014184619
 0.000018180530
 0.000012851796
 0.000020976255
 0.000013627397
 0.000022213508
 0.000014574982
 0.000016482987
 0.000037892461
 0.000051779915
 0.000028758082
 0.000019486379
 0.000019727524
 0.000016990757
 0.000018116466
 0.000018957646
 0.000034454382
 0.000036496036
 0.000016090437
 0.000023444836
 0.000014480172
 0.000016575241
 0.000012226926
 0.000026458796
 0.000009180968
 0.000030014049
 0.000005551744
 0.000006435669
 0.000003596785
 0.000011966520
 0.000003907474
 0.000013840333
 0.000016663222
 0.000005214431
 0.000008667107
 0.000005192174
 0.000006759953
 0.000012259200
 0.000004796707
 0.000006954684
 0.000014578776
 0.000017141422
 0.000017897642
 0.000007383796
 0.000015837439
 0.000030661186
 0.000039987203
 0.000034396653
 0.000028687011
 0.000022097120
 0.000026304919
 0.000010895411
 0.000019701437
 0.000015858828
 0.000010233382
 0.000020667566
 0.000012767267
 0.000008169562
 0.000006961996
 0.000010201152
 0.000013261284
 0.000009799579
 0.000015582339
 0.000008062859
 0.000020906593
 0.000019256260
 0.000013175016
 0.000013023128
 0.000011270448
 0.000009448792
 0.000012932076
 0.000017526862
 0.000015807209
 0.000014317887
 0.000028221694
 0.000041820163
 0.000009455554
 0.000014209252
 0.000006458701
 0.000010611574
 0.000010818708
 0.000011818154
 0.000006225418
 0.000004258416
 0.000003663572
 0.000006819821
 0.000004751540
 0.000014027401
 0.000006923398
 0.000036250576
 0.000018281642
 0.000013216024
 0.000017241118
 0.000018371338
 0.000011952212
 0.000006850836
 0.000005755726
 0.000009074057
 0.000020787262
 0.000009127843
 0.000010385193
 0.000006362052
 0.000017109415
 0.000007671312
 0.000018424361
 0.000019524631
 0.000010447909
 0.000030134324
 0.000011133541
 0.000017020772
 0.000008308125
 0.000010762181
 0.000007277346
 0.000018414439
 0.000014538377
 0.000033475890
 0.000021683627
 0.000035455583
 0.000027141313
 0.000025685973
 0.000036174917
 0.000017120400
 0.000033620718
 0.000077550165
 0.000042639814
 0.000054193264
 0.000040642364
 0.000012014249
 0.000024156380
 0.000026012354
 0.000012826167
 0.000014060081
 0.000011148715
 0.000057994728
 0.000023042060
 0.000026059117
 0.000016329680
 0.000017799314
 0.000019525873
 0.000017536770
 0.000015494305
 0.000038411022
 0.000017772291
 0.000021591778
 0.000005967517
 0.000008994505
 0.000014153562
 0.000015122728
 0.000018971940
 0.000024782832
 0.000012438580
 0.000013747701
 0.000019513359
 0.000024945270
 0.000022364040
 0.000026952698
 0.000016590825
 0.000011297737
 0.000022770422
 0.000028170727
 0.000034424853
 0.000013003262
 0.000016210671
 0.000040126679
 0.000054114234
 0.000054053817
 0.000021334883
 0.000026842518
 0.000018828589
 0.000035301355
 0.000024064591
 0.000008634620
 0.000014916642
 0.000038778293
 0.000027715156
 0.000033062364
 0.000068706123
 0.000024112267
 0.000054391593
 0.000043240108
 0.000063380022
 0.000039327913
 0.000025123227
 0.000017293130
 0.000021798933
 0.000026823430
 0.000023807353
 0.000031716223
 0.000032120879
 0.000072780055
 0.000057992940
 0.000064034612
 0.000040165950
 0.000068345943
 0.000078495205
 0.000074512199
 0.000057598062
 0.000059549165
 0.000095904404
 0.000077719837
 0.000052225699
 0.000038931201
 0.000054335650
 0.000036765010
 0.000050374394
 0.000053905431
 0.000052694023
 0.000044651541
 0.000054881234
 0.000043894387
 0.000066601221
 0.000038130193
 0.000025895930
 0.000057348063
 0.000099877445
 0.000111373794
 0.000043380692
 0.000109658109
 0.000042870832
 0.000025980811
 0.000026994057
 0.000027682240
 0.000058944982
 0.000030062105
 0.000070484706
 0.000090709513
 0.000045216195
 0.000039158959
 0.000038471897
 0.000071538220
 0.000015527316
 0.000037943471
 0.000051081662
 0.000042426326
 0.000040957734
 0.000067867871
 0.000088866641
 0.000103780973
 0.000142310247
 0.000061140222
 0.000156005908
 0.000022188474
 0.000012074420
 0.000035629214
 0.000022376867
 0.000027860247
 0.000075802095
 0.000033885553
 0.000072698392
 0.000044858221
 0.000049821729
 0.000069036486
 0.000060158993
 0.000087190903
 0.000040766087
 0.000033777083
 0.000036706422
 0.000033161322
 0.000053273126
 0.000042252994
 0.000076937967
 0.000089861891
 0.000119859835
 0.000030051542
 0.000077063097
 0.000086832636
 0.000026050234
 0.000128438740
 0.000064142209
 0.000027104045
 0.000044110052
 0.000059406674
 0.000033167253
 0.000042294845
 0.000031926636
 0.000040704853
 0.000020614787
 0.000030018391
 0.000026456173
 0.000024130683
 0.000042799247
 0.000022058798
 0.000067408154
 0.000018774419
 0.000023637992
 0.000021381710
 0.000023587940
 0.000029394077
 0.000014570891
 0.000025217717
 0.000018090729
 0.000018587153
 0.000027767255
 0.000017666588
 0.000009907647
 0.000013749673
 0.000018556816
 0.000029141375
 0.000010498213
 0.000012838978
 0.000017639021
 0.000018319521
 0.000012923176
 0.000021107544
 0.000013785173
 0.000011388864
 0.000017792405
 0.000015687800
 0.000022516273
 0.000025159362
 0.000033319954
 0.000025235062
 0.000021388053
 0.000019550201
 0.000025810434
 0.000029633402
 0.000013036397
 0.000031594303
 0.000028012359
 0.000038892691
 0.000026218531
 0.000022797403
 0.000016310894
 0.000021005858
 0.000031300683
 0.000027549156
 0.000024467867
 0.000043408574
 0.000044077694
 0.000043959198
 0.000039409345
 0.000037754556
 0.000063758164
 0.000083660786
 0.000043124882
 0.000081907087
 0.000099710703
 0.000079398257
 0.000090742814
 0.000098234081
 0.000115145559
 0.000096881763
 0.000086222167
 0.000074516407
 0.000049840967
 0.000036151048
 0.000027083924
 0.000069637294
 0.000036944101
 0.000053097186
 0.000038089657
 0.000028824494
 0.000046106108
 0.000021613862
 0.000039638826
 0.000025847397
 0.000012221203
 0.000020038935
 0.000015876317
 0.000025518696
 0.000016628428
 0.000039843047
 0.000074242870
 0.000071646364
 0.000017601336
 0.000036190876
 0.000019335881
 0.000022280597
 0.000029809857
 0.000038334122
 0.000056859990
 0.000055247605
 0.000089972696
 0.000052519845
 0.000297935990
 0.000146814078
 0.000156922805
 0.000111070808
 0.000039000673
 0.000027598642
 0.000010554306
 0.000008884158
 0.000010173466
 0.000015093239
 0.000006538439
 0.000010461883
 0.000017763779
 0.000011742889
 0.000021535863
 0.000068409242
 0.000038044501
 0.000041693717
 0.000039766549
 0.000035165335
 0.000033787043
 0.000032700367
 0.000030608823
 0.000058341344
 0.000031818644
 0.000077793613
 0.000071953773
 0.000064372699
 0.000085181260
 0.000021358334
 0.000015387408
 0.000018379801
 0.000012093522
 0.000005031657
 0.000004100440
 0.000013745084
 0.000005449567
 0.000014368112
 0.000004732935
 0.000042195873
 0.000016606188
 0.000024767684
 0.000060891364
 0.000030214432
 0.000011401088
 0.000018622375
 0.000011738461
 0.000015534387
 0.000012292277
 0.000011287560
 0.000006067593
 0.000009953859
 0.000007473576
 0.000008855042
 0.000015382047
 0.000013197542
 0.000073742322
 0.000039547712
 0.000030013131
 0.000036669754
 0.000036599791
 0.000063904549
 0.000107263619
 0.000034667733
 0.000020024345
 0.000132311971
 0.000177929620
 0.000152765851
 0.000050311503
 0.000053501983
 0.000080768135
 0.000113354623
 0.000220208850
 0.000237634996
 0.000230561997
 0.000086561478
 0.000075067793
 0.000133390922
 0.000084232034
 0.000201480806
 0.000183156289
 0.000255163925
 0.000202752107
 0.000205904559
 0.000072543994
 0.000138491409
 0.000052622631
 0.000178898361
 0.000135148501
 0.000179969943
 0.000065637894
 0.000033605768
 0.000125015517
 0.000055010950
 0.000055412051
 0.000053402033
 0.000069161592
 0.000065821207
 0.000069700447
 0.000087831592
 0.000102561219
 0.000099826190
 0.000076697787
 0.000097230832
 0.000088203092
 0.000087727842
 0.000057281595
 0.000128416260
 0.000090418526
 0.000083394500
 0.000082030057
 0.000106205698
 0.000155642101
 0.000055573347
 0.000103185514
 0.000104052732
 0.000047770618
 0.000019155366
 0.000125305613
 0.000032906098
 0.000042725398
 0.000077523684
 0.000039131567
 0.000069884735
 0.000146879555
 0.000052626816
 0.000149144622
 0.000133062608
 0.000162766242
 0.000105051824
 0.000054270062
 0.000054026595
 0.000043032623
 0.000045217617
 0.000025883251
 0.000041600020
 0.000031204161
 0.000014918830
 0.000016149551
 0.000061784209
 0.000107233777
 0.000035079454
 0.000020152496
 0.000039839504
 0.000023559075
 0.000054103436
 0.000147759778
 0.000037669794
 0.000040241004
 0.000148982010
 0.000470261248
 0.000069161577
 0.000054259738
 0.000051808644
 0.000094789394
 0.000071354620
 0.000091057559
 0.000049695868
 0.000074559105
 0.000052055047
 0.000155864715
 0.000258469385
 0.000141757701
 0.000067896634
 0.000092694397
 0.000115258233
 0.000086624904
 0.000096965583
 0.000109374435
 0.000039559651
 0.000041071010
 0.000067212864
 0.000043057556
 0.000049787375
 0.000052670553
 0.000057340120
 0.000045792835
 0.000084327362
 0.000076114433
 0.000112726252
 0.000048376541
 0.000057136251
 0.000085526216
 0.000087404960
 0.000055236193
 0.000113927618
 0.000077923526
 0.000121716090
 0.000116247713
 0.000101818472
 0.000085730899
 0.000091830514
 0.000097557582
 0.000074860944
 0.000077847845
 0.000080216390
 0.000128812747
 0.000065415115
 0.000051616948
 0.000170724278
 0.000143020062
 0.000084583106
 0.000098877457
 0.000080774545
 0.000056880091
 0.000028044496
 0.000038122067
 0.000023980035
 0.000022340398
 0.000034261226
 0.000044084845
 0.000051956937
 0.000027675642
 0.000022503153
 0.000023979792
 0.000022114563
 0.000028654304
 0.000027872123
 0.000019779830
 0.000011586556
 0.000019966638
 0.000018273113
 0.000020745105
 0.000015187675
 0.000020113698
 0.000012548924
 0.000020085833
 0.000039118839
 0.000036559341
 0.000068885114
 0.000058281349
 0.000134360989
 0.000164726436
 0.000140421475
 0.000056011684
 0.000073858173
 0.000091409191
 0.000215410510
 0.000182494285
 0.000151403583
 0.000130083876
 0.000099586105
 0.000113450889
 0.000034938735
 0.000055920967
 0.000039420747
 0.000051729503
 0.000061492196
 0.000054557724
 0.000043064250
 0.000081881236
 0.000074916239
 0.000041370548
 0.000050161981
 0.000053739442
 0.000072635889
 0.000071479172
 0.000086286018
 0.000088264170
 0.000069127633
 0.000055568473
 0.000054047513
 0.000056232315
 0.000051633965
 0.000075674654
 0.000031457094
 0.000071984979
 0.000044607824
 0.000040593648
 0.000039607699
 0.000078382149
 0.000022828494
 0.000040289498
 0.000083094994
 0.000074042618
 0.000043015363
 0.000047692801
 0.000045314352
 0.000043662035
 0.000038659740
 0.000054047412
 0.000031532893
 0.000046941012
 0.000046563916
 0.000019200401
 0.000045945820
 0.000040956025
 0.000085233150
 0.000050695082
 0.000099591155
 0.000095490892
 0.000173666416
 0.000535416668
 0.000061363782
 0.000137215135
 0.000084368632
 0.000054139678
 0.000091659083
 0.000064313987
 0.000042437109
 0.000039514357
 0.000058059518
 0.000024500182
 0.000030209065
 0.000052813800
 0.000092699091
 0.000039110092
 0.000045332019
 0.000079349780
 0.000040380549
 0.000057444117
 0.000032812431
 0.000060243458
 0.000063046494
 0.000036680351
 0.000051828472
 0.000080442838
 0.000096499012
 0.000067428698
 0.000040067660
 0.000160933213
 0.000077395075
 0.000048950863
 0.000027840480
 0.000026672936
 0.000046556378
 0.000045792864
 0.000040207572
 0.000082756729
 0.000022667723
 0.000025664490
 0.000015828237
 0.000018801725
 0.000016062129
 0.000021917738
 0.000034090679
 0.000029086574
 0.000019512971
 0.000039875430
 0.000016131007
 0.000023740879
 0.000031499661
 0.000016772233
 0.000031031686
 0.000031609918
 0.000030756963
 0.000019084324
 0.000010880578
 0.000025032030
 0.000035933662
 0.000012166882
 0.000017780575
 0.000008606347
 0.000016818269
 0.000031486738
 0.000021531865
 0.000027054871
 0.000035454674
 0.000019755781
 0.000020445050
 0.000016975105
 0.000011571543
 0.000016161932
 0.000052365760
 0.000036061222
 0.000033633912
 0.000051670248
 0.000011397491
 0.000040603036
 0.000021069505
 0.000036895249
 0.000046805335
 0.000139732112
 0.000093712011
 0.000058539502
 0.000080047277
 0.000036985287
 0.000110047832
 0.000077423594
 0.000087392013
 0.000077692689
 0.000086541833
 0.000118377833
 0.000063037065
 0.000101080172
 0.000049151105
 0.000038806382
 0.000036749857
 0.000010127432
 0.000020961598
 0.000015367786
 0.000018520800
 0.000025893725
 0.000016466530
 0.000019183614
 0.000015577918
 0.000022180162
 0.000029465870
 0.000046518698
 0.000023458564
 0.000036728100
 0.000023332163
 0.000020870856
 0.000019380082
 0.000028124611
 0.000037952815
 0.000019571365
 0.000021730936
 0.000056306634
 0.000017473300
 0.000031304782
 0.000076168810
 0.000024274231
 0.000018652114
 0.000025224928
 0.000067767687
 0.000054395782
 0.000027629844
 0.000038320376
 0.000033935734
 0.000051344937
 0.000030199594
 0.000030762416
 0.000018561003
 0.000036104443
 0.000029410107
 0.000031033392
 0.000033112550
 0.000046839406
 0.000036276850
 0.000030990145
 0.000016781872
 0.000025448445
 0.000035042164
 0.000040889818
 0.000066977695
 0.000010749138
 0.000020376604
 0.000012870737
 0.000007467758
 0.000012347115
 0.000013486908
 0.000013229899
 0.000004758634
 0.000003517859
 0.000015870073
 0.000020400218
 0.000036554119
 0.000014364884
 0.000026518078
 0.000015105020
 0.000016209043
 0.000019444722
 0.000012772587
 0.000019923594
 0.000029512311
 0.000046812305
 0.000031492353
 0.000020289807
 0.000029997808
 0.000017745693
 0.000027278486
 0.000019694752
 0.000031750481
 0.000038432314
 0.000035210446
 0.000033919445
 0.000041434805
 0.000020243574
 0.000016082516
 0.000015960326
 0.000014503493
 0.000028023541
 0.000068831284
 0.000043464801
 0.000033301765
 0.000020968707
 0.000034669990
 0.000036740186
 0.000045465680
 0.000073510167
 0.000040969482
 0.000059034200
 0.000042907063
 0.000058841212
 0.000023541078
 0.000036999533
 0.000042375941
 0.000049514276
 0.000025335407
 0.000015001283
 0.000024020839
 0.000071081286
 0.000021446585
 0.000040649306
 0.000035546349
 0.000027790801
 0.000020226025
 0.000014823897
 0.000013236096
 0.000012277987
 0.000013840489
 0.000019291491
 0.000035610189
 0.000014366912
 0.000021817077
 0.000030615474
 0.000009917849
 0.000014531288
 0.000008255840
 0.000012116808
 0.000016219203
 0.000014550159
 0.000010969657
 0.000007943077
 0.000011721244
 0.000013202464
 0.000018986395
 0.000008723433
 0.000012365037
 0.000021390314
 0.000013809780
 0.000015803218
 0.000016183838
 0.000018908785
 0.000016662453
 0.000026397193
 0.000039431571
 0.000042466953
 0.000050145742
 0.000065501607
 0.000041549679
 0.000036425974
 0.000047853396
 0.000042404113
 0.000039612911
 0.000068550390
 0.000043295658
 0.000119036814
 0.000048914541
 0.000068194804
 0.000090299137
 0.000058483402
 0.000302805190
 0.000068422218
 0.000114221793
 0.000114501481
 0.000101672371
 0.000069306941
 0.000070232661
 0.000052739089
 0.000049397710
 0.000113001563
 0.000080017572
 0.000178309490
 0.000048855597
 0.000073715968
 0.000086546995
 0.000103581932
 0.000149313659
 0.000143135136
 0.000128272266
 0.000051712114
 0.000080830699
 0.000122454225
 0.000022308020
 0.000042307463
 0.000017979443
 0.000039884311
 0.000044904400
 0.000033925907
 0.000030779756
 0.000032544618
 0.000053776253
 0.000079441964
 0.000045493923
 0.000122207821
 0.000141130824
 0.000057089515
 0.000064302541
 0.000071757830
 0.000017509194
 0.000031063520
 0.000077428315
 0.000073472380
 0.000034558744
 0.000068882553
 0.000050682117
 0.000022650132
 0.000032149145
 0.000029975056
 0.000070526471
 0.000140932252
 0.000044572651
 0.000019391100
 0.000101772375
 0.000091159589
 0.000166861211
 0.000120806334
 0.000070679075
 0.000046350093
 0.000069832535
 0.000038487706
 0.000098746653
 0.000042081538
 0.000010951964
 0.000018386721
 0.000031478426
 0.000036157660
 0.000066212021
 0.000076957473
 0.000087079040
 0.000041058697
 0.000056280832
 0.000067937701
 0.000095488521
 0.000146662541
 0.000115769227
 0.000050357582
 0.000036360924
 0.000082989322
 0.000065878532
 0.000047253925
 0.000072399046
 0.000070828975
 0.000051626873
 0.000034223441
 0.000029877597
 0.000024853850
 0.000012745981
 0.000007283975
 0.000020364912
 0.000004595460
 0.000014169156
 0.000012725169
 0.000023176312
 0.000011281990
 0.000011158088
 0.000008063849
 0.000017845193
 0.000021186327
 0.000012129549
 0.000024482544
 0.000010499784
 0.000023625067
 0.000032080310
 0.000015076420
 0.000025445964
 0.000022588923
 0.000031175625
 0.000062733895
 0.000012963986
 0.000009717864
 0.000015494213
 0.000006598213
 0.000011542354
 0.000006389124
 0.000006619952
 0.000003639643
 0.000005314777
 0.000013847744
 0.000009400094
 0.000009002034
 0.000023215861
 0.000024793499
 0.000018409780
 0.000011341582
 0.000019229890
 0.000018766934
 0.000012808527
 0.000014086002
 0.000020614835
 0.000042654780
 0.000045954074
 0.000032794902
 0.000022299118
 0.000034207681
 0.000033300038
 0.000065765095
 0.000037954229
 0.000021065837
 0.000010639181
 0.000036275295
 0.000017393139
 0.000017391529
 0.000014416450
 0.000024910304
 0.000017010231
 0.000048695391
 0.000041664075
 0.000033103140
 0.000087589255
 0.000010166698
 0.000028169480
 0.000044544338
 0.000152174812
 0.000020731922
 0.000035348512
 0.000018236254
 0.000013279548
 0.000046208285
 0.000028118625
 0.000016405645
 0.000033880951
 0.000062771140
 0.000086572336
 0.000114409483
 0.000029561370
 0.000083686076
 0.000062838069
 0.000061712671
 0.000046110870
 0.000069993356
 0.000071821214
 0.000106971949
 0.000043922770
 0.000025260073
 0.000015172220
 0.000022194514
 0.000020202200
 0.000070201445
 0.000123141294
 0.000047219839
 0.000040604801
 0.000141540763
 0.000137240100
 0.000055852795
 0.000156835050
 0.000153276412
 0.000145530705
 0.000123950756
 0.000085698523
 0.000071726876
 0.000154332786
 0.000129443401
 0.000114517667
 0.000107035500
 0.000174449012
 0.000085032139
 0.000015938275
 0.000062708504
 0.000103567259
 0.000068709652
 0.000256421517
 0.000270431815
 0.000154782809
 0.000086785129
 0.000217893552
 0.000086359755
 0.000045522395
 0.000079649496
 0.000152690747
 0.000055645031
 0.000115405791
 0.000061387661
 0.000039722778
 0.000026303456
 0.000023488743
 0.000016099937
 0.000016447836
 0.000020715166
 0.000009865059
 0.000030167914
 0.000019317558
 0.000035190749
 0.000053429709
 0.000023582551
 0.000019733508
 0.000047792828
 0.000020227286
 0.000039912808
 0.000037507831
 0.000013218939
 0.000016222558
 0.000026521085
 0.000017103608
 0.000014645589
 0.000014494977
 0.000009743968
 0.000014506158
 0.000006884229
 0.000020477730
 0.000026431823
 0.000028147243
 0.000052045375
 0.000035426600
 0.000029401474
 0.000016941202
 0.000033831511
 0.000087361726
 0.000099634164
 0.000148848589
 0.000084605085
 0.000095369359
 0.000089551152
 0.000087162309
 0.000051300803
 0.000118803175
 0.000056883344
 0.000136147287
 0.000069036083
 0.000027407552
 0.000035886486
 0.000030272357
 0.000086801947
 0.000048061635
 0.000068605293
 0.000047348556
 0.000068726429
 0.000047235535
 0.000033776862
 0.000070497616
 0.000029637031
 0.000107407473
 0.000042714862
 0.000044567714
 0.000088940306
 0.000074270949
 0.000028844383
 0.000025794013
 0.000019902151
 0.000015577381
 0.000031307863
 0.000019325516
 0.000022556062
 0.000030655843
 0.000021645234
 0.000035342951
 0.000021754057
 0.000013863060
 0.000023271830
 0.000015105577
 0.000014429490
 0.000022946922
 0.000042451100
 0.000017495273
 0.000035194761
 0.000007513713
 0.000012422728
 0.000014251103
 0.000018136831
 0.000023871344
 0.000013353228
 0.000014943252
 0.000010900827
 0.000012248547
 0.000014248916
 0.000013875064
 0.000026767531
 0.000007037476
 0.000015962425
 0.000011681756
 0.000016273633
 0.000023259015
 0.000009231949
 0.000005880716
 0.000017322719
 0.000004473107
 0.000005056248
 0.000005439501
 0.000006172048
 0.000012382962
 0.000006035186
 0.000004837707
 0.000007455858
 0.000018557963
 0.000038259696
 0.000020725893
 0.000033322532
 0.000056555663
 0.000098151403
 0.000051135089
 0.000021077983
 0.000051322612
 0.000041502521
 0.000049791606
 0.000041015182
 0.000018706212
 0.000024207779
 0.000056200030
 0.000024403181
 0.000030485066
 0.000011101773
 0.000014542109
 0.000022687455
 0.000029137573
 0.000022398965
 0.000025393200
 0.000024891663
 0.000020787442
 0.000018457041
 0.000003798184
 0.000006180463
 0.000005239352
 0.000006474693
 0.000006591307
 0.000004565566
 0.000004467413
 0.000005579745
 0.000006237240
 0.000011723363
 0.000009126417
 0.000011680622
 0.000003220337
 0.000006745790
 0.000004287637
 0.000004693722
 0.000005965442
 0.000006558952
 0.000007675555
 0.000007669048
 0.000008592327
 0.000014781575
 0.000025949864
 0.000016269848
 0.000008584222
 0.000002639200
 0.000007012824
 0.000021268270
 0.000006795939
 0.000005289036
 0.000020984793
 0.000019758285
 0.000007788737
 0.000012310154
 0.000007201852
 0.000003805698
 0.000011083212
 0.000006990249
 0.000007117418
 0.000035771424
 0.000014963988
 0.000014608266
 0.000011873383
 0.000016815629
 0.000010334922
 0.000030087375
 0.000024428598
 0.000044799286
 0.000019629360
 0.000043292451
 0.000019541706
 0.000040909170
 0.000018292450
 0.000041599102
 0.000021631600
 0.000018807216
 0.000010643416
 0.000016378393
 0.000005467413
 0.000030587975
 0.000026235316
 0.000028973047
 0.000039464692
 0.000045292943
 0.000073277650
 0.000046995739
 0.000073491239
 0.000034296079
 0.000043272340
 0.000043438003
 0.000043582665
 0.000018440140
 0.000030937441
 0.000011708439
 0.000011317191
 0.000023239250
 0.000025611349
 0.000017900824
 0.000012411185
 0.000005407074
 0.000013632826
 0.000012720066
 0.000012450780
 0.000007891632
 0.000007700943
 0.000010333077
 0.000038015369
 0.000011958762
 0.000027583050
 0.000013428595
 0.000018558647
 0.000047556018
 0.000024680815
 0.000049203164
 0.000049746841
 0.000085792631
 0.000020772998
 0.000023100123
 0.000041778342
 0.000117383066
 0.000119139070
 0.000038298813
 0.000058915550
 0.000073444918
 0.000027999064
 0.000089832951
 0.000057537880
 0.000038969945
 0.000033622204
 0.000054086119
 0.000016924225
 0.000021897605
 0.000046032601
 0.000066929031
 0.000035805099
 0.000037431674
 0.000023458285
 0.000020855641
 0.000025451220
 0.000031827174
 0.000018256154
 0.000025219249
 0.000016415415
 0.000019858768
 0.000018488588
 0.000050906426
 0.000033608376
 0.000035933519
 0.000029035331
 0.000015029099
 0.000031909583
 0.000038284744
 0.000071667071
 0.000042898216
 0.000031099413
 0.000036147029
 0.000023827105
 0.000023227638
 0.000013060265
 0.000027459318
 0.000041009068
 0.000036185892
 0.000080570910
 0.000020473463
 0.000014150955
 0.000007886395
 0.000007363008
 0.000018976121
 0.000016224280
 0.000015779517
 0.000015067291
 0.000039099984
 0.000107682829
 0.000021712915
 0.000217479852
 0.000053797203
 0.000033239863
 0.000070268956
 0.000025000696
 0.000035270109
 0.000078691713
 0.000104148366
 0.000086878119
 0.000056568272
 0.000105872763
 0.000045151929
 0.000060206564
 0.000054446528
 0.000121995444
 0.000107085996
 0.000057485260
 0.000145006335
 0.000066948467
 0.000077461764
 0.000164048639
 0.000064305409
 0.000064896541
 0.000144515973
 0.000086202323
 0.000064678309
 0.000083619813
 0.000115533272
 0.000058533276
 0.000035430044
 0.000037812777
 0.000085755202
 0.000050971034
 0.000094347882
 0.000031755389
 0.000043026011
 0.000088226885
 0.000052531942
 0.000033191230
 0.000040812489
 0.000016602106
 0.000021155468
 0.000040856788
 0.000027276414
 0.000006347261
 0.000011851756
 0.000018105115
 0.000029284247
 0.000024973167
 0.000011473318
 0.000007369875
 0.000046352068
 0.000013294938
 0.000017382321
 0.000024739900
 0.000013745978
 0.000020674851
 0.000009655080
 0.000021141306
 0.000025740558
 0.000037639423
 0.000032011678
 0.000026927117
 0.000028625524
 0.000019339270
 0.000012126454
 0.000008547913
 0.000021556522
 0.000009721463
 0.000020545577
 0.000031052614
 0.000039901540
 0.000016658053
 0.000020703446
 0.000017618254
 0.000029671792
 0.000036070515
 0.000028039451
 0.000018081303
 0.000046080202
 0.000091191490
 0.000074056789
 0.000039480919
 0.000038416845
 0.000040567530
 0.000062659880
 0.000038218957
 0.000043152993
 0.000040708402
 0.000063067524
 0.000028084109
 0.000024676291
 0.000018124957
 0.000088659867
 0.000036697697
 0.000022854811
 0.000045451437
 0.000034694987
 0.000068014443
 0.000017567506
 0.000018861608
 0.000065287852
 0.000223629263
 0.000096805646
 0.000021341851
 0.000027885981
 0.000030912050
 0.000026936875
 0.000024495689
 0.000026097940
 0.000014398044
 0.000007646852
 0.000011434246
 0.000017004986
 0.000020422271
 0.000008314389
 0.000016003436
 0.000008763899
 0.000014361713
 0.000017860043
 0.000027908322
 0.000016487196
 0.000040090752
 0.000031487305
 0.000026793393
 0.000020995378
 0.000027696369
 0.000021539637
 0.000042871571
 0.000022517492
 0.000023810832
 0.000036547306
 0.000033839650
 0.000024658147
 0.000035336217
 0.000086201013
 0.000033302520
 0.000036828296
 0.000071774109
 0.000035919630
 0.000031297921
 0.000009692285
 0.000009540245
 0.000011850886
 0.000006534094
 0.000007581612
 0.000027391038
 0.000016697087
 0.000026950753
 0.000012668281
 0.000018166802
 0.000031449587
 0.000035054647
 0.000056092944
 0.000031229156
 0.000062459307
 0.000021241275
 0.000027090390
 0.000042616724
 0.000086890275
 0.000058401161
 0.000096096837
 0.000064969481
 0.000043685766
 0.000064696354
 0.000067571556
 0.000032548098
 0.000028368791
 0.000018131382
 0.000045854870
 0.000030125743
 0.000047730061
 0.000019185540
 0.000024161144
 0.000022390417
 0.000013937146
 0.000036143258
 0.000048485856
 0.000033905343
 0.000027453919
 0.000013456187
 0.000004480063
 0.000003169126
 0.000001668287
 0.000005652229
 0.000005243670
 0.000007073725
 0.000010102391
 0.000014524925
 0.000031741056
 0.000016515127
 0.000015016426
 0.000009874707
 0.000013726548
 0.000038387605
 0.000105323588
 0.000032944836
 0.000040089990
 0.000063361622
 0.000126830426
 0.000091527961
 0.000048441595
 0.000032035409
 0.000029823399
 0.000121205934
 0.000028301305
 0.000014570513
 0.000015554834
 0.000006636814
 0.000049797977
 0.000035608542
 0.000054674890
 0.000100549893
 0.000183546176
 0.000022980912
 0.000107591456
 0.000125723817
 0.000013595878
 0.000029193875
 0.000034968796
 0.000023282821
 0.000003768690
 0.000006011069
 0.000007269439
 0.000025193222
 0.000020075352
 0.000027327192
 0.000005569906
 0.000008796410
 0.000025802770
 0.000009388469
 0.000030338409
 0.000035383801
 0.000010948618
 0.000022661769
 0.000021860959
 0.000008981433
 0.000005929205
 0.000009738194
 0.000027894300
 0.000016427249
 0.000016884838
 0.000018308147
 0.000010376660
 0.000009159462
 0.000010410534
 0.000016114543
 0.000009016993
 0.000012300866
 0.000033176464
 0.000022519171
 0.000044283238
 0.000018011752
 0.000017260480
 0.000008488507
 0.000022100480
 0.000009662786
 0.000006737264
 0.000012126026
 0.000027302988
 0.000016620185
 0.000055035501
 0.000017016709
 0.000049613108
 0.000062997456
 0.000017915337
 0.000008729892
 0.000006235776
 0.000014487418
 0.000009784824
 0.000011919323
 0.000013604383
 0.000020535076
 0.000019853825
 0.000009830068
 0.000020369230
 0.000008561687
 0.000006748951
 0.000022704407
 0.000027037128
 0.000021690256
 0.000018909989
 0.000006956962
 0.000008783952
 0.000009799674
 0.000013193404
 0.000008173176
 0.000012523201
 0.000013227492
 0.000006059997
 0.000015695637
 0.000020036062
 0.000059088733
 0.000018499965
 0.000034957819
 0.000036028311
 0.000018558606
 0.000016322548
 0.000016261145
 0.000028060622
 0.000023149168
 0.000011412436
 0.000058289213
 0.000021979270
 0.000014421395
 0.000053119879
 0.000037137824
 0.000026093826
 0.000022144587
 0.000082684150
 0.000029503580
 0.000031997897
 0.000075268499
 0.000054292686
 0.000052791849
 0.000057773673
 0.000019724074
 0.000025647054
 0.000038629724
 0.000028326055
 0.000050153327
 0.000028767054
 0.000098545133
 0.000023635958
 0.000095052593
 0.000038165313
 0.000118418960
 0.000054208984
 0.000057768788
 0.000065287947
 0.000096848385
 0.000132720051
 0.000117286102
 0.000196326004
 0.000115553737
 0.000061421512
 0.000141297608
 0.000055997080
 0.000187465535
 0.000037044441
 0.000080839920
 0.000059600591
 0.000218982361
 0.000239061495
 0.000440713526
 0.000283152113
 0.000646241159
 0.000310278468
 0.000142859212
 0.000066458847
 0.000106900787
 0.000179331301
 0.000070020915
 0.000031057244
 0.000086569532
 0.000071537313
 0.000181295494
 0.000169896846
 0.000135568655
 0.000121832382
 0.000227875093
 0.000057771602
 0.000123220483
 0.000238891377
 0.000252635533
 0.000205070337
 0.000239461965
 0.000329346804
 0.000355836081
 0.000290801755
 0.000605656400
 0.001018355936
 0.000669493293
 0.000314979044
 0.000249080388
 0.000247982699
 0.000449942874
 0.000142245691
 0.000328076706
 0.000403771684
 0.000243038473
 0.000888748396
 0.000981959409
 0.000944620935
 0.000992442752
 0.000260196989
 0.000298636008
 0.000174801952
 0.000069247502
 0.000135059647
 0.000159291228
 0.000553011127
 0.000116493691
 0.000068523692
 0.000172967411
 0.000061334779
 0.000122003951
 0.000117823368
 0.000062150037
 0.000034436789
 0.000044363348
 0.000016788950
 0.000059756540
 0.000023350532
 0.000008871550
 0.000072429443
 0.000036021691
 0.000021207935
 0.000060677292
 0.000034011663
 0.000073650782
 0.000069890617
 0.000075642628
 0.000043949222
 0.000026204805
 0.000142333200
 0.000054161777
 0.000160682950
 0.000077165444
 0.000609438214
 0.000470678805
 0.000489188644
 0.000056238807
 0.000049567622
 0.000051429042
 0.000084526820
 0.000125319221
 0.000126554324
 0.000055249428
 0.000041604282
 0.000020022438
 0.000009217815
 0.000012316586
 0.000041263314
 0.000025799027
 0.000032495997
 0.000028025997
 0.000008488952
 0.000020341018
 0.000013636355
 0.000012020198
 0.000019772351
 0.000026726592
 0.000053769901
 0.000020274361
 0.000053014648
 0.000029491931
 0.000046122746
 0.000066621488
 0.000066863185
 0.000057838058
 0.000064614375
 0.000178930328
 0.000068099693
 0.000109534058
 0.000068591719
 0.000041548607
 0.000061202659
 0.000108891365
 0.000059194387
 0.000088157559
 0.000091487469
 0.000188680113
 0.000280913824
 0.000495530398
 0.000702860062
 0.001041330680
 0.000484358665
 0.000559745123
 0.000724833955
 0.000225552760
 0.000132703779
 0.000059435592
 0.000024579622
 0.000047578603
 0.000112499618
 0.000084796725
 0.000185513736
 0.000219374910
 0.000064535112
 0.000136305017
 0.000091471593
 0.000099084706
 0.000077981416
 0.000094010323
 0.000097977934
 0.000067947386
 0.000107867950
 0.000119590274
 0.000113180857
 0.000068149925
 0.000116894525
 0.000151444341
 0.000155531880
 0.000045373240
 0.000035409301
 0.000024772137
 0.000032673465
 0.000046677058
 0.000046922577
 0.000033371547
 0.000025581656
 0.000040711787
 0.000044198429
 0.000032424928
 0.000117970105
 0.000107213570
 0.000067296068
 0.000045888027
 0.000113642433
 0.000035096049
 0.000055066924
 0.000061915530
 0.000041892961
 0.000035780694
 0.000014799142
 0.000034344772
 0.000057775749
 0.000077512343
 0.000045457941
 0.000024100321
 0.000024465275
 0.000035835281
 0.000057674015
 0.000066697157
 0.000041622716
 0.000057597888
 0.000046590242
 0.000029227170
 0.000026737585
 0.000065828052
 0.000163642165
 0.000058498250
 0.000130760883
 0.000097733396
 0.000071972485
 0.000057260990
 0.000063799489
 0.000045371207
 0.000069102604
 0.000082575444
 0.000062914002
 0.000103992750
 0.000085045578
 0.000031776623
 0.000041203504
 0.000032985062
 0.000025463954
 0.000032669462
 0.000038969440
 0.000081049438
 0.000027745264
 0.000015346403
 0.000063679389
 0.000158049076
 0.000050509624
 0.000080063925
 0.000071268273
 0.000030123724
 0.000035163467
 0.000121921540
 0.000088433033
 0.000089213086
 0.000079925332
 0.000041810184
 0.000045143636
 0.000019503061
 0.000030499047
 0.000035479537
 0.000018836916
 0.000032010381
 0.000024663423
 0.000071462259
 0.000029629292
 0.000015598142
 0.000101862372
 0.000011787856
 0.000013554585
 0.000013455203
 0.000029422475
 0.000020613202
 0.000014936652
 0.000071674842
 0.000123504033
 0.000064438553
 0.000072722129
 0.000090557842
 0.000088148096
 0.000071202805
 0.000055163737
 0.000053352630
 0.000042333571
 0.000055055106
 0.000057675564
 0.000013067900
 0.000046854445
 0.000082227066
 0.000062059778
 0.000022528429
 0.000017752115
 0.000060792841
 0.000079713809
 0.000068311399
 0.000098675347
 0.000089901009
 0.000124182062
 0.000036142886
 0.000054331632
 0.000095742433
 0.000063994909
 0.000048031055
 0.000100956224
 0.000030978485
 0.000022811338
 0.000038767392
 0.000025160874
 0.000006242335
 0.000016333771
 0.000012781242
 0.000017795185
 0.000008510609
 0.000006154228
 0.000008650192
 0.000029305756
 0.000009843369
 0.000021415933
 0.000021196105
 0.000024347110
 0.000012210264
 0.000044225235
 0.000072972237
 0.000090293151
 0.000095728216
 0.000045724401
 0.000045729164
 0.000038357388
 0.000083509563
 0.000152269123
 0.000171825855
 0.000071115802
 0.000097319647
 0.000055956556
 0.000046407624
 0.000054548723
 0.000043102538
 0.000106153439
 0.000056741668
 0.000037724455
 0.000021105747
 0.000025617331
 0.000015757877
 0.000037109928
 0.000078971925
 0.000072922292
 0.000143425937
 0.000111181993
 0.000069039220
 0.000092442974
 0.000187658929
 0.000204494099
 0.000208729530
 0.000056831504
 0.000113681220
 0.000072012982
 0.000039032226
 0.000109275056
 0.000135466369
 0.000214075163
 0.000468492554
 0.000284982828
 0.000217120940
 0.000193473837
 0.000035689898
 0.000160394343
 0.000272587596
 0.000118046546
 0.000161293582
 0.000222232364
 0.000160532959
 0.000046948682
 0.000150546801
 0.000140067399
 0.000080528847
 0.000087877535
 0.000075368508
 0.000148606079
 0.000038636269
 0.000061888208
 0.000066729055
 0.000156998256
 0.000064596308
 0.000074614033
 0.000066317643
 0.000049330126
 0.000056791562
 0.000132296484
 0.000125349105
 0.000131150946
 0.000155430075
 0.000136914086
 0.000116611322
 0.000161366959
 0.000051039082
 0.000028728269
 0.000051410077
 0.000123966183
 0.000034372512
 0.000125481439
 0.000031408937
 0.000017161461
 0.000037571576
 0.000020480197
 0.000024296831
 0.000012703675
 0.000029532910
 0.000071921629
 0.000022255940
 0.000034968490
 0.000053499822
 0.000033951845
 0.000016992849
 0.000025244580
 0.000016646322
 0.000010148560
 0.000006009512
 0.000001746778
 0.000008351086
 0.000020421717
 0.000036283757
 0.000017524398
 0.000020375476
 0.000067175520
 0.000018430438
 0.000052379371
 0.000035600525
 0.000064057773
 0.000089620431
 0.000086130026
 0.000080065759
 0.000058961170
 0.000044620124
 0.000047777229
 0.000073725861
 0.000029397606
 0.000027016169
 0.000009727155
 0.000015103253
 0.000019308873
 0.000011176992
 0.000016497894
 0.000008734564
 0.000017548579
 0.000015293039
 0.000009179544
 0.000015016148
 0.000006149672
 0.000005070128
 0.000007846245
 0.000008449449
 0.000006366859
 0.000009518233
 0.000007339891
 0.000005607118
 0.000006433091
 0.000003380619
 0.000002527323
 0.000002135470
 0.000003602468
 0.000007788577
 0.000004506059
 0.000002010615
 0.000001633907
 0.000002257667
 0.000004356456
 0.000001964652
 0.000006312509
 0.000002736363
 0.000003149974
 0.000002866500
 0.000003785077
 0.000005028952
 0.000007324477
 0.000005858809
 0.000005226955
 0.000021001207
 0.000008303813
 0.000014706929
 0.000038679930
 0.000054722038
 0.000031733186
 0.000017705246
 0.000024068144
 0.000056609199
 0.000033199800
 0.000040119574
 0.000073967878
 0.000024120684
 0.000014524960
 0.000012412833
 0.000006918809
 0.000031301755
 0.000013071571
 0.000010489998
 0.000014384332
 0.000012687694
 0.000015435335
 0.000025618958
 0.000013438800
 0.000016611323
 0.000024720500
 0.000015453219
 0.000008421126
 0.000021587369
 0.000019695638
 0.000029351442
 0.000020853173
 0.000007745061
 0.000008530049
 0.000009651718
 0.000012830196
 0.000012196087
 0.000012743234
 0.000004966001
 0.000009909775
 0.000004778949
 0.000005826622
 0.000008599640
 0.000009911025
 0.000002724417
 0.000006335384
 0.000003000795
 0.000002181292
 0.000005693760
 0.000004635784
 0.000005169279
 0.000003973855
 0.000004119936
 0.000004062752
 0.000008466223
 0.000005276454
 0.000009769746
 0.000018490313
 0.000013703579
 0.000013714991
 0.000006227424
 0.000003350653
 0.000004928046
 0.000004222907
 0.000007711641
 0.000001805965
 0.000002739264
 0.000006117666
 0.000006752126
 0.000003586759
 0.000001310188
 0.000002673172
 0.000002128969
 0.000002107231
 0.000003841921
 0.000003570956
 0.000001649631
 0.000007593959
 0.000006891608
 0.000002515312
 0.000002666453
 0.000004882343
 0.000004165172
 0.000006103849
 0.000015614406
 0.000005245383
 0.000001690586
 0.000003793200
 0.000006704763
 0.000008005727
 0.000008117733
 0.000004172765
 0.000003089947
 0.000006404984
 0.000003879802
 0.000001839540
 0.000005499263
 0.000003705558
 0.000006975939
 0.000008116191
 0.000003433335
 0.000006633970
 0.000004959725
 0.000008108435
 0.000003438926
 0.000004629181
 0.000005318050
 0.000005378691
 0.000002699197
 0.000005793344
 0.000001904094
 0.000002129310
 0.000005599832
 0.000004808390
 0.000005186466
 0.000005313278
 0.000006674358
 0.000016759863
 0.000006081275
 0.000013559625
 0.000008673573
 0.000012618109
 0.000016439161
 0.000016361062
 0.000009925935
 0.000004236445
 0.000007857334
 0.000020602535
 0.000013620906
 0.000004724381
 0.000012431767
 0.000007787284
 0.000006401216
 0.000011300482
 0.000005745007
 0.000004501839
 0.000008040849
 0.000006649830
 0.000006998888
 0.000007708160
 0.000005462107
 0.000001814195
 0.000005448927
 0.000003416503
 0.000003098728
 0.000003407994
 0.000005164405
 0.000008576257
 0.000007369474
 0.000012628270
 0.000011267884
 0.000007674190
 0.000006597211
 0.000011107805
 0.000018639124
 0.000025466858
 0.000015306361
 0.000018984462
 0.000014148096
 0.000007013926
 0.000007134152
 0.000005644723
 0.000002187317
 0.000007539485
 0.000002288539
 0.000002896422
 0.000005145463
 0.000003261680
 0.000002115507
 0.000002933283
 0.000004849338
 0.000004172245
 0.000006322135
 0.000007542304
 0.000008661388
 0.000004580783
 0.000003901664
 0.000003940775
 0.000003532257
 0.000004212068
 0.000004652005
 0.000005903805
 0.000006087429
 0.000005996606
 0.000007230592
 0.000026673841
 0.000015416057
 0.000015954017
 0.000015971221
 0.000013525210
 0.000006442975
 0.000015369744
 0.000020813931
 0.000012221507
 0.000005420286
 0.000008268842
 0.000006166022
 0.000005095922
 0.000006279023
 0.000007965020
 0.000007941492
 0.000006451196
 0.000005373508
 0.000006265154
 0.000003224287
 0.000005133167
 0.000003585606
 0.000003559630
 0.000005280802
 0.000004238481
 0.000005632795
 0.000001493251
 0.000012293951
 0.000007657729
 0.000002204648
 0.000002861538
 0.000004337531
 0.000002192498
 0.000003095043
 0.000002302714
 0.000005115157
 0.000007314236
 0.000004967672
 0.000003648800
 0.000006031770
 0.000008005694
 0.000004329735
 0.000004214247
 0.000004303938
 0.000005178985
 0.000010348110
 0.000005279669
 0.000004873980
 0.000003811613
 0.000003080061
 0.000004542600
 0.000006293177
 0.000002621045
 0.000002741578
 0.000003243393
 0.000003623405
 0.000002363705
 0.000002050158
 0.000001240649
 0.000001309414
 0.000002090808
 0.000001944302
 0.000002704669
 0.000001265785
 0.000002569715
 0.000003014809
 0.000001766380
 0.000005235850
 0.000004031251
 0.000004596906
 0.000004423703
 0.000005168158
 0.000003487917
 0.000002584045
 0.000003709698
 0.000002830288
 0.000002603759
 0.000001316973
 0.000001146548
 0.000001804969
 0.000006263815
 0.000004896378
 0.000003922687
 0.000003015738
 0.000002428011
 0.000003085461
 0.000002898007
 0.000003850636
 0.000006576382
 0.000004269584
 0.000003010814
 0.000004668596
 0.000002906873
 0.000008468700
 0.000005830769
 0.000007918316
 0.000022752297
 0.000027566527
 0.000026765786
 0.000033414854
 0.000033479325
 0.000011096475
 0.000006902268
 0.000001151244
 0.000009494057
 0.000014263164
 0.000016164311
 0.000005082902
 0.000008458430
 0.000004928004
 0.000006939976
 0.000006939028
 0.000004339768
 0.000006636819
 0.000004172190
 0.000001924279
 0.000004097680
 0.000005267929
 0.000003987672
 0.000005346393
 0.000004569888
 0.000005519635
 0.000004863349
 0.000009161198
 0.000007862115
 0.000008871482
 0.000006937955
 0.000008379272
 0.000005060313
 0.000007179970
 0.000008577385
 0.000007638643
 0.000006335968
 0.000006423979
 0.000003075189
 0.000002831248
 0.000007097133
 0.000007460917
 0.000003014301
 0.000002785747
 0.000002752913
 0.000005797796
 0.000008389335
 0.000005396648
 0.000004588503
 0.000006679690
 0.000005626118
 0.000007609665
 0.000005743905
 0.000007179454
 0.000022215698
 0.000010500126
 0.000006094280
 0.000007240366
 0.000006327266
 0.000010454560
 0.000008764765
 0.000007663083
 0.000010297659
 0.000009713187
 0.000005600496
 0.000006780096
 0.000013938317
 0.000023011338
 0.000007695348
 0.000013027221
 0.000006448450
 0.000010796369
 0.000022409724
 0.000009192471
 0.000014016613
 0.000006907179
 0.000005300514
 0.000005683847
 0.000007260309
 0.000007233711
 0.000006994725
 0.000009767416
 0.000017070701
 0.000007276809
 0.000007922277
 0.000009691906
 0.000011263405
 0.000010035437
 0.000010423706
 0.000005472249
 0.000016933560
 0.000012650867
 0.000003295560
 0.000018299560
 0.000017375880
 0.000019333694
 0.000007769151
 0.000010108907
 0.000014728329
 0.000015942803
 0.000016409973
 0.000017238697
 0.000020390883
 0.000011110174
 0.000020968349
 0.000016955708
 0.000015589909
 0.000009540703
 0.000015904845
 0.000025939579
 0.000027607079
 0.000024015898
 0.000015713978
 0.000020963457
 0.000023064453
 0.000025058019
 0.000033127082
 0.000016952507
 0.000014524671
 0.000022797009
 0.000021260478
 0.000024889684
 0.000016226108
 0.000011926898
 0.000017604813
 0.000032725501
 0.000095933390
 0.000028405770
 0.000018414547
 0.000015472986
 0.000005223138
 0.000010110875
 0.000030338365
 0.000005927277
 0.000015632509
 0.000007114670
 0.000005296171
 0.000003151014
 0.000005079811
 0.000003478158
 0.000005416281
 0.000004015757
 0.000004249458
 0.000006655855
 0.000007988197
 0.000010186935
 0.000010324756
 0.000009657733
 0.000026549568
 0.000058339290
 0.000061477231
 0.000044271146
 0.000012272181
 0.000010582654
 0.000013826898
 0.000016210519
 0.000009767194
 0.000007225678
 0.000008844923
 0.000017498572
 0.000013508947
 0.000008194864
 0.000005980354
 0.000005876275
 0.000022413215
 0.000016926081
 0.000007474532
 0.000006871683
 0.000004186188
 0.000007415308
 0.000011068716
 0.000007940229
 0.000009422593
 0.000008933774
 0.000002646982
 0.000004976590
 0.000013730986
 0.000006537313
 0.000005850099
 0.000003424314
 0.000012919993
 0.000009251368
 0.000007612349
 0.000011563172
 0.000014405835
 0.000013358984
 0.000008923693
 0.000006157011
 0.000009191378
 0.000008249461
 0.000011642301
 0.000004538758
 0.000006388471
 0.000006146513
 0.000008761716
 0.000015026542
 0.000022952841
 0.000020817217
 0.000021254193
 0.000059810009
 0.000015269944
 0.000007526275
 0.000012427632
 0.000008664468
 0.000002782921
 0.000002872595
 0.000001393839
 0.000002365314
 0.000001042009
 0.000001205745
 0.000001428197
 0.000001497223
 0.000001628236
 0.000001971345
 0.000001502348
 0.000001498520
 0.000002775158
 0.000004004818
 0.000002753836
 0.000004176977
 0.000006449211
 0.000006553852
 0.000008091143
 0.000006956288
 0.000006019908
 0.000009895644
 0.000037799867
 0.000026128190
 0.000011299532
 0.000012400283
 0.000008227814
 0.000005457902
 0.000006010217
 0.000008346476
 0.000002247935
 0.000005980564
 0.000005822066
 0.000011287691
 0.000002164578
 0.000003289332
 0.000003606185
 0.000003115674
 0.000003362390
 0.000005924265
 0.000003202896
 0.000004445827
 0.000002776929
 0.000003270180
 0.000003237673
 0.000004531796
 0.000006243440
 0.000004581983
 0.000004868664
 0.000002701716
 0.000004441552
 0.000004623536
 0.000003252145
 0.000004791683
 0.000007852879
 0.000007528076
 0.000003554819
 0.000002909187
 0.000001830216
 0.000001948813
 0.000002116066
 0.000001040218
 0.000003443759
 0.000001645107
 0.000001208308
 0.000002521609
 0.000001959317
 0.000002442010
 0.000003732911
 0.000002872946
 0.000007810588
 0.000005242328
 0.000004145338
 0.000004811872
 0.000008637047
 0.000005305288
 0.000005889146
 0.000002995275
 0.000005242738
 0.000008009574
 0.000006793166
 0.000003061963
 0.000013346674
 0.000012276563
 0.000005767290
 0.000005438546
 0.000002136149
 0.000003463157
 0.000007702632
 0.000004228228
 0.000012843743
 0.000004531527
 0.000016194977
 0.000028027802
 0.000026238690
 0.000014225095
 0.000017488518
 0.000019373238
 0.000009346701
 0.000016629209
 0.000012460169
 0.000017697783
 0.000004362192
 0.000005570254
 0.000006319315
 0.000008017364
 0.000011509496
 0.000009417497
 0.000002459988
 0.000002960172
 0.000002445727
 0.000007118337
 0.000006210829
 0.000013596655
 0.000024805548
 0.000008804233
 0.000011139234
 0.000070097951
 0.000042355405
 0.000018150950
 0.000010150559
 0.000035509339
 0.000051079336
 0.000116006724
 0.000042497362
 0.000027577658
 0.000015068536
 0.000030473780
 0.000031091975
 0.000020477300
 0.000050778118
 0.000054916328
 0.000138418542
 0.000089601637
 0.000111316920
 0.000085891496
 0.000140936882
 0.000146413233
 0.000373273880
 0.000112972487
 0.000060972655
 0.000054913465
 0.000057520278
 0.000027627800
 0.000059792620
 0.000035649804
 0.000090415521
 0.000061305885
 0.000117588789
 0.000068460745
 0.000054154346
 0.000099716341
 0.000078399531
 0.000061612431
 0.000063332024
 0.000038202301
 0.000088756862
 0.000042058102
 0.000053167364
 0.000039657349
 0.000052394496
 0.000068477488
 0.000048185630
 0.000087735572
 0.000031395205
 0.000046210605
 0.000051765204
 0.000045020564
 0.000066710593
 0.000056956826
 0.000059934580
 0.000011261013
 0.000012603708
 0.000027889259
 0.000012372779
 0.000025278800
 0.000025721757
 0.000029165752
 0.000027545422
 0.000028550949
 0.000034450052
 0.000016255215
 0.000038613001
 0.000017029882
 0.000024840373
 0.000035838783
 0.000023118235
 0.000015031859
 0.000009737095
 0.000007888416
 0.000007050894
 0.000008829967
 0.000017674689
 0.000007406628
 0.000006929834
 0.000017308160
 0.000014623230
 0.000006674237
 0.000015616823
 0.000049094910
 0.000033914412
 0.000024074288
 0.000036116945
 0.000020747272
 0.000042656684
 0.000049142486
 0.000035758475
 0.000028554708
 0.000044889537
 0.000016818638
 0.000040280671
 0.000023229818
 0.000038309131
 0.000016636178
 0.000031501431
 0.000019121654
 0.000019502548
 0.000010906162
 0.000015605327
 0.000009973155
 0.000032776935
 0.000016277316
 0.000004422671
 0.000008382397
 0.000009762084
 0.000005340810
 0.000006433208
 0.000003822598
 0.000007089405
 0.000014134765
 0.000009039764
 0.000010235303
 0.000005874829
 0.000004240140
 0.000004442481
 0.000002409528
 0.000007473314
 0.000004317221
 0.000011543005
 0.000015014390
 0.000006548578
 0.000013603621
 0.000011550149
 0.000010570816
 0.000007541752
 0.000008334477
 0.000012322876
 0.000008754830
 0.000008429311
 0.000006428206
 0.000010047352
 0.000007720716
 0.000003651760
 0.000005183316
 0.000006082599
 0.000002609293
 0.000001165113
 0.000001120795
 0.000004643015
 0.000005824850
 0.000005569803
 0.000008188642
 0.000011034236
 0.000006115966
 0.000003453474
 0.000004986560
 0.000002191029
 0.000011588116
 0.000010847993
 0.000020573917
 0.000012887811
 0.000013481381
 0.000009588010
 0.000003559145
 0.000006770782
 0.000004389294
 0.000007422773
 0.000015213315
 0.000010293978
 0.000006786582
 0.000004368249
 0.000008639669
 0.000006595633
 0.000020689714
 0.000019440790
 0.000010918789
 0.000016601061
 0.000012806659
 0.000008424399
 0.000007449711
 0.000006252994
 0.000013708143
 0.000042452514
 0.000016230894
 0.000016090019
 0.000067296816
 0.000049340418
 0.000056607468
 0.000009580492
 0.000006823831
 0.000005260128
 0.000007927051
 0.000007652530
 0.000004421074
 0.000009117524
 0.000008922026
 0.000009966140
 0.000021835052
 0.000025865204
 0.000016741903
 0.000009679737
 0.000007156780
 0.000007011855
 0.000016029694
 0.000017681961
 0.000052819868
 0.000036993666
 0.000034852538
 0.000027426236
 0.000026888548
 0.000064967934
 0.000038870439
 0.000020641059
 0.000014130362
 0.000073629513
 0.000021989455
 0.000012948828
 0.000035085448
 0.000065188030
 0.000021649152
 0.000054240541
 0.000023881945
 0.000028133378
 0.000008281366
 0.000029580940
 0.000015620603
 0.000017863624
 0.000003149933
 0.000007668808
 0.000007490258
 0.000008155771
 0.000009565893
 0.000015238183
 0.000033129295
 0.000012002649
 0.000016317439
 0.000006613193
 0.000008875675
 0.000026952058
 0.000027094770
 0.000034293333
 0.000039403631
 0.000014764692
 0.000010181680
 0.000009191245
 0.000007264040
 0.000007169965
 0.000019228724
 0.000007932322
 0.000010806987
 0.000005211746
 0.000004120355
 0.000007344359
 0.000002941578
 0.000002261742
 0.000001785866
 0.000004402906
 0.000006704368
 0.000014199996
 0.000013069187
 0.000007464077
 0.000016344534
 0.000026023034
 0.000041650675
 0.000042135110
 0.000021557616
 0.000041269265
 0.000011507316
 0.000014096450
 0.000072053639
 0.000082734291
 0.000022084185
 0.000022184713
 0.000007141001
 0.000010997280
 0.000011272469
 0.000005187109
 0.000020936380
 0.000016771323
 0.000021641569
 0.000017818244
 0.000009798584
 0.000011085651
 0.000011083403
 0.000006856341
 0.000010150442
 0.000009199894
 0.000024601974
 0.000014044674
 0.000028033997
 0.000013285271
 0.000021327394
 0.000003381076
 0.000003412914
 0.000002337492
 0.000003129615
 0.000002829140
 0.000003508684
 0.000003628026
 0.000002765441
 0.000001840165
 0.000004606314
 0.000005681936
 0.000001925914
 0.000001428743
 0.000001837141
 0.000005136775
 0.000006825602
 0.000003527751
 0.000001504513
 0.000002563295
 0.000002893616
 0.000000766077
 0.000002458248
 0.000007399889
 0.000008464662
 0.000017527307
 0.000015257504
 0.000031042413
 0.000034985452
 0.000038242396
 0.000024108120
 0.000056117869
 0.000059519259
 0.000073488389
 0.000114835566
 0.000065768930
 0.000163636649
 0.000128376709
 0.000097930112
 0.000045240550
 0.000054911558
 0.000064506997
 0.000147963253
 0.000213474686
 0.000032818421
 0.000049406098
 0.000026237546
 0.000018259884
 0.000031508153
 0.000019812853
 0.000126452031
 0.000054348795
 0.000062567553
 0.000050106265
 0.000110878446
 0.000042955288
 0.000042446901
 0.000037718451
 0.000018975685
 0.000020580193
 0.000012892367
 0.000017156945
 0.000007883544
 0.000005662478
 0.000004979694
 0.000003786923
 0.000005749018
 0.000010887506
 0.000018101868
 0.000037704504
 0.000020443186
 0.000030153481
 0.000011918499
 0.000007211986
 0.000013454114
 0.000006886372
 0.000012417142
 0.000003678655
 0.000004105036
 0.000003475150
 0.000007960566
 0.000012520272
 0.000009140504
 0.000034199749
 0.000014075888
 0.000012770283
 0.000012738668
 0.000036498509
 0.000015802465
 0.000014581051
 0.000010840315
 0.000006350430
 0.000002098286
 0.000003086145
 0.000004498797
 0.000002158506
 0.000004920779
 0.000011789447
 0.000009249894
 0.000003066522
 0.000003240556
 0.000005031018
 0.000003362640
 0.000005106468
 0.000001737862
 0.000004070775
 0.000007297965
 0.000009222625
 0.000009512502
 0.000009530271
 0.000007867926
 0.000004616001
 0.000005105574
 0.000009260985
 0.000013347171
 0.000016584266
 0.000003114969
 0.000006657116
 0.000001950375
 0.000005322195
 0.000005858877
 0.000003913360
 0.000011420263
 0.000012944834
 0.000005619682
 0.000004031772
 0.000015776363
 0.000017642109
 0.000010698583
 0.000011097733
 0.000006585920
 0.000005651975
 0.000001443297
 0.000008650168
 0.000013239851
 0.000006879197
 0.000019969943
 0.000018978172
 0.000012550091
 0.000004377330
 0.000012348888
 0.000004172412
 0.000012448176
 0.000069535869
 0.000042770041
 0.000013381259
 0.000023824514
 0.000025302571
 0.000034486945
 0.000063199815
 0.000055840927
 0.000026400895
 0.000032924907
 0.000102546707
 0.000051389428
 0.000026204740
 0.000041948270
 0.000032807508
 0.000041760728
 0.000042056014
 0.000047111018
 0.000077186231
 0.000056096582
 0.000023702686
 0.000046026085
 0.000019139621
 0.000016704141
 0.000006465493
 0.000007057093
 0.000015574644
 0.000019271265
 0.000036942465
 0.000008676959
 0.000010974815
 0.000017949928
 0.000011054764
 0.000017435801
 0.000025826412
 0.000035500960
 0.000052833128
 0.000042652580
 0.000007563664
 0.000009217181
 0.000014549926
 0.000028298976
 0.000008413192
 0.000010233547
 0.000018616472
 0.000007917440
 0.000015045183
 0.000014279141
 0.000015587939
 0.000012316243
 0.000009680819
 0.000007154238
 0.000020069990
 0.000007228882
 0.000015985306
 0.000015954626
 0.000008633051
 0.000021471763
 0.000023539948
 0.000090402330
 0.000015245902
 0.000017664296
 0.000006748893
 0.000021232836
 0.000004923518
 0.000014564141
 0.000009128748
 0.000013093455
 0.000017665609
 0.000009801699
 0.000011592399
 0.000020399279
 0.000017711798
 0.000018796280
 0.000006489800
 0.000009526744
 0.000007523603
 0.000002883199
 0.000002476957
 0.000008475107
 0.000012186041
 0.000017858349
 0.000021721214
 0.000020971991
 0.000036342356
 0.000014571948
 0.000013888975
 0.000016026520
 0.000010685434
 0.000011254215
 0.000017579412
 0.000009323982
 0.000003876970
 0.000009666519
 0.000007523119
 0.000012710667
 0.000007639458
 0.000010720372
 0.000007170390
 0.000014431187
 0.000025227088
 0.000019756366
 0.000013217964
 0.000028555048
 0.000018386018
 0.000017782005
 0.000011638373
 0.000023769411
 0.000012988820
 0.000032588299
 0.000030435869
 0.000023458495
 0.000010475132
 0.000009969225
 0.000004394837
 0.000007734723
 0.000005144074
 0.000005443811
 0.000013450812
 0.000018672393
 0.000063834791
 0.000062209861
 0.000058084828
 0.000033136713
 0.000073082221
 0.000048355243
 0.000049353391
 0.000011584677
 0.000056548166
 0.000014383941
 0.000010831203
 0.000017651455
 0.000010032048
 0.000008887240
 0.000014843303
 0.000006296056
 0.000003323931
 0.000003612884
 0.000008867469
 0.000004501809
 0.000003688392
 0.000003629725
 0.000002983361
 0.000003843842
 0.000003886924
 0.000003737630
 0.000008011631
 0.000006094062
 0.000014439953
 0.000006246852
 0.000004326510
 0.000003188334
 0.000003991582
 0.000007456752
 0.000006224389
 0.000021291335
 0.000019398104
 0.000019700297
 0.000045333844
 0.000033688978
 0.000033189803
 0.000037248838
 0.000033748913
 0.000054854530
 0.000146003444
 0.000148901175
 0.000048238427
 0.000148698972
 0.000071663361
 0.000070200258
 0.000159590214
 0.000083078607
 0.000043764136
 0.000026011115
 0.000062829590
 0.000067007330
 0.000082018226
 0.000050064818
 0.000038615097
 0.000078547098
 0.000034230458
 0.000009527412
 0.000008836304
 0.000038118117
 0.000015134519
 0.000033011375
 0.000020467936
 0.000025356606
 0.000021212241
 0.000022996938
 0.000023908222
 0.000022810466
 0.000039486935
 0.000027491766
 0.000015255402
 0.000031388527
 0.000012161858
 0.000024166521
 0.000023338539
 0.000010422854
 0.000019221315
 0.000052157945
 0.000050630831
 0.000037541031
 0.000016269637
 0.000044673340
 0.000043330125
 0.000031243291
 0.000060064182
 0.000051572096
 0.000027093505
 0.000035403992
 0.000024645215
 0.000027164474
 0.000037300311
 0.000044112252
 0.000018470323
 0.000012363090
 0.000012566305
 0.000023301901
 0.000024278776
 0.000017240526
 0.000027937004
 0.000029993683
 0.000017785653
 0.000033377051
 0.000029013767
 0.000025941092
 0.000052453085
 0.000020410476
 0.000011887352
 0.000006907849
 0.000004660231
 0.000007544621
 0.000004279313
 0.000003833979
 0.000009978502
 0.000014823188
 0.000006099659
 0.000011802361
 0.000005736373
 0.000007131415
 0.000005385097
 0.000003541470
 0.000006894820
 0.000003616335
 0.000008202697
 0.000016054572
 0.000030899183
 0.000009850874
 0.000015843467
 0.000006153452
 0.000006498508
 0.000019965505
 0.000013482206
 0.000008745901
 0.000006038969
 0.000019426108
 0.000015548427
 0.000018005405
 0.000033162192
 0.000025998878
 0.000021448269
 0.000017312199
 0.000028492652
 0.000032923157
 0.000062658292
 0.000033166508
 0.000023908439
 0.000012895982
 0.000011992385
 0.000026939629
 0.000025134371
 0.000024299647
 0.000024600896
 0.000038410884
 0.000025143722
 0.000112136712
 0.000043040189
 0.000065225577
 0.000102215971
 0.000053982719
 0.000015311492
 0.000026312562
 0.000019062300
 0.000047435505
 0.000028372294
 0.000024990140
 0.000020178132
 0.000048861643
 0.000069825576
 0.000030138889
 0.000046180446
 0.000059135366
 0.000031291213
 0.000041993076
 0.000029342017
 0.000026140377
 0.000019755660
 0.000015237309
 0.000013002232
 0.000017097239
 0.000025493167
 0.000036585347
 0.000009427737
 0.000025542627
 0.000009638261
 0.000021193278
 0.000012403505
 0.000008884588
 0.000013306980
 0.000021258153
 0.000016150116
 0.000033607870
 0.000024145078
 0.000017018953
 0.000027185635
 0.000024561007
 0.000014015485
 0.000032022613
 0.000027574888
 0.000042603918
 0.000019340953
 0.000030631116
 0.000020633863
 0.000012830545
 0.000009958553
 0.000010297080
 0.000009397571
 0.000018145188
 0.000012796440
 0.000013870603
 0.000010473327
 0.000047787081
 0.000026032096
 0.000030869159
 0.000009107897
 0.000014890745
 0.000023802004
 0.000061902075
 0.000014725380
 0.000015997237
 0.000011906285
 0.000012313773
 0.000008481814
 0.000014223596
 0.000007069911
 0.000027933320
 0.000017641307
 0.000029578130
 0.000009579740
 0.000003932802
 0.000018292083
 0.000018827470
 0.000015584108
 0.000029650930
 0.000055794853
 0.000053738114
 0.000041016757
 0.000016777397
 0.000032808633
 0.000025018951
 0.000030779655
 0.000031468877
 0.000025906075
 0.000032199826
 0.000089089837
 0.000034277464
 0.000015764288
 0.000026115262
 0.000014768095
 0.000013456647
 0.000014326597
 0.000012238106
 0.000017241223
 0.000016490884
 0.000008676637
 0.000021088532
 0.000015313806
 0.000004958050
 0.000009582695
 0.000015995277
 0.000016005510
 0.000013528746
 0.000019096225
 0.000007085626
 0.000008020077
 0.000010551475
 0.000006140027
 0.000011919514
 0.000008170230
 0.000010836199
 0.000011208209
 0.000011825289
 0.000009450114
 0.000004965943
 0.000007095631
 0.000016908646
 0.000008365594
 0.000011077060
 0.000009094846
 0.000010522588
 0.000037631346
 0.000010668689
 0.000015919255
 0.000022121524
 0.000014229191
 0.000011068560
 0.000015977484
 0.000013956937
 0.000021493911
 0.000011190234
 0.000011552871
 0.000011661815
 0.000051274522
 0.000014751247
 0.000007306697
 0.000012358249
 0.000011971716
 0.000010815249
 0.000012536343
 0.000025126870
 0.000018882268
 0.000011388813
 0.000014733922
 0.000011511751
 0.000012966940
 0.000019483665
 0.000006161358
 0.000011780704
 0.000009174852
 0.000010455523
 0.000010104371
 0.000012063675
 0.000006012688
 0.000005748962
 0.000014877865
 0.000013827521
 0.000026692702
 0.000012886082
 0.000024374095
 0.000012625861
 0.000019178425
 0.000028417863
 0.000015023422
 0.000007324060
 0.000008063175
 0.000014600796
 0.000015763892
 0.000010884493
 0.000002868110
 0.000016180751
 0.000013834485
 0.000017476718
 0.000016063665
 0.000012341400
 0.000010350432
 0.000020181137
 0.000039714544
 0.000013956187
 0.000010142091
 0.000022755503
 0.000019089811
 0.000023619537
 0.000040232876
 0.000074090591
 0.000079732052
 0.000073720395
 0.000021290938
 0.000009635754
 0.000014228313
 0.000060883768
 0.000039037712
 0.000030425443
 0.000033409095
 0.000069034187
 0.000026513998
 0.000054999292
 0.000076142186
 0.000048708749
 0.000065047731
 0.000031391760
 0.000007574637
 0.000011587986
 0.000006188662
 0.000030331658
 0.000060807973
 0.000017670726
 0.000031593367
 0.000035921743
 0.000028533751
 0.000030175332
 0.000010892917
 0.000014304997
 0.000050912859
 0.000010476575
 0.000010689481
 0.000019091984
 0.000009266598
 0.000020683895
 0.000021517953
 0.000032674412
 0.000028179966
 0.000018325817
 0.000005578145
 0.000014809888
 0.000007376748
 0.000004874776
 0.000003375345
 0.000005071756
 0.000006795031
 0.000003893688
 0.000005999338
 0.000005944152
 0.000011922481
 0.000004571491
 0.000007545929
 0.000008236921
 0.000015384683
 0.000007597538
 0.000009874076
 0.000003243232
 0.000015760687
 0.000007315757
 0.000004764927
 0.000012182285
 0.000009302913
 0.000008942534
 0.000004858241
 0.000005386892
 0.000006139794
 0.000003955119
 0.000004113934
 0.000005370689
 0.000004080254
 0.000001953345
 0.000001890432
 0.000004296403
 0.000000821779
 0.000002179978
 0.000002536879
 0.000004697528
 0.000004250498
 0.000004272277
 0.000008984412
 0.000009161442
 0.000007746062
 0.000009168624
 0.000012935623
 0.000004070649
 0.000003346120
 0.000013091303
 0.000016018335
 0.000011994030
 0.000008850812
 0.000039946037
 0.000042908675
 0.000026625767
 0.000015926089
 0.000027777862
 0.000028567946
 0.000014800876
 0.000011151877
 0.000005256152
 0.000013219391
 0.000011344916
 0.000012110972
 0.000003561388
 0.000015825508
 0.000004402966
 0.000003067843
 0.000003837939
 0.000004023335
 0.000003514876
 0.000008670377
 0.000006721904
 0.000003871796
 0.000009001942
 0.000005679209
 0.000011797204
 0.000008205062
 0.000005730969
 0.000015446469
 0.000011707956
 0.000068092438
 0.000034883928
 0.000015343000
 0.000012479667
 0.000014211097
 0.000018608835
 0.000033357550
 0.000008771327
 0.000009406220
 0.000010442832
 0.000012975697
 0.000013161213
 0.000015839334
 0.000008089016
 0.000018082839
 0.000013296933
 0.000016225454
 0.000019012596
 0.000021119137
 0.000080272596
 0.000016099161
 0.000009279946
 0.000024407059
 0.000003154549
 0.000007604378
 0.000011999426
 0.000022206130
 0.000028655134
 0.000016510946
 0.000015657063
 0.000033692009
 0.000014466758
 0.000028707673
 0.000012206987
 0.000013620048
 0.000020506932
 0.000015975430
 0.000018192125
 0.000006888704
 0.000024114133
 0.000010178398
 0.000022607853
 0.000029147409
 0.000021192634
 0.000018800143
 0.000010020690
 0.000007892113
 0.000014903772
 0.000005750786
 0.000006508779
 0.000004675771
 0.000018012869
 0.000021268767
 0.000008947730
 0.000007494290
 0.000013886917
 0.000005310574
 0.000009015678
 0.000009022080
 0.000012622424
 0.000014768739
 0.000011478370
 0.000010468163
 0.000013219329
 0.000022629666
 0.000008302853
 0.000006961049
 0.000012242322
 0.000007525640
 0.000012231237
 0.000012699299
 0.000022439624
 0.000007196690
 0.000008626814
 0.000004219496
 0.000004727916
 0.000004427823
 0.000003802383
 0.000012636952
 0.000011286174
 0.000007566998
 0.000008473069
 0.000019860173
 0.000005451987
 0.000015585155
 0.000003376654
 0.000006658416
 0.000002918680
 0.000004288698
 0.000004260710
 0.000010825626
 0.000006609598
 0.000006999603
 0.000009453578
 0.000015889394
 0.000011241168
 0.000010514750
 0.000027826243
 0.000022821789
 0.000013764297
 0.000010073726
 0.000005164302
 0.000017408839
 0.000023141862
 0.000014827101
 0.000015134416
 0.000023232057
 0.000024707143
 0.000044114029
 0.000023543273
 0.000010098391
 0.000005314003
 0.000004570205
 0.000001619742
 0.000002479179
 0.000004322981
 0.000008459872
 0.000009991048
 0.000005960818
 0.000012358146
 0.000025635644
 0.000008216689
 0.000020781364
 0.000017281754
 0.000006980540
 0.000006905568
 0.000026456835
 0.000032234609
 0.000023087344
 0.000011438625
 0.000025422657
 0.000019318161
 0.000012922999
 0.000024841002
 0.000043246630
 0.000019252145
 0.000017709826
 0.000016909920
 0.000012664185
 0.000018525083
 0.000010910913
 0.000032827230
 0.000020474642
 0.000022175100
 0.000018279761
 0.000013248564
 0.000012797738
 0.000004023097
 0.000003335826
 0.000005453067
 0.000007032099
 0.000003837827
 0.000004597943
 0.000004115876
 0.000004783572
 0.000003796649
 0.000007938998
 0.000010103523
 0.000005641430
 0.000003718141
 0.000003159158
 0.000002486936
 0.000004332893
 0.000003058138
 0.000002872896
 0.000003291606
 0.000008458603
 0.000010330040
 0.000006601043
 0.000017663902
 0.000014810608
 0.000013013804
 0.000011212500
 0.000008026095
 0.000015886036
 0.000005015806
 0.000024756894
 0.000020290488
 0.000010984282
 0.000005309394
 0.000008555521
 0.000004537514
 0.000004999038
 0.000003462398
 0.000006164071
 0.000008849462
 0.000008994149
 0.000004716103
 0.000006476287
 0.000006574797
 0.000008706284
 0.000006577979
 0.000020203900
 0.000009267690
 0.000035750123
 0.000067510691
 0.000037384053
 0.000024829300
 0.000017394350
 0.000030721704
 0.000017385500
 0.000032644194
 0.000008128448
 0.000041369268
 0.000018756562
 0.000026286049
 0.000013801136
 0.000006810976
 0.000027166922
 0.000029336908
 0.000005486092
 0.000009245572
 0.000017200186
 0.000011745457
 0.000011186548
 0.000010367201
 0.000012693109
 0.000017003220
 0.000011166623
 0.000012098171
 0.000023056162
 0.000009127818
 0.000008069872
 0.000005975873
 0.000020869257
 0.000009498548
 0.000013980002
 0.000018894125
 0.000009278739
 0.000018440762
 0.000013183795
 0.000005269220
 0.000010497854
 0.000014557105
 0.000028118046
 0.000047563341
 0.000046514249
 0.000035915859
 0.000020637158
 0.000054534485
 0.000042103460
 0.000033910462
 0.000041883403
 0.000023026967
 0.000023640041
 0.000030350088
 0.000028587808
 0.000033415093
 0.000039719283
 0.000033623262
 0.000019941081
 0.000029239306
 0.000024371405
 0.000040911524
 0.000016802164
 0.000036621167
 0.000046501978
 0.000041282453
 0.000064641312
 0.000015337091
 0.000029751688
 0.000052149136
 0.000033612965
 0.000031786513
 0.000049591656
 0.000059563826
 0.000107646188
 0.000023512676
 0.000020651027
 0.000009256451
 0.000011236326
 0.000053086246
 0.000027985990
 0.000056252478
 0.000064569486
 0.000029790574
 0.000020860218
 0.000037185953
 0.000009144747
 0.000009255290
 0.000018938755
 0.000008396133
 0.000040308000
 0.000026004050
 0.000004565550
 0.000031976135
 0.000040523770
 0.000013049708
 0.000028209112
 0.000048921135
 0.000031965730
 0.000031520871
 0.000062639266
 0.000059569090
 0.000041221663
 0.000020701708
 0.000021475571
 0.000037468813
 0.000021941826
 0.000056826727
 0.000015793307
 0.000020579008
 0.000012026084
 0.000016378013
 0.000014293741
 0.000015429167
 0.000025629491
 0.000041687250
 0.000021149529
 0.000012072183
 0.000006058523
 0.000014705692
 0.000009065260
 0.000007413502
 0.000021184216
 0.000037054210
 0.000030986776
 0.000045372603
 0.000039931045
 0.000034473318
 0.000023754586
 0.000010621730
 0.000020516685
 0.000026263588
 0.000030141946
 0.000012292626
 0.000020124953
 0.000010045450
 0.000017560338
 0.000008803426
 0.000015441150
 0.000006158467
 0.000008665243
 0.000005387318
 0.000005201415
 0.000004475814
 0.000002718947
 0.000007230167
 0.000008051616
 0.000007956618
 0.000006443481
 0.000007803319
 0.000005567829
 0.000010119090
 0.000010078842
 0.000008307286
 0.000003747382
 0.000013609457
 0.000018824442
 0.000022049679
 0.000016183703
 0.000014526899
 0.000019430046
 0.000013905045
 0.000006372475
 0.000010622463
 0.000018219068
 0.000031088729
 0.000020094045
 0.000020086341
 0.000018221925
 0.000021577012
 0.000012935994
 0.000013280810
 0.000010176566
 0.000008088817
 0.000030275614
 0.000015175965
 0.000021031913
 0.000010335656
 0.000011968751
 0.000014104722
 0.000008792485
 0.000005404788
 0.000006984621
 0.000014862895
 0.000011722257
 0.000011097324
 0.000015830693
 0.000008129663
 0.000012315018
 0.000019566399
 0.000008575631
 0.000008058944
 0.000007205376
 0.000003641366
 0.000021237765
 0.000037001599
 0.000019489506
 0.000052776760
 0.000094826104
 0.000123365735
 0.000046305024
 0.000033823964
 0.000030187867
 0.000033786583
 0.000043477574
 0.000015315397
 0.000037459304
 0.000043272216
 0.000032929601
 0.000037417564
 0.000032729715
 0.000014055187
 0.000041000533
 0.000061563828
 0.000057199939
 0.000044095118
 0.000059203991
 0.000046197771
 0.000033727446
 0.000033747583
 0.000014148902
 0.000013978106
 0.000014899871
 0.000018994518
 0.000013164715
 0.000006537046
 0.000007118905
 0.000009767361
 0.000007143905
 0.000006449160
 0.000002971598
 0.000009261838
 0.000006124152
 0.000002663462
 0.000005184345
 0.000006108415
 0.000008474226
 0.000009070715
 0.000009910072
 0.000008332605
 0.000004179727
 0.000013349416
 0.000009042548
 0.000004249823
 0.000004451549
 0.000012712073
 0.000012032234
 0.000019060057
 0.000008394577
 0.000015596748
 0.000019203354
 0.000025374909
 0.000016719126
 0.000012095382
 0.000012005796
 0.000015667079
 0.000007801101
 0.000008676784
 0.000017245285
 0.000021786166
 0.000051440486
 0.000025571561
 0.000104525723
 0.000115107616
 0.000320790998
 0.000111599696
 0.000090517174
 0.000101253134
 0.000071510469
 0.000071468475
 0.000044620586
 0.000039882874
 0.000039448229
 0.000022838368
 0.000039125547
 0.000028134914
 0.000017419078
 0.000019842207
 0.000019289641
 0.000016297512
 0.000049363520
 0.000080759715
 0.000067356234
 0.000049025201
 0.000045479746
 0.000025977260
 0.000032521355
 0.000046695705
 0.000046305782
 0.000067895516
 0.000268004447
 0.000310536371
 0.000107875382
 0.000068443410
 0.000151289177
 0.000065050612
 0.000045835165
 0.000047972948
 0.000036218553
 0.000067264141
 0.000030333690
 0.000078654998
 0.000055196448
 0.000122930374
 0.000066736867
 0.000029400096
 0.000022834094
 0.000026726682
 0.000024804074
 0.000021465365
 0.000035296451
 0.000007278866
 0.000012256212
 0.000007460209
 0.000023992882
 0.000027386483
 0.000034861354
 0.000010429300
 0.000017966196
 0.000020374446
 0.000022363021
 0.000018337226
 0.000016544201
 0.000029798254
 0.000082415621
 0.000026591973
 0.000033725016
 0.000052806508
 0.000015068425
 0.000034884584
 0.000045438034
 0.000037713420
 0.000083196837
 0.000023710945
 0.000029303192
 0.000026550653
 0.000016761140
 0.000006127318
 0.000016327021
 0.000018771470
 0.000034440636
 0.000015816421
 0.000016346129
 0.000018330665
 0.000012153756
 0.000012032202
 0.000012374717
 0.000006247483
 0.000011478867
 0.000019142426
 0.000018409516
 0.000023351109
 0.000018576558
 0.000034965576
 0.000025123105
 0.000043210394
 0.000040348652
 0.000039439845
 0.000044343511
 0.000041102190
 0.000042103508
 0.000030408940
 0.000043624727
 0.000026724592
 0.000018972702
 0.000022839076
 0.000024394247
 0.000029260667
 0.000017497980
 0.000008590346
 0.000024928742
 0.000041731573
 0.000045674818
 0.000020808404
 0.000012811291
 0.000024317706
 0.000038494906
 0.000025347569
 0.000021164913
 0.000026798178
 0.000034953736
 0.000027308690
 0.000038979911
 0.000104186626
 0.000066958917
 0.000128604591
 0.000033495839
 0.000029435747
 0.000050613762
 0.000023028839
 0.000023270278
 0.000056381052
 0.000069090729
 0.000082643955
 0.000042897783
 0.000032896468
 0.000038736218
 0.000016130378
 0.000032449561
 0.000013900585
 0.000034409985
 0.000018626096
 0.000023739880
 0.000013576274
 0.000007555233
 0.000011451771
 0.000013633436
 0.000020757042
 0.000007174983
 0.000009642852
 0.000011101495
 0.000015076693
 0.000005978676
 0.000008368166
 0.000008162061
 0.000012597001
 0.000008819272
 0.000021980950
 0.000010339352
 0.000014520207
 0.000011991924
 0.000009495392
 0.000008018634
 0.000006240471
 0.000003662369
 0.000004764538
 0.000007664125
 0.000009239101
 0.000021661248
 0.000007789552
 0.000010979250
 0.000013710621
 0.000006072088
 0.000004559026
 0.000010821769
 0.000010360567
 0.000012222147
 0.000004850053
 0.000010769662
 0.000004933010
 0.000009959201
 0.000005287219
 0.000005867141
 0.000004152583
 0.000006911408
 0.000007853099
 0.000009574382
 0.000007952424
 0.000016004709
 0.000012710196
 0.000013896722
 0.000004276271
 0.000002899965
 0.000002789412
 0.000003993292
 0.000006383754
 0.000008038846
 0.000005648023
 0.000006209289
 0.000006415349
 0.000004558829
 0.000003854782
 0.000007390129
 0.000010205659
 0.000019055953
 0.000009320255
 0.000009278661
 0.000007437007
 0.000003536598
 0.000009996997
 0.000009139045
 0.000002605160
 0.000001520690
 0.000004154695
 0.000006517614
 0.000005652875
 0.000003837016
 0.000015294102
 0.000005989932
 0.000006672528
 0.000010622570
 0.000005328977
 0.000006509365
 0.000006532294
 0.000006887486
 0.000007434529
 0.000010011248
 0.000005268545
 0.000013210726
 0.000005528406
 0.000006106375
 0.000014052229
 0.000008622968
 0.000003345971
 0.000007726194
 0.000010343203
 0.000008646420
 0.000006017028
 0.000002746891
 0.000005426585
 0.000009123081
 0.000014718584
 0.000012370813
 0.000014883612
 0.000016593536
 0.000005543097
 0.000005395630
 0.000013708942
 0.000008858416
 0.000006162779
 0.000009540210
 0.000006073906
 0.000014497299
 0.000019394805
 0.000030027322
 0.000011791813
 0.000020121103
 0.000014773197
 0.000010288159
 0.000005909540
 0.000007381761
 0.000009408036
 0.000006537034
 0.000007138761
 0.000008949893
 0.000027249533
 0.000017354755
 0.000007680594
 0.000005970090
 0.000022052940
 0.000035565771
 0.000018154544
 0.000038523041
 0.000031288187
 0.000041324412
 0.000011313419
 0.000039508653
 0.000021573326
 0.000055937606
 0.000038267725
 0.000026670985
 0.000062183619
 0.000017490442
 0.000014690355
 0.000008779096
 0.000019919670
 0.000009711524
 0.000010865545
 0.000037317981
 0.000016381340
 0.000014056299
 0.000015414547
 0.000044607176
 0.000013914030
 0.000012074005
 0.000018827670
 0.000030562122
 0.000019053243
 0.000010357964
 0.000016063562
 0.000017005356
 0.000018503200
 0.000014155404
 0.000024435669
 0.000012386460
 0.000010252545
 0.000018758316
 0.000008875579
 0.000009082913
 0.000013922667
 0.000013400208
 0.000005263970
 0.000011113234
 0.000024293942
 0.000027128358
 0.000036070942
 0.000013347080
 0.000019536787
 0.000013742398
 0.000012335267
 0.000008093858
 0.000015704538
 0.000011360574
 0.000011745447
 0.000007867582
 0.000015135945
 0.000012391195
 0.000012345884
 0.000006685620
 0.000012356084
 0.000034297591
 0.000014592954
 0.000031205669
 0.000031342256
 0.000014992077
 0.000034960869
 0.000022967217
 0.000077903657
 0.000031370032
 0.000036029010
 0.000061996504
 0.000049673717
 0.000065156060
 0.000046185755
 0.000023709416
 0.000032766710
 0.000083953019
 0.000103707410
 0.000304723049
 0.000135456625
 0.000167070610
 0.000116308364
 0.000097041111
 0.000139677003
 0.000185772252
 0.000179580207
 0.000184592100
 0.000154724767
 0.000040369874
 0.000057616204
 0.000046739672
 0.000018308710
 0.000062196129
 0.000056868828
 0.000073736782
 0.000052118272
 0.000025111444
 0.000037253820
 0.000040563787
 0.000040939007
 0.000037734481
 0.000037276292
 0.000070839159
 0.000046542427
 0.000033161916
 0.000020473282
 0.000014645794
 0.000051965590
 0.000061662699
 0.000051475435
 0.000031786140
 0.000095558120
 0.000127205075
 0.000115121365
 0.000050397057
 0.000052790147
 0.000067208027
 0.000047613085
 0.000038033445
 0.000075906149
 0.000020294000
 0.000019619117
 0.000024288048
 0.000054882992
 0.000035026332
 0.000048666264
 0.000036577291
 0.000048667212
 0.000039575614
 0.000031949898
 0.000013907597
 0.000025891104
 0.000016696660
 0.000019277129
 0.000038897528
 0.000036448812
 0.000138245643
 0.000088603097
 0.000588108463
 0.000317216986
 0.000393598655
 0.000301883530
 0.000243440864
 0.000645376662
 0.000762872791
 0.000360363406
 0.000205133804
 0.000285712575
 0.000664836952
 0.000416933502
 0.000199101973
 0.000186838271
 0.000167489628
 0.000175191482
 0.000159199298
 0.000074046160
 0.000045848120
 0.000015619216
 0.000007130096
 0.000005198407
 0.000005722797
 0.000014942391
 0.000068936867
 0.000091195459
 0.000042138982
 0.000110486917
 0.000136397237
 0.000205946567
 0.000073272533
 0.000056108173
 0.000037000235
 0.000044474076
 0.000024601468
 0.000049357664
 0.000043090764
 0.000025346663
 0.000024020072
 0.000035279149
 0.000059502613
 0.000033203587
 0.000054893631
 0.000053898974
 0.000050060730
 0.000151429314
 0.000033818578
 0.000015642134
 0.000012390602
 0.000005910810
 0.000005198605
 0.000004098203
 0.000010709556
 0.000006830188
 0.000007069077
 0.000004292970
 0.000012860891
 0.000011150188
 0.000008473504
 0.000018446756
 0.000019419586
 0.000034416961
 0.000031807215
 0.000061338820
 0.000120426971
 0.000042907243
 0.000055965095
 0.000031013937
 0.000028137319
 0.000022023457
 0.000025379410
 0.000008376040
 0.000016205771
 0.000006280226
 0.000010423107
 0.000019239058
 0.000045712268
 0.000008034324
 0.000034115093
 0.000011453471
 0.000004642977
 0.000012193471
 0.000008573303
 0.000008334592
 0.000010664391
 0.000018990387
 0.000015418382
 0.000003487398
 0.000011552171
 0.000032663014
 0.000004885812
 0.000007754926
 0.000004408646
 0.000018306323
 0.000031111368
 0.000025794760
 0.000010460336
 0.000045972880
 0.000022578913
 0.000008701277
 0.000013632214
 0.000010817423
 0.000016789837
 0.000027696981
 0.000027290052
 0.000019691300
 0.000020661351
 0.000034428785
 0.000047166296
 0.000026844070
 0.000011496553
 0.000012387840
 0.000007446961
 0.000005251025
 0.000006718341
 0.000007996225
 0.000004189108
 0.000017189995
 0.000053625505
 0.000020484793
 0.000029625177
 0.000028373965
 0.000032617510
 0.000025612639
 0.000040176041
 0.000045873983
 0.000021894284
 0.000017413755
 0.000015903588
 0.000006988001
 0.000005430727
 0.000006571839
 0.000007259467
 0.000009145127
 0.000010299654
 0.000005595832
 0.000008649902
 0.000039209306
 0.000030803556
 0.000017421500
 0.000009969500
 0.000024157934
 0.000025853419
 0.000063367807
 0.000032134323
 0.000057364385
 0.000058999578
 0.000028366915
 0.000031544514
 0.000016586138
 0.000016530445
 0.000010013607
 0.000011405729
 0.000023590868
 0.000029307811
 0.000016124747
 0.000019298310
 0.000023720456
 0.000015955822
 0.000022470557
 0.000010429194
 0.000022609042
 0.000011452504
 0.000010209229
 0.000021511807
 0.000013965872
 0.000022828449
 0.000027908975
 0.000010343361
 0.000024326446
 0.000011726207
 0.000019878976
 0.000009521565
 0.000009146410
 0.000035067030
 0.000032909508
 0.000012790588
 0.000028413111
 0.000037738258
 0.000046888140
 0.000022712172
 0.000015398793
 0.000023965190
 0.000043066881
 0.000025201914
 0.000016417852
 0.000008406496
 0.000016142926
 0.000009048943
 0.000006565318
 0.000012981046
 0.000010581920
 0.000020971080
 0.000016326550
 0.000010199518
 0.000012435467
 0.000014229141
 0.000006053622
 0.000010096880
 0.000011361200
 0.000012790397
 0.000011645880
 0.000029718315
 0.000024474166
 0.000012069308
 0.000017844954
 0.000017585027
 0.000025844021
 0.000020135025
 0.000017410251
 0.000010633808
 0.000009817859
 0.000007796330
 0.000009541429
 0.000008470312
 0.000009011886
 0.000017408385
 0.000013813319
 0.000011988598
 0.000005849552
 0.000019261357
 0.000024531980
 0.000017623088
 0.000018603620
 0.000031020536
 0.000021550649
 0.000017528556
 0.000032514970
 0.000037030429
 0.000019099237
 0.000019990112
 0.000027154279
 0.000022383707
 0.000012122850
 0.000010902595
 0.000007289458
 0.000015925980
 0.000006726640
 0.000005804873
 0.000002735221
 0.000004991128
 0.000006380160
 0.000012468206
 0.000014004407
 0.000010297550
 0.000005097323
 0.000003880945
 0.000002369911
 0.000003097396
 0.000005874925
 0.000006449358
 0.000005184211
 0.000001154657
 0.000001270856
 0.000002284611
 0.000001332014
 0.000001739625
 0.000001175842
 0.000002067424
 0.000001006844
 0.000001771288
 0.000002488813
 0.000001632591
 0.000004100678
 0.000001898466
 0.000002888330
 0.000002140837
 0.000002171699
 0.000002893458
 0.000004126174
 0.000003422134
 0.000009251486
 0.000005430512
 0.000010252737
 0.000006747573
 0.000002799339
 0.000003984080
 0.000002040078
 0.000004577533
 0.000011589929
 0.000012743648
 0.000013090179
 0.000009813551
 0.000011744050
 0.000009947399
 0.000005608759
 0.000003041373
 0.000009583824
 0.000017566110
 0.000013319233
 0.000011834249
 0.000006878385
 0.000003677956
 0.000011747757
 0.000019491258
 0.000004931105
 0.000010257500
 0.000007862259
 0.000007057815
 0.000022886695
 0.000020211513
 0.000016851115
 0.000009058253
 0.000007646807
 0.000011581502
 0.000014073576
 0.000010389360
 0.000011773644
 0.000006551917
 0.000011027624
 0.000012393094
 0.000009138592
 0.000012413447
 0.000007934085
 0.000011718207
 0.000008170825
 0.000010109653
 0.000035971859
 0.000030947407
 0.000029040701
 0.000020969907
 0.000026908864
 0.000011899573
 0.000020920116
 0.000023709471
 0.000013367382
 0.000019634655
 0.000005862241
 0.000019740928
 0.000006043208
 0.000007216975
 0.000031039843
 0.000005302339
 0.000009169069
 0.000009032197
 0.000010412952
 0.000009991870
 0.000011009503
 0.000015408291
 0.000017781244
 0.000017727716
 0.000018223172
 0.000012942725
 0.000033195497
 0.000013727985
 0.000016559327
 0.000017539495
 0.000031323285
 0.000017929313
 0.000032796092
 0.000018872489
 0.000016942877
 0.000010660361
 0.000016938628
 0.000011343244
 0.000012279330
 0.000014920145
 0.000031917609
 0.000045923816
 0.000015950004
 0.000033796325
 0.000035894936
 0.000018432915
 0.000027419586
 0.000053523704
 0.000015105805
 0.000014549501
 0.000011863858
 0.000031659565
 0.000018242152
 0.000018233580
 0.000016502160
 0.000021502790
 0.000013188777
 0.000021180069
 0.000012915831
 0.000005158590
 0.000010817678
 0.000006878173
 0.000031010818
 0.000025085492
 0.000034798584
 0.000015948254
 0.000023568974
 0.000006880198
 0.000009560203
 0.000011001374
 0.000013559279
 0.000005565166
 0.000009452630
 0.000003372099
 0.000004618889
 0.000003770050
 0.000015744896
 0.000015766678
 0.000026053043
 0.000041853656
 0.000029782111
 0.000017199582
 0.000013892126
 0.000024586958
 0.000018767280
 0.000013788689
 0.000017813340
 0.000010599140
 0.000015988411
 0.000014473341
 0.000027072893
 0.000023059982
 0.000015650293
 0.000017958296
 0.000019591716
 0.000011996712
 0.000010726643
 0.000011708146
 0.000027170210
 0.000025331909
 0.000016694749
 0.000042028841
 0.000037053841
 0.000051748082
 0.000032179982
 0.000034178036
 0.000013759580
 0.000008898544
 0.000005062844
 0.000007146069
 0.000006237375
 0.000006608248
 0.000002376484
 0.000004657862
 0.000005631219
 0.000010455883
 0.000013436801
 0.000009372935
 0.000004027778
 0.000006462993
 0.000009278280
 0.000005839912
 0.000004828337
 0.000006967215
 0.000010112770
 0.000005034969
 0.000005557231
 0.000004584697
 0.000003935251
 0.000004200173
 0.000004631853
 0.000003993859
 0.000005058825
 0.000013485197
 0.000011790592
 0.000007444018
 0.000023177452
 0.000009134668
 0.000014214858
 0.000024964317
 0.000021931929
 0.000016001014
 0.000031610155
 0.000008398652
 0.000010084293
 0.000011840303
 0.000006497156
 0.000010989065
 0.000003807783
 0.000005714740
 0.000011687070
 0.000013367427
 0.000012108486
 0.000011006024
 0.000008917888
 0.000012238683
 0.000011312933
 0.000006927311
 0.000012004053
 0.000005651337
 0.000005982314
 0.000010443274
 0.000009755268
 0.000005282659
 0.000004953314
 0.000022918757
 0.000005797663
 0.000022182534
 0.000012208480
 0.000018177828
 0.000057846086
 0.000033207091
 0.000016921472
 0.000013698412
 0.000028475244
 0.000025692718
 0.000018326565
 0.000035298445
 0.000013781762
 0.000014016149
 0.000039325744
 0.000029070094
 0.000011159673
 0.000008498720
 0.000021383053
 0.000023099224
 0.000047248205
 0.000029268771
 0.000069198486
 0.000046802617
 0.000027078509
 0.000013720341
 0.000038828526
 0.000023688515
 0.000023799311
 0.000022641604
 0.000025029249
 0.000022089579
 0.000033406870
 0.000026412763
 0.000014944720
 0.000033425129
 0.000055114612
 0.000011119532
 0.000013584761
 0.000016575310
 0.000024776646
 0.000015271415
 0.000023722989
 0.000015587242
 0.000016882159
 0.000014513309
 0.000018163073
 0.000034229169
 0.000012723336
 0.000008031120
 0.000003096169
 0.000008712819
 0.000004150252
 0.000011199091
 0.000009291951
 0.000008314161
 0.000006337613
 0.000009746952
 0.000021695381
 0.000024054790
 0.000029991943
 0.000032575782
 0.000023553359
 0.000033650333
 0.000018843842
 0.000019657369
 0.000017917389
 0.000033381067
 0.000047416947
 0.000033989476
 0.000024017996
 0.000023496176
 0.000007910091
 0.000023615311
 0.000019319659
 0.000009613341
 0.000016311466
 0.000012067526
 0.000015177658
 0.000013692537
 0.000008159548
 0.000009942913
 0.000005892832
 0.000003443427
 0.000017252445
 0.000029656831
 0.000018903939
 0.000020261641
 0.000011882294
 0.000013914865
 0.000017556547
 0.000030287298
 0.000008909002
 0.000004968633
 0.000018013906
 0.000049259556
 0.000060462797
 0.000059368747
 0.000038750220
 0.000026440185
 0.000030254679
 0.000025362968
 0.000021705829
 0.000066981650
 0.000018441834
 0.000020080420
 0.000016514745
 0.000036074230
 0.000035794937
 0.000030018899
 0.000047948629
 0.000018383191
 0.000019003448
 0.000031914221
 0.000014375181
 0.000020389941
 0.000024488351
 0.000010779380
 0.000006208261
 0.000012698363
 0.000009271032
 0.000015762442
 0.000043907399
 0.000018834405
 0.000030952595
 0.000051157658
 0.000029654149
 0.000054833336
 0.000054699504
 0.000039912991
 0.000025183197
 0.000020986000
 0.000019489659
 0.000012150533
 0.000009705952
 0.000005446703
 0.000006891314
 0.000007630842
 0.000004021052
 0.000005149514
 0.000002212861
 0.000003222445
 0.000004177909
 0.000001452827
 0.000008466299
 0.000004919080
 0.000004198641
 0.000002067981
 0.000008570262
 0.000003350634
 0.000002820994
 0.000002959871
 0.000004526658
 0.000011404289
 0.000015134399
 0.000005561530
 0.000006064344
 0.000004270930
 0.000001593323
 0.000002061855
 0.000004655603
 0.000011816279
 0.000014376508
 0.000008095057
 0.000011087378
 0.000015403221
 0.000013731778
 0.000006042494
 0.000005520035
 0.000005364451
 0.000001360929
 0.000005649272
 0.000021394113
 0.000015880863
 0.000013111056
 0.000008301681
 0.000009121968
 0.000005371721
 0.000005990603
 0.000008876864
 0.000002859886
 0.000002298407
 0.000004131820
 0.000003273882
 0.000002818502
 0.000005683682
 0.000001293602
 0.000001300212
 0.000001787340
 0.000001327403
 0.000001507082
 0.000002853317
 0.000001292844
 0.000001491100
 0.000001231560
 0.000003491499
 0.000002159746
 0.000001924673
 0.000001449616
 0.000002983247
 0.000004754436
 0.000003879504
 0.000003681198
 0.000003128799
 0.000002844289
 0.000008974156
 0.000004074159
 0.000003961747
 0.000007780456
 0.000005670977
 0.000007336966
 0.000004949178
 0.000006809047
 0.000004595807
 0.000003559279
 0.000004359661
 0.000004051660
 0.000014027620
 0.000011927657
 0.000009830602
 0.000014408229
 0.000016704794
 0.000004661373
 0.000002274361
 0.000004485779
 0.000004161355
 0.000002453089
 0.000003948139
 0.000004552496
 0.000005111538
 0.000007530178
 0.000005244745
 0.000007073144
 0.000016574971
 0.000007434061
 0.000005568452
 0.000001701346
 0.000003066954
 0.000005011092
 0.000004047629
 0.000008944345
 0.000007569494
 0.000008863670
 0.000005403698
 0.000009128722
 0.000004349264
 0.000006569074
 0.000005529992
 0.000011645254
 0.000004319464
 0.000019464617
 0.000004865103
 0.000008655031
 0.000008670120
 0.000010009774
 0.000002102963
 0.000002287059
 0.000001727133
 0.000005555648
 0.000010645492
 0.000011895402
 0.000008712890
 0.000005949258
 0.000003614435
 0.000004753611
 0.000004850813
 0.000002525817
 0.000002579059
 0.000004980624
 0.000004070673
 0.000006075317
 0.000005299674
 0.000003183910
 0.000003824029
 0.000002121760
 0.000005512267
 0.000008737010
 0.000010475509
 0.000005730471
 0.000003016792
 0.000006491860
 0.000004841625
 0.000006776055
 0.000003097827
 0.000005773588
 0.000004891076
 0.000004203783
 0.000006369847
 0.000012571162
 0.000016859450
 0.000015156088
 0.000004130067
 0.000008582952
 0.000024394651
 0.000006654112
 0.000025587291
 0.000025928998
 0.000035663732
 0.000017307927
 0.000012958381
 0.000017998229
 0.000036978810
 0.000003556575
 0.000006003597
 0.000001938801
 0.000004216601
 0.000003603088
 0.000001455124
 0.000000902542
 0.000000981412
 0.000001518505
 0.000002224824
 0.000002905648
 0.000005693315
 0.000001331545
 0.000003505188
 0.000004812364
 0.000004905810
 0.000003056280
 0.000002532906
 0.000002765765
 0.000008366381
 0.000008416579
 0.000011155005
 0.000005023356
 0.000009301259
 0.000005264600
 0.000002583269
 0.000002056494
 0.000004916443
 0.000001986404
 0.000004567828
 0.000001908492
 0.000004569033
 0.000002578514
 0.000003824107
 0.000002590492
 0.000010133815
 0.000005729817
 0.000005141971
 0.000007189773
 0.000010808961
 0.000010876869
 0.000004388706
 0.000007711230
 0.000003213584
 0.000002517641
 0.000006147582
 0.000006495573
 0.000005186925
 0.000011022697
 0.000004585143
 0.000018373174
 0.000009571089
 0.000003488328
 0.000002973282
 0.000005780360
 0.000001619924
 0.000004690912
 0.000004052461
 0.000004397092
 0.000003587191
 0.000005876474
 0.000008142972
 0.000001669061
 0.000007174834
 0.000006712777
 0.000011754374
 0.000007225006
 0.000006929889
 0.000008050550
 0.000021617897
 0.000021708602
 0.000021923004
 0.000021406344
 0.000017180886
 0.000007599931
 0.000013110622
 0.000009615470
 0.000016237451
 0.000006678252
 0.000036221416
 0.000019982565
 0.000005851108
 0.000006074919
 0.000006121873
 0.000009164246
 0.000011703284
 0.000013504792
 0.000017747170
 0.000015331003
 0.000011713818
 0.000030228698
 0.000023462660
 0.000005127319
 0.000005826820
 0.000011651415
 0.000009168640
 0.000014068236
 0.000008133843
 0.000005261772
 0.000002895353
 0.000004192017
 0.000010511149
 0.000007837679
 0.000012098493
 0.000012228818
 0.000012531216
 0.000025056136
 0.000007736988
 0.000038149096
 0.000007429371
 0.000015760705
 0.000041370185
 0.000016063855
 0.000011628044
 0.000072152246
 0.000016116049
 0.000017979327
 0.000018451396
 0.000029171931
 0.000039033865
 0.000033925073
 0.000032055407
 0.000014303268
 0.000014513768
 0.000030901142
 0.000006997780
 0.000036642027
 0.000027421965
 0.000004215468
 0.000015130866
 0.000031641468
 0.000023004218
 0.000033831591
 0.000017743729
 0.000018375089
 0.000005809377
 0.000011967944
 0.000020170541
 0.000013128933
 0.000020882506
 0.000015940882
 0.000007864563
 0.000007177179
 0.000010109075
 0.000011640562
 0.000010049061
 0.000024203125
 0.000025202993
 0.000017786025
 0.000011246897
 0.000040254817
 0.000031412240
 0.000013900516
 0.000030723091
 0.000014791314
 0.000009025945
 0.000016835725
 0.000017251917
 0.000005700824
 0.000009550041
 0.000005767987
 0.000003168192
 0.000010810847
 0.000014357247
 0.000010283667
 0.000009941670
 0.000011633000
 0.000006086745
 0.000005427356
 0.000006914262
 0.000005411982
 0.000031375228
 0.000024367706
 0.000014423363
 0.000016049534
 0.000043465152
 0.000015967091
 0.000037952451
 0.000008250871
 0.000008083316
 0.000012001771
 0.000011090636
 0.000012067233
 0.000008079329
 0.000015593799
 0.000006143348
 0.000008889123
 0.000004094219
 0.000004351937
 0.000020651095
 0.000020257955
 0.000009697861
 0.000012479316
 0.000014331306
 0.000017124470
 0.000037540051
 0.000051026501
 0.000044510878
 0.000030604087
 0.000043743472
 0.000026686114
 0.000010056905
 0.000020868102
 0.000007672602
 0.000013877516
 0.000016798240
 0.000007467509
 0.000004806878
 0.000006603018
 0.000014510053
 0.000020517607
 0.000023126502
 0.000015579911
 0.000007170340
 0.000009406814
 0.000021895489
 0.000013702179
 0.000011184047
 0.000007422503
 0.000011835172
 0.000006379717
 0.000009311552
 0.000011027716
 0.000007255962
 0.000017665835
 0.000012616277
 0.000003188706
 0.000003688141
 0.000004625582
 0.000004783258
 0.000005985256
 0.000005879110
 0.000011348691
 0.000015874132
 0.000008576401
 0.000009390384
 0.000016256943
 0.000008164997
 0.000009281874
 0.000010820809
 0.000008801959
 0.000009441243
 0.000018976735
 0.000006360389
 0.000011767821
 0.000009011091
 0.000010861258
 0.000008950947
 0.000003716886
 0.000003978279
 0.000007650215
 0.000004436448
 0.000002595279
 0.000003176286
 0.000002767457
 0.000002699753
 0.000002303588
 0.000003663573
 0.000005094770
 0.000002552037
 0.000002757477
 0.000003922899
 0.000001896527
 0.000002709177
 0.000004896450
 0.000003915063
 0.000004727271
 0.000003330710
 0.000003626215
 0.000001968689
 0.000001651972
 0.000001110233
 0.000002085905
 0.000002647400
 0.000001860274
 0.000001472486
 0.000001676141
 0.000001353304
 0.000001337181
 0.000001336519
 0.000001860511
 0.000001789623
 0.000003772048
 0.000001182636
 0.000003547483
 0.000003253422
 0.000000794973
 0.000001345155
 0.000002081387
 0.000000973820
 0.000002079644
 0.000001428340
 0.000001336758
 0.000001000081
 0.000001008519
 0.000002967556
 0.000001430737
 0.000002804910
 0.000002031549
 0.000002971976
 0.000001750808
 0.000002358005
 0.000002324453
 0.000004630814
 0.000001266880
 0.000002785101
 0.000003472870
 0.000003256253
 0.000001952230
 0.000000907284
 0.000001270500
 0.000000879657
 0.000001323759
 0.000001145897
 0.000000683850
 0.000000805907
 0.000000476031
 0.000000565715
 0.000000745857
 0.000000382002
 0.000000425011
 0.000000807553
 0.000001426403
 0.000002542152
 0.000001184911
 0.000000707475
 0.000000711017
 0.000000781102
 0.000000929174
 0.000001131650
 0.000001184869
 0.000001015321
 0.000000365760
 0.000000441236
 0.000000355995
 0.000000271834
 0.000000278959
 0.000000416423
 0.000000848820
 0.000000469271
 0.000000221471
 0.000000164818
 0.000000152453
 0.000000184463
 0.000000221892
 0.000000251209
 0.000000246741
 0.000000311899
 0.000000199039
 0.000000259857
 0.000000288253
 0.000000258721
 0.000000343824
 0.000000226946
 0.000000242366
 0.000000145956
 0.000000224809
 0.000000297424
 0.000000110057
 0.000000161703
 0.000000320616
 0.000000182387
 0.000000439024
 0.000001461205
 0.000000316537
 0.000000432247
 0.000000371253
 0.000000815977
 0.000000592126
 0.000000666148
 0.000000335854
 0.000000624025
 0.000000682874
 0.000000539447
 0.000000931966
 0.000001229412
 0.000000321158
 0.000000443275
 0.000000603197
 0.000000164183
 0.000000238650
 0.000000371898
 0.000000549397
 0.000000244509
 0.000000362840
 0.000000657496
 0.000000491220
 0.000000409897
 0.000000295622
 0.000000832826
 0.000000970603
 0.000002084192
 0.000001745820
 0.000000978750
 0.000001786815
 0.000002184770
 0.000001106905
 0.000001070955
 0.000000288384
 0.000000678357
 0.000001356185
 0.000003138310
 0.000004047157
 0.000004344014
 0.000017321001
 0.000002407537
 0.000000650800
 0.000004167600
 0.000006283700
 0.000010946594
 0.000004275518
 0.000002592299
 0.000002522767
 0.000001139828
 0.000001212036
 0.000001381429
 0.000001941730
 0.000002868110
 0.000005324085
 0.000001953408
 0.000003455135
 0.000002405059
 0.000002564454
 0.000006040567
 0.000005477729
 0.000002815809
 0.000010389992
 0.000003095596
 0.000002361603
 0.000008218344
 0.000003702266
 0.000006405048
 0.000005531542
 0.000004357515
 0.000001062937
 0.000001379403
 0.000001249602
 0.000004031678
 0.000002427575
 0.000001061403
 0.000001516139
 0.000003810023
 0.000003925007
 0.000004895172
 0.000016975472
 0.000011367841
 0.000006481841
 0.000009794249
 0.000010601179
 0.000005468479
 0.000007891406
 0.000006431608
 0.000004418713
 0.000008912820
 0.000002176940
 0.000003004226
 0.000002977628
 0.000004929471
 0.000001665836
 0.000002651545
 0.000002305057
 0.000003906462
 0.000004321911
 0.000009059829
 0.000007732145
 0.000007562072
 0.000011174346
 0.000003739564
 0.000017093846
 0.000025072805
 0.000028647585
 0.000015576048
 0.000012416373
 0.000014189243
 0.000051771213
 0.000015340540
 0.000027856607
 0.000029396216
 0.000051692319
 0.000028968022
 0.000025499201
 0.000035369247
 0.000023419613
 0.000048556341
 0.000019818676
 0.000043578092
 0.000132414562
 0.000038099679
 0.000049475194
 0.000040136260
 0.000101394415
 0.000122619879
 0.000132908709
 0.000061301885
 0.000021887415
 0.000009250445
 0.000004296420
 0.000059896518
 0.000031824863
 0.000083374299
 0.000022116500
 0.000040197255
 0.000053260594
 0.000026880600
 0.000031089243
 0.000063259222
 0.000074255520
 0.000042198222
 0.000029092339
 0.000008366085
 0.000020747331
 0.000010406715
 0.000039436842
 0.000046538003
 0.000017315620
 0.000009950722
 0.000036101066
 0.000016408313
 0.000032282380
 0.000027969760
 0.000011786591
 0.000006936856
 0.000025397723
 0.000016342245
 0.000028917758
 0.000016328814
 0.000015855866
 0.000022387439
 0.000008507679
 0.000028232699
 0.000038190526
 0.000024349446
 0.000031285655
 0.000023779759
 0.000054290782
 0.000067487194
 0.000037425110
 0.000051827822
 0.000179866699
 0.000076718498
 0.000033314888
 0.000066031023
 0.000103527612
 0.000110274300
 0.000047837208
 0.000037478690
 0.000055584978
 0.000063499654
 0.000096645143
 0.000042538322
 0.000119867275
 0.000128272069
 0.000070059521
 0.000065725797
 0.000019157889
 0.000028212893
 0.000034612923
 0.000021653010
 0.000024171250
 0.000067308335
 0.000040661397
 0.000006175112
 0.000014697231
 0.000021571197
 0.000015227208
 0.000032399031
 0.000023960966
 0.000008030182
 0.000018022754
 0.000012667926
 0.000015266408
 0.000021553366
 0.000019500088
 0.000021086641
 0.000030829649
 0.000015562073
 0.000121554049
 0.000056822000
 0.000017791226
 0.000018623749
 0.000040806378
 0.000046408244
 0.000013963375
 0.000022675706
 0.000017927580
 0.000066983982
 0.000010903282
 0.000021918324
 0.000017321675
 0.000028080431
 0.000044566974
 0.000074562431
 0.000092292624
 0.000028270270
 0.000110754846
 0.000209718487
 0.000060724880
 0.000029193518
 0.000028850643
 0.000070962450
 0.000052701743
 0.000046544993
 0.000042792431
 0.000050804736
 0.000022405979
 0.000030873713
 0.000038777809
 0.000023516995
 0.000042510852
 0.000056476243
 0.000035636068
 0.000020440070
 0.000101197888
 0.000219170696
 0.000101467948
 0.000063967617
 0.000066081597
 0.000044988303
 0.000078332864
 0.000039632730
 0.000020442141
 0.000089478396
 0.000032308171
 0.000338640222
 0.000072700468
 0.000108237223
 0.000078352790
 0.000189138177
 0.000087762855
 0.000061134178
 0.000250277003
 0.000036134008
 0.000058328400
 0.000066177939
 0.000038873291
 0.000084785105
 0.000032282267
 0.000041856145
 0.000052537263
 0.000058810825
 0.000087938239
 0.000068248780
 0.000045187537
 0.000034112047
 0.000052974888
 0.000076438569
 0.000141512114
 0.000052765767
 0.000137252027
 0.000058668891
 0.000098669701
 0.000024203051
 0.000074859899
 0.000016019244
 0.000008151720
 0.000023789064
 0.000014503878
 0.000049906031
 0.000037928098
 0.000016024228
 0.000016118755
 0.000049460335
 0.000072239563
 0.000015219160
 0.000022196256
 0.000019927250
 0.000023571921
 0.000020915106
 0.000011781582
 0.000020040668
 0.000032144392
 0.000027171394
 0.000075324420
 0.000066451187
 0.000029994367
 0.000038496379
 0.000016647316
 0.000036502442
 0.000029815572
 0.000028168050
 0.000021502097
 0.000060476637
 0.000051452807
 0.000090753006
 0.000039369941
 0.000064533597
 0.000067702658
 0.000101799429
 0.000072306758
 0.000066654587
 0.000132818084
 0.000070943849
 0.000116812631
 0.000101137337
 0.000034412508
 0.000050701707
 0.000060410019
 0.000067560497
 0.000109416083
 0.000093714247
 0.000044617296
 0.000119352034
 0.000046507977
 0.000134592012
 0.000092184796
 0.000029522033
 0.000118343084
 0.000220309648
 0.000205753261
 0.000310187437
 0.000426330509
 0.000118647566
 0.000167660840
 0.000631128562
 0.000451327630
 0.000741841493
 0.000408265750
 0.000262360468
 0.000266994073
 0.000512041426
 0.000448095398
 0.000145233701
 0.000175179574
 0.000223488496
 0.000167710897
 0.000145924089
 0.000253578640
 0.000306286845
 0.000159724368
 0.000156765742
 0.000051691960
 0.000044808371
 0.000092614803
 0.000029200577
 0.000046981256
 0.000056102412
 0.000018045703
 0.000058699116
 0.000067492146
 0.000053621289
 0.000122456480
 0.000195227820
 0.000061215037
 0.000059004435
 0.000041331965
 0.000035348262
 0.000050331986
 0.000091099163
 0.000047586815
 0.000026783945
 0.000010327666
 0.000024476280
 0.000033863691
 0.000048472463
 0.000045845923
 0.000126375973
 0.000160534903
 0.000117224425
 0.000086019469
 0.000152643670
 0.000124466178
 0.000137255042
 0.000574541773
 0.000132251070
 0.000236155466
 0.000296640380
 0.000154320544
 0.000106736412
 0.000236710415
 0.000366255909
 0.000128075300
 0.000200989575
 0.000142307772
 0.000117333226
 0.000125915640
 0.000088062761
 0.000043294343
 0.000065487055
 0.000047905079
 0.000055810200
 0.000050904220
 0.000024131278
 0.000096745938
 0.000142734475
 0.000049783298
 0.000032087012
 0.000015995774
 0.000069507785
 0.000022236031
 0.000008946175
 0.000010317703
 0.000015072148
 0.000022494647
 0.000030503162
 0.000034798539
 0.000032845323
 0.000041547823
 0.000014944347
 0.000023044639
 0.000015454169
 0.000005517591
 0.000032930371
 0.000034444461
 0.000062303760
 0.000030328639
 0.000028273559
 0.000019974393
 0.000039130122
 0.000068395249
 0.000057952182
 0.000034789426
 0.000016112051
 0.000034161418
 0.000033755834
 0.000062685896
 0.000132110368
 0.000069149406
 0.000032678732
 0.000032371552
 0.000026639041
 0.000060277406
 0.000090846693
 0.000030802941
 0.000037349232
 0.000041664802
 0.000030912823
 0.000014087424
 0.000032571707
 0.000025740624
 0.000038515479
 0.000028938895
 0.000030402638
 0.000033264917
 0.000016968435
 0.000035300107
 0.000022198121
 0.000042364325
 0.000015203670
 0.000028138133
 0.000112743216
 0.000070864907
 0.000050720029
 0.000043156864
 0.000026704134
 0.000032461509
 0.000018920864
 0.000012104919
 0.000018255705
 0.000028466050
 0.000018153451
 0.000011213658
 0.000041222681
 0.000030520573
 0.000029866405
 0.000045761836
 0.000019024305
 0.000013852928
 0.000021672375
 0.000022245397
 0.000012464876
 0.000017969834
 0.000024312043
 0.000024950598
 0.000038793916
 0.000019412877
 0.000029059640
 0.000014466899
 0.000023637242
 0.000014099820
 0.000016328854
 0.000017664704
 0.000057271447
 0.000061123214
 0.000039945674
 0.000077792407
 0.000052394280
 0.000053857701
 0.000048022695
 0.000039222015
 0.000074593959
 0.000052709887
 0.000033217137
 0.000017312820
 0.000019018953
 0.000020647580
 0.000022466165
 0.000003215336
 0.000025111839
 0.000025576025
 0.000044647944
 0.000041432889
 0.000013604662
 0.000036684686
 0.000015140334
 0.000005913190
 0.000017278926
 0.000006025581
 0.000004723396
 0.000027752150
 0.000025044336
 0.000030170926
 0.000033980205
 0.000023485863
 0.000026261582
 0.000023775417
 0.000023942621
 0.000018611532
 0.000046388896
 0.000014096345
 0.000007864463
 0.000037092477
 0.000046452101
 0.000016663375
 0.000012735801
 0.000028402549
 0.000043054084
 0.000021011163
 0.000070620380
 0.000051520240
 0.000029601189
 0.000036780841
 0.000032731340
 0.000032141367
 0.000020388757
 0.000016322429
 0.000012327224
 0.000030485272
 0.000023036963
 0.000018130151
 0.000007192029
 0.000011441400
 0.000042051250
 0.000071626396
 0.000032577508
 0.000025045223
 0.000052621494
 0.000024682391
 0.000014553044
 0.000015708751
 0.000019971659
 0.000042067354
 0.000069873366
 0.000094000491
 0.000069148242
 0.000098427053
 0.000055410642
 0.000047156656
 0.000011032717
 0.000020575722
 0.000048115288
 0.000024602848
 0.000013711248
 0.000017693212
 0.000032298198
 0.000019321132
 0.000018847192
 0.000030733430
 0.000016245642
 0.000023892407
 0.000045895670
 0.000075321614
 0.000025089159
 0.000028997343
 0.000011911291
 0.000012454798
 0.000031788917
 0.000012750672
 0.000007673767
 0.000014165529
 0.000004855669
 0.000006330268
 0.000010276438
 0.000006732988
 0.000010276775
 0.000010691699
 0.000027198757
 0.000009731677
 0.000030885533
 0.000063358914
 0.000134427899
 0.000048029120
 0.000060096100
 0.000032685394
 0.000024176792
 0.000048336468
 0.000035601550
 0.000039603171
 0.000012818891
 0.000011818311
 0.000031057081
 0.000025574616
 0.000004645965
 0.000008685906
 0.000005568094
 0.000009537103
 0.000030357804
 0.000015062144
 0.000027191532
 0.000037980075
 0.000026907786
 0.000011616618
 0.000016679779
 0.000027712895
 0.000025521053
 0.000018173183
 0.000036247457
 0.000016832136
 0.000014150994
 0.000033242777
 0.000018406013
 0.000019657573
 0.000043390931
 0.000023259805
 0.000028168688
 0.000004982555
 0.000017318903
 0.000038484970
 0.000006905947
 0.000019618034
 0.000012225006
 0.000016439392
 0.000008245391
 0.000009865863
 0.000013883584
 0.000007590261
 0.000034068083
 0.000054219539
 0.000078020146
 0.000063505376
 0.000031708676
 0.000011836815
 0.000023011771
 0.000012790942
 0.000018255498
 0.000011032063
 0.000016901010
 0.000014846615
 0.000039273498
 0.000008731785
 0.000014824035
 0.000005973573
 0.000011359676
 0.000014289128
 0.000013988742
 0.000028938160
 0.000025769783
 0.000042390191
 0.000006572758
 0.000021908473
 0.000011103084
 0.000011205211
 0.000023002327
 0.000010674903
 0.000022906547
 0.000078078025
 0.000049967105
 0.000014703240
 0.000017504369
 0.000003532255
 0.000007501570
 0.000006358344
 0.000011018681
 0.000012268446
 0.000007351551
 0.000003164077
 0.000004596785
 0.000005636850
 0.000004109179
 0.000002915488
 0.000009084236
 0.000016624529
 0.000006437595
 0.000005823498
 0.000003578311
 0.000008449517
 0.000007446941
 0.000007308842
 0.000003554417
 0.000020255789
 0.000022008876
 0.000025869845
 0.000024101680
 0.000018346463
 0.000008315311
 0.000020495766
 0.000018400637
 0.000029522538
 0.000022272535
 0.000013539000
 0.000010957735
 0.000012460519
 0.000032171720
 0.000010656546
 0.000009244771
 0.000010407045
 0.000018761407
 0.000019323508
 0.000027478470
 0.000038538689
 0.000014788672
 0.000022343876
 0.000014188979
 0.000024440497
 0.000015898107
 0.000014275824
 0.000009646706
 0.000005567542
 0.000005585646
 0.000006746547
 0.000018475669
 0.000035375629
 0.000095742743
 0.000116551760
 0.000061068664
 0.000039430670
 0.000024101914
 0.000073854539
 0.000043842627
 0.000045264439
 0.000048018445
 0.000034583462
 0.000045611959
 0.000028092371
 0.000016857394
 0.000031696191
 0.000030715640
 0.000080020197
 0.000094349051
 0.000074951424
 0.000038031964
 0.000047616876
 0.000033541601
 0.000041166981
 0.000093879181
 0.000059493399
 0.000017907014
 0.000026414048
 0.000051807700
 0.000040822676
 0.000062450973
 0.000094288856
 0.000035334922
 0.000042462318
 0.000013907566
 0.000018555423
 0.000024221628
 0.000021005023
 0.000039798840
 0.000034409157
 0.000011793475
 0.000015159149
 0.000015149086
 0.000014010380
 0.000022132033
 0.000039590131
 0.000031014712
 0.000041264114
 0.000015581370
 0.000029311423
 0.000013892667
 0.000032035891
 0.000033765646
 0.000037559624
 0.000051765477
 0.000032310824
 0.000039999013
 0.000021618412
 0.000015063220
 0.000049588683
 0.000099454135
 0.000074935823
 0.000013194669
 0.000020579422
 0.000019328322
 0.000038319315
 0.000038849088
 0.000090967785
 0.000064327930
 0.000059537421
 0.000042569283
 0.000020409474
 0.000024411448
 0.000013894266
 0.000017550222
 0.000013239080
 0.000007329144
 0.000016440764
 0.000012785346
 0.000090863133
 0.000035354341
 0.000043731211
 0.000036615671
 0.000037247568
 0.000066572939
 0.000077562396
 0.000056460782
 0.000037619674
 0.000067073052
 0.000058890385
 0.000072480717
 0.000076044745
 0.000026639493
 0.000010634329
 0.000026024190
 0.000060082677
 0.000053577380
 0.000060890747
 0.000034516838
 0.000031211673
 0.000059114972
 0.000194692077
 0.000132105212
 0.000056976822
 0.000041322028
 0.000021214118
 0.000030993052
 0.000035299773
 0.000116876264
 0.000129132897
 0.000052682528
 0.000084393024
 0.000095805412
 0.000084301377
 0.000132893960
 0.000317749195
 0.000045550069
 0.000055161685
 0.000043939535
 0.000023426044
 0.000068093825
 0.000102168329
 0.000036853951
 0.000028848112
 0.000049555808
 0.000027598650
 0.000064300165
 0.000093386130
 0.000109913094
 0.000068327566
 0.000023078781
 0.000106410640
 0.000101334442
 0.000144285355
 0.000044832535
 0.000014418588
 0.000010907553
 0.000009726544
 0.000012664380
 0.000015728135
 0.000012308809
 0.000007917702
 0.000008109005
 0.000015506006
 0.000028026155
 0.000010747989
 0.000035004660
 0.000025537352
 0.000010074321
 0.000032158023
 0.000035172209
 0.000065879825
 0.000081480193
 0.000116065650
 0.000094851762
 0.000106122937
 0.000180860726
 0.000061032605
 0.000059251203
 0.000084028845
 0.000080181850
 0.000030571290
 0.000115496619
 0.000051523386
 0.000028458767
 0.000055484701
 0.000077380743
 0.000076173451
 0.000072390400
 0.000119738519
 0.000042548527
 0.000019636487
 0.000020818559
 0.000075483976
 0.000153708702
 0.000131437492
 0.000058302516
 0.000026882021
 0.000058668324
 0.000088940512
 0.000255058903
 0.000439979396
 0.000266637528
 0.000424833485
 0.000206040707
 0.000349423227
 0.000059906716
 0.000068503878
 0.000014850355
 0.000047291053
 0.000095658237
 0.000221879647
 0.000050956181
 0.000040031960
 0.000052503481
 0.000126369893
 0.000061529230
 0.000055472778
 0.000079572697
 0.000082733706
 0.000080330790
 0.000037331500
 0.000053369794
 0.000035699551
 0.000034331831
 0.000024373410
 0.000073092094
 0.000053213040
 0.000052636418
 0.000084795846
 0.000142245213
 0.000087516006
 0.000082338545
 0.000031527138
 0.000062822619
 0.000059104933
 0.000080505221
 0.000062377076
 0.000077046714
 0.000082487610
 0.000074865803
 0.000035845949
 0.000056907951
 0.000052480468
 0.000096423246
 0.000136682319
 0.000058533244
 0.000037959596
 0.000038485281
 0.000043454818
 0.000057763910
 0.000120277098
 0.000057796857
 0.000086525721
 0.000069858457
 0.000061438962
 0.000031698948
 0.000024490306
 0.000034695873
 0.000043492859
 0.000073538539
 0.000100721592
 0.000038194319
 0.000039030745
 0.000031149678
 0.000053737551
 0.000039287377
 0.000086847817
 0.000153014858
 0.000054716391
 0.000118279499
 0.000118286284
 0.000089193829
 0.000052959540
 0.000095467380
 0.000090710739
 0.000113771743
 0.000060149758
 0.000054875847
 0.000037255162
 0.000088051332
 0.000089275676
 0.000036871067
 0.000046997749
 0.000080413142
 0.000080789199
 0.000067306390
 0.000024360390
 0.000054845652
 0.000016610547
 0.000051629535
 0.000050568259
 0.000025931625
 0.000043914878
 0.000122754557
 0.000114855407
 0.000201640998
 0.000092440112
 0.000107631050
 0.000103177277
 0.000080014502
 0.000065264048
 0.000050497664
 0.000046881263
 0.000062675574
 0.000038855015
 0.000076336834
 0.000065949709
 0.000039907803
 0.000031713054
 0.000021076746
 0.000022866542
 0.000026642092
 0.000054588770
 0.000102758878
 0.000076523313
 0.000065120575
 0.000096094237
 0.000085608505
 0.000051443237
 0.000094814143
 0.000049243332
 0.000054635792
 0.000038197488
 0.000089920887
 0.000173448541
 0.000158506453
 0.000067760118
 0.000072626880
 0.000115644049
 0.000045830408
 0.000055870718
 0.000180990617
 0.000259586013
 0.000132074170
 0.000053156536
 0.000102012063
 0.000118482307
 0.000303263660
 0.000180611105
 0.000281072674
 0.000242149225
 0.000171318430
 0.000100794908
 0.000081764126
 0.000150155089
 0.000075633494
 0.000060259444
 0.000028887401
 0.000026956521
 0.000025878168
 0.000020973494
 0.000028095547
 0.000092801105
 0.000046764911
 0.000118406328
 0.000116716530
 0.000230136976
 0.000083021142
 0.000029524677
 0.000021651904
 0.000016247094
 0.000019208721
 0.000054034344
 0.000063305495
 0.000041449870
 0.000032236283
 0.000017942521
 0.000016079842
 0.000035789969
 0.000016718201
 0.000020230458
 0.000105755198
 0.000100163045
 0.000105483477
 0.000054537268
 0.000028961780
 0.000071540960
 0.000117106480
 0.000051575834
 0.000055550064
 0.000037165328
 0.000074047505
 0.000068111392
 0.000075814289
 0.000063291081
 0.000059390414
 0.000012414426
 0.000011842640
 0.000028971814
 0.000082738366
 0.000022900692
 0.000054475062
 0.000040174874
 0.000081816342
 0.000095392170
 0.000129051214
 0.000056630330
 0.000049957653
 0.000025788036
 0.000025894595
 0.000052859550
 0.000033151374
 0.000016746601
 0.000026144918
 0.000013958365
 0.000014484849
 0.000056249295
 0.000045838470
 0.000029041462
 0.000026916929
 0.000025661160
 0.000028165138
 0.000026711619
 0.000050881472
 0.000047339949
 0.000038639017
 0.000035300285
 0.000017470899
 0.000037739657
 0.000030872392
 0.000074999711
 0.000113401408
 0.000080359666
 0.000057540868
 0.000021245271
 0.000042219151
 0.000060815790
 0.000026883646
 0.000068563169
 0.000050242668
 0.000030256710
 0.000049896124
 0.000044938457
 0.000033972959
 0.000031494952
 0.000022090749
 0.000086977308
 0.000042624524
 0.000040947060
 0.000020764965
 0.000030839386
 0.000034267376
 0.000012185227
 0.000007250335
 0.000005124031
 0.000008318921
 0.000014304272
 0.000015834239
 0.000007281988
 0.000016997581
 0.000012280283
 0.000015425832
 0.000018033033
 0.000023090277
 0.000025840382
 0.000040007870
 0.000054236483
 0.000058543736
 0.000044309816
 0.000072908205
 0.000029661623
 0.000023616156
 0.000022231807
 0.000015196396
 0.000033035441
 0.000024617075
 0.000042358702
 0.000051862458
 0.000038982362
 0.000052876312
 0.000057709975
 0.000036481401
 0.000018136749
 0.000030244689
 0.000022575980
 0.000011332384
 0.000006029186
 0.000007846139
 0.000032815687
 0.000019403581
 0.000027978674
 0.000074646958
 0.000190938415
 0.000166356102
 0.000172305754
 0.000295191594
 0.000297313518
 0.000062115729
 0.000091904946
 0.000137995232
 0.000258611069
 0.000115715547
 0.000154366159
 0.000139107553
 0.000060881738
 0.000011568635
 0.000022340244
 0.000018332485
 0.000057721998
 0.000063050884
 0.000034673481
 0.000035361369
 0.000080186563
 0.000029387088
 0.000013918091
 0.000023437282
 0.000020591172
 0.000027340922
 0.000099564007
 0.000042229202
 0.000021856734
 0.000086020011
 0.000037277189
 0.000016237928
 0.000023457544
 0.000043052156
 0.000030715034
 0.000018097910
 0.000041447572
 0.000021717979
 0.000007450781
 0.000012707141
 0.000061022875
 0.000040436276
 0.000015776467
 0.000010025702
 0.000031368441
 0.000036217145
 0.000034584039
 0.000067776508
 0.000030043133
 0.000012379274
 0.000006849509
 0.000028843795
 0.000019700500
 0.000025469732
 0.000019211755
 0.000035004155
 0.000025325951
 0.000051270589
 0.000034350653
 0.000018953560
 0.000021043336
 0.000029289561
 0.000030567405
 0.000023459489
 0.000024137660
 0.000020718910
 0.000020150350
 0.000027051939
 0.000013738663
 0.000021730240
 0.000065197795
 0.000011502136
 0.000027695534
 0.000086217284
 0.000046718390
 0.000023132508
 0.000036254091
 0.000055576311
 0.000035105009
 0.000054402951
 0.000128890381
 0.000085560363
 0.000100462904
 0.000070500551
 0.000067175568
 0.000048453081
 0.000016461937
 0.000015592091
 0.000008836960
 0.000008573707
 0.000002561194
 0.000006647537
 0.000006478907
 0.000008600225
 0.000006302244
 0.000003842725
 0.000002703102
 0.000002819901
 0.000003516670
 0.000006107761
 0.000002637448
 0.000004544324
 0.000003215448
 0.000006637944
 0.000008386993
 0.000008518731
 0.000007332053
 0.000012777149
 0.000004250182
 0.000004487332
 0.000003617160
 0.000005387099
 0.000009329080
 0.000005672624
 0.000026237555
 0.000019925518
 0.000041570138
 0.000022804745
 0.000021173436
 0.000022055547
 0.000043110803
 0.000008678772
 0.000008776051
 0.000007324554
 0.000003018578
 0.000005164233
 0.000002431851
 0.000004930278
 0.000007744662
 0.000009985955
 0.000020682629
 0.000019819912
 0.000018171023
 0.000008472489
 0.000008335311
 0.000005582527
 0.000015699318
 0.000024642371
 0.000007157095
 0.000031948623
 0.000021729867
 0.000006464037
 0.000012959601
 0.000007173626
 0.000005879571
 0.000003350159
 0.000010564142
 0.000016381152
 0.000008323829
 0.000021963394
 0.000014061983
 0.000006360588
 0.000003764629
 0.000008123625
 0.000007460237
 0.000009030403
 0.000003896209
 0.000004979301
 0.000006194536
 0.000005933359
 0.000007030259
 0.000005263893
 0.000005439572
 0.000006775784
 0.000003328066
 0.000011499539
 0.000010297218
 0.000009188487
 0.000022884738
 0.000019593274
 0.000034912538
 0.000013448179
 0.000009639055
 0.000005861500
 0.000002578812
 0.000006907445
 0.000012485525
 0.000006256317
 0.000008049666
 0.000009636243
 0.000008980646
 0.000015532957
 0.000006203122
 0.000016080117
 0.000007231892
 0.000006393004
 0.000006887581
 0.000010301241
 0.000008313162
 0.000027467560
 0.000034787293
 0.000018147078
 0.000024486054
 0.000030116895
 0.000031882643
 0.000028610062
 0.000038661409
 0.000052905918
 0.000050924745
 0.000069708959
 0.000026701663
 0.000047157759
 0.000145247151
 0.000233298759
 0.000060111511
 0.000059260770
 0.000021977037
 0.000023754891
 0.000028043606
 0.000017601596
 0.000030256144
 0.000056649651
 0.000034279551
 0.000076734081
 0.000107679281
 0.000152936173
 0.000318437432
 0.000193595654
 0.000255280497
 0.000098065640
 0.000048017962
 0.000027976037
 0.000021390794
 0.000018109775
 0.000019298690
 0.000004650109
 0.000008955695
 0.000021152019
 0.000011657637
 0.000013639241
 0.000008067398
 0.000013768878
 0.000002556263
 0.000005165680
 0.000001878092
 0.000008840305
 0.000018592081
 0.000007883419
 0.000014243576
 0.000016734672
 0.000032840608
 0.000016476776
 0.000013605465
 0.000045305959
 0.000028375932
 0.000021631659
 0.000018252212
 0.000041885442
 0.000047621032
 0.000051141127
 0.000044627018
 0.000047392589
 0.000024025051
 0.000044829930
 0.000037640477
 0.000066877190
 0.000018120668
 0.000012707562
 0.000008284275
 0.000005220086
 0.000007499644
 0.000003406467
 0.000014625428
 0.000011157769
 0.000023800482
 0.000016649987
 0.000018749857
 0.000029878327
 0.000013628427
 0.000041481272
 0.000014177979
 0.000041752974
 0.000069768318
 0.000023721697
 0.000043362092
 0.000095345697
 0.000049332007
 0.000034717858
 0.000025078846
 0.000037719104
 0.000012912951
 0.000025427641
 0.000021772953
 0.000019232480
 0.000017749726
 0.000023244601
 0.000024063357
 0.000019779199
 0.000020136577
 0.000029690077
 0.000035449396
 0.000019485619
 0.000009380939
 0.000020247852
 0.000008299150
 0.000019711527
 0.000040981011
 0.000029257418
 0.000036343835
 0.000075151656
 0.000031728777
 0.000041479090
 0.000058766937
 0.000037109333
 0.000077108427
 0.000071057808
 0.000054150530
 0.000040992014
 0.000038218678
 0.000027967855
 0.000032120690
 0.000040943556
 0.000054177538
 0.000132409178
 0.000066164998
 0.000063918693
 0.000075583345
 0.000037204286
 0.000047709384
 0.000022657786
 0.000036491687
 0.000019238322
 0.000030303116
 0.000022174431
 0.000023135169
 0.000014511365
 0.000021706570
 0.000020755438
 0.000015606844
 0.000027576658
 0.000014123156
 0.000018029248
 0.000017643442
 0.000025540025
 0.000033760581
 0.000033565019
 0.000019481694
 0.000050360012
 0.000107545236
 0.000027731363
 0.000056288454
 0.000034174712
 0.000026213411
 0.000020999643
 0.000029282956
 0.000037559014
 0.000029247917
 0.000026213543
 0.000033449138
 0.000018477140
 0.000012917320
 0.000029261627
 0.000012410347
 0.000022630733
 0.000010860068
 0.000015307848
 0.000016700197
 0.000010332289
 0.000026471019
 0.000026489484
 0.000039864959
 0.000029297399
 0.000041840630
 0.000011953435
 0.000029760835
 0.000013167466
 0.000015768905
 0.000026300287
 0.000021939241
 0.000023219008
 0.000023747536
 0.000025574775
 0.000038682996
 0.000026917073
 0.000045048625
 0.000078742561
 0.000115675451
 0.000040148729
 0.000065211688
 0.000064196061
 0.000057865209
 0.000029171231
 0.000035212005
 0.000051943498
 0.000026772150
 0.000023288698
 0.000075208589
 0.000064513819
 0.000043527696
 0.000066997091
 0.000035766126
 0.000035998442
 0.000027850831
 0.000025560477
 0.000040956595
 0.000041533751
 0.000048209083
 0.000011054629
 0.000030830885
 0.000030663302
 0.000035519894
 0.000006723228
 0.000012279560
 0.000023392653
 0.000036636322
 0.000029495693
 0.000017438783
 0.000034535595
 0.000035711505
 0.000032143512
 0.000037161793
 0.000023502995
 0.000023676939
 0.000020773550
 0.000017019056
 0.000028859778
 0.000044514684
 0.000053714102
 0.000017464951
 0.000028556659
 0.000012851006
 0.000027123341
 0.000015393694
 0.000009196381
 0.000012319427
 0.000013832084
 0.000014347132
 0.000014204158
 0.000008000408
 0.000009507135
 0.000006812471
 0.000009051279
 0.000008528449
 0.000007600723
 0.000005526473
 0.000011759585
 0.000015435347
 0.000017174213
 0.000010484420
 0.000013159134
 0.000006841780
 0.000015225332
 0.000017982800
 0.000029685969
 0.000043411105
 0.000020355821
 0.000018927897
 0.000026399954
 0.000026184773
 0.000015186673
 0.000023110484
 0.000015393899
 0.000009088963
 0.000005363571
 0.000006131090
 0.000020191020
 0.000016909537
 0.000010117711
 0.000018127335
 0.000016614976
 0.000011841387
 0.000016793015
 0.000107656356
 0.000043219116
 0.000073363787
 0.000026506702
 0.000024133834
 0.000028191730
 0.000026413316
 0.000064027049
 0.000073088312
 0.000034235733
 0.000017604124
 0.000014694459
 0.000023530729
 0.000019083185
 0.000019945763
 0.000033175534
 0.000054967106
 0.000020690197
 0.000020854578
 0.000048062565
 0.000036959177
 0.000042736891
 0.000071082807
 0.000018610027
 0.000015552303
 0.000025296187
 0.000028666321
 0.000025755917
 0.000043374135
 0.000021584828
 0.000021296918
 0.000047794230
 0.000037473761
 0.000065479400
 0.000048221445
 0.000077558161
 0.000092210137
 0.000045313414
 0.000031966922
 0.000024930836
 0.000031357518
 0.000067360650
 0.000043081500
 0.000041465828
 0.000072986492
 0.000046768003
 0.000089586351
 0.000090817869
 0.000039019378
 0.000019462428
 0.000060461063
 0.000057302733
 0.000034884763
 0.000029430831
 0.000030596333
 0.000017860311
 0.000010482595
 0.000015727561
 0.000014827572
 0.000018899386
 0.000067069398
 0.000027319841
 0.000029447534
 0.000045758568
 0.000035223378
 0.000052233659
 0.000031412298
 0.000072160827
 0.000120148743
 0.000117398683
 0.000042344151
 0.000035805090
 0.000060436412
 0.000036521252
 0.000082879017
 0.000029016134
 0.000270086762
 0.000112226603
 0.000043654145
 0.000004336356
 0.000039531058
 0.000009363539
 0.000026095061
 0.000022321270
 0.000001899681
 0.000003533431
 0.000004983319
 0.000008595925
 0.000005106235
 0.000006686903
 0.000009935277
 0.000013402291
 0.000029575983
 0.000047683970
 0.000060391889
 0.000031420840
 0.000057072408
 0.000048193492
 0.000059085589
 0.000100954066
 0.000071887732
 0.000029589362
 0.000027966071
 0.000028772715
 0.000033532856
 0.000053975713
 0.000017276810
 0.000037156326
 0.000029377157
 0.000023485938
 0.000012269396
 0.000016847809
 0.000016256047
 0.000020833135
 0.000013795505
 0.000029691589
 0.000011668371
 0.000014832384
 0.000011024102
 0.000020661782
 0.000012783450
 0.000022341043
 0.000020472677
 0.000038733416
 0.000021141204
 0.000027091953
 0.000019172994
 0.000011401865
 0.000062426909
 0.000024489399
 0.000039067739
 0.000033140791
 0.000042742437
 0.000051644344
 0.000055720785
 0.000050175004
 0.000070309554
 0.000032697050
 0.000011477082
 0.000027334520
 0.000032170405
 0.000067500044
 0.000033525107
 0.000056178075
 0.000053882209
 0.000058142552
 0.000045908871
 0.000051672425
 0.000084515503
 0.000077387431
 0.000083337821
 0.000071271312
 0.000031371893
 0.000070268744
 0.000038955006
 0.000050801949
 0.000024054290
 0.000038421790
 0.000013594782
 0.000003622853
 0.000008146926
 0.000008558450
 0.000007497416
 0.000004161301
 0.000016161612
 0.000008009325
 0.000009932046
 0.000014208556
 0.000014191769
 0.000011750288
 0.000048574278
 0.000107452846
 0.000058643124
 0.000035873816
 0.000176742965
 0.000164258534
 0.000123071048
 0.000156968787
 0.000085774132
 0.000103380120
 0.000083848779
 0.000030660207
 0.000045806436
 0.000030998290
 0.000061157343
 0.000061095970
 0.000199031276
 0.000105066948
 0.000383654850
 0.000132842508
 0.000176544749
 0.000380323502
 0.000203957206
 0.000202527494
 0.000113622851
 0.000100501829
 0.000174070379
 0.000399767091
 0.000250858620
 0.000136874735
 0.000197610424
 0.000131622498
 0.000153587888
 0.000040648687
 0.000087791682
 0.000137533984
 0.000088965032
 0.000122396210
 0.000081567006
 0.000240991076
 0.000275858601
 0.000075709272
 0.000101508714
 0.000123270734
 0.000035070002
 0.000065793129
 0.000082363856
 0.000061377117
 0.000073312764
 0.000060812763
 0.000018193497
 0.000043015616
 0.000037583132
 0.000058687721
 0.000020059014
 0.000014405941
 0.000022953458
 0.000007427248
 0.000014743881
 0.000026132789
 0.000026352386
 0.000005697454
 0.000012336196
 0.000018221767
 0.000031951923
 0.000022104957
 0.000037175047
 0.000019174950
 0.000012004687
 0.000010766426
 0.000007971605
 0.000008974552
 0.000020448580
 0.000032242630
 0.000032914718
 0.000006832080
 0.000008369418
 0.000012021559
 0.000028752700
 0.000013902835
 0.000016751848
 0.000036297195
 0.000025532844
 0.000024127656
 0.000025289013
 0.000038111682
 0.000024679590
 0.000036041180
 0.000056714461
 0.000012126131
 0.000017479102
 0.000030493436
 0.000016531157
 0.000083457555
 0.000032269425
 0.000036161318
 0.000019966076
 0.000075807986
 0.000098253361
 0.000212558180
 0.000052761531
 0.000070231679
 0.000067964752
 0.000055777955
 0.000084575507
 0.000088395593
 0.000038811233
 0.000072383783
 0.000036943308
 0.000053031442
 0.000080540606
 0.000043776731
 0.000132954897
 0.000092027678
 0.000036471442
 0.000043511750
 0.000044803273
 0.000052707009
 0.000019837108
 0.000026208053
 0.000029383399
 0.000015378053
 0.000015455617
 0.000006480171
 0.000016215888
 0.000010193823
 0.000006961011
 0.000006676663
 0.000013924047
 0.000014417760
 0.000005773174
 0.000013345095
 0.000016710445
 0.000024030754
 0.000018762626
 0.000022194877
 0.000021583072
 0.000018506355
 0.000033050869
 0.000043593118
 0.000092324815
 0.000047309527
 0.000057292259
 0.000018924081
 0.000040881342
 0.000035984138
 0.000036592341
 0.000031915127
 0.000030297232
 0.000026983196
 0.000031461386
 0.000015844593
 0.000035929380
 0.000029856366
 0.000021076952
 0.000016411824
 0.000012194833
 0.000026823706
 0.000013599296
 0.000015004427
 0.000019468993
 0.000012636555
 0.000009862407
 0.000005148627
 0.000004282020
 0.000004683247
 0.000006243429
 0.000013393561
 0.000019433954
 0.000008930133
 0.000018021164
 0.000014291455
 0.000009135005
 0.000006311406
 0.000002541464
 0.000002438032
 0.000004356344
 0.000003483606
 0.000002450267
 0.000001879613
 0.000001934124
 0.000004428139
 0.000007852638
 0.000004089230
 0.000003119610
 0.000007373532
 0.000005405616
 0.000003477997
 0.000002198076
 0.000003249105
 0.000007827311
 0.000004438143
 0.000013620301
 0.000009506089
 0.000007974657
 0.000012574705
 0.000010036110
 0.000002683361
 0.000003146072
 0.000006782281
 0.000016264838
 0.000010423797
 0.000003152235
 0.000003663453
 0.000010103094
 0.000005252006
 0.000008341330
 0.000007831693
 0.000005884833
 0.000005263245
 0.000005706570
 0.000007140564
 0.000010169882
 0.000007617801
 0.000006382141
 0.000010010195
 0.000005093534
 0.000008304392
 0.000004669539
 0.000011984911
 0.000017145815
 0.000018040844
 0.000007422673
 0.000005310321
 0.000010750253
 0.000008331290
 0.000015226724
 0.000009825748
 0.000007546781
 0.000013872883
 0.000007800328
 0.000005219190
 0.000029535526
 0.000006527137
 0.000004002459
 0.000001803449
 0.000018655266
 0.000016005102
 0.000020710867
 0.000014772215
 0.000013808543
 0.000007870818
 0.000010057165
 0.000012500708
 0.000013157915
 0.000049424650
 0.000064112657
 0.000036345836
 0.000022359462
 0.000011929754
 0.000017181861
 0.000017499308
 0.000028842971
 0.000076183347
 0.000106782444
 0.000067740062
 0.000057730647
 0.000059438274
 0.000064628686
 0.000106068520
 0.000036834744
 0.000027451466
 0.000048974919
 0.000029087814
 0.000038836242
 0.000049180813
 0.000018432539
 0.000026302592
 0.000032707299
 0.000033886917
 0.000022742115
 0.000050068160
 0.000047594385
 0.000043634011
 0.000027176248
 0.000020375378
 0.000024819989
 0.000031822536
 0.000020898003
 0.000047809686
 0.000045354729
 0.000044063086
 0.000022633913
 0.000019478105
 0.000027891324
 0.000008592019
 0.000022631262
 0.000017207316
 0.000018393851
 0.000023259843
 0.000048931551
 0.000017648576
 0.000020306675
 0.000023700624
 0.000023835089
 0.000040865059
 0.000012132157
 0.000015299056
 0.000027652672
 0.000015773175
 0.000030281539
 0.000005312280
 0.000018481710
 0.000031903296
 0.000061137887
 0.000028413065
 0.000031185159
 0.000023822490
 0.000032317586
 0.000016675593
 0.000025116688
 0.000064296631
 0.000042182781
 0.000018042836
 0.000025609211
 0.000035079881
 0.000024611366
 0.000032678717
 0.000023727747
 0.000029251107
 0.000027487420
 0.000048522966
 0.000023481444
 0.000037668171
 0.000014374560
 0.000013675039
 0.000014946578
 0.000016806625
 0.000032142564
 0.000017027557
 0.000011169897
 0.000012849149
 0.000012172958
 0.000013215086
 0.000015564390
 0.000011446431
 0.000010702614
 0.000010018773
 0.000015816663
 0.000017883664
 0.000014996292
 0.000009922562
 0.000013631716
 0.000007910408
 0.000007741125
 0.000007093501
 0.000011911792
 0.000007166459
 0.000006971645
 0.000019405109
 0.000029777747
 0.000053595749
 0.000039848380
 0.000047477223
 0.000073408723
 0.000041835594
 0.000076473376
 0.000075503358
 0.000089483370
 0.000046830346
 0.000038943829
 0.000059753010
 0.000084561266
 0.000037204116
 0.000088980960
 0.000047050803
 0.000034345751
 0.000030518732
 0.000026152529
 0.000041132565
 0.000019025029
 0.000016831958
 0.000027538212
 0.000031901713
 0.000039041534
 0.000014963322
 0.000065446224
 0.000057388565
 0.000056435851
 0.000029285970
 0.000034796303
 0.000032514160
 0.000029197315
 0.000069058146
 0.000063627301
 0.000143076543
 0.000051741179
 0.000037572238
 0.000010654621
 0.000026832431
 0.000034655517
 0.000026330925
 0.000126383339
 0.000083372094
 0.000051288764
 0.000054413395
 0.000077546465
 0.000060499351
 0.000012682991
 0.000059643688
 0.000024483613
 0.000055136086
 0.000035717324
 0.000050069917
 0.000045924315
 0.000018613545
 0.000031250229
 0.000017928955
 0.000034479666
 0.000031292486
 0.000062118341
 0.000039274412
 0.000038937872
 0.000019370778
 0.000020785181
 0.000039103252
 0.000041409821
 0.000167348131
 0.000083817575
 0.000153982541
 0.000144271220
 0.000024106436
 0.000017079648
 0.000041756914
 0.000029471189
 0.000038557002
 0.000025641099
 0.000045488618
 0.000014541190
 0.000053093670
 0.000033722762
 0.000032598625
 0.000035811656
 0.000023992636
 0.000065732919
 0.000020505928
 0.000018009006
 0.000015370512
 0.000022225136
 0.000019543425
 0.000011850193
 0.000021289927
 0.000009215871
 0.000093293309
 0.000062011598
 0.000023703380
 0.000039974348
 0.000046846065
 0.000096501756
 0.000090981577
 0.000044541776
 0.000179447034
 0.000330827528
 0.000118712945
 0.000100422912
 0.000028710563
 0.000161711501
 0.000056412496
 0.000110914952
 0.000129491873
 0.000099181903
 0.000034253342
 0.000095451065
 0.000107228226
 0.000069721154
 0.000048174956
 0.000091874280
 0.000100306489
 0.000053190222
 0.000102399126
 0.000089217406
 0.000016273664
 0.000027096639
 0.000047500068
 0.000048046820
 0.000038895382
 0.000011980942
 0.000021245448
 0.000016350167
 0.000026582281
 0.000047352135
 0.000048313006
 0.000072093904
 0.000098179215
 0.000063228693
 0.000029419093
 0.000055808906
 0.000015926559
 0.000031712604
 0.000032456376
 0.000012093787
 0.000020136436
 0.000006627942
 0.000009442125
 0.000004988833
 0.000011804470
 0.000003470329
 0.000017871980
 0.000026744570
 0.000018548895
 0.000030974847
 0.000016146894
 0.000003852517
 0.000003249791
 0.000003892506
 0.000006243478
 0.000007179160
 0.000005139751
 0.000005268527
 0.000005135269
 0.000002589481
 0.000011504447
 0.000017396865
 0.000020149731
 0.000011307181
 0.000017244206
 0.000006914090
 0.000011730671
 0.000008651682
 0.000004992957
 0.000003855868
 0.000007068527
 0.000006194473
 0.000005817799
 0.000014319210
 0.000006096121
 0.000006402627
 0.000004440462
 0.000002518842
 0.000003645515
 0.000001952526
 0.000006364527
 0.000004694037
 0.000006176907
 0.000002925415
 0.000001484298
 0.000000856275
 0.000001444616
 0.000001471496
 0.000005702997
 0.000003612357
 0.000001193516
 0.000001380293
 0.000004921625
 0.000005679335
 0.000009051236
 0.000016043830
 0.000008391155
 0.000010232278
 0.000023513291
 0.000008930760
 0.000005198280
 0.000002742590
 0.000004847137
 0.000005884187
 0.000007927757
 0.000010331511
 0.000008713633
 0.000007548677
 0.000011888758
 0.000008454204
 0.000019757274
 0.000009332320
 0.000017801650
 0.000007164556
 0.000005565468
 0.000028928939
 0.000027527381
 0.000022870723
 0.000011360836
 0.000014241928
 0.000007788827
 0.000003024428
 0.000004612814
 0.000015435420
 0.000012781189
 0.000024630764
 0.000005810968
 0.000006050894
 0.000004460538
 0.000009597665
 0.000003777278
 0.000002834334
 0.000004024481
 0.000005439473
 0.000010155015
 0.000004632971
 0.000008526050
 0.000003331101
 0.000003097856
 0.000002646092
 0.000002652338
 0.000003931048
 0.000004131504
 0.000006499465
 0.000009259793
 0.000004899945
 0.000007333116
 0.000005467861
 0.000003648771
 0.000005435631
 0.000005274496
 0.000008241339
 0.000002856041
 0.000002118578
 0.000002575346
 0.000001684186
 0.000002657660
 0.000002471710
 0.000003981195
 0.000007098728
 0.000005048705
 0.000009634931
 0.000011538410
 0.000009896810
 0.000009932590
 0.000005850848
 0.000002464738
 0.000003023036
 0.000002455542
 0.000003987503
 0.000009532227
 0.000011176935
 0.000017527027
 0.000006457748
 0.000013609738
 0.000014530858
 0.000004223017
 0.000009384508
 0.000008621737
 0.000014308476
 0.000003550902
 0.000005077794
 0.000007600601
 0.000003632200
 0.000003243130
 0.000005856326
 0.000018121536
 0.000005996001
 0.000010379535
 0.000013542832
 0.000084155493
 0.000037912948
 0.000023430835
 0.000018021889
 0.000007528227
 0.000016953509
 0.000055943734
 0.000033073865
 0.000069371220
 0.000114856037
 0.000077190479
 0.000032783620
 0.000046607996
 0.000083672523
 0.000055263491
 0.000101000825
 0.000022675336
 0.000043026752
 0.000095693192
 0.000070754960
 0.000087999764
 0.000117625398
 0.000090175084
 0.000053864772
 0.000013905176
 0.000019700930
 0.000045052724
 0.000021548066
 0.000036794588
 0.000019959956
 0.000081449334
 0.000023913233
 0.000029885169
 0.000020044145
 0.000013929289
 0.000010721270
 0.000012021714
 0.000008105493
 0.000005705899
 0.000012321713
 0.000050759659
 0.000042980926
 0.000051315996
 0.000025342341
 0.000010463530
 0.000025168326
 0.000038682211
 0.000061314500
 0.000074384839
 0.000056510044
 0.000014162632
 0.000026653777
 0.000035721483
 0.000045755509
 0.000060108116
 0.000102562299
 0.000035931424
 0.000019639113
 0.000026209480
 0.000031508128
 0.000009339689
 0.000026258437
 0.000013972897
 0.000051837792
 0.000026996798
 0.000029662191
 0.000057630202
 0.000064553862
 0.000020194438
 0.000007497078
 0.000018215251
 0.000003724819
 0.000009385507
 0.000004939788
 0.000011588800
 0.000007928614
 0.000008575055
 0.000004142261
 0.000009771099
 0.000008878101
 0.000037119274
 0.000028202372
 0.000013814975
 0.000012638199
 0.000014263971
 0.000020789477
 0.000011776543
 0.000014704112
 0.000023184997
 0.000005365055
 0.000011669005
 0.000013751724
 0.000011749784
 0.000020101101
 0.000008364619
 0.000010955035
 0.000008938105
 0.000012912889
 0.000015890029
 0.000011673906
 0.000018505829
 0.000032101980
 0.000026339137
 0.000031055676
 0.000013806707
 0.000058073259
 0.000019706318
 0.000025105618
 0.000016365129
 0.000014813324
 0.000021082892
 0.000017783078
 0.000034102526
 0.000015020069
 0.000009357041
 0.000036336508
 0.000025683492
 0.000015545696
 0.000008674124
 0.000022649253
 0.000021197448
 0.000020015799
 0.000008440665
 0.000011210226
 0.000006113275
 0.000004817709
 0.000004055562
 0.000011966279
 0.000012934539
 0.000005979065
 0.000008902719
 0.000011329362
 0.000008031294
 0.000003060330
 0.000002486585
 0.000004395644
 0.000001677591
 0.000004903544
 0.000005941201
 0.000007542170
 0.000011001250
 0.000003488786
 0.000002657645
 0.000003649725
 0.000004438926
 0.000003905640
 0.000004310293
 0.000001933178
 0.000002491283
 0.000004470164
 0.000002884338
 0.000005204891
 0.000005444813
 0.000004517848
 0.000004651608
 0.000006255983
 0.000003568384
 0.000006072859
 0.000010660076
 0.000003978540
 0.000003893994
 0.000005366346
 0.000008680595
 0.000007512669
 0.000002840049
 0.000002710508
 0.000001829131
 0.000003821325
 0.000003588948
 0.000005825499
 0.000002187505
 0.000003618866
 0.000002007739
 0.000002834394
 0.000001838164
 0.000007673041
 0.000003824331
 0.000012114117
 0.000004697027
 0.000004973190
 0.000002661589
 0.000015519664
 0.000004990926
 0.000008240353
 0.000011179881
 0.000016684780
 0.000005034001
 0.000007533967
 0.000004675465
 0.000019551292
 0.000009495934
 0.000014665565
 0.000010451510
 0.000014754577
 0.000021659740
 0.000018092821
 0.000010939587
 0.000011155682
 0.000004600942
 0.000006031097
 0.000005351499
 0.000009393056
 0.000021198446
 0.000016215790
 0.000009425082
 0.000010040963
 0.000015566484
 0.000017356856
 0.000011236638
 0.000004443720
 0.000006301167
 0.000003929320
 0.000004209161
 0.000005193355
 0.000002438137
 0.000003234517
 0.000003769770
 0.000007209817
 0.000012667370
 0.000017323406
 0.000012238597
 0.000004289949
 0.000004479992
 0.000007831827
 0.000004941629
 0.000004151531
 0.000003409341
 0.000006969804
 0.000004237627
 0.000003916339
 0.000005010389
 0.000003731162
 0.000007444359
 0.000003027776
 0.000006694660
 0.000006052320
 0.000009006618
 0.000013548484
 0.000013050551
 0.000014855457
 0.000014699172
 0.000015750864
 0.000005777772
 0.000027356564
 0.000010050230
 0.000017005321
 0.000011233348
 0.000003364125
 0.000004254915
 0.000001990502
 0.000002797506
 0.000003766319
 0.000003894128
 0.000006767743
 0.000002174505
 0.000003080713
 0.000008416876
 0.000005515842
 0.000004440208
 0.000005116811
 0.000004680118
 0.000005507575
 0.000004280913
 0.000006430289
 0.000001845009
 0.000010768522
 0.000003366056
 0.000003367104
 0.000004634203
 0.000009152786
 0.000008411323
 0.000005882046
 0.000015886880
 0.000004117114
 0.000005786399
 0.000003034905
 0.000002347916
 0.000015550089
 0.000013900742
 0.000029605153
 0.000012273700
 0.000005438092
 0.000009208516
 0.000002127059
 0.000001989380
 0.000002975569
 0.000002697665
 0.000003405372
 0.000003624111
 0.000002591897
 0.000004309451
 0.000002528223
 0.000002421482
 0.000002171165
 0.000003959813
 0.000001974486
 0.000003392428
 0.000003144866
 0.000002608840
 0.000003598975
 0.000003275022
 0.000003572945
 0.000004565360
 0.000006160540
 0.000013389178
 0.000005579365
 0.000006076287
 0.000003201879
 0.000003665282
 0.000004071995
 0.000004426420
 0.000008210273
 0.000008469302
 0.000005407612
 0.000001841127
 0.000005027792
 0.000007267130
 0.000011151814
 0.000015892302
 0.000008347721
 0.000019312186
 0.000006596615
 0.000012079004
 0.000004550044
 0.000008717430
 0.000003097368
 0.000003560986
 0.000004032535
 0.000003456618
 0.000003532770
 0.000009049920
 0.000003334807
 0.000007123969
 0.000005619202
 0.000013366718
 0.000008511263
 0.000031618502
 0.000012082411
 0.000005355503
 0.000006988151
 0.000004410362
 0.000007055470
 0.000003165902
 0.000016434969
 0.000008701163
 0.000004494164
 0.000004515556
 0.000003527884
 0.000002759491
 0.000005159248
 0.000009148225
 0.000005861412
 0.000005018634
 0.000002736123
 0.000001619470
 0.000001614548
 0.000002327532
 0.000002199081
 0.000003804536
 0.000002339189
 0.000003913110
 0.000003097662
 0.000009398928
 0.000004233455
 0.000010420562
 0.000008922148
 0.000015138564
 0.000016552622
 0.000005816336
 0.000007699347
 0.000002542681
 0.000010262541
 0.000005625247
 0.000003220574
 0.000003237897
 0.000005136146
 0.000003557815
 0.000006721758
 0.000002926642
 0.000003794873
 0.000007128601
 0.000013497773
 0.000004954810
 0.000002379425
 0.000003231172
 0.000002591336
 0.000002581140
 0.000005635581
 0.000004776115
 0.000005822742
 0.000003667159
 0.000003592653
 0.000002863577
 0.000002147646
 0.000001849842
 0.000002019406
 0.000001814447
 0.000002459316
 0.000008377472
 0.000009780974
 0.000004659809
 0.000002397761
 0.000002714146
 0.000011349137
 0.000011489750
 0.000009678085
 0.000016440346
 0.000006630062
 0.000005647099
 0.000002743214
 0.000005317933
 0.000005492370
 0.000010964259
 0.000005702240
 0.000001573339
 0.000002064289
 0.000002676448
 0.000001256332
 0.000004359080
 0.000002170092
 0.000001959434
 0.000003120334
 0.000003814292
 0.000003000986
 0.000001655834
 0.000002133018
 0.000002367591
 0.000001882603
 0.000003137402
 0.000008829569
 0.000006547334
 0.000015292079
 0.000011001058
 0.000003318787
 0.000004338854
 0.000004181405
 0.000010125656
 0.000030534905
 0.000005731428
 0.000005005158
 0.000002671484
 0.000010608147
 0.000016488926
 0.000011234525
 0.000009141199
 0.000005129685
 0.000006181499
 0.000009566210
 0.000003771074
 0.000005634633
 0.000009937184
 0.000007596486
 0.000011913387
 0.000005266156
 0.000004557281
 0.000002231092
 0.000001443899
 0.000002434681
 0.000003900026
 0.000011209039
 0.000007266069
 0.000007110465
 0.000011426421
 0.000005321435
 0.000002828962
 0.000004954223
 0.000005975584
 0.000002043183
 0.000003554604
 0.000005287570
 0.000004706901
 0.000009125726
 0.000004169457
 0.000004146817
 0.000007689483
 0.000008850202
 0.000011534529
 0.000004911158
 0.000009135256
 0.000008628599
 0.000008716700
 0.000005743740
 0.000011073388
 0.000011110475
 0.000019469816
 0.000013180646
 0.000005159081
 0.000004714434
 0.000003949836
 0.000002364185
 0.000002878173
 0.000012834689
 0.000014280151
 0.000011343781
 0.000013097064
 0.000021633724
 0.000018039763
 0.000017226939
 0.000009552802
 0.000010042878
 0.000006730444
 0.000009025667
 0.000017969268
 0.000009849119
 0.000006741836
 0.000009671770
 0.000003656223
 0.000001787447
 0.000002788223
 0.000004506513
 0.000003399721
 0.000001801206
 0.000002593865
 0.000004288377
 0.000001855400
 0.000002141717
 0.000003324508
 0.000002071141
 0.000004324923
 0.000009152083
 0.000006180384
 0.000006299318
 0.000009037953
 0.000013650931
 0.000005486658
 0.000008748618
 0.000016100405
 0.000010135258
 0.000030098817
 0.000014571625
 0.000015195027
 0.000012040142
 0.000021027672
 0.000024335459
 0.000024532885
 0.000040943061
 0.000038925692
 0.000029990238
 0.000011453932
 0.000037366855
 0.000019125799
 0.000013701767
 0.000015720269
 0.000013130860
 0.000011542109
 0.000006329670
 0.000013114261
 0.000011810254
 0.000003655092
 0.000004969510
 0.000007843581
 0.000008267703
 0.000027982036
 0.000039752569
 0.000032245081
 0.000047792579
 0.000063393898
 0.000039048049
 0.000040195811
 0.000030238947
 0.000031021291
 0.000037362497
 0.000033193804
 0.000020100714
 0.000053403560
 0.000051312624
 0.000047964359
 0.000035978519
 0.000031610811
 0.000039081987
 0.000033584451
 0.000026159938
 0.000011758872
 0.000007061665
 0.000009993208
 0.000010813338
 0.000021361545
 0.000026566066
 0.000018744625
 0.000017431023
 0.000031726212
 0.000013266709
 0.000010333526
 0.000024592680
 0.000057364921
 0.000046748926
 0.000024041473
 0.000014720922
 0.000023500203
 0.000034939421
 0.000043291759
 0.000043200390
 0.000085001119
 0.000048895499
 0.000040327302
 0.000043854332
 0.000042931584
 0.000049776293
 0.000037992791
 0.000053360144
 0.000078532027
 0.000046577716
 0.000096146434
 0.000035576691
 0.000023153135
 0.000064475213
 0.000042956390
 0.000043406088
 0.000054056827
 0.000030324859
 0.000017441199
 0.000010735234
 0.000005945124
 0.000006487037
 0.000008653778
 0.000005188589
 0.000007026470
 0.000004388146
 0.000010752056
 0.000008408389
 0.000032718108
 0.000044274491
 0.000015658321
 0.000009665634
 0.000070234321
 0.000025211744
 0.000061746468
 0.000036013281
 0.000017520408
 0.000021965201
 0.000057575423
 0.000042363625
 0.000041296029
 0.000032286945
 0.000024915176
 0.000030620528
 0.000044482647
 0.000025533642
 0.000045947671
 0.000019003182
 0.000015361684
 0.000006663612
 0.000023022582
 0.000019629248
 0.000009463091
 0.000027339968
 0.000027879688
 0.000016747061
 0.000060910412
 0.000020769591
 0.000057560636
 0.000047784611
 0.000034253903
 0.000021828573
 0.000009229265
 0.000008366571
 0.000011420514
 0.000010508569
 0.000010773791
 0.000014736128
 0.000027817923
 0.000013437636
 0.000009587371
 0.000012896122
 0.000006966128
 0.000020214583
 0.000014522777
 0.000018418915
 0.000021578898
 0.000008092523
 0.000009659980
 0.000012578779
 0.000005082645
 0.000021164679
 0.000014079008
 0.000009677042
 0.000013754910
 0.000008208157
 0.000007095074
 0.000010543805
 0.000022799363
 0.000032751724
 0.000028386363
 0.000016744858
 0.000009316586
 0.000011330177
 0.000016117945
 0.000004469805
 0.000018896729
 0.000005021090
 0.000007561034
 0.000022912356
 0.000005246793
 0.000015853842
 0.000025477548
 0.000013834228
 0.000016453513
 0.000037997921
 0.000033738090
 0.000026111909
 0.000028256282
 0.000017222192
 0.000035020840
 0.000055373590
 0.000081261169
 0.000038168588
 0.000045537859
 0.000022025296
 0.000013162716
 0.000007851615
 0.000026903223
 0.000049278571
 0.000073616320
 0.000075998204
 0.000022465715
 0.000049578716
 0.000051826830
 0.000013654894
 0.000021261945
 0.000043648636
 0.000020036607
 0.000033421288
 0.000044495426
 0.000024882560
 0.000012155434
 0.000017321491
 0.000024017158
 0.000021991591
 0.000015785755
 0.000009474290
 0.000053860109
 0.000023589265
 0.000011656019
 0.000012947087
 0.000006001484
 0.000040281628
 0.000020079361
 0.000031597323
 0.000022689836
 0.000045141330
 0.000030171035
 0.000014811124
 0.000044060077
 0.000021171362
 0.000014101821
 0.000071501074
 0.000024215349
 0.000036471209
 0.000064615508
 0.000027760175
 0.000048966847
 0.000043725469
 0.000035781010
 0.000019839896
 0.000021522979
 0.000020769635
 0.000036547442
 0.000031879280
 0.000044725324
 0.000067011739
 0.000025951982
 0.000039309891
 0.000030848030
 0.000018696431
 0.000015324463
 0.000010564374
 0.000019892941
 0.000016787057
 0.000018784236
 0.000044057561
 0.000034986332
 0.000021234974
 0.000042163218
 0.000027664120
 0.000018994079
 0.000038349292
 0.000047817117
 0.000021528142
 0.000051738122
 0.000031778688
 0.000050325145
 0.000022678528
 0.000033583538
 0.000017168174
 0.000009533443
 0.000014783530
 0.000007602431
 0.000006811040
 0.000003022343
 0.000011480231
 0.000009698794
 0.000004257356
 0.000010140234
 0.000004639835
 0.000006034949
 0.000004661558
 0.000001429413
 0.000000337863
 0.000001908886
 0.000002801593
 0.000001899973
 0.000002756353
 0.000003237768
 0.000003449994
 0.000003686392
 0.000008043483
 0.000005124575
 0.000003114071
 0.000003984571
 0.000002870476
 0.000004954711
 0.000003489910
 0.000004099789
 0.000003272503
 0.000005828350
 0.000002479963
 0.000001023679
 0.000003953792
 0.000002864278
 0.000005469926
 0.000003272067
 0.000004864225
 0.000003127001
 0.000002964315
 0.000003452987
 0.000002149442
 0.000000742049
 0.000002291992
 0.000001267461
 0.000001525126
 0.000000923822
 0.000001074416
 0.000001254430
 0.000000473839
 0.000001137144
 0.000000986601
 0.000001215282
 0.000001226049
 0.000000752080
 0.000001640494
 0.000001185815
 0.000001066882
 0.000000817561
 0.000000562097
 0.000000473455
 0.000000738175
 0.000001288540
 0.000000600946
 0.000000846202
 0.000000629600
 0.000000823343
 0.000000636037
 0.000001535146
 0.000000782435
 0.000002136005
 0.000001460010
 0.000000748515
 0.000001462125
 0.000001364639
 0.000002033302
 0.000000869996
 0.000001322609
 0.000001268468
 0.000000592990
 0.000000453013
 0.000001435243
 0.000000979924
 0.000000230547
 0.000000535832
 0.000000755719
 0.000000531702
 0.000000384774
 0.000000893415
 0.000001383566
 0.000001076950
 0.000000708283
 0.000001642122
 0.000000978430
 0.000001665307
 0.000001172062
 0.000001215036
 0.000000669998
 0.000000510154
 0.000000499036
 0.000000267764
 0.000000633313
 0.000001399349
 0.000002305972
 0.000001721369
 0.000001299727
 0.000002474995
 0.000001623687
 0.000002220465
 0.000000844081
 0.000000752497
 0.000000816404
 0.000001212432
 0.000000832986
 0.000001100592
 0.000001332397
 0.000000464606
 0.000001006744
 0.000000905993
 0.000000551333
 0.000001436391
 0.000000799825
 0.000001012550
 0.000000806434
 0.000000554943
 0.000000632562
 0.000000467780
 0.000000228113
 0.000000238288
 0.000000184608
 0.000000545021
 0.000000237986
 0.000000155999
 0.000000131197
 0.000000158389
 0.000000134620
 0.000000237713
 0.000000237214
 0.000000165045
 0.000000727773
 0.000000202586
 0.000000256779
 0.000000241866
 0.000000171998
 0.000000372886
 0.000000351565
 0.000000193828
 0.000000797727
 0.000000995623
 0.000000973602
 0.000000652472
 0.000000464612
 0.000000576881
 0.000000446511
 0.000000380589
 0.000000349294
 0.000000292834
 0.000000232794
 0.000000396768
 0.000000683371
 0.000000492811
 0.000000438170
 0.000000628730
 0.000000636098
 0.000003159374
 0.000000959289
 0.000001281986
 0.000003828657
 0.000002234870
 0.000004986269
 0.000004530357
 0.000004393697
 0.000007084207
 0.000004280309
 0.000000962421
 0.000001179592
 0.000001019981
 0.000001457735
 0.000001100679
 0.000000843742
 0.000000845433
 0.000003172039
 0.000001772139
 0.000001919821
 0.000006152989
 0.000004751471
 0.000001251260
 0.000001639295
 0.000001171348
 0.000001955099
 0.000001916571
 0.000001056033
 0.000004311653
 0.000002272864
 0.000001835730
 0.000003021827
 0.000003746094
 0.000000540553
 0.000001418796
 0.000001393808
 0.000003398958
 0.000008307098
 0.000003937902
 0.000006137590
 0.000003486702
 0.000006698385
 0.000006612666
 0.000016906113
 0.000008854522
 0.000008166048
 0.000010882917
 0.000003833517
 0.000004621067
 0.000004630827
 0.000004197617
 0.000004385513
 0.000005159078
 0.000005016971
 0.000005474597
 0.000001609354
 0.000007199928
 0.000008861916
 0.000003518458
 0.000007948512
 0.000001719731
 0.000001854388
 0.000001486060
 0.000003327051
 0.000004148542
 0.000003359315
 0.000001820859
 0.000001138948
 0.000002043421
 0.000001940305
 0.000003138730
 0.000004209445
 0.000002556790
 0.000005973452
 0.000004344277
 0.000003907174
 0.000007512392
 0.000007036887
 0.000012092448
 0.000004564234
 0.000010978270
 0.000003054761
 0.000002736090
 0.000004095026
 0.000003986252
 0.000006553463
 0.000004487268
 0.000003287140
 0.000004033546
 0.000002973261
 0.000002326718
 0.000003673158
 0.000003484984
 0.000002568980
 0.000001727887
 0.000005561564
 0.000005755735
 0.000002635025
 0.000001637753
 0.000001491169
 0.000001407422
 0.000001591694
 0.000001171063
 0.000002350976
 0.000001609295
 0.000002198474
 0.000000759208
 0.000001395569
 0.000000941018
 0.000000881193
 0.000001392604
 0.000003690685
 0.000002438105
 0.000001497111
 0.000002273902
 0.000006256042
 0.000002695920
 0.000001402847
 0.000002055988
 0.000001582167
 0.000003396195
 0.000003212324
 0.000003030080
 0.000003126401
 0.000002217397
 0.000003843597
 0.000002958403
 0.000004992475
 0.000002577408
 0.000002601824
 0.000003723717
 0.000002160754
 0.000002879996
 0.000003048698
 0.000003861330
 0.000004493307
 0.000004133434
 0.000003901391
 0.000006105141
 0.000004855255
 0.000001313952
 0.000003646629
 0.000000942069
 0.000003032045
 0.000003587571
 0.000002630131
 0.000001554877
 0.000003026185
 0.000000997079
 0.000001694117
 0.000002160182
 0.000001278699
 0.000001339052
 0.000001844531
 0.000001282657
 0.000001517822
 0.000003233359
 0.000004079728
 0.000004009061
 0.000006006537
 0.000003846889
 0.000001069227
 0.000001082873
 0.000002478840
 0.000004644610
 0.000004444703
 0.000002903395
 0.000005583210
 0.000002038466
 0.000002553912
 0.000003240085
 0.000003553550
 0.000002039131
 0.000002036502
 0.000001490719
 0.000001089773
 0.000002811378
 0.000002435044
 0.000002679726
 0.000001938494
 0.000001856927
 0.000001307460
 0.000002688119
 0.000003465267
 0.000001166315
 0.000001883546
 0.000001187681
 0.000000977676
 0.000000607675
 0.000001605070
 0.000001828532
 0.000003314605
 0.000001846134
 0.000001633304
 0.000002128841
 0.000003644263
 0.000002749650
 0.000003478822
 0.000001651794
 0.000000915404
 0.000000543152
 0.000001370375
 0.000001279563
 0.000001606108
 0.000001549458
 0.000001880057
 0.000002452304
 0.000002967369
 0.000002689252
 0.000002841428
 0.000001693952
 0.000001855537
 0.000000956156
 0.000001021701
 0.000002362954
 0.000001912300
 0.000003180453
 0.000001293857
 0.000005271770
 0.000001835513
 0.000002829274
 0.000003538168
 0.000006233265
 0.000002268714
 0.000003411015
 0.000002496515
 0.000002728195
 0.000003828650
 0.000002148650
 0.000000855764
 0.000000335394
 0.000000345788
 0.000000238030
 0.000000766906
 0.000001047442
 0.000003149130
 0.000004137709
 0.000001835378
 0.000003046328
 0.000005604449
 0.000001004175
 0.000000590548
 0.000001923035
 0.000002017857
 0.000001962997
 0.000002530752
 0.000001375809
 0.000002836965
 0.000000885850
 0.000003124819
 0.000002583225
 0.000000739085
 0.000002948248
 0.000002024333
 0.000001488810
 0.000002360578
 0.000002005220
 0.000001676937
 0.000002067586
 0.000001476319
 0.000001919238
 0.000002869204
 0.000001925889
 0.000001103123
 0.000001533869
 0.000003150739
 0.000002617796
 0.000004428895
 0.000003430552
 0.000002625862
 0.000002544515
 0.000002020959
 0.000002885539
 0.000005408179
 0.000002225076
 0.000001931997
 0.000004990449
 0.000004376809
 0.000003314117
 0.000004864758
 0.000002592755
 0.000001460117
 0.000002027290
 0.000003768425
 0.000004519566
 0.000005696117
 0.000003802952
 0.000002817607
 0.000002749155
 0.000003181579
 0.000002628954
 0.000001900028
 0.000003238744
 0.000002778105
 0.000002526046
 0.000001391023
 0.000000903972
 0.000000822157
 0.000001940477
 0.000001146537
 0.000000654898
 0.000000820263
 0.000001201256
 0.000002822863
 0.000001385661
 0.000001438939
 0.000001501439
 0.000000951902
 0.000002926319
 0.000002164133
 0.000002485727
 0.000004036919
 0.000002054318
 0.000001628166
 0.000003137974
 0.000001674187
 0.000003226725
 0.000002517561
 0.000003292032
 0.000004452625
 0.000001115785
 0.000000682970
 0.000000867994
 0.000000612146
 0.000000528692
 0.000001279138
 0.000000791487
 0.000000494820
 0.000000455102
 0.000001159701
 0.000000645742
 0.000000799827
 0.000000410709
 0.000000549611
 0.000001225874
 0.000000602576
 0.000000997383
 0.000000692883
 0.000000976253
 0.000000492811
 0.000001385896
 0.000001133600
 0.000000500991
 0.000000930047
 0.000003243038
 0.000001267075
 0.000001495378
 0.000000716175
 0.000002653945
 0.000007835044
 0.000001920908
 0.000002800438
 0.000003361040
 0.000002838056
 0.000002869157
 0.000005037791
 0.000002480825
 0.000002582042
 0.000000925154
 0.000001598920
 0.000002284966
 0.000001021320
 0.000001777647
 0.000003169161
 0.000003320863
 0.000004154451
 0.000002002579
 0.000003272794
 0.000003480006
 0.000001580084
 0.000001941668
 0.000001416029
 0.000002232137
 0.000001611705
 0.000001825273
 0.000001066918
 0.000002820892
 0.000000901251
 0.000002949155
 0.000002448889
 0.000001913915
 0.000001666713
 0.000001778223
 0.000001099115
 0.000000648058
 0.000000669167
 0.000001565977
 0.000000382259
 0.000001245573
 0.000002261488
 0.000001224479
 0.000000479363
 0.000001208483
 0.000000826412
 0.000000993042
 0.000001007714
 0.000000621542
 0.000000945814
 0.000001120983
 0.000000757778
 0.000001057464
 0.000001811430
 0.000000669981
 0.000001029496
 0.000002791829
 0.000000926295
 0.000000529695
 0.000000781510
 0.000000867637
 0.000001055217
 0.000000439743
 0.000000713797
 0.000000849025
 0.000001121150
 0.000001005272
 0.000001409844
 0.000000312349
 0.000000097919
 0.000000182519
 0.000000217305
 0.000000342393
 0.000000653964
 0.000000407416
 0.000000599969
 0.000000596334
 0.000000440725
 0.000000841905
 0.000000226267
 0.000000376485
 0.000000372035
 0.000001512561
 0.000002070907
 0.000001323639
 0.000001035794
 0.000000863195
 0.000000827627
 0.000001030494
 0.000001081647
 0.000002030362
 0.000002777124
 0.000002112498
 0.000001280967
 0.000001328743
 0.000001211147
 0.000002595309
 0.000003249528
 0.000001302688
 0.000002783500
 0.000005204689
 0.000003249290
 0.000000963211
 0.000001533888
 0.000006457480
 0.000002725389
 0.000002382253
 0.000006708937
 0.000003075429
 0.000003684699
 0.000002022795
 0.000006030510
 0.000002007988
 0.000000837110
 0.000001218187
 0.000001720500
 0.000001604650
 0.000002248971
 0.000002473041
 0.000001291915
 0.000001503645
 0.000001836086
 0.000004606729
 0.000002071473
 0.000003045912
 0.000001924192
 0.000000826710
 0.000000561179
 0.000000857310
 0.000000795069
 0.000001608836
 0.000001571832
 0.000003818947
 0.000002801923
 0.000001191132
 0.000001643513
 0.000001023058
 0.000001366848
 0.000002024806
 0.000003697307
 0.000004321218
 0.000003737785
 0.000003583913
 0.000003066261
 0.000001628175
 0.000002979463
 0.000003833327
 0.000002413098
 0.000002361212
 0.000001242149
 0.000003162817
 0.000002661434
 0.000002663157
 0.000001496555
 0.000006911117
 0.000004481227
 0.000005346656
 0.000003036556
 0.000003746508
 0.000002445669
 0.000001855189
 0.000001440883
 0.000001614586
 0.000003699563
 0.000006440939
 0.000007752637
 0.000006298949
 0.000005215930
 0.000002661083
 0.000003230016
 0.000001082805
 0.000001071562
 0.000001169998
 0.000003274065
 0.000008099536
 0.000002414581
 0.000004281296
 0.000001358611
 0.000001081053
 0.000000650922
 0.000001964713
 0.000001102090
 0.000000712467
 0.000001207621
 0.000000876891
 0.000000664681
 0.000000637752
 0.000001272527
 0.000002481824
 0.000005132427
 0.000007996278
 0.000004085645
 0.000004926054
 0.000004185523
 0.000005294965
 0.000005072512
 0.000003566497
 0.000008815250
 0.000002480347
 0.000000991376
 0.000002041622
 0.000000740740
 0.000001068928
 0.000003585059
 0.000003288649
 0.000002185774
 0.000002786679
 0.000003902438
 0.000001064084
 0.000002034159
 0.000001149794
 0.000001912537
 0.000003681038
 0.000002170087
 0.000002015792
 0.000002701998
 0.000001958763
 0.000001920170
 0.000001697417
 0.000002358897
 0.000002101654
 0.000002801854
 0.000001971222
 0.000001926681
 0.000002112948
 0.000001571325
 0.000000805416
 0.000002340308
 0.000002802725
 0.000002824626
 0.000001601159
 0.000001817542
 0.000001997920
 0.000001481387
 0.000001638509
 0.000005965146
 0.000001821354
 0.000002015592
 0.000003895822
 0.000005435586
 0.000003297559
 0.000002521919
 0.000001664531
 0.000003166984
 0.000001792106
 0.000001501237
 0.000002270900
 0.000002509383
 0.000001710823
 0.000001698571
 0.000001883354
 0.000001202161
 0.000001118800
 0.000002098548
 0.000001083825
 0.000001196021
 0.000001264439
 0.000001277521
 0.000001209224
 0.000000724802
 0.000000656718
 0.000000733375
 0.000000889709
 0.000000740429
 0.000000555734
 0.000001144651
 0.000001175150
 0.000000825201
 0.000001150488
 0.000001013012
 0.000001292656
 0.000001591412
 0.000000603247
 0.000000714391
 0.000001260467
 0.000001476322
 0.000002288970
 0.000002490321
 0.000003189566
 0.000004213829
 0.000003274948
 0.000006402068
 0.000006434874
 0.000012106762
 0.000008350160
 0.000005510570
 0.000003397561
 0.000002497909
 0.000006213415
 0.000006976108
 0.000010786836
 0.000010642730
 0.000003652655
 0.000006205746
 0.000001909130
 0.000001360113
 0.000001159953
 0.000004829844
 0.000001822595
 0.000005429706
 0.000002966775
 0.000002471320
 0.000005717239
 0.000005316196
 0.000002265836
 0.000004801589
 0.000001511146
 0.000003693088
 0.000002793461
 0.000000948494
 0.000001455098
 0.000002381776
 0.000001678244
 0.000000554308
 0.000000863426
 0.000002635693
 0.000001946860
 0.000002115455
 0.000001214795
 0.000000974186
 0.000001168148
 0.000002451975
 0.000005303699
 0.000005601661
 0.000001890251
 0.000001423959
 0.000001837041
 0.000001778744
 0.000003535627
 0.000001619327
 0.000001400988
 0.000004730817
 0.000002464323
 0.000003300325
 0.000003682514
 0.000001732718
 0.000003434525
 0.000002186681
 0.000001044429
 0.000000787211
 0.000001177706
 0.000001114105
 0.000001731352
 0.000001322607
 0.000004398289
 0.000002103879
 0.000001235978
 0.000001372094
 0.000001373479
 0.000000963903
 0.000000599585
 0.000002260857
 0.000000809013
 0.000001866284
 0.000000465588
 0.000000774268
 0.000000941201
 0.000000861383
 0.000002557142
 0.000002923522
 0.000002264186
 0.000002032316
 0.000003477904
 0.000003947467
 0.000012273904
 0.000005789915
 0.000005455212
 0.000003469458
 0.000005818514
 0.000005413355
 0.000005743196
 0.000002737882
 0.000006587072
 0.000001915750
 0.000002445553
 0.000002222215
 0.000006576763
 0.000002183743
 0.000003119347
 0.000015071546
 0.000030683499
 0.000016693058
 0.000006622636
 0.000006951824
 0.000004649924
 0.000005079329
 0.000003723801
 0.000002448807
 0.000001794105
 0.000003455308
 0.000003536572
 0.000001692821
 0.000003044829
 0.000002532008
 0.000007353101
 0.000002500876
 0.000009036464
 0.000013342270
 0.000023295094
 0.000014750731
 0.000004831257
 0.000035257044
 0.000026641164
 0.000015412133
 0.000011623245
 0.000015448211
 0.000015652335
 0.000017050266
 0.000020908083
 0.000021693493
 0.000014713994
 0.000065137788
 0.000057499727
 0.000060801908
 0.000080017054
 0.000117273501
 0.000027715244
 0.000037802250
 0.000023338501
 0.000031624732
 0.000030979183
 0.000008716813
 0.000019380011
 0.000015391475
 0.000044371323
 0.000025406154
 0.000021113999
 0.000021453343
 0.000015752699
 0.000012468158
 0.000020286232
 0.000025889601
 0.000013044965
 0.000035624333
 0.000038433326
 0.000020927325
 0.000006569181
 0.000009755150
 0.000007484176
 0.000010469921
 0.000014923589
 0.000006862024
 0.000006651346
 0.000011237614
 0.000013892076
 0.000032193741
 0.000057783618
 0.000061805129
 0.000027903601
 0.000064994875
 0.000033878586
 0.000037412743
 0.000082074133
 0.000070892274
 0.000057314361
 0.000010090616
 0.000016901887
 0.000023798711
 0.000008622444
 0.000012193119
 0.000007072786
 0.000042885629
 0.000029732307
 0.000024203135
 0.000093165668
 0.000037121322
 0.000133638081
 0.000041903966
 0.000017685739
 0.000054216146
 0.000043607289
 0.000071458152
 0.000041432812
 0.000040138647
 0.000028219395
 0.000037491513
 0.000046238364
 0.000066070641
 0.000043360712
 0.000030644766
 0.000056447629
 0.000065505883
 0.000071037956
 0.000039203097
 0.000034236370
 0.000020005663
 0.000034719687
 0.000015131637
 0.000019196522
 0.000032255970
 0.000025899572
 0.000027847854
 0.000023434043
 0.000031466461
 0.000051522849
 0.000064881877
 0.000034093958
 0.000026174547
 0.000035778041
 0.000048612955
 0.000060696043
 0.000057310418
 0.000034223397
 0.000049441440
 0.000028227510
 0.000007066812
 0.000015443552
 0.000038343342
 0.000065780169
 0.000042351814
 0.000031147211
 0.000038679944
 0.000051545455
 0.000026716910
 0.000027879874
 0.000010379128
 0.000009139283
 0.000008749624
 0.000021721803
 0.000032511587
 0.000089433424
 0.000067888980
 0.000066659121
 0.000098864160
 0.000124277319
 0.000055371481
 0.000058218909
 0.000093946331
 0.000218637348
 0.000130153499
 0.000192159572
 0.000158082282
 0.000099440858
 0.000065155432
 0.000190240915
 0.000111662329
 0.000184023016
 0.000127074099
 0.000150859327
 0.000114006447
 0.000105656596
 0.000191339772
 0.000077877471
 0.000113629641
 0.000097422795
 0.000114705139
 0.000073310837
 0.000044034546
 0.000047296833
 0.000093554077
 0.000153186857
 0.000059389321
 0.000042244295
 0.000063509434
 0.000066442864
 0.000051232232
 0.000085352388
 0.000088879044
 0.000060776492
 0.000111013439
 0.000094200691
 0.000117698036
 0.000039318691
 0.000047396687
 0.000071320324
 0.000032518047
 0.000032787564
 0.000035642224
 0.000029929615
 0.000025085704
 0.000028770000
 0.000020099461
 0.000032235474
 0.000032857464
 0.000022295257
 0.000035730184
 0.000064700530
 0.000048486469
 0.000027452128
 0.000046834628
 0.000039318878
 0.000050957097
 0.000040608368
 0.000045064277
 0.000054590146
 0.000047000755
 0.000083875932
 0.000049227415
 0.000070692168
 0.000065816425
 0.000080327431
 0.000069953326
 0.000016550707
 0.000048016125
 0.000115699597
 0.000080052165
 0.000134431500
 0.000104457794
 0.000040456026
 0.000026119170
 0.000037298943
 0.000089694774
 0.000060795682
 0.000073832400
 0.000047066987
 0.000025244609
 0.000045355350
 0.000044256584
 0.000056329127
 0.000072337498
 0.000032805442
 0.000057511882
 0.000045766158
 0.000055500534
 0.000033468628
 0.000071532266
 0.000057714368
 0.000031476507
 0.000034083210
 0.000053509048
 0.000028985730
 0.000033647946
 0.000088276652
 0.000067889366
 0.000147337201
 0.000164790226
 0.000224163035
 0.000170608042
 0.000084783771
 0.000062916179
 0.000069078505
 0.000064125130
 0.000082208866
 0.000097920336
 0.000055279646
 0.000057999686
 0.000022004978
 0.000034573845
 0.000022826741
 0.000033012920
 0.000025192862
 0.000027338697
 0.000011347232
 0.000024547048
 0.000041644282
 0.000050718721
 0.000069048480
 0.000045891651
 0.000050853998
 0.000044109917
 0.000078518273
 0.000067042792
 0.000044113438
 0.000093783401
 0.000040873591
 0.000042939148
 0.000065767054
 0.000066532800
 0.000073694851
 0.000067742445
 0.000039790433
 0.000047122011
 0.000032928227
 0.000059263351
 0.000254084054
 0.000113502679
 0.000065674691
 0.000048015460
 0.000045770483
 0.000023656179
 0.000044226708
 0.000020408234
 0.000033582258
 0.000052999971
 0.000045776389
 0.000031492750
 0.000041136439
 0.000040160961
 0.000053482742
 0.000064464726
 0.000024086190
 0.000046280623
 0.000037685573
 0.000064312552
 0.000070372852
 0.000030410587
 0.000039256367
 0.000059680187
 0.000047188581
 0.000034952918
 0.000054556527
 0.000037724135
 0.000049335384
 0.000130022193
 0.000018108424
 0.000034532194
 0.000032029174
 0.000021115439
 0.000064253522
 0.000099511442
 0.000034474635
 0.000022522434
 0.000032416940
 0.000016082271
 0.000013817698
 0.000010063901
 0.000013309053
 0.000007866343
 0.000015667516
 0.000014691174
 0.000011929747
 0.000009116984
 0.000011841316
 0.000009912941
 0.000006220147
 0.000005116796
 0.000009501689
 0.000003909540
 0.000001996418
 0.000006011891
 0.000002765367
 0.000004661951
 0.000007004243
 0.000005969798
 0.000006690274
 0.000004942622
 0.000006191038
 0.000009442939
 0.000003338632
 0.000003777076
 0.000005285828
 0.000008516701
 0.000007409813
 0.000012157518
 0.000006288282
 0.000002594811
 0.000003819322
 0.000009773714
 0.000005660065
 0.000003881328
 0.000051020023
 0.000013359968
 0.000004490854
 0.000003874166
 0.000003885799
 0.000008789188
 0.000009027915
 0.000011582335
 0.000011164251
 0.000008974553
 0.000007774609
 0.000012759171
 0.000005557999
 0.000010203982
 0.000009198889
 0.000007618502
 0.000008340277
 0.000011165260
 0.000005171692
 0.000009600798
 0.000005542698
 0.000002808295
 0.000003565095
 0.000004565807
 0.000004875803
 0.000003784772
 0.000015236454
 0.000009336854
 0.000005535331
 0.000010812710
 0.000011056915
 0.000018694596
 0.000018973094
 0.000025462386
 0.000009691916
 0.000007840220
 0.000012599602
 0.000007547846
 0.000009299869
 0.000030795542
 0.000011561418
 0.000009368173
 0.000011745135
 0.000016617271
 0.000003776610
 0.000005282420
 0.000011420633
 0.000006168170
 0.000014865155
 0.000006051367
 0.000009643221
 0.000029644136
 0.000006786640
 0.000025894022
 0.000020449138
 0.000027626184
 0.000020691487
 0.000027933207
 0.000024602294
 0.000054640350
 0.000027216041
 0.000025557027
 0.000097771955
 0.000026262050
 0.000012964995
 0.000020228865
 0.000074258963
 0.000106856735
 0.000026091291
 0.000034895563
 0.000016424325
 0.000029433497
 0.000050521490
 0.000039370739
 0.000042901399
 0.000054493050
 0.000065319805
 0.000049286145
 0.000039781007
 0.000025893084
 0.000009796663
 0.000017593815
 0.000046320347
 0.000102307238
 0.000066731320
 0.000048331827
 0.000036334811
 0.000032652364
 0.000038833999
 0.000019853441
 0.000024377942
 0.000030655284
 0.000031241060
 0.000020545352
 0.000034459835
 0.000015124217
 0.000013795610
 0.000026689410
 0.000025786130
 0.000045176857
 0.000035535912
 0.000089245930
 0.000076008069
 0.000172546977
 0.000112738789
 0.000128046489
 0.000096277326
 0.000148507759
 0.000110773532
 0.000172191158
 0.000157863974
 0.000184704257
 0.000273060979
 0.000846151211
 0.000285113039
 0.000220042459
 0.000228170761
 0.000190971843
 0.000077975764
 0.000108071962
 0.000060361928
 0.000112203696
 0.000145457252
 0.000129858277
 0.000084505731
 0.000073845859
 0.000034762603
 0.000136539026
 0.000048147701
 0.000067764229
 0.000066867324
 0.000156826721
 0.000183196956
 0.000217257142
 0.000355470006
 0.000240588414
 0.000090865850
 0.000030976233
 0.000066482851
 0.000064439650
 0.000143946216
 0.000163518442
 0.000267858917
 0.000248976935
 0.000015891211
 0.000056602606
 0.000034138567
 0.000037166161
 0.000049756903
 0.000033372849
 0.000038843315
 0.000037074792
 0.000033722399
 0.000058770701
 0.000014109267
 0.000012179099
 0.000020622537
 0.000014822662
 0.000016292963
 0.000009865364
 0.000011386923
 0.000028281980
 0.000014208554
 0.000015906886
 0.000014039097
 0.000040596052
 0.000062504142
 0.000089457661
 0.000056339345
 0.000128418838
 0.000013507046
 0.000037423703
 0.000020356156
 0.000045512045
 0.000054823655
 0.000057432892
 0.000063557862
 0.000015645236
 0.000164801133
 0.000016854571
 0.000040617089
 0.000057178667
 0.000057766681
 0.000050560040
 0.000065310171
 0.000064026536
 0.000046093877
 0.000080590741
 0.000029118841
 0.000018070479
 0.000029946834
 0.000026685238
 0.000032673039
 0.000010615869
 0.000008751709
 0.000017236046
 0.000014685540
 0.000015571538
 0.000015864052
 0.000012729459
 0.000008539475
 0.000007658009
 0.000015297814
 0.000017461664
 0.000018221953
 0.000014192948
 0.000011694740
 0.000017861658
 0.000039223845
 0.000053234419
 0.000024009795
 0.000015317686
 0.000032158699
 0.000034061879
 0.000013011820
 0.000025034630
 0.000021691456
 0.000010604216
 0.000020270042
 0.000037796883
 0.000043351965
 0.000020814542
 0.000028031585
 0.000011901272
 0.000014122260
 0.000011030581
 0.000018121801
 0.000023607919
 0.000012810173
 0.000008983946
 0.000015924134
 0.000027151327
 0.000018337407
 0.000011207410
 0.000043904496
 0.000044381026
 0.000023382113
 0.000026126937
 0.000034966768
 0.000063915247
 0.000014486728
 0.000025032054
 0.000015890181
 0.000035765487
 0.000024037223
 0.000018201222
 0.000012265371
 0.000013108731
 0.000018564819
 0.000019032642
 0.000006367515
 0.000006130001
 0.000018312644
 0.000016260197
 0.000014572805
 0.000013006218
 0.000017769384
 0.000032842214
 0.000018934731
 0.000019522852
 0.000019431697
 0.000020364173
 0.000027756663
 0.000014657843
 0.000015613868
 0.000021704740
 0.000036266614
 0.000020201864
 0.000013234893
 0.000014657614
 0.000026353729
 0.000020171936
 0.000038073322
 0.000022563239
 0.000021410961
 0.000015070614
 0.000010229112
 0.000012503051
 0.000012163051
 0.000010483526
 0.000009913288
 0.000011465671
 0.000007436790
 0.000015980478
 0.000022506819
 0.000018630379
 0.000013749612
 0.000024254949
 0.000014261362
 0.000019576254
 0.000013903630
 0.000013481647
 0.000026213507
 0.000029166059
 0.000027539927
 0.000029871591
 0.000018383323
 0.000013911611
 0.000014675455
 0.000009880960
 0.000023886623
 0.000010542702
 0.000015533341
 0.000011665659
 0.000006997864
 0.000015636541
 0.000015634033
 0.000023180633
 0.000018644696
 0.000003955152
 0.000003682044
 0.000006755892
 0.000014822946
 0.000009629951
 0.000011895703
 0.000018797046
 0.000021078883
 0.000011728085
 0.000015607070
 0.000013792303
 0.000012779250
 0.000040039457
 0.000013686784
 0.000005701245
 0.000010887420
 0.000018298458
 0.000006095330
 0.000014383917
 0.000008817412
 0.000004265395
 0.000005251581
 0.000010137501
 0.000018916197
 0.000026425143
 0.000013440599
 0.000015608563
 0.000006952689
 0.000010800022
 0.000012782560
 0.000020312764
 0.000013465868
 0.000012117360
 0.000011675908
 0.000013309625
 0.000014091518
 0.000004862333
 0.000009263936
 0.000010625444
 0.000025714410
 0.000009229034
 0.000015924625
 0.000008158189
 0.000009123490
 0.000014777268
 0.000019056447
 0.000005838042
 0.000012482777
 0.000018267337
 0.000009758715
 0.000013400409
 0.000008767853
 0.000013545862
 0.000009375450
 0.000021007887
 0.000012585838
 0.000012041400
 0.000010125678
 0.000016793929
 0.000037933550
 0.000020457054
 0.000014415841
 0.000014829752
 0.000012699857
 0.000013343317
 0.000010701573
 0.000009152916
 0.000004035929
 0.000002527862
 0.000002703449
 0.000003593135
 0.000001667700
 0.000002382400
 0.000002664264
 0.000001865164
 0.000003495448
 0.000001753628
 0.000001413994
 0.000001113016
 0.000004317745
 0.000002725404
 0.000003105111
 0.000002912991
 0.000001808012
 0.000003544911
 0.000004680829
 0.000008357056
 0.000005389987
 0.000008404724
 0.000007094457
 0.000010341948
 0.000015141923
 0.000011321855
 0.000006143779
 0.000007529308
 0.000010457355
 0.000012948783
 0.000004044297
 0.000011795698
 0.000009974961
 0.000027753247
 0.000010657008
 0.000010375554
 0.000018419942
 0.000005821311
 0.000004077558
 0.000011234919
 0.000016634352
 0.000015633433
 0.000024654052
 0.000048000988
 0.000058830247
 0.000032826786
 0.000035812878
 0.000011802040
 0.000031552794
 0.000035811294
 0.000031950181
 0.000077107027
 0.000125681267
 0.000070945296
 0.000056769624
 0.000074727935
 0.000083001227
 0.000076011344
 0.000069818552
 0.000031075460
 0.000011734925
 0.000037798884
 0.000019789810
 0.000027109618
 0.000026477998
 0.000029178027
 0.000029221591
 0.000034269519
 0.000015408005
 0.000037806758
 0.000050835232
 0.000041781820
 0.000038124824
 0.000134679350
 0.000202842060
 0.000301950520
 0.000157872987
 0.000157319364
 0.000088593897
 0.000037808702
 0.000099736936
 0.000123732194
 0.000053670757
 0.000036733680
 0.000033785356
 0.000103798256
 0.000097911875
 0.000188402153
 0.000221339847
 0.000027358725
 0.000036132266
 0.000025248705
 0.000031792911
 0.000098080790
 0.000076649062
 0.000020241954
 0.000035685389
 0.000021977741
 0.000046519707
 0.000033220489
 0.000045395489
 0.000028533886
 0.000051983423
 0.000038321320
 0.000041426295
 0.000069164052
 0.000062519980
 0.000040992143
 0.000074652231
 0.000098929062
 0.000082823791
 0.000053364291
 0.000074198842
 0.000174262777
 0.000137761200
 0.000086604691
 0.000036601902
 0.000085101202
 0.000048898127
 0.000050822274
 0.000020243470
 0.000074286445
 0.000101180443
 0.000034205211
 0.000037143720
 0.000037658456
 0.000043165489
 0.000105469263
 0.000027802485
 0.000029581299
 0.000014558164
 0.000034322097
 0.000022895792
 0.000031093109
 0.000023289985
 0.000038265760
 0.000046568879
 0.000039288786
 0.000074626961
 0.000032769851
 0.000037557547
 0.000031574752
 0.000022720731
 0.000029546167
 0.000021920661
 0.000027855600
 0.000049920575
 0.000128873990
 0.000103786263
 0.000120163740
 0.000216193797
 0.000079949143
 0.000076282231
 0.000048269637
 0.000053007697
 0.000115105458
 0.000079280375
 0.000105677760
 0.000114129906
 0.000048871983
 0.000064286370
 0.000126071898
 0.000082905483
 0.000121363812
 0.000070403965
 0.000073137998
 0.000113523184
 0.000086373383
 0.000076838405
 0.000052436788
 0.000031012197
 0.000033909608
 0.000100393267
 0.000129097833
 0.000118104227
 0.000117729157
 0.000165277220
 0.000278129613
 0.000166383681
 0.000163709181
 0.000067947375
 0.000125863310
 0.000131367948
 0.000278106804
 0.000181283817
 0.000276133160
 0.000318179677
 0.000202629375
 0.000167952871
 0.000147561240
 0.000107508276
 0.000084598043
 0.000167589841
 0.000143593250
 0.000105026262
 0.000126411474
 0.000099835194
 0.000095183055
 0.000059829962
 0.000091604375
 0.000066238505
 0.000161755882
 0.000111942397
 0.000095014556
 0.000074225013
 0.000060586376
 0.000084594039
 0.000071799879
 0.000073345659
 0.000063543498
 0.000104408342
 0.000078414204
 0.000059270849
 0.000083009951
 0.000106980098
 0.000196397243
 0.000113677012
 0.000101883540
 0.000069553021
 0.000037941336
 0.000070928712
 0.000062145914
 0.000035408047
 0.000050068583
 0.000061655506
 0.000060154660
 0.000045413030
 0.000095857815
 0.000093341947
 0.000073206633
 0.000064713569
 0.000197826673
 0.000065002904
 0.000102260640
 0.000051140668
 0.000068932852
 0.000042632649
 0.000090649609
 0.000059444469
 0.000088986157
 0.000038894032
 0.000051075343
 0.000064980003
 0.000061204874
 0.000087605264
 0.000052587018
 0.000039536940
 0.000034006761
 0.000050933338
 0.000038720988
 0.000056218999
 0.000036557469
 0.000076172421
 0.000069601518
 0.000066132433
 0.000047724557
 0.000049503576
 0.000026702737
 0.000091504298
 0.000037545868
 0.000048519776
 0.000042674026
 0.000057676982
 0.000064724139
 0.000026320856
 0.000041147110
 0.000041929181
 0.000058574130
 0.000018573360
 0.000041400295
 0.000028008011
 0.000043468339
 0.000049962009
 0.000044653923
 0.000030710540
 0.000028564072
 0.000025973268
 0.000067073141
 0.000055682938
 0.000088433721
 0.000037317960
 0.000099820531
 0.000034090785
 0.000034292311
 0.000043164566
 0.000040273112
 0.000051779011
 0.000145764484
 0.000120784901
 0.000136917581
 0.000115503405
 0.000210021328
 0.000224452162
 0.000147710667
 0.000086585640
 0.000098502844
 0.000093176664
 0.000097881312
 0.000158284777
 0.000072327797
 0.000077765307
 0.000056474124
 0.000076791331
 0.000066889669
 0.000058601082
 0.000068314005
 0.000054111146
 0.000095262379
 0.000054828365
 0.000056884753
 0.000082987416
 0.000039532851
 0.000053544557
 0.000072062320
 0.000054781458
 0.000040023094
 0.000048624783
 0.000085482227
 0.000125947883
 0.000075166674
 0.000053381515
 0.000066157792
 0.000053715870
 0.000060190065
 0.000037476283
 0.000136892856
 0.000045116326
 0.000085710731
 0.000114094406
 0.000070530761
 0.000060532540
 0.000089335207
 0.000090189796
 0.000154574169
 0.000098391169
 0.000142438589
 0.000057476632
 0.000067067019
 0.000055507991
 0.000158331248
 0.000065475565
 0.000088509088
 0.000119398728
 0.000138489203
 0.000091962340
 0.000112943180
 0.000127719920
 0.000070353150
 0.000049901701
 0.000051949205
 0.000112301549
 0.000088219435
 0.000070636089
 0.000188962274
 0.000250618579
 0.000154358732
 0.000102063309
 0.000056934123
 0.000096831101
 0.000138108017
 0.000098779892
 0.000173861355
 0.000117094037
 0.000203004604
 0.000106604459
 0.000231960705
 0.000164214326
 0.000074135278
 0.000071531113
 0.000124067627
 0.000091413268
 0.000062823431
 0.000169977683
 0.000084044311
 0.000120406059
 0.000079806435
 0.000151003357
 0.000247528488
 0.000065518275
 0.000196856767
 0.000149803184
 0.000141778078
 0.000176866304
 0.000141415047
 0.000049044254
 0.000150104798
 0.000047087733
 0.000047479425
 0.000101702737
 0.000055172574
 0.000064236632
 0.000055350377
 0.000023382844
 0.000153757885
 0.000045790026
 0.000233693109
 0.000048564413
 0.000036242618
 0.000051720284
 0.000039866450
 0.000048029798
 0.000023727477
 0.000053493469
 0.000107118675
 0.000083074898
 0.000048949245
 0.000024996079
 0.000051471289
 0.000037965335
 0.000024588907
 0.000037697001
 0.000015148825
 0.000023064228
 0.000022442542
 0.000009958853
 0.000015883320
 0.000008668632
 0.000006777388
 0.000005062389
 0.000014758870
 0.000036590141
 0.000055593021
 0.000032417868
 0.000036392794
 0.000058069812
 0.000048745152
 0.000043002742
 0.000052083776
 0.000023560487
 0.000062491045
 0.000056740451
 0.000074954032
 0.000072614093
 0.000087947240
 0.000051883652
 0.000073533003
 0.000070445292
 0.000053336708
 0.000058505528
 0.000029105595
 0.000081034017
 0.000066304172
 0.000058770351
 0.000091890070
 0.000061090967
 0.000034409930
 0.000047745779
 0.000025107835
 0.000026907377
 0.000034247362
 0.000037368385
 0.000007030736
 0.000009797387
 0.000018361194
 0.000029903892
 0.000034266858
 0.000026290689
 0.000039017311
 0.000015788909
 0.000019341788
 0.000036397698
 0.000042294518
 0.000043663109
 0.000028568344
 0.000034693526
 0.000051865442
 0.000045414781
 0.000111650400
 0.000107903962
 0.000144516265
 0.000149538156
 0.000038168617
 0.000039923105
 0.000017858055
 0.000021691070
 0.000029617215
 0.000019930333
 0.000012880537
 0.000017840153
 0.000021460760
 0.000096337157
 0.000040460363
 0.000102878685
 0.000114762981
 0.000045213286
 0.000084570335
 0.000045468760
 0.000015030078
 0.000020335915
 0.000011113834
 0.000032795625
 0.000028854049
 0.000054198945
 0.000033426005
 0.000029290097
 0.000029671207
 0.000046884686
 0.000042461347
 0.000054931244
 0.000075846048
 0.000145205118
 0.000141946871
 0.000097964904
 0.000076978989
 0.000071212325
 0.000088008108
 0.000058530662
 0.000109376355
 0.000103110673
 0.000033214987
 0.000070972052
 0.000025572111
 0.000080181063
 0.000070753310
 0.000027160279
 0.000039979299
 0.000034469121
 0.000033887220
 0.000053808923
 0.000103767610
 0.000020516030
 0.000020116656
 0.000041050786
 0.000021809336
 0.000048722814
 0.000015174052
 0.000013594829
 0.000032929526
 0.000018193387
 0.000035158147
 0.000045149739
 0.000047969809
 0.000055238201
 0.000020332224
 0.000025992595
 0.000024225762
 0.000041912182
 0.000038013462
 0.000128528236
 0.000041469535
 0.000013770449
 0.000021088491
 0.000080618966
 0.000051971041
 0.000044017494
 0.000079726030
 0.000065067136
 0.000052371745
 0.000025517952
 0.000084271081
 0.000119662309
 0.000052730568
 0.000060135765
 0.000049714945
 0.000095121669
 0.000191261657
 0.000152680413
 0.000126606440
 0.000102394268
 0.000073219904
 0.000060842503
 0.000103984268
 0.000210473916
 0.000173921802
 0.000122522438
 0.000052409790
 0.000075056688
 0.000057739690
 0.000040031477
 0.000050589361
 0.000032455792
 0.000047426631
 0.000015918212
 0.000011159180
 0.000011900146
 0.000012079255
 0.000013942996
 0.000008887075
 0.000004803806
 0.000012292738
 0.000024476676
 0.000010454766
 0.000011336664
 0.000013241363
 0.000004556791
 0.000004415409
 0.000014605057
 0.000031820714
 0.000010852898
 0.000002727255
 0.000002072123
 0.000003532724
 0.000010762731
 0.000004828443
 0.000001673868
 0.000006460155
 0.000004941922
 0.000005970153
 0.000009984902
 0.000006221864
 0.000005164896
 0.000001643027
 0.000006844136
 0.000006939322
 0.000011809397
 0.000013875877
 0.000007930357
 0.000006875125
 0.000006655651
 0.000006477199
 0.000014753277
 0.000009125724
 0.000007818148
 0.000025721152
 0.000007630407
 0.000014209927
 0.000007247193
 0.000013859016
 0.000009663414
 0.000006331155
 0.000007968170
 0.000007670915
 0.000007994725
 0.000007194565
 0.000014131250
 0.000005635879
 0.000005238470
 0.000004043498
 0.000010812511
 0.000005937009
 0.000010033087
 0.000009175212
 0.000015986100
 0.000021273543
 0.000036531924
 0.000019225643
 0.000020640340
 0.000064192020
 0.000022742475
 0.000010862230
 0.000021702193
 0.000014622544
 0.000023851824
 0.000027119893
 0.000027984762
 0.000044851480
 0.000010969513
 0.000010931428
 0.000005037666
 0.000008010772
 0.000005174915
 0.000006975915
 0.000007999261
 0.000007874960
 0.000004095188
 0.000004450591
 0.000004843866
 0.000007878069
 0.000025145551
 0.000033478042
 0.000025033903
 0.000037727114
 0.000029057726
 0.000039113685
 0.000010913132
 0.000018802536
 0.000047249010
 0.000033170080
 0.000011473822
 0.000012981154
 0.000021310457
 0.000013006055
 0.000016272155
 0.000041397253
 0.000043572991
 0.000028111033
 0.000014154962
 0.000030236437
 0.000036563434
 0.000022410553
 0.000022149943
 0.000028013736
 0.000026782000
 0.000027856378
 0.000021131786
 0.000013082893
 0.000020842213
 0.000018524853
 0.000025329099
 0.000011616257
 0.000009972137
 0.000009540469
 0.000029358035
 0.000019975769
 0.000039706482
 0.000019116233
 0.000050777338
 0.000038619068
 0.000047430535
 0.000064253176
 0.000056441441
 0.000049829713
 0.000030369348
 0.000025972141
 0.000058954245
 0.000059086138
 0.000029191177
 0.000025593363
 0.000063442210
 0.000057094514
 0.000031028225
 0.000039306338
 0.000061114972
 0.000042058557
 0.000015487310
 0.000023382602
 0.000031325062
 0.000025861414
 0.000022519374
 0.000009828167
 0.000014891866
 0.000014841591
 0.000011207266
 0.000039259367
 0.000059772162
 0.000071836517
 0.000016312763
 0.000014426071
 0.000006137375
 0.000008661473
 0.000019017732
 0.000008642231
 0.000007924087
 0.000005753896
 0.000005270338
 0.000004606252
 0.000003501457
 0.000005744031
 0.000010078439
 0.000002888144
 0.000010131179
 0.000004802820
 0.000006462374
 0.000006151852
 0.000005457801
 0.000005971785
 0.000012646390
 0.000008245709
 0.000050666077
 0.000029787595
 0.000025913343
 0.000019361610
 0.000020525328
 0.000007186059
 0.000016560224
 0.000026571858
 0.000018976973
 0.000018915266
 0.000026208628
 0.000040466952
 0.000076199891
 0.000043268893
 0.000017027946
 0.000013974550
 0.000036229372
 0.000030429592
 0.000021822773
 0.000018493016
 0.000032612957
 0.000018800864
 0.000016100809
 0.000017499314
 0.000021082014
 0.000034385196
 0.000020843498
 0.000022441698
 0.000010853160
 0.000054131938
 0.000024358142
 0.000016907437
 0.000043773127
 0.000044133695
 0.000027564012
 0.000036043106
 0.000026043856
 0.000035171491
 0.000016381837
 0.000020818551
 0.000022408509
 0.000036828332
 0.000023509313
 0.000028294235
 0.000016804649
 0.000019083921
 0.000035877798
 0.000021947748
 0.000021333580
 0.000023162767
 0.000016925004
 0.000011001443
 0.000019906358
 0.000029350697
 0.000009431321
 0.000065664629
 0.000036282212
 0.000016610824
 0.000012303082
 0.000024734942
 0.000031849639
 0.000022439592
 0.000049575963
 0.000026655581
 0.000034357141
 0.000028313467
 0.000022244793
 0.000017759795
 0.000011278207
 0.000016136037
 0.000009816505
 0.000008549566
 0.000010022563
 0.000010134700
 0.000010486176
 0.000013390769
 0.000009292149
 0.000009653842
 0.000024812537
 0.000019863996
 0.000017192055
 0.000032835480
 0.000039691140
 0.000028625740
 0.000030972951
 0.000014156987
 0.000012298356
 0.000016795355
 0.000015423813
 0.000007559053
 0.000007142150
 0.000018893151
 0.000011640206
 0.000015380534
 0.000024946807
 0.000022231173
 0.000014635620
 0.000018265418
 0.000036544187
 0.000034269633
 0.000015759985
 0.000035109431
 0.000055904014
 0.000015583968
 0.000025650370
 0.000026830070
 0.000011416166
 0.000012895584
 0.000013951688
 0.000023091599
 0.000018817095
 0.000048924810
 0.000012113464
 0.000007328391
 0.000013632586
 0.000011618016
 0.000026044874
 0.000018251581
 0.000011817127
 0.000023904579
 0.000070532058
 0.000050156385
 0.000053809398
 0.000037085750
 0.000026095410
 0.000030044173
 0.000021252069
 0.000054425987
 0.000018646548
 0.000015138311
 0.000021855250
 0.000036611145
 0.000023741758
 0.000016668400
 0.000009498190
 0.000041336656
 0.000015776384
 0.000012156534
 0.000016043040
 0.000005765786
 0.000016946678
 0.000019571841
